timestamp,mission_phase,rpm,throttle,oil_pressure,oil_temp,cht,egt,manifold_pressure,vibration,fuel_flow,ambient_temp,altitude,fault_type,fault_active,fault_severity,fault_start_time,fault_end_time,residual_rpm,residual_oil_pressure,residual_oil_temp,residual_cht,residual_egt,residual_manifold_pressure,residual_vibration,residual_fuel_flow,health_index,baseline_rul
0,idle,3405.761048,49.1264,62.536216,99.092347,159.91058,557.52759,21.536628,0.234602,7.79407,29.118852,3445.074787,healthy,0,0,0,0,4.553194,0.286418,0.791253,-0.085858,-0.755019,0.014908,0.002194,-0.043651,1.0,200.0
1,idle,3432.548736,49.998756,63.307524,98.97567,161.677042,559.297007,21.557115,0.244877,7.949516,30.686066,3574.512541,healthy,0,0,0,0,0.840052,0.506391,-0.754207,1.355646,-0.753835,-0.18028,0.004953,-0.054288,1.0,199.995
2,idle,3437.250861,49.49955,62.717298,99.753102,159.70027,561.91934,21.551674,0.243746,7.895889,29.247788,3517.786162,healthy,0,0,0,0,-2.617782,1.016754,-0.030274,-0.589871,0.400734,-0.324433,-0.002421,-0.030083,1.0,199.99
3,idle,3423.764002,48.249273,62.442987,98.858926,159.890723,557.989002,21.675119,0.247397,7.887772,30.283004,3448.874294,healthy,0,0,0,0,-3.918227,-0.171339,-0.97808,2.044292,0.05294,-0.074529,0.002962,0.051076,1.0,199.985
4,idle,3397.280676,49.219546,62.298904,98.520657,159.456743,560.760246,21.433137,0.242981,7.979353,29.639333,3313.655291,healthy,0,0,0,0,-3.775772,0.589287,-0.628311,0.407088,-0.875336,-0.037873,0.000922,0.021404,1.0,199.98
5,idle,3415.993492,48.988435,61.947547,98.895514,159.537869,554.822357,21.606993,0.2426,7.950676,29.58759,3548.611859,healthy,0,0,0,0,-0.474961,0.474424,0.249293,1.127194,0.234066,0.040802,-0.003814,-0.075101,1.0,199.975
6,idle,3405.150619,49.680966,62.257035,98.250672,161.630473,564.1968,21.617382,0.23833,7.772488,29.396839,3438.748785,healthy,0,0,0,0,0.536624,0.368536,-0.164033,0.204877,-2.209449,-0.05629,0.004559,-0.058184,1.0,199.97
7,idle,3408.367045,49.962041,62.169181,98.07141,160.239384,560.482868,21.389715,0.234517,7.884466,29.923192,3499.094373,healthy,0,0,0,0,3.420382,-0.089241,-0.043602,0.728991,-2.862792,0.095674,0.001239,0.140973,1.0,199.965
8,idle,3406.70408,50.758768,63.512168,99.435379,160.089346,560.559811,21.200189,0.232536,7.931614,27.706786,3605.100902,healthy,0,0,0,0,1.909271,0.68928,-0.323598,0.154972,-1.000488,0.07988,-0.001969,-0.062045,1.0,199.96
9,idle,3386.912508,50.379482,63.408541,99.130742,159.583929,558.848959,21.714852,0.236132,7.790575,30.154393,3456.745847,healthy,0,0,0,0,1.223494,0.883305,-0.205119,1.01215,-2.214999,-0.073185,0.00866,-0.136628,1.0,199.955
10,idle,3433.998547,52.180017,62.889314,99.058514,161.846963,558.546758,21.270756,0.244529,7.962394,32.551661,3515.10936,healthy,0,0,0,0,-0.570243,0.23331,0.712313,0.979684,-1.12131,0.262303,0.007039,0.134094,1.0,199.95
11,idle,3437.959377,49.861712,61.743022,97.908414,160.152936,556.38064,21.442318,0.250355,7.912204,29.52608,3470.491114,healthy,0,0,0,0,-2.534437,-0.34201,0.206083,1.831313,-0.621938,0.133488,0.002357,0.080211,1.0,199.945
12,idle,3394.760778,50.766372,62.405872,98.988458,161.900174,561.075881,21.280041,0.24191,7.898616,30.085309,3425.086007,healthy,0,0,0,0,-2.464547,-0.315546,1.111456,-1.108454,-1.36713,0.10927,0.000794,-0.041166,1.0,199.94
13,idle,3389.218279,50.297118,62.43327,98.07672,159.583535,558.072691,21.4821,0.238459,7.877022,30.49183,3475.617043,healthy,0,0,0,0,-2.972607,-0.428439,0.084425,-1.439238,-3.791473,0.184378,-0.00507,0.045705,1.0,199.935
14,idle,3398.610938,46.81228,62.408358,98.700138,158.283558,561.715567,21.860701,0.245803,7.8138,29.999467,3470.885852,healthy,0,0,0,0,1.199188,1.076043,0.022789,0.865363,-3.416032,0.038807,-0.007855,-0.035511,1.0,199.93
15,idle,3386.163791,50.763472,62.380763,98.69236,161.09251,553.894994,21.678123,0.236052,7.998898,29.782214,3426.490115,healthy,0,0,0,0,3.043626,0.249658,-0.369824,-0.523376,-0.863053,-0.052201,-0.003043,-0.006968,1.0,199.925
16,idle,3410.387096,49.259548,62.319037,98.887283,159.850276,554.892397,21.52211,0.248436,7.702699,29.109726,3586.541563,healthy,0,0,0,0,-0.956845,0.413415,-0.40171,-0.944185,4.164744,0.124261,-0.006984,0.17257,1.0,199.92
17,idle,3396.683335,49.412964,63.504448,99.16899,161.952958,558.310583,21.390088,0.243434,7.949222,30.441449,3569.502097,healthy,0,0,0,0,-2.792649,-0.592794,-0.109524,0.376832,1.709831,-0.073432,-0.001936,0.067011,1.0,199.915
18,idle,3431.374618,51.107211,63.194235,98.251235,161.545608,561.21113,21.589531,0.248163,7.949098,28.689835,3532.983471,healthy,0,0,0,0,-1.436176,-0.272614,0.481199,0.971091,1.269463,0.0788,0.000796,-0.065677,1.0,199.91
19,idle,3431.040428,49.291978,62.798751,99.15008,159.249679,558.139285,21.365775,0.248663,7.832579,32.735601,3391.362902,healthy,0,0,0,0,-1.303131,0.075839,-0.224131,-0.63849,-0.140022,0.10468,0.000147,0.067275,1.0,199.905
20,idle,3364.072561,49.108834,62.245946,98.892215,158.551703,556.536548,21.776331,0.236263,7.786309,30.327582,3601.459933,healthy,0,0,0,0,2.605593,-0.354065,0.095784,0.565063,1.043091,-0.244236,-0.000382,0.079931,1.0,199.9
21,idle,3416.801077,50.158642,63.432485,98.940703,160.792867,554.90349,21.523909,0.237794,8.13689,30.846346,3559.529684,healthy,0,0,0,0,-0.972191,0.168564,-0.394368,-1.152822,-1.428096,0.058254,0.009305,0.031456,1.0,199.895
22,idle,3423.379107,50.845308,62.538847,98.722889,161.945682,558.547058,21.586275,0.24619,7.855449,29.771786,3392.523678,healthy,0,0,0,0,5.023926,-0.784383,0.663567,-0.648545,-2.587947,0.044146,0.008723,0.086241,1.0,199.89
23,idle,3408.222267,49.654358,62.048337,98.73916,161.405815,558.239993,21.427014,0.233278,7.71478,31.135899,3435.775417,healthy,0,0,0,0,4.193876,-0.155833,-0.466489,1.012895,-1.118878,0.008915,-0.003698,0.10868,1.0,199.885
24,idle,3396.921122,49.09075,62.386839,98.230253,159.808748,560.102946,21.462926,0.245404,7.693178,29.605562,3416.78329,healthy,0,0,0,0,-1.317611,-0.065628,-0.047587,0.151189,0.977616,0.003213,-0.0014,-0.014225,1.0,199.88
25,idle,3405.771718,49.425146,62.731339,98.704905,159.10253,558.255001,21.594182,0.252383,7.772339,31.294448,3313.555734,healthy,0,0,0,0,7.180003,0.059737,-0.118824,-0.043766,-1.294959,0.082409,0.001515,0.060733,1.0,199.875
26,idle,3414.208416,51.719213,62.368379,98.2457,161.97404,559.481072,21.155482,0.240699,7.842042,28.46995,3479.84468,healthy,0,0,0,0,1.776736,-0.349506,0.162053,1.180567,2.421114,-0.175042,-0.005842,-0.000667,1.0,199.87
27,idle,3423.823512,48.891011,62.416279,98.468302,159.172872,560.000761,21.815417,0.248407,8.20131,30.080551,3439.125729,healthy,0,0,0,0,-2.220946,0.169465,-0.48139,-0.202782,-0.832809,0.015988,0.001047,0.028408,1.0,199.865
28,idle,3412.711446,49.429271,62.958604,98.2569,161.828344,555.455482,21.543831,0.239467,8.059948,28.072506,3463.672822,healthy,0,0,0,0,-3.292512,0.202945,0.630736,-0.91745,-2.237594,-0.198663,0.000337,0.00166,1.0,199.86
29,idle,3415.025906,50.099737,62.833068,98.131822,158.887129,559.723277,21.653751,0.254081,7.678695,31.032827,3592.874636,healthy,0,0,0,0,2.269092,-0.500571,-0.119123,0.956879,0.732105,-0.120934,-0.001164,-0.04785,1.0,199.855
30,idle,3390.208349,49.44261,62.34984,97.417005,160.269949,560.122577,21.619583,0.239496,7.886334,30.709928,3368.0668,healthy,0,0,0,0,2.740345,0.338498,-0.676872,0.872282,-0.327349,-0.117828,0.001136,-0.123654,1.0,199.85
31,idle,3426.22526,50.346014,62.22963,98.511585,159.487528,563.975889,21.48125,0.251895,8.198024,29.130704,3513.988375,healthy,0,0,0,0,0.011433,0.360102,-0.194439,-0.65201,1.991295,0.065633,0.002726,-0.11556,1.0,199.845
32,idle,3423.025246,50.604915,64.06361,98.106468,160.647133,560.631787,21.406315,0.241224,8.04869,30.52629,3565.903674,healthy,0,0,0,0,8.330303,-0.395743,0.421519,0.950175,1.244766,0.155819,0.006989,0.067716,1.0,199.84
33,idle,3396.138504,48.986804,62.332699,99.185056,159.82255,563.477931,21.501055,0.242096,7.818437,29.865614,3533.167357,healthy,0,0,0,0,-1.028352,0.251186,-0.286855,1.296994,-0.629195,0.201516,-0.005975,0.043578,1.0,199.835
34,idle,3451.536672,51.562083,62.489522,98.401141,160.501097,560.20543,21.419059,0.248514,7.759229,29.851229,3553.636699,healthy,0,0,0,0,1.095159,0.504768,0.006885,1.729513,-0.58284,-0.132439,-8e-05,-0.010239,1.0,199.83
35,idle,3426.171118,48.658973,62.246144,98.480784,159.580164,557.390064,21.725985,0.237063,8.061766,29.745151,3431.779216,healthy,0,0,0,0,1.791052,0.070242,-0.015449,-0.510799,2.596972,-0.132108,-0.004374,-0.013008,1.0,199.825
36,idle,3404.592649,49.252093,62.395145,98.818911,159.050283,564.834673,21.170821,0.239568,7.609946,30.359932,3546.82354,healthy,0,0,0,0,-0.044491,-0.36317,0.124895,0.030148,-0.684728,0.137265,0.01013,-0.011251,1.0,199.82
37,idle,3419.408104,48.272676,62.728618,98.839546,158.820684,562.071873,21.731884,0.239599,7.799159,29.66866,3476.694175,healthy,0,0,0,0,0.234447,0.481608,0.150362,2.322374,-1.602703,0.035127,-0.008271,-0.016209,1.0,199.815
38,idle,3384.825918,49.357916,62.984246,97.272761,159.368407,558.058102,21.448088,0.252172,7.583462,30.044404,3398.584433,healthy,0,0,0,0,-4.515076,0.874838,-0.558237,-1.441223,0.259879,0.257921,-0.001016,-0.129255,1.0,199.81
39,idle,3383.033737,50.55324,62.345242,98.387562,159.736114,555.972115,21.55612,0.24547,8.050425,30.313589,3657.910587,healthy,0,0,0,0,7.293031,0.059244,-0.292796,0.504834,-0.560378,-0.127657,-0.001478,0.131344,1.0,199.805
40,idle,3399.406737,49.339777,62.008944,98.329314,157.485539,558.581434,21.538452,0.25209,8.020641,29.215261,3594.655335,healthy,0,0,0,0,3.282491,0.238758,0.265769,1.12133,-0.26493,-0.068241,0.010995,-0.044052,1.0,199.8
41,idle,3419.910946,48.121693,62.67084,97.752924,159.905622,557.230192,21.411385,0.259376,7.942081,29.780411,3550.180646,healthy,0,0,0,0,0.330076,-0.460944,-0.637005,-0.285825,-0.905088,-0.046473,-0.004133,-0.034783,1.0,199.795
42,idle,3423.158899,50.155412,62.755337,98.568483,159.620912,563.709213,21.882181,0.241532,8.151004,30.4883,3444.867912,healthy,0,0,0,0,2.561314,0.451739,-0.858367,-2.031314,-0.097178,-0.14748,8e-05,-0.00615,1.0,199.79
43,idle,3422.921945,48.613221,62.270619,98.734075,160.997267,559.993839,21.490161,0.240866,7.718984,29.798466,3497.214852,healthy,0,0,0,0,-5.931477,-0.466042,-0.276814,0.340363,0.308507,0.147694,-0.007254,-0.033185,1.0,199.785
44,idle,3393.352005,50.268694,63.111655,98.547949,161.046754,560.031086,21.532301,0.242488,8.103705,32.269857,3425.753678,healthy,0,0,0,0,4.978559,0.238454,0.834555,-1.19114,-2.125103,-0.028984,0.002478,-0.073574,1.0,199.78
45,idle,3405.114341,51.255667,61.587622,99.860438,162.10339,565.303852,21.724473,0.252196,7.787612,30.848581,3511.250457,healthy,0,0,0,0,2.049404,-0.199933,0.445361,-0.590166,0.777678,0.300718,0.002049,0.099388,1.0,199.775
46,idle,3411.710404,49.346527,62.528645,98.848331,158.465571,559.373652,21.646195,0.241429,7.885046,32.05577,3360.640423,healthy,0,0,0,0,-0.232413,0.060313,0.317946,0.165741,-0.268142,-0.096358,0.000302,0.002014,1.0,199.77
47,idle,3371.143056,48.987829,62.629264,97.708502,161.342297,556.859287,21.39285,0.237554,8.00317,29.528752,3428.882462,healthy,0,0,0,0,-9.361112,-0.202933,0.17696,-0.786483,-0.444181,0.027698,0.002931,0.086348,1.0,199.765
48,idle,3432.421723,51.005663,63.182652,99.927904,158.941413,557.219149,21.2549,0.247171,7.663296,30.26752,3474.032912,healthy,0,0,0,0,1.010838,-0.49186,-0.752166,0.191202,-0.893132,0.003631,0.003646,0.070343,1.0,199.76
49,idle,3424.74,49.374442,62.672609,97.883438,158.589899,556.416779,21.568326,0.248676,8.033819,28.796803,3618.848314,healthy,0,0,0,0,-2.353152,0.495748,0.608113,-1.223701,0.999346,0.258156,0.003607,-0.106783,1.0,199.755
50,idle,3425.674304,48.890273,62.121109,98.146014,161.600176,560.317214,21.451697,0.245855,7.81051,30.811501,3398.576677,healthy,0,0,0,0,1.970867,0.463915,0.343749,0.492159,-1.655058,0.172445,-0.009321,-0.050206,1.0,199.75
51,idle,3413.988588,49.834047,62.952418,98.54902,157.966774,559.432008,21.665428,0.247626,8.06922,30.057451,3471.130517,healthy,0,0,0,0,-3.191024,-0.135193,0.090904,-0.015482,1.697505,-0.140392,-0.004239,0.113435,1.0,199.745
52,idle,3404.063118,51.134051,62.895592,99.587194,158.854839,559.711078,21.602482,0.239149,7.862812,28.332691,3471.415893,healthy,0,0,0,0,4.868149,0.230544,-0.334673,1.477423,0.472919,0.181011,0.003147,0.072198,1.0,199.74
53,idle,3405.330875,49.916698,63.523125,98.313831,159.714574,559.179157,21.63466,0.240604,7.955318,32.095222,3563.41075,healthy,0,0,0,0,-5.071259,-0.676134,0.062379,-0.388335,-2.390862,0.079517,-0.000193,-0.050701,1.0,199.735
54,idle,3407.725031,50.736019,62.80883,99.134387,160.178936,556.903668,21.496658,0.239724,8.04369,29.674036,3597.569723,healthy,0,0,0,0,-1.100709,0.375871,-0.198973,0.624752,-0.103552,0.006201,0.005875,0.070247,1.0,199.73
55,idle,3443.741773,48.363282,62.221421,98.301507,161.225738,559.775606,21.552326,0.238459,7.890917,31.06652,3519.632834,healthy,0,0,0,0,1.026481,0.275428,0.483441,-0.728322,1.802847,-0.159935,0.000867,-0.014136,1.0,199.725
56,idle,3462.169616,48.774443,62.615802,99.696151,160.276964,560.89559,21.350978,0.242375,8.149484,30.812059,3533.280883,healthy,0,0,0,0,7.287279,0.25294,0.503891,-1.186181,1.40549,-0.112171,-0.001891,-0.039731,1.0,199.72
57,idle,3434.46752,49.224954,62.475467,98.683243,162.37797,564.314317,21.416296,0.237735,8.046083,30.45914,3511.803536,healthy,0,0,0,0,-3.366292,1.057716,-0.733191,-0.052989,-2.257557,-0.002141,0.002134,0.012223,1.0,199.715
58,idle,3392.541741,50.501252,62.583388,98.260989,160.987687,559.696041,21.54992,0.247929,7.73766,30.550731,3558.100043,healthy,0,0,0,0,-2.196072,0.224345,0.499486,-0.352255,0.786765,-0.052656,0.006175,-0.157027,1.0,199.71
59,idle,3407.274091,48.172065,62.127358,97.503458,159.317897,559.486402,21.433634,0.251647,8.030348,31.047501,3622.631309,healthy,0,0,0,0,-2.48127,-0.081783,0.327151,0.638874,-0.929412,0.116457,-0.000206,-0.070294,1.0,199.705
60,taxi,3640.6272,66.641596,63.174081,97.970158,172.492349,597.297084,23.265773,0.243463,10.018636,30.597968,3551.111915,healthy,0,0,0,0,-2.70064,-0.793115,0.197374,-1.672273,0.618646,-0.023592,-0.005848,-0.005461,1.0,199.7
61,taxi,3613.804818,66.33918,62.763438,99.014226,171.271162,600.819095,23.654062,0.241556,9.949485,30.296198,3552.831952,healthy,0,0,0,0,3.619221,0.375948,0.471476,0.157915,-1.838222,-0.192195,-0.006452,-0.029023,1.0,199.695
62,taxi,3607.501333,63.343507,62.820496,97.987952,169.163466,596.536241,23.942599,0.243719,9.854888,31.77398,3508.944747,healthy,0,0,0,0,0.185005,0.06543,0.186625,-0.201807,-0.458656,0.29819,-0.000637,0.115251,1.0,199.69
63,taxi,3643.913731,64.240857,63.042168,99.538839,170.378809,598.8018,23.6044,0.256844,9.732846,30.078315,3376.737154,healthy,0,0,0,0,2.003476,0.316941,-0.551386,-0.428696,-3.424785,0.130599,0.00779,-0.067365,1.0,199.685
64,taxi,3610.572555,65.9495,62.877162,98.636827,169.523694,597.690638,23.596722,0.243704,9.893579,31.154352,3419.458312,healthy,0,0,0,0,0.539308,0.05994,-0.334098,0.812957,-0.486796,0.032771,1.7e-05,-0.095836,1.0,199.68
65,taxi,3583.506346,65.458114,63.076048,98.00522,172.383118,597.444075,23.541612,0.236473,9.967739,29.412968,3475.803594,healthy,0,0,0,0,1.4442,0.564329,-0.199375,0.172475,0.308927,-0.145044,0.002076,0.022139,1.0,199.675
66,taxi,3600.986307,64.269168,62.948343,97.99488,170.271663,599.338634,23.700176,0.244835,9.914505,30.185363,3497.625187,healthy,0,0,0,0,3.129735,-0.262874,0.063865,0.957359,-0.78215,0.211158,0.002014,0.034143,1.0,199.67
67,taxi,3632.9107,66.410721,63.333759,98.59629,170.742753,595.863925,23.400938,0.24674,9.727884,28.807984,3468.665245,healthy,0,0,0,0,-5.659505,-0.177034,-0.139465,0.429427,-1.917971,0.015005,0.003667,0.104564,1.0,199.665
68,taxi,3633.75017,65.528868,61.593691,98.19816,170.027903,598.941428,23.411995,0.248535,9.753867,30.618796,3512.304576,healthy,0,0,0,0,-3.733054,0.119049,-0.727637,0.332887,-0.437091,0.146145,0.002861,0.138058,1.0,199.66
69,taxi,3631.103677,63.965884,62.184901,97.87262,173.355986,604.373284,23.452047,0.246215,9.963547,28.483478,3602.500668,healthy,0,0,0,0,-1.433795,0.158322,0.287147,-0.045598,0.207482,0.149325,-0.006186,-0.070094,1.0,199.655
70,taxi,3597.611093,65.412306,62.467197,98.558611,169.889383,599.716683,23.158794,0.244685,9.986232,29.670297,3631.520389,healthy,0,0,0,0,2.494507,-0.204477,0.894197,-0.354128,0.499324,0.136874,-0.007807,0.072456,1.0,199.65
71,taxi,3634.119204,63.807473,62.823775,99.425581,167.672145,601.1885,23.320774,0.240503,10.043279,28.112005,3637.66931,healthy,0,0,0,0,-1.627554,0.262901,0.330655,0.487144,1.499191,0.053765,0.004856,0.051078,1.0,199.645
72,taxi,3592.939196,65.343707,62.265643,99.098209,170.197217,598.547358,23.582328,0.247218,9.889205,29.410883,3509.290227,healthy,0,0,0,0,-0.213182,0.740074,0.209246,0.812601,-2.057753,0.245006,-0.00097,-0.072126,1.0,199.64
73,taxi,3613.259002,64.141737,62.613617,98.557014,170.940794,600.72645,23.438057,0.247923,9.660945,30.231557,3566.839895,healthy,0,0,0,0,1.571442,-0.390838,-0.56015,0.22853,2.497662,0.055776,0.005104,-0.016729,1.0,199.635
74,taxi,3601.499803,64.678314,63.048795,98.197853,167.852477,599.781989,23.529958,0.246971,9.862605,29.188989,3527.085794,healthy,0,0,0,0,0.700381,0.064971,-0.280289,1.025281,0.128773,-0.180947,0.00103,0.066269,1.0,199.63
75,taxi,3607.734178,66.271193,62.877759,97.660048,170.663977,602.318232,23.410747,0.247653,9.904083,31.397038,3413.852337,healthy,0,0,0,0,2.695329,-0.302198,0.027845,-0.145564,0.510775,-0.300393,0.001796,0.061097,1.0,199.625
76,taxi,3600.179605,64.434993,62.910958,98.653174,169.136688,604.347035,23.552229,0.247136,10.00261,29.436539,3498.38881,healthy,0,0,0,0,-5.647581,-0.13424,0.17921,-0.89876,-2.896552,0.090112,-0.000626,0.060722,1.0,199.62
77,taxi,3636.180036,66.216028,63.338244,99.036634,171.436896,602.116292,23.150603,0.252045,10.089153,31.404518,3517.783575,healthy,0,0,0,0,-0.139763,-0.250966,-0.280283,-0.672947,-0.925468,-0.124451,1.3e-05,-0.083228,1.0,199.615
78,taxi,3598.410354,65.603173,62.399332,98.599331,169.975921,593.712465,23.678141,0.241656,9.859796,31.182003,3458.314746,healthy,0,0,0,0,-2.820457,-0.422882,-0.523102,-0.38366,1.295562,-0.079613,0.004236,-0.110025,1.0,199.61
79,taxi,3623.394972,63.486775,62.513832,98.790275,168.974328,594.406925,23.487346,0.240029,9.899727,29.623781,3447.728792,healthy,0,0,0,0,-3.03556,0.656861,0.736896,-1.51641,-0.455649,0.164017,-0.000931,-0.021288,1.0,199.605
80,taxi,3615.549024,64.629881,63.175729,97.953559,169.730138,593.782743,23.057372,0.245021,9.990635,28.915928,3536.161926,healthy,0,0,0,0,0.982754,0.430647,0.358643,-0.502882,0.899788,-0.018755,-4.9e-05,-0.039276,1.0,199.6
81,taxi,3599.726011,63.236546,62.737528,98.626459,169.936381,602.258854,23.2855,0.237257,9.850941,27.953638,3549.702227,healthy,0,0,0,0,-1.10284,0.358902,0.058011,0.265846,1.293262,-0.265572,-0.005944,-0.072343,1.0,199.595
82,taxi,3618.556226,64.944312,62.767646,98.236619,169.408896,599.756268,23.542993,0.2369,10.053024,29.553437,3603.923619,healthy,0,0,0,0,-2.680804,0.113261,0.491913,1.22554,-0.467076,-0.030152,0.003339,0.010603,1.0,199.59
83,taxi,3653.074958,63.620413,62.686353,99.402636,169.508994,602.08955,23.265798,0.248336,10.069696,29.121545,3588.332119,healthy,0,0,0,0,3.569852,-0.15575,0.901449,-0.588192,-0.807706,-0.099428,0.00132,0.00422,1.0,199.585
84,taxi,3584.511967,66.106247,61.797049,98.744618,171.363804,599.478405,23.595272,0.243955,9.944706,29.198393,3521.625001,healthy,0,0,0,0,2.841288,-0.888194,0.87379,-1.132527,0.217743,0.073531,0.002102,-0.010437,1.0,199.58
85,taxi,3610.501677,67.415882,62.625803,97.852925,169.656804,597.693412,23.537991,0.240906,9.892274,30.283114,3436.861627,healthy,0,0,0,0,-5.875259,0.070887,0.479473,-0.197497,-2.602961,-0.030166,0.001093,0.035703,1.0,199.575
86,taxi,3612.687019,64.278786,62.199001,99.642139,171.854766,598.942209,22.959198,0.252035,9.859798,30.987062,3561.809114,healthy,0,0,0,0,-0.791726,0.474374,1.086486,0.732758,0.808936,0.078533,-0.004572,-0.137657,1.0,199.57
87,taxi,3610.6888,64.825363,62.596103,98.770838,168.841025,598.315517,23.561959,0.247433,9.836472,29.957129,3224.333202,healthy,0,0,0,0,5.844557,-0.075262,0.437126,0.278839,1.591685,-0.019227,-0.001059,0.00164,1.0,199.565
88,taxi,3627.225121,64.771068,63.666004,97.332637,169.890001,599.243836,23.58354,0.237527,10.031692,30.917776,3334.446405,healthy,0,0,0,0,-0.566096,0.875632,-0.615802,0.344991,0.27502,0.084228,-0.000869,-0.101067,1.0,199.56
89,taxi,3605.333526,64.214499,62.648607,98.382882,170.97547,597.607358,23.480665,0.244703,10.042029,29.103266,3582.528034,healthy,0,0,0,0,1.331421,0.131038,0.736215,1.181547,3.268625,-0.117244,-0.005168,0.188396,1.0,199.555
90,taxi,3617.597151,62.833446,62.942782,98.888516,169.975827,598.204812,23.28659,0.233096,9.674212,30.364159,3525.980217,healthy,0,0,0,0,1.186151,0.649022,0.208,0.739629,0.064997,0.070592,-0.008633,-0.046828,1.0,199.55
91,taxi,3618.825299,64.796763,61.437128,98.370639,168.889101,597.888573,23.304223,0.247166,9.989354,30.644719,3275.964967,healthy,0,0,0,0,-0.015671,-0.122303,0.452096,0.364052,-1.748132,0.116208,-0.001715,-0.003182,1.0,199.545
92,taxi,3584.526028,62.893468,62.562439,98.717675,169.307117,602.095516,23.338488,0.23933,10.065882,28.893716,3512.03182,healthy,0,0,0,0,1.444242,0.473764,-0.297713,1.223318,0.625135,0.394305,0.000446,-0.093961,1.0,199.54
93,taxi,3589.110784,65.416804,63.272279,98.503787,169.070697,599.34949,23.258134,0.233676,9.736597,28.892138,3512.476513,healthy,0,0,0,0,-5.725811,0.201277,0.446487,0.893791,1.075312,-0.182791,-0.005519,0.065819,1.0,199.535
94,taxi,3600.342464,64.088193,63.409103,98.513038,171.028833,605.47505,23.413903,0.244595,10.071665,28.093254,3630.984968,healthy,0,0,0,0,3.134281,-0.523406,-0.150746,-0.237692,1.481986,-0.030972,-0.002058,-0.073316,1.0,199.53
95,taxi,3611.721667,64.516288,63.138655,98.51636,171.994365,597.443058,23.595597,0.249977,10.065454,30.543489,3582.648813,healthy,0,0,0,0,3.611141,-0.022832,-0.271536,0.892765,0.562674,-0.111881,0.001243,0.005969,1.0,199.525
96,taxi,3607.731207,65.014406,62.939536,99.031688,169.347051,600.520473,23.25399,0.239375,10.060639,30.250507,3518.041565,healthy,0,0,0,0,-0.332666,0.419754,0.31972,0.345303,-0.974169,-0.142923,0.004382,-0.086835,1.0,199.52
97,taxi,3622.26673,64.297065,62.521232,98.162544,169.269305,597.747027,23.18425,0.249776,9.953314,29.574505,3476.518223,healthy,0,0,0,0,1.285688,0.100432,-0.201286,0.798072,-2.826401,-0.363397,0.000841,-0.051355,1.0,199.515
98,taxi,3591.257346,65.509377,63.297475,98.3009,171.991752,598.460852,23.469812,0.247066,10.036177,29.375164,3462.550379,healthy,0,0,0,0,-0.281243,0.663948,0.527413,1.096992,0.831864,0.205307,-0.003793,0.056612,1.0,199.51
99,taxi,3604.177064,63.488981,62.416228,99.134106,170.206149,599.279825,23.444479,0.24194,9.630899,32.078549,3504.250463,healthy,0,0,0,0,-5.939286,-0.357285,-0.145252,0.930126,3.557207,-0.161716,0.002461,0.076149,1.0,199.505
100,taxi,3634.36357,64.073402,62.769658,98.844878,169.058968,599.86014,23.588583,0.242479,10.06435,30.915839,3619.651384,healthy,0,0,0,0,2.12364,-0.214195,0.980914,0.504494,-1.086955,-0.052794,0.002413,-0.120289,1.0,199.5
101,taxi,3594.399866,66.288035,62.75377,98.462217,172.152804,603.706126,23.501047,0.236779,10.064849,32.926063,3441.116374,healthy,0,0,0,0,4.211064,0.10018,-0.314084,-1.854833,-0.76756,-0.040644,-0.002281,0.058782,1.0,199.495
102,taxi,3595.716461,65.604871,62.132931,97.883391,170.537968,600.562755,23.069001,0.23781,9.97666,28.836169,3401.423626,healthy,0,0,0,0,-2.75985,-0.189251,0.591743,-0.171226,0.281708,0.277159,-0.000883,0.04004,1.0,199.49
103,taxi,3621.914596,64.99548,62.473656,98.519868,169.939692,601.67987,23.475355,0.245328,9.865841,32.635944,3588.629526,healthy,0,0,0,0,-0.828749,0.365105,0.594991,0.174826,-0.219777,-0.018067,-0.007453,0.024999,1.0,199.485
104,taxi,3584.082248,65.340427,62.574542,98.198276,170.479969,595.191475,23.125972,0.244786,9.987916,29.81255,3402.743866,healthy,0,0,0,0,-0.861436,-0.574703,-0.477552,0.449337,-0.969574,0.042028,-0.009066,-0.038121,1.0,199.48
105,taxi,3613.92122,64.682205,62.185591,98.963106,170.339469,598.978792,23.612603,0.237171,10.049321,30.010572,3477.268697,healthy,0,0,0,0,-2.336793,-0.172896,1.496361,-0.155329,1.260849,0.005686,0.004717,-0.148909,1.0,199.475
106,taxi,3616.482797,64.944007,63.6539,97.730682,171.999524,602.080802,23.834222,0.25171,10.144692,29.02471,3479.775734,healthy,0,0,0,0,-3.186027,-0.245698,0.54828,0.52867,0.155407,0.051081,0.004954,0.043782,1.0,199.47
107,taxi,3599.030181,64.984305,62.878986,98.903909,170.46365,594.683861,23.765453,0.251173,10.043819,30.998481,3414.939834,healthy,0,0,0,0,-1.938421,-0.23266,0.289898,-0.041626,-3.044531,-0.072351,-0.00082,0.05654,1.0,199.465
108,taxi,3600.257537,67.007579,63.222948,98.0094,171.002047,599.756376,23.350932,0.247221,10.033751,28.978375,3436.196724,healthy,0,0,0,0,-2.783301,-0.172897,0.605183,-0.157307,-1.557352,0.457584,-0.005246,0.082967,1.0,199.46
109,taxi,3616.621122,65.210593,62.424448,99.642226,169.699785,595.620516,23.133442,0.236113,9.997238,30.670477,3361.448981,healthy,0,0,0,0,0.296121,-0.3962,0.427213,-0.410309,0.449618,0.30897,-0.006724,-0.06856,1.0,199.455
110,taxi,3595.256772,65.503107,61.962203,98.615985,169.666149,597.395796,23.127221,0.240126,9.797586,29.199984,3563.445657,healthy,0,0,0,0,-1.988414,0.561101,0.041625,0.058573,-0.081923,-0.0305,-0.001316,-0.036802,1.0,199.45
111,taxi,3652.897433,63.46028,62.102187,99.134103,169.798965,598.201801,23.465867,0.246486,9.805835,30.118216,3286.489066,healthy,0,0,0,0,2.818325,0.852082,0.723225,-1.180274,-0.092875,0.099904,0.008719,0.114307,1.0,199.445
112,taxi,3567.941817,64.607274,62.500695,98.435887,171.12071,595.373607,23.254307,0.236245,9.946633,31.552842,3591.23577,healthy,0,0,0,0,-0.998828,0.172213,-0.493211,0.418304,-1.063732,0.202938,-0.007282,0.084463,1.0,199.44
113,taxi,3623.222864,63.515226,62.112078,98.671996,168.846428,600.398711,23.602548,0.243424,10.157075,31.13407,3661.512566,healthy,0,0,0,0,-0.535399,0.186264,-0.101802,0.323226,-0.695441,-0.08142,0.001556,0.052975,1.0,199.435
114,taxi,3578.490841,67.093184,62.777283,98.380103,172.663861,604.37677,23.475751,0.241472,9.786792,32.342222,3654.094875,healthy,0,0,0,0,2.898835,0.196695,-0.192718,-0.655967,-0.138831,0.193945,0.000483,0.137097,1.0,199.43
115,taxi,3629.10193,63.575047,62.514939,98.214436,172.108387,599.425957,23.490049,0.241982,10.035938,30.07696,3548.102912,healthy,0,0,0,0,3.39003,0.313261,-0.115137,0.780303,-0.23826,-0.094783,0.002545,0.019404,1.0,199.425
116,taxi,3600.111517,63.430215,62.921685,98.231472,168.929649,598.065596,23.684957,0.249572,9.930625,29.361472,3410.247854,healthy,0,0,0,0,1.828889,-0.835328,-0.922375,-1.495834,-0.283635,0.04338,-0.004972,-0.047719,1.0,199.42
117,taxi,3598.994862,66.337045,62.292058,97.927829,171.088299,599.447811,23.727674,0.235675,9.901242,29.444595,3375.645112,healthy,0,0,0,0,-2.349163,0.439656,0.421487,1.31264,-2.588662,-0.133377,0.002473,-0.002333,1.0,199.415
118,taxi,3629.91015,63.011434,63.117008,98.54832,169.836876,601.206672,23.452173,0.240386,9.721549,29.195225,3474.71993,healthy,0,0,0,0,3.645174,0.403407,-0.186385,-0.784139,-1.898248,0.270751,0.003684,0.048328,1.0,199.41
119,taxi,3609.351638,63.932678,62.943475,99.030052,170.364059,595.86901,23.591297,0.239669,9.770541,28.383706,3555.190208,healthy,0,0,0,0,3.706964,0.027406,-0.045458,0.135513,0.864665,0.066051,0.009819,0.062511,1.0,199.405
120,takeoff,4254.323703,93.792408,62.704946,97.454721,199.738655,701.429595,30.502354,0.240736,16.049435,30.723217,3472.09454,healthy,0,0,0,0,1.299094,-0.413527,-0.087442,0.72404,0.241656,0.084115,-0.00083,-0.101787,1.0,199.4
121,takeoff,4209.44643,95.348987,63.554806,98.589924,200.429365,696.692487,30.601789,0.238158,15.892016,28.028425,3458.260358,healthy,0,0,0,0,0.545545,0.140738,0.343834,0.557643,-4.760919,-0.089918,0.006563,-0.058355,1.0,199.395
122,takeoff,4193.092112,93.858768,63.201606,97.974963,199.64573,697.292308,30.596564,0.236005,15.831838,30.254782,3505.586024,healthy,0,0,0,0,2.283793,-0.105984,0.402984,-0.395182,-1.30664,-0.153844,-0.000514,0.018772,1.0,199.39
123,takeoff,4237.893082,95.762943,62.219548,98.516684,200.196032,700.617602,30.588284,0.254501,15.895241,32.000427,3433.025114,healthy,0,0,0,0,3.733031,-0.754894,-0.163359,0.825772,2.17541,0.155429,-0.001607,0.046647,1.0,199.385
124,takeoff,4199.201222,94.408559,62.860514,98.414261,199.605608,703.959981,30.76289,0.237518,16.037907,29.677672,3496.543152,healthy,0,0,0,0,5.131237,-0.377975,0.597127,-0.01835,-0.912379,0.08728,0.003415,-0.094244,1.0,199.38
125,takeoff,4210.144798,93.896889,63.30947,98.346311,198.729036,699.320952,30.488459,0.250163,15.953999,29.256661,3351.685433,healthy,0,0,0,0,-4.822816,-0.060078,-0.592998,1.957999,0.326502,0.081481,0.005785,0.057197,1.0,199.375
126,takeoff,4225.9503,94.732245,62.540893,98.702185,199.665563,700.080789,30.700837,0.243233,15.964822,30.018149,3488.497091,healthy,0,0,0,0,-3.388911,0.339539,0.102419,-0.960696,-2.887728,0.093585,0.003856,-0.097753,1.0,199.37
127,takeoff,4204.608046,94.47203,62.818082,97.594773,199.455637,695.6689,30.638195,0.235318,16.021345,29.841093,3486.102459,healthy,0,0,0,0,0.529178,0.687792,0.523703,0.267929,2.55512,0.132843,-0.003381,-0.021262,1.0,199.365
128,takeoff,4190.536405,96.518662,62.703682,98.893237,200.923545,697.526282,30.536308,0.234387,15.939892,28.838977,3528.607059,healthy,0,0,0,0,-0.433697,-0.257287,0.092633,0.946365,-0.502986,-0.274788,-0.00055,-0.026984,1.0,199.36
129,takeoff,4202.249034,93.029624,62.480974,98.616134,200.519296,698.72475,30.60206,0.24977,15.979523,30.096711,3422.596146,healthy,0,0,0,0,3.793946,0.012436,-0.702757,-1.309739,1.912158,0.131787,0.004539,-0.086368,1.0,199.355
130,takeoff,4169.558368,91.850014,62.299769,98.218971,202.679743,699.023347,30.555101,0.250203,16.057585,30.728839,3410.107643,healthy,0,0,0,0,-3.442936,-0.589614,0.440998,1.605087,1.270183,0.160379,-0.001024,-0.190357,1.0,199.35
131,takeoff,4204.452217,93.992696,62.283084,98.410233,198.626195,701.059146,30.569354,0.241151,16.104129,30.819524,3610.12252,healthy,0,0,0,0,2.497167,0.461252,1.019427,-0.038929,-1.178811,-0.022343,-0.001833,-0.121913,1.0,199.345
132,takeoff,4223.165423,94.06804,62.236605,98.892447,199.962571,697.218999,30.61521,0.235704,15.824636,30.676766,3397.783137,healthy,0,0,0,0,1.766305,0.251004,-0.340163,0.444321,1.369756,0.280229,0.004541,0.098193,1.0,199.34
133,takeoff,4217.202323,93.732184,62.202451,98.527917,200.028657,697.160129,30.785476,0.238148,16.060611,28.492277,3492.486335,healthy,0,0,0,0,0.651495,-0.23793,-0.784176,0.254674,2.267703,0.148205,0.005626,0.090101,1.0,199.335
134,takeoff,4242.237437,93.396459,62.22793,99.389179,201.058645,699.281618,30.819161,0.245605,15.972529,29.124973,3436.211078,healthy,0,0,0,0,4.864142,-0.040929,-0.42921,-0.500703,0.762246,-0.080145,-0.003871,0.15614,1.0,199.33
135,takeoff,4188.468611,94.448016,62.765942,97.823117,199.058722,700.521486,30.338484,0.23262,16.068864,29.798842,3635.557157,healthy,0,0,0,0,-1.110009,-0.247299,0.508687,0.470004,-0.853859,-0.134627,0.0026,-0.015713,1.0,199.325
136,takeoff,4208.185416,92.901254,62.575498,98.476424,200.344709,696.706832,30.707815,0.254148,16.003664,27.851656,3313.145479,healthy,0,0,0,0,0.833962,0.616236,-0.316509,-0.371392,0.84575,0.190567,-0.006035,0.017922,1.0,199.32
137,takeoff,4211.400368,94.768588,62.397677,99.052371,199.211463,696.588658,30.387695,0.241656,16.035268,30.221205,3518.347113,healthy,0,0,0,0,-0.184076,0.340634,0.1975,-0.182597,-0.535493,-0.272285,-0.003446,0.137858,1.0,199.315
138,takeoff,4179.074839,94.871585,63.057451,98.316649,200.147488,697.715468,30.522317,0.248544,15.952813,30.288591,3514.276059,healthy,0,0,0,0,-0.304857,-0.115692,-0.422071,2.107471,-0.246046,-0.002764,-0.000981,0.024734,1.0,199.31
139,takeoff,4221.089303,96.474558,63.338852,99.02163,201.503676,697.809691,30.70745,0.2428,15.704233,28.911701,3544.363647,healthy,0,0,0,0,2.917736,-0.545206,0.285672,-0.589659,0.959896,0.019562,0.004789,-0.064535,1.0,199.305
140,takeoff,4232.622589,93.96855,62.790794,99.200751,201.074339,699.989684,30.389167,0.245964,16.015541,28.486116,3466.788283,healthy,0,0,0,0,2.879545,-0.098851,0.433919,-0.361548,0.949836,-0.145127,0.000499,0.054553,1.0,199.3
141,takeoff,4217.121174,93.149414,62.505545,99.173643,200.415414,698.937154,30.604261,0.256172,16.090682,30.121475,3422.004729,healthy,0,0,0,0,4.519036,-0.369564,1.073277,0.751127,-0.143707,-0.009045,0.008817,-0.011055,1.0,199.295
142,takeoff,4198.388764,93.354531,62.775754,98.321956,201.084291,700.081475,30.685446,0.247859,15.957,32.408852,3502.353852,healthy,0,0,0,0,4.847245,-0.510294,-1.134826,-0.45648,0.281398,0.003988,-0.000344,-0.00441,1.0,199.29
143,takeoff,4205.563135,95.190959,62.673404,99.406495,201.500548,698.39302,30.629355,0.240015,15.79649,30.062359,3437.125876,healthy,0,0,0,0,-2.749636,-0.276016,0.313205,0.318561,-0.957459,0.251896,-0.004547,-0.051477,1.0,199.285
144,takeoff,4228.537589,94.299844,63.380564,98.07965,197.918675,697.636335,30.695374,0.237357,16.168389,29.620004,3634.126967,healthy,0,0,0,0,-2.078018,-0.38848,0.719248,-1.221353,1.455605,-0.265152,-0.000509,0.047647,1.0,199.28
145,takeoff,4219.467372,93.59089,62.762799,98.090581,198.568162,700.542864,30.798086,0.244939,16.135035,29.73927,3223.083434,healthy,0,0,0,0,-5.074338,1.225969,-0.401882,-0.007991,0.568596,-0.203522,-0.002301,0.036579,1.0,199.275
146,takeoff,4204.562507,95.313362,62.591712,99.191941,199.468948,698.946997,30.720058,0.236423,15.96905,31.489982,3466.362388,healthy,0,0,0,0,2.592712,0.360843,0.187111,-1.444857,-0.150321,-0.024299,0.003476,-0.012452,1.0,199.27
147,takeoff,4229.504267,95.429582,62.547993,98.637375,200.764906,698.285444,30.369087,0.247843,15.758509,30.686579,3539.417561,healthy,0,0,0,0,2.729344,-0.712169,-0.165744,-0.023479,-1.884942,0.023969,0.001903,0.112809,1.0,199.265
148,takeoff,4205.2429,94.644518,62.772732,98.742556,201.041645,700.691167,30.564662,0.240005,16.299274,30.757895,3460.979957,healthy,0,0,0,0,-1.410718,-0.209125,0.360709,-0.194978,3.107276,-0.138115,0.001134,-0.015469,1.0,199.26
149,takeoff,4189.364076,94.813493,62.365017,98.637823,200.824394,703.783137,30.84693,0.237499,15.75313,28.983404,3453.052177,healthy,0,0,0,0,-4.283616,-0.231221,-0.854528,-0.33083,1.078596,-0.128579,0.000777,-0.179025,1.0,199.255
150,takeoff,4192.526178,95.357216,62.5129,98.960699,201.288823,698.430435,30.098537,0.236408,15.829143,29.758048,3554.381192,healthy,0,0,0,0,-3.012655,-0.475413,-0.778657,0.219747,-2.156234,-0.104045,0.000726,0.032271,1.0,199.25
151,takeoff,4218.35446,95.27539,62.465503,98.832452,199.645695,699.333521,30.395023,0.241947,15.98822,29.553165,3549.053563,healthy,0,0,0,0,4.698057,-0.689904,-0.473209,1.199038,-0.932112,0.217817,-0.000797,-0.024175,1.0,199.245
152,takeoff,4206.688327,95.275113,63.089265,97.922238,199.881886,699.01536,30.573519,0.247419,16.03384,30.892331,3534.067288,healthy,0,0,0,0,0.160116,-0.418301,0.601157,0.247017,0.148114,-0.190958,-0.000145,-0.030942,1.0,199.24
153,takeoff,4243.174944,94.888475,62.838934,99.084623,199.070422,697.836202,30.351505,0.245504,15.904765,29.504224,3425.836792,healthy,0,0,0,0,3.343184,-0.1056,-0.33963,1.056468,-0.775264,-0.126785,-0.000982,0.008157,1.0,199.235
154,takeoff,4187.473804,93.359204,62.566209,98.414571,200.222901,704.091402,30.544914,0.244849,15.962631,27.9613,3271.51644,healthy,0,0,0,0,0.177671,-0.013251,0.127373,0.403737,0.040055,0.102431,-0.002657,0.041724,1.0,199.23
155,takeoff,4229.540147,94.74428,62.530964,99.540376,198.8889,700.878784,30.483315,0.237498,16.017735,30.898955,3638.38991,healthy,0,0,0,0,-2.111764,-0.043396,0.02298,-1.1652,-0.341529,0.131776,-0.010281,-0.030845,1.0,199.225
156,takeoff,4210.244113,94.676006,62.390252,98.985182,201.671194,701.348722,30.440029,0.24281,15.869676,31.212518,3501.919142,healthy,0,0,0,0,1.270569,-0.06179,0.083587,-1.16812,0.731999,0.002887,0.003291,-0.069883,1.0,199.22
157,takeoff,4197.003211,93.900373,62.873706,99.444467,200.61336,702.187756,30.426185,0.24077,15.820374,29.348437,3443.868425,healthy,0,0,0,0,1.844009,0.231243,-0.35188,0.982702,-0.489481,-0.010989,-0.006265,-0.015904,1.0,199.215
158,takeoff,4203.479542,94.459538,62.356189,98.556291,202.069326,701.017744,30.616274,0.246652,15.772871,28.926551,3502.659215,healthy,0,0,0,0,4.221197,-0.25978,-0.774327,-0.612384,0.806146,0.075958,-0.002057,-0.165144,1.0,199.21
159,takeoff,4188.37068,94.652273,62.08506,98.953334,199.507901,699.023772,30.688638,0.245194,16.127041,32.027322,3574.752899,healthy,0,0,0,0,-2.385508,-0.247591,-0.451641,-1.094636,-1.042492,-0.062783,-0.001131,0.10155,1.0,199.205
160,takeoff,4234.889401,93.925096,62.120848,99.273059,198.992058,697.058368,30.52766,0.250579,15.824066,29.506528,3461.061545,healthy,0,0,0,0,-2.586929,0.667717,0.490328,-0.556716,-0.818081,-0.179992,-0.000666,-0.005973,1.0,199.2
161,takeoff,4196.61643,94.594162,62.513988,98.987807,202.640865,701.08615,30.234402,0.243654,15.707264,31.197804,3407.981165,healthy,0,0,0,0,1.738752,0.006452,0.946505,-0.528054,-2.449015,0.058608,0.001421,0.14963,1.0,199.195
162,takeoff,4203.889374,94.352123,63.15378,98.474561,199.00344,702.991215,30.909344,0.251668,16.068644,30.385452,3605.455006,healthy,0,0,0,0,0.711712,0.080082,-0.105535,0.020284,0.836363,-0.079365,-0.005745,-0.107696,1.0,199.19
163,takeoff,4215.199219,94.031704,61.722169,97.957505,201.508065,695.153444,30.616624,0.241971,15.97249,29.699725,3583.153594,healthy,0,0,0,0,1.767874,-0.981899,-0.334103,-0.383737,-1.246368,0.143907,0.001169,-0.014286,1.0,199.185
164,takeoff,4203.193933,91.325585,62.349862,98.25001,199.371973,699.86953,30.505831,0.236125,16.004645,31.357909,3396.666336,healthy,0,0,0,0,-2.333029,-0.239865,-0.16557,0.920586,2.845708,-0.028718,-0.008723,-0.014642,1.0,199.18
165,takeoff,4213.204268,94.242678,62.826593,99.239657,199.451521,702.26637,30.862438,0.242332,15.955453,28.965183,3392.898676,healthy,0,0,0,0,2.545184,0.060122,-0.007139,-0.647071,0.130028,0.203132,-0.002477,-0.072744,1.0,199.175
166,takeoff,4196.029065,95.208798,62.964469,97.833477,199.859895,696.217208,30.726633,0.248069,15.768131,29.678875,3405.958285,healthy,0,0,0,0,-0.43038,0.286674,0.310933,-0.627864,1.567108,-0.085385,0.008647,0.018449,1.0,199.17
167,takeoff,4208.797516,93.214394,62.582801,99.094832,200.668132,700.824404,30.305577,0.241947,16.066,31.588326,3429.775265,healthy,0,0,0,0,0.565691,0.184274,0.37608,0.314141,-0.543117,0.093156,-0.004746,0.022386,1.0,199.165
168,takeoff,4206.723368,94.587913,61.851163,98.457639,198.785267,695.667658,30.662743,0.244457,15.759473,28.555394,3426.224391,healthy,0,0,0,0,-0.59951,-0.328091,0.374355,-0.418967,1.692619,0.080275,-0.004859,0.054305,1.0,199.16
169,takeoff,4203.553584,94.109254,63.768333,97.94734,200.246198,698.700356,30.3782,0.250369,15.837069,29.532119,3476.469712,healthy,0,0,0,0,1.511084,0.878381,-0.206863,0.717764,-0.545636,-0.042294,-0.005976,0.097505,1.0,199.155
170,takeoff,4191.539451,96.176181,63.177154,99.03444,200.568065,698.903863,30.425117,0.243573,15.974495,29.482368,3421.439456,healthy,0,0,0,0,-2.54092,0.282692,0.072029,-0.979973,0.068215,0.283912,0.002476,-0.072393,1.0,199.15
171,takeoff,4212.998379,95.702145,62.776321,99.039173,198.493304,696.881036,30.580495,0.242967,15.846761,30.299865,3432.384491,healthy,0,0,0,0,-2.92679,-0.512492,0.754662,-0.351568,-0.635111,-0.057667,-0.000893,0.075085,1.0,199.145
172,takeoff,4196.763514,96.118914,63.251251,98.469353,200.268504,691.706076,30.540763,0.243939,15.925889,30.944381,3326.548056,healthy,0,0,0,0,-0.331594,0.628618,-0.325173,0.249271,1.383444,-0.195758,-0.000159,-0.048504,1.0,199.14
173,takeoff,4199.482593,94.773417,62.804946,98.770084,200.714083,702.017677,30.442693,0.246908,16.017152,30.203488,3583.825671,healthy,0,0,0,0,0.540965,0.063525,0.570551,0.223168,2.322053,-0.025437,-0.001236,-0.1013,1.0,199.135
174,takeoff,4222.616508,96.469984,61.735138,98.866215,200.586394,699.614542,30.332053,0.232936,15.606981,29.632635,3409.8317,healthy,0,0,0,0,0.850307,-0.946015,0.528986,0.129042,-0.980448,0.070245,0.00529,-0.10428,1.0,199.13
175,takeoff,4192.841906,96.55613,62.989553,98.293056,200.915475,699.125777,30.682912,0.251702,15.628208,31.229832,3452.667864,healthy,0,0,0,0,0.38404,0.306034,0.129982,-0.721922,-1.520279,-0.013449,-0.003882,-0.088142,1.0,199.125
176,takeoff,4224.632117,93.374619,63.095203,98.772411,201.200964,697.048659,30.65773,0.24812,15.931311,28.653728,3391.330066,healthy,0,0,0,0,2.750649,-0.156069,-0.052558,-0.746873,-2.691605,0.116253,-0.006415,-0.022438,1.0,199.12
177,takeoff,4187.183236,91.617084,62.047752,99.175809,200.154991,700.419547,30.513258,0.242606,16.128464,31.644545,3486.703381,healthy,0,0,0,0,-2.931967,0.521387,-0.15912,-0.228526,0.636939,-0.144645,0.005322,-0.016896,1.0,199.115
178,takeoff,4214.896818,93.745793,63.352178,99.07525,199.217619,696.255337,30.686909,0.247611,15.814408,30.06856,3411.639814,healthy,0,0,0,0,7.560887,-0.42211,0.531231,-0.337285,-0.11325,-0.256927,0.004032,-0.009747,1.0,199.11
179,takeoff,4209.736085,93.22517,63.161671,99.117778,198.72651,698.39269,30.500455,0.248099,16.024161,32.371605,3398.259479,healthy,0,0,0,0,-1.27581,-0.301389,0.092954,0.335884,-0.588311,-0.150095,6.2e-05,-0.095033,1.0,199.105
180,takeoff,4203.77942,95.126574,62.850056,99.019504,200.769613,702.218529,30.570323,0.245042,16.077108,29.8608,3609.892204,healthy,0,0,0,0,2.309428,-0.372187,-0.132821,0.040255,-1.311169,0.229192,-0.001055,-0.048999,1.0,199.1
181,takeoff,4213.409347,94.788397,62.391104,98.648011,200.314884,695.98241,30.620786,0.238934,16.059516,30.593265,3549.542373,healthy,0,0,0,0,-1.260982,0.515679,0.841181,-1.238686,1.324192,-0.039564,-0.005023,0.119984,1.0,199.095
182,takeoff,4216.327689,94.83642,62.335664,99.417403,200.794252,696.860861,30.232718,0.241475,15.912164,31.38887,3600.629497,healthy,0,0,0,0,-0.304381,0.406164,0.362243,0.229255,-0.337735,0.153344,-0.003286,0.029009,1.0,199.09
183,takeoff,4220.468908,95.281034,62.81701,99.193574,201.295668,701.191332,30.460172,0.247982,15.964734,30.880518,3283.313681,healthy,0,0,0,0,-4.750193,0.171744,-0.056518,0.071798,-2.935539,0.122085,0.000861,-0.03664,1.0,199.085
184,takeoff,4234.689976,93.747557,62.747329,97.637431,200.234183,700.830192,30.708331,0.24676,15.947852,32.432253,3582.327213,healthy,0,0,0,0,-3.049744,-0.330253,-0.087028,-0.12066,0.327548,-0.004759,0.001011,0.076997,1.0,199.08
185,takeoff,4169.034628,94.237752,62.28366,97.575435,200.863311,701.67077,30.515487,0.248003,15.562633,30.132092,3441.500847,healthy,0,0,0,0,4.595606,0.042146,-0.267649,0.518003,0.304312,0.009696,-0.009216,-0.051668,1.0,199.075
186,takeoff,4184.184516,94.014919,62.943561,98.422217,199.67762,699.913667,30.59397,0.236608,16.152266,29.473143,3449.066946,healthy,0,0,0,0,3.871173,0.021708,0.124136,0.87801,1.244158,-0.020021,-0.001616,-0.129331,1.0,199.07
187,takeoff,4210.571534,95.286886,62.807178,98.434165,200.84829,701.239068,30.481214,0.24494,15.957448,29.567878,3627.709951,healthy,0,0,0,0,-1.15731,-0.572152,0.465246,-0.342771,0.511148,0.076541,-0.005105,-0.031309,1.0,199.065
188,takeoff,4173.946483,95.753356,62.858452,99.158719,199.869421,698.870318,30.838441,0.241222,16.053329,31.756671,3498.490594,healthy,0,0,0,0,1.991874,0.67271,-0.574131,-0.008348,0.415344,-0.08073,0.003897,0.001411,1.0,199.06
189,takeoff,4215.63958,93.839818,63.110935,98.308762,201.220278,694.55121,30.48895,0.234533,15.957823,28.914082,3559.615012,healthy,0,0,0,0,2.524561,-0.9777,0.319202,0.758032,-1.170975,0.089442,-0.003114,0.145326,1.0,199.055
190,takeoff,4219.078654,94.814983,63.108562,97.998855,200.036649,697.06339,30.225097,0.249637,15.936041,31.055471,3442.33928,healthy,0,0,0,0,0.107283,-0.046617,-0.03208,-0.74391,1.091878,0.134189,-0.000761,0.036671,1.0,199.05
191,takeoff,4189.856818,95.158028,62.202891,98.79386,198.967305,697.686647,30.709274,0.252747,16.103482,28.045497,3600.611102,healthy,0,0,0,0,-0.583053,-0.701003,0.144311,0.201306,0.013971,-0.019849,0.008327,-0.063067,1.0,199.045
192,takeoff,4187.308257,94.643911,62.706764,98.393101,200.936117,700.577481,30.522338,0.239943,15.753076,29.964883,3291.514557,healthy,0,0,0,0,5.714495,0.479491,0.000942,-1.132149,-0.857858,-0.147973,1.6e-05,0.030468,1.0,199.04
193,takeoff,4229.845172,95.361829,62.813319,97.998867,200.352289,699.771863,30.753577,0.23791,16.013273,29.933505,3529.490744,healthy,0,0,0,0,-1.088438,-0.331184,0.496244,0.519754,-0.62235,0.115183,-0.012678,0.058608,1.0,199.035
194,takeoff,4191.007627,95.073472,62.312843,99.225717,199.370391,700.598579,30.497587,0.242362,16.157714,30.667641,3548.449726,healthy,0,0,0,0,-1.152769,0.721813,0.03746,1.738297,-0.248666,-0.043313,0.000632,0.13237,1.0,199.03
195,takeoff,4214.855573,94.127232,61.617738,98.735128,201.32825,702.264845,30.59438,0.24992,15.555987,30.170917,3541.558027,healthy,0,0,0,0,-4.962432,0.044617,0.902745,-0.269302,0.12827,0.090989,0.000994,-0.016122,1.0,199.025
196,takeoff,4203.079325,91.182304,62.91034,98.55056,200.064125,700.258268,30.572587,0.246973,15.888803,29.538537,3479.353007,healthy,0,0,0,0,1.370313,-0.091747,0.234493,-0.078421,0.909514,0.264112,-0.003013,-0.036104,1.0,199.02
197,takeoff,4201.972288,95.566809,62.02502,98.578598,198.855603,696.971521,30.610212,0.243095,15.900026,30.287513,3503.043769,healthy,0,0,0,0,-0.592236,-0.268647,0.732753,-1.18014,0.375551,0.021547,0.009777,0.031476,1.0,199.015
198,takeoff,4208.608134,94.536725,62.055423,98.440105,199.972713,692.322157,30.549383,0.246105,15.90774,30.857419,3544.04846,healthy,0,0,0,0,-1.446504,0.149946,-0.219,-0.623254,0.935609,-0.032369,-0.000275,-0.20197,1.0,199.01
199,takeoff,4194.868275,95.268604,62.736932,98.411336,199.383325,696.396282,30.498514,0.242682,15.841676,29.106719,3479.044536,healthy,0,0,0,0,-2.898422,0.669504,0.732032,-0.957529,2.319962,-0.237054,-0.006016,0.029222,1.0,199.005
200,takeoff,4167.004033,93.080586,62.024973,98.050828,198.436924,699.447749,30.147965,0.241799,16.160966,31.83988,3461.40464,healthy,0,0,0,0,-1.534841,-0.155067,-0.07939,0.589702,-0.077052,-0.100383,-0.004668,-0.076081,1.0,199.0
201,takeoff,4205.364258,94.454255,62.346765,98.306268,202.173989,708.788932,30.450483,0.23663,16.16213,31.118574,3693.712856,healthy,0,0,0,0,-2.287108,-0.422806,-0.146442,-1.45437,1.602816,0.057075,0.003182,-0.058755,1.0,198.995
202,takeoff,4188.74308,94.820035,62.696388,98.776993,199.679352,699.35628,30.515142,0.250097,15.863295,29.688539,3566.991132,healthy,0,0,0,0,0.51025,-0.137005,-0.258784,0.170219,-1.344314,0.152916,0.000464,0.051615,1.0,198.99
203,takeoff,4186.96316,93.139113,62.46176,98.85112,199.680772,702.34648,30.638504,0.239303,15.853618,28.344075,3491.198916,healthy,0,0,0,0,5.844559,0.503357,0.389433,0.272617,-0.852988,0.123076,-0.013834,-0.078265,1.0,198.985
204,takeoff,4206.639339,93.310159,62.514671,98.744686,200.225688,698.303889,30.172912,0.234631,16.108918,30.13276,3442.592975,healthy,0,0,0,0,-2.604543,0.261262,0.03615,-0.226581,-0.700249,-0.091541,-0.00033,0.032243,1.0,198.98
205,takeoff,4183.600281,95.508172,62.999617,98.96534,200.573432,697.708461,30.468876,0.241545,15.829395,29.844206,3445.66734,healthy,0,0,0,0,-4.634907,-0.497055,-0.55334,1.156104,-0.228352,-0.083449,0.00615,0.009062,1.0,198.975
206,takeoff,4195.95233,93.898568,62.876252,98.22258,201.08756,700.368201,30.397706,0.247114,15.978617,30.472545,3465.897506,healthy,0,0,0,0,2.054745,-0.080595,-0.082691,-1.935351,0.372019,0.098956,0.002197,0.050004,1.0,198.97
207,takeoff,4212.053891,95.241412,62.926926,98.808252,199.924354,700.957522,30.492223,0.247961,15.776867,30.061562,3522.71378,healthy,0,0,0,0,1.949576,0.408536,0.226336,-0.82236,1.711387,-0.107698,-0.012066,0.02039,1.0,198.965
208,takeoff,4196.635257,96.994226,62.375627,98.991526,199.065519,693.561645,30.642655,0.244467,16.018035,31.931917,3590.995617,healthy,0,0,0,0,1.130126,-0.524399,-0.394111,0.31161,-1.704272,0.13054,0.004841,0.075396,1.0,198.96
209,takeoff,4211.433522,96.779171,62.576048,99.249987,201.182324,691.511621,30.507834,0.251531,15.766198,29.548075,3453.615397,healthy,0,0,0,0,1.085895,0.196103,-0.377981,-0.515898,-3.483095,-0.03464,-0.000373,-0.009602,1.0,198.955
210,takeoff,4190.45359,94.836145,61.575318,98.107286,199.166592,703.735951,30.879546,0.249452,15.938028,29.651887,3430.647164,healthy,0,0,0,0,2.099097,-0.289869,-0.309333,-0.263608,1.115446,0.065189,-9.1e-05,0.102877,1.0,198.95
211,takeoff,4214.927145,93.06018,62.75511,98.886852,201.06699,694.740838,30.407528,0.246257,15.84515,29.694924,3514.306641,healthy,0,0,0,0,-4.187046,-0.250945,-0.460427,-1.229503,-0.948581,0.180651,-0.00464,-0.136068,1.0,198.945
212,takeoff,4233.868937,95.63156,62.709093,98.486152,200.621247,698.769555,30.511186,0.246213,16.068033,30.595763,3484.04455,healthy,0,0,0,0,-0.890879,0.31926,0.733261,-0.563903,-1.129448,0.041344,-0.00373,-0.005553,1.0,198.94
213,takeoff,4211.336247,95.112943,63.130801,98.327162,200.916307,700.908116,30.5732,0.249093,16.061372,31.817224,3337.032887,healthy,0,0,0,0,-0.012276,0.281072,0.04122,-1.952798,-0.988171,-0.020324,-0.002918,-0.033221,1.0,198.935
214,takeoff,4193.610273,91.9981,62.165533,98.449447,201.570324,700.518702,30.541176,0.232972,15.905252,30.581808,3531.688127,healthy,0,0,0,0,2.791607,0.122609,-0.353682,0.259241,0.513528,-0.051294,0.002702,-0.115727,1.0,198.93
215,takeoff,4230.886397,94.263025,62.819979,98.048774,202.991829,700.751034,30.618091,0.247086,15.513726,31.230655,3414.616435,healthy,0,0,0,0,2.960394,0.431394,-1.255885,-0.521668,-0.062713,-0.011634,-0.000878,-0.074638,1.0,198.925
216,takeoff,4172.03478,94.745875,61.769712,99.16734,200.571865,699.65182,30.709368,0.241773,15.87396,30.170505,3471.617274,healthy,0,0,0,0,-3.375449,0.159002,0.31449,0.524309,2.911291,-0.152415,-0.004254,-0.071437,1.0,198.92
217,takeoff,4216.567937,93.586233,63.101521,98.136473,199.080052,696.628478,30.480705,0.238704,15.7917,29.236555,3587.834933,healthy,0,0,0,0,-0.132137,0.511847,-0.660038,0.990355,0.664422,-0.329434,0.003437,-0.029113,1.0,198.915
218,takeoff,4157.679651,96.568446,62.540628,98.383555,201.856602,694.867231,30.339049,0.244669,15.972107,30.066516,3486.707167,healthy,0,0,0,0,1.947647,0.059574,0.328611,-0.275122,2.93105,-0.031734,0.002934,-0.023503,1.0,198.91
219,takeoff,4198.930166,96.418471,62.47703,97.692609,201.724917,698.750603,31.044849,0.247701,15.757966,29.573109,3422.918592,healthy,0,0,0,0,0.83614,-0.279473,0.508754,0.95002,-0.151162,0.121311,-0.00275,-0.026032,1.0,198.905
220,takeoff,4210.050746,93.939476,63.400571,98.766748,199.629406,700.173089,30.75119,0.246743,15.876512,29.803667,3423.455026,healthy,0,0,0,0,4.141799,0.319215,-1.124196,0.474123,2.509053,-0.168571,-0.001836,0.003396,1.0,198.9
221,takeoff,4202.749076,94.446632,62.635941,98.141564,200.083001,695.059815,30.762229,0.240993,15.774359,30.902361,3487.131967,healthy,0,0,0,0,-2.483168,-0.591952,-0.170936,-0.368109,0.778675,-0.009727,-0.000372,-0.011824,1.0,198.895
222,takeoff,4187.286174,92.827225,62.848476,98.997336,199.656502,698.505547,30.518668,0.248867,15.872558,29.666002,3484.059555,healthy,0,0,0,0,-1.569737,0.645176,-0.146256,-0.046082,2.383423,0.043934,-0.008827,-0.04562,1.0,198.89
223,takeoff,4228.946284,93.913232,63.228056,98.514917,201.232929,697.306725,30.719144,0.240749,15.978573,31.705461,3392.940996,healthy,0,0,0,0,2.053441,0.209595,0.630198,0.296787,-0.615488,0.149347,-0.006541,0.08171,1.0,198.885
224,takeoff,4189.588981,95.77462,62.441035,98.771552,200.029434,695.626896,30.93894,0.240252,15.891936,29.935563,3565.571921,healthy,0,0,0,0,-3.028665,-0.161568,-0.252707,0.666,-0.545363,0.013984,0.008605,-0.001479,1.0,198.88
225,takeoff,4202.535206,95.754389,63.196677,97.960119,199.661721,699.22414,30.329754,0.249382,16.029614,30.243506,3417.53531,healthy,0,0,0,0,-2.898265,0.220241,-0.071475,-0.802767,-1.146366,-0.284853,-0.001897,-0.123223,1.0,198.875
226,takeoff,4186.345353,93.461052,62.67972,98.695502,198.074524,701.847198,30.622254,0.234369,15.926044,29.422185,3542.466687,healthy,0,0,0,0,1.353467,-0.23312,-1.229802,-0.425274,-1.588654,0.226681,-0.003553,-0.050342,1.0,198.87
227,takeoff,4215.863212,95.514703,62.70892,97.515372,201.51826,697.050375,30.957244,0.239654,15.907883,32.516236,3549.166935,healthy,0,0,0,0,2.150467,-0.14493,-0.965231,0.401013,-1.735468,-0.1185,-0.008127,0.094901,1.0,198.865
228,takeoff,4211.902005,95.295234,62.695637,99.097396,202.440674,699.16329,30.461941,0.243169,15.731266,29.88261,3579.674388,healthy,0,0,0,0,3.327051,-0.045119,-0.58959,0.241411,0.35779,-0.028938,0.003637,0.080214,1.0,198.86
229,takeoff,4220.507798,93.010535,62.141759,98.158074,200.837926,698.297503,30.907591,0.253867,15.966439,30.084122,3559.764485,healthy,0,0,0,0,4.519216,0.046463,0.120876,-0.268834,2.494593,-0.008788,-0.001806,0.015892,1.0,198.855
230,takeoff,4236.651688,94.978555,62.630374,97.359502,200.733105,691.825252,30.721108,0.246724,15.873676,29.609084,3484.506604,healthy,0,0,0,0,2.033102,-0.058079,-0.322581,1.103053,0.852382,0.002875,-0.000495,-0.091343,1.0,198.85
231,takeoff,4250.607848,96.827547,62.657363,99.006111,200.001885,699.53604,30.566814,0.235023,15.841495,32.570871,3447.32113,healthy,0,0,0,0,-0.845409,0.139924,0.055528,-0.939036,0.35372,0.010034,0.010354,-0.075484,1.0,198.845
232,takeoff,4207.241081,96.671271,62.287451,97.924616,202.608283,696.288591,30.412559,0.237963,15.849136,30.418331,3491.039521,healthy,0,0,0,0,-1.635502,-0.567531,-0.264204,0.887462,0.722674,-0.206337,-0.004095,0.012662,1.0,198.84
233,takeoff,4177.861444,94.111259,64.125431,97.801542,199.636481,695.763775,30.996735,0.239585,15.880627,28.792024,3526.400665,healthy,0,0,0,0,-3.810684,-0.362055,0.297421,-0.000918,-1.988323,0.113688,0.001894,-0.045461,1.0,198.835
234,takeoff,4210.590231,93.519738,62.244145,97.9616,198.71408,703.578716,30.409791,0.234704,16.000034,32.205642,3485.845559,healthy,0,0,0,0,3.390278,-0.499827,-0.778379,-0.774158,-0.897981,0.041113,-0.004776,0.067626,1.0,198.83
235,takeoff,4222.523001,95.328899,63.065306,98.366207,200.741869,702.43323,30.492825,0.236925,15.836249,29.271909,3475.425334,healthy,0,0,0,0,-0.791599,0.918893,0.32848,0.597595,-0.046515,0.172982,0.002254,-0.003598,1.0,198.825
236,takeoff,4193.914857,95.950147,62.964514,98.776551,201.446329,698.050948,30.421646,0.25077,16.057194,31.666966,3363.489998,healthy,0,0,0,0,5.268071,0.328385,0.044056,-1.531591,-2.881179,-0.244323,0.00051,-0.006155,1.0,198.82
237,takeoff,4169.028324,93.826685,62.448624,98.232635,201.481391,696.384032,30.423103,0.239143,15.862941,28.679758,3612.534816,healthy,0,0,0,0,4.33739,0.115866,-0.178824,-2.047381,-2.657603,-0.028113,0.003468,-0.140159,1.0,198.815
238,takeoff,4214.004405,95.718983,62.595128,98.035117,199.562919,702.485736,30.608865,0.238856,15.999358,31.256319,3497.934356,healthy,0,0,0,0,1.150911,0.013086,-0.862612,-0.123174,-0.055113,0.237684,-0.007332,0.025521,1.0,198.81
239,takeoff,4193.645311,96.085029,62.427565,98.215897,199.657722,700.677051,30.493963,0.232816,16.068248,32.547958,3525.449907,healthy,0,0,0,0,-3.984876,0.376475,0.48772,-1.128127,-0.792473,0.008114,-0.004252,0.103556,1.0,198.805
240,cruise,3844.554927,72.664159,62.808574,98.565475,178.147193,636.782026,26.537928,0.247853,11.940449,28.785515,3321.097955,healthy,0,0,0,0,4.615583,-0.134673,-0.096375,0.208799,1.076453,-0.086565,1e-05,0.004244,1.0,198.8
241,cruise,3806.434426,73.482097,62.76693,99.04061,179.645026,634.879584,26.846635,0.236458,12.15895,30.858724,3645.502107,healthy,0,0,0,0,5.412886,0.058681,0.530526,-0.298399,2.556396,0.237066,0.000795,-0.064,1.0,198.795
242,cruise,3795.472927,75.586312,62.401208,99.265231,181.020237,637.400803,26.390264,0.23828,11.782263,31.103813,3457.148516,healthy,0,0,0,0,3.36231,-0.038535,0.128647,0.062091,0.614693,-0.144502,0.006342,-0.06114,1.0,198.79
243,cruise,3782.991416,76.695568,63.393032,98.361618,179.349828,642.145398,26.371653,0.246539,11.942443,30.519023,3502.91114,healthy,0,0,0,0,-1.167817,0.872444,0.122464,-0.257566,0.318272,-0.019621,0.003248,-0.041206,1.0,198.785
244,cruise,3773.386659,75.668047,62.862888,98.492486,180.31382,646.571215,26.537379,0.248501,11.921791,28.809867,3446.429548,healthy,0,0,0,0,4.20938,-0.21381,0.274693,0.207133,1.097818,-0.087866,-0.006112,-0.089078,1.0,198.78
245,cruise,3824.10335,75.146339,62.516669,97.591167,179.467449,638.722659,26.709126,0.244872,11.80191,30.232323,3338.435423,healthy,0,0,0,0,-3.125979,-0.603186,0.43712,-0.646817,-0.100313,0.168239,0.002393,0.009438,1.0,198.775
246,cruise,3817.200245,75.292885,63.00718,98.412003,182.427986,642.125309,26.481072,0.240415,11.931694,28.475565,3542.329217,healthy,0,0,0,0,0.145371,-0.177673,-0.659683,0.05782,-3.040334,0.109352,-0.000719,0.052506,1.0,198.77
247,cruise,3797.927752,76.41577,62.243136,98.279575,180.731834,635.377659,26.530783,0.245757,11.97465,29.345133,3472.762599,healthy,0,0,0,0,-1.819591,0.349647,0.192906,1.325518,1.490473,0.261014,-0.002771,-0.052166,1.0,198.765
248,cruise,3821.547451,75.198894,62.360061,99.191096,181.237466,640.354082,26.691157,0.241623,11.953573,31.57576,3557.446613,healthy,0,0,0,0,-2.340537,-0.673175,0.221973,-1.024816,0.324444,0.206458,0.008184,0.053054,1.0,198.76
249,cruise,3762.735262,74.726652,62.294429,97.78653,181.741415,634.935379,26.413727,0.242941,12.03114,30.540302,3563.503211,healthy,0,0,0,0,-1.289347,-0.110219,-0.66908,-0.713368,0.029876,-0.076224,-0.005726,0.021779,1.0,198.755
250,cruise,3809.555235,74.112762,63.230356,97.892522,178.85594,638.950527,26.313059,0.252203,11.994253,29.404536,3636.391059,healthy,0,0,0,0,7.464221,0.031611,0.926785,-0.032681,1.943141,-0.287992,-0.00188,-0.015727,1.0,198.75
251,cruise,3805.170309,76.085174,61.73844,97.956571,182.649426,636.411438,26.447491,0.242144,12.035994,30.441068,3439.181453,healthy,0,0,0,0,-4.182331,0.447367,0.275004,0.085717,-0.334059,-0.045052,-0.009262,-0.129668,1.0,198.745
252,cruise,3787.580551,75.15338,62.154957,99.089004,179.871062,637.733665,26.570598,0.247461,12.079861,29.4572,3324.885757,healthy,0,0,0,0,2.504366,-0.185885,0.414059,0.580968,-1.069635,-0.013256,0.004268,-0.159728,1.0,198.74
253,cruise,3792.225175,74.94256,62.886938,98.938137,180.866054,646.919016,26.665251,0.246933,11.770631,30.697693,3510.0215,healthy,0,0,0,0,2.99718,-0.65472,-0.088279,0.922732,-3.240185,-0.123114,-0.005962,0.066206,1.0,198.735
254,cruise,3817.820625,73.327226,63.258743,98.562159,180.591564,639.345735,26.615723,0.248182,11.973213,28.860733,3567.196847,healthy,0,0,0,0,1.498753,0.073045,-1.060452,-1.237521,1.708103,0.171341,-0.005318,0.03866,1.0,198.73
255,cruise,3814.795761,75.445788,62.752767,99.238404,180.905141,638.092425,26.486605,0.250621,11.797234,30.701834,3626.615927,healthy,0,0,0,0,1.253819,-0.414997,-0.005254,1.051937,2.393149,0.079191,-0.001436,-0.027583,1.0,198.725
256,cruise,3807.347952,74.102053,62.763696,98.366163,178.853681,639.699976,26.278485,0.245924,12.074624,31.337801,3507.658316,healthy,0,0,0,0,1.528456,-0.094287,0.552689,0.416232,1.624621,-0.043658,-0.003227,0.003543,1.0,198.72
257,cruise,3811.952296,74.767433,62.095962,98.439539,180.92666,638.243666,26.693884,0.239783,11.959854,29.625351,3524.679768,healthy,0,0,0,0,0.655422,0.567843,-0.823,1.710316,0.880207,0.246043,-0.007001,0.082674,1.0,198.715
258,cruise,3836.874517,74.379771,62.65052,98.667741,179.920322,638.812977,26.91094,0.245101,12.087543,28.920856,3561.972821,healthy,0,0,0,0,1.385258,-0.580453,-0.032819,-1.434278,2.142889,0.041692,0.005534,-0.086997,1.0,198.71
259,cruise,3810.077611,73.917616,62.749992,98.487525,180.762099,640.893858,26.654557,0.237761,12.031917,29.085317,3484.209713,healthy,0,0,0,0,-0.874923,0.067814,-0.204707,0.033533,-1.055234,0.106844,0.00494,0.081813,1.0,198.705
260,cruise,3810.059873,76.988657,62.998256,98.661663,180.682855,639.393564,26.381176,0.24954,11.768011,30.651323,3594.212334,healthy,0,0,0,0,-1.260422,-0.307955,-0.702122,-0.059072,-0.082235,0.084338,0.006391,0.06491,1.0,198.7
261,cruise,3775.34695,74.591768,62.651076,97.414373,180.422166,646.423916,26.614995,0.242595,11.660524,29.328765,3404.030682,healthy,0,0,0,0,3.205423,0.020714,0.129288,0.417258,-0.7266,-0.196825,0.007768,-0.140211,1.0,198.695
262,cruise,3801.472821,74.753643,62.728018,99.019253,178.930979,639.496942,26.329245,0.229234,11.856252,29.82665,3506.710857,healthy,0,0,0,0,-3.02292,-0.06655,-0.710062,-0.234475,-3.055814,-0.238344,0.000712,-0.039047,1.0,198.69
263,cruise,3762.021836,71.816386,62.050961,98.818241,181.940541,636.813496,26.545045,0.246319,11.834977,30.552905,3462.177339,healthy,0,0,0,0,6.128467,0.727301,-0.225268,0.661138,1.132024,-0.12575,-2.1e-05,0.096627,1.0,198.685
264,cruise,3795.659897,73.728683,63.552903,98.943776,179.87442,644.581902,26.548941,0.246812,11.904051,31.101062,3581.548218,healthy,0,0,0,0,0.50306,-0.031756,-0.58822,1.021908,2.73852,0.036507,-0.001583,0.017638,1.0,198.68
265,cruise,3802.036306,73.914733,62.599643,97.869075,180.524042,641.802378,26.597672,0.228415,11.775992,31.941121,3587.249856,healthy,0,0,0,0,-2.565349,-0.94426,-0.280917,-1.122986,1.021545,-0.031082,0.005642,-0.061115,1.0,198.675
266,cruise,3795.014625,75.161854,62.235739,98.833627,179.997079,642.747602,26.441965,0.25836,12.033926,29.415104,3536.464865,healthy,0,0,0,0,-3.57134,-1.204603,0.265382,-2.356264,0.156248,-0.304448,-0.002077,0.113522,1.0,198.67
267,cruise,3815.458054,74.402992,62.758959,98.012352,182.288869,638.228836,26.602731,0.240591,12.009669,29.446581,3430.048275,healthy,0,0,0,0,-4.904322,-0.380565,-0.454535,0.55062,1.151014,0.045811,0.003798,-0.013129,1.0,198.665
268,cruise,3806.629197,73.196736,62.475389,98.465661,180.357814,637.617122,26.497602,0.234837,12.066162,32.392788,3623.515744,healthy,0,0,0,0,0.383591,-0.341257,0.085803,0.853292,0.64497,0.017171,-0.008126,0.062163,1.0,198.66
269,cruise,3805.243236,75.773306,62.044209,99.302049,178.951874,644.006426,26.544332,0.237089,11.859479,28.609626,3456.738275,healthy,0,0,0,0,0.690812,0.362942,-0.273679,0.952722,-0.060766,0.125033,-0.000802,0.068354,1.0,198.655
270,cruise,3828.391047,74.399648,61.627776,98.252688,181.198393,639.450065,26.759501,0.231916,11.809449,29.103521,3521.577515,healthy,0,0,0,0,-0.469106,0.09838,-0.153373,-0.920313,-0.439757,0.039274,-0.004118,-0.006148,1.0,198.65
271,cruise,3837.910523,73.651245,63.070782,98.776316,181.65135,639.873663,26.310245,0.246446,11.774512,30.099451,3494.07531,healthy,0,0,0,0,3.396626,-0.375869,0.704974,-1.164869,-2.14568,0.091904,-0.000463,-0.048483,1.0,198.645
272,cruise,3812.938713,74.446977,62.51922,98.419887,180.633225,634.945796,26.461619,0.243832,11.696511,29.485337,3433.310961,healthy,0,0,0,0,0.47397,0.341798,1.155553,-0.058,1.756954,-0.244409,3e-06,0.000451,1.0,198.64
273,cruise,3823.771992,76.512278,61.680682,98.053095,181.008899,639.339769,26.406705,0.249202,11.84852,31.002292,3556.696021,healthy,0,0,0,0,-3.093614,0.151741,-0.106065,1.617171,0.191898,0.020792,0.000829,0.034455,1.0,198.635
274,cruise,3774.792904,75.085297,62.051412,99.231417,179.907254,641.822294,26.430782,0.249014,12.015691,29.660734,3504.993192,healthy,0,0,0,0,2.661948,0.259939,-0.499174,-0.499467,1.985154,-0.008547,0.001958,-0.052454,1.0,198.63
275,cruise,3810.890079,75.331409,62.880772,98.139521,180.509165,640.436354,26.296079,0.242262,11.846544,28.774876,3369.853903,healthy,0,0,0,0,0.401422,-0.129644,0.527703,0.822647,0.153222,-0.080081,-0.004541,-0.100403,1.0,198.625
276,cruise,3807.066771,74.74767,62.234112,98.721592,179.045794,641.018384,26.394579,0.257572,12.093469,30.169939,3330.700343,healthy,0,0,0,0,-4.059777,-0.111765,0.440119,0.361901,0.055785,-0.038029,-0.00188,-0.029276,1.0,198.62
277,cruise,3812.473502,73.732073,62.754506,99.530077,180.328572,640.652315,26.706348,0.248124,12.004543,31.882847,3552.812811,healthy,0,0,0,0,-1.886361,0.154227,-0.004816,-0.150825,-1.399024,0.050464,-0.001405,0.022881,1.0,198.615
278,cruise,3817.807749,75.783289,62.041576,98.073639,179.182739,635.546602,26.35153,0.244876,12.174602,30.893539,3529.254721,healthy,0,0,0,0,1.176942,-0.017033,0.025221,0.16858,-0.562591,-0.058884,-0.007444,-0.008054,1.0,198.61
279,cruise,3812.877325,73.874499,62.711609,98.54075,180.669086,641.208083,26.360779,0.24206,11.964266,30.45466,3532.200752,healthy,0,0,0,0,-3.509644,0.127061,0.82748,0.124941,-2.774883,0.114805,-0.001222,0.097517,1.0,198.605
280,cruise,3824.544715,74.98472,62.76898,98.500401,181.104888,635.929257,26.652123,0.24419,11.777744,28.701271,3533.017523,healthy,0,0,0,0,1.710568,0.254761,-0.062278,-1.072763,0.777979,-0.029656,-0.008156,0.121862,1.0,198.6
281,cruise,3794.942548,75.776092,62.094417,98.691589,180.339869,638.283805,26.376671,0.244885,12.128671,28.67715,3432.004605,healthy,0,0,0,0,0.500875,-0.417751,-0.436657,-0.585545,1.523367,0.096097,0.000101,-0.007724,1.0,198.595
282,cruise,3832.130217,73.211958,62.524859,98.413691,180.660074,637.333918,26.581102,0.253506,11.847532,30.841167,3412.783874,healthy,0,0,0,0,0.6987,-0.114688,0.544132,0.63978,0.321911,0.103791,-0.007455,0.015663,1.0,198.59
283,cruise,3805.829028,74.929008,62.401165,98.323282,180.967026,637.152634,26.264847,0.238031,11.84081,31.45705,3530.824345,healthy,0,0,0,0,-2.386559,-0.45876,0.675738,-0.998199,0.302905,0.009331,-0.003499,0.074335,1.0,198.585
284,cruise,3795.787338,74.164854,61.866638,99.177197,179.877503,635.401291,26.261335,0.233691,11.91736,30.607231,3377.898424,healthy,0,0,0,0,2.149124,-0.239058,-0.480043,-1.098737,2.373127,-0.247477,-0.005264,-0.061528,1.0,198.58
285,cruise,3796.845914,75.687338,62.010525,98.815802,177.590503,640.23808,26.066591,0.237577,12.099035,29.933625,3403.223173,healthy,0,0,0,0,-2.975727,-0.205847,0.257745,-0.69805,-2.154891,-0.082859,0.00026,0.121466,1.0,198.575
286,cruise,3778.569702,74.727716,62.781171,98.31923,180.86969,635.157413,26.853167,0.237281,11.943904,29.566863,3525.354511,healthy,0,0,0,0,-0.161729,-0.374675,0.171287,-0.79619,-3.023655,-0.114969,-0.000753,-0.02685,1.0,198.57
287,cruise,3827.504406,74.806,62.72341,98.461464,179.555533,645.690661,26.767169,0.247639,11.801291,31.084555,3514.081814,healthy,0,0,0,0,0.560844,0.161307,0.266665,-0.465953,-0.378233,0.032178,-0.005101,0.142833,1.0,198.565
288,cruise,3789.240346,74.11837,63.019981,98.70786,180.684672,641.703757,26.640031,0.237023,11.970808,30.219127,3383.353673,healthy,0,0,0,0,2.296527,0.350848,0.271797,-0.112682,0.349573,-0.131801,0.003981,0.022595,1.0,198.56
289,cruise,3819.325584,75.544727,62.342132,99.089018,179.250138,641.869649,26.658959,0.247141,11.765333,29.410407,3455.554222,healthy,0,0,0,0,-0.329352,0.566133,-0.06492,-0.023108,-0.611867,0.039513,-0.006303,-0.026226,1.0,198.555
290,cruise,3806.031185,72.804005,62.202971,98.419579,180.758409,638.28885,26.456494,0.239859,11.927749,31.228569,3514.811802,healthy,0,0,0,0,-0.198931,-0.483736,-0.753743,-1.189645,0.673872,-0.058804,-0.009979,0.102833,1.0,198.55
291,cruise,3826.654492,75.144329,62.668299,98.299742,180.064773,639.802088,26.805961,0.24415,11.812845,29.178767,3523.111477,healthy,0,0,0,0,1.749715,0.100081,0.401559,-0.602929,0.454492,0.048259,0.007078,-0.034672,1.0,198.545
292,cruise,3813.653843,74.479726,63.136264,97.93036,179.956333,641.271528,26.659393,0.238519,12.052299,31.432816,3396.486824,healthy,0,0,0,0,-4.008741,-0.315294,-0.797919,1.112093,0.262276,0.024281,-0.004657,0.117448,1.0,198.54
293,cruise,3850.04517,75.572259,62.479694,98.691082,178.665011,640.614025,26.44818,0.250131,11.798624,29.980233,3473.813435,healthy,0,0,0,0,3.854554,0.2974,-0.108211,-2.125605,1.948621,0.057263,0.003313,0.001272,1.0,198.535
294,cruise,3827.984995,74.013474,63.387876,98.142225,181.820581,639.102026,26.380811,0.240612,11.681664,30.059976,3469.518261,healthy,0,0,0,0,2.510212,0.624085,0.385105,-0.963342,-1.311147,0.052296,-0.007681,0.045942,1.0,198.53
295,cruise,3794.850091,74.937392,62.443913,97.733036,179.321033,641.626988,26.415233,0.246304,11.734624,30.38458,3605.259025,healthy,0,0,0,0,1.544949,-0.488751,0.159189,0.639673,0.169731,0.119843,-0.002355,0.052623,1.0,198.525
296,cruise,3806.869598,73.6459,62.963407,97.979281,181.272079,640.328064,26.258617,0.243117,11.901073,30.040649,3523.33862,healthy,0,0,0,0,2.137602,0.062091,0.136672,0.335533,1.148872,-0.053724,0.004454,-0.028486,1.0,198.52
297,cruise,3812.855744,74.031467,62.488641,98.863195,181.829167,635.502186,26.486523,0.253649,11.755917,31.763039,3550.078605,healthy,0,0,0,0,2.005523,0.286747,0.73396,1.274132,1.075746,0.095897,-0.002518,-0.025049,1.0,198.515
298,cruise,3806.799925,73.987994,62.47656,99.236316,180.558525,639.682275,26.540974,0.248418,11.730715,31.023303,3421.406239,healthy,0,0,0,0,-0.643543,-0.320503,-0.107223,-0.294961,1.118378,0.273714,-0.00098,0.056396,1.0,198.51
299,cruise,3810.867418,73.810203,62.610322,99.585054,181.035946,637.952648,26.353914,0.246992,12.129476,29.339341,3690.489436,healthy,0,0,0,0,3.41356,-0.345591,-0.082409,-0.123446,-0.196101,-0.168368,0.006571,0.004769,1.0,198.505
300,cruise,3788.038728,74.054432,62.490354,97.986986,180.731163,637.824911,26.734956,0.24445,12.072659,28.244089,3507.130629,healthy,0,0,0,0,-0.638332,-0.267534,-0.126973,0.599616,0.661091,0.085126,-0.00132,-0.141181,1.0,198.5
301,cruise,3802.967117,74.931624,62.913386,99.322207,179.524225,633.560129,26.451533,0.239,12.086062,29.7034,3410.772983,healthy,0,0,0,0,-1.353313,-0.478177,0.692877,0.335717,-1.048571,0.088765,-0.004189,-0.01877,1.0,198.495
302,cruise,3784.574058,72.905392,63.301955,99.543016,179.510689,639.894916,26.568014,0.247889,12.011441,30.071636,3726.468949,healthy,0,0,0,0,4.732495,0.385825,0.144626,1.137307,0.404902,-0.04139,0.006709,-0.096477,1.0,198.49
303,cruise,3804.488447,75.062393,62.862071,97.582115,179.574256,638.445168,26.352111,0.249172,11.720981,29.686278,3506.790668,healthy,0,0,0,0,0.309749,0.463031,0.100974,1.79731,-0.485944,-0.051928,0.003144,-0.083651,1.0,198.485
304,cruise,3803.611336,73.202163,62.794206,98.625633,178.827705,638.805933,26.37326,0.245877,12.105451,31.033826,3497.955558,healthy,0,0,0,0,-2.675579,0.172116,-0.477932,-0.599183,-0.517253,-0.006346,0.002424,-0.07423,1.0,198.48
305,cruise,3785.946561,75.165074,63.167096,99.214637,180.020814,633.176509,26.533611,0.249914,12.087324,30.474516,3682.851394,healthy,0,0,0,0,-1.266813,0.021923,0.227672,0.352772,1.034252,-0.124332,0.004631,0.07085,1.0,198.475
306,cruise,3822.070637,75.844517,62.969124,99.072868,180.739071,648.211823,26.409965,0.247491,11.803827,31.272521,3390.412212,healthy,0,0,0,0,-3.696477,-0.098981,0.34974,-0.670496,2.202971,-0.222939,-0.002449,-0.093837,1.0,198.47
307,cruise,3830.97202,75.981348,62.94667,98.664802,181.100465,639.713262,26.62266,0.241649,12.040728,29.169619,3436.697208,healthy,0,0,0,0,0.741215,0.532785,-0.304393,-0.199815,-1.115576,-0.149187,0.000778,0.01591,1.0,198.465
308,cruise,3816.827961,75.483855,62.702659,98.815206,178.738147,633.01775,26.508001,0.242105,11.910928,30.729552,3503.672821,healthy,0,0,0,0,-0.495685,0.183738,1.067034,-0.301179,1.392557,-0.017064,0.004738,-0.094521,1.0,198.46
309,cruise,3802.315615,73.384569,62.636278,98.737738,180.504281,638.367937,26.80599,0.245395,12.238183,30.340771,3429.25063,healthy,0,0,0,0,5.319643,0.194859,0.052806,0.210684,0.275265,-0.191551,-0.000524,0.025141,1.0,198.455
310,cruise,3837.548005,74.455537,63.43503,97.951009,180.127888,636.431743,26.568284,0.247513,11.826348,30.110027,3409.642979,healthy,0,0,0,0,-0.550349,-0.620666,-0.126832,0.455798,0.414908,0.074403,0.003799,-0.035754,1.0,198.45
311,cruise,3803.190541,76.345248,62.332188,98.436478,180.18171,638.624209,26.647549,0.242471,11.920683,29.756299,3517.038801,healthy,0,0,0,0,-2.526021,-0.207946,-0.372973,-0.735516,0.189485,-0.420021,-0.006994,0.001092,1.0,198.445
312,cruise,3799.464864,73.931421,62.181659,99.470083,178.903709,635.971664,26.647971,0.24581,11.6316,29.299804,3519.463647,healthy,0,0,0,0,-6.315137,-0.387823,-0.549141,0.423108,0.133845,-0.129655,0.004868,-0.010395,1.0,198.44
313,cruise,3800.118954,72.631272,62.955898,97.839353,179.393571,641.199716,26.674584,0.246333,11.952357,29.479825,3521.95076,healthy,0,0,0,0,-1.76403,-0.347078,0.118671,0.061422,-3.64651,-0.043854,0.003615,0.030965,1.0,198.435
314,cruise,3819.744449,75.025908,62.095408,98.325837,181.002005,638.024479,26.374235,0.25564,11.832452,28.858028,3521.118794,healthy,0,0,0,0,-2.588424,-0.419805,0.637928,0.638035,1.317696,-0.064087,-0.008122,0.033109,1.0,198.43
315,cruise,3806.869773,74.18765,62.984804,98.544722,180.07644,641.716865,26.62658,0.244049,12.030949,30.584942,3388.493773,healthy,0,0,0,0,-0.871584,-0.095411,-0.210533,-0.673723,1.98576,-0.02126,0.001632,-0.069904,1.0,198.425
316,cruise,3799.840037,73.951009,62.382119,98.744726,179.94424,638.565175,26.483113,0.240088,12.067056,30.176584,3262.480782,healthy,0,0,0,0,-2.864353,-0.01147,-0.752919,-0.553407,-0.968523,0.003238,0.00642,0.060441,1.0,198.42
317,cruise,3791.381608,75.464696,62.14918,99.261743,179.567206,638.259622,26.228604,0.244125,11.666688,29.169567,3450.802477,healthy,0,0,0,0,-4.931164,0.201762,0.586393,-0.387942,0.157317,-0.063082,0.003665,0.063037,1.0,198.415
318,cruise,3841.084081,75.375828,62.097986,97.817426,177.640861,637.146464,26.348489,0.237525,11.979228,30.720784,3489.805814,healthy,0,0,0,0,0.316113,0.011554,0.678985,-0.358656,1.725996,0.013386,0.000708,-0.139412,1.0,198.41
319,cruise,3813.939313,75.258116,61.658599,99.425768,181.28641,639.311433,26.508418,0.245343,12.078486,28.668185,3384.983342,healthy,0,0,0,0,2.313205,-0.458172,0.606745,-0.412241,-1.081668,0.085108,-0.009484,0.02693,1.0,198.405
320,cruise,3824.852966,73.856312,62.166882,98.496566,181.697394,641.127893,26.362591,0.24812,12.089936,28.915703,3502.111441,healthy,0,0,0,0,-4.608175,0.224961,0.519636,0.765859,0.005763,0.131847,-0.004405,0.043405,1.0,198.4
321,cruise,3797.337729,73.810527,61.135858,97.261282,180.631121,634.998931,26.754889,0.246359,12.070324,29.396684,3455.559567,healthy,0,0,0,0,-0.438066,-0.199743,1.094268,0.705703,-1.829186,-0.089739,0.00372,-0.034976,1.0,198.395
322,cruise,3783.892872,72.898913,62.096415,97.845107,180.929434,635.712084,26.439528,0.243757,11.845952,29.884642,3616.81812,healthy,0,0,0,0,-4.310339,0.014567,0.755157,0.63808,1.241639,0.004105,0.000387,0.023157,1.0,198.39
323,cruise,3786.182842,75.675275,63.060676,99.030517,180.088503,641.314956,26.417554,0.250315,11.928495,30.371053,3545.409485,healthy,0,0,0,0,-4.501001,-0.319641,0.21811,-0.075698,0.588754,0.044439,0.003049,-0.057276,1.0,198.385
324,cruise,3821.170124,75.563117,62.967802,98.252009,180.742079,640.580887,26.560412,0.238603,11.611255,29.589586,3498.684394,healthy,0,0,0,0,2.361046,0.106547,0.508319,-0.338109,0.054277,-0.125415,0.000149,-0.101799,1.0,198.38
325,cruise,3801.533723,74.631348,61.970875,98.550256,180.265876,638.015182,26.456936,0.236079,11.74404,30.981839,3604.577544,healthy,0,0,0,0,0.856711,0.604225,-0.741913,-0.808354,-0.272762,-0.113928,0.000557,0.03672,1.0,198.375
326,cruise,3797.083461,75.833871,63.005756,99.511424,180.597711,637.830585,26.364924,0.245143,11.814285,30.083806,3447.762549,healthy,0,0,0,0,-2.6742,0.038161,-0.19412,0.277603,-1.286624,0.074513,-0.001039,-0.063403,1.0,198.37
327,cruise,3816.862304,74.180768,62.332324,98.462609,179.916007,639.833893,26.481377,0.235448,11.786757,29.793483,3607.297395,healthy,0,0,0,0,-1.470822,0.019212,-0.042973,0.094767,-2.605064,0.123392,-0.003051,0.032555,1.0,198.365
328,cruise,3812.415729,73.007456,63.116764,98.466565,182.153829,638.494763,26.569828,0.230232,12.023724,31.286016,3543.724844,healthy,0,0,0,0,0.424309,0.09104,-0.05105,0.596002,2.98878,-0.067815,0.006759,0.016203,1.0,198.36
329,cruise,3829.521125,74.116089,62.384904,98.317432,182.10174,634.562806,26.533771,0.251176,11.727329,28.614489,3387.104295,healthy,0,0,0,0,-0.468161,-0.144492,0.219998,0.001495,-0.458503,0.054636,-0.001694,0.09982,1.0,198.355
330,cruise,3827.578523,74.741999,62.658828,98.873667,179.278255,644.129932,26.626854,0.240073,11.931771,29.485646,3498.686502,healthy,0,0,0,0,4.362818,-0.095216,0.270028,-1.902262,1.761672,-0.186982,-0.007868,-0.018937,1.0,198.35
331,cruise,3803.83743,74.78041,62.722721,98.145075,179.150853,640.844688,26.607378,0.245567,11.847212,30.149739,3390.814918,healthy,0,0,0,0,-3.156091,-0.451528,-0.199848,0.667033,1.135156,-0.111696,0.00659,-0.219887,1.0,198.345
332,cruise,3818.035702,72.329514,62.001464,98.283903,179.895445,635.8107,26.664534,0.245442,12.241308,30.247882,3524.388831,healthy,0,0,0,0,-1.53809,-0.058791,0.800103,0.948528,1.989174,-0.10387,-0.004421,0.045515,1.0,198.34
333,cruise,3777.425395,73.049639,63.281846,98.775515,180.12235,640.501964,26.510719,0.2333,11.769145,31.718098,3564.439686,healthy,0,0,0,0,-0.275821,-0.158679,-0.37576,1.269169,2.557034,-0.055398,0.002226,-0.098243,1.0,198.335
334,cruise,3825.865903,74.880261,62.691788,98.961737,181.101693,635.754426,26.551507,0.240869,11.818821,28.848154,3570.652079,healthy,0,0,0,0,-3.888716,0.344634,-0.146916,0.676578,1.998477,0.201888,0.006285,-0.054621,1.0,198.33
335,cruise,3827.509904,75.501864,62.35902,98.322053,179.544634,642.585625,26.144934,0.242617,11.648894,28.473311,3541.150538,healthy,0,0,0,0,-1.451032,-0.13117,-0.624782,0.310562,0.60353,0.136278,0.008822,-0.074903,1.0,198.325
336,cruise,3799.496702,74.441881,63.323772,98.739426,180.430381,642.035943,26.40161,0.248283,11.699675,30.385134,3693.888657,healthy,0,0,0,0,4.190265,0.385301,0.544,-0.107142,1.641526,-0.19909,0.00085,-0.02923,1.0,198.32
337,cruise,3773.637972,74.380217,62.117007,98.670195,181.164145,636.979831,26.592105,0.240527,11.790425,30.556161,3520.435281,healthy,0,0,0,0,-0.144883,0.866029,0.056082,-0.476646,2.351998,0.044573,0.00759,-0.122069,1.0,198.315
338,cruise,3802.126384,77.622418,63.733032,98.238524,180.952736,640.954136,26.484093,0.245874,11.693327,29.99674,3692.64766,healthy,0,0,0,0,3.144862,0.292076,-0.140837,-0.754682,0.757059,-0.072281,-0.005522,-0.095112,1.0,198.31
339,cruise,3811.645552,73.279679,62.924215,99.651467,179.341429,641.715442,26.499965,0.246319,11.707644,29.788619,3547.131103,healthy,0,0,0,0,-2.510193,0.176829,-1.239062,-0.21565,-0.098369,-0.257992,0.005285,0.082041,1.0,198.305
340,cruise,3824.214377,73.669564,62.423451,98.464666,181.538858,637.046692,26.373595,0.240224,11.90443,28.600872,3552.409734,healthy,0,0,0,0,-0.666475,0.177946,0.284024,0.262965,1.318991,0.236373,-0.010008,-0.019564,1.0,198.3
341,cruise,3809.03579,75.351738,62.137491,98.733285,181.763172,641.582021,26.669938,0.244369,12.077988,30.041836,3540.371641,healthy,0,0,0,0,0.677113,0.924297,-0.093967,-0.758973,0.969986,-0.241326,0.001891,-0.050118,1.0,198.295
342,cruise,3777.322241,74.054168,62.045882,98.961968,179.480923,639.565352,26.322938,0.239179,12.060593,30.200094,3459.670083,healthy,0,0,0,0,6.003716,0.090273,-0.114794,-0.904016,-1.545932,0.079654,-0.000584,0.019039,1.0,198.29
343,cruise,3814.613243,75.858415,63.314607,99.794085,180.102404,634.44254,26.63295,0.244301,11.945456,32.160272,3396.314518,healthy,0,0,0,0,-1.341463,-0.535592,0.078754,-1.058571,-0.44556,0.030223,0.000913,-0.140313,1.0,198.285
344,cruise,3811.7258,76.253526,62.516348,99.071207,180.263149,646.222821,26.756187,0.242667,12.068722,30.265162,3350.06448,healthy,0,0,0,0,0.752673,-0.487274,-0.185319,0.567206,0.904175,0.059485,0.002745,-0.05835,1.0,198.28
345,cruise,3823.515398,73.939209,62.234557,99.196757,180.13474,639.412682,26.343548,0.247656,11.921393,29.642402,3589.022586,healthy,0,0,0,0,2.499328,-0.142312,-0.390717,0.983914,-1.024858,-0.066242,0.006572,-0.002345,1.0,198.275
346,cruise,3830.834362,73.95933,62.929024,97.976955,180.25738,634.04826,26.471159,0.242063,12.099708,30.005233,3667.611427,healthy,0,0,0,0,-0.389746,0.152551,-0.268844,-0.666939,0.575989,0.190493,0.008011,0.066209,1.0,198.27
347,cruise,3834.246483,75.255534,62.422602,99.47377,179.40518,638.660886,26.729718,0.248925,11.913492,30.439245,3414.068036,healthy,0,0,0,0,-5.436851,-0.200226,-0.116989,-0.349619,2.347285,0.110879,0.003492,0.046946,1.0,198.265
348,cruise,3785.865941,73.924255,62.887604,98.134246,179.73714,637.383065,26.687738,0.249458,11.933334,30.387547,3617.287252,healthy,0,0,0,0,0.646972,0.182881,0.11201,1.082185,-1.082365,0.094166,-0.006959,0.090074,1.0,198.26
349,cruise,3802.8029,72.115449,62.673719,98.147655,179.654877,640.763771,26.538623,0.236397,12.095437,31.368672,3569.310214,healthy,0,0,0,0,-0.973349,0.242535,0.456939,0.278104,-0.326748,0.052605,-0.003301,-0.04337,1.0,198.255
350,cruise,3823.675786,75.300961,62.593782,98.136016,180.700203,634.616864,26.550248,0.23408,11.937162,30.428072,3553.79086,healthy,0,0,0,0,-1.775041,0.341743,-0.471915,-0.629537,0.985943,-0.259016,-0.003988,-0.077954,1.0,198.25
351,cruise,3809.311925,74.24371,62.867303,99.079447,180.752165,640.167698,26.447595,0.240869,12.028684,29.170258,3575.944791,healthy,0,0,0,0,0.210262,0.206456,-0.068715,0.027686,-0.723196,-0.247819,0.003969,0.127498,1.0,198.245
352,cruise,3825.851155,73.938763,62.657306,98.621169,180.835658,634.474118,26.654846,0.24104,11.914072,30.760306,3482.402628,healthy,0,0,0,0,0.602005,-0.084433,0.414147,0.739526,-1.362659,-0.12057,0.009719,-0.125414,1.0,198.24
353,cruise,3817.868759,74.939902,62.782861,99.796728,179.192816,641.476696,26.466161,0.253132,11.950645,29.84793,3659.725322,healthy,0,0,0,0,2.070028,-0.386638,-0.078011,0.135477,-2.916739,-0.100341,0.004658,0.015406,1.0,198.235
354,cruise,3800.176823,74.098767,62.837803,99.123659,180.496755,640.768191,26.545812,0.249486,11.849184,29.7493,3503.194327,healthy,0,0,0,0,-2.818309,-0.012535,0.435992,0.932639,-4.38126,0.187405,0.004752,-0.052245,1.0,198.23
355,cruise,3779.453318,73.818944,62.003164,98.426706,181.458356,639.162232,26.43611,0.245176,11.805285,30.201299,3472.172994,healthy,0,0,0,0,1.015045,-0.118869,-0.283998,-1.008406,1.608391,-0.28732,-0.001955,-0.0363,1.0,198.225
356,cruise,3825.585316,74.12133,62.342636,98.435645,177.717474,636.210548,26.382757,0.242618,11.960414,30.000851,3667.646573,healthy,0,0,0,0,-0.65433,0.733967,-0.245198,0.651061,0.675776,-0.061589,-0.006548,-0.139266,1.0,198.22
357,cruise,3814.688577,75.637902,62.986427,98.396306,180.836381,637.361437,26.548846,0.244338,12.113717,31.196289,3365.969031,healthy,0,0,0,0,-2.203439,-0.193876,-0.4352,-0.171697,-0.751278,-0.088469,-0.002737,0.011449,1.0,198.215
358,cruise,3821.218387,75.489304,62.309663,98.44252,180.955381,637.384083,26.665664,0.252614,11.997911,30.847471,3626.047711,healthy,0,0,0,0,-3.535246,-0.382104,-0.715414,0.148118,0.289824,-0.087285,-0.00298,-0.114442,1.0,198.21
359,cruise,3829.112089,72.520545,63.632823,98.513924,180.652314,637.846354,26.195016,0.242034,12.034096,29.537579,3500.651092,healthy,0,0,0,0,-2.185637,0.183119,0.248251,-0.42809,0.068514,-0.179205,0.002398,-0.013452,1.0,198.205
360,cruise,3792.522081,75.081042,61.98112,98.670656,179.664464,639.342997,26.612995,0.248099,11.636044,30.883236,3439.406143,healthy,0,0,0,0,2.756424,-0.032789,-0.217701,-0.095982,-0.971208,-0.061765,-0.001828,-0.050538,1.0,198.2
361,cruise,3844.127542,75.159104,62.981273,98.683464,181.866057,638.310806,26.964798,0.24474,12.176953,29.137886,3362.380565,healthy,0,0,0,0,-2.832096,-0.123805,0.358036,-0.848761,0.4569,-0.002964,-0.002179,0.134616,1.0,198.195
362,cruise,3818.770293,74.627205,62.647685,98.802247,180.360139,635.168757,26.379301,0.239986,11.908658,30.188501,3537.366965,healthy,0,0,0,0,1.778035,0.285259,-0.626379,-0.323658,-0.212199,0.074635,-0.010766,0.027481,1.0,198.19
363,cruise,3828.764364,75.319242,62.485271,98.163493,179.545712,637.593294,26.709497,0.252615,12.044997,29.969273,3358.873467,healthy,0,0,0,0,-1.413657,0.624493,-0.377544,0.532762,0.599557,-0.22535,0.006686,0.052479,1.0,198.185
364,cruise,3826.107491,74.521571,63.293358,99.263932,179.510178,641.612332,26.316969,0.237419,12.228368,29.466607,3450.687415,healthy,0,0,0,0,3.355193,0.567925,0.522032,0.629833,0.545104,-0.151052,-0.004341,0.047022,1.0,198.18
365,cruise,3801.141519,76.333963,62.149053,98.160645,179.83589,638.67398,26.165914,0.245231,12.332491,30.413283,3383.170396,healthy,0,0,0,0,-5.854428,0.518774,0.012502,-0.564705,-2.449828,-0.059775,0.008983,0.015085,1.0,198.175
366,cruise,3820.106371,74.249689,62.273398,98.766695,180.110336,636.438898,26.750603,0.247751,12.081168,28.485031,3567.815927,healthy,0,0,0,0,-3.120938,0.458173,-0.105103,-0.856401,2.040233,-0.187812,0.00149,0.322147,1.0,198.17
367,cruise,3795.72689,76.871219,62.74591,98.277987,181.345375,639.257756,26.424915,0.243638,11.985222,28.840752,3476.621339,healthy,0,0,0,0,5.991428,0.269142,0.444647,-0.088892,1.528734,-0.008421,-0.006431,-0.133777,1.0,198.165
368,cruise,3812.578941,73.445779,62.072689,98.082625,181.616023,638.204904,26.544273,0.236335,11.950611,30.926802,3383.929492,healthy,0,0,0,0,-2.532738,0.132795,-0.108954,-0.745465,-2.170709,-0.246593,0.000402,0.05596,1.0,198.16
369,cruise,3826.221023,75.631066,63.308014,99.001228,178.40323,634.702372,26.704528,0.254504,11.6382,30.21398,3403.246224,healthy,0,0,0,0,1.428033,-0.90855,0.692731,-0.530819,-2.101939,0.035572,0.001618,-0.090219,1.0,198.155
370,cruise,3802.381533,75.563686,62.396371,98.144657,179.37967,641.508929,26.452216,0.233331,11.839787,30.6211,3521.49814,healthy,0,0,0,0,-0.70921,0.655504,-0.531629,0.187697,0.284567,0.030694,0.003378,0.037525,1.0,198.15
371,cruise,3823.915491,74.694453,62.412058,97.850802,179.152381,641.573066,26.430475,0.232794,11.853229,30.291051,3423.889758,healthy,0,0,0,0,3.879692,-0.416943,0.583284,0.781995,0.099482,-0.225559,-0.002138,0.174013,1.0,198.145
372,cruise,3845.291604,76.282401,62.268836,98.76156,178.961371,640.675797,26.509926,0.243162,11.80988,30.859927,3466.098775,healthy,0,0,0,0,3.252882,-0.275106,0.015116,-0.560694,-2.231828,-0.308941,0.002135,0.09388,1.0,198.14
373,cruise,3795.575311,74.844369,62.3273,99.126736,179.264838,639.064211,26.804067,0.245995,11.834714,31.399482,3707.74687,healthy,0,0,0,0,1.993704,0.1293,0.941139,0.593568,2.475605,0.055717,0.002453,-0.023806,1.0,198.135
374,cruise,3786.789733,73.786257,62.57027,98.576906,179.832073,637.832588,26.469998,0.25439,11.846007,29.877096,3649.175995,healthy,0,0,0,0,-2.760837,0.03818,0.147424,0.456811,0.366788,-0.206627,-0.000978,-0.064272,1.0,198.13
375,cruise,3799.122324,76.347393,62.416117,98.801384,182.222049,639.686368,26.56388,0.243326,11.641313,30.336208,3573.202211,healthy,0,0,0,0,0.832749,0.092923,-0.70354,0.537009,0.873133,-0.013315,0.001696,-0.079421,1.0,198.125
376,cruise,3826.672716,74.688011,62.652808,99.396913,180.091855,636.782607,26.540736,0.239171,12.262878,30.044633,3376.082175,healthy,0,0,0,0,4.506554,0.032467,0.171099,-0.042155,2.264485,-0.173933,-0.00584,0.069264,1.0,198.12
377,cruise,3787.137212,74.515094,63.266346,98.89654,177.993611,634.852394,26.622416,0.257109,11.992738,29.547993,3393.915602,healthy,0,0,0,0,-7.028948,0.066966,-0.268547,0.136446,0.989373,-0.108778,0.003907,-0.070324,1.0,198.115
378,cruise,3784.14589,73.495078,63.187038,98.875488,178.955277,640.99855,26.381142,0.251076,11.820819,30.779339,3596.065688,healthy,0,0,0,0,-0.360736,0.380184,-0.188574,0.4762,2.693731,0.288259,0.007211,0.101376,1.0,198.11
379,cruise,3779.46468,74.540486,62.72785,98.366072,180.072313,637.64494,26.634397,0.240444,11.765408,29.872643,3320.934472,healthy,0,0,0,0,-0.692872,-0.292452,-0.425314,0.386048,2.283916,-0.180661,-0.002478,-0.103449,1.0,198.105
380,cruise,3866.963944,76.245598,62.6578,98.509539,178.641213,637.464588,26.723083,0.246638,12.061037,30.595798,3391.742319,healthy,0,0,0,0,0.662478,0.101993,-0.504193,1.339059,1.267699,-0.029371,0.007146,0.024269,1.0,198.1
381,cruise,3786.170228,74.156897,62.675669,98.93995,177.438512,634.432791,26.493095,0.242315,11.908237,31.547214,3593.881526,healthy,0,0,0,0,-4.439223,-0.405817,-0.844707,0.180688,-0.888358,0.176084,0.000457,-0.020457,1.0,198.095
382,cruise,3808.183615,73.609491,62.088901,97.949901,178.955028,641.097374,26.627427,0.248855,11.800214,31.121264,3621.115334,healthy,0,0,0,0,2.078133,0.309337,0.89162,-0.173256,0.859669,0.30125,-0.002004,-0.138479,1.0,198.09
383,cruise,3824.997283,73.486168,62.498186,98.612762,180.123607,638.382979,26.45866,0.244599,11.77819,30.431695,3421.297531,healthy,0,0,0,0,-3.019807,-0.209118,0.519203,-0.513259,-0.551795,0.079537,0.006331,-0.154571,1.0,198.085
384,cruise,3795.940323,73.876645,62.041918,98.793563,180.107519,638.565937,26.544067,0.246358,11.728326,30.004729,3469.742973,healthy,0,0,0,0,-1.307358,-0.026359,0.07183,-1.740159,1.080991,0.052607,-6e-05,-0.020834,1.0,198.08
385,cruise,3832.591258,72.306165,63.221399,98.037658,178.831113,638.630972,26.476908,0.241234,11.872297,29.540443,3515.361552,healthy,0,0,0,0,1.541311,0.867634,-0.704711,-0.065045,-0.063634,-0.167886,0.011175,-0.038248,1.0,198.075
386,cruise,3795.369947,72.91456,62.448712,98.792092,180.256658,636.871592,26.457185,0.257559,12.090534,30.153712,3467.840456,healthy,0,0,0,0,-1.196119,0.333978,-0.304305,0.209449,1.829373,-0.115959,0.000381,0.014956,1.0,198.07
387,cruise,3816.236563,72.596589,62.352267,99.181358,180.039397,638.272605,26.266854,0.251041,11.716127,29.935845,3320.586059,healthy,0,0,0,0,-0.183559,-0.123354,0.403194,-0.927325,0.32738,-0.173202,0.003563,0.025853,1.0,198.065
388,cruise,3780.095877,76.525527,61.960805,98.107439,180.931119,645.034754,26.422367,0.236352,11.914653,30.956325,3498.999119,healthy,0,0,0,0,3.810852,0.410813,-0.631894,0.655558,0.062938,0.083954,-0.005635,-0.08376,1.0,198.06
389,cruise,3823.430251,75.605416,63.243848,98.685964,179.170979,640.160447,26.381296,0.247858,12.026265,31.616441,3515.987622,healthy,0,0,0,0,1.727257,-0.046832,-0.579581,1.074566,-0.249944,-0.137058,-0.002789,0.020363,1.0,198.055
390,cruise,3803.732786,76.143631,62.941019,99.377043,179.595874,642.839824,26.534404,0.252805,12.145384,30.169989,3428.929674,healthy,0,0,0,0,0.629046,-0.442389,0.143743,-0.126888,-0.17009,0.034043,-0.000622,-0.050057,1.0,198.05
391,cruise,3832.120818,73.692324,63.185519,98.534345,179.598871,634.369175,26.779271,0.253096,12.196319,30.771422,3535.521174,healthy,0,0,0,0,-1.877384,-0.504587,0.833478,1.991674,-0.893944,-0.093184,-0.003268,0.007481,1.0,198.045
392,cruise,3804.039133,72.611074,62.799873,99.925333,181.606077,636.805103,27.00307,0.252063,11.80569,30.771845,3481.437046,healthy,0,0,0,0,-0.271019,0.885971,-0.497558,1.132611,-1.545481,-0.203074,0.000827,-0.040054,1.0,198.04
393,cruise,3802.408015,73.25378,62.711363,98.76652,179.905981,638.954612,26.362896,0.242758,11.978035,30.310189,3587.55068,healthy,0,0,0,0,3.810759,-0.010111,-0.88325,0.410226,0.51289,0.224236,0.002908,-0.072196,1.0,198.035
394,cruise,3825.537761,73.03929,62.887258,98.89758,181.655807,639.343188,26.517094,0.236262,11.775092,30.671058,3456.916241,healthy,0,0,0,0,0.682495,-0.759642,-0.604441,-1.104992,-0.469957,0.049984,-0.004799,0.099357,1.0,198.03
395,cruise,3804.227408,73.842028,62.767802,98.798391,178.45634,635.92272,26.573042,0.240587,12.065252,29.961115,3509.515413,healthy,0,0,0,0,0.777014,-0.705707,0.632809,-1.01793,-1.113489,-0.035228,-0.006683,-0.103947,1.0,198.025
396,cruise,3813.691168,74.504123,62.39926,99.485983,179.694984,640.296148,26.614125,0.236792,11.709507,30.550871,3607.487911,healthy,0,0,0,0,0.342747,-0.119844,0.014918,0.131919,1.422702,0.086391,0.006552,0.139921,1.0,198.02
397,cruise,3809.802276,74.463462,62.832975,98.768002,179.655285,638.942183,26.643117,0.236492,11.890944,29.15531,3573.1411,healthy,0,0,0,0,4.01637,-0.269365,-0.138576,0.837462,-2.685386,0.06945,0.000723,0.00331,1.0,198.015
398,cruise,3823.430236,72.878841,62.684175,99.240896,178.810532,640.075824,26.824706,0.234578,12.088377,31.697275,3489.75428,healthy,0,0,0,0,1.042421,0.040829,0.427929,0.474828,0.239992,0.252101,-0.006527,-0.036022,1.0,198.01
399,cruise,3819.36679,75.083515,62.651017,97.985508,180.071392,639.868794,26.417127,0.242986,11.853525,30.804937,3464.726642,healthy,0,0,0,0,1.337499,0.776641,0.200669,-0.801165,-2.300636,0.117537,-0.007732,-0.200108,1.0,198.005
400,cruise,3820.898823,76.914483,62.562434,98.143515,179.95953,633.102662,26.066782,0.239333,11.995561,30.533602,3487.011145,engine_overspeed,1,3,400,1200,-2.763466,0.192932,-0.805111,0.901038,0.03108,0.02411,-0.005736,-0.080784,1.0,198.0
401,cruise,3819.056544,76.242315,62.980305,98.260738,179.469632,637.834801,26.774468,0.248621,12.122907,29.348151,3658.771088,engine_overspeed,1,3,400,1200,18.481787,0.368318,0.268989,0.634884,-0.448231,-0.101126,0.001408,-0.043937,0.991919,197.995
402,cruise,3836.268745,76.60796,62.806473,98.64509,180.390501,640.408698,26.359879,0.248838,11.667803,28.197384,3551.922783,engine_overspeed,1,3,400,1200,33.322043,-0.191102,0.610034,-0.434903,0.98485,-0.081327,-0.000779,-0.047243,0.983838,197.99
403,cruise,3867.718254,74.04237,62.891137,99.103366,180.133102,640.426609,26.576153,0.262217,11.989436,29.358994,3561.102539,engine_overspeed,1,3,400,1200,55.981859,-0.469154,0.870344,1.705413,-1.825152,0.146095,-0.004701,-0.307031,0.975758,197.985
404,cruise,3899.966271,74.508428,62.120679,98.220429,181.647548,645.185078,26.390158,0.253439,11.880313,29.374504,3635.591722,engine_overspeed,1,3,400,1200,73.784542,-0.275151,-0.669621,-1.096238,1.334753,0.034942,0.006914,-0.148841,0.967677,197.98
405,cruise,3865.296507,73.958098,63.214915,97.813663,181.257415,644.120031,26.297916,0.264988,12.022894,29.658314,3577.292191,engine_overspeed,1,3,400,1200,92.216676,0.130191,-0.687843,-1.173995,-1.276872,0.121685,0.000841,-0.201555,0.959596,197.975
406,cruise,3913.857613,74.747207,62.237884,98.967641,181.385914,644.738476,27.112657,0.273165,11.802997,29.278058,3301.036936,engine_overspeed,1,3,400,1200,105.674196,0.039484,0.170304,-0.603199,-0.093475,-0.249671,0.004804,0.026204,0.951515,197.97
407,cruise,3922.56489,75.61861,62.558379,98.485907,179.603775,639.310752,26.681638,0.272868,11.915634,30.697837,3420.942266,engine_overspeed,1,3,400,1200,132.71893,0.09534,-0.448844,-0.226842,0.100423,0.179853,-0.002093,0.0081,0.943434,197.965
408,cruise,3940.795947,74.849444,62.688542,99.121788,180.896896,641.992026,26.689276,0.271731,11.82599,31.300222,3415.313046,engine_overspeed,1,3,400,1200,148.337653,-0.300653,0.057556,-0.312276,-0.66497,0.017049,-0.007442,0.011619,0.935354,197.96
409,cruise,3991.214577,73.020494,62.69072,98.299323,180.98063,646.927601,26.816693,0.277581,11.894755,31.14614,3483.843699,engine_overspeed,1,3,400,1200,166.406736,-0.448015,-0.025618,0.613828,1.693399,0.159303,-0.000214,0.11585,0.927273,197.955
410,cruise,4037.716838,75.085038,62.216373,98.06171,179.642896,645.797803,26.528772,0.288721,12.156097,31.084177,3398.605733,engine_overspeed,1,3,400,1200,181.362716,-0.107318,0.515758,1.329849,1.316629,0.046234,0.007195,-0.000434,0.919192,197.95
411,cruise,3998.102115,73.269505,62.52707,99.323452,179.605672,643.665378,26.594925,0.29192,12.140203,29.214362,3489.411676,engine_overspeed,1,3,400,1200,205.35949,-0.229839,-0.734834,-1.177586,2.14743,-0.043351,0.006623,0.091313,0.911111,197.945
412,cruise,4050.418198,74.620824,62.994667,98.641651,180.387741,647.588246,26.556021,0.289237,12.036514,29.905009,3555.343219,engine_overspeed,1,3,400,1200,216.852201,0.173651,-0.003706,0.241265,1.166771,0.192806,0.001831,-0.093877,0.90303,197.94
413,cruise,4015.659842,76.539444,62.652713,98.349639,179.498951,647.514678,26.725086,0.292501,11.790921,28.927898,3407.923937,engine_overspeed,1,3,400,1200,238.477975,0.03724,-0.557944,0.448729,3.118816,-0.028143,-0.012943,1.4e-05,0.894949,197.935
414,cruise,4054.124283,75.787897,63.102267,99.010936,178.870311,645.890861,26.315072,0.295682,11.704382,29.968551,3394.839108,engine_overspeed,1,3,400,1200,253.490264,0.407277,0.208029,-0.060142,0.863847,0.134265,0.008744,-0.035649,0.886869,197.93
415,cruise,4070.425979,73.372042,62.720798,98.741368,178.872338,648.534049,26.399358,0.300426,11.854559,30.694474,3657.633984,engine_overspeed,1,3,400,1200,274.533837,-0.156006,-0.163087,0.595121,1.012448,0.228976,-0.00095,0.138929,0.878788,197.925
416,cruise,4113.147172,75.109998,63.406867,98.403165,178.186575,649.283238,26.902354,0.308605,11.762649,30.001643,3397.910684,engine_overspeed,1,3,400,1200,290.271688,-0.347052,0.222514,-0.918436,-1.402993,0.04047,-0.006131,0.058535,0.870707,197.92
417,cruise,4136.504973,73.703387,63.335399,98.252268,179.723448,647.918227,26.413075,0.313958,11.778279,30.279404,3522.821391,engine_overspeed,1,3,400,1200,306.248286,-0.267793,-0.892716,0.734376,1.386389,0.280876,0.002309,0.018338,0.862626,197.915
418,cruise,4106.135843,74.438841,62.232438,98.154711,180.281269,644.548752,26.732311,0.321437,12.178932,29.377584,3451.959984,engine_overspeed,1,3,400,1200,324.025207,-0.253415,-0.002646,-0.947484,2.500633,0.114835,-0.002354,0.007118,0.854545,197.91
419,cruise,4160.068188,74.385069,62.377231,98.532925,178.627662,650.853192,26.51831,0.309495,11.793478,32.004698,3497.465794,engine_overspeed,1,3,400,1200,341.25937,-0.339254,-0.296301,-0.080421,-1.32541,0.137958,-0.020297,0.074423,0.846465,197.905
420,cruise,4155.429991,75.29416,63.192029,98.762968,178.457879,650.502696,26.710288,0.323975,12.088927,28.726392,3488.072362,engine_overspeed,1,3,400,1200,368.039698,0.33658,-0.024216,0.182215,2.04089,0.23414,-0.0044,-0.059914,0.838384,197.9
421,cruise,4182.309737,74.734441,61.839211,98.815141,181.204584,654.665873,26.35109,0.328635,11.76081,30.006048,3530.18207,engine_overspeed,1,3,400,1200,381.949326,-0.296471,-0.241415,0.619586,-1.65179,0.220208,-0.003406,-0.078428,0.830303,197.895
422,cruise,4207.908655,74.498283,63.011231,99.007659,181.190229,654.360382,26.469983,0.33933,11.81404,30.704176,3474.183627,engine_overspeed,1,3,400,1200,398.557419,0.013625,-0.898019,-0.494916,-1.843581,-0.045717,0.007061,0.134001,0.822222,197.89
423,cruise,4230.871027,75.529961,62.693193,98.814493,179.727505,652.721756,26.476688,0.340125,11.758309,28.498646,3673.338844,engine_overspeed,1,3,400,1200,417.3021,-0.69865,-0.685667,-1.503134,1.116759,-0.123823,-0.003618,0.008758,0.814141,197.885
424,cruise,4275.383534,73.907877,62.491024,98.541085,177.651673,655.063898,26.41868,0.344476,11.737175,30.52055,3492.355951,engine_overspeed,1,3,400,1200,440.181376,0.175306,0.747067,-0.135003,2.614835,0.151466,-0.00386,0.080937,0.806061,197.88
425,cruise,4267.579786,75.911866,62.974506,98.057736,180.683332,654.745158,26.631333,0.352981,11.857168,30.412214,3474.021909,engine_overspeed,1,3,400,1200,451.66494,0.204282,-0.251769,2.006988,0.179322,0.327863,0.002297,-0.112811,0.79798,197.875
426,cruise,4270.005075,74.886314,61.998696,97.889509,182.171619,657.677672,26.325475,0.357756,11.784059,31.806152,3516.423596,engine_overspeed,1,3,400,1200,470.344008,-0.405381,-0.326448,-0.735448,1.696877,0.19099,-0.000244,0.021078,0.789899,197.87
427,cruise,4322.919863,75.772338,62.801903,98.540161,183.299974,652.882738,26.758292,0.349576,11.934178,29.4786,3228.696346,engine_overspeed,1,3,400,1200,496.238471,-0.263028,-0.397922,-0.306313,1.006774,-0.131972,0.00157,-0.090156,0.781818,197.865
428,cruise,4332.079564,74.719499,62.903298,98.691426,181.715373,646.866578,26.179086,0.361917,11.873464,29.840276,3470.011692,engine_overspeed,1,3,400,1200,509.517839,0.229513,1.001404,0.166148,0.828038,-0.099719,0.002939,0.030412,0.773737,197.86
429,cruise,4349.527553,74.547242,62.774658,98.47142,181.701911,649.843395,26.311369,0.365202,11.752213,30.305375,3426.564264,engine_overspeed,1,3,400,1200,528.001447,0.118743,-0.834614,0.503399,0.714998,-0.013617,0.004335,0.041784,0.765657,197.855
430,cruise,4338.812498,75.438499,62.163038,98.819361,180.943913,664.801143,26.468574,0.361852,11.978329,28.027195,3271.973645,engine_overspeed,1,3,400,1200,550.732319,0.018692,0.168292,0.726913,-0.088356,0.181988,0.001541,-0.008592,0.757576,197.85
431,cruise,4380.502547,74.722518,62.960449,99.348762,179.760888,656.074531,26.863213,0.366034,11.824848,27.965864,3609.622871,engine_overspeed,1,3,400,1200,560.317806,-0.361103,-0.610017,-0.528887,-0.98038,-0.07529,0.000109,0.045261,0.749495,197.845
432,cruise,4389.857511,73.423092,63.005104,98.104869,179.487362,663.571749,26.591936,0.36456,11.826702,30.304755,3492.992905,engine_overspeed,1,3,400,1200,584.874803,-0.615142,-0.260912,-0.708936,-0.720345,0.048855,0.001432,0.098137,0.741414,197.84
433,cruise,4460.452265,75.077933,62.639387,98.545772,181.673554,662.717785,26.236908,0.379233,11.872161,29.4038,3497.201007,engine_overspeed,1,3,400,1200,597.065734,0.454888,0.046617,2.148242,0.974841,-0.131162,0.004686,0.066342,0.733333,197.835
434,cruise,4415.931247,74.009306,61.76067,98.654702,179.787531,656.792987,26.7028,0.382299,11.999785,30.182388,3509.340437,engine_overspeed,1,3,400,1200,622.839233,0.197545,-0.172729,0.432979,-1.393887,-0.073318,0.004514,-0.023439,0.725253,197.83
435,cruise,4420.81424,75.069242,62.174399,98.466192,181.24608,653.885721,26.705485,0.381785,11.910806,31.619102,3498.488934,engine_overspeed,1,3,400,1200,636.96835,-0.371117,-0.190039,0.734447,0.842137,0.175049,0.004916,0.025389,0.717172,197.825
436,cruise,4457.501122,73.475935,62.9458,99.363142,177.90776,661.489181,26.618699,0.385543,11.798357,30.281138,3415.570971,engine_overspeed,1,3,400,1200,654.164715,0.803563,-0.10292,-0.359427,-0.631586,0.107452,0.001413,0.02321,0.709091,197.82
437,cruise,4461.320361,74.181868,61.664351,98.147763,178.548515,658.979115,26.712476,0.399378,11.906963,30.966173,3540.783919,engine_overspeed,1,3,400,1200,669.87009,0.127984,-0.850499,-0.577508,-0.480198,-0.070677,-0.001241,0.008282,0.70101,197.815
438,cruise,4499.046387,75.95909,63.102027,97.598225,179.380008,659.896481,26.179178,0.39981,11.795527,30.301933,3509.297376,engine_overspeed,1,3,400,1200,688.182913,0.122697,-0.119554,0.181996,0.045489,0.023772,0.004374,-0.019168,0.692929,197.81
439,cruise,4523.674172,74.018988,62.825805,98.948939,181.560263,661.343135,26.31167,0.400671,11.785557,30.162355,3351.78488,engine_overspeed,1,3,400,1200,710.492614,0.684594,-0.669569,-0.289405,-2.391833,-0.222161,-0.01051,-0.048982,0.684848,197.805
440,cruise,4545.798309,73.791085,63.10433,98.341014,181.094449,660.801505,26.354165,0.402556,11.944426,30.793116,3356.850388,engine_overspeed,1,3,400,1200,727.338635,-0.516182,-0.109862,1.173787,0.579639,-0.108839,0.001829,0.036074,0.676768,197.8
441,cruise,4510.439819,75.097869,63.83187,98.695758,180.675574,667.769629,26.610526,0.40187,11.986689,29.595219,3476.383272,engine_overspeed,1,3,400,1200,745.814578,-0.092934,0.502454,0.62507,2.538563,0.01869,-0.003023,-0.006984,0.668687,197.795
442,cruise,4568.038326,74.867354,63.439638,98.312113,179.993851,662.260876,26.639697,0.412133,12.090485,30.712397,3380.773419,engine_overspeed,1,3,400,1200,765.953945,0.740598,-0.604625,-0.321951,4.22926,0.000752,0.000893,0.138585,0.660606,197.79
443,cruise,4569.553859,73.440774,62.44079,98.423748,180.200421,669.910885,26.678553,0.419465,11.953414,29.751391,3502.904487,engine_overspeed,1,3,400,1200,780.376238,-0.069338,-0.002616,-0.983814,-0.495179,-0.264896,-0.0027,-0.019473,0.652525,197.785
444,cruise,4616.067415,74.180382,62.843117,98.359558,180.661918,665.705379,26.384988,0.428421,11.680403,28.57905,3599.352124,engine_overspeed,1,3,400,1200,803.284529,-0.008568,0.136976,-0.61451,-2.189217,-0.054463,0.008342,-0.048667,0.644444,197.78
445,cruise,4652.075882,76.282877,62.453133,98.468342,178.618489,667.383077,26.409352,0.419047,11.86715,30.076221,3510.594846,engine_overspeed,1,3,400,1200,821.960684,-0.254267,-0.645971,-1.373682,-2.320785,-0.102711,-4.4e-05,-0.019805,0.636364,197.775
446,cruise,4665.467391,74.117529,62.94397,98.174973,180.848042,669.666938,26.441004,0.428941,12.064264,28.381951,3424.276179,engine_overspeed,1,3,400,1200,839.318013,0.099781,0.569129,-0.393585,-1.341436,0.075801,-0.012625,-0.013769,0.628283,197.77
447,cruise,4675.644941,74.323908,62.848717,98.579592,179.393359,661.592797,26.789806,0.438283,12.088893,29.065618,3520.078328,engine_overspeed,1,3,400,1200,849.895113,0.442448,-0.78219,-0.249265,0.910014,0.000227,0.009173,0.050707,0.620202,197.765
448,cruise,4652.804617,75.840663,62.795626,98.891936,179.54688,668.86083,26.651475,0.439627,11.71769,31.10349,3587.805536,engine_overspeed,1,3,400,1200,876.375278,0.255438,0.044309,-0.741336,0.503004,0.056299,-0.000151,0.098804,0.612121,197.76
449,cruise,4698.544569,75.266382,62.546427,98.605757,181.485546,666.893743,26.975986,0.445271,11.709747,29.980298,3603.626115,engine_overspeed,1,3,400,1200,890.498976,0.325027,0.463633,0.064041,0.614993,-0.179022,0.005014,0.007154,0.60404,197.755
450,cruise,4708.568024,74.839714,61.902437,98.990523,181.461701,666.880868,26.471507,0.443045,11.648407,29.381432,3501.973007,engine_overspeed,1,3,400,1200,910.41537,-0.484216,-0.561294,1.328029,2.048205,0.02289,0.00066,-0.095375,0.59596,197.75
451,cruise,4709.448181,72.694106,63.169301,97.718837,178.843694,667.611932,26.376076,0.438644,11.957221,30.120857,3544.69447,engine_overspeed,1,3,400,1200,925.817999,0.317201,0.783294,-0.134384,0.287521,-0.10224,-0.010015,-0.075434,0.587879,197.745
452,cruise,4716.216472,73.897869,63.723808,98.259808,180.462176,676.219134,26.627725,0.460617,12.082358,30.935428,3541.158292,engine_overspeed,1,3,400,1200,945.861288,0.030867,0.074628,1.136537,-0.656473,-0.27023,0.00292,-0.16564,0.579798,197.74
453,cruise,4800.951624,74.078781,62.14297,98.195948,180.839672,668.209028,26.45165,0.460606,11.884994,29.76753,3548.361581,engine_overspeed,1,3,400,1200,962.049289,0.087932,0.240294,0.186401,-0.965029,0.169234,-0.000932,0.031638,0.571717,197.735
454,cruise,4783.290059,75.057733,61.889421,98.360608,180.481195,670.946553,26.276252,0.474055,12.265848,30.63523,3546.396814,engine_overspeed,1,3,400,1200,981.95553,-0.090137,0.885599,0.810386,1.887128,-0.170091,-0.004615,-0.072157,0.563636,197.73
455,cruise,4786.435424,72.226981,63.075803,99.74095,181.49983,676.704959,26.43023,0.468338,12.296022,32.839471,3442.092451,engine_overspeed,1,3,400,1200,1000.598657,0.430387,0.08616,0.829384,2.369103,0.264222,0.004041,0.07197,0.555556,197.725
456,cruise,4832.431025,73.440784,62.001132,98.896104,179.61317,673.237587,26.478124,0.469884,11.817658,31.031923,3373.544201,engine_overspeed,1,3,400,1200,1018.337959,-0.251927,-0.465975,-0.310209,-0.615208,0.036174,-0.008248,0.101043,0.547475,197.72
457,cruise,4834.052918,75.046471,63.000509,98.35381,181.328306,678.007087,26.637697,0.477711,12.064571,32.338611,3406.969717,engine_overspeed,1,3,400,1200,1035.659194,-0.117464,0.400904,0.796202,1.746923,0.033541,-0.004159,0.051826,0.539394,197.715
458,cruise,4839.992299,75.143165,63.052405,99.324044,181.33704,667.923524,26.844623,0.474994,11.948383,30.914719,3539.23779,engine_overspeed,1,3,400,1200,1052.748269,-0.03504,0.420603,0.508448,-1.434764,-0.081056,-0.002153,0.032995,0.531313,197.71
459,cruise,4858.948317,74.579138,62.898705,97.740177,181.618301,678.704247,26.208116,0.485187,11.934936,30.595684,3505.243173,engine_overspeed,1,3,400,1200,1076.104991,0.171264,0.432429,-0.03819,0.581929,0.055989,0.006163,-0.028515,0.523232,197.705
460,cruise,4899.856655,73.267634,62.969366,98.086706,180.079071,684.314381,26.716004,0.495057,11.905636,30.014606,3404.962778,engine_overspeed,1,3,400,1200,1090.547661,0.179802,-0.048958,-0.674486,3.922436,0.017116,0.002768,0.055601,0.515152,197.7
461,cruise,4951.606375,74.413241,62.659729,98.100258,178.230122,680.806278,26.689686,0.483206,11.956798,30.503421,3469.675426,engine_overspeed,1,3,400,1200,1113.606411,0.275652,0.084785,-0.986164,0.466295,0.160538,-0.000504,-0.114174,0.507071,197.695
462,cruise,4925.651563,75.437237,62.624057,97.677089,179.143684,675.358792,26.12682,0.498689,11.719682,29.549491,3529.011084,engine_overspeed,1,3,400,1200,1123.588658,-0.153126,0.70316,-0.252088,-0.30186,0.023343,0.00061,0.017272,0.49899,197.69
463,cruise,4955.943166,74.651614,62.12056,98.18613,178.167986,673.630718,26.696747,0.49672,12.037564,28.93596,3624.345524,engine_overspeed,1,3,400,1200,1143.995847,0.646992,-0.444504,-0.091921,0.724289,0.280222,-0.001711,0.173138,0.490909,197.685
464,cruise,4977.238479,75.978065,62.76834,98.342092,179.561305,679.3466,26.374151,0.491605,11.968951,29.880929,3464.514259,engine_overspeed,1,3,400,1200,1161.116276,0.260339,-0.433767,0.607442,-0.220054,0.006332,-0.012318,-0.143835,0.482828,197.68
465,cruise,4980.703102,73.49955,62.757919,98.266159,182.388634,673.027966,26.587148,0.515591,11.812321,30.767974,3431.991246,engine_overspeed,1,3,400,1200,1186.114395,0.031982,-0.36962,-0.073414,-0.717175,-0.088011,0.011366,-0.011831,0.474747,197.675
466,cruise,5008.122264,73.907982,62.650397,98.779564,179.991454,674.711597,26.72385,0.50818,11.865786,30.038943,3669.211163,engine_overspeed,1,3,400,1200,1200.088322,0.205893,0.131451,1.533354,2.938095,0.253656,-0.006406,-0.050141,0.466667,197.67
467,cruise,5033.777493,77.785812,62.88149,97.951617,180.793042,679.188345,26.476033,0.513458,12.119228,30.120891,3615.042343,engine_overspeed,1,3,400,1200,1220.215524,-0.410649,-0.354568,0.699672,0.861068,-0.171689,-0.013934,-0.08875,0.458586,197.665
468,cruise,5059.506431,73.836574,62.962827,97.580638,181.018943,682.556976,26.61833,0.524521,12.250758,30.12006,3415.19303,engine_overspeed,1,3,400,1200,1238.152457,0.452877,-0.734299,-0.647955,-1.147603,-0.066421,-0.002688,-0.132227,0.450505,197.66
469,cruise,5063.061274,74.720799,62.103603,97.236701,180.646609,685.043743,26.573126,0.531929,11.899022,30.313542,3519.556627,engine_overspeed,1,3,400,1200,1256.286131,-0.242898,-1.036422,0.150331,0.370499,0.193952,-0.002422,0.108587,0.442424,197.655
470,cruise,5094.494004,75.294242,62.578208,99.03168,179.838935,683.111783,26.731776,0.518691,11.843133,28.998622,3497.983279,engine_overspeed,1,3,400,1200,1270.719004,-0.045085,-0.042556,-0.691316,0.391846,-0.271877,-0.000693,0.004489,0.434343,197.65
471,cruise,5120.054659,73.518951,61.849666,98.249233,181.263304,684.333038,26.707816,0.535742,11.748021,30.376665,3332.746448,engine_overspeed,1,3,400,1200,1290.81845,0.475882,-0.009426,0.342069,1.523593,0.013847,-0.000997,0.06076,0.426263,197.645
472,cruise,5146.336199,74.688793,62.480464,97.999547,180.898392,678.975924,26.405425,0.532553,11.897386,30.063395,3564.515193,engine_overspeed,1,3,400,1200,1305.151395,-0.433641,-0.212437,0.485021,0.383144,-0.031509,-0.001838,-0.10507,0.418182,197.64
473,cruise,5145.596346,75.228906,62.718651,97.783436,180.953661,685.952814,26.493591,0.544836,11.99936,28.989042,3487.007062,engine_overspeed,1,3,400,1200,1327.831607,0.707137,0.121708,-0.27629,0.358035,0.149322,0.001163,-0.004685,0.410101,197.635
474,cruise,5169.64715,74.301626,63.239358,99.469036,179.796606,683.108088,26.671249,0.542376,11.788876,29.498281,3452.672763,engine_overspeed,1,3,400,1200,1346.11265,0.039434,0.25719,0.05269,1.219728,0.247365,0.005164,0.011828,0.40202,197.63
475,cruise,5149.420116,73.585934,62.900577,97.968044,179.809785,681.168883,26.415543,0.549056,11.916656,31.437846,3418.153954,engine_overspeed,1,3,400,1200,1364.707386,0.102094,0.487452,-0.771158,-0.189883,0.098602,-0.003761,-0.176537,0.393939,197.625
476,cruise,5213.118561,75.62418,62.235283,98.59945,181.343984,683.619523,26.807162,0.557227,11.739196,29.512689,3483.077569,engine_overspeed,1,3,400,1200,1380.360039,-0.154253,0.143597,1.08965,1.060159,0.180115,-0.002497,0.072658,0.385859,197.62
477,cruise,5214.811181,73.957925,63.324692,98.603984,180.269749,682.128665,26.461605,0.546787,11.995539,29.382488,3340.304612,engine_overspeed,1,3,400,1200,1400.483133,0.598201,-0.720828,1.263212,0.114275,0.285652,-0.002404,-0.033159,0.377778,197.615
478,cruise,5237.987095,75.206064,62.97926,99.184454,180.41811,684.344409,26.651043,0.560682,11.738174,30.866206,3423.867047,engine_overspeed,1,3,400,1200,1420.679423,0.457919,0.976257,1.412778,-2.006222,-0.172683,0.002586,-0.016231,0.369697,197.61
479,cruise,5241.049826,73.700327,63.013333,98.27552,178.649876,694.137312,26.611656,0.560855,11.920947,31.140432,3436.672059,engine_overspeed,1,3,400,1200,1439.902698,0.23239,-0.434052,0.494565,1.200792,-0.070349,0.008788,-0.026998,0.361616,197.605
480,cruise,5260.712745,76.522177,62.420504,98.173764,178.948256,691.321473,26.656763,0.560089,11.819366,29.564801,3667.883705,engine_overspeed,1,3,400,1200,1456.147617,-0.270656,0.824624,-0.012336,-1.195962,0.137522,-0.005203,0.009283,0.353535,197.6
481,cruise,5282.382215,75.389587,63.097678,99.143932,180.26734,687.80982,26.523502,0.570789,11.838217,30.091585,3526.207771,engine_overspeed,1,3,400,1200,1469.773457,-0.005015,0.483448,-0.159025,-2.010586,0.118155,-0.005103,0.093881,0.345455,197.595
482,cruise,5268.346132,76.846449,62.547224,98.266873,181.272901,686.723746,26.652039,0.571462,11.917459,31.844377,3353.688881,engine_overspeed,1,3,400,1200,1490.973512,0.240192,1.301635,-0.224477,-0.146522,-0.00185,0.003275,0.003215,0.337374,197.59
483,cruise,5315.390235,73.490679,62.612602,98.647417,177.468193,694.271831,26.680676,0.578361,11.949779,29.143914,3618.031521,engine_overspeed,1,3,400,1200,1511.070411,0.762516,1.143775,-0.506238,-0.323006,0.243027,-0.002835,-0.050616,0.329293,197.585
484,cruise,5353.405694,74.692508,63.171036,97.417812,180.906541,691.591896,26.767851,0.581839,11.97373,28.546506,3656.193686,engine_overspeed,1,3,400,1200,1523.778226,-0.417084,0.74702,0.984575,2.399731,-0.457923,0.009867,-0.010952,0.321212,197.58
485,cruise,5337.384582,74.955984,62.194726,99.044947,181.715368,692.337359,26.405471,0.583843,12.132806,29.987574,3538.423968,engine_overspeed,1,3,400,1200,1549.0292,-0.141253,-0.218596,0.582943,1.025224,-0.121186,-0.006689,-0.059999,0.313131,197.575
486,cruise,5367.29159,75.130971,63.149279,98.254151,180.204868,693.43542,26.431085,0.592068,12.261202,29.710262,3413.361188,engine_overspeed,1,3,400,1200,1562.231234,0.511355,0.192313,0.811183,3.310509,-0.089161,2.2e-05,-0.064811,0.305051,197.57
487,cruise,5384.820069,74.570097,61.715342,98.311795,179.188442,693.310116,26.473491,0.60518,11.965315,29.999751,3495.799497,engine_overspeed,1,3,400,1200,1576.137569,0.076333,-0.209848,-1.12848,1.092294,0.033974,-0.001229,-0.012547,0.29697,197.565
488,cruise,5404.774973,75.32224,62.947279,98.686695,181.805762,690.219425,26.459033,0.597641,12.061493,31.323843,3483.159111,engine_overspeed,1,3,400,1200,1599.577258,0.091688,-0.79899,-0.653805,1.881662,-0.109236,0.003866,-0.064179,0.288889,197.56
489,cruise,5416.621902,74.302935,61.912785,98.803225,179.474244,690.562102,26.714259,0.601852,11.735165,29.551927,3408.918404,engine_overspeed,1,3,400,1200,1616.176663,0.348935,-0.189579,-0.719615,-0.371336,0.056972,0.001459,-0.092503,0.280808,197.555
490,cruise,5450.487835,76.214541,62.447595,98.854847,180.432715,690.196977,26.206812,0.617272,12.043082,31.766582,3389.34619,engine_overspeed,1,3,400,1200,1629.313281,0.945897,-0.165068,-1.417359,2.1483,0.229428,0.002661,-0.075788,0.272727,197.55
491,cruise,5446.376263,74.84969,62.681125,99.085466,181.010022,693.855832,26.38267,0.610613,12.080902,30.130835,3489.667813,engine_overspeed,1,3,400,1200,1656.528757,0.121767,0.378393,0.595583,2.055094,-0.188906,-0.002092,0.02726,0.264646,197.545
492,cruise,5463.845397,74.385694,62.468099,98.591582,179.741229,696.960418,26.409551,0.615003,11.749075,29.268278,3593.757183,engine_overspeed,1,3,400,1200,1676.715255,-0.343942,0.468457,0.173147,-0.250379,0.043058,0.003634,-0.05165,0.256566,197.54
493,cruise,5518.597856,72.820929,62.542761,98.398969,180.593537,694.472622,26.464262,0.621022,11.909401,29.798118,3386.54803,engine_overspeed,1,3,400,1200,1692.305699,-0.278272,0.207765,-0.10707,-0.340726,-0.095021,0.003148,-0.019272,0.248485,197.535
494,cruise,5511.37229,74.636061,62.725127,99.051758,181.409355,693.473436,26.670322,0.636212,11.77119,30.683204,3489.479686,engine_overspeed,1,3,400,1200,1709.920123,0.11544,-0.007046,1.107327,1.426433,0.015858,-0.006802,0.038773,0.240404,197.53
495,cruise,5495.58784,73.353853,63.066272,98.392678,181.087153,699.613918,26.57328,0.631747,11.877135,31.107567,3544.736869,engine_overspeed,1,3,400,1200,1728.909634,0.20731,-0.993795,0.163951,0.489145,-0.014154,-0.001646,0.028084,0.232323,197.525
496,cruise,5578.41788,75.349932,62.81784,98.819463,179.896689,700.09007,26.291199,0.631539,12.076649,29.810792,3402.309295,engine_overspeed,1,3,400,1200,1744.71699,-0.160432,-0.378428,0.194586,-1.35612,-0.080688,-0.006344,-0.050695,0.224242,197.52
497,cruise,5567.212607,74.905898,62.941662,98.714958,179.306469,694.993171,26.406535,0.643403,11.945021,29.729634,3439.527543,engine_overspeed,1,3,400,1200,1765.105468,0.221355,-0.484406,0.762312,1.035235,0.226883,-0.001755,0.029228,0.216162,197.515
498,cruise,5573.440323,74.563876,63.014255,98.987001,181.308907,698.878755,26.226245,0.640723,11.921635,31.469818,3518.140922,engine_overspeed,1,3,400,1200,1781.241352,0.517452,0.3942,0.500677,-0.117263,-0.212746,0.001975,0.00862,0.208081,197.51
499,cruise,5630.161292,73.752042,63.0622,98.561368,179.583178,698.884759,26.471772,0.647147,11.949315,30.199935,3417.615944,engine_overspeed,1,3,400,1200,1801.810448,-0.096953,0.518486,-0.479843,2.417448,-0.124535,-0.000532,0.140208,0.2,197.505
500,cruise,5656.470941,73.336943,61.627694,98.539879,181.172181,700.550498,26.513716,0.649122,11.958089,31.082286,3588.1,engine_overspeed,1,3,400,1200,1800.769663,0.305458,-0.496289,0.832991,-0.91808,0.188633,0.002256,0.075875,0.2,197.5
501,cruise,5612.365302,73.780758,62.737732,99.258078,179.717288,697.934581,26.681508,0.628766,11.747308,29.502119,3631.456677,engine_overspeed,1,3,400,1200,1802.297808,0.057458,0.196634,-0.269225,-0.031992,-0.146298,0.008625,-0.112379,0.2,197.495
502,cruise,5601.758101,73.746591,62.681211,98.365042,179.002585,699.158968,26.298564,0.64602,12.198382,32.120138,3502.925016,engine_overspeed,1,3,400,1200,1797.689057,0.435025,-0.768426,1.289891,1.650601,0.012261,-0.002016,0.017546,0.2,197.49
503,cruise,5590.712868,73.617034,63.033406,98.387114,181.495271,696.732584,26.671263,0.638112,11.992301,29.981401,3417.59052,engine_overspeed,1,3,400,1200,1802.42823,0.672677,-0.151642,1.268722,0.044355,0.015783,0.006116,-0.054617,0.2,197.485
504,cruise,5602.660279,72.904282,62.410935,98.647345,179.554385,700.83721,26.400944,0.645044,12.024718,29.839618,3541.234498,engine_overspeed,1,3,400,1200,1798.271911,0.580678,0.320045,0.160843,-0.973482,-0.080531,-0.004084,-0.057993,0.2,197.48
505,cruise,5637.924802,74.510018,62.59305,99.130623,181.667529,695.634288,26.757095,0.643655,11.892558,31.88531,3452.672443,engine_overspeed,1,3,400,1200,1802.380606,-0.350589,0.368314,0.228623,-1.532331,0.144972,-0.004206,0.047455,0.2,197.475
506,cruise,5631.661248,73.166671,63.234774,98.265694,181.190831,695.645016,26.412842,0.635628,11.72348,29.721004,3393.790963,engine_overspeed,1,3,400,1200,1796.57121,0.353921,0.098553,0.488841,0.266879,-0.076245,-0.000717,-0.068116,0.2,197.47
507,cruise,5608.292748,74.002981,63.751023,98.029402,179.519632,702.691459,26.532633,0.656134,12.058683,30.322524,3577.871397,engine_overspeed,1,3,400,1200,1809.055936,-0.54614,-0.371328,-1.835869,0.479911,-0.191769,0.003478,0.186433,0.2,197.465
508,cruise,5612.269603,74.542224,62.16501,98.202232,180.624911,694.930514,26.449091,0.6487,12.010979,29.105666,3537.787675,engine_overspeed,1,3,400,1200,1802.222869,0.10349,0.278301,-0.157919,-0.238593,0.196467,-0.000573,-0.035881,0.2,197.46
509,cruise,5613.146408,73.087911,62.858478,97.93513,180.732541,698.829062,26.583591,0.64664,11.814203,29.258099,3652.033631,engine_overspeed,1,3,400,1200,1796.487708,0.669895,0.255355,-0.092371,0.678896,0.070457,-0.010587,-0.134764,0.2,197.455
510,cruise,5623.306779,75.044415,62.596276,99.134613,179.410618,699.393507,26.582431,0.640622,11.804383,28.845103,3521.337748,engine_overspeed,1,3,400,1200,1800.045935,-0.204515,0.152013,0.14349,-0.573318,0.22016,-0.001015,0.079002,0.2,197.45
511,cruise,5645.045404,75.390106,63.110832,97.743783,179.721767,696.784885,26.844938,0.654248,11.766853,28.33804,3363.738089,engine_overspeed,1,3,400,1200,1797.161979,-0.312316,-0.125315,-1.040102,0.105373,-0.098837,0.008346,-0.090261,0.2,197.445
512,cruise,5632.154465,73.203715,61.449475,98.964072,179.023622,702.35785,26.57923,0.651785,12.006586,30.597057,3416.230091,engine_overspeed,1,3,400,1200,1798.26618,-0.537601,0.220738,-0.397115,-0.628679,0.043789,-0.002285,0.022097,0.2,197.44
513,cruise,5590.781691,75.621952,63.119824,98.611627,183.124859,699.266015,26.328663,0.64433,11.679024,29.675273,3571.511752,engine_overspeed,1,3,400,1200,1798.827247,-0.030581,0.102236,0.036666,0.833615,0.070897,-0.000669,-0.072833,0.2,197.435
514,cruise,5618.445894,74.101168,62.924668,98.622978,180.196091,693.038828,26.600405,0.648576,12.022012,28.318327,3589.093759,engine_overspeed,1,3,400,1200,1800.67516,-0.483371,-1.173354,-0.332156,0.308719,0.112555,-0.006447,-0.12225,0.2,197.43
515,cruise,5639.442565,75.329082,62.55725,97.843229,179.329439,689.729954,26.988747,0.644462,11.648639,29.98676,3445.331604,engine_overspeed,1,3,400,1200,1801.23606,-0.416207,0.816444,0.15774,0.407189,-0.080153,0.000702,0.084809,0.2,197.425
516,cruise,5631.905848,75.623209,62.803257,98.308449,179.756572,700.759871,26.672807,0.641678,11.752811,29.490617,3388.281758,engine_overspeed,1,3,400,1200,1798.213401,-0.281835,0.218656,-0.719745,-1.265304,0.043595,0.011814,-0.067284,0.2,197.42
517,cruise,5609.570903,74.030511,62.334448,98.532951,180.43765,703.2129,26.592341,0.635728,11.887167,28.336024,3426.108222,engine_overspeed,1,3,400,1200,1799.489838,-0.147241,0.807457,-0.524035,-0.001858,-0.156066,0.001793,-0.014427,0.2,197.415
518,cruise,5584.183983,74.191281,62.786623,98.362688,180.511826,705.070386,26.411155,0.646064,11.669702,31.639128,3382.199003,engine_overspeed,1,3,400,1200,1802.495486,-0.442999,0.133174,0.552553,1.796712,0.165894,-0.004323,0.038487,0.2,197.41
519,cruise,5609.72391,73.747276,62.723878,97.62901,179.379649,703.757655,26.763617,0.638872,11.808619,31.631199,3522.045792,engine_overspeed,1,3,400,1200,1797.286514,0.143728,-0.343724,0.963485,0.88969,-0.045678,0.000888,0.157542,0.2,197.405
520,cruise,5618.331474,75.281357,63.206683,98.882475,180.753346,698.600175,26.796064,0.637881,11.902119,27.914074,3511.567144,engine_overspeed,1,3,400,1200,1798.674672,0.332682,-0.350258,0.005798,-0.91732,0.167015,-0.004327,-0.006741,0.2,197.4
521,cruise,5597.515887,75.901325,62.002274,98.674732,180.196399,698.935767,26.601577,0.653556,11.835242,30.979956,3479.346137,engine_overspeed,1,3,400,1200,1796.130639,-0.077395,0.929584,-0.721475,3.205827,-0.022043,0.004021,-0.020939,0.2,197.395
522,cruise,5596.710218,74.667524,62.585058,99.205009,179.313013,701.138167,26.247014,0.645885,12.000391,29.546451,3367.808055,engine_overspeed,1,3,400,1200,1799.625021,-0.347103,0.540718,-0.607691,2.814943,-0.022751,-0.000909,-0.019015,0.2,197.39
523,cruise,5616.437947,75.620616,62.414541,98.555793,181.035566,703.121592,26.210001,0.640663,11.8653,31.553001,3556.119557,engine_overspeed,1,3,400,1200,1795.814337,0.253753,-0.289283,-0.828156,-0.386289,0.03164,0.003361,0.067676,0.2,197.385
524,cruise,5615.213657,75.805655,63.307142,98.105898,180.775673,701.887367,26.641905,0.645269,11.872715,29.000263,3585.223784,engine_overspeed,1,3,400,1200,1796.797563,0.029849,0.34457,0.075251,0.330853,-0.04482,0.001302,0.044543,0.2,197.38
525,cruise,5561.589204,75.084748,62.921598,97.845838,180.604702,695.599783,26.588525,0.641649,11.946017,27.998604,3403.42092,engine_overspeed,1,3,400,1200,1792.390657,-0.158966,-0.017738,-0.512739,2.770722,-0.165972,0.004787,0.039777,0.2,197.375
526,cruise,5610.211254,74.890705,62.708176,98.571779,180.392814,698.79648,26.50483,0.651038,11.768616,31.206974,3500.416953,engine_overspeed,1,3,400,1200,1797.740965,-0.199976,-0.665415,-0.686795,-3.015949,-0.128544,0.005875,0.058135,0.2,197.37
527,cruise,5619.638,73.333791,62.331397,99.783608,180.088489,702.195514,26.475707,0.643546,11.82555,30.685708,3527.524878,engine_overspeed,1,3,400,1200,1799.062922,-0.131883,-0.37051,-1.580518,-1.179287,0.165482,-0.004544,-0.095544,0.2,197.365
528,cruise,5601.261044,74.861535,63.06767,98.841955,179.630818,694.176746,26.737325,0.643622,11.775057,30.464351,3515.694705,engine_overspeed,1,3,400,1200,1792.973406,0.369563,0.568094,-0.640061,0.003057,0.220855,0.008775,0.10576,0.2,197.36
529,cruise,5628.282649,72.997926,62.516939,99.082008,182.292426,697.502345,26.223034,0.642849,12.155966,30.876495,3391.271384,engine_overspeed,1,3,400,1200,1794.064409,-0.13921,-0.912109,-0.830998,-2.859614,0.147992,0.004206,-0.023737,0.2,197.355
530,cruise,5612.37682,74.091502,63.631507,98.111175,179.976155,699.787518,26.702414,0.653392,11.658364,31.184289,3522.806172,engine_overspeed,1,3,400,1200,1804.326741,0.262928,0.242476,0.295175,-1.224355,0.094519,-0.006291,-0.119853,0.2,197.35
531,cruise,5614.753677,75.550877,62.354157,99.10775,181.371607,698.712488,26.513533,0.640799,12.025972,32.338775,3694.443888,engine_overspeed,1,3,400,1200,1800.673716,-0.130167,-0.702768,-0.343687,-1.18879,-0.271868,0.004339,-0.00424,0.2,197.345
532,cruise,5596.888055,76.04136,62.556472,98.098358,181.240369,704.833489,26.361183,0.635216,11.921493,28.433448,3482.721329,engine_overspeed,1,3,400,1200,1799.836038,-0.170955,-0.101094,0.155337,1.649406,-0.302209,0.002685,0.040523,0.2,197.34
533,cruise,5612.775342,76.205224,62.664955,98.369446,180.048718,700.220622,26.498019,0.641639,12.023548,29.694655,3481.905355,engine_overspeed,1,3,400,1200,1796.637643,0.307699,0.803211,-1.684417,0.3029,0.095805,-0.000191,-0.024631,0.2,197.335
534,cruise,5615.780137,75.981693,62.149366,98.29194,180.098941,696.870135,26.505038,0.644549,11.858069,30.33159,3500.496723,engine_overspeed,1,3,400,1200,1799.382812,-0.449097,-0.06843,-1.11501,0.853707,-0.055516,-0.00636,-0.06386,0.2,197.33
535,cruise,5667.981516,75.041042,62.613905,98.679296,178.651342,701.030023,26.602747,0.642676,11.716675,30.561121,3418.196639,engine_overspeed,1,3,400,1200,1796.820841,0.226374,0.616289,0.654147,-0.662192,-0.01079,0.000133,0.019371,0.2,197.325
536,cruise,5589.565709,73.635295,62.122027,99.29683,178.402226,699.677243,26.370341,0.637811,11.929863,29.917326,3458.819522,engine_overspeed,1,3,400,1200,1799.243909,0.031439,-0.239349,0.193067,0.840496,0.12492,0.006375,0.011242,0.2,197.32
537,cruise,5605.350807,73.742986,63.070766,97.877712,180.695652,700.093768,26.459621,0.65419,11.830867,29.423768,3655.001677,engine_overspeed,1,3,400,1200,1794.228599,0.073448,-0.148663,-0.528111,-0.396339,-0.140404,0.008849,-0.083885,0.2,197.315
538,cruise,5609.098557,75.506719,62.21833,98.225451,180.400125,700.945758,26.666314,0.643656,12.029841,29.626812,3446.488865,engine_overspeed,1,3,400,1200,1805.92783,0.740481,-0.521699,-1.292921,-0.245777,-0.305221,0.004943,-0.075825,0.2,197.31
539,cruise,5627.889542,73.313793,62.862517,98.396695,182.19443,699.6678,26.388442,0.636599,11.921036,29.626334,3408.397942,engine_overspeed,1,3,400,1200,1796.979459,-0.363562,-0.039383,-0.652571,-0.690204,-0.038521,0.003186,-0.055258,0.2,197.305
540,cruise,5637.754179,76.43475,62.552114,98.938172,180.124303,702.706754,26.873003,0.652499,11.986257,30.937768,3532.721455,engine_overspeed,1,3,400,1200,1801.576603,-0.582586,-0.143091,-0.289146,0.254305,-0.106454,-0.001153,-0.000446,0.2,197.3
541,cruise,5600.10665,72.900767,62.127706,98.353354,181.483761,697.303274,26.548909,0.645395,12.018972,31.288292,3508.088302,engine_overspeed,1,3,400,1200,1803.395664,0.006964,0.238008,-0.157674,-0.429525,0.143636,0.00354,-0.042336,0.2,197.295
542,cruise,5610.153918,72.458988,61.995143,97.686256,178.805417,701.704766,26.451196,0.645096,11.976026,28.51258,3480.597195,engine_overspeed,1,3,400,1200,1800.820139,0.115354,-0.014141,0.825675,2.359699,-0.101085,0.003845,-0.044246,0.2,197.29
543,cruise,5600.930659,73.011957,62.830079,99.072104,182.145918,700.162464,26.56794,0.639292,11.789498,31.247573,3481.632653,engine_overspeed,1,3,400,1200,1799.961524,0.144987,-0.392371,-0.427281,2.561084,0.135982,0.009932,-0.033982,0.2,197.285
544,cruise,5627.072218,74.960158,61.945745,98.792849,178.875167,699.911998,27.039518,0.638037,11.762826,30.11272,3423.655445,engine_overspeed,1,3,400,1200,1795.79431,0.017826,0.504979,0.716561,-1.311133,-0.20698,-0.00123,-0.037702,0.2,197.28
545,cruise,5594.039307,76.577679,63.740779,99.304381,178.036129,698.889964,26.571337,0.639521,11.794396,30.914023,3416.611022,engine_overspeed,1,3,400,1200,1798.764743,0.289472,-0.483343,-0.027797,-0.350945,-0.235411,0.006029,-0.002108,0.2,197.275
546,cruise,5603.392475,74.962581,61.806594,98.996823,180.064154,700.475561,26.415078,0.645204,11.922221,29.250661,3475.377736,engine_overspeed,1,3,400,1200,1796.054913,0.194729,-0.102161,1.610232,-1.890771,-0.070231,-0.006028,-0.00461,0.2,197.27
547,cruise,5589.609999,75.068603,62.644008,96.868203,179.404167,697.396023,26.644843,0.643565,11.796232,30.528262,3521.218091,engine_overspeed,1,3,400,1200,1798.059296,0.175213,0.538936,-0.668137,0.298684,0.132534,0.003798,0.068493,0.2,197.265
548,cruise,5625.068698,74.35315,63.245451,98.759618,181.545835,699.447921,26.912768,0.643575,12.074394,30.985567,3461.905624,engine_overspeed,1,3,400,1200,1803.233757,-0.560282,-0.509279,-0.061776,0.749429,0.204107,-0.001379,0.008744,0.2,197.26
549,cruise,5610.165765,74.335118,62.887448,99.56676,180.697084,699.569424,26.504403,0.647309,11.864271,28.894537,3520.23159,engine_overspeed,1,3,400,1200,1800.958232,-0.112191,0.915678,-1.081765,0.318597,0.174857,-0.007015,0.089446,0.2,197.255
550,cruise,5613.868535,75.391264,62.740324,97.877175,182.267453,692.80821,26.457955,0.635234,12.020983,29.0722,3525.406508,engine_overspeed,1,3,400,1200,1803.684845,0.100348,0.119703,0.445834,-1.26848,-0.082098,-0.002368,-0.000796,0.2,197.25
551,cruise,5651.729328,75.591582,62.361381,98.229406,181.114804,697.830736,26.179475,0.628537,11.939547,29.137892,3476.54777,engine_overspeed,1,3,400,1200,1803.891699,-0.63334,-0.673434,0.464679,-0.508549,-0.010425,0.00482,0.075505,0.2,197.245
552,cruise,5606.883801,74.432126,63.262429,99.111544,180.7813,698.668556,26.766665,0.643233,12.073253,30.393613,3400.737587,engine_overspeed,1,3,400,1200,1797.584374,-0.295986,0.593397,-0.892455,-0.022563,-0.094417,0.006641,-0.00418,0.2,197.24
553,cruise,5594.046626,75.683586,62.244616,98.955676,180.680411,694.924441,26.475163,0.651057,12.192223,30.194877,3578.655797,engine_overspeed,1,3,400,1200,1802.839548,-0.145041,0.382829,-0.00207,1.267417,-0.10668,0.000379,0.009547,0.2,197.235
554,cruise,5620.086906,75.321255,62.581139,97.675985,179.926331,700.321726,26.533368,0.645544,11.684337,31.923467,3558.485084,engine_overspeed,1,3,400,1200,1801.010477,0.210891,0.288559,0.514096,0.510549,0.291265,2.2e-05,-0.096906,0.2,197.23
555,cruise,5598.536902,75.264912,61.98382,98.53706,180.233909,698.787777,26.559444,0.641246,12.024978,28.364213,3541.823797,engine_overspeed,1,3,400,1200,1801.921385,-0.123578,-0.63784,-0.759897,0.808847,0.419669,0.00274,-0.036537,0.2,197.225
556,cruise,5636.626966,75.564424,62.663101,98.793735,180.598811,696.710447,26.580602,0.648691,11.776336,30.537846,3597.383568,engine_overspeed,1,3,400,1200,1802.53739,-0.917894,-0.310054,-0.55727,0.260918,-0.084887,-0.004174,0.131766,0.2,197.22
557,cruise,5616.972244,74.844125,62.823067,98.46413,180.095817,702.128316,26.308226,0.649803,11.749938,31.51257,3659.191182,engine_overspeed,1,3,400,1200,1801.715047,-0.282291,-0.306125,-1.461221,-0.820321,-0.135081,0.007924,0.032214,0.2,197.215
558,cruise,5626.181163,74.555244,62.746978,99.032956,183.174396,700.823521,26.358791,0.641592,12.046831,28.788647,3303.745013,engine_overspeed,1,3,400,1200,1800.484304,-0.375308,0.363794,-1.689219,-0.520132,-0.039637,0.004394,0.223485,0.2,197.21
559,cruise,5614.04671,75.423379,63.227078,98.733756,179.683095,701.244311,26.826107,0.648433,11.879941,31.294269,3383.468797,engine_overspeed,1,3,400,1200,1800.881912,0.633834,-0.524786,0.038535,1.587628,-0.182498,-0.001334,0.029133,0.2,197.205
560,cruise,5631.324792,73.448295,61.976689,99.06236,180.19366,697.969836,26.230048,0.64304,12.096452,29.940451,3347.817571,engine_overspeed,1,3,400,1200,1806.925412,0.201662,0.12073,-1.317459,-0.213786,0.244255,0.005692,-0.131118,0.2,197.2
561,cruise,5589.434078,75.219462,62.30136,98.586097,181.703451,696.653947,26.636802,0.643292,11.916536,32.815383,3420.531606,engine_overspeed,1,3,400,1200,1799.437568,0.35168,-0.075746,-0.331244,-0.523339,-0.083825,0.004851,0.023328,0.2,197.195
562,cruise,5642.309813,74.271292,62.485341,99.187428,179.987483,701.378294,26.746209,0.64106,12.023034,30.744862,3479.712564,engine_overspeed,1,3,400,1200,1799.094942,0.520949,-0.020144,-0.121913,-0.77172,0.178976,-0.001974,0.056879,0.2,197.19
563,cruise,5600.477306,72.994286,62.522961,97.9619,180.145739,698.475311,26.613546,0.64874,12.006855,30.632556,3653.532111,engine_overspeed,1,3,400,1200,1800.427403,-0.516222,0.136855,-0.085376,-3.22045,0.155377,0.004494,-0.03081,0.2,197.185
564,cruise,5611.341257,74.093113,63.105907,98.674814,181.41694,703.014754,26.502072,0.641316,11.909388,29.786152,3559.468284,engine_overspeed,1,3,400,1200,1799.139785,-0.160824,0.148893,-0.110542,1.564873,0.031582,-0.004291,-0.004845,0.2,197.18
565,cruise,5601.332694,74.230525,62.491813,97.449788,181.528605,698.38461,26.339681,0.637855,11.724299,30.7293,3503.697327,engine_overspeed,1,3,400,1200,1804.755168,-0.167395,-0.121457,-0.371715,-0.535578,-0.074442,-0.00122,0.035843,0.2,197.175
566,cruise,5594.104106,74.349763,63.344655,98.08955,180.915204,701.83019,26.462589,0.634055,11.944317,29.198735,3659.459933,engine_overspeed,1,3,400,1200,1801.281576,-0.774131,-0.329261,0.513894,0.763652,-0.239828,-0.005115,-0.0317,0.2,197.17
567,cruise,5610.653606,75.174512,62.165475,99.324167,179.162011,703.043891,26.676404,0.651205,12.292761,29.274335,3509.684593,engine_overspeed,1,3,400,1200,1794.764947,-0.119049,-0.13193,0.251181,-2.993311,0.120208,0.004188,-0.02546,0.2,197.165
568,cruise,5610.548368,74.199992,62.088805,98.004534,178.391184,695.647659,27.034055,0.63782,11.818074,29.632777,3542.346645,engine_overspeed,1,3,400,1200,1796.345985,0.302373,0.115288,0.76434,2.342852,0.117639,0.00024,0.117635,0.2,197.16
569,cruise,5587.701349,73.046952,62.151637,98.514308,180.164019,699.813913,26.408731,0.639629,11.894817,30.402394,3484.577002,engine_overspeed,1,3,400,1200,1795.737321,-0.068885,0.028898,-1.438779,-0.290303,-0.251001,-0.002892,-0.037595,0.2,197.155
570,cruise,5624.30201,73.789305,62.574658,97.764115,179.403016,700.033479,26.500228,0.64565,11.875149,31.077645,3382.261306,engine_overspeed,1,3,400,1200,1801.900236,0.501071,0.72888,-0.017757,1.441457,-0.154667,-0.008182,-0.030519,0.2,197.15
571,cruise,5609.433148,75.824801,63.64226,99.314033,180.796013,696.211362,26.622524,0.647632,11.837457,30.839472,3605.86633,engine_overspeed,1,3,400,1200,1802.944854,0.368601,-0.35975,-0.580598,-2.360158,-0.222526,0.01295,-0.044508,0.2,197.145
572,cruise,5606.964524,72.844404,61.956556,97.473607,180.022519,697.891773,26.766584,0.652346,11.997783,28.059227,3659.587421,engine_overspeed,1,3,400,1200,1802.270837,0.058706,-0.196165,-0.130845,0.85537,-0.282332,0.007886,-0.24921,0.2,197.14
573,cruise,5564.692889,73.980119,62.355924,99.889625,180.110661,703.893522,26.594751,0.636194,11.863771,31.096246,3473.213673,engine_overspeed,1,3,400,1200,1801.490767,-0.323467,0.539888,0.377186,-0.341644,-0.209447,-0.008011,-0.021621,0.2,197.135
574,cruise,5627.439083,74.940495,63.288018,97.783718,179.12489,696.657562,26.617177,0.642595,11.90511,31.047838,3433.104138,engine_overspeed,1,3,400,1200,1798.792648,0.332057,-0.356183,0.530417,-0.202361,0.052668,0.00553,0.121213,0.2,197.13
575,cruise,5577.003935,75.344924,62.932595,98.289539,182.148201,705.805117,27.113267,0.64515,11.855649,30.756081,3467.289663,engine_overspeed,1,3,400,1200,1803.424013,-0.188721,0.721886,-0.119437,-0.672609,-0.12519,0.002155,-0.016277,0.2,197.125
576,cruise,5597.372323,74.963492,62.499829,97.975161,179.242994,697.12047,26.7325,0.643509,11.990195,30.133599,3450.039408,engine_overspeed,1,3,400,1200,1802.33802,-0.357097,-0.703469,0.702383,-0.595839,-0.161208,0.013546,-0.024752,0.2,197.12
577,cruise,5625.92258,73.592769,62.013506,98.068036,180.711083,701.48087,26.315607,0.63138,11.881036,31.4291,3640.788984,engine_overspeed,1,3,400,1200,1796.719793,-0.007502,-0.87574,1.106707,1.027213,0.137019,-0.003315,-0.157584,0.2,197.115
578,cruise,5607.506219,75.422126,62.138871,98.917621,181.677919,700.936168,26.652218,0.641342,11.974666,28.455865,3442.008419,engine_overspeed,1,3,400,1200,1795.718895,-0.712284,-0.635129,0.796642,1.029615,0.202221,0.007647,-0.040439,0.2,197.11
579,cruise,5570.12941,74.161889,62.597815,99.548414,179.046626,700.26726,26.399119,0.646797,11.868844,30.931102,3546.770874,engine_overspeed,1,3,400,1200,1794.808459,-0.759671,0.168442,-0.882106,-0.025764,0.161633,-0.003581,-0.031445,0.2,197.105
580,cruise,5595.735154,74.942858,62.952438,99.332376,181.904394,698.728838,26.396496,0.645293,11.771551,30.951512,3445.431692,engine_overspeed,1,3,400,1200,1799.542117,0.212206,0.760407,-1.18478,-0.702948,0.194664,-0.00552,-0.125486,0.2,197.1
581,cruise,5596.484119,71.990058,63.164492,99.231062,179.267814,696.930982,26.315124,0.636911,11.747013,29.029394,3532.066024,engine_overspeed,1,3,400,1200,1796.00486,-0.08374,-0.126813,-0.176042,0.040477,-0.196331,0.001309,0.176257,0.2,197.095
582,cruise,5612.017434,75.251524,62.376601,98.759336,179.849672,700.127944,26.724518,0.646251,11.893489,28.757738,3547.278197,engine_overspeed,1,3,400,1200,1800.679428,0.187891,0.160153,1.075408,-0.499569,-0.077565,-0.002046,-0.0928,0.2,197.09
583,cruise,5630.100442,73.058506,63.318404,98.120361,181.724819,701.94647,26.493081,0.644117,12.079592,30.289999,3460.402338,engine_overspeed,1,3,400,1200,1799.724463,-0.126368,-0.378701,-0.201637,-3.338147,-0.055032,-0.002551,-0.141062,0.2,197.085
584,cruise,5624.376914,74.416378,63.200514,98.639167,180.37422,697.038488,26.389255,0.643357,12.064429,28.75581,3582.495029,engine_overspeed,1,3,400,1200,1799.605722,-0.463284,0.438544,0.471282,0.000612,0.115745,0.00158,0.117293,0.2,197.08
585,cruise,5618.685298,75.654728,62.252628,98.169126,179.394594,702.030011,26.507959,0.648827,11.937564,30.923624,3420.862676,engine_overspeed,1,3,400,1200,1800.923853,0.085552,-0.100467,-0.323427,-1.331243,-0.071147,-0.006247,0.027922,0.2,197.075
586,cruise,5591.322752,75.267324,62.391646,98.614211,179.801365,698.131678,26.589641,0.643059,12.006551,29.174953,3547.565675,engine_overspeed,1,3,400,1200,1800.20671,0.094799,-0.578653,-0.881959,0.764779,0.083062,-0.004099,0.012466,0.2,197.07
587,cruise,5630.986729,75.018789,63.032576,99.581933,181.641877,696.421658,26.497515,0.645156,12.060982,30.57768,3536.573099,engine_overspeed,1,3,400,1200,1798.741942,0.439319,0.078284,1.161291,2.085525,-0.154496,-0.007356,0.017508,0.2,197.065
588,cruise,5604.928775,75.528444,62.545044,98.585431,181.136056,696.249271,26.464923,0.641817,11.705088,29.235511,3481.202133,engine_overspeed,1,3,400,1200,1802.026614,0.327936,-0.350809,-0.766206,1.31097,0.081652,0.003445,-0.130323,0.2,197.06
589,cruise,5622.51309,75.095335,62.329423,98.126147,179.719755,700.974755,26.372773,0.647031,11.920741,29.004482,3496.920604,engine_overspeed,1,3,400,1200,1798.898031,0.010047,0.572285,0.097799,2.83051,0.00996,0.007483,0.045541,0.2,197.055
590,cruise,5623.590911,76.377444,62.532103,97.721716,180.432225,699.321949,26.545681,0.634939,11.937344,29.31932,3393.125893,engine_overspeed,1,3,400,1200,1799.347063,0.239796,0.71437,0.663584,1.572308,-0.175746,0.004566,-0.034536,0.2,197.05
591,cruise,5632.941279,74.419693,61.807754,98.847739,179.967918,701.932614,26.531148,0.642352,11.616311,31.241644,3509.888458,engine_overspeed,1,3,400,1200,1803.755069,0.332206,1.26665,0.524481,-0.686129,-0.117918,6.1e-05,0.127376,0.2,197.045
592,cruise,5621.102999,74.307221,63.613603,99.104033,179.860897,701.816034,26.253048,0.648969,11.995622,28.179759,3509.981702,engine_overspeed,1,3,400,1200,1803.806871,0.318176,-0.119447,-1.064449,-0.706386,-0.22581,0.008534,0.003117,0.2,197.04
593,cruise,5614.11544,73.727838,62.931009,98.266574,180.017652,700.45044,26.450831,0.643396,12.294202,30.071925,3582.803968,engine_overspeed,1,3,400,1200,1795.787539,-0.056899,-0.214974,-0.537497,-0.679495,-0.174818,0.003271,-0.010972,0.2,197.035
594,cruise,5600.331126,74.774685,62.738775,98.628484,180.448653,701.372972,26.642294,0.639484,11.888817,31.373696,3445.6655,engine_overspeed,1,3,400,1200,1796.903609,-0.044258,0.357937,0.568849,-2.112172,0.073684,-0.003857,-0.024993,0.2,197.03
595,cruise,5614.847467,73.904482,62.572915,98.098833,180.912172,698.510347,26.460797,0.638626,12.079728,30.942379,3505.491221,engine_overspeed,1,3,400,1200,1797.954013,0.272735,0.148705,0.650755,-3.043534,0.040631,0.006135,0.007735,0.2,197.025
596,cruise,5638.723119,75.799769,61.921529,98.50205,179.309073,704.300179,26.572574,0.647183,11.984183,29.621428,3500.290033,engine_overspeed,1,3,400,1200,1800.70521,0.185192,0.460624,0.414535,0.292764,0.266554,0.001409,0.092738,0.2,197.02
597,cruise,5610.86613,74.092557,62.40658,98.994172,178.114653,701.102415,26.45298,0.643484,12.125673,31.403585,3488.583076,engine_overspeed,1,3,400,1200,1802.423775,-0.454273,0.254949,-0.422724,1.781216,0.084589,-0.010487,0.080737,0.2,197.015
598,cruise,5602.238935,75.587602,62.308274,99.04173,181.779426,701.299548,26.660609,0.641991,12.077084,30.395514,3548.254558,engine_overspeed,1,3,400,1200,1800.832761,-0.304601,0.575838,0.553778,-0.481637,0.020002,0.002834,0.048486,0.2,197.01
599,cruise,5629.248959,74.414365,63.173179,98.710784,180.680182,699.0233,26.53834,0.640329,12.01385,28.542341,3450.561803,engine_overspeed,1,3,400,1200,1805.27339,-0.009196,-0.157578,-0.368601,-2.681934,0.177787,0.006872,-0.007691,0.2,197.005
600,cruise,5607.759303,74.145947,62.446374,99.152983,180.626211,700.719797,26.515327,0.639088,11.775885,29.55121,3554.878852,engine_overspeed,1,3,400,1200,1797.662721,-0.541996,-0.51138,-0.643807,2.136114,0.190028,0.006302,-0.063133,0.2,197.0
601,cruise,5615.675434,73.625702,62.807181,98.222674,180.490643,703.968208,26.323704,0.641472,11.803357,31.131112,3436.607989,engine_overspeed,1,3,400,1200,1797.956045,0.403718,-0.320461,-0.593638,1.742381,-0.21002,-0.000286,0.010198,0.2,196.995
602,cruise,5603.366356,74.662166,62.73873,97.951912,180.235802,702.525694,26.430175,0.649795,11.844878,30.602047,3474.66652,engine_overspeed,1,3,400,1200,1800.683229,0.577008,0.395474,-0.726481,0.844649,-0.093079,-0.00164,-0.015067,0.2,196.99
603,cruise,5612.791311,74.758933,62.504039,99.173775,179.194761,697.330255,26.066254,0.640516,12.035513,30.606129,3405.781458,engine_overspeed,1,3,400,1200,1798.433213,-0.733568,0.319854,0.040367,0.464594,-0.074191,-0.00815,-0.000488,0.2,196.985
604,cruise,5615.796703,71.873748,62.622204,97.756259,180.700976,699.6964,26.218273,0.647553,11.835205,29.767024,3570.894045,engine_overspeed,1,3,400,1200,1802.660039,-0.005023,-0.915557,0.197223,-1.368657,-0.073987,0.003961,0.155326,0.2,196.98
605,cruise,5621.510596,74.306586,63.04009,99.114273,180.206954,702.250785,26.65495,0.636511,11.976953,30.618815,3558.570905,engine_overspeed,1,3,400,1200,1802.568825,-0.066207,0.170609,-0.398562,1.443627,0.172729,-0.005883,0.05661,0.2,196.975
606,cruise,5603.118594,75.442398,62.730769,99.28833,180.186401,698.40353,26.212567,0.645739,11.643941,29.344623,3293.951562,engine_overspeed,1,3,400,1200,1799.29935,0.260345,-0.121492,-0.204884,2.25962,-0.206393,0.002477,-0.068412,0.2,196.97
607,cruise,5620.112224,74.778289,63.043696,97.847338,179.086277,698.05837,26.406051,0.645737,12.000871,29.741711,3483.673963,engine_overspeed,1,3,400,1200,1804.438773,-0.011596,-0.685751,1.353095,1.891287,-0.013962,-0.00076,-0.032914,0.2,196.965
608,cruise,5589.027276,73.695761,62.15786,98.279083,179.053887,702.117825,26.798755,0.655785,12.194808,28.986318,3293.739704,engine_overspeed,1,3,400,1200,1798.239155,-0.452878,-0.575855,0.427784,-0.485214,0.044859,0.001779,-0.039981,0.2,196.96
609,cruise,5627.266117,74.726648,62.384203,98.571533,179.28945,704.28689,26.599802,0.643592,11.98099,29.80265,3594.296413,engine_overspeed,1,3,400,1200,1797.803449,-0.507621,0.060249,-0.906239,-1.450444,0.018498,0.000457,0.028176,0.2,196.955
610,cruise,5596.595021,75.513676,62.929954,98.693953,179.477519,702.447556,26.651958,0.649717,12.10328,31.04777,3346.519318,engine_overspeed,1,3,400,1200,1795.07916,0.765974,0.247745,0.770001,-1.345614,0.091411,0.00524,-0.130476,0.2,196.95
611,cruise,5602.937008,75.170461,62.210568,97.856404,180.480314,696.668144,26.638554,0.647729,11.879857,28.800124,3481.766568,engine_overspeed,1,3,400,1200,1800.700352,0.487236,-0.022739,-0.782722,0.28015,0.213615,0.000336,-0.005804,0.2,196.945
612,cruise,5627.128603,73.111629,62.069875,98.236544,181.35027,702.424208,26.3497,0.650632,11.650234,30.49079,3576.069096,engine_overspeed,1,3,400,1200,1807.023975,-0.12555,-0.003523,0.596195,-1.205534,-0.126261,0.003995,0.06755,0.2,196.94
613,cruise,5583.097511,73.623103,61.505977,98.380608,181.621253,696.554782,26.465746,0.636043,12.134417,30.249345,3537.149785,engine_overspeed,1,3,400,1200,1799.352956,0.133259,-0.172269,-0.50516,-1.543287,-0.227533,0.006311,0.024847,0.2,196.935
614,cruise,5604.837695,74.274854,62.848012,98.174963,179.260999,703.755248,26.277594,0.65205,12.075031,30.167093,3501.713451,engine_overspeed,1,3,400,1200,1804.151753,0.292736,0.375464,-0.35406,-1.875155,-0.036338,0.011034,0.09938,0.2,196.93
615,cruise,5583.936934,74.811647,62.57258,98.684221,179.978532,702.091686,26.31547,0.646444,11.977508,30.819272,3462.876663,engine_overspeed,1,3,400,1200,1799.34944,-0.287918,-0.08063,-0.065442,-0.320453,0.010785,0.004216,-0.012783,0.2,196.925
616,cruise,5580.81005,72.258515,62.643377,98.312912,179.04058,705.013676,26.232905,0.646531,11.745095,32.067856,3447.518523,engine_overspeed,1,3,400,1200,1799.141493,0.132935,0.045416,1.342708,-1.506983,-0.075771,0.004333,-0.108024,0.2,196.92
617,cruise,5634.673017,75.081109,62.719341,98.434435,180.241166,699.874108,26.471934,0.643478,11.853062,29.522554,3447.180927,engine_overspeed,1,3,400,1200,1797.931653,-0.538052,-0.173505,0.155561,1.220734,0.152198,-0.009903,-0.101971,0.2,196.915
618,cruise,5617.919044,75.205664,63.25588,97.994156,178.727453,703.961261,26.643633,0.652715,11.861649,30.553513,3519.789321,engine_overspeed,1,3,400,1200,1795.249159,0.605146,-0.327444,0.12419,2.40147,-0.080923,0.005083,-0.091167,0.2,196.91
619,cruise,5614.76394,74.118875,61.853602,98.5052,180.686829,696.816772,26.32414,0.641662,12.058852,30.230075,3573.530168,engine_overspeed,1,3,400,1200,1799.756723,0.737212,0.105909,-0.84556,0.351397,0.032202,0.001737,0.047965,0.2,196.905
620,cruise,5581.547866,74.743263,62.368646,97.846845,178.560318,697.760939,26.710062,0.647621,12.158995,31.881247,3502.997884,engine_overspeed,1,3,400,1200,1800.955461,0.485632,0.003751,0.491912,0.709488,0.047712,0.006083,0.083642,0.2,196.9
621,cruise,5619.71277,75.497576,62.303469,97.926348,181.899704,698.451156,26.450177,0.649799,12.019665,30.509891,3528.682553,engine_overspeed,1,3,400,1200,1800.520047,0.25646,-0.219988,0.158533,-1.075512,0.051384,0.00061,-0.067343,0.2,196.895
622,cruise,5613.430796,75.501715,62.841775,98.69988,181.958553,701.310482,26.353775,0.641976,11.889211,30.187813,3349.858632,engine_overspeed,1,3,400,1200,1798.071407,-0.56069,-0.695485,1.558353,-1.297799,0.01109,-0.001579,-0.077386,0.2,196.89
623,cruise,5617.980337,73.623522,62.745353,97.595703,177.536836,699.965276,26.274626,0.640444,11.689181,30.345435,3557.944556,engine_overspeed,1,3,400,1200,1804.730286,0.097333,0.053772,-1.125388,-0.31706,0.100439,0.000794,-0.038551,0.2,196.885
624,cruise,5634.267482,74.188242,62.08447,98.146606,181.604871,698.306493,26.438593,0.651556,11.895937,29.350437,3430.995,engine_overspeed,1,3,400,1200,1806.116138,0.076345,-0.471945,0.147559,-0.785122,0.203623,-0.001577,0.035493,0.2,196.88
625,cruise,5614.76955,75.144785,62.823431,98.681479,180.750257,702.06529,26.766611,0.646691,11.992105,30.967194,3468.261594,engine_overspeed,1,3,400,1200,1799.653898,-0.076501,0.540729,0.084447,1.671518,0.067704,-0.005839,0.051373,0.2,196.875
626,cruise,5633.614801,72.666114,62.360774,97.606654,180.471521,704.297609,26.782807,0.639193,11.9722,31.56906,3544.472399,engine_overspeed,1,3,400,1200,1801.675609,-0.077293,-0.202182,-1.270258,-0.931108,0.296365,-0.001412,-0.077408,0.2,196.87
627,cruise,5581.563797,75.834782,62.55193,97.492105,183.0664,700.746175,26.80047,0.650024,11.821211,32.422839,3634.142867,engine_overspeed,1,3,400,1200,1802.022937,-0.246958,-0.787868,1.282571,-0.827917,-0.137785,-0.004572,0.102365,0.2,196.865
628,cruise,5628.507255,73.001626,62.136134,98.39092,181.613614,697.940368,26.4261,0.649357,11.707924,30.476696,3593.143594,engine_overspeed,1,3,400,1200,1802.881662,-0.405422,-0.37127,-0.650761,-0.692566,-0.22701,-0.002327,0.149297,0.2,196.86
629,cruise,5619.048021,73.346389,62.811819,98.953696,179.919746,694.007403,26.310824,0.64507,11.903433,29.686416,3641.021305,engine_overspeed,1,3,400,1200,1798.765341,-0.473791,-0.056717,1.276792,0.643281,0.117903,0.007713,0.066548,0.2,196.855
630,cruise,5586.941645,73.901451,62.782661,98.411815,179.665305,704.906256,26.355893,0.63201,11.841688,29.534105,3512.382444,engine_overspeed,1,3,400,1200,1801.197335,0.164842,-0.190638,0.083833,-1.431503,0.183544,-0.001485,-0.070178,0.2,196.85
631,cruise,5628.235431,76.428241,61.845318,99.046601,179.950351,696.705765,26.460839,0.648086,12.138671,31.319082,3434.980328,engine_overspeed,1,3,400,1200,1797.592589,0.247488,0.427766,-0.166749,1.498677,0.277684,0.000281,-0.092092,0.2,196.845
632,cruise,5633.675898,74.16915,62.385017,97.853225,179.456734,698.962012,26.722339,0.645006,11.771809,29.020219,3533.767301,engine_overspeed,1,3,400,1200,1799.934672,0.188366,-0.008643,-0.524243,1.612859,-0.027069,0.001726,0.015385,0.2,196.84
633,cruise,5593.935898,75.646999,62.24418,97.999562,180.531438,704.804582,26.713307,0.639283,11.649962,30.767764,3394.024167,engine_overspeed,1,3,400,1200,1798.525089,-0.07813,-0.190808,0.628791,-1.087488,-0.046235,-0.001867,-0.019622,0.2,196.835
634,cruise,5569.682475,74.981083,62.387817,98.958015,180.636311,700.9845,26.404544,0.646385,11.750881,31.256394,3464.261015,engine_overspeed,1,3,400,1200,1795.268311,0.268639,-0.086163,-0.458653,-0.503277,0.154638,0.003162,0.051151,0.2,196.83
635,cruise,5621.849527,75.347888,62.873078,98.712467,180.647322,698.711705,26.825429,0.63728,11.732124,29.811974,3615.145498,engine_overspeed,1,3,400,1200,1793.117316,0.380748,0.091308,0.296053,-0.926637,-0.189723,-0.002578,0.027216,0.2,196.825
636,cruise,5627.217182,73.444719,63.034527,98.995238,181.37706,696.858988,26.324954,0.637917,12.050199,27.497425,3512.25692,engine_overspeed,1,3,400,1200,1804.547226,0.151186,1.506925,-0.277195,0.928247,-0.18487,0.001299,0.026859,0.2,196.82
637,cruise,5618.69184,73.951248,62.942113,98.844011,181.061535,699.457063,26.488151,0.642942,11.850276,29.810727,3604.560168,engine_overspeed,1,3,400,1200,1798.161941,0.360102,0.012459,0.00038,1.715083,0.091545,-0.002427,0.178454,0.2,196.815
638,cruise,5616.642852,76.467382,62.979813,97.579899,181.976555,699.996523,26.75293,0.648108,11.880431,29.202098,3472.666449,engine_overspeed,1,3,400,1200,1794.521132,-0.927998,-0.530742,0.236831,-0.067037,0.065764,0.008387,0.0835,0.2,196.81
639,cruise,5607.483056,74.588231,62.569356,97.874081,180.32851,699.946491,26.600342,0.640671,11.945446,30.285913,3491.354271,engine_overspeed,1,3,400,1200,1798.426331,-0.669393,-0.606087,0.961961,0.263153,-0.019189,-0.001148,0.126124,0.2,196.805
640,cruise,5598.077225,73.313919,62.867869,98.970008,179.274566,700.038088,26.42104,0.639731,11.945107,29.472399,3605.313683,engine_overspeed,1,3,400,1200,1798.084639,-0.369738,-0.688892,-0.505181,-1.039002,-0.224001,0.005549,-0.081116,0.2,196.8
641,cruise,5615.514635,75.194616,62.370125,99.013864,178.270417,697.416784,26.469665,0.650312,11.683531,28.755215,3548.988184,engine_overspeed,1,3,400,1200,1799.94958,-0.203805,0.16477,2.115651,-1.435602,0.122563,-0.006408,-0.021984,0.2,196.795
642,cruise,5603.640989,74.695237,63.301269,97.646408,179.535795,698.704666,26.662208,0.646676,12.07036,29.425936,3495.755924,engine_overspeed,1,3,400,1200,1798.769078,-0.617446,-1.208454,1.205617,0.794505,0.020579,0.006477,0.024207,0.2,196.79
643,cruise,5607.130504,76.653758,61.941091,97.924237,180.506192,698.987049,26.685036,0.646457,11.84193,30.021357,3335.680972,engine_overspeed,1,3,400,1200,1799.207083,0.006229,0.461642,-0.086606,1.279275,0.240232,0.0007,0.009024,0.2,196.785
644,cruise,5660.263758,77.349438,62.471849,98.723217,181.278919,696.440151,26.052798,0.642238,11.72758,30.921272,3443.613694,engine_overspeed,1,3,400,1200,1795.780667,0.131489,-0.353975,-0.379601,-0.114922,-0.046758,0.001772,0.020532,0.2,196.78
645,cruise,5611.047308,74.138925,62.84575,97.17606,179.862052,700.034357,26.21932,0.64858,11.551433,30.373041,3418.634123,engine_overspeed,1,3,400,1200,1797.27989,-0.260809,0.198578,1.1686,-0.174311,-0.18429,0.003227,0.016759,0.2,196.775
646,cruise,5615.998379,75.448439,63.30496,98.696523,179.960607,702.819246,26.58318,0.635572,12.184568,31.201888,3521.585646,engine_overspeed,1,3,400,1200,1795.567449,-0.249405,0.045864,1.117211,-1.806261,-0.006088,-0.001632,-0.080306,0.2,196.77
647,cruise,5628.704254,75.115362,62.887143,98.429975,178.4093,696.537373,26.826786,0.636979,11.885734,28.855415,3615.380664,engine_overspeed,1,3,400,1200,1800.346622,0.092643,-0.233726,-0.83223,1.777319,0.250732,-0.000908,0.070444,0.2,196.765
648,cruise,5623.834725,74.932437,63.536766,98.833521,180.034975,698.63276,26.500015,0.649284,11.931942,30.053536,3538.486857,engine_overspeed,1,3,400,1200,1804.45335,-0.345568,-0.688158,-1.574765,1.309865,-0.082793,0.007753,-0.164518,0.2,196.76
649,cruise,5605.26472,75.030451,62.541231,99.517327,178.748898,697.329714,26.45849,0.647131,11.978198,28.447267,3500.197825,engine_overspeed,1,3,400,1200,1794.362057,-0.189324,-0.381961,-0.141613,2.709359,-0.011749,0.003531,0.01738,0.2,196.755
650,cruise,5645.195778,74.788793,62.882976,98.755543,179.420976,696.23757,26.711425,0.647674,12.060305,29.332528,3548.376376,engine_overspeed,1,3,400,1200,1802.820157,-0.791973,1.023671,-0.502025,-0.583718,0.032737,-0.000398,-0.045365,0.2,196.75
651,cruise,5612.132818,75.553245,61.942535,98.961488,178.552742,693.811722,26.403013,0.628964,11.906413,28.833763,3492.670774,engine_overspeed,1,3,400,1200,1799.011228,0.167593,-0.23368,-0.550929,0.282025,-0.053926,0.000519,-0.087909,0.2,196.745
652,cruise,5602.587053,73.696184,62.166653,98.223857,180.763766,696.723525,26.343609,0.651285,11.956283,28.826683,3490.124786,engine_overspeed,1,3,400,1200,1802.681679,-0.329627,0.011495,0.141911,-0.061236,-0.091029,-0.000393,0.094768,0.2,196.74
653,cruise,5580.100084,74.940119,63.172555,98.625719,181.56658,700.281423,26.532814,0.648949,11.814898,30.870334,3467.7253,engine_overspeed,1,3,400,1200,1798.140739,-0.713121,-0.868605,-1.070296,-3.754368,0.10402,-0.007695,0.122438,0.2,196.735
654,cruise,5543.031868,76.247921,62.104186,98.379355,179.997009,699.237996,26.531717,0.643321,12.100769,29.0281,3437.452043,engine_overspeed,1,3,400,1200,1796.962334,0.337256,-1.197327,0.039388,2.272198,-0.017334,-0.005541,-0.022753,0.2,196.73
655,cruise,5610.536504,74.207965,61.829548,99.716696,181.048183,697.494973,26.555972,0.644896,11.935725,29.042943,3452.897493,engine_overspeed,1,3,400,1200,1800.133394,0.2525,-0.590218,-1.552509,-1.653293,0.097348,-0.004533,0.004082,0.2,196.725
656,cruise,5605.795267,75.123578,62.687048,98.710891,178.677396,698.60977,26.605907,0.646654,12.020242,30.862863,3568.185148,engine_overspeed,1,3,400,1200,1798.753038,0.24137,-0.640362,0.105372,-0.463956,0.253156,-0.006493,0.056137,0.2,196.72
657,cruise,5600.176454,75.903168,62.308568,99.428916,178.709037,701.908991,26.246153,0.641597,12.019717,28.96598,3659.095617,engine_overspeed,1,3,400,1200,1797.168837,-0.164158,-0.789209,0.207504,-2.00902,-0.079253,0.001718,-0.033643,0.2,196.715
658,cruise,5631.580466,74.691985,62.206857,98.611995,180.069797,700.125319,26.295677,0.649791,11.997031,28.341078,3482.070057,engine_overspeed,1,3,400,1200,1798.093332,0.206195,-0.504519,1.021566,-0.174496,0.148711,0.007895,-0.256428,0.2,196.71
659,cruise,5593.210927,73.556443,62.527639,97.84563,180.920477,701.79338,26.453186,0.650934,12.021519,30.575796,3362.27909,engine_overspeed,1,3,400,1200,1800.834335,-0.02889,-0.661972,0.317313,-2.593917,-0.091617,0.004693,-0.063732,0.2,196.705
660,cruise,5592.885443,76.168363,62.68836,100.262469,179.629474,696.003381,26.819848,0.644088,11.922937,30.202044,3537.267163,engine_overspeed,1,3,400,1200,1799.148705,0.0248,-0.266126,0.456461,-0.505214,0.038366,-0.000492,-0.022891,0.2,196.7
661,cruise,5579.169304,74.837664,62.448555,98.395872,179.263698,699.929501,26.366091,0.636019,11.794806,28.78997,3444.354052,engine_overspeed,1,3,400,1200,1796.920371,-0.234098,0.006809,-0.684551,0.769828,0.08736,-0.008287,0.106754,0.2,196.695
662,cruise,5581.158274,76.174116,61.936354,98.559776,179.823535,700.696382,26.596132,0.646908,11.968594,29.73505,3471.324894,engine_overspeed,1,3,400,1200,1801.296155,0.127228,-0.376794,-0.056892,-1.394269,-0.083948,-0.007837,-0.083657,0.2,196.69
663,cruise,5611.158726,73.866635,63.100481,99.201915,181.290657,697.364843,26.282655,0.654649,12.056413,30.015104,3586.047214,engine_overspeed,1,3,400,1200,1799.024005,-0.27195,-0.1098,0.160914,0.668119,0.101463,-0.004358,0.14263,0.2,196.685
664,cruise,5607.957099,73.232419,62.24644,98.017073,179.120227,694.186071,26.613698,0.636735,12.160986,30.17037,3341.017314,engine_overspeed,1,3,400,1200,1796.689151,0.03217,0.182122,0.899204,2.567831,0.191173,0.000532,0.026191,0.2,196.68
665,cruise,5594.9228,74.962382,62.029266,98.827028,180.756293,700.698322,26.165997,0.653527,11.99112,30.866311,3531.804842,engine_overspeed,1,3,400,1200,1798.02003,0.421633,-0.270483,-0.173276,1.75736,0.028979,0.004756,0.044465,0.2,196.675
666,cruise,5627.190212,72.762134,62.320546,98.994306,181.126575,695.068028,26.501225,0.642764,11.690615,29.769917,3491.953558,engine_overspeed,1,3,400,1200,1798.517418,-0.079808,0.632248,0.22125,2.33361,-0.132547,0.009679,0.074484,0.2,196.67
667,cruise,5604.603638,73.414897,62.139643,98.537,179.251588,701.56893,26.56869,0.635817,12.097565,31.662105,3475.172154,engine_overspeed,1,3,400,1200,1797.370738,-0.4945,-0.421271,0.160229,-1.922711,-0.205749,-0.00327,-0.002692,0.2,196.665
668,cruise,5614.688366,75.562694,62.063441,98.748904,182.982372,703.881566,26.322134,0.645424,12.037449,29.66312,3411.229283,engine_overspeed,1,3,400,1200,1797.836885,-0.498645,0.213471,-1.292935,1.501954,-0.131874,-0.005836,-0.082475,0.2,196.66
669,cruise,5647.002933,75.578392,63.425743,98.471801,180.231807,696.47531,26.570781,0.643105,12.153244,30.926569,3416.923592,engine_overspeed,1,3,400,1200,1800.214202,-0.444401,0.20397,-0.768036,-0.281986,-0.077434,-0.011031,0.081869,0.2,196.655
670,cruise,5604.570048,74.111708,62.410684,98.551266,181.982635,701.081039,26.696734,0.646055,12.01933,29.0236,3258.193719,engine_overspeed,1,3,400,1200,1795.184693,-0.387415,0.771962,-1.370675,-2.195618,0.074331,0.008298,0.131258,0.2,196.65
671,cruise,5599.22192,73.133345,62.836336,98.821607,180.497143,700.850103,26.460138,0.635334,11.907823,30.249511,3616.50499,engine_overspeed,1,3,400,1200,1801.553291,-0.371646,-0.732947,-0.782563,-3.400143,-0.053799,-0.003055,0.112624,0.2,196.645
672,cruise,5598.189304,74.908086,62.795873,98.530905,179.969666,699.919212,26.564316,0.633506,11.864479,29.708229,3467.643664,engine_overspeed,1,3,400,1200,1802.109814,0.512337,-0.006027,-0.274683,0.320907,0.051139,0.001791,0.06537,0.2,196.64
673,cruise,5611.096333,75.612692,62.05303,98.588293,182.106178,698.077312,26.746362,0.641253,11.851549,30.439374,3535.58211,engine_overspeed,1,3,400,1200,1803.654897,-0.086171,-0.452846,-0.814886,1.177744,0.194841,0.003888,-0.072492,0.2,196.635
674,cruise,5606.675066,75.410423,62.716878,98.856892,181.142098,699.263697,26.367487,0.643826,12.379656,31.138944,3457.467838,engine_overspeed,1,3,400,1200,1797.759697,-0.145684,-0.354829,0.580361,-0.739787,0.176029,0.004128,0.070527,0.2,196.63
675,cruise,5609.803211,72.934667,63.079383,98.423316,179.903326,700.956081,26.707861,0.650109,12.044747,31.28794,3602.716439,engine_overspeed,1,3,400,1200,1801.845394,0.144242,-0.307548,1.186295,-0.366723,-0.275932,0.001323,0.093176,0.2,196.625
676,cruise,5594.087205,75.470186,61.746091,98.667874,178.554184,696.106271,26.292135,0.639636,11.709296,30.054061,3523.893619,engine_overspeed,1,3,400,1200,1797.840566,0.671248,-0.248106,0.569508,0.49161,0.150796,-0.007111,0.07288,0.2,196.62
677,cruise,5608.360899,73.893763,62.979236,98.046974,180.824887,703.140176,26.354032,0.632632,11.876375,30.500263,3549.62707,engine_overspeed,1,3,400,1200,1797.096492,0.281467,-0.592865,-0.886591,0.853345,-0.1373,0.011906,0.069985,0.2,196.615
678,cruise,5598.221471,72.345696,62.632207,98.594823,180.682013,699.294055,26.609119,0.648843,11.836916,31.027801,3579.426494,engine_overspeed,1,3,400,1200,1803.364975,-0.077081,0.472484,0.263935,2.0966,-0.178132,-0.00661,0.025879,0.2,196.61
679,cruise,5638.166716,74.959765,62.267524,98.559776,180.6355,697.832165,26.926834,0.634923,11.961746,29.692076,3403.469128,engine_overspeed,1,3,400,1200,1800.513289,0.221697,-0.343775,0.130007,0.209934,0.017646,0.00016,-0.077346,0.2,196.605
680,cruise,5619.673947,72.349898,62.446996,97.557073,180.022253,700.288354,26.816243,0.652945,11.916559,30.37681,3405.276143,engine_overspeed,1,3,400,1200,1803.168898,-0.282528,-0.591215,0.297713,-1.558975,-0.090369,-0.001521,0.029198,0.2,196.6
681,cruise,5590.468934,77.291617,62.036867,98.936167,181.143337,701.795114,26.782092,0.643545,11.884291,30.38978,3406.102498,engine_overspeed,1,3,400,1200,1802.756371,-0.993541,0.385549,0.811552,-2.149276,0.189402,-0.004418,-0.017064,0.2,196.595
682,cruise,5594.186513,73.326114,62.618869,97.571483,182.442766,702.263878,26.382621,0.642112,11.753369,29.603311,3427.72638,engine_overspeed,1,3,400,1200,1802.433748,-0.431681,-0.009699,-0.668094,-0.769598,-0.107252,-0.000203,0.029883,0.2,196.59
683,cruise,5606.244898,75.23178,63.743753,99.379218,181.050118,698.51622,26.597024,0.640756,11.758824,30.769345,3479.116327,engine_overspeed,1,3,400,1200,1797.929234,0.105664,0.402077,-1.380214,-1.878714,0.012749,-0.000832,-0.115618,0.2,196.585
684,cruise,5635.056324,74.202093,62.776235,99.01455,180.022981,700.364801,26.541799,0.64544,12.008695,28.821844,3554.838721,engine_overspeed,1,3,400,1200,1805.008421,-0.331762,-0.089896,0.650462,1.035872,0.022086,-0.002268,0.005253,0.2,196.58
685,cruise,5599.765307,74.263038,62.243402,97.86588,181.376741,699.219655,26.490484,0.651104,11.942865,29.971636,3608.136648,engine_overspeed,1,3,400,1200,1797.269751,-0.19731,-0.229706,-1.358942,-1.29121,-0.085665,-0.009967,-0.074111,0.2,196.575
686,cruise,5591.10567,74.967541,62.162906,97.996087,179.668281,699.334361,26.360304,0.641134,12.088032,30.015438,3540.550703,engine_overspeed,1,3,400,1200,1803.245136,0.195343,-0.829807,-1.146183,2.491085,0.096735,-0.005393,0.00127,0.2,196.57
687,cruise,5612.941891,73.41229,62.335331,98.647668,180.243984,702.239376,26.689234,0.636357,12.075186,31.805076,3350.955778,engine_overspeed,1,3,400,1200,1800.799819,0.209715,0.191877,-0.489229,1.053714,-0.117966,0.010193,0.034419,0.2,196.565
688,cruise,5601.930851,74.900939,61.954356,97.531941,181.136985,697.118078,26.607243,0.646188,12.032692,30.802068,3541.248103,engine_overspeed,1,3,400,1200,1804.042739,0.135261,-0.524048,0.208141,0.371214,-0.093498,0.001595,-0.020584,0.2,196.56
689,cruise,5571.572186,73.764946,63.252441,98.353249,177.324273,697.793456,26.514366,0.639273,12.079302,29.503836,3366.892567,engine_overspeed,1,3,400,1200,1800.798918,0.104389,0.886763,-0.800406,-1.113001,-0.354929,0.00062,0.007642,0.2,196.555
690,cruise,5629.872378,74.178076,62.408441,98.195108,180.975778,702.416118,26.665744,0.646171,11.798775,31.301876,3456.268154,engine_overspeed,1,3,400,1200,1796.459557,0.090211,-0.057946,0.005478,-1.634212,0.172799,0.008682,0.078486,0.2,196.55
691,cruise,5606.598108,74.385429,62.166299,99.229493,181.728052,701.902472,26.285065,0.640966,12.461421,30.163168,3550.705581,engine_overspeed,1,3,400,1200,1798.107842,-0.987515,0.298326,1.063455,1.174006,-0.00312,0.000363,-0.093802,0.2,196.545
692,cruise,5611.053907,74.10172,62.07321,99.2832,179.84483,699.550137,26.387008,0.640888,12.032547,29.624153,3428.519627,engine_overspeed,1,3,400,1200,1788.658039,0.616154,0.347527,-0.635275,-0.739291,0.232558,0.00111,-0.034091,0.2,196.54
693,cruise,5593.363074,73.553806,62.764023,98.892814,180.765365,702.889907,26.616845,0.641339,11.995903,28.911518,3606.715216,engine_overspeed,1,3,400,1200,1802.029306,-0.221344,-0.747942,-0.249224,1.338336,-0.299139,-0.001049,0.162498,0.2,196.535
694,cruise,5601.754851,75.169567,61.778507,98.815608,178.984678,699.124397,26.377531,0.640886,11.752019,30.572887,3529.807662,engine_overspeed,1,3,400,1200,1799.047883,-0.017332,-0.239282,0.783552,-0.652039,-0.030289,-0.013651,0.011981,0.2,196.53
695,cruise,5587.216212,74.210883,63.034254,97.865055,179.961206,696.286748,26.800255,0.644123,12.051461,30.125917,3479.552898,engine_overspeed,1,3,400,1200,1800.351899,0.31127,0.092738,-0.297138,0.391324,0.057339,0.004676,-0.038805,0.2,196.525
696,cruise,5614.35033,75.017266,63.180285,98.587885,180.231824,698.8167,26.25071,0.64784,11.778979,28.798872,3722.820783,engine_overspeed,1,3,400,1200,1804.138489,-0.44661,0.462474,0.212324,0.027849,0.022068,-0.00695,0.10935,0.2,196.52
697,cruise,5605.417626,74.871112,61.637954,99.005436,180.474086,696.004818,26.558174,0.650153,12.151964,30.683169,3299.865341,engine_overspeed,1,3,400,1200,1797.672391,-0.049514,0.04682,0.328868,0.853114,-0.043149,-0.00028,0.080694,0.2,196.515
698,cruise,5603.583308,73.00314,62.87886,98.319674,179.75147,693.306862,26.357094,0.642835,12.101716,31.469597,3410.903919,engine_overspeed,1,3,400,1200,1798.803053,-0.288904,0.627756,-0.02028,-1.328344,0.002321,0.0046,0.122149,0.2,196.51
699,cruise,5569.530177,74.8342,62.722144,98.898686,178.921449,696.229244,26.774095,0.642533,11.843227,31.433721,3325.466199,engine_overspeed,1,3,400,1200,1797.413986,-0.442,-0.274255,0.114292,-0.750033,-0.092903,-0.003632,-0.034145,0.2,196.505
700,cruise,5614.5969,74.127385,63.359012,98.393029,178.108169,696.10151,26.32463,0.646836,12.030087,29.826653,3511.487147,engine_overspeed,1,3,400,1200,1800.62742,0.447618,0.302218,-0.326753,0.555915,-0.094785,-0.002052,0.015083,0.2,196.5
701,cruise,5604.712208,74.071231,63.13479,98.78138,180.719959,695.409009,26.918787,0.639491,12.231016,31.883286,3518.534194,engine_overspeed,1,3,400,1200,1802.258281,0.481161,-0.522521,0.824203,3.571516,0.0879,0.004135,-0.040618,0.2,196.495
702,cruise,5642.152413,72.329876,62.47552,98.142127,179.54816,700.29988,26.679306,0.643765,11.767527,28.38661,3581.224544,engine_overspeed,1,3,400,1200,1802.677825,-0.287977,-0.210947,0.353307,0.765842,0.106002,-0.007094,0.014434,0.2,196.49
703,cruise,5654.144772,75.10742,62.546183,98.950984,179.744777,699.467656,26.857807,0.640635,12.117106,28.808511,3424.587751,engine_overspeed,1,3,400,1200,1802.136171,-0.174734,0.391158,0.595614,-0.80992,0.141683,0.003157,-0.010557,0.2,196.485
704,cruise,5593.393047,74.76755,62.497306,97.64365,179.996585,705.336317,26.730223,0.637753,11.77759,31.479354,3528.947596,engine_overspeed,1,3,400,1200,1801.120672,-0.027333,-0.323853,0.091312,-0.372471,-0.000948,0.000184,-0.049208,0.2,196.48
705,cruise,5614.936446,74.721324,62.827695,98.09882,179.73517,701.72712,26.63222,0.647263,11.884026,29.486438,3599.706889,engine_overspeed,1,3,400,1200,1803.134586,-0.086505,-0.852787,-0.383583,2.154362,0.139211,0.000941,-0.078187,0.2,196.475
706,cruise,5610.959997,73.581813,62.265433,97.720759,180.918056,698.752263,26.533803,0.649294,12.02951,29.751594,3452.760569,engine_overspeed,1,3,400,1200,1802.329684,0.332497,-0.47323,1.087236,0.022679,-0.014427,0.003307,0.039628,0.2,196.47
707,cruise,5598.76517,72.687209,62.056983,97.882743,180.392668,698.213883,26.627999,0.635642,11.806338,31.461498,3446.134029,engine_overspeed,1,3,400,1200,1803.587018,0.47184,0.901989,0.013573,3.090886,-0.24102,-0.005903,-0.029226,0.2,196.465
708,cruise,5615.10222,75.591719,62.819237,98.622811,179.199982,701.124869,26.54073,0.644948,11.771899,29.871008,3424.80979,engine_overspeed,1,3,400,1200,1797.789477,0.013361,0.85057,-0.170696,0.939722,0.122842,0.005463,0.022423,0.2,196.46
709,cruise,5626.408828,72.706866,63.357666,98.036419,179.782845,701.639138,26.404649,0.638152,12.336716,29.947507,3377.653053,engine_overspeed,1,3,400,1200,1800.951658,0.44198,-0.851392,-0.405193,-0.58888,0.136667,-0.00621,-0.028262,0.2,196.455
710,cruise,5605.396982,72.925594,62.605744,98.191725,180.468415,697.849583,26.64066,0.642192,11.971594,30.418295,3511.681508,engine_overspeed,1,3,400,1200,1801.080923,-0.123393,0.026055,-0.176155,0.828027,-0.321701,-0.000149,-0.072705,0.2,196.45
711,cruise,5649.128644,74.226385,62.844971,98.351265,180.561384,696.340181,26.469976,0.652738,12.151107,30.84887,3432.015838,engine_overspeed,1,3,400,1200,1799.080559,0.2902,-0.965982,-0.075635,1.297848,-0.193902,-0.007417,0.045103,0.2,196.445
712,cruise,5588.832645,74.720749,62.281364,99.427567,179.436964,700.51201,26.652445,0.645801,12.196828,31.412571,3501.240613,engine_overspeed,1,3,400,1200,1800.571759,-0.398208,-0.70462,-1.41121,3.956384,-0.124142,0.006355,0.062288,0.2,196.44
713,cruise,5596.569669,77.504391,62.561841,98.451982,182.724355,693.818891,26.479375,0.64505,11.810953,31.754393,3516.910432,engine_overspeed,1,3,400,1200,1806.853339,-0.255337,0.153498,-0.277481,-1.365796,0.381427,-0.00203,-0.05385,0.2,196.435
714,cruise,5621.93871,75.659983,62.234325,99.165031,178.079989,696.885503,26.60474,0.643224,12.036483,28.906471,3417.158364,engine_overspeed,1,3,400,1200,1806.615291,-0.355298,0.014749,-0.214528,-1.45584,-0.273881,-0.001933,0.128885,0.2,196.43
715,cruise,5610.739523,74.591994,63.388114,98.956387,180.874667,700.247893,26.463043,0.646381,11.840711,29.210103,3434.493012,engine_overspeed,1,3,400,1200,1797.346528,0.297176,-1.129096,1.038779,0.562309,0.273977,0.002066,-0.127518,0.2,196.425
716,cruise,5603.168838,74.359788,63.246052,99.981226,180.367595,698.841455,26.500304,0.6396,11.871208,30.694173,3609.12234,engine_overspeed,1,3,400,1200,1798.34951,0.071172,0.292021,-0.637933,1.73225,-0.022362,-0.004396,0.080744,0.2,196.42
717,cruise,5592.903079,71.8492,62.570736,97.880895,180.481384,701.032795,26.615027,0.640342,11.949319,30.981232,3393.873385,engine_overspeed,1,3,400,1200,1798.777186,-0.791733,-0.152711,-1.001504,-1.357108,0.12585,0.006537,0.124879,0.2,196.415
718,cruise,5571.061357,75.493354,62.540356,98.116651,180.292395,698.933964,26.431916,0.653272,11.978291,30.045607,3447.672096,engine_overspeed,1,3,400,1200,1799.321245,-0.419938,0.203138,0.679911,-0.05999,-0.010448,0.003652,0.077814,0.2,196.41
719,cruise,5603.917337,73.982582,63.464704,98.121528,179.55834,700.672326,26.786718,0.639473,12.096541,30.00192,3521.29656,engine_overspeed,1,3,400,1200,1803.071388,0.128222,0.217798,-0.257597,-0.5638,-0.215895,-0.005021,-0.073027,0.2,196.405
720,cruise,5604.06355,73.60786,62.67093,99.068718,181.786109,693.972983,26.694321,0.638928,12.141801,31.116212,3460.232187,engine_overspeed,1,3,400,1200,1802.736102,0.517369,-0.034911,-0.941372,-0.375651,0.06236,-0.001414,-0.011654,0.2,196.4
721,cruise,5605.206992,75.115272,62.545618,98.385511,179.770574,699.605753,26.127913,0.638663,11.946742,29.645619,3510.530749,engine_overspeed,1,3,400,1200,1806.240394,0.740205,0.511071,2.407763,0.812952,0.193026,-0.000163,-0.023756,0.2,196.395
722,cruise,5622.10938,75.060012,63.595939,98.862988,180.725946,702.468214,26.514158,0.650796,12.01012,31.035324,3498.988857,engine_overspeed,1,3,400,1200,1798.505142,-0.00879,-0.946274,0.433658,1.69766,0.468782,0.000846,-0.136538,0.2,196.39
723,cruise,5605.496986,74.519411,62.131599,98.577007,179.382238,698.641966,26.915031,0.64212,11.897904,31.228493,3521.751764,engine_overspeed,1,3,400,1200,1805.682186,0.27062,0.698662,0.34868,1.157548,0.020169,0.002437,0.040563,0.2,196.385
724,cruise,5636.719791,75.244135,62.346134,98.590148,182.198981,699.622064,27.00876,0.64618,11.885741,29.220996,3462.1684,engine_overspeed,1,3,400,1200,1795.175294,0.692225,0.533952,2.265416,0.129307,0.146146,-0.001814,0.005787,0.2,196.38
725,cruise,5587.096807,73.437539,62.986183,98.766998,180.149693,693.43191,26.58691,0.639379,11.996487,31.318091,3480.335735,engine_overspeed,1,3,400,1200,1801.280077,-0.161597,0.085369,0.198954,-1.794386,0.44891,0.001713,-0.015679,0.2,196.375
726,cruise,5604.644681,75.175705,63.130801,98.523203,180.859781,700.917227,26.791665,0.641986,11.72324,31.247105,3409.245787,engine_overspeed,1,3,400,1200,1803.512139,0.334115,0.316473,-0.40566,1.145228,0.151309,-0.003463,-0.012563,0.2,196.37
727,cruise,5593.167432,72.459559,63.056238,98.189473,178.400781,697.277143,26.38597,0.646552,11.862524,29.992186,3376.215459,engine_overspeed,1,3,400,1200,1805.067332,-0.266482,0.146452,0.066379,-3.036074,-0.050962,0.005601,-0.028092,0.2,196.365
728,cruise,5592.189995,76.55808,62.350136,98.943772,180.791444,698.72099,26.733636,0.645461,11.867932,30.832883,3600.949922,engine_overspeed,1,3,400,1200,1799.629385,0.285812,0.007269,0.106311,-1.679913,-0.174213,-0.007257,0.17386,0.2,196.36
729,cruise,5623.183986,73.199227,62.324354,98.689603,180.646123,703.071348,26.233119,0.64683,11.829504,30.14827,3501.07176,engine_overspeed,1,3,400,1200,1799.225475,0.426319,-0.880032,-0.400651,1.710276,-0.182357,0.000474,-0.00277,0.2,196.355
730,cruise,5625.809637,75.108144,62.606077,99.005643,180.083609,697.941059,25.929715,0.636647,11.571702,30.097284,3461.363731,engine_overspeed,1,3,400,1200,1796.285878,-0.111805,0.145108,-0.017995,1.484098,-0.072731,-0.009652,0.107404,0.2,196.35
731,cruise,5584.581175,73.223857,62.396418,97.976618,179.034161,699.491536,26.478008,0.641656,11.877142,30.073658,3669.940467,engine_overspeed,1,3,400,1200,1802.373799,-0.443595,0.6518,-0.705154,-1.106471,-0.04138,-0.003782,0.036387,0.2,196.345
732,cruise,5596.071062,74.394263,62.263546,98.847453,179.043813,699.693979,26.604072,0.63892,11.933017,28.636244,3606.702904,engine_overspeed,1,3,400,1200,1801.560489,-0.310565,0.16719,0.087299,-1.554254,0.211547,0.000408,0.047033,0.2,196.34
733,cruise,5612.708352,73.053705,62.34108,98.884086,179.691295,698.208492,26.687925,0.64069,12.142132,29.550766,3454.351401,engine_overspeed,1,3,400,1200,1808.229794,-0.031289,0.169476,-0.526639,0.495144,-0.034005,0.000857,0.138412,0.2,196.335
734,cruise,5607.121025,75.2172,62.94813,98.499634,179.535815,700.059734,26.665682,0.651651,11.816599,29.733534,3333.586857,engine_overspeed,1,3,400,1200,1798.97921,0.377166,0.639816,1.448179,-2.485308,0.014916,0.00397,0.073856,0.2,196.33
735,cruise,5612.04373,75.363495,62.685398,98.290431,181.100924,693.372995,26.527304,0.643419,11.762552,31.899117,3486.466406,engine_overspeed,1,3,400,1200,1798.576313,-0.784496,0.390151,1.557188,-0.872108,0.057464,-0.001263,0.027576,0.2,196.325
736,cruise,5621.75177,74.562399,63.003099,99.044288,181.07035,701.927662,26.786684,0.649307,11.94718,31.29498,3506.033627,engine_overspeed,1,3,400,1200,1798.803053,0.006963,0.058256,0.370051,1.068945,0.086805,-0.00783,0.118971,0.2,196.32
737,cruise,5623.935289,76.601548,62.986256,98.434512,178.451371,700.828623,26.530183,0.644672,12.070705,28.809161,3703.027688,engine_overspeed,1,3,400,1200,1799.663751,0.535052,-0.067269,0.776181,-0.813549,0.10492,0.003414,0.095529,0.2,196.315
738,cruise,5593.704399,73.544951,63.078949,98.694325,179.148117,697.530457,26.843256,0.645565,11.919661,30.588176,3282.45227,engine_overspeed,1,3,400,1200,1794.709752,-0.229554,-0.397979,1.167177,-0.871162,-0.074909,0.011434,-0.008558,0.2,196.31
739,cruise,5615.135536,75.935627,62.503438,99.014091,180.180194,702.480656,26.639179,0.634306,12.145718,29.36253,3513.132769,engine_overspeed,1,3,400,1200,1798.610157,0.094276,0.570717,0.300757,0.787828,0.173698,0.000663,0.089339,0.2,196.305
740,cruise,5619.154753,75.362506,61.852483,98.99343,181.267089,699.876278,26.677655,0.632811,11.971816,30.708954,3639.919037,engine_overspeed,1,3,400,1200,1805.469787,-0.289083,0.305794,-0.144006,-3.090635,0.08804,0.0014,-0.098029,0.2,196.3
741,cruise,5612.462768,74.848607,62.996581,98.625468,179.91418,701.261471,26.800484,0.639764,11.852797,30.084184,3493.185716,engine_overspeed,1,3,400,1200,1802.999188,0.249709,0.783603,0.999545,0.255711,0.04843,0.003374,-0.000633,0.2,196.295
742,cruise,5623.340246,73.183165,62.859388,98.017251,180.433675,700.375398,26.358008,0.64026,12.005235,29.906218,3432.575492,engine_overspeed,1,3,400,1200,1801.45323,0.365014,-0.614994,-1.06246,0.301579,-0.012311,0.001991,0.029444,0.2,196.29
743,cruise,5613.961581,75.119748,63.254804,98.818217,180.567608,694.387236,26.650918,0.640811,11.910691,30.043976,3450.895277,engine_overspeed,1,3,400,1200,1796.020396,-0.029936,0.364907,0.008755,-1.851526,-0.083922,-0.006874,-0.030081,0.2,196.285
744,cruise,5583.113846,75.461713,62.249443,99.085187,181.037171,699.040965,26.801224,0.647879,11.682106,30.344359,3453.743169,engine_overspeed,1,3,400,1200,1797.463161,0.161519,-0.391064,0.238484,-0.146797,-0.156326,0.006361,0.009949,0.2,196.28
745,cruise,5587.844983,73.333775,62.886985,97.78908,180.29813,694.450949,26.541361,0.64657,11.831194,29.859757,3480.336125,engine_overspeed,1,3,400,1200,1800.023982,-0.268727,0.35862,0.322744,1.109205,-0.167569,-0.007949,0.122505,0.2,196.275
746,cruise,5658.770573,72.828246,62.371023,98.237852,181.055707,700.144266,26.481814,0.639867,11.990315,28.888751,3654.531892,engine_overspeed,1,3,400,1200,1799.868026,0.782404,-0.221671,-0.295608,-1.141038,-0.084826,0.002888,0.036775,0.2,196.27
747,cruise,5590.624359,72.725198,62.025293,98.334399,180.895516,695.319294,26.676871,0.645955,11.77222,32.475755,3452.070374,engine_overspeed,1,3,400,1200,1800.373699,0.517293,-1.316958,0.940102,-0.389998,-0.036719,0.009896,-0.015214,0.2,196.265
748,cruise,5641.211982,74.423362,62.055316,98.969919,180.691877,697.681462,26.47057,0.648812,11.92854,30.690211,3454.438336,engine_overspeed,1,3,400,1200,1801.03449,-0.580876,0.537277,-0.225234,-0.588025,-0.118218,-0.006167,0.038045,0.2,196.26
749,cruise,5619.948544,74.821146,62.858447,97.829707,179.964319,696.671283,26.74415,0.652678,11.871496,28.460209,3511.44461,engine_overspeed,1,3,400,1200,1801.128632,-0.253277,-0.26587,0.479239,-0.292546,-0.01453,-0.002078,-0.092938,0.2,196.255
750,cruise,5619.455764,73.333089,62.023376,97.942758,182.211139,695.825147,26.438439,0.647227,12.062919,29.51273,3331.221554,engine_overspeed,1,3,400,1200,1797.244372,0.079768,-0.482183,1.165565,-0.662565,0.080726,0.005995,-0.123769,0.2,196.25
751,cruise,5613.155928,75.528995,62.209106,98.743689,179.137963,696.977408,26.505392,0.649403,11.846433,28.844936,3491.290224,engine_overspeed,1,3,400,1200,1798.060161,0.190978,-0.888722,0.899097,-0.696178,-0.046861,0.000245,0.035128,0.2,196.245
752,cruise,5639.933295,72.728871,62.947934,98.62554,180.450243,694.663769,26.521856,0.649118,11.945504,28.659699,3407.85912,engine_overspeed,1,3,400,1200,1802.15686,0.303496,-0.373977,0.292584,0.805288,-0.085209,-9e-05,0.111305,0.2,196.24
753,cruise,5602.782516,74.090885,62.456757,99.070892,180.06127,699.453847,26.530331,0.652032,11.897445,28.574031,3465.12335,engine_overspeed,1,3,400,1200,1796.920802,-0.236775,-0.204223,-1.010149,0.359455,0.248425,0.001295,-0.066287,0.2,196.235
754,cruise,5586.322446,74.478945,63.384858,97.520354,179.857695,696.524656,26.683538,0.638414,12.067403,28.862706,3576.277139,engine_overspeed,1,3,400,1200,1803.602802,0.33161,-0.89201,0.373905,1.482027,0.348454,-0.002281,0.06265,0.2,196.23
755,cruise,5598.315766,75.039783,62.017538,97.925978,179.857905,697.536602,26.678665,0.635998,11.891817,31.888662,3380.90208,engine_overspeed,1,3,400,1200,1802.277965,-0.012898,-0.813968,1.509397,0.760616,-0.121273,0.002603,0.038434,0.2,196.225
756,cruise,5613.553127,74.616712,61.848268,98.373253,179.362877,698.296421,26.601244,0.645688,11.865519,29.753355,3444.228293,engine_overspeed,1,3,400,1200,1795.647615,0.409166,-1.181307,0.909401,-2.296065,0.074998,0.002974,0.101589,0.2,196.22
757,cruise,5602.919342,73.529067,61.725705,98.079776,179.80879,696.131888,26.489953,0.638345,11.965348,30.000349,3567.578353,engine_overspeed,1,3,400,1200,1799.866271,0.307073,-0.163646,0.087053,1.686039,-0.021249,0.001362,-0.008924,0.2,196.215
758,cruise,5596.40263,72.68821,62.708224,98.657442,179.937554,702.161875,26.548167,0.639213,11.702352,30.613778,3571.765925,engine_overspeed,1,3,400,1200,1797.408351,0.300486,-0.328886,-0.885095,-0.248834,-0.1441,-0.000433,-0.053662,0.2,196.21
759,cruise,5601.806026,74.949431,62.739168,98.439779,180.812591,697.458603,26.766082,0.639068,11.68516,31.194242,3440.458656,engine_overspeed,1,3,400,1200,1798.634598,-0.481426,0.223276,-0.776524,0.489343,-0.106146,0.006337,0.007174,0.2,196.205
760,cruise,5601.26883,76.595839,63.083217,98.725276,181.329933,701.829716,26.12139,0.641583,11.845431,29.561921,3622.897152,engine_overspeed,1,3,400,1200,1801.470417,0.106783,-0.808689,-0.824558,1.56049,-0.041334,0.001876,-0.075057,0.2,196.2
761,cruise,5594.327741,75.780081,62.637206,98.483484,179.878986,699.352544,26.508603,0.636723,11.836351,29.293733,3640.771408,engine_overspeed,1,3,400,1200,1795.185539,-0.418601,-0.33602,0.146538,-2.105005,0.124342,0.001068,0.085636,0.2,196.195
762,cruise,5635.641495,75.175244,62.88998,98.98459,180.28913,698.1161,26.74981,0.636655,12.010454,29.836864,3494.832428,engine_overspeed,1,3,400,1200,1799.728811,-0.290248,-0.532778,-0.349848,-1.55656,-0.082007,0.003299,0.053583,0.2,196.19
763,cruise,5583.661123,76.121845,62.639827,98.64823,179.683233,705.230882,26.436597,0.643973,12.166241,28.563727,3414.189601,engine_overspeed,1,3,400,1200,1797.224069,-0.274669,0.726521,0.708971,-0.065039,-0.054824,0.00693,0.011334,0.2,196.185
764,cruise,5605.873946,74.368014,62.354568,98.497148,180.019212,698.86745,26.338326,0.644109,12.135945,29.904248,3445.072064,engine_overspeed,1,3,400,1200,1798.564074,0.160961,-0.479534,0.812203,-1.56684,-0.136546,-0.003628,0.02969,0.2,196.18
765,cruise,5614.848128,73.683447,63.189576,98.551231,181.077807,705.779696,26.717232,0.642054,11.839165,29.150204,3409.015097,engine_overspeed,1,3,400,1200,1798.234979,-0.067773,-0.231806,-0.542741,1.319792,-0.04223,-0.001315,-0.046216,0.2,196.175
766,cruise,5606.419763,74.167127,62.309337,98.900482,180.712333,703.014612,26.777678,0.637914,12.062814,31.103863,3535.50241,engine_overspeed,1,3,400,1200,1803.237541,-0.25632,-0.118787,-0.595069,-1.215606,-0.195204,0.000171,-0.030723,0.2,196.17
767,cruise,5632.188145,74.628897,62.651185,99.514734,180.935177,702.384307,26.072444,0.646233,11.776076,28.884934,3403.161467,engine_overspeed,1,3,400,1200,1803.246258,-0.228391,0.290106,0.129801,-2.61091,-0.052958,-0.007535,-0.058342,0.2,196.165
768,cruise,5615.937465,75.280171,63.204139,98.108474,179.515043,704.006842,26.28597,0.642921,11.925074,29.111499,3440.832805,engine_overspeed,1,3,400,1200,1796.415097,0.246213,-1.342486,2.364743,1.596373,-0.075018,0.00972,-0.063587,0.2,196.16
769,cruise,5594.041493,76.418879,62.954096,98.300762,180.535848,699.775578,26.614639,0.647044,11.616926,30.336396,3491.003217,engine_overspeed,1,3,400,1200,1799.105997,-0.079447,-1.357082,0.011753,-0.050323,-0.055339,0.006235,0.064871,0.2,196.155
770,cruise,5619.697856,75.051216,62.888225,99.30946,180.153811,697.079051,26.552872,0.631325,12.014252,30.947213,3427.420329,engine_overspeed,1,3,400,1200,1800.21682,0.50761,0.405232,0.048222,1.783073,-0.159122,-0.00887,0.145228,0.2,196.15
771,cruise,5613.119531,73.086464,62.540671,98.639913,181.012589,694.771671,26.487353,0.636488,11.923181,29.972389,3380.092387,engine_overspeed,1,3,400,1200,1797.252695,0.264746,-0.316648,1.160013,-1.461993,0.275875,-0.010574,0.037999,0.2,196.145
772,cruise,5628.157504,75.070508,62.275573,97.565203,180.206218,695.522617,26.660249,0.649486,12.149628,29.598693,3408.428305,engine_overspeed,1,3,400,1200,1801.550401,0.202724,-0.000661,0.636429,0.493341,0.133663,-0.00261,-0.041544,0.2,196.14
773,cruise,5606.511928,72.688151,62.340535,97.771488,181.369198,697.373159,26.529149,0.638403,11.954748,30.69263,3589.146685,engine_overspeed,1,3,400,1200,1798.376569,-0.315278,0.403778,-0.072253,0.510775,0.159998,0.007705,-0.087067,0.2,196.135
774,cruise,5617.283452,73.28282,62.954877,98.145274,180.58443,699.051643,26.680485,0.63878,11.934305,30.606564,3431.089683,engine_overspeed,1,3,400,1200,1800.253948,-0.189837,0.369752,0.332012,-3.100834,-0.227334,0.009502,-0.038964,0.2,196.13
775,cruise,5614.658356,77.096297,62.761899,98.326796,179.181099,698.398083,26.51626,0.655276,11.804529,30.460562,3533.059712,engine_overspeed,1,3,400,1200,1803.666472,0.545242,-0.139716,-0.315364,1.734538,0.108729,0.00503,0.027703,0.2,196.125
776,cruise,5592.68636,74.967074,63.049292,98.358953,179.420424,699.243268,26.687781,0.646861,11.534965,29.742567,3612.213515,engine_overspeed,1,3,400,1200,1796.634962,0.082534,-0.40295,1.308214,0.743402,-0.021531,0.002615,0.073851,0.2,196.12
777,cruise,5611.729813,73.368423,61.948312,97.409086,180.268022,704.111386,26.535854,0.642665,11.974719,28.72539,3440.088548,engine_overspeed,1,3,400,1200,1801.798095,0.527625,0.385597,-0.084765,-0.091093,-0.126577,0.011013,-0.028259,0.2,196.115
778,cruise,5615.222093,74.971375,63.564226,98.11066,179.71236,700.192498,26.852362,0.648036,12.091754,29.298646,3487.284251,engine_overspeed,1,3,400,1200,1800.712032,0.808679,-0.242007,-0.042449,0.154251,0.214564,-0.001461,0.041387,0.2,196.11
779,cruise,5615.241559,74.141481,63.243996,98.206812,180.560635,700.221524,26.694885,0.65227,11.970614,30.356507,3497.962128,engine_overspeed,1,3,400,1200,1798.679273,0.116082,0.855373,-1.899096,-0.589982,-0.015472,0.001152,-0.059044,0.2,196.105
780,cruise,5627.605354,74.886799,61.901296,99.076236,179.35791,695.814366,26.838393,0.640056,11.776696,29.510307,3348.543053,engine_overspeed,1,3,400,1200,1801.67766,-0.000421,0.261125,-0.221812,-0.440911,0.163545,-0.002097,0.106408,0.2,196.1
781,cruise,5606.289914,72.938445,62.932411,98.819331,178.314661,699.585162,26.692541,0.648123,11.971389,31.247716,3565.823415,engine_overspeed,1,3,400,1200,1801.595591,0.25535,-0.547371,0.995112,-0.786506,0.255766,0.003576,0.007564,0.2,196.095
782,cruise,5620.346461,74.195764,62.254169,98.684206,179.295379,692.428818,26.266788,0.651803,12.023258,30.634381,3567.586781,engine_overspeed,1,3,400,1200,1796.742046,-0.43692,0.131617,-0.790638,-1.16738,-0.049116,-0.002059,0.116358,0.2,196.09
783,cruise,5607.264759,73.395308,62.99689,98.339161,179.802952,703.04351,26.67591,0.647665,12.144216,29.626476,3601.483045,engine_overspeed,1,3,400,1200,1805.001657,0.528584,0.653482,0.922095,2.86259,0.18737,-0.000606,0.048316,0.2,196.085
784,cruise,5623.651296,74.178988,63.071,97.671815,178.575825,700.204751,26.740746,0.650257,11.836279,29.165745,3508.637504,engine_overspeed,1,3,400,1200,1803.705765,0.060622,-0.0409,-0.004709,1.110099,0.143012,-0.002652,-0.034597,0.2,196.08
785,cruise,5590.392764,74.746931,62.839815,98.909591,181.267067,694.321801,26.817021,0.643321,12.081878,32.839171,3459.146502,engine_overspeed,1,3,400,1200,1796.084068,-0.31785,-0.709692,0.321846,-1.539423,-0.169095,-0.002003,-0.06767,0.2,196.075
786,cruise,5604.318129,75.048318,62.856198,97.533259,181.56977,699.586167,26.393503,0.644405,12.07702,29.62034,3505.371695,engine_overspeed,1,3,400,1200,1803.574761,0.61693,0.031312,0.704519,-2.426461,0.127967,0.008131,-0.044938,0.2,196.07
787,cruise,5602.880923,74.842531,62.828473,98.618539,180.869635,694.833163,26.693395,0.644675,11.849909,29.439386,3669.536112,engine_overspeed,1,3,400,1200,1804.708715,-0.283083,-0.52115,1.144983,-1.54579,-0.121302,0.005123,0.04569,0.2,196.065
788,cruise,5632.759332,74.201328,62.499166,98.583386,180.09443,698.607554,26.611244,0.6483,11.831692,28.981756,3636.002829,engine_overspeed,1,3,400,1200,1798.860074,-0.724281,0.248521,0.158293,0.842419,-0.046429,-0.005914,-0.010846,0.2,196.06
789,cruise,5599.362826,74.234414,62.715795,98.668975,180.860616,701.533069,26.400098,0.646558,12.38633,30.198981,3418.292856,engine_overspeed,1,3,400,1200,1803.774537,-0.151233,-0.719689,-0.298051,0.586906,0.07521,0.003649,-0.008735,0.2,196.055
790,cruise,5612.169724,76.681284,62.085906,99.234198,181.566763,703.439636,26.861713,0.632083,11.939358,31.047042,3317.864833,engine_overspeed,1,3,400,1200,1801.035498,-0.374691,0.270732,-0.886173,0.348573,-0.037165,-0.001214,0.017769,0.2,196.05
791,cruise,5602.428266,74.035313,62.363123,98.425128,181.173617,703.866944,26.775293,0.64399,11.982328,30.162865,3463.430785,engine_overspeed,1,3,400,1200,1796.030923,-0.560157,-0.59989,0.324478,-1.796251,-0.148609,-0.005438,-0.093489,0.2,196.045
792,cruise,5608.39447,75.153407,62.713602,98.855054,179.84551,697.412056,26.447826,0.644132,12.286658,30.225721,3411.027337,engine_overspeed,1,3,400,1200,1796.574037,0.640932,-0.145518,0.578383,-2.90853,-0.066578,0.001868,0.026033,0.2,196.04
793,cruise,5622.064721,76.839639,63.04897,98.79816,180.822552,699.90964,26.301691,0.641095,11.828556,28.670249,3488.975769,engine_overspeed,1,3,400,1200,1802.50389,-0.314886,-0.343375,0.835107,-1.078923,0.120866,0.011827,0.030653,0.2,196.035
794,cruise,5620.012077,74.98414,62.576995,99.024235,179.389715,698.546009,26.496881,0.636282,11.752897,30.834717,3513.234417,engine_overspeed,1,3,400,1200,1797.864545,0.591289,0.504635,0.312316,1.325814,-0.127055,-0.003003,0.129349,0.2,196.03
795,cruise,5583.558161,74.160438,63.077516,99.080598,180.066264,697.995691,26.494782,0.644759,12.016288,30.260611,3438.588405,engine_overspeed,1,3,400,1200,1796.868473,-0.370708,0.09683,1.639658,0.587192,0.141603,-0.001555,0.003053,0.2,196.025
796,cruise,5622.960668,73.996989,62.949085,98.923167,179.841865,700.690445,26.475059,0.647253,11.850681,30.820294,3475.56485,engine_overspeed,1,3,400,1200,1803.202858,0.061523,-0.215016,0.597703,-2.000938,-0.307934,0.006029,-0.005044,0.2,196.02
797,cruise,5585.216455,74.044048,61.820701,98.065572,180.67408,697.595342,26.266614,0.647638,11.808905,30.124443,3570.39103,engine_overspeed,1,3,400,1200,1806.06182,-0.473319,0.084492,-0.74566,-0.047216,0.104869,0.006282,0.024876,0.2,196.015
798,cruise,5605.92386,74.235923,62.977201,99.05627,180.985192,697.475316,26.767482,0.642067,11.808614,30.905104,3587.542518,engine_overspeed,1,3,400,1200,1797.02791,0.341082,0.118934,0.902212,-1.210663,-0.23714,0.003053,0.024899,0.2,196.01
799,cruise,5605.887109,73.848798,63.212043,98.880369,181.740827,697.962536,26.976321,0.638118,11.835046,30.131507,3470.428676,engine_overspeed,1,3,400,1200,1799.559264,-0.193301,0.04,-1.259336,-2.525007,0.05529,-0.000117,0.168299,0.2,196.005
800,cruise,5637.687532,74.275577,62.846283,99.32856,179.619397,697.67798,26.361908,0.65337,12.098172,30.007272,3355.349858,engine_overspeed,1,3,400,1200,1799.788231,-0.434365,-0.189182,0.522374,0.198022,0.104671,-7e-05,-0.096921,0.2,196.0
801,cruise,5609.875475,74.933503,62.302665,98.771827,182.191068,700.897917,26.6434,0.651373,11.962371,29.286043,3485.875045,engine_overspeed,1,3,400,1200,1802.70934,-0.302688,-0.740021,-1.350628,-0.303256,0.043239,0.00601,-0.090339,0.2,195.995
802,cruise,5610.134178,74.418147,63.501342,98.628361,179.60424,699.667969,26.330981,0.643925,12.086813,28.610784,3406.592794,engine_overspeed,1,3,400,1200,1805.296141,0.113021,-0.292868,-0.135189,2.160929,-0.146515,0.000352,0.035663,0.2,195.99
803,cruise,5612.164952,75.101989,62.019934,99.328511,179.57863,700.014218,26.357957,0.653748,12.071781,30.343429,3359.879863,engine_overspeed,1,3,400,1200,1796.405207,0.375923,0.555459,-0.434067,-0.43011,-0.021987,-0.005528,0.004614,0.2,195.985
804,cruise,5607.655135,74.6746,62.538496,99.382815,179.872559,703.528019,26.386273,0.649588,11.799583,32.064051,3425.334895,engine_overspeed,1,3,400,1200,1797.249188,-0.345699,0.511641,0.504952,4.351814,-0.172383,0.009284,0.120697,0.2,195.98
805,cruise,5599.025471,74.367795,62.361643,98.706045,179.62002,701.456103,26.414498,0.639685,11.929652,29.540327,3511.908972,engine_overspeed,1,3,400,1200,1802.23534,0.112268,0.807812,-0.622781,-1.916604,0.124024,-0.000877,-0.137341,0.2,195.975
806,cruise,5637.547522,74.271034,61.943226,99.268151,178.773714,698.811848,26.68694,0.652688,11.918183,30.239199,3628.099817,engine_overspeed,1,3,400,1200,1799.244176,0.260848,-0.066214,0.325038,-3.330341,0.081063,-0.001722,-0.041124,0.2,195.97
807,cruise,5615.21019,74.458963,62.282641,98.434342,177.784779,703.490421,26.51386,0.643137,11.739804,30.333955,3511.760633,engine_overspeed,1,3,400,1200,1801.141892,0.013872,-0.075353,0.464595,0.311893,-0.039409,0.004505,-0.003942,0.2,195.965
808,cruise,5652.619391,73.619306,62.989608,98.552594,179.687441,698.909516,26.525301,0.639865,11.879987,31.078509,3596.576184,engine_overspeed,1,3,400,1200,1798.574061,-0.323431,0.639579,-1.214386,-2.256015,-0.108592,0.000946,-0.049655,0.2,195.96
809,cruise,5601.311331,73.072043,63.397613,98.38893,179.725089,698.289998,26.72642,0.650432,11.992158,29.16963,3498.109153,engine_overspeed,1,3,400,1200,1797.584126,-0.396949,0.222517,0.981654,-0.207247,0.198146,-0.00211,-0.129597,0.2,195.955
810,cruise,5613.408229,75.367123,62.182063,98.717586,180.206095,695.723847,26.452212,0.652048,11.945877,29.759532,3375.6256,engine_overspeed,1,3,400,1200,1800.340535,0.79813,-0.025079,-0.094814,0.551128,0.120722,0.00699,-0.007345,0.2,195.95
811,cruise,5598.533535,74.15106,63.214393,98.202688,178.909253,699.719568,26.409294,0.644046,11.927794,30.251358,3313.163142,engine_overspeed,1,3,400,1200,1792.23028,-0.565697,0.445365,0.226203,-2.098664,0.069884,-0.006465,-0.044884,0.2,195.945
812,cruise,5603.626941,74.947999,63.153798,97.840228,180.286722,699.539361,26.568569,0.642591,12.099001,30.997696,3549.951757,engine_overspeed,1,3,400,1200,1801.068071,-0.364727,-1.197949,0.703593,-2.487018,-0.082758,0.003617,-0.033766,0.2,195.94
813,cruise,5596.211277,76.109252,62.952877,98.447966,180.768348,695.260147,26.639443,0.641322,11.655057,30.934271,3640.46369,engine_overspeed,1,3,400,1200,1797.011821,0.225595,0.421432,1.183802,2.446533,-0.128997,-0.001849,0.022536,0.2,195.935
814,cruise,5566.361766,76.24749,62.987526,99.055097,180.275779,695.448689,26.382446,0.648135,12.01043,29.507082,3405.978032,engine_overspeed,1,3,400,1200,1797.250513,0.044551,-0.966695,-0.024696,-3.483421,0.065298,0.00476,0.079888,0.2,195.93
815,cruise,5605.765413,74.433561,62.742647,98.522369,180.116757,701.686376,26.509685,0.650166,12.012933,27.98333,3570.488268,engine_overspeed,1,3,400,1200,1798.740261,0.173331,-0.722186,-1.424988,1.408563,-0.198642,-0.00433,0.024053,0.2,195.925
816,cruise,5602.39487,73.041773,62.613271,99.349439,179.088264,694.193894,26.583533,0.652349,11.725981,29.964078,3605.506897,engine_overspeed,1,3,400,1200,1797.441409,-0.471017,0.222486,0.165354,-1.341555,0.071446,-0.003183,-0.009898,0.2,195.92
817,cruise,5586.399115,76.188748,62.235988,98.92622,180.357603,698.599853,26.878339,0.637187,12.093857,30.162568,3475.847429,engine_overspeed,1,3,400,1200,1792.811396,-0.785258,-0.223208,0.469099,1.808676,-0.093761,-0.00479,-0.01683,0.2,195.915
818,cruise,5629.179715,74.546267,61.831741,98.959743,179.593953,700.375479,26.605868,0.651304,11.914011,30.484542,3401.573006,engine_overspeed,1,3,400,1200,1803.679459,-0.88773,0.344739,0.016211,-0.191292,-0.015974,-0.000583,-0.043114,0.2,195.91
819,cruise,5616.703183,75.355327,63.427311,98.824213,180.416296,698.987031,26.789313,0.647803,11.931846,31.842007,3461.883621,engine_overspeed,1,3,400,1200,1799.181783,0.790355,0.594976,0.692355,-0.940474,-0.192937,-0.007739,-0.066262,0.2,195.905
820,cruise,5610.01259,74.106381,61.892127,98.339219,178.876356,695.544506,26.647235,0.641859,11.86206,29.850704,3403.568441,engine_overspeed,1,3,400,1200,1798.953026,-0.195618,-0.388665,1.816178,-0.328667,-0.232156,-0.002418,0.07331,0.2,195.9
821,cruise,5609.450304,73.846125,62.402515,97.8955,181.383969,699.411025,26.531915,0.6495,12.14228,29.851629,3508.386693,engine_overspeed,1,3,400,1200,1803.770578,-0.178962,0.426232,-0.116375,-2.230134,0.043517,-0.007731,-0.107004,0.2,195.895
822,cruise,5606.528314,74.095028,62.851483,99.165283,180.851694,700.190848,26.299691,0.651183,11.83367,29.687899,3576.530747,engine_overspeed,1,3,400,1200,1799.988326,0.002573,-0.385194,-0.500218,0.486627,0.029125,0.001109,0.020957,0.2,195.89
823,cruise,5616.867595,75.64772,63.088545,98.232859,181.267392,696.441832,26.791765,0.649236,11.840798,31.89921,3418.830194,engine_overspeed,1,3,400,1200,1800.293854,-0.093726,-1.131579,1.563362,-4.452165,0.046074,-0.001633,0.030531,0.2,195.885
824,cruise,5595.015003,74.731659,61.207299,98.505784,179.697474,702.776474,26.533385,0.654523,12.092006,31.217366,3506.814563,engine_overspeed,1,3,400,1200,1796.672955,-0.279284,-0.304539,-0.005235,-2.994553,-0.243179,-0.010238,-0.027849,0.2,195.88
825,cruise,5584.124791,74.460372,62.668672,98.390122,179.738512,703.512289,26.667518,0.648449,12.163836,30.106096,3502.154785,engine_overspeed,1,3,400,1200,1800.002957,0.20405,0.714926,-0.727898,-0.81997,-0.039999,-0.008941,-0.01892,0.2,195.875
826,cruise,5604.639014,74.735619,62.427916,97.661678,179.387372,705.728798,26.327503,0.638544,11.838435,29.962846,3543.913294,engine_overspeed,1,3,400,1200,1801.8928,0.123135,-0.14364,0.553488,-1.834462,-0.12349,-0.007265,0.074464,0.2,195.87
827,cruise,5616.904046,73.952017,62.461459,98.259337,179.191041,704.539529,26.38192,0.635148,11.92291,30.11631,3324.729129,engine_overspeed,1,3,400,1200,1798.975667,0.323494,-0.158877,0.503473,-0.081431,0.217596,0.001177,-2e-06,0.2,195.865
828,cruise,5601.179031,74.590385,62.250885,99.184265,180.48745,696.00597,26.28333,0.648025,11.961939,29.406212,3569.749137,engine_overspeed,1,3,400,1200,1803.917049,0.426764,-0.838878,0.043048,1.874716,-0.102239,-0.005351,-0.018993,0.2,195.86
829,cruise,5605.871119,73.871587,62.170482,98.632351,179.45109,701.641227,26.389952,0.649868,12.027437,28.508557,3463.947895,engine_overspeed,1,3,400,1200,1796.101332,-0.234616,-0.474915,0.135211,-0.783965,0.068071,-0.008335,0.117466,0.2,195.855
830,cruise,5604.545218,76.05421,62.117171,99.013084,177.981936,700.102333,26.435482,0.639466,11.93547,29.14936,3557.218685,engine_overspeed,1,3,400,1200,1796.896233,1.10111,0.335765,1.082606,-0.995864,-0.127455,0.001181,0.037392,0.2,195.85
831,cruise,5603.519866,73.167788,62.154904,98.969269,181.556339,692.510387,26.778134,0.646668,12.014199,30.209081,3401.552903,engine_overspeed,1,3,400,1200,1803.284481,-0.181707,-0.683732,-1.277045,-2.585924,-0.154693,0.000219,-0.137351,0.2,195.845
832,cruise,5628.560396,74.188258,62.290686,97.713678,179.942555,696.442898,26.739736,0.637733,11.846993,28.705045,3570.495495,engine_overspeed,1,3,400,1200,1794.538511,-0.298736,0.102748,-0.413885,0.376549,-0.012401,0.005806,0.008846,0.2,195.84
833,cruise,5583.279127,73.824518,62.801192,98.815715,180.269676,695.673452,26.629017,0.648435,11.902163,29.614266,3586.536057,engine_overspeed,1,3,400,1200,1797.288685,-0.393776,0.37762,-1.737279,-0.415209,-0.069443,-5.1e-05,0.018973,0.2,195.835
834,cruise,5597.825098,76.198678,63.387277,99.151069,181.243754,698.702273,26.641703,0.646103,11.775563,30.414727,3518.617307,engine_overspeed,1,3,400,1200,1796.644111,-0.620954,0.715013,0.657641,0.110413,-0.066126,-0.000159,0.055596,0.2,195.83
835,cruise,5585.022126,74.33105,62.573998,98.82933,181.010451,699.620706,26.203474,0.648699,11.967892,28.8441,3398.523337,engine_overspeed,1,3,400,1200,1801.609636,-0.965784,-0.658795,-0.582671,1.003329,0.010332,0.003955,0.033376,0.2,195.825
836,cruise,5620.863362,75.612696,63.134853,98.30058,179.993065,699.89365,26.418631,0.64675,11.910797,29.078245,3676.906261,engine_overspeed,1,3,400,1200,1799.01724,-0.090139,0.430976,0.346125,0.268178,0.080269,0.005701,-0.035533,0.2,195.82
837,cruise,5613.474322,75.997846,63.633958,98.808814,182.166296,694.021719,26.486052,0.647503,12.144023,30.07907,3432.238401,engine_overspeed,1,3,400,1200,1801.384144,0.39515,0.027783,-0.373155,0.570837,-0.218836,-0.008982,0.02031,0.2,195.815
838,cruise,5635.65337,73.115805,62.365224,98.94073,179.608006,700.844434,26.630997,0.644833,11.79304,29.262922,3541.699223,engine_overspeed,1,3,400,1200,1797.019679,-0.336979,-0.535698,0.544312,1.874746,-0.204391,-0.001389,0.132359,0.2,195.81
839,cruise,5605.113202,73.257333,62.83794,98.308158,180.530752,699.665753,26.385219,0.639033,11.753631,30.817277,3443.98642,engine_overspeed,1,3,400,1200,1801.310212,0.204077,0.117787,-1.781098,-0.177944,0.096365,0.00523,-0.160316,0.2,195.805
840,cruise,5631.570133,77.63067,62.428105,100.274,180.136765,702.801436,26.597588,0.648682,11.740104,30.158116,3617.97625,engine_overspeed,1,3,400,1200,1795.519704,-0.295503,0.497012,0.149232,-2.572335,-0.174582,-0.004019,-0.091611,0.2,195.8
841,cruise,5627.874678,75.227196,62.736708,98.851475,179.905367,698.685376,26.436255,0.64312,11.672368,30.805079,3495.961248,engine_overspeed,1,3,400,1200,1794.013569,0.600547,0.173422,0.602222,0.479211,0.060928,0.000548,-0.0681,0.2,195.795
842,cruise,5587.492117,74.80039,62.639013,98.699257,182.370283,701.128921,26.561887,0.643,11.673193,28.375549,3565.848905,engine_overspeed,1,3,400,1200,1796.932513,-0.199792,0.513699,-0.295186,-1.28516,0.051042,0.001404,-0.082407,0.2,195.79
843,cruise,5600.607983,74.77321,62.923488,97.677685,180.355127,705.811095,26.486288,0.643319,12.06422,31.17922,3479.558494,engine_overspeed,1,3,400,1200,1795.882697,0.363011,0.405932,-0.256667,1.333493,-0.053925,-0.003175,0.153209,0.2,195.785
844,cruise,5646.642092,74.807742,63.048514,98.196327,178.486922,698.888053,26.714247,0.643763,11.822326,30.531836,3415.328933,engine_overspeed,1,3,400,1200,1793.975464,0.367695,-0.300321,0.240698,-0.980431,0.029334,-0.000682,0.053134,0.2,195.78
845,cruise,5622.810251,75.068538,62.375695,99.472745,183.680624,700.395625,26.150534,0.634609,11.963158,28.99237,3438.751868,engine_overspeed,1,3,400,1200,1795.726184,0.684092,-0.08377,-0.11774,-1.47818,0.008169,0.006417,-0.016538,0.2,195.775
846,cruise,5591.795366,73.96983,62.431895,98.563328,180.350096,701.46607,26.618396,0.642814,11.753484,29.089942,3576.430781,engine_overspeed,1,3,400,1200,1799.398497,-0.509402,-0.368976,0.44494,0.196378,-0.119109,-0.002006,0.123588,0.2,195.77
847,cruise,5569.993479,74.770678,62.821011,98.873885,181.96491,702.861283,26.276017,0.646706,11.959182,30.687094,3542.177962,engine_overspeed,1,3,400,1200,1794.639604,-0.899606,-0.297658,1.102746,0.376758,-0.443301,-0.004826,-0.034502,0.2,195.765
848,cruise,5597.343556,74.881377,62.806283,98.367517,181.761846,698.943817,26.592614,0.642187,11.96073,30.16261,3370.53542,engine_overspeed,1,3,400,1200,1798.227582,0.780929,-0.525075,-0.327795,1.258048,-0.339234,0.002865,-0.107152,0.2,195.76
849,cruise,5584.493876,74.747324,62.373198,98.186655,179.862513,694.50791,26.664617,0.653437,11.831149,29.695101,3464.342142,engine_overspeed,1,3,400,1200,1793.946939,0.038762,-0.07025,0.47821,0.580007,-0.125095,0.00418,0.102463,0.2,195.755
850,cruise,5597.824063,76.548406,62.242853,97.441191,181.219111,695.918559,26.456595,0.640323,12.098805,29.906885,3455.275842,engine_overspeed,1,3,400,1200,1801.689649,0.218404,-0.727053,0.157853,-1.336511,-0.07261,0.01352,-0.00149,0.2,195.75
851,cruise,5581.251856,74.669128,62.531559,100.067261,180.902032,699.08775,26.020631,0.641158,11.86179,30.480202,3435.992676,engine_overspeed,1,3,400,1200,1803.762095,-0.57973,0.304356,0.118167,-0.180195,-0.202955,-0.002443,-0.119233,0.2,195.745
852,cruise,5586.880581,76.449224,62.75902,98.325113,180.600891,696.252812,26.329444,0.648816,11.636873,30.745948,3561.617642,engine_overspeed,1,3,400,1200,1801.999176,0.166625,0.145007,-0.826996,1.64988,0.111483,0.004382,-0.009025,0.2,195.74
853,cruise,5603.326126,74.228234,62.082897,99.762107,178.387819,700.478784,26.806773,0.63945,11.85216,30.426586,3514.892299,engine_overspeed,1,3,400,1200,1801.973156,-0.275449,-0.176351,0.610671,-0.004286,0.005373,-0.006096,0.048446,0.2,195.735
854,cruise,5605.160896,74.047023,62.294548,98.491915,178.966412,694.534687,26.607926,0.634166,12.01478,31.171211,3297.729548,engine_overspeed,1,3,400,1200,1797.131707,-0.523046,-0.209316,0.04891,1.401281,0.201233,0.004873,0.082124,0.2,195.73
855,cruise,5615.446844,74.027047,63.037658,98.641737,179.08053,702.3601,26.3095,0.635888,11.856865,29.177496,3472.056911,engine_overspeed,1,3,400,1200,1797.55501,-0.186566,0.39046,-1.57903,-1.194172,0.037872,0.003694,-0.099966,0.2,195.725
856,cruise,5598.185307,77.844231,63.61478,98.589414,180.338585,702.641376,26.698426,0.640001,11.69901,29.611245,3452.195609,engine_overspeed,1,3,400,1200,1800.710683,0.066644,-0.503346,0.841057,0.106687,0.004148,-0.002603,0.008727,0.2,195.72
857,cruise,5609.089432,73.815921,63.615993,98.823602,179.076103,699.619215,26.367544,0.642487,11.861326,29.364752,3312.148688,engine_overspeed,1,3,400,1200,1803.103185,-0.396614,0.954276,0.415271,-0.019639,-0.077632,0.006869,0.025129,0.2,195.715
858,cruise,5643.766933,75.239405,62.995019,98.251083,179.537322,701.282831,26.484632,0.642811,11.859409,29.116871,3388.736047,engine_overspeed,1,3,400,1200,1802.534252,-0.419524,-0.343785,0.263855,-0.608052,-0.140183,-0.012781,0.021565,0.2,195.71
859,cruise,5612.369507,74.156731,61.634579,98.957626,180.230225,703.734983,26.726982,0.640463,11.731918,30.210154,3337.509045,engine_overspeed,1,3,400,1200,1802.332384,-0.002708,0.570044,-1.409578,-2.970259,-0.079886,0.012641,-0.130598,0.2,195.705
860,cruise,5578.454822,74.590215,63.285785,98.366546,179.407462,697.554763,26.35937,0.643338,11.966175,29.626043,3422.442255,engine_overspeed,1,3,400,1200,1802.75425,0.193052,-0.970527,-0.160292,0.43574,0.160339,0.00789,-0.038082,0.2,195.7
861,cruise,5626.020028,74.756944,62.711709,97.843232,182.185396,700.504275,26.270932,0.644215,11.747474,29.454886,3389.307915,engine_overspeed,1,3,400,1200,1800.296465,-0.720716,-0.30513,-0.212619,-1.966492,0.302415,-0.003345,0.046839,0.2,195.695
862,cruise,5589.309291,75.562884,63.022094,98.741218,179.706371,698.797536,26.484439,0.645358,11.924025,31.039405,3528.890768,engine_overspeed,1,3,400,1200,1798.846322,0.424956,0.363502,-1.313215,-3.221134,0.122231,-0.00218,-0.210016,0.2,195.69
863,cruise,5624.27764,75.442301,62.994602,99.316784,178.369747,702.684512,26.957844,0.641468,11.724836,30.746332,3700.5739,engine_overspeed,1,3,400,1200,1801.118269,-0.164841,-0.262171,-0.112942,1.127468,-0.049334,0.011057,0.08063,0.2,195.685
864,cruise,5604.570928,74.494872,63.171548,98.362564,179.592025,701.115797,26.166923,0.642378,11.893545,28.886592,3669.117411,engine_overspeed,1,3,400,1200,1802.916876,-0.0639,0.071121,-0.055835,-2.030925,0.082954,0.003771,-0.16937,0.2,195.68
865,cruise,5636.155693,75.143712,62.717149,98.113719,181.020303,700.158148,26.551365,0.64589,12.052554,29.493492,3451.164925,engine_overspeed,1,3,400,1200,1798.742717,-0.150335,0.546332,0.779723,-1.581816,0.220545,0.001057,-0.030038,0.2,195.675
866,cruise,5605.241246,74.279715,62.982848,98.384234,179.229178,699.372121,26.542289,0.641497,11.478379,28.573844,3518.221686,engine_overspeed,1,3,400,1200,1799.353339,0.132583,-0.97243,-0.400804,0.989063,0.037742,0.003813,-0.049059,0.2,195.67
867,cruise,5592.645278,74.338073,63.218379,98.513983,180.492961,708.21513,26.351884,0.644591,11.69695,29.964046,3475.285757,engine_overspeed,1,3,400,1200,1800.093653,0.327022,-0.588783,0.404326,1.008113,-0.020544,-0.004841,-0.067365,0.2,195.665
868,cruise,5617.029029,73.341815,61.776112,97.644978,179.51674,697.755149,26.510114,0.642445,11.630332,30.565986,3564.8908,engine_overspeed,1,3,400,1200,1799.619158,-0.06023,-0.435674,0.278159,-1.179633,-0.224834,0.011426,-0.121063,0.2,195.66
869,cruise,5631.628697,75.275568,63.062236,98.34506,181.017691,702.192317,26.375155,0.635467,11.938748,31.633594,3422.184705,engine_overspeed,1,3,400,1200,1802.226163,-0.752373,-0.523271,-0.192669,0.172908,0.109167,0.001377,0.105659,0.2,195.655
870,cruise,5603.774768,74.488582,62.577281,98.79371,179.364831,696.950715,25.977673,0.65687,12.074331,31.133785,3463.675082,engine_overspeed,1,3,400,1200,1800.443592,0.44341,0.79619,1.288888,1.739791,-0.026833,0.009134,-0.074757,0.2,195.65
871,cruise,5631.471013,75.343289,63.79978,98.135695,180.663597,695.078334,26.312559,0.646448,11.865749,28.513036,3646.07458,engine_overspeed,1,3,400,1200,1801.047689,0.075087,0.004385,0.526105,2.330981,0.153997,0.004443,0.176773,0.2,195.645
872,cruise,5580.542131,74.754208,62.877641,99.091144,180.676959,697.587831,26.533908,0.63755,12.02096,30.159391,3640.215335,engine_overspeed,1,3,400,1200,1804.031299,-0.080279,0.282524,0.186922,-1.746109,0.003041,-0.00864,0.040064,0.2,195.64
873,cruise,5607.704334,74.54795,62.8806,98.635722,180.855343,704.260791,26.379046,0.659427,12.090255,26.938601,3556.31142,engine_overspeed,1,3,400,1200,1797.46625,0.400064,0.174953,-0.009017,1.514533,0.098641,0.007703,0.034356,0.2,195.635
874,cruise,5605.312331,72.601394,63.023012,98.15095,180.359117,693.905264,26.760149,0.641555,12.278705,31.251884,3504.513225,engine_overspeed,1,3,400,1200,1791.957167,-0.268651,-0.472567,-1.851928,1.285115,-0.157209,0.000467,-0.02802,0.2,195.63
875,cruise,5619.676715,76.035388,62.362918,98.498596,179.704324,699.935442,26.690693,0.644692,12.082328,29.634262,3488.749733,engine_overspeed,1,3,400,1200,1798.343476,-0.400698,0.797655,-0.168495,1.788975,0.065893,-0.000503,0.070891,0.2,195.625
876,cruise,5592.937558,75.43153,62.951164,99.301277,179.739973,701.465667,26.267012,0.645946,11.940209,29.683459,3444.2639,engine_overspeed,1,3,400,1200,1802.624035,-0.360173,0.291531,-0.074871,-0.830665,0.083533,-0.007854,-0.004959,0.2,195.62
877,cruise,5559.697517,73.731706,62.753077,99.345556,179.064114,701.167689,26.470185,0.641931,11.996962,29.927978,3359.217622,engine_overspeed,1,3,400,1200,1799.529214,-0.007987,-0.515163,-0.404714,-0.041357,0.098093,0.002976,0.093775,0.2,195.615
878,cruise,5624.035986,75.462617,62.640091,98.58111,180.032184,698.137439,26.721664,0.646879,11.971995,30.879996,3471.428745,engine_overspeed,1,3,400,1200,1795.346545,-0.471499,-0.517173,0.140038,0.729098,0.011272,0.002257,0.021919,0.2,195.61
879,cruise,5637.911637,76.302135,62.730996,97.610414,181.141364,699.768711,26.602056,0.631321,11.877512,31.867586,3586.413727,engine_overspeed,1,3,400,1200,1799.443123,0.028742,-0.812636,0.375834,0.799228,0.348638,0.012036,-0.104713,0.2,195.605
880,cruise,5614.126111,73.336798,62.093469,98.041321,180.14866,699.228214,26.21775,0.645963,11.964203,29.18584,3468.263272,engine_overspeed,1,3,400,1200,1801.638689,0.327476,0.129809,-0.128058,-1.119269,0.187368,-0.00648,-0.013468,0.2,195.6
881,cruise,5605.006474,75.627834,62.937056,99.707549,179.804503,699.303453,26.660807,0.645622,12.209762,31.645583,3392.020267,engine_overspeed,1,3,400,1200,1805.079902,0.136095,-0.402688,-0.632845,2.33456,-0.000698,0.009187,-0.030276,0.2,195.595
882,cruise,5621.855197,73.774814,62.648609,97.549753,180.441949,702.709743,26.771321,0.63808,11.984941,29.442946,3486.539616,engine_overspeed,1,3,400,1200,1795.540532,-1.154407,-0.841767,0.794079,-3.073532,-0.002381,-0.00389,-0.09673,0.2,195.59
883,cruise,5570.270451,73.06206,63.676217,98.002069,179.256544,693.299944,26.438053,0.630241,12.138857,28.737407,3352.675476,engine_overspeed,1,3,400,1200,1800.088686,0.086153,0.058861,-0.454162,-0.557432,-0.083788,0.0008,-0.013126,0.2,195.585
884,cruise,5584.021675,73.461012,63.051298,98.703581,179.690418,699.468193,26.581251,0.646851,11.957836,31.302411,3421.788767,engine_overspeed,1,3,400,1200,1796.958148,-0.384096,0.568266,1.103549,0.396377,-0.037699,-0.006447,0.036901,0.2,195.58
885,cruise,5592.106054,73.107727,62.927664,99.118942,180.772544,702.222281,26.534065,0.646212,12.086994,30.754252,3601.373415,engine_overspeed,1,3,400,1200,1802.096497,0.443701,0.288127,-0.137109,-0.662322,0.230119,-0.004056,0.002966,0.2,195.575
886,cruise,5623.147114,72.053404,62.708127,99.426019,178.750905,697.809113,26.416649,0.64534,11.964188,29.620189,3380.200431,engine_overspeed,1,3,400,1200,1802.737521,-0.041895,1.491605,-0.783716,0.897169,0.00358,-7.6e-05,0.166511,0.2,195.57
887,cruise,5576.508295,74.58086,62.276778,98.029678,180.571763,699.676371,26.685431,0.642848,11.936672,30.337018,3504.065738,engine_overspeed,1,3,400,1200,1798.821395,0.041239,0.240442,-0.412565,0.385371,0.088597,0.005944,0.09076,0.2,195.565
888,cruise,5647.507993,74.096316,62.340825,98.522785,179.365932,701.683095,26.669857,0.641856,11.928576,28.462973,3453.123161,engine_overspeed,1,3,400,1200,1802.881698,0.396422,0.317312,0.215129,-0.939895,0.214077,0.005003,0.019729,0.2,195.56
889,cruise,5588.336182,74.084469,62.167988,98.655993,179.748719,700.78307,26.589174,0.645726,12.054349,29.940125,3393.830613,engine_overspeed,1,3,400,1200,1794.499222,-0.210731,0.983647,-0.321695,-0.93406,0.185698,-0.002315,-0.032636,0.2,195.555
890,cruise,5620.238908,76.457006,63.238956,97.774681,181.501051,696.346462,26.625066,0.632957,12.010515,28.994326,3429.235884,engine_overspeed,1,3,400,1200,1806.853474,-0.670896,0.086992,0.932168,-2.378819,-0.027628,-0.00393,-0.003737,0.2,195.55
891,cruise,5626.270373,73.595515,62.846974,99.253803,177.671055,701.672157,26.401908,0.643615,11.927604,30.807882,3540.904624,engine_overspeed,1,3,400,1200,1799.49054,0.003693,-0.067487,0.714476,0.039948,-0.089968,0.004906,0.106106,0.2,195.545
892,cruise,5582.99105,74.979735,62.351101,98.847348,178.75617,701.052449,26.455334,0.638271,11.785008,28.717191,3522.98521,engine_overspeed,1,3,400,1200,1799.296568,0.133748,0.326231,-0.328779,-0.669248,0.133964,0.004783,-0.042804,0.2,195.54
893,cruise,5620.597506,73.132606,62.377278,98.443625,179.963452,695.480358,26.313455,0.637261,11.704699,29.437451,3675.565919,engine_overspeed,1,3,400,1200,1801.051278,0.506186,0.207592,-0.51087,0.227701,-0.096836,-0.000249,0.124864,0.2,195.535
894,cruise,5600.981687,73.120203,63.136465,98.219385,178.976802,695.73585,26.067738,0.643402,11.781561,30.206896,3402.944332,engine_overspeed,1,3,400,1200,1801.679273,0.133926,-0.097454,-1.159856,0.80998,0.185509,-0.001175,-0.047644,0.2,195.53
895,cruise,5598.192071,74.82907,62.577563,97.048614,180.189779,703.063805,26.176087,0.63988,11.672838,30.613047,3466.424096,engine_overspeed,1,3,400,1200,1793.01432,-0.188305,-0.305128,-0.562783,-2.207806,-0.061403,0.005575,0.008098,0.2,195.525
896,cruise,5617.469076,74.896481,61.71826,97.580808,180.872181,698.995827,26.653151,0.641063,11.998844,30.043667,3473.58782,engine_overspeed,1,3,400,1200,1795.685984,0.669286,0.053391,-0.670069,0.066005,-0.151524,0.001186,-0.013943,0.2,195.52
897,cruise,5615.666767,74.725723,62.765692,99.035048,179.130533,697.41874,26.12122,0.644906,12.141567,28.49227,3492.778703,engine_overspeed,1,3,400,1200,1798.313107,-0.107419,-0.028136,-1.43822,0.168891,-0.103134,8.6e-05,0.015562,0.2,195.515
898,cruise,5556.516595,75.708829,62.223488,99.100032,179.838487,696.785945,26.616624,0.647626,11.925187,29.802672,3680.696888,engine_overspeed,1,3,400,1200,1800.30035,-0.150507,-0.167669,-0.601001,0.388408,0.088777,0.004206,-0.093473,0.2,195.51
899,cruise,5577.97147,75.078012,62.13414,99.39445,177.730482,696.260038,26.649091,0.648065,12.143368,30.639041,3495.294432,engine_overspeed,1,3,400,1200,1799.19286,-0.080787,0.072581,-0.878509,1.57648,0.013202,0.00597,-0.028192,0.2,195.505
900,cruise,5618.672092,74.51656,62.16252,99.76747,179.766022,702.579365,26.553553,0.648463,11.876785,28.795895,3527.176968,engine_overspeed,1,3,400,1200,1798.563115,0.996592,0.311123,-0.722097,0.127961,-0.057415,-0.003738,-0.028621,0.2,195.5
901,cruise,5597.204639,74.602139,62.351272,98.290555,180.062136,699.834967,26.385954,0.645856,12.077908,32.450769,3606.065629,engine_overspeed,1,3,400,1200,1798.56298,-0.162241,-0.19606,-0.123532,0.936603,0.211225,-0.002653,0.010147,0.2,195.495
902,cruise,5610.73592,76.327305,62.426175,98.220433,179.047742,702.93357,26.568024,0.645104,12.054731,30.225612,3694.536694,engine_overspeed,1,3,400,1200,1799.414157,-0.028157,-0.012311,-1.188466,2.012688,0.026326,0.002118,0.005079,0.2,195.49
903,cruise,5623.109873,74.314017,62.517781,98.476041,179.962084,700.474051,26.535689,0.640822,12.13347,29.724964,3473.878704,engine_overspeed,1,3,400,1200,1804.880174,0.191193,-0.188087,-0.592578,-0.101898,0.096863,-0.000651,0.028787,0.2,195.485
904,cruise,5619.415298,75.825812,62.4585,98.826429,181.545501,698.376402,26.631885,0.65238,11.96913,28.732004,3523.807407,engine_overspeed,1,3,400,1200,1797.384475,0.154835,0.24269,0.56163,0.197983,0.179344,0.000389,0.087962,0.2,195.48
905,cruise,5639.679557,74.263515,62.217809,98.693731,179.670159,701.573882,26.733899,0.646937,11.987223,30.631592,3586.576452,engine_overspeed,1,3,400,1200,1801.653157,-0.264561,0.807072,-1.564907,-0.396525,-0.027148,0.003819,0.133146,0.2,195.475
906,cruise,5619.680024,73.67347,62.963726,98.530601,179.212404,701.092236,26.706889,0.640381,11.745836,28.470975,3495.50144,engine_overspeed,1,3,400,1200,1794.308619,0.008837,0.116129,-0.521687,-0.846058,0.044948,0.005819,0.031584,0.2,195.47
907,cruise,5579.631847,73.516426,63.165292,98.748259,181.334723,695.702779,26.461692,0.645923,11.968398,29.082419,3556.298321,engine_overspeed,1,3,400,1200,1797.01426,-0.039442,-0.05162,-0.710435,2.346427,-0.223964,0.003655,0.153716,0.2,195.465
908,cruise,5605.735497,75.221262,62.744548,98.120524,179.849419,698.769036,26.278058,0.634341,11.979091,29.054722,3603.795361,engine_overspeed,1,3,400,1200,1799.534117,-0.152388,-0.242365,1.445815,0.707722,-0.194154,-0.00575,0.162744,0.2,195.46
909,cruise,5609.868217,74.427442,63.132617,98.606162,179.642647,699.305672,26.335721,0.638472,11.923215,30.187031,3358.13503,engine_overspeed,1,3,400,1200,1794.207049,0.52188,0.416059,1.131465,-0.013783,-0.048776,0.002544,-0.063278,0.2,195.455
910,cruise,5607.149754,73.188772,62.430457,98.477239,182.744457,696.903042,26.459248,0.637749,12.318145,29.697245,3518.262539,engine_overspeed,1,3,400,1200,1796.960441,-0.20235,-0.358836,0.429223,-1.124775,-0.026967,-0.002144,-0.027829,0.2,195.45
911,cruise,5603.234107,74.498688,62.423425,99.605732,179.634164,699.786135,26.52882,0.633648,11.591804,28.982107,3506.336673,engine_overspeed,1,3,400,1200,1801.006308,-0.184408,-0.251079,0.267981,-0.268179,0.010865,-0.00011,-0.003685,0.2,195.445
912,cruise,5607.674788,73.749101,63.409729,98.886993,178.906528,701.609646,26.372022,0.63588,11.639154,29.558148,3561.069766,engine_overspeed,1,3,400,1200,1803.962191,0.356694,-1.436202,-0.985743,-2.763657,0.268437,0.001165,-0.112968,0.2,195.44
913,cruise,5591.048686,75.634413,62.66805,98.564897,181.566179,700.977143,26.271397,0.651563,11.867276,30.011073,3400.928454,engine_overspeed,1,3,400,1200,1792.062104,0.020693,0.843907,-0.169271,0.842575,-0.235764,0.009427,0.079258,0.2,195.435
914,cruise,5608.841311,75.872713,62.094852,98.941218,181.026765,699.670184,26.575406,0.637237,11.778722,30.505513,3294.365942,engine_overspeed,1,3,400,1200,1799.090993,-0.512801,-0.151581,-0.749498,3.089271,0.27608,-0.005497,-0.042725,0.2,195.43
915,cruise,5598.841789,73.475024,62.356075,98.376581,180.441804,704.072766,26.744896,0.6475,11.721891,30.382503,3546.778758,engine_overspeed,1,3,400,1200,1795.31486,-0.700257,-0.185431,2.190759,0.606313,0.159655,-0.001764,-0.010943,0.2,195.425
916,cruise,5621.444714,74.047332,62.594048,98.63543,180.531116,697.386637,26.676243,0.647475,12.00603,29.628053,3520.843836,engine_overspeed,1,3,400,1200,1796.316872,-0.47287,0.685372,-0.576412,-0.297083,-0.081233,0.003417,-0.068171,0.2,195.42
917,cruise,5618.021273,75.397006,62.428749,98.635472,178.966945,697.577722,26.594687,0.645159,11.985208,30.399957,3552.313489,engine_overspeed,1,3,400,1200,1802.537963,-0.092702,0.588632,0.72822,0.187274,-0.120461,-0.002328,0.013813,0.2,195.415
918,cruise,5609.540944,76.729907,62.861346,98.893766,180.409106,701.383035,26.301902,0.638463,11.9895,30.879946,3468.733773,engine_overspeed,1,3,400,1200,1801.79199,-0.588393,0.296947,0.611252,-0.575523,-0.012911,0.00037,0.027153,0.2,195.41
919,cruise,5561.625176,75.301712,62.728485,98.598518,181.22255,703.955481,26.161847,0.644295,12.053185,30.71009,3571.085438,engine_overspeed,1,3,400,1200,1793.015077,0.149999,0.324021,0.241361,-0.226351,-0.299833,-0.004861,-0.050211,0.2,195.405
920,cruise,5586.290286,73.533633,62.087517,97.833188,180.369362,702.314235,26.693853,0.649188,11.870737,29.719765,3563.476111,engine_overspeed,1,3,400,1200,1802.150309,-0.103672,-0.49264,0.52619,-0.299197,-0.264363,-0.001808,0.065835,0.2,195.4
921,cruise,5591.050362,73.703395,62.462961,98.633414,181.313144,704.205647,26.394582,0.644291,12.01354,29.562317,3496.413185,engine_overspeed,1,3,400,1200,1798.818756,-0.128593,0.131193,-0.335706,0.21985,0.116419,0.005571,0.172273,0.2,195.395
922,cruise,5600.849974,75.72136,62.753472,98.137982,180.781946,699.85537,26.377113,0.640895,11.85175,30.074854,3546.618514,engine_overspeed,1,3,400,1200,1800.572561,-0.384658,-0.686615,0.632627,-0.584599,0.03973,-0.004312,0.117962,0.2,195.39
923,cruise,5613.266165,74.804258,62.360344,98.215893,179.522799,694.9529,26.222984,0.646651,11.977333,29.697532,3557.487694,engine_overspeed,1,3,400,1200,1796.442372,-0.306771,-0.214982,-0.752134,3.556533,-0.046602,0.001797,-0.052676,0.2,195.385
924,cruise,5600.773659,74.888787,62.163273,98.961001,180.876514,705.061367,26.459729,0.641363,11.734193,32.702283,3504.257863,engine_overspeed,1,3,400,1200,1799.926708,0.561428,0.218544,-0.144993,0.643226,-0.19528,0.00105,0.00558,0.2,195.38
925,cruise,5598.894929,74.391709,63.093997,98.246121,181.452975,702.771501,26.261545,0.644071,12.401206,27.955827,3489.457143,engine_overspeed,1,3,400,1200,1804.74573,0.460817,-0.295613,-0.390173,1.553833,0.143951,-0.005706,-0.0258,0.2,195.375
926,cruise,5578.306648,75.242477,63.199002,97.97483,180.187041,701.722114,26.299752,0.650615,11.85316,28.865811,3538.048592,engine_overspeed,1,3,400,1200,1804.833823,-0.138683,-0.538148,1.766804,-1.57131,0.103217,-0.000562,-0.050671,0.2,195.37
927,cruise,5605.525961,75.26932,62.48488,98.768373,179.058659,702.142728,26.604571,0.64705,11.953587,30.509737,3607.41726,engine_overspeed,1,3,400,1200,1803.288331,-1.006561,-0.322167,1.508923,-1.236772,-0.000634,0.005883,0.111237,0.2,195.365
928,cruise,5598.818109,75.561636,62.5184,99.500029,180.480329,701.427419,26.402275,0.65274,11.951057,29.602962,3326.536638,engine_overspeed,1,3,400,1200,1801.026904,0.403558,0.072879,0.791249,1.252169,0.294497,0.001601,0.009309,0.2,195.36
929,cruise,5614.148012,74.568873,62.934296,98.302468,179.909255,700.385486,26.598123,0.65051,11.721632,31.329148,3530.112967,engine_overspeed,1,3,400,1200,1800.664798,-0.517027,0.033445,-0.119128,-0.216515,6e-05,-0.001394,-0.069257,0.2,195.355
930,cruise,5618.352357,74.49619,62.166541,99.0999,181.369226,697.095036,26.744523,0.634889,11.990714,29.162983,3419.594999,engine_overspeed,1,3,400,1200,1800.654466,0.129009,0.211803,0.403964,-2.73555,0.106781,0.002172,0.03518,0.2,195.35
931,cruise,5604.862107,76.186844,63.447519,97.904058,178.731618,695.221888,26.185338,0.635944,11.708667,30.488162,3388.938496,engine_overspeed,1,3,400,1200,1800.572901,-0.000889,0.097144,0.847334,0.185534,0.034357,0.004364,-0.042038,0.2,195.345
932,cruise,5612.229538,72.060023,62.517239,98.270226,179.45015,698.561772,26.655847,0.638085,12.028615,30.325453,3639.582407,engine_overspeed,1,3,400,1200,1799.617889,-0.139538,-0.165471,1.42542,0.453629,0.255508,0.004721,-0.079043,0.2,195.34
933,cruise,5594.309436,75.90975,62.701274,98.25291,180.65219,702.740991,26.622815,0.651132,11.861045,31.383255,3388.7049,engine_overspeed,1,3,400,1200,1795.832599,-0.189535,0.403482,-0.458825,-0.347727,-0.180052,-0.002723,-0.03748,0.2,195.335
934,cruise,5620.503442,75.970067,62.311769,98.098296,181.126161,702.546346,26.582104,0.647655,11.782553,31.631751,3448.190783,engine_overspeed,1,3,400,1200,1796.749749,-0.172691,0.86217,-0.831153,-0.714436,0.174324,-0.002502,-0.012479,0.2,195.33
935,cruise,5611.015513,74.769768,62.038919,99.054587,180.924838,701.553572,26.635842,0.647205,11.678722,30.99024,3352.579578,engine_overspeed,1,3,400,1200,1799.193372,-0.503255,-0.796294,-0.123123,0.245689,-0.019056,0.007893,-0.107725,0.2,195.325
936,cruise,5620.908903,75.223892,62.511573,98.346996,178.856293,700.856022,26.674474,0.648414,12.029354,29.728132,3460.865551,engine_overspeed,1,3,400,1200,1802.606327,0.041248,0.010425,0.580054,0.507584,0.193937,-0.010654,-0.149943,0.2,195.32
937,cruise,5615.05226,74.851334,62.804276,99.241973,180.715337,701.594476,26.769674,0.638164,12.050635,29.073207,3453.269643,engine_overspeed,1,3,400,1200,1799.038498,0.072033,1.371652,-0.021334,-0.932168,-0.101131,-0.0029,-0.029629,0.2,195.315
938,cruise,5637.780645,74.700475,63.212379,98.726699,180.996375,697.378569,26.171521,0.642434,12.127579,29.52554,3467.502374,engine_overspeed,1,3,400,1200,1798.570237,0.234384,-0.60355,-0.052673,3.11798,0.062693,0.003756,0.04172,0.2,195.31
939,cruise,5624.790867,75.305387,62.617788,99.118669,180.860044,699.409734,26.654428,0.642391,12.038592,31.20232,3468.295842,engine_overspeed,1,3,400,1200,1800.960078,0.023796,0.044726,-0.00398,-1.558811,-0.436539,-0.003106,0.076664,0.2,195.305
940,cruise,5584.742943,75.496183,62.701039,99.044595,179.773408,700.819254,26.515503,0.645267,11.921907,30.246657,3574.740455,engine_overspeed,1,3,400,1200,1806.289566,0.895759,0.08369,1.270958,0.22809,0.116372,0.001322,0.113453,0.2,195.3
941,cruise,5589.804376,74.980383,62.862064,98.146167,179.255631,706.100935,26.304319,0.646084,11.91301,30.279411,3399.307396,engine_overspeed,1,3,400,1200,1805.529582,-0.444279,0.735058,-0.220887,-0.465055,0.28201,0.001451,0.035203,0.2,195.295
942,cruise,5585.258531,74.426186,62.22419,98.265002,180.702955,703.030497,26.373767,0.637097,11.92,31.073613,3495.7534,engine_overspeed,1,3,400,1200,1801.172234,0.503268,-0.394536,-0.05219,-1.66088,0.002268,0.006484,0.065335,0.2,195.29
943,cruise,5623.950992,74.612969,62.731844,98.412476,182.489046,693.170173,26.376921,0.640109,11.837245,31.202283,3379.186608,engine_overspeed,1,3,400,1200,1802.317473,-0.047397,0.274806,0.820559,1.941554,0.303729,0.004299,0.045471,0.2,195.285
944,cruise,5591.769935,72.592763,63.171576,98.812054,180.605091,700.08483,26.487954,0.633765,11.903706,29.683611,3568.196713,engine_overspeed,1,3,400,1200,1799.171815,-0.002412,0.560615,0.132597,-0.621317,0.169265,-0.004885,-0.123881,0.2,195.28
945,cruise,5615.005629,74.37091,62.461094,98.914104,182.216534,702.729528,26.58034,0.645833,12.215922,30.542765,3548.558298,engine_overspeed,1,3,400,1200,1803.17198,-0.531921,-0.475964,0.523577,-1.820276,-0.192894,0.000268,0.123113,0.2,195.275
946,cruise,5627.982237,76.344653,62.009094,98.350124,179.302094,696.553191,26.650913,0.654689,11.908611,28.980906,3480.368451,engine_overspeed,1,3,400,1200,1804.81971,-0.25418,-0.034036,1.218412,0.88942,0.234455,-0.006444,0.078458,0.2,195.27
947,cruise,5575.698215,73.808005,62.14242,99.472522,180.652555,699.249676,26.537,0.654065,11.823824,30.988237,3493.45063,engine_overspeed,1,3,400,1200,1796.975768,0.878876,0.281189,0.261175,-1.793611,0.040308,-0.001639,-0.026007,0.2,195.265
948,cruise,5643.31989,76.026337,62.466187,98.758775,179.840369,697.855737,26.490965,0.642212,11.878906,29.219343,3438.42149,engine_overspeed,1,3,400,1200,1792.423218,-0.356374,0.41839,0.505454,0.875509,0.045213,-0.001591,0.032677,0.2,195.26
949,cruise,5617.493688,74.88406,62.368829,99.470971,179.993129,698.120044,26.480831,0.645825,11.789893,30.657672,3521.412601,engine_overspeed,1,3,400,1200,1797.061053,-0.379226,0.791066,-0.71783,-0.64525,-0.222277,-0.000681,0.0331,0.2,195.255
950,cruise,5631.877698,75.495517,63.247234,98.585641,179.823862,692.181495,26.649121,0.640137,11.996664,31.262797,3489.353409,engine_overspeed,1,3,400,1200,1794.11059,-0.297865,0.008572,-0.068704,-1.26952,-0.035851,0.001298,-0.020141,0.2,195.25
951,cruise,5589.171001,72.824821,62.742773,99.062705,180.385032,697.036676,26.284886,0.643117,12.093636,29.190816,3525.469892,engine_overspeed,1,3,400,1200,1805.524334,-0.524865,0.070934,0.419293,0.697281,0.214837,-0.00199,0.121577,0.2,195.245
952,cruise,5622.138106,74.530246,62.432065,97.683717,180.602449,700.149735,26.721176,0.647078,12.010853,29.2133,3511.947442,engine_overspeed,1,3,400,1200,1797.73616,0.353163,0.395457,0.542873,-2.459412,0.123273,-0.00692,-0.10821,0.2,195.24
953,cruise,5592.116721,77.786892,62.917408,99.527883,180.334158,701.098843,26.583693,0.645696,12.000194,30.00429,3365.84937,engine_overspeed,1,3,400,1200,1796.79987,-0.170911,0.715147,1.672919,-1.029835,0.121369,0.001247,-0.122041,0.2,195.235
954,cruise,5599.126504,73.570165,62.410037,98.739775,180.426586,704.425447,26.474279,0.641115,11.586631,31.513323,3609.109023,engine_overspeed,1,3,400,1200,1800.863746,0.099187,-1.143427,-0.987259,0.748172,-0.048447,0.005025,0.141341,0.2,195.23
955,cruise,5602.444153,74.477203,62.494874,98.847458,179.962716,704.100062,26.499934,0.648958,11.849927,29.993849,3509.020585,engine_overspeed,1,3,400,1200,1803.665664,-0.51155,-1.67175,0.795982,1.028884,-0.079615,0.000492,-0.078871,0.2,195.225
956,cruise,5613.727386,76.203485,62.480519,98.565249,181.243328,702.404958,26.649918,0.652993,11.816778,27.931398,3552.143095,engine_overspeed,1,3,400,1200,1796.391418,-0.411718,-0.395618,0.298038,-2.352721,-0.040817,-0.009975,0.132131,0.2,195.22
957,cruise,5622.058113,73.543519,62.387744,98.387339,179.813936,695.38952,26.762063,0.63897,11.629472,30.662064,3619.426087,engine_overspeed,1,3,400,1200,1802.043446,0.960122,0.263828,-0.508131,1.74685,0.09933,-0.003843,-0.075677,0.2,195.215
958,cruise,5627.050429,75.074149,62.204562,98.385792,180.01261,702.541034,26.484348,0.653877,11.612037,30.864854,3440.320793,engine_overspeed,1,3,400,1200,1799.661039,0.026488,-0.222385,-0.551578,-0.798816,-0.001002,0.003133,0.07054,0.2,195.21
959,cruise,5593.489209,74.57489,61.860428,99.04695,178.153895,691.955056,26.705511,0.648809,11.944486,30.368952,3463.873945,engine_overspeed,1,3,400,1200,1800.916668,0.194728,-0.25138,-0.190261,0.102252,-0.238437,-0.000668,-0.078634,0.2,195.205
960,descent,5303.825801,53.215079,61.736633,98.706467,169.968351,656.806982,23.595481,0.6417,8.960091,29.349321,3468.214964,engine_overspeed,1,3,400,1200,1794.875901,-0.252019,-0.542112,0.179876,2.106804,-0.005434,0.004629,-0.084835,0.2,195.2
961,descent,5323.019001,56.210731,62.568524,98.304274,169.09954,648.244755,23.625317,0.648045,8.77615,30.13602,3591.440007,engine_overspeed,1,3,400,1200,1804.139525,1.041443,-0.018576,0.533765,1.281669,-0.023809,-0.008831,0.053599,0.2,195.195
962,descent,5321.467702,53.694941,62.286337,96.777026,170.839838,651.117986,23.335936,0.643302,8.965806,29.704393,3522.244712,engine_overspeed,1,3,400,1200,1795.978327,0.025175,0.182006,-0.646664,2.664198,0.22506,-0.00756,0.025151,0.2,195.19
963,descent,5279.922462,53.748249,62.699523,98.933937,171.281471,646.041386,23.65228,0.643701,9.005779,30.286681,3580.92602,engine_overspeed,1,3,400,1200,1796.835111,-0.180675,-0.0491,0.731289,0.09066,0.017,0.010323,0.093642,0.2,195.185
964,descent,5306.954051,54.619177,63.177107,98.924494,170.714454,648.642207,23.614529,0.647712,8.898714,29.510504,3469.903963,engine_overspeed,1,3,400,1200,1803.480348,-0.693744,-0.200292,-0.660909,3.778322,-0.028913,-0.009804,0.033304,0.2,195.18
965,descent,5318.131645,52.556955,62.460527,98.695126,170.154948,651.058605,23.60157,0.641213,8.888428,31.099275,3440.8274,engine_overspeed,1,3,400,1200,1802.206572,-0.049343,-0.206824,-0.173052,-0.794208,0.118771,-0.006128,-0.049286,0.2,195.175
966,descent,5295.236612,53.953328,63.435891,97.863893,170.414166,655.051658,23.522577,0.647119,9.070535,30.624369,3527.494535,engine_overspeed,1,3,400,1200,1802.001408,0.212897,-0.060321,1.670807,0.722355,-0.09398,0.000694,0.001987,0.2,195.17
967,descent,5344.840645,55.801191,62.574337,98.499844,169.744188,648.336126,23.325836,0.641847,9.075908,31.987101,3508.336146,engine_overspeed,1,3,400,1200,1801.316555,-0.530871,0.04414,0.223381,-1.278482,0.16017,-0.001851,-0.086499,0.2,195.165
968,descent,5319.050538,56.871331,62.347709,98.336312,170.927933,648.252092,23.427779,0.635403,8.891254,30.510422,3591.535211,engine_overspeed,1,3,400,1200,1796.004875,0.205977,0.241794,0.037803,-0.271385,0.087574,0.004004,0.148649,0.2,195.16
969,descent,5318.56557,56.022608,63.09163,98.126763,168.868836,652.178718,23.309978,0.644517,9.086916,30.492464,3405.53504,engine_overspeed,1,3,400,1200,1807.525236,-0.117044,-0.968182,-1.245502,1.534631,0.242177,0.000596,-0.033805,0.2,195.155
970,descent,5285.927587,53.950504,62.301973,99.844691,170.206382,647.639668,23.329661,0.64323,8.601319,28.207048,3442.172975,engine_overspeed,1,3,400,1200,1800.356544,0.039691,0.945061,-0.457657,0.601775,-0.075298,-0.005618,0.020816,0.2,195.15
971,descent,5322.196036,54.078993,63.043969,99.14797,171.988719,649.153887,23.55952,0.646518,8.980045,30.053502,3692.644716,engine_overspeed,1,3,400,1200,1803.586024,-0.415099,0.50013,-0.418164,0.496706,0.133276,0.001115,-0.035115,0.2,195.145
972,descent,5321.275724,52.753947,62.02933,99.207178,170.158059,645.619698,23.604663,0.643098,8.722674,31.756792,3424.752851,engine_overspeed,1,3,400,1200,1798.135108,0.4715,0.13042,0.727099,1.271863,-0.020119,-0.002964,-0.085484,0.2,195.14
973,descent,5322.494601,56.176401,61.976994,98.093481,170.197675,649.907708,23.537636,0.649934,8.900599,29.573025,3512.405567,engine_overspeed,1,3,400,1200,1799.456399,-0.321833,0.532948,0.790114,-1.884808,0.145702,-0.011953,0.090139,0.2,195.135
974,descent,5293.161234,54.679522,63.007029,99.380981,169.851767,652.114637,23.377119,0.64621,9.296669,31.201168,3535.850622,engine_overspeed,1,3,400,1200,1799.043043,-0.596371,-0.752868,-0.002362,0.295924,-0.191758,-0.000882,0.104065,0.2,195.13
975,descent,5340.709605,55.19452,62.358561,98.862951,170.449296,647.296227,23.154108,0.643576,9.080009,30.338828,3425.81044,engine_overspeed,1,3,400,1200,1800.492508,0.040349,0.117704,-0.086656,0.177598,0.149403,0.001389,-0.057581,0.2,195.125
976,descent,5255.290214,54.202337,62.390386,98.167882,168.444499,648.44486,23.525693,0.645191,8.952104,28.226986,3432.26807,engine_overspeed,1,3,400,1200,1799.375725,-0.348722,-0.009198,-0.899153,1.610732,-0.026652,0.001142,0.033942,0.2,195.12
977,descent,5303.094735,55.438342,61.617918,98.180509,170.143794,642.156882,23.713291,0.64894,9.243002,31.824209,3532.146393,engine_overspeed,1,3,400,1200,1796.667719,0.074171,-0.593521,0.146962,1.868637,-0.015386,0.002758,-0.020139,0.2,195.115
978,descent,5306.020984,53.415989,62.194859,99.419338,170.434728,650.574763,23.433242,0.64847,9.063107,30.026177,3541.623594,engine_overspeed,1,3,400,1200,1801.759835,0.1066,0.300221,-0.709236,-0.111554,-0.108576,0.005929,-0.074668,0.2,195.11
979,descent,5323.026701,54.733058,62.931308,98.911837,171.672895,649.957656,23.66706,0.641684,8.882894,29.84899,3475.997607,engine_overspeed,1,3,400,1200,1796.886761,-0.299067,0.197712,-0.812836,-1.399286,-0.058945,-0.008465,-0.046384,0.2,195.105
980,descent,5277.604953,54.209341,62.716488,98.291202,170.195282,649.161763,23.415077,0.635805,8.870352,29.284267,3587.959939,engine_overspeed,1,3,400,1200,1804.971384,0.367095,-0.170317,0.78943,2.235265,0.167118,0.01141,0.021319,0.2,195.1
981,descent,5358.784356,54.500704,61.37472,98.897844,170.880177,646.421359,23.256914,0.652101,8.978813,30.553384,3541.697033,engine_overspeed,1,3,400,1200,1805.768991,-0.471164,-0.467528,-0.084467,-0.439603,0.120565,-0.003432,0.066845,0.2,195.095
982,descent,5308.859543,55.406201,62.953965,97.715272,169.41461,649.579427,23.636839,0.644966,8.792169,29.858685,3611.842079,engine_overspeed,1,3,400,1200,1798.447594,-0.091735,0.288147,-1.094461,-0.906901,0.076588,-0.001929,-0.124982,0.2,195.09
983,descent,5322.757607,53.688613,62.840835,98.942143,170.117422,648.713196,23.525682,0.647428,9.023041,29.139243,3528.787725,engine_overspeed,1,3,400,1200,1800.934571,0.502726,-0.065638,1.275605,1.112379,-0.006054,0.0004,-0.136807,0.2,195.085
984,descent,5282.178514,54.789848,62.64059,98.253308,169.940309,649.550323,23.491922,0.639527,8.901124,29.766112,3657.492107,engine_overspeed,1,3,400,1200,1797.656396,0.189823,-0.177328,0.240959,-1.524469,0.259153,-0.000175,-0.025316,0.2,195.08
985,descent,5327.485046,54.535995,62.577599,98.023997,170.227445,650.570602,23.960003,0.64032,8.92568,30.517255,3354.107259,engine_overspeed,1,3,400,1200,1800.512941,0.742867,0.125298,-0.354799,0.281763,0.110011,0.002717,0.099753,0.2,195.075
986,descent,5324.49506,54.668487,62.838508,99.495511,169.944275,649.147962,23.70931,0.639448,8.914217,31.771785,3423.102839,engine_overspeed,1,3,400,1200,1801.386252,-0.425683,-0.514527,0.977542,2.465528,-0.048621,0.01185,-0.067252,0.2,195.07
987,descent,5302.537636,55.25536,62.937307,98.736188,171.381146,653.019205,23.631385,0.647267,8.916982,29.187018,3241.795314,engine_overspeed,1,3,400,1200,1801.828325,0.604283,-0.654214,-0.092617,-0.133457,-0.053482,-0.003459,-0.092722,0.2,195.065
988,descent,5297.0393,53.80608,62.500412,98.569587,170.999047,643.021338,23.735746,0.659524,8.849381,29.698501,3507.334588,engine_overspeed,1,3,400,1200,1800.581043,0.397961,-0.87531,-1.468847,0.250589,-0.124344,0.002732,-0.138614,0.2,195.06
989,descent,5298.582698,54.051908,63.083219,99.330069,169.786645,653.479076,23.26343,0.636723,9.20339,29.898224,3624.662057,engine_overspeed,1,3,400,1200,1806.406,-0.896925,0.052831,0.030159,0.066104,0.189355,0.003165,-0.034125,0.2,195.055
990,descent,5292.157383,55.95724,62.815566,99.199319,170.502344,648.421103,23.427727,0.645765,8.798949,31.287064,3528.96305,engine_overspeed,1,3,400,1200,1798.625925,0.045352,0.692803,1.278572,-0.419308,-0.073164,0.002726,-0.026607,0.2,195.05
991,descent,5279.107652,55.671072,62.902423,98.619932,170.201446,647.702402,23.240067,0.642284,8.699161,29.545664,3656.957987,engine_overspeed,1,3,400,1200,1802.283277,-0.216092,-0.76553,-0.269266,0.510656,0.063802,0.000387,0.013192,0.2,195.045
992,descent,5304.972665,53.736576,62.935855,98.415225,169.499465,644.551681,23.479987,0.638738,8.723664,29.084106,3584.836913,engine_overspeed,1,3,400,1200,1801.198318,0.016277,-0.371708,-0.087218,-1.706944,-0.043635,-0.002385,-0.04992,0.2,195.04
993,descent,5276.824221,53.195033,63.002172,99.094941,169.44805,654.122196,23.48278,0.641313,8.730654,30.115447,3475.205163,engine_overspeed,1,3,400,1200,1797.886411,-0.416004,0.296815,0.675773,-1.379766,-0.195286,-0.003045,-0.12166,0.2,195.035
994,descent,5305.09104,57.018931,62.758003,99.092235,170.823478,646.467812,23.443323,0.642772,8.772063,31.20567,3461.251543,engine_overspeed,1,3,400,1200,1798.506625,0.212363,0.733782,-0.771754,-1.071274,0.130813,0.008024,0.071936,0.2,195.03
995,descent,5331.573573,53.900705,62.438303,98.679053,170.347481,650.701255,23.519104,0.643153,9.199039,30.126534,3430.263551,engine_overspeed,1,3,400,1200,1801.120342,-0.130256,0.382774,1.38023,0.116319,-0.124214,-0.002685,-0.059318,0.2,195.025
996,descent,5317.950779,55.742095,63.008872,98.998117,170.03676,649.893738,23.756944,0.646233,9.254028,29.816239,3576.496734,engine_overspeed,1,3,400,1200,1801.200857,0.115376,-0.766297,-0.39337,-1.490467,0.051379,0.001143,0.012036,0.2,195.02
997,descent,5294.996228,55.052526,62.37937,97.695341,168.494988,646.870822,23.738555,0.640124,9.083972,29.384464,3506.161215,engine_overspeed,1,3,400,1200,1797.579879,0.415393,0.870279,-0.256594,1.313242,-0.029636,-6.3e-05,0.113508,0.2,195.015
998,descent,5280.794544,55.080011,63.173968,97.407879,172.242539,646.638076,23.494191,0.644786,9.211683,29.466621,3314.232495,engine_overspeed,1,3,400,1200,1802.578957,0.394969,0.584892,-0.020974,-0.183255,-0.074164,0.002456,0.085739,0.2,195.01
999,descent,5341.352459,55.432025,62.31688,99.498587,169.08742,648.631451,23.626951,0.637732,9.206212,30.26109,3417.593319,engine_overspeed,1,3,400,1200,1805.864553,0.079162,0.137194,-1.274007,1.613579,0.000685,0.004016,-0.026057,0.2,195.005
1000,descent,5303.473013,54.946249,62.843885,98.666242,170.737377,646.859703,23.989171,0.644684,8.865767,29.899401,3460.744176,engine_overspeed,1,3,400,1200,1798.741008,-0.453778,0.078186,-0.812617,0.851323,-0.281925,0.000781,0.064707,0.2,195.0
1001,descent,5319.763631,53.004204,62.188074,99.190939,168.58271,650.766614,23.705037,0.6485,8.513518,31.591276,3509.171511,engine_overspeed,1,3,400,1200,1802.390539,-0.680009,0.375275,0.003297,-2.090048,0.139668,0.004112,-0.207625,0.2,194.995
1002,descent,5323.414997,54.660028,63.195534,98.592719,171.708809,651.274516,23.646078,0.640228,8.669118,31.038017,3395.00902,engine_overspeed,1,3,400,1200,1798.239351,-0.358701,-0.256772,-0.294439,1.975714,0.165018,0.004552,0.120853,0.2,194.99
1003,descent,5329.294127,52.89274,62.677341,99.065641,170.329815,650.376426,23.340136,0.638575,9.111049,32.166396,3636.23667,engine_overspeed,1,3,400,1200,1802.773207,-0.080382,0.274698,-0.400534,-2.572064,0.210758,0.003762,0.042756,0.2,194.985
1004,descent,5320.541154,53.76401,62.876549,98.899628,170.277974,651.043913,23.539534,0.641282,8.745869,30.9216,3678.015825,engine_overspeed,1,3,400,1200,1798.800778,0.137012,-0.337219,-0.512651,-2.356992,-0.051155,0.010493,0.07735,0.2,194.98
1005,descent,5327.537167,55.628158,61.8999,98.579713,169.518958,651.89397,23.697588,0.640532,8.821168,30.521936,3558.756123,engine_overspeed,1,3,400,1200,1800.680523,0.263149,0.064512,0.44039,-0.014156,0.188352,0.00504,-0.10617,0.2,194.975
1006,descent,5331.610481,55.091578,62.544837,97.953024,170.544058,651.299771,23.461257,0.637813,8.860459,29.333577,3367.784025,engine_overspeed,1,3,400,1200,1801.046347,0.114203,0.185562,-0.171002,1.531152,-0.285414,-0.004359,-0.109879,0.2,194.97
1007,descent,5300.998015,55.236101,62.423132,98.05942,170.991659,646.312705,23.457196,0.640031,8.905019,30.043556,3485.425593,engine_overspeed,1,3,400,1200,1804.52154,0.644796,0.21945,-0.595384,-0.238082,-0.058406,-0.001017,0.029858,0.2,194.965
1008,descent,5272.306384,54.688526,62.575063,98.304636,171.613686,647.523095,23.418928,0.645952,8.890636,30.416829,3677.592118,engine_overspeed,1,3,400,1200,1798.305229,-0.188134,0.176476,-0.598301,3.805515,-0.264321,0.001536,-0.034971,0.2,194.96
1009,descent,5299.129291,54.230987,63.549108,97.845262,170.636133,650.712208,23.63123,0.647827,8.718849,30.214279,3648.9187,engine_overspeed,1,3,400,1200,1802.63596,0.230285,0.728001,-0.217562,1.458068,-0.038744,0.00502,0.079135,0.2,194.955
1010,descent,5305.796529,54.995419,62.627302,98.573231,170.820454,652.076879,23.403873,0.648855,8.722316,29.812691,3450.134816,engine_overspeed,1,3,400,1200,1802.057449,0.146806,-0.040321,1.529658,-0.960742,-0.176477,0.00327,0.004781,0.2,194.95
1011,descent,5296.760419,54.59942,62.746733,98.310261,169.835439,648.068692,23.48909,0.638274,8.933451,30.768437,3376.806475,engine_overspeed,1,3,400,1200,1800.833827,0.00012,-1.102244,0.196227,3.164823,-0.082814,0.005065,-0.145846,0.2,194.945
1012,descent,5342.529698,54.6006,62.805163,98.140543,170.024574,645.029249,23.401179,0.63043,9.062747,30.417731,3316.986044,engine_overspeed,1,3,400,1200,1801.14508,0.162685,0.594578,0.548075,0.287276,0.059201,-0.001764,0.038983,0.2,194.94
1013,descent,5342.887382,54.782274,62.64049,98.112765,170.944747,641.836381,23.931253,0.643461,8.884754,28.078534,3605.929928,engine_overspeed,1,3,400,1200,1793.871008,-0.13949,-0.097017,0.518152,0.290958,0.037615,-0.00107,-0.037206,0.2,194.935
1014,descent,5300.170414,54.748777,62.402511,97.578355,169.998751,649.992916,23.615714,0.648584,9.068185,30.900375,3554.838583,engine_overspeed,1,3,400,1200,1803.87399,-0.822694,0.076625,0.094487,1.152508,0.264835,-0.003668,-0.139312,0.2,194.93
1015,descent,5319.075279,53.013519,63.844019,98.617717,170.045265,645.236707,23.702352,0.648737,8.788363,29.558888,3565.486805,engine_overspeed,1,3,400,1200,1799.761808,0.6923,0.183504,-0.270871,1.823387,0.167529,-0.004845,-0.061231,0.2,194.925
1016,descent,5321.233216,52.407699,62.882628,98.592547,171.570194,648.17799,23.565719,0.648081,9.013713,29.613988,3440.637623,engine_overspeed,1,3,400,1200,1798.919214,-0.661671,-0.189897,0.717257,0.408481,0.053917,0.001721,-0.039728,0.2,194.92
1017,descent,5298.891894,53.631824,62.400381,98.803292,171.043069,651.00314,23.494616,0.64914,8.791913,29.650064,3579.8782,engine_overspeed,1,3,400,1200,1801.45537,-0.075801,0.029335,-0.262069,-0.693371,0.25647,-0.002365,0.033641,0.2,194.915
1018,descent,5306.452481,54.43189,62.143789,98.424956,169.329498,652.518733,23.327691,0.636906,8.992032,31.081332,3491.915897,engine_overspeed,1,3,400,1200,1796.471921,0.367224,0.534516,-0.365322,-0.631697,0.223328,0.004126,0.09572,0.2,194.91
1019,descent,5293.166401,54.680284,63.037203,99.198181,168.492731,649.754539,23.336397,0.641337,8.876579,30.581566,3563.197293,engine_overspeed,1,3,400,1200,1796.890844,-0.11517,-0.710216,0.07087,-2.230096,-0.346675,0.009606,-0.133753,0.2,194.905
1020,descent,5325.993518,56.127933,62.615034,97.824378,169.759884,651.070388,23.48447,0.642922,8.793566,29.880914,3643.674691,engine_overspeed,1,3,400,1200,1808.067237,-0.544914,-0.537042,0.67678,1.318681,-0.128958,-0.000498,0.016953,0.2,194.9
1021,descent,5293.323221,54.721601,62.785794,98.578886,168.385209,646.703738,23.38025,0.637072,9.132021,30.622243,3408.895327,engine_overspeed,1,3,400,1200,1804.760395,0.631051,0.384941,-0.354344,-0.887784,0.115276,-0.007883,0.030991,0.2,194.895
1022,descent,5337.005695,52.037149,62.912438,98.986998,169.775353,651.59316,23.312602,0.648314,9.317908,30.214981,3388.980292,engine_overspeed,1,3,400,1200,1798.174874,-0.800891,0.385789,0.15376,-1.553921,0.164773,-1.6e-05,0.037954,0.2,194.89
1023,descent,5317.76233,54.055918,62.467896,98.639964,169.342718,651.360771,23.672355,0.643205,9.004328,30.797209,3568.457732,engine_overspeed,1,3,400,1200,1800.973935,0.29525,-0.047439,-1.607179,2.239729,0.088831,-5.2e-05,0.092679,0.2,194.885
1024,descent,5312.859225,54.254751,62.714404,97.941373,169.89138,648.181788,23.567624,0.641628,9.026639,29.986832,3470.812046,engine_overspeed,1,3,400,1200,1800.079287,-1.059181,0.059552,0.803508,0.149758,0.174813,-0.000313,-0.021585,0.2,194.88
1025,descent,5324.8162,55.795342,61.907082,97.790761,170.846893,648.455231,23.612468,0.650338,8.754557,31.005041,3384.651048,engine_overspeed,1,3,400,1200,1800.086854,0.229994,0.466339,0.174584,-1.831269,0.005931,-0.002715,0.077631,0.2,194.875
1026,descent,5295.546469,54.615851,62.706842,98.629001,172.129158,651.638043,23.410036,0.642188,9.086533,29.408539,3557.389839,engine_overspeed,1,3,400,1200,1807.03238,-0.929469,0.100557,1.119306,-0.107917,0.096205,-0.009381,-0.024277,0.2,194.87
1027,descent,5328.322287,55.840634,62.920815,97.820454,170.679213,644.694455,23.600302,0.639465,8.7815,30.482654,3477.221049,engine_overspeed,1,3,400,1200,1803.457185,-0.403511,0.258036,-1.832428,1.394868,-0.129007,-0.001163,0.039991,0.2,194.865
1028,descent,5324.117427,54.429867,62.912718,98.538343,168.538823,650.367911,23.603641,0.640343,8.761666,29.082232,3605.310283,engine_overspeed,1,3,400,1200,1798.917702,0.427004,-0.493287,-0.743098,-0.151558,0.090977,0.004996,-0.052868,0.2,194.86
1029,descent,5319.069377,53.05814,62.986364,99.274981,170.95817,649.283208,23.647803,0.633901,8.858792,30.05844,3604.427884,engine_overspeed,1,3,400,1200,1800.627492,0.154213,0.329773,-0.694813,0.844301,-0.058607,0.001439,-0.028996,0.2,194.855
1030,descent,5330.369516,54.329101,62.248535,98.953675,170.08085,649.592806,23.572284,0.641441,8.69239,28.343784,3347.673377,engine_overspeed,1,3,400,1200,1803.356883,0.053061,-0.656357,0.023152,2.254145,-0.06741,-0.002046,0.053177,0.2,194.85
1031,descent,5307.414807,56.011736,62.54328,97.425161,169.672311,646.042194,23.111112,0.655978,8.880525,29.019005,3689.543703,engine_overspeed,1,3,400,1200,1799.620601,-0.360563,0.182324,-0.011647,0.179492,0.046403,-0.001533,0.023774,0.2,194.845
1032,descent,5310.970159,55.530186,62.119448,99.125907,169.018647,644.995803,23.777351,0.648307,8.875389,30.824809,3535.382662,engine_overspeed,1,3,400,1200,1808.02861,0.235462,0.043541,-1.870271,-0.255024,-0.301483,0.020215,0.153396,0.2,194.84
1033,descent,5298.361576,54.788793,62.369295,99.157053,170.305207,642.423123,23.529466,0.630854,8.992065,29.159569,3519.683232,engine_overspeed,1,3,400,1200,1799.669542,0.038521,0.179121,-0.759555,-0.286168,-0.241306,-0.002159,0.046403,0.2,194.835
1034,descent,5295.342102,53.838952,62.19826,98.644917,170.130938,648.144042,23.948898,0.629577,8.863216,29.943187,3412.267582,engine_overspeed,1,3,400,1200,1795.589307,-0.194156,0.647133,-0.326088,0.035463,0.039323,0.005391,-0.120261,0.2,194.83
1035,descent,5316.463745,54.227265,63.091279,98.916498,170.708154,642.147405,23.347162,0.644478,8.866047,29.9261,3485.572257,engine_overspeed,1,3,400,1200,1799.633704,0.119227,0.190385,0.013133,2.044266,-0.118447,0.003005,0.074342,0.2,194.825
1036,descent,5284.397596,55.748286,63.191515,98.421883,168.753144,650.534098,23.634032,0.642143,8.966133,30.180131,3486.05149,engine_overspeed,1,3,400,1200,1803.515822,-0.335862,0.204158,0.625425,3.145808,0.115269,0.005985,0.104257,0.2,194.82
1037,descent,5314.428246,53.835154,62.785752,98.634479,169.285092,657.090954,23.655809,0.654594,9.016812,29.892507,3528.330362,engine_overspeed,1,3,400,1200,1809.08704,0.04873,0.089754,-0.991181,1.849284,0.163557,-0.005647,0.052054,0.2,194.815
1038,descent,5305.592373,55.312391,61.969323,98.70689,169.695838,651.086011,23.445556,0.636686,8.98817,29.760355,3499.792074,engine_overspeed,1,3,400,1200,1799.848644,0.085616,0.177049,0.280901,-1.15435,-0.03537,-0.000778,-0.044368,0.2,194.81
1039,descent,5327.115904,55.02742,62.277618,98.359668,170.800918,650.269501,23.46434,0.650531,9.039707,29.356064,3292.518783,engine_overspeed,1,3,400,1200,1796.358404,0.248715,-0.305447,-0.817849,-0.334133,0.089972,0.001897,-0.077462,0.2,194.805
1040,descent,5329.676452,53.703663,62.655134,98.929626,170.083289,648.389599,23.821177,0.648701,8.77996,29.598529,3492.062952,engine_overspeed,1,3,400,1200,1798.165321,-0.16122,-0.315036,-0.409252,1.371183,-0.337565,-0.001889,0.083611,0.2,194.8
1041,descent,5285.109636,54.358388,62.863114,98.881546,169.973293,652.732596,23.64125,0.644785,8.887353,29.952407,3478.144949,engine_overspeed,1,3,400,1200,1801.10582,-0.182654,0.620687,-0.249112,-0.076311,0.027763,0.001312,0.083646,0.2,194.795
1042,descent,5291.122531,53.967883,63.924922,98.839514,171.008324,644.705606,23.686267,0.645761,8.666399,29.066503,3515.594144,engine_overspeed,1,3,400,1200,1801.538892,-0.710175,1.010256,0.344682,-1.859431,-0.022271,-0.004454,0.034983,0.2,194.79
1043,descent,5317.757907,55.483612,62.502961,98.143202,169.044725,650.947995,23.605906,0.646125,9.075792,29.704031,3527.76403,engine_overspeed,1,3,400,1200,1794.0488,0.24639,-0.495085,-0.756978,-0.229737,0.108078,0.006047,0.032763,0.2,194.785
1044,descent,5313.325941,53.998987,61.683666,98.456225,169.82921,651.773109,23.627696,0.643391,9.094545,29.095301,3572.904276,engine_overspeed,1,3,400,1200,1802.550729,-0.261462,-0.66605,-0.30571,-2.211926,-0.042426,0.005951,-0.017844,0.2,194.78
1045,descent,5315.879203,53.578443,63.275102,98.942336,169.05864,648.480909,23.582399,0.645125,9.12755,32.070548,3615.413441,engine_overspeed,1,3,400,1200,1798.448741,0.277375,-0.758175,-0.022675,-0.706822,-0.030056,-0.00033,0.132256,0.2,194.775
1046,descent,5337.723654,53.786161,63.124744,98.093211,170.081131,645.662503,23.334134,0.626582,9.035465,31.214047,3636.546153,engine_overspeed,1,3,400,1200,1801.598658,1.000344,-0.231647,0.071026,1.681523,-0.070118,0.003381,-0.132669,0.2,194.77
1047,descent,5302.541011,54.790802,62.616225,98.789092,169.741974,643.472008,23.49103,0.640684,9.056159,29.548704,3600.806826,engine_overspeed,1,3,400,1200,1804.123652,-0.926233,-0.249072,-0.573027,0.969032,0.090064,0.007403,0.026803,0.2,194.765
1048,descent,5353.915135,56.215134,62.4737,98.888882,170.343,648.628915,23.534733,0.640098,8.794889,30.881169,3363.368533,engine_overspeed,1,3,400,1200,1800.32963,-0.139162,0.418853,1.10718,1.365109,0.067624,-0.009918,0.046802,0.2,194.76
1049,descent,5330.19447,55.543392,61.223844,98.515478,170.744667,645.823905,23.414919,0.650592,8.812038,30.49915,3420.575116,engine_overspeed,1,3,400,1200,1805.47877,0.311441,0.448772,-0.263491,-1.122594,-0.038267,0.002211,-0.009248,0.2,194.755
1050,descent,5327.420405,55.245764,62.733277,98.502537,171.321332,650.788857,23.556152,0.647277,8.84735,29.601749,3361.368885,engine_overspeed,1,3,400,1200,1802.482324,-0.622235,1.04079,-0.17221,2.436273,-0.223384,-0.004618,-0.128742,0.2,194.75
1051,descent,5300.862045,55.196156,61.994062,98.755992,171.333562,649.106307,22.933291,0.645292,9.108778,30.836723,3527.577867,engine_overspeed,1,3,400,1200,1803.005767,-0.130881,-0.379125,0.368329,-0.579932,0.314373,-0.006592,0.027483,0.2,194.745
1052,descent,5326.362231,55.697572,62.780487,99.198877,171.579313,651.355033,23.491087,0.640689,8.759326,30.887641,3530.397455,engine_overspeed,1,3,400,1200,1800.455185,-0.449913,0.644368,-0.119504,-1.035736,-0.129541,-0.001917,0.068492,0.2,194.74
1053,descent,5300.150465,54.384392,62.201557,97.846763,170.682046,645.647636,23.39436,0.652315,8.643427,30.01473,3408.455557,engine_overspeed,1,3,400,1200,1806.128198,0.889485,-0.744328,-0.894035,-1.165135,-0.16127,0.003617,0.020831,0.2,194.735
1054,descent,5298.319853,55.875184,63.097363,98.421638,170.493671,649.499492,23.523974,0.643802,8.882709,29.731052,3475.702102,engine_overspeed,1,3,400,1200,1799.081022,-0.378263,0.639559,-0.4486,-2.994846,-0.033317,0.000141,-0.132084,0.2,194.73
1055,descent,5305.851177,53.980329,63.865541,97.830696,170.856663,647.05509,23.285239,0.635527,8.962684,30.542081,3509.503116,engine_overspeed,1,3,400,1200,1799.036894,0.247251,0.729168,-0.211094,-1.424695,-0.177874,-0.002475,-0.04778,0.2,194.725
1056,descent,5317.828189,54.293583,62.608504,98.762239,171.287901,652.987882,23.258158,0.64493,8.955573,29.885442,3577.179952,engine_overspeed,1,3,400,1200,1797.914136,-0.070557,-0.275863,-0.330605,0.474278,-0.121436,-0.011264,0.062274,0.2,194.72
1057,descent,5311.121784,54.131498,62.771489,98.660919,170.809392,651.764452,23.825975,0.652118,9.09088,30.922393,3476.003409,engine_overspeed,1,3,400,1200,1796.704735,0.580731,0.579431,0.900303,2.026572,0.0237,0.004219,-0.0724,0.2,194.715
1058,descent,5291.693312,55.307428,62.285344,99.276927,170.268878,651.419924,23.331168,0.649741,8.866746,28.949406,3350.224496,engine_overspeed,1,3,400,1200,1797.657258,0.06688,-0.946681,-0.286171,-3.027795,-0.095518,0.005744,0.040813,0.2,194.71
1059,descent,5307.977078,54.221898,62.926957,99.088788,168.624143,651.154118,23.73665,0.64872,8.818442,30.813857,3531.31717,engine_overspeed,1,3,400,1200,1802.997479,-0.381814,-0.126171,0.788763,-1.843755,-0.094065,-0.004261,-0.05844,0.2,194.705
1060,descent,5288.504054,54.566648,62.529358,99.068878,168.694973,654.7655,23.615487,0.650407,8.80607,28.866601,3531.410624,engine_overspeed,1,3,400,1200,1805.25196,0.140242,-0.263545,-0.65159,2.432406,0.113392,-0.002032,0.048765,0.2,194.7
1061,descent,5309.486842,54.995328,62.022419,98.709859,169.420854,648.138729,23.681576,0.652008,8.964066,28.340458,3632.153661,engine_overspeed,1,3,400,1200,1803.950158,-0.177176,-0.421388,-1.197334,-0.067683,-0.288508,0.001764,0.012559,0.2,194.695
1062,descent,5275.165363,55.773952,62.354412,99.970307,170.00124,654.038296,23.819541,0.643828,8.879061,29.699659,3653.930121,engine_overspeed,1,3,400,1200,1796.276092,-0.107835,0.109665,-1.280692,-0.291483,0.205893,0.002249,-0.041853,0.2,194.69
1063,descent,5300.793496,54.874227,62.761002,98.271897,169.357264,648.983913,23.263398,0.643088,8.70544,30.367802,3385.679317,engine_overspeed,1,3,400,1200,1804.868723,0.587943,0.366997,0.755922,0.04417,0.10168,-0.011913,0.09766,0.2,194.685
1064,descent,5321.591295,53.330763,62.609258,98.719138,171.873495,651.181011,23.150436,0.646499,8.857694,31.344668,3383.038255,engine_overspeed,1,3,400,1200,1801.255225,-0.575763,-0.108401,-0.490772,0.422515,-0.16068,0.005689,0.031545,0.2,194.68
1065,descent,5324.328922,54.656037,63.191831,98.921134,169.579576,652.559113,23.50949,0.639969,8.876767,31.480184,3346.980015,engine_overspeed,1,3,400,1200,1800.017455,0.062928,-0.28402,-0.011489,-1.454092,0.07625,0.004173,-0.103442,0.2,194.675
1066,descent,5328.58349,56.661929,62.841767,99.179346,170.405272,650.612502,23.772551,0.643874,8.873236,30.108618,3410.982401,engine_overspeed,1,3,400,1200,1797.771778,0.144214,0.097847,0.602846,0.735805,-0.340753,-0.003392,-0.149733,0.2,194.67
1067,descent,5319.197893,53.993682,62.603972,99.471605,169.356042,647.253884,23.633093,0.640635,8.970886,30.797589,3535.922447,engine_overspeed,1,3,400,1200,1801.496079,0.279588,-0.201263,0.841179,1.027768,0.165138,0.001927,0.174056,0.2,194.665
1068,descent,5292.203781,54.264473,63.214414,97.945622,168.594894,649.009483,23.600319,0.649534,8.809166,28.92275,3542.493557,engine_overspeed,1,3,400,1200,1802.545644,-0.037479,0.148365,0.041234,-0.042796,0.189714,-0.010302,-0.142801,0.2,194.66
1069,descent,5294.752434,55.569,61.978458,98.915942,171.201779,650.226659,23.564884,0.634439,8.869257,30.011838,3516.720706,engine_overspeed,1,3,400,1200,1799.718611,0.458337,-0.009401,0.612885,-1.416428,-0.001359,0.007901,0.030307,0.2,194.655
1070,descent,5310.989507,54.054234,62.688873,99.740305,171.835945,646.89619,23.32649,0.636571,8.988192,29.382298,3544.305928,engine_overspeed,1,3,400,1200,1802.421708,-0.369159,-0.24304,-0.275148,-2.359845,-0.020149,0.008415,0.009712,0.2,194.65
1071,descent,5323.385957,53.409495,62.892838,98.213809,171.925347,650.823156,23.202569,0.637189,9.092121,29.114045,3505.780136,engine_overspeed,1,3,400,1200,1799.707289,0.87763,-0.865935,-0.301473,4.197073,-0.211837,0.006068,0.115813,0.2,194.645
1072,descent,5311.545968,54.161307,62.325813,97.934233,170.25404,649.030916,23.421986,0.63907,8.594155,30.825456,3535.379698,engine_overspeed,1,3,400,1200,1803.332754,-0.188538,-0.060156,1.383645,-0.389665,0.122317,-0.001042,0.083683,0.2,194.64
1073,descent,5297.916531,55.727481,62.669915,98.376696,170.292143,651.475975,23.571969,0.638717,8.816648,30.643317,3508.009285,engine_overspeed,1,3,400,1200,1797.210679,0.072096,0.191866,0.041196,1.535924,0.164626,-0.005137,0.061449,0.2,194.635
1074,descent,5309.409819,54.77965,62.243256,98.668578,169.145006,649.362955,23.34758,0.645334,8.961939,29.148082,3611.441793,engine_overspeed,1,3,400,1200,1805.23057,0.5389,-0.305058,1.73203,0.485792,-0.105158,-0.008931,-0.010584,0.2,194.63
1075,descent,5280.613653,53.23726,62.686633,97.731337,173.344042,649.936217,23.504112,0.648417,8.996724,31.274194,3425.447965,engine_overspeed,1,3,400,1200,1800.735507,-0.240622,0.052164,-0.179816,0.157327,-0.381967,-0.008545,0.141889,0.2,194.625
1076,descent,5342.63646,55.345928,63.762932,99.516128,170.381586,651.772632,23.609104,0.651127,8.800986,31.537179,3634.001847,engine_overspeed,1,3,400,1200,1794.103097,0.190174,-0.130485,-0.940685,0.388613,0.085936,0.0069,0.069427,0.2,194.62
1077,descent,5327.734625,55.12116,63.031208,98.527029,170.399129,648.080928,23.477659,0.653201,8.90677,30.336358,3522.211614,engine_overspeed,1,3,400,1200,1800.123044,0.019193,0.30995,0.094881,-0.322396,0.068968,0.001394,-0.061275,0.2,194.615
1078,descent,5290.944669,56.099889,63.328533,99.713999,170.434647,645.501799,23.960141,0.640208,8.897211,28.871346,3442.640763,engine_overspeed,1,3,400,1200,1801.223936,-0.188996,0.358316,-0.135603,-0.383438,0.141601,-0.00241,-0.029942,0.2,194.61
1079,descent,5312.479876,54.485545,62.211406,99.010116,169.787706,646.801933,23.435761,0.644069,9.279987,29.079359,3459.48237,engine_overspeed,1,3,400,1200,1803.999916,0.463952,-0.591332,0.263545,0.18705,0.006128,-0.003915,0.076634,0.2,194.605
1080,landing,5276.309001,48.450521,62.469239,98.109854,164.263175,639.692592,22.441942,0.638293,9.038019,30.084654,3333.817746,engine_overspeed,1,3,400,1200,1802.672311,0.205836,-0.472901,-0.996955,0.995447,-0.15642,0.005847,0.16859,0.2,194.6
1081,landing,5303.051195,49.666334,62.810181,98.448729,163.505006,644.889892,22.547811,0.642316,8.778042,29.481719,3627.834293,engine_overspeed,1,3,400,1200,1799.544617,0.913365,-0.054239,1.412978,3.361024,0.225893,0.002191,0.072238,0.2,194.595
1082,landing,5228.06198,49.561566,63.084022,99.223086,164.130262,640.409777,22.556032,0.648791,8.873452,30.260016,3544.966968,engine_overspeed,1,3,400,1200,1803.652467,-0.314182,-0.04241,0.72338,-1.120014,-0.077612,0.002214,0.060025,0.2,194.59
1083,landing,5249.958737,48.357376,62.923523,97.898052,164.007606,644.50211,22.406171,0.652563,9.017393,30.069228,3693.007398,engine_overspeed,1,3,400,1200,1798.620108,-0.089447,-0.171294,-0.208609,1.5725,0.214537,0.000932,-0.034902,0.2,194.585
1084,landing,5262.11865,49.037279,62.887637,99.067301,167.109494,639.864589,22.341023,0.641031,8.868151,29.300436,3518.814224,engine_overspeed,1,3,400,1200,1804.967885,0.54842,0.42475,-0.135733,0.447789,0.029553,-0.002671,0.071274,0.2,194.58
1085,landing,5249.379054,48.532878,62.050739,97.764574,166.027204,637.656131,22.692764,0.63967,8.910641,31.823386,3559.144715,engine_overspeed,1,3,400,1200,1797.930859,0.445929,0.300903,-0.57399,-1.081208,0.053825,-0.004399,0.011811,0.2,194.575
1086,landing,5257.003918,50.582818,62.476644,97.880128,167.00851,644.99562,22.770447,0.63797,8.818739,28.25454,3369.850089,engine_overspeed,1,3,400,1200,1801.037189,0.18701,0.14834,0.488503,0.179329,-0.178678,0.001262,0.141221,0.2,194.57
1087,landing,5268.326409,50.850867,62.482964,99.207587,165.294101,641.150474,22.598424,0.642245,9.04609,29.359044,3419.021766,engine_overspeed,1,3,400,1200,1800.537548,0.556269,-0.246903,-0.820242,0.094262,-0.164085,-0.004306,0.055124,0.2,194.565
1088,landing,5232.326312,49.317553,62.227513,98.693209,165.639157,638.786049,22.735963,0.643355,8.989201,28.825838,3498.625671,engine_overspeed,1,3,400,1200,1801.56526,-0.041932,0.406154,-0.375698,-0.502349,-0.137476,0.002359,-0.04662,0.2,194.56
1089,landing,5271.276726,47.00072,62.212507,98.540816,163.97383,637.16511,22.623143,0.644405,8.960486,30.577473,3570.446588,engine_overspeed,1,3,400,1200,1794.398662,-0.146823,0.8323,0.033625,-2.616714,0.055688,-0.003989,-0.080471,0.2,194.555
1090,landing,5253.477171,51.115514,63.008829,98.929593,165.866492,637.260693,22.392823,0.64497,8.94276,30.45721,3373.204641,engine_overspeed,1,3,400,1200,1798.118274,0.142603,-0.123651,-0.544692,-0.00748,0.125792,0.00148,-0.108381,0.2,194.55
1091,landing,5270.764077,48.420805,62.09406,98.797555,164.822392,639.747089,22.819136,0.643896,8.880137,29.331913,3441.101872,engine_overspeed,1,3,400,1200,1795.703623,0.368464,-0.167277,-0.554513,-1.18238,0.084338,-0.004986,-0.049877,0.2,194.545
1092,landing,5258.989675,49.926524,62.272315,98.911898,164.816195,643.097455,22.808871,0.648399,8.941927,31.009338,3525.163114,engine_overspeed,1,3,400,1200,1800.11169,0.465801,0.097541,-0.800267,-1.336298,0.018577,-0.001198,-0.020379,0.2,194.54
1093,landing,5243.991401,50.080604,63.394864,97.551698,163.727925,640.578802,22.566367,0.646249,9.124612,28.730157,3446.657235,engine_overspeed,1,3,400,1200,1800.180074,0.318264,-0.382158,0.572214,-1.306352,-0.140892,-0.002567,0.086156,0.2,194.535
1094,landing,5286.720657,48.631994,63.093982,99.195656,165.679069,638.42609,22.498815,0.647571,8.73951,29.948854,3428.994483,engine_overspeed,1,3,400,1200,1804.684163,-0.329324,-0.085101,-1.184509,-0.04382,-0.1864,0.004264,-0.008102,0.2,194.53
1095,landing,5250.485019,47.779224,61.736894,99.112695,166.105948,634.809448,22.375787,0.649713,8.962821,30.847112,3376.713423,engine_overspeed,1,3,400,1200,1798.241045,-0.019661,-0.418124,-0.65579,0.953776,0.153121,-0.006166,-0.097251,0.2,194.525
1096,landing,5247.699538,48.137244,62.650585,98.486899,163.964008,643.818847,22.806391,0.642175,8.95969,30.227341,3416.620888,engine_overspeed,1,3,400,1200,1795.08533,0.1442,0.824342,0.716263,0.59509,-0.048749,-0.000468,0.008545,0.2,194.52
1097,landing,5257.411174,52.217335,62.799225,98.762673,166.045293,642.241133,22.330919,0.637507,8.782138,32.145237,3415.721522,engine_overspeed,1,3,400,1200,1794.823313,0.020988,-0.372337,1.249538,-1.112652,0.096262,0.008402,0.121695,0.2,194.515
1098,landing,5238.948518,50.256637,62.792458,97.772272,164.221809,638.510539,22.440208,0.63697,9.071503,28.346196,3424.476953,engine_overspeed,1,3,400,1200,1800.619555,-0.167811,-0.16951,1.170111,0.291627,-0.072977,-0.005102,0.055363,0.2,194.51
1099,landing,5276.686499,49.115681,62.55434,98.826247,164.424598,640.274827,22.573437,0.637733,8.806954,30.231174,3524.442144,engine_overspeed,1,3,400,1200,1803.923272,0.481703,-0.446376,-1.887655,-3.502301,-0.020662,0.002952,0.113332,0.2,194.505
1100,landing,5238.287127,52.194751,62.645073,99.198912,164.848965,643.335548,22.650133,0.648898,8.886832,28.720112,3285.056567,engine_overspeed,1,3,400,1200,1801.505779,0.310783,-0.698333,-0.1325,0.879884,-0.071242,-0.003794,-0.041612,0.2,194.5
1101,landing,5248.106124,48.156399,62.858669,99.539372,164.568226,640.68214,22.250761,0.635633,8.903476,29.675495,3572.336396,engine_overspeed,1,3,400,1200,1798.809926,-0.156752,-0.33994,1.950719,1.565516,0.093298,-0.010006,-0.054668,0.2,194.495
1102,landing,5261.041307,49.798726,62.444743,97.948236,166.754946,637.817067,22.547745,0.641677,8.754452,29.877276,3641.865826,engine_overspeed,1,3,400,1200,1799.733302,0.142691,-0.096222,0.314854,-1.102236,0.180851,-0.000723,-0.036066,0.2,194.49
1103,landing,5274.802792,49.365833,62.43189,98.392903,165.497773,638.358067,22.331146,0.64768,9.019588,30.153028,3391.45594,engine_overspeed,1,3,400,1200,1803.731951,0.572543,-0.072101,-0.06876,1.052684,-0.09252,0.005795,0.031268,0.2,194.485
1104,landing,5249.21861,48.236745,63.185153,98.512034,167.062695,640.807466,22.631066,0.641685,8.823923,29.893631,3485.037697,engine_overspeed,1,3,400,1200,1797.96884,-0.099189,0.218344,-0.080551,1.435749,-0.255727,0.005102,0.070655,0.2,194.48
1105,landing,5260.597365,51.266693,62.686612,99.624913,165.271544,638.750601,22.492216,0.640598,8.977501,30.290083,3561.213765,engine_overspeed,1,3,400,1200,1798.115001,-0.548082,-0.424274,1.150227,3.265637,-0.017243,0.002404,0.165973,0.2,194.475
1106,landing,5239.274262,48.158536,62.401064,98.229828,163.865036,640.000134,22.331381,0.641642,8.786326,30.467246,3442.486795,engine_overspeed,1,3,400,1200,1805.297882,-0.001212,-0.133557,1.508735,2.276543,0.120969,0.004051,0.038505,0.2,194.47
1107,landing,5243.94911,48.971285,61.89952,98.375039,164.050574,636.37426,22.417839,0.647175,8.978994,29.47346,3518.278193,engine_overspeed,1,3,400,1200,1801.08161,-0.674333,-0.224397,0.121314,2.348776,-0.099403,-0.001702,-0.191308,0.2,194.465
1108,landing,5268.839972,48.87475,62.520694,98.905506,164.219325,642.581689,22.541691,0.642166,9.035034,31.281632,3407.575897,engine_overspeed,1,3,400,1200,1802.982126,-0.126794,0.609861,-0.734598,-1.71513,0.077672,-0.00549,0.166498,0.2,194.46
1109,landing,5274.325325,48.59608,62.658765,97.733261,164.619785,636.194883,22.474977,0.638407,8.947213,30.636449,3455.128046,engine_overspeed,1,3,400,1200,1800.797237,0.037038,0.662741,0.143583,-1.067152,0.127507,0.005184,0.120923,0.2,194.455
1110,landing,5282.788331,46.22187,62.86708,99.621257,165.224933,641.447046,22.413244,0.64959,8.899902,30.488,3442.958813,engine_overspeed,1,3,400,1200,1792.633922,0.300018,-0.306466,0.350601,-1.483445,-0.147124,-0.002914,0.075384,0.2,194.45
1111,landing,5246.240249,50.569407,63.12748,97.709476,165.029251,635.854013,22.466985,0.63866,8.851552,29.757793,3525.678461,engine_overspeed,1,3,400,1200,1802.012141,-0.035828,0.117776,-0.218769,1.711238,-0.305351,-0.002622,0.105365,0.2,194.445
1112,landing,5206.846985,47.256959,63.059611,98.28301,166.248369,638.478571,22.807231,0.645041,8.881076,30.037822,3543.20188,engine_overspeed,1,3,400,1200,1797.567784,-0.031033,-0.360052,1.273867,1.844409,-0.04978,0.005251,0.090175,0.2,194.44
1113,landing,5283.77673,51.644427,61.553937,98.357743,165.188461,638.533643,22.33656,0.649353,8.632774,31.407899,3554.227996,engine_overspeed,1,3,400,1200,1797.348282,0.725306,0.468967,-0.346991,0.642917,0.282204,-0.002507,-0.063393,0.2,194.435
1114,landing,5240.87069,49.143899,62.17858,98.434244,164.746506,636.750606,22.661383,0.639481,9.124099,29.928878,3412.433199,engine_overspeed,1,3,400,1200,1800.727021,-0.634651,0.281513,-0.307149,0.74471,-0.155931,0.006015,-0.089719,0.2,194.43
1115,landing,5245.51874,50.254902,61.945332,98.516416,164.163588,635.519699,22.60069,0.643983,9.060621,30.144857,3486.739166,engine_overspeed,1,3,400,1200,1801.804742,-0.686817,0.063403,-0.702334,-1.021927,0.085391,0.00705,0.020439,0.2,194.425
1116,landing,5262.340984,50.510967,61.891057,97.41284,165.109278,640.039223,22.748365,0.645212,8.799968,29.772934,3491.586057,engine_overspeed,1,3,400,1200,1805.031492,0.200342,0.697011,-0.684815,-1.240453,-0.059754,0.00347,-0.09007,0.2,194.42
1117,landing,5257.587641,49.783634,62.802882,98.278911,165.756641,641.46727,22.687683,0.646249,9.135836,30.675962,3413.625329,engine_overspeed,1,3,400,1200,1800.191447,-0.117232,0.265455,-1.250526,-1.845493,-0.056375,0.005851,-0.044433,0.2,194.415
1118,landing,5285.324885,50.243325,63.108301,98.365487,166.713208,637.281697,22.487184,0.640378,9.094826,30.398032,3539.540658,engine_overspeed,1,3,400,1200,1805.593539,-0.380908,0.470455,0.245071,-1.732904,0.091722,-0.001109,0.001829,0.2,194.41
1119,landing,5270.465676,48.075886,62.400018,98.998184,164.876382,640.474979,22.825784,0.640701,8.984593,30.200396,3589.427457,engine_overspeed,1,3,400,1200,1801.015461,-0.174157,-0.199482,-0.59388,2.402469,-0.203672,-0.003775,0.041293,0.2,194.405
1120,landing,5252.990689,49.096697,63.095968,98.489732,164.378089,639.092582,22.587644,0.644625,8.925413,30.56358,3436.187618,engine_overspeed,1,3,400,1200,1798.989414,0.492995,-0.80095,-0.506554,0.57254,-0.026827,0.008732,0.020947,0.2,194.4
1121,landing,5255.950417,49.667731,62.19196,98.333929,164.995194,640.046579,22.299902,0.651733,8.69674,28.698036,3582.01675,engine_overspeed,1,3,400,1200,1800.193912,-0.327503,0.352944,-0.047917,-0.407952,-0.207671,0.003137,0.000255,0.2,194.395
1122,landing,5261.311874,49.29407,61.934418,98.405684,163.689978,641.363517,22.434396,0.645126,8.899073,29.801467,3362.935908,engine_overspeed,1,3,400,1200,1799.488745,0.493403,0.263288,0.987945,0.691372,0.081375,0.0007,0.153212,0.2,194.39
1123,landing,5241.27489,47.67138,62.768989,99.531188,164.521809,643.047319,22.338765,0.636351,8.797596,28.307067,3531.190419,engine_overspeed,1,3,400,1200,1799.68173,-0.609224,-0.527824,-0.585464,-0.138647,0.047903,0.002717,0.030252,0.2,194.385
1124,landing,5252.33158,48.987823,63.13453,98.471924,164.53432,640.259065,22.608357,0.63468,8.833141,31.535751,3577.911259,engine_overspeed,1,3,400,1200,1802.906601,-0.149894,-0.692618,-0.274948,1.220661,0.098531,0.007171,0.026671,0.2,194.38
1125,landing,5221.84297,47.538525,62.024821,98.212739,165.253036,635.844754,22.361992,0.644346,8.771247,30.701129,3465.526226,engine_overspeed,1,3,400,1200,1800.545778,0.183152,-0.318005,0.088116,-0.867223,0.176989,-0.00241,0.090476,0.2,194.375
1126,landing,5260.400092,50.163102,62.268916,99.212815,164.973168,639.535257,22.228566,0.640542,8.776656,29.727991,3410.746978,engine_overspeed,1,3,400,1200,1803.281744,-0.172352,0.089785,-1.45691,-0.149717,0.011122,-0.006848,-0.029996,0.2,194.37
1127,landing,5277.022486,48.565583,62.51332,97.611912,165.585108,641.951571,22.785254,0.655491,9.019541,28.922788,3427.594919,engine_overspeed,1,3,400,1200,1799.667734,0.188449,0.3525,0.737426,-1.405579,0.067443,0.001573,-0.131015,0.2,194.365
1128,landing,5248.443473,50.128645,62.615231,98.45514,164.327172,637.79299,22.513769,0.644476,9.085257,28.37285,3425.175117,engine_overspeed,1,3,400,1200,1790.531689,-0.29626,-0.566809,0.052167,0.643826,0.459973,0.001887,0.026011,0.2,194.36
1129,landing,5286.811563,49.27986,62.79778,97.956162,164.257378,640.042718,22.446685,0.645873,8.921447,28.964684,3464.208156,engine_overspeed,1,3,400,1200,1801.767504,0.634394,0.293762,1.82185,1.901383,-0.01269,-0.000961,-0.047268,0.2,194.355
1130,landing,5272.515407,49.937762,61.911616,99.021329,164.858342,641.462657,22.566975,0.636426,9.093447,28.515594,3418.206243,engine_overspeed,1,3,400,1200,1803.591087,0.400425,-0.628575,0.033572,-1.705494,0.028376,-0.003761,0.166948,0.2,194.35
1131,landing,5249.31951,48.47127,62.214265,98.03353,164.272122,642.395456,22.64005,0.644984,8.954706,29.069854,3535.320943,engine_overspeed,1,3,400,1200,1801.528905,0.36747,-0.490722,-0.904743,-0.169715,-0.063755,0.001889,0.047654,0.2,194.345
1132,landing,5251.633689,48.888974,62.618915,98.931847,167.425021,639.1158,22.509305,0.637726,8.977914,29.782351,3554.675715,engine_overspeed,1,3,400,1200,1800.077505,-0.274388,-0.137606,-0.78515,0.021099,-0.133347,0.001214,-0.027439,0.2,194.34
1133,landing,5267.140401,50.707282,62.875943,98.471894,166.722638,636.750578,22.588925,0.638085,9.081417,31.189554,3571.832721,engine_overspeed,1,3,400,1200,1795.857618,0.271619,1.174779,-1.817262,-1.120037,0.012222,-1.1e-05,-0.101057,0.2,194.335
1134,landing,5243.599,51.347937,63.534716,97.898198,163.501275,637.813953,22.434841,0.633882,8.942058,28.600607,3539.600632,engine_overspeed,1,3,400,1200,1804.003873,-0.536328,0.187852,0.036688,-1.038644,0.232872,-0.001112,-0.040849,0.2,194.33
1135,landing,5263.892721,49.574483,62.604752,98.963893,163.866134,639.983372,22.578271,0.653692,9.059689,31.127132,3415.688749,engine_overspeed,1,3,400,1200,1800.808833,0.275308,0.487629,-0.142397,-1.180101,-0.100158,-0.002296,-0.003483,0.2,194.325
1136,landing,5259.221689,47.066031,62.749939,98.781394,167.47321,641.804733,22.353882,0.641855,9.056108,29.479242,3702.750807,engine_overspeed,1,3,400,1200,1806.677258,-0.891252,-0.247182,0.222055,1.427623,0.006505,0.005771,0.18734,0.2,194.32
1137,landing,5243.467997,50.721636,62.843669,98.160987,167.090048,638.379539,22.412839,0.643697,8.921885,30.927105,3464.702539,engine_overspeed,1,3,400,1200,1794.590822,-0.103068,-0.587062,0.228064,-1.084762,-0.027131,-0.003144,0.055404,0.2,194.315
1138,landing,5235.67809,50.554719,63.74903,98.883693,164.970579,638.131573,22.428341,0.64336,8.98261,28.710556,3484.258351,engine_overspeed,1,3,400,1200,1794.020101,0.11149,0.129326,-0.245459,-0.251178,0.112527,-0.001458,-0.123001,0.2,194.31
1139,landing,5225.008317,48.376352,62.501687,97.829613,165.684546,639.0678,22.657452,0.63415,8.969572,30.931886,3435.614027,engine_overspeed,1,3,400,1200,1801.099204,-0.25259,-0.078818,-0.01864,0.470868,0.054886,-0.004024,-0.019436,0.2,194.305
1140,landing,5266.734444,50.825936,62.223761,98.57945,164.466557,638.778073,22.84026,0.646421,8.873444,28.898715,3470.405858,engine_overspeed,1,3,400,1200,1799.11844,-0.095437,0.708391,0.237509,0.889006,0.047057,-0.000416,-0.011502,0.2,194.3
1141,landing,5260.695964,50.42901,63.554968,98.839641,165.38774,641.385615,22.72226,0.650739,8.893792,29.572326,3645.906959,engine_overspeed,1,3,400,1200,1799.138752,-0.004125,0.539212,-0.822687,-0.952218,-0.133115,0.003237,0.054891,0.2,194.295
1142,landing,5275.106537,50.404282,62.22665,98.812668,164.610394,642.127443,22.428918,0.640677,8.911289,30.356824,3579.25909,engine_overspeed,1,3,400,1200,1797.89197,-0.03035,0.771836,-0.678746,0.709981,0.224244,-0.005242,0.067279,0.2,194.29
1143,landing,5245.268875,51.702328,61.579256,100.455004,165.998905,639.213797,22.418023,0.641831,8.84405,30.155778,3439.168031,engine_overspeed,1,3,400,1200,1799.338709,0.390154,-0.253148,0.889037,-1.210316,0.038029,0.000334,-0.013987,0.2,194.285
1144,landing,5246.560981,50.454156,62.970241,98.120477,163.960716,638.878759,22.534566,0.64097,8.829933,29.276699,3620.253608,engine_overspeed,1,3,400,1200,1797.08672,-0.357882,-0.074703,0.907862,0.821704,-0.217028,0.001072,-0.09611,0.2,194.28
1145,landing,5289.870141,47.624873,63.04605,98.649868,166.253173,641.682548,22.526616,0.650466,8.770955,29.010378,3294.249761,engine_overspeed,1,3,400,1200,1800.883974,-0.164916,0.170294,1.31036,-0.005297,0.089832,0.002977,0.008115,0.2,194.275
1146,landing,5269.165915,50.265509,62.378516,98.876817,166.135983,642.558137,22.582759,0.648101,9.200149,29.518768,3311.76103,engine_overspeed,1,3,400,1200,1802.720641,-0.528266,-0.102517,-0.291916,-2.538563,0.093443,-0.008534,0.007934,0.2,194.27
1147,landing,5307.904995,49.288818,62.04736,99.242713,165.310224,636.415729,22.760865,0.640881,8.96907,30.960464,3567.844239,engine_overspeed,1,3,400,1200,1799.668205,0.07352,-1.404879,-0.809892,0.270735,-0.020743,0.004941,-0.110211,0.2,194.265
1148,landing,5242.221859,48.992991,61.847224,98.802177,163.968819,631.909687,22.237119,0.642661,9.05359,29.952369,3239.32591,engine_overspeed,1,3,400,1200,1799.064815,-0.027193,-0.423656,1.094999,0.391682,0.127174,0.005868,-0.064991,0.2,194.26
1149,landing,5265.922863,49.376106,62.565666,98.870546,165.339023,641.333638,22.543665,0.64264,8.855316,30.315671,3515.298135,engine_overspeed,1,3,400,1200,1799.65845,-0.649739,0.597846,0.255509,-1.115352,-0.009524,0.00141,-0.030367,0.2,194.255
1150,landing,5268.451895,49.157686,63.376792,98.10843,164.480552,644.32495,22.784251,0.64196,8.775993,28.88375,3410.338633,engine_overspeed,1,3,400,1200,1799.735624,0.338541,0.231999,0.777015,-0.595212,-0.183688,-0.000307,0.048389,0.2,194.25
1151,landing,5255.002561,48.733072,63.453579,99.515413,166.66661,641.991765,22.424235,0.646405,9.071591,31.382202,3457.314043,engine_overspeed,1,3,400,1200,1800.055359,-0.486323,0.056585,-0.338898,-2.500379,-0.184046,-0.007341,-0.061296,0.2,194.245
1152,landing,5276.020221,50.377493,63.610603,98.860271,164.873906,639.627269,22.14195,0.644147,8.96967,28.836182,3525.445682,engine_overspeed,1,3,400,1200,1798.405388,-0.225454,0.059596,-0.540821,-2.896304,0.141592,-0.000771,-0.021298,0.2,194.24
1153,landing,5263.52539,49.233859,61.833875,99.222952,163.740708,639.474366,22.816612,0.63748,9.031937,30.295774,3398.043004,engine_overspeed,1,3,400,1200,1804.609099,-0.543028,-0.375749,-0.708677,1.104211,0.112776,-0.001091,0.008321,0.2,194.235
1154,landing,5237.149894,50.663502,63.155234,99.383194,166.22751,642.493969,22.755107,0.642535,8.792633,29.552823,3330.412749,engine_overspeed,1,3,400,1200,1798.802645,-0.38793,0.879334,1.41858,2.214375,-0.114638,0.000279,-0.170892,0.2,194.23
1155,landing,5220.998017,50.333851,62.838849,98.780153,165.832137,638.141748,22.508501,0.645686,9.002568,30.508698,3593.796584,engine_overspeed,1,3,400,1200,1802.242942,-0.368391,-0.230847,-0.608365,-2.76651,0.01164,-0.004523,-0.03138,0.2,194.225
1156,landing,5243.278743,49.981324,62.563849,97.624386,164.001845,643.731881,22.657946,0.636527,9.019442,30.666797,3516.497397,engine_overspeed,1,3,400,1200,1796.111403,-0.973235,0.536916,-0.97455,0.759762,-0.348929,-0.001062,0.002833,0.2,194.22
1157,landing,5237.000708,50.113289,63.001464,98.955223,165.425898,640.567076,22.742262,0.639608,8.749596,29.296583,3426.504821,engine_overspeed,1,3,400,1200,1801.500869,0.196375,0.36302,1.226839,-2.013336,0.031787,0.006911,0.024308,0.2,194.215
1158,landing,5235.548902,48.928743,62.367067,98.494849,163.50122,640.281031,22.56631,0.650672,8.785916,29.445414,3446.680445,engine_overspeed,1,3,400,1200,1798.376729,0.602483,-0.567338,0.047355,-0.137535,0.040822,0.005668,-0.124603,0.2,194.21
1159,landing,5258.112447,47.710786,62.954272,99.000515,163.182746,641.248566,22.428406,0.647764,9.045624,30.735077,3427.357366,engine_overspeed,1,3,400,1200,1796.12044,-0.179885,0.285432,-1.310738,-1.751587,-0.31612,0.000921,-0.064275,0.2,194.205
1160,landing,5278.338578,48.697647,62.713704,98.638021,164.981848,640.620163,22.530116,0.645,9.011585,28.47856,3538.733742,engine_overspeed,1,3,400,1200,1797.362122,0.140917,-0.352625,-0.398789,0.232899,-0.054806,-0.011585,-0.04521,0.2,194.2
1161,landing,5268.406275,51.114077,63.100481,98.639651,164.510299,641.533771,22.619443,0.633705,9.081808,30.33732,3469.728378,engine_overspeed,1,3,400,1200,1801.250557,0.069487,-0.387888,-0.298154,-1.690806,-0.102275,0.00068,-0.112172,0.2,194.195
1162,landing,5264.599719,48.764622,62.912554,98.714423,165.550047,639.841494,22.527875,0.646792,8.780235,30.499509,3542.804093,engine_overspeed,1,3,400,1200,1808.542027,-0.510622,-0.215769,-0.73804,1.289332,-0.062982,0.005899,-0.129379,0.2,194.19
1163,landing,5257.33841,50.977755,62.68078,98.704135,163.944305,634.175951,22.780784,0.641983,8.878985,32.102176,3554.559093,engine_overspeed,1,3,400,1200,1803.705965,-0.033712,0.30886,-0.816336,-1.727335,-0.02065,0.009802,0.001853,0.2,194.185
1164,landing,5298.146377,50.185168,63.279977,97.965337,166.58551,638.160932,22.35424,0.639247,8.832637,28.545531,3685.219578,engine_overspeed,1,3,400,1200,1795.531081,-0.05117,-0.03641,0.681903,-0.523954,-0.117545,0.000295,-0.018877,0.2,194.18
1165,landing,5274.095527,48.934598,62.534529,98.671106,165.042938,638.049713,22.46737,0.653023,8.944643,30.171305,3653.679295,engine_overspeed,1,3,400,1200,1800.868701,-0.217235,0.379331,-1.071463,-0.474264,-0.027604,-0.001637,-0.007956,0.2,194.175
1166,landing,5267.14672,47.93276,62.567932,98.411639,164.005843,637.864324,22.732184,0.64328,8.940613,28.916062,3611.207293,engine_overspeed,1,3,400,1200,1799.893423,-0.039578,1.060069,0.262392,-1.822767,0.179321,0.002098,-0.041519,0.2,194.17
1167,landing,5235.800516,49.559607,62.97127,98.361772,165.663824,636.079484,22.624183,0.649509,8.917438,29.908813,3552.357757,engine_overspeed,1,3,400,1200,1800.642339,-0.567812,0.762607,-0.133103,-3.519039,0.281727,0.009469,0.076595,0.2,194.165
1168,landing,5280.536628,50.894769,62.908589,99.334908,166.064847,641.506553,22.620412,0.637838,9.052952,30.994938,3525.736945,engine_overspeed,1,3,400,1200,1795.560577,-0.339402,0.12687,-0.60188,-0.361951,-0.030065,-0.001962,0.099318,0.2,194.16
1169,landing,5258.448127,49.066182,62.698423,97.325757,164.65334,637.800174,22.416447,0.646035,9.057889,31.118866,3422.161789,engine_overspeed,1,3,400,1200,1797.736134,0.175155,-0.3545,2.354517,-0.266115,0.327837,-0.004443,0.091134,0.2,194.155
1170,landing,5273.543735,47.249939,62.206813,98.088301,164.406561,644.631747,22.160835,0.64135,8.950059,29.91354,3465.775879,engine_overspeed,1,3,400,1200,1795.545763,-0.030685,-0.40847,-0.712035,-3.341701,0.116347,-0.00066,-0.008989,0.2,194.15
1171,landing,5239.519459,49.93173,62.456804,98.5968,164.337208,639.896477,22.651508,0.642215,8.898078,30.500189,3461.640944,engine_overspeed,1,3,400,1200,1802.208174,-0.065187,-0.57963,0.565618,-2.202831,0.08268,-0.001298,0.16996,0.2,194.145
1172,landing,5239.835465,49.084283,62.601267,98.258707,166.421907,637.438396,22.556905,0.645791,8.79909,31.362614,3422.888728,engine_overspeed,1,3,400,1200,1798.226471,0.134175,-0.398437,-0.842022,1.960142,0.164898,0.001211,-0.080308,0.2,194.14
1173,landing,5276.349764,48.933814,63.339924,99.068733,164.753119,641.398138,22.65241,0.642185,9.099427,29.902578,3401.112157,engine_overspeed,1,3,400,1200,1796.990795,-0.314791,-0.091659,1.441438,0.23328,-0.520941,-0.004845,0.146933,0.2,194.135
1174,landing,5240.691451,49.953262,62.092049,99.630751,165.529885,643.742265,22.393785,0.625639,8.954769,28.7312,3542.668782,engine_overspeed,1,3,400,1200,1797.774931,-0.547389,-0.429797,1.76485,-1.61424,-0.157711,-0.002647,0.255863,0.2,194.13
1175,landing,5271.110044,50.521819,63.05276,98.94769,165.676824,637.573383,22.435919,0.640361,9.163948,28.576539,3489.628439,engine_overspeed,1,3,400,1200,1793.803737,-0.367299,1.055728,-0.262352,0.298134,-0.09179,-0.002061,0.020202,0.2,194.125
1176,landing,5250.011043,50.361156,62.889583,99.429929,164.540224,639.599105,22.689486,0.646812,8.91604,29.260443,3450.253536,engine_overspeed,1,3,400,1200,1802.034627,0.204776,-0.374461,1.056026,1.205032,0.068407,0.00647,0.002233,0.2,194.12
1177,landing,5252.82222,48.809243,62.715954,98.554809,164.247309,642.710522,22.591304,0.644895,8.881276,29.864915,3407.80818,engine_overspeed,1,3,400,1200,1796.630385,-0.550866,0.185998,0.88831,3.541773,0.0359,-0.000107,0.134551,0.2,194.115
1178,landing,5246.13122,48.227649,62.402235,98.844713,165.439522,644.211584,22.686177,0.635382,8.978327,30.406758,3671.365258,engine_overspeed,1,3,400,1200,1796.128087,-0.421567,-0.589464,0.772329,0.204107,-0.246896,0.006506,-0.018679,0.2,194.11
1179,landing,5259.739661,51.256763,63.331037,98.152891,162.787598,639.346284,22.607176,0.642233,8.795451,30.138296,3549.827339,engine_overspeed,1,3,400,1200,1802.825988,-0.279198,-0.54813,1.919016,2.390193,-0.253086,-0.001872,-0.064434,0.2,194.105
1180,landing,5248.156588,50.944111,63.142244,98.079545,164.353608,640.991436,22.609701,0.634899,8.911697,28.374604,3427.244972,engine_overspeed,1,3,400,1200,1800.99145,0.286334,-0.442424,-1.34309,-1.604224,0.18649,0.009778,0.009486,0.2,194.1
1181,landing,5273.212904,47.819172,62.871266,98.791692,164.798224,636.489928,22.568444,0.639983,9.042018,29.854009,3366.630635,engine_overspeed,1,3,400,1200,1803.79744,-0.40097,0.423561,1.063173,0.113701,0.010585,0.000333,-0.017555,0.2,194.095
1182,landing,5252.534981,50.976182,62.726327,98.234486,164.878121,639.919098,22.773555,0.637031,8.841535,29.917836,3485.447264,engine_overspeed,1,3,400,1200,1798.120262,-0.285036,-0.351109,-1.169772,-0.023405,-0.202954,-5.5e-05,-0.055108,0.2,194.09
1183,landing,5262.949255,49.80112,62.496195,99.022032,165.841329,637.760313,22.356701,0.646127,9.200865,29.510936,3481.349146,engine_overspeed,1,3,400,1200,1801.604829,0.135622,0.046202,0.939863,0.696635,-0.154461,0.002068,0.078124,0.2,194.085
1184,landing,5302.878944,48.636685,62.923668,98.891837,166.08652,641.926299,22.653034,0.647743,9.124759,29.627056,3474.298435,engine_overspeed,1,3,400,1200,1801.281005,0.298159,-0.586024,-1.943776,-1.595444,0.21111,0.000228,0.088019,0.2,194.08
1185,landing,5251.094549,49.353878,62.59611,98.472426,164.679365,641.019677,22.651757,0.641695,8.793443,30.729632,3426.987814,engine_overspeed,1,3,400,1200,1799.79241,0.267815,-0.008356,0.121775,-0.358295,-0.272095,0.004161,0.175218,0.2,194.075
1186,landing,5270.438855,51.047598,62.095675,98.263697,166.019051,634.283462,22.841247,0.654652,8.741471,29.280418,3391.23996,engine_overspeed,1,3,400,1200,1796.203286,0.053001,-0.044725,-0.021045,-1.052229,0.197131,0.000215,-0.012245,0.2,194.07
1187,landing,5240.682327,47.347606,62.864784,98.581634,165.523036,637.733259,22.662061,0.654597,8.758052,28.729555,3628.518176,engine_overspeed,1,3,400,1200,1800.298109,0.116536,0.060625,0.676634,-2.040748,0.198425,0.000437,-0.084588,0.2,194.065
1188,landing,5246.882003,47.820711,62.403752,98.457025,164.443751,639.960897,22.1806,0.641145,8.873397,29.533048,3467.479393,engine_overspeed,1,3,400,1200,1801.01812,-0.069396,-0.074823,-0.109777,1.197043,0.129995,0.005762,0.085756,0.2,194.06
1189,landing,5262.914488,50.636529,62.744964,98.285792,165.241421,633.938148,22.57494,0.64642,8.949558,30.738453,3450.525426,engine_overspeed,1,3,400,1200,1793.673816,-0.244415,-0.316703,1.715395,1.788253,-0.027148,-0.002399,0.006899,0.2,194.055
1190,landing,5262.387165,47.474331,62.008255,99.320795,164.894825,637.690535,22.622933,0.648504,8.838901,29.21618,3545.136046,engine_overspeed,1,3,400,1200,1796.074104,-0.115542,-0.278646,0.234654,3.205738,-0.080818,-0.007919,-0.098462,0.2,194.05
1191,landing,5272.294936,48.472634,62.210874,98.765111,166.58602,634.978446,22.360008,0.64862,9.149874,30.944078,3432.828837,engine_overspeed,1,3,400,1200,1798.447547,0.148997,0.37606,-1.16586,-0.272462,0.02537,0.0023,-0.114395,0.2,194.045
1192,landing,5259.003148,48.252444,62.990109,97.844369,164.56304,640.6965,22.480867,0.649806,8.908622,30.564217,3482.843246,engine_overspeed,1,3,400,1200,1799.520502,-0.463094,-0.043097,0.910855,0.860795,-0.372697,0.003602,-0.007185,0.2,194.04
1193,landing,5264.163024,50.994214,63.408253,98.738366,165.508085,637.182259,22.318838,0.635856,8.900107,29.708694,3498.425598,engine_overspeed,1,3,400,1200,1804.413598,-0.958413,0.433936,-0.793704,1.024185,-0.041772,-0.010542,-0.068067,0.2,194.035
1194,landing,5257.618648,50.178971,62.156845,98.011738,163.517462,640.646103,22.38533,0.640855,8.766536,30.205799,3482.066037,engine_overspeed,1,3,400,1200,1800.273295,-0.758547,-0.80914,0.101003,-1.578401,-0.002555,-0.004827,-0.165311,0.2,194.03
1195,landing,5266.297541,48.236744,63.509334,98.417898,165.970637,640.269369,22.306946,0.636785,8.925875,28.049507,3505.36279,engine_overspeed,1,3,400,1200,1805.781379,-0.550719,-0.291505,0.454563,0.520038,0.112685,-0.00023,-0.090653,0.2,194.025
1196,landing,5291.374483,48.544042,63.059735,98.225304,164.177304,638.244095,22.602164,0.647085,8.728042,31.887798,3467.572004,engine_overspeed,1,3,400,1200,1801.29265,-0.571611,-0.192367,0.231577,0.526603,-0.044373,-0.006819,-0.047022,0.2,194.02
1197,landing,5242.126417,50.218135,62.376668,98.954778,166.147133,635.833237,22.22902,0.649328,8.844258,30.375911,3495.325654,engine_overspeed,1,3,400,1200,1799.824354,-0.372261,-0.136816,-0.157379,-1.812481,0.02365,0.00132,0.051954,0.2,194.015
1198,landing,5250.682037,50.51236,62.507385,98.751579,165.253449,637.855022,22.78541,0.63558,8.704792,31.153082,3496.331311,engine_overspeed,1,3,400,1200,1806.996566,-0.500986,-0.736615,1.023794,-1.473987,-0.019736,0.004136,0.028148,0.2,194.01
1199,landing,5288.773555,49.483075,62.322366,98.430259,166.379246,641.65323,22.317068,0.64903,8.84199,30.882496,3566.511861,engine_overspeed,1,3,400,1200,1794.524018,-0.383123,-1.07319,0.399196,-0.446002,-0.131612,0.001264,0.04008,0.2,194.005
