timestamp,mission_phase,rpm,throttle,oil_pressure,oil_temp,cht,egt,manifold_pressure,vibration,fuel_flow,ambient_temp,altitude,fault_type,fault_active,fault_severity,fault_start_time,fault_end_time,residual_rpm,residual_oil_pressure,residual_oil_temp,residual_cht,residual_egt,residual_manifold_pressure,residual_vibration,residual_fuel_flow,health_index,baseline_rul
0,idle,3723.61024,30.669827,54.807802,95.694045,185.418639,575.099987,19.883461,0.196116,6.8,25.420182,2411.023248,healthy,0,0,0,0,2.668121,0.38045,1.163638,-0.260643,0.505823,-0.139617,0.00292,0.031205,1.0,200.0
1,idle,3712.823998,31.28107,53.640825,95.587629,184.606783,568.242357,19.922372,0.203289,6.8,27.906745,2500.723024,healthy,0,0,0,0,0.03478,-0.067949,0.146327,0.106272,-1.156084,-0.108465,-0.007417,0.026833,1.0,199.995
2,idle,3755.307181,30.912399,54.966678,96.602268,184.554416,568.92298,19.996068,0.195111,6.8,26.371571,2454.964474,healthy,0,0,0,0,-5.412153,-0.581403,0.243392,1.333543,2.264714,0.090454,0.005381,-0.029836,1.0,199.99
3,idle,3742.512548,31.912237,54.077107,95.340883,186.659975,566.235325,19.573811,0.208085,6.8,28.087696,2429.03722,healthy,0,0,0,0,-2.974011,0.247796,0.192922,1.483238,-3.236135,-0.142971,0.006324,-0.027734,1.0,199.985
4,idle,3731.174624,29.982715,54.476896,95.576679,186.379407,568.398782,19.78606,0.201981,6.8,28.322374,2612.316822,healthy,0,0,0,0,-7.052844,0.436074,0.00948,0.019509,1.343529,-0.098286,0.001304,-0.078439,1.0,199.98
5,idle,3748.268313,29.292444,54.373457,96.174302,186.80082,564.665135,20.35106,0.206195,6.8,28.032161,2573.217622,healthy,0,0,0,0,-0.294471,0.206923,-0.06519,-1.328807,-0.844912,-0.096744,-0.007064,0.04016,1.0,199.975
6,idle,3740.211184,29.114025,53.6121,95.692277,186.369359,569.457907,19.85474,0.205057,6.8,27.744783,2531.411988,healthy,0,0,0,0,2.565392,0.10043,-0.043147,0.636064,0.406552,-0.039112,-0.00074,-0.054489,1.0,199.97
7,idle,3691.981028,31.831191,53.568328,95.776166,182.538562,568.007186,19.70731,0.195972,6.8,27.086892,2384.791393,healthy,0,0,0,0,0.591922,0.137658,-0.765771,-0.264205,1.832847,-0.069591,0.009037,-0.007426,1.0,199.965
8,idle,3747.534336,31.455975,53.678967,96.952017,188.628934,569.19859,19.886546,0.210287,6.8,27.690949,2627.4581,healthy,0,0,0,0,2.96617,0.373334,-0.741276,-0.729023,-1.084398,-0.123892,-0.006502,-0.133132,1.0,199.96
9,idle,3755.193499,32.016199,53.856759,95.512752,184.758817,562.775181,19.675165,0.196611,6.8,28.50263,2494.737957,healthy,0,0,0,0,-0.46796,-0.397355,0.539128,-0.537644,-1.545323,0.197089,0.006545,-0.161902,1.0,199.955
10,idle,3760.568181,31.631791,54.802577,95.520195,189.285294,566.749052,19.939334,0.208533,6.8,28.731034,2310.978653,healthy,0,0,0,0,2.659263,-0.178464,0.475523,-0.411141,2.022562,0.224205,-0.003402,0.033494,1.0,199.95
11,idle,3760.656787,31.087159,53.711836,95.129534,186.737554,566.888678,20.066435,0.208461,6.8,28.261512,2520.228603,healthy,0,0,0,0,-1.5985,-0.002117,0.37765,-0.358588,1.556661,-0.066945,-0.000306,-0.011491,1.0,199.945
12,idle,3697.297628,29.840298,54.12695,95.715702,184.906027,567.424507,19.819413,0.201191,6.8,27.035275,2537.070993,healthy,0,0,0,0,-1.660709,0.593711,0.547053,1.079294,-0.452373,-0.095027,-0.001069,-0.161062,1.0,199.94
13,idle,3766.069576,30.929687,54.044573,95.343005,184.69221,570.44082,20.003545,0.207129,6.8,28.875388,2506.110027,healthy,0,0,0,0,-6.489294,-0.895676,0.188777,0.608385,0.014125,-0.073876,0.005269,-0.021804,1.0,199.935
14,idle,3788.299164,30.849012,52.924556,94.649708,184.546157,571.346492,19.871132,0.204933,6.8,29.631119,2481.77875,healthy,0,0,0,0,-3.599173,-0.300171,-0.392762,0.13502,-2.630334,-0.188614,-0.001117,-0.016105,1.0,199.93
15,idle,3750.443504,29.6996,53.447667,95.748622,186.05492,567.062648,19.241129,0.202171,6.8,29.931591,2478.953843,healthy,0,0,0,0,0.516625,0.359312,-0.211446,1.068525,3.29585,0.201943,0.004622,0.104912,1.0,199.925
16,idle,3762.852253,31.77106,54.676219,95.959735,183.619753,566.194477,20.050131,0.206594,6.8,28.187766,2392.756893,healthy,0,0,0,0,-3.504654,0.093449,-0.666648,-0.16116,1.221412,0.055546,0.003207,0.010064,1.0,199.92
17,idle,3731.475986,30.354612,54.096355,95.360223,186.131553,566.243483,20.205635,0.196762,6.8,30.666785,2597.05264,healthy,0,0,0,0,-1.551104,-0.518312,-0.563373,0.22349,-0.5489,0.063464,0.001055,-0.098042,1.0,199.915
18,idle,3746.230614,31.311389,54.248378,96.678428,186.016483,566.657215,20.084274,0.198024,6.8,27.847091,2453.339144,healthy,0,0,0,0,1.130847,-0.019808,0.077674,0.09268,-1.152168,-0.172984,-0.002068,-0.027548,1.0,199.91
19,idle,3764.663524,30.855083,54.338441,94.953144,185.258822,568.50908,19.962731,0.198382,6.8,27.571978,2382.763491,healthy,0,0,0,0,1.047521,0.37669,-0.23524,0.765961,-0.656293,-0.009582,0.001762,0.042303,1.0,199.905
20,idle,3713.224607,32.758413,54.714184,95.874776,186.61171,570.981746,19.758345,0.207326,6.8,27.465214,2469.663303,healthy,0,0,0,0,-5.286932,0.702999,-0.339212,0.22298,1.8756,0.157603,-0.002793,-0.012776,1.0,199.9
21,idle,3730.304912,30.121913,53.561237,96.563092,185.264195,570.445505,20.037395,0.192285,6.8,27.916427,2521.048733,healthy,0,0,0,0,-2.611136,0.748771,0.827475,-0.297542,-1.487281,-0.049573,-0.002828,-0.053277,1.0,199.895
22,idle,3755.85721,29.90119,53.910769,95.694791,185.091788,570.263733,19.984955,0.207413,6.8,27.816964,2482.659734,healthy,0,0,0,0,4.579861,0.140447,0.086707,-0.151126,-2.672988,0.04605,-0.009705,-0.071026,1.0,199.89
23,idle,3743.626455,31.973812,54.321733,96.348858,185.360667,565.012697,19.703348,0.204562,6.8,28.672671,2434.291339,healthy,0,0,0,0,0.833915,-0.539378,0.85395,-1.570183,2.516403,-0.040697,0.000868,-0.0681,1.0,199.885
24,idle,3733.510377,32.402901,54.662475,95.596616,184.969079,569.105111,20.107815,0.205967,6.8,26.808175,2543.645766,healthy,0,0,0,0,1.150625,-0.420702,0.066043,-1.155071,-1.799758,-0.244897,-0.002524,0.116518,1.0,199.88
25,idle,3760.231156,30.517074,54.810791,95.811196,184.543132,573.777607,19.706466,0.199823,6.8,27.399682,2423.508465,healthy,0,0,0,0,-1.35675,-0.556737,0.35824,-0.806165,-0.521557,0.112245,0.003017,0.034207,1.0,199.875
26,idle,3758.548583,31.975166,54.021681,96.786316,185.988378,570.903752,19.878495,0.208571,6.8,27.619655,2681.127618,healthy,0,0,0,0,-2.116699,0.158942,-0.944598,0.952426,-1.029765,-0.002647,-0.00084,0.090602,1.0,199.87
27,idle,3716.533207,30.457201,53.731252,97.005192,184.892247,574.636246,20.264713,0.19959,6.8,28.311522,2539.243201,healthy,0,0,0,0,3.479384,0.309849,0.348714,-0.966948,1.253963,-0.143939,-0.000343,0.045792,1.0,199.865
28,idle,3751.822146,32.298428,53.253051,96.513955,184.688612,568.031964,20.089339,0.21018,6.8,28.605725,2571.429878,healthy,0,0,0,0,4.496459,-0.778764,-0.291238,-1.269019,-0.923164,-0.003498,0.003979,0.102097,1.0,199.86
29,idle,3704.017787,31.641498,54.732216,96.441876,185.979112,571.655181,19.749287,0.208074,6.8,28.08449,2699.618296,healthy,0,0,0,0,-1.190168,-0.112877,-0.821335,-0.475149,-0.513748,0.151459,0.001959,0.068338,1.0,199.855
30,idle,3722.347139,31.006689,53.741585,96.138277,187.130305,571.05625,19.45759,0.204926,6.8,27.386623,2369.161968,healthy,0,0,0,0,-1.433261,0.988363,0.917758,1.156324,-3.449261,-0.055748,-0.004066,0.006627,1.0,199.85
31,idle,3740.522947,30.422764,54.848349,95.669752,184.52774,568.09904,19.930186,0.20439,6.8,29.302028,2551.934114,healthy,0,0,0,0,5.685812,-0.079578,-0.887977,-0.053313,-1.542728,0.226536,-0.009083,-0.055869,1.0,199.845
32,idle,3749.83503,28.22415,53.642168,95.755181,188.092081,572.784624,20.081705,0.205689,6.8,29.442529,2496.027517,healthy,0,0,0,0,2.134523,-0.293798,0.190564,0.582658,0.423823,-0.125292,-0.006459,0.038566,1.0,199.84
33,idle,3766.103763,30.447137,53.894535,95.267607,184.795382,566.372932,19.658057,0.201724,6.8,27.554871,2530.979489,healthy,0,0,0,0,-5.361338,0.192305,-0.2982,-0.101745,1.830409,0.037256,-0.004271,-0.048962,1.0,199.835
34,idle,3739.458391,29.386052,54.356626,95.686417,185.092426,567.652148,19.932702,0.200691,6.8,27.515794,2510.73154,healthy,0,0,0,0,1.099962,0.586492,0.087098,-0.176224,-0.734177,-0.023756,-0.003244,-0.060579,1.0,199.83
35,idle,3768.156433,30.100955,54.948269,95.812863,186.2786,571.451004,19.900644,0.202283,6.8,27.998449,2427.178671,healthy,0,0,0,0,-0.405609,-0.239608,0.556237,0.470832,0.208549,0.162624,0.001431,-0.024794,1.0,199.825
36,idle,3774.244095,31.569079,54.309686,95.978899,185.954649,566.442267,19.93252,0.204674,6.8,27.242743,2508.210848,healthy,0,0,0,0,-1.887217,0.20527,0.057089,1.384262,-0.657508,-0.067757,0.010971,0.041507,1.0,199.82
37,idle,3753.242754,29.623959,54.454834,96.283281,187.404914,571.828311,19.833283,0.204066,6.8,27.70637,2464.683612,healthy,0,0,0,0,-0.715518,-0.073615,-0.108719,-0.065279,2.19838,0.112492,0.008785,0.006248,1.0,199.815
38,idle,3749.958241,29.738632,53.299231,94.846073,187.357411,571.025884,20.064454,0.208785,6.8,27.777413,2598.458586,healthy,0,0,0,0,-2.658605,0.002485,-0.572268,-0.140167,0.981056,0.022957,-0.005213,0.115907,1.0,199.81
39,idle,3772.800838,31.761455,54.109119,95.544542,186.468668,566.689578,20.468668,0.199601,6.8,27.100291,2513.279258,healthy,0,0,0,0,-2.505685,-0.489523,-0.297321,0.331919,-1.676355,0.087077,-0.005142,-0.012093,1.0,199.805
40,idle,3748.981123,31.484304,54.015149,96.361439,186.020232,570.356337,19.968638,0.206333,6.8,25.742719,2434.475481,healthy,0,0,0,0,2.522073,-0.345299,-0.788451,0.868853,-1.266754,-0.075804,-0.001825,-0.006755,1.0,199.8
41,idle,3749.377422,30.430353,53.888122,96.893773,182.979676,565.89014,20.16841,0.214782,6.8,27.26434,2499.732055,healthy,0,0,0,0,0.383473,0.008887,0.859327,0.31298,1.856224,-0.016091,0.004631,0.041532,1.0,199.795
42,idle,3726.548582,30.441504,54.158136,96.955888,186.471244,567.342167,20.080092,0.202846,6.8,28.59393,2364.256213,healthy,0,0,0,0,3.066662,0.267591,0.231084,0.432396,-1.857086,0.02166,0.00039,0.080387,1.0,199.79
43,idle,3715.832805,31.072359,53.433046,96.62787,184.970869,571.021878,19.938768,0.206941,6.8,27.210836,2608.232517,healthy,0,0,0,0,0.969662,0.111892,0.436041,-0.408513,1.623193,0.053864,0.004615,0.065888,1.0,199.785
44,idle,3694.910263,30.455186,53.513494,96.375892,185.550285,565.322244,19.922026,0.20351,6.8,28.541765,2467.46417,healthy,0,0,0,0,0.982034,0.216357,0.264999,0.374902,0.79048,0.023873,-0.004772,0.006441,1.0,199.78
45,taxi,3950.197592,45.207269,54.891769,95.958536,195.938023,610.106504,22.153105,0.205088,8.447571,28.910986,2583.931614,healthy,0,0,0,0,7.259498,-0.290983,-0.128261,-0.801064,0.528555,0.084436,0.003566,0.033699,1.0,199.775
46,taxi,3997.836407,46.128036,54.346402,96.190533,195.3289,611.318408,21.90475,0.195124,8.278687,30.455076,2346.061253,healthy,0,0,0,0,0.051481,-0.435382,0.602151,0.051599,-1.054855,0.192228,-0.000474,0.021913,1.0,199.77
47,taxi,3997.823908,45.853932,53.908249,96.903668,196.31353,610.955771,21.981435,0.200638,8.482246,28.832576,2643.167702,healthy,0,0,0,0,0.335325,-0.007901,1.010372,-0.095666,-0.957471,-0.021268,-3.7e-05,-0.024123,1.0,199.765
48,taxi,3949.460306,44.342793,54.461062,95.497676,195.620347,610.653781,22.094778,0.197311,8.128305,27.068332,2467.009257,healthy,0,0,0,0,5.180028,0.051476,0.543573,-0.648895,3.312026,0.006217,-0.002359,0.069258,1.0,199.76
49,taxi,3970.992616,46.920245,54.172953,95.481846,195.935288,609.45608,22.08254,0.204302,8.277669,29.443869,2504.967743,healthy,0,0,0,0,1.287603,-0.01601,0.283331,0.562847,0.472712,-0.111311,-0.002437,-0.001179,1.0,199.755
50,taxi,3968.914824,44.783544,53.178707,96.448722,196.010414,604.025725,21.949637,0.201329,7.84929,27.407183,2582.263944,healthy,0,0,0,0,4.913459,-0.265894,-0.806454,0.491617,0.009516,-0.044222,-0.001078,-0.039902,1.0,199.75
51,taxi,3934.163585,47.36145,54.96031,96.473921,196.310069,606.247286,21.847218,0.202612,7.957645,27.221801,2626.72149,healthy,0,0,0,0,-0.518227,0.825518,-0.648594,-0.390066,-0.855933,0.096373,-0.008977,0.004695,1.0,199.745
52,taxi,3939.849286,46.18501,54.389096,96.130211,195.406258,607.127323,22.012056,0.206765,8.179409,30.159399,2445.497861,healthy,0,0,0,0,1.252632,0.214671,-0.809761,0.909573,-0.370083,0.339041,-0.004638,-0.125677,1.0,199.74
53,taxi,3918.362183,45.996217,53.854386,96.603113,194.898657,609.25569,21.955113,0.213742,8.096289,26.46183,2605.925404,healthy,0,0,0,0,-3.640692,-0.211508,0.530389,-0.021593,2.140961,-0.069281,0.005321,0.054975,1.0,199.735
54,taxi,3921.297176,42.747334,54.46574,96.359212,195.56932,608.485505,21.793061,0.200064,8.151548,27.541695,2669.022686,healthy,0,0,0,0,-3.943111,-0.269241,0.747793,-0.07057,-0.075645,0.029053,0.004562,0.183232,1.0,199.73
55,taxi,3962.606177,45.402867,53.688949,96.348526,194.376961,608.928759,21.836903,0.20593,8.138738,27.95143,2421.814668,healthy,0,0,0,0,6.501758,-0.086666,0.163798,-0.799666,1.103923,-0.146571,0.00692,-0.036982,1.0,199.725
56,taxi,3967.490282,46.128274,55.719086,95.217281,195.735959,609.38313,21.84384,0.205342,8.174344,26.912279,2518.55885,healthy,0,0,0,0,-0.626244,-0.774492,0.442021,0.315126,-1.472046,0.144832,-0.003044,-0.020727,1.0,199.72
57,taxi,3938.384431,46.637354,53.796125,95.781515,195.459584,610.772973,22.000328,0.20669,8.075797,29.164698,2639.169593,healthy,0,0,0,0,-2.005703,0.386815,-0.148228,0.411542,-2.470806,-0.038047,-0.001954,0.06068,1.0,199.715
58,taxi,3930.964492,47.234471,53.746488,95.713339,195.694954,611.052151,21.923391,0.210832,8.227926,29.281668,2654.863811,healthy,0,0,0,0,-1.42114,0.362463,-0.125808,0.777168,0.282456,0.080937,-0.003302,0.016462,1.0,199.71
59,taxi,3918.656789,48.255175,54.422139,96.399744,196.183164,605.673701,22.165496,0.199487,8.153,28.62839,2428.56413,healthy,0,0,0,0,0.073935,0.037444,-0.392975,0.81485,1.649878,0.064336,-0.001402,-0.073459,1.0,199.705
60,taxi,3948.472198,44.928007,54.633367,95.492344,194.618603,606.504564,21.649064,0.198952,8.576921,26.782701,2614.537395,healthy,0,0,0,0,1.221125,-0.3383,-0.182694,-0.075556,1.130256,-0.294903,0.016625,0.102869,1.0,199.7
61,taxi,3938.174647,45.605754,54.006205,96.42246,194.789558,608.439157,21.630931,0.209423,8.325493,28.20055,2376.133618,healthy,0,0,0,0,-4.021967,-0.49975,0.220737,0.471141,0.023411,0.269627,-0.005272,0.096142,1.0,199.695
62,taxi,3945.45671,44.876211,54.273141,95.958871,196.23238,606.476084,22.161774,0.2036,8.285319,26.079324,2506.071749,healthy,0,0,0,0,-3.159978,0.177299,-0.111962,-1.393898,-1.046315,0.012323,-0.00114,0.014888,1.0,199.69
63,taxi,3973.276019,46.239358,54.63216,96.091447,196.175937,610.531248,21.966664,0.208794,8.204907,27.344533,2422.324089,healthy,0,0,0,0,-0.892176,-0.589552,-0.521893,-1.450124,-1.202029,0.081234,0.000365,-0.086432,1.0,199.685
64,taxi,3937.329738,45.875106,54.199016,96.228508,194.690846,611.376794,22.245228,0.208517,8.20977,27.555242,2570.041111,healthy,0,0,0,0,4.365239,0.099097,-0.341337,0.466458,0.056283,-0.146852,-0.004694,0.089521,1.0,199.68
65,taxi,3964.853546,46.877059,53.840368,96.336252,194.752652,612.589655,21.956086,0.207289,8.274287,29.004422,2483.605925,healthy,0,0,0,0,1.736719,0.394816,-0.162833,0.395657,1.084036,0.007934,-0.001396,0.061233,1.0,199.675
66,taxi,3963.324941,46.519406,54.496295,96.12244,195.904736,604.468258,21.807818,0.190468,8.234864,28.329742,2443.801115,healthy,0,0,0,0,2.423224,0.367814,-0.925679,1.714089,-1.505399,0.17184,0.004934,-0.074901,1.0,199.67
67,taxi,3950.807804,46.905517,54.340378,96.333483,196.626316,606.969189,21.941387,0.192154,8.297309,27.109508,2561.738222,healthy,0,0,0,0,0.299745,0.124744,-0.275993,0.119286,-0.195887,-0.146898,0.006116,0.024296,1.0,199.665
68,taxi,3953.931858,46.367089,55.360122,95.837502,197.10841,603.356387,22.010917,0.204843,8.135791,28.755175,2467.754659,healthy,0,0,0,0,1.081519,1.0059,-0.317604,0.329892,-0.322473,-0.130517,-0.002175,0.049947,1.0,199.66
69,taxi,3921.98121,45.990235,53.523036,97.207509,195.197349,608.863874,22.318343,0.200981,8.227432,28.85598,2482.75721,healthy,0,0,0,0,-2.787426,-0.401723,0.234416,-0.124278,1.746943,-0.085082,0.000459,-0.030648,1.0,199.655
70,taxi,3933.725711,44.980249,54.454793,95.497867,196.639985,609.473721,21.94638,0.20652,8.214097,27.633814,2562.533633,healthy,0,0,0,0,-2.919904,-0.289518,0.074915,1.471356,-0.615804,0.148422,-0.001366,-0.10612,1.0,199.65
71,taxi,3968.60775,44.743263,53.673551,95.532569,195.3406,609.98098,22.31135,0.209285,8.006802,27.503034,2545.253169,healthy,0,0,0,0,1.660089,0.148821,0.489416,-0.215793,-0.632201,-0.212338,0.001513,0.203563,1.0,199.645
72,taxi,3913.311717,45.723472,53.76675,96.870645,195.791269,610.016571,21.870698,0.206994,8.381152,28.756092,2384.261485,healthy,0,0,0,0,0.300611,0.063799,-0.153482,0.307288,-0.681541,0.10694,0.00332,-0.058504,1.0,199.64
73,taxi,3929.03946,45.07807,55.260026,96.090842,192.87636,609.411521,21.624152,0.213994,8.224573,27.634066,2442.071031,healthy,0,0,0,0,-0.741662,0.491732,-0.413208,1.110933,1.471736,0.037401,-1.8e-05,0.035238,1.0,199.635
74,taxi,3940.545593,45.192115,54.50759,96.116472,197.131795,610.010272,21.984176,0.198899,8.308206,28.156876,2526.151574,healthy,0,0,0,0,1.681287,0.659974,-0.007051,-1.380996,1.104685,-0.064826,-0.004733,0.080626,1.0,199.63
75,taxi,3917.893912,46.821291,54.047731,95.379234,195.512137,608.937928,21.825736,0.202417,8.061638,28.347001,2375.249839,healthy,0,0,0,0,1.474975,-0.290321,-0.120878,-0.494297,1.224054,-0.102468,0.001515,-0.063539,1.0,199.625
76,taxi,3943.319708,45.99979,53.748875,96.790021,193.750453,610.788711,21.900713,0.198391,8.286436,28.671438,2625.495328,healthy,0,0,0,0,3.348167,-0.084642,0.049822,0.48191,0.76251,0.107435,0.009407,-0.080981,1.0,199.62
77,taxi,3925.122781,45.541554,54.138229,96.005815,195.028529,611.39867,22.040654,0.206561,8.224941,29.180322,2510.19597,healthy,0,0,0,0,-0.608894,-0.174569,-0.093865,-0.498961,-1.185532,-0.019098,-0.009139,0.122707,1.0,199.615
78,taxi,3944.932171,45.295566,54.803957,96.16805,194.962656,606.194275,21.40541,0.20665,8.37388,27.649705,2656.824578,healthy,0,0,0,0,-1.585549,-0.233357,-0.728618,-0.230359,1.485853,0.044391,0.001545,-0.030031,1.0,199.61
79,taxi,3922.583737,45.17263,54.397873,95.55071,194.812381,608.063614,21.823961,0.20519,8.194248,29.603828,2611.639759,healthy,0,0,0,0,0.865209,0.367973,0.415225,-0.615051,0.082373,0.013864,0.002128,0.109593,1.0,199.605
80,taxi,3956.745666,48.540477,54.912808,97.05207,193.431451,613.079661,22.041104,0.207726,8.036423,28.34548,2551.856695,healthy,0,0,0,0,1.905794,-0.35753,0.750433,-1.548304,0.819284,-0.019663,0.003773,0.047533,1.0,199.6
81,taxi,3929.953193,45.295125,54.66521,96.371574,195.239023,611.94955,21.945432,0.203892,8.167897,27.116171,2449.282068,healthy,0,0,0,0,1.03678,-0.095431,0.051744,-0.528493,0.841127,0.178199,-0.004942,0.055386,1.0,199.595
82,taxi,3927.466438,45.974812,53.897447,95.610002,196.414742,607.821241,21.595666,0.199514,8.172757,28.960557,2423.448657,healthy,0,0,0,0,0.656961,0.17455,0.080919,0.119724,1.720405,0.008789,-0.002056,-0.157042,1.0,199.59
83,taxi,3908.54869,47.510721,54.555755,95.729529,194.028864,605.925063,22.108316,0.204658,8.393444,29.204745,2519.46246,healthy,0,0,0,0,5.799921,-0.270042,0.43711,0.628864,-1.358352,-0.071062,0.001523,0.043649,1.0,199.585
84,taxi,3962.215999,45.438601,54.174657,95.523068,196.448878,611.565507,21.671276,0.210472,8.21662,26.803299,2691.206901,healthy,0,0,0,0,-4.204151,0.087772,0.063999,1.261573,-0.631285,0.092439,-0.000489,-0.113761,1.0,199.58
85,taxi,3941.538625,46.358639,53.657489,95.27947,196.947759,608.944839,21.620539,0.205321,8.130632,28.127145,2435.039878,healthy,0,0,0,0,0.683142,0.137092,-0.419419,1.422151,-1.811432,0.059001,0.005216,0.029802,1.0,199.575
86,taxi,3980.653644,46.878241,53.822987,95.829713,196.612538,606.722304,22.002453,0.192375,8.022399,28.359142,2499.807459,healthy,0,0,0,0,3.406974,0.083073,-0.234048,0.173309,-2.113896,-0.213223,-0.004645,0.055607,1.0,199.57
87,taxi,3958.336181,46.099653,54.301073,97.068234,196.226912,606.194818,21.983464,0.210751,8.111802,29.956009,2482.678689,healthy,0,0,0,0,-9.006299,0.081762,0.647563,0.674228,2.141012,0.106018,-0.002586,-0.022564,1.0,199.565
88,taxi,3943.566369,46.146275,54.915478,96.069229,195.275013,612.07036,21.705832,0.201397,8.448107,29.619344,2418.395128,healthy,0,0,0,0,-0.187774,-0.542952,0.14514,0.173579,-0.759606,0.178331,0.001328,0.073333,1.0,199.56
89,taxi,3928.754498,45.225016,53.903468,95.305215,195.392691,608.916792,21.810806,0.203768,8.276384,27.218137,2640.735441,healthy,0,0,0,0,-0.583822,-0.750376,1.022607,-1.732339,-0.078148,0.055574,0.00365,-0.02563,1.0,199.555
90,takeoff,4532.31777,76.541827,53.975694,95.721432,225.273333,708.820599,28.971042,0.205169,14.268822,27.248359,2604.706683,healthy,0,0,0,0,-1.175968,-0.731685,-0.166486,1.355914,1.1106,-0.107501,-0.000545,-0.097647,1.0,199.55
91,takeoff,4534.819598,76.879151,54.023148,95.815161,225.590275,710.210203,28.82399,0.20501,14.243877,27.882086,2477.727542,healthy,0,0,0,0,-2.114235,0.163489,0.832116,-0.196496,1.909167,-0.144808,0.001708,0.029371,1.0,199.545
92,takeoff,4534.471486,75.253991,53.96194,96.271135,226.74517,709.815488,28.822585,0.20239,14.285827,29.30672,2483.568581,healthy,0,0,0,0,4.35443,-0.012996,0.196363,-1.86645,0.625706,0.087852,0.005835,0.085121,1.0,199.54
93,takeoff,4528.062997,76.927853,53.817335,95.721906,226.584216,706.731032,29.069321,0.211378,13.880437,28.253756,2654.501782,healthy,0,0,0,0,0.039861,0.124935,0.90713,-0.501348,2.703117,0.207588,-0.005806,-0.062131,1.0,199.535
94,takeoff,4546.970973,75.038989,54.792435,96.960674,224.177288,709.733338,28.961749,0.21197,14.292857,30.112364,2474.273382,healthy,0,0,0,0,-3.273044,-0.005693,-0.363386,0.996536,0.694253,0.059141,-0.002482,0.140631,1.0,199.53
95,takeoff,4545.035642,75.417954,54.601395,95.064145,227.224444,708.442445,28.861358,0.202874,14.036855,27.060071,2494.339041,healthy,0,0,0,0,-2.779931,-0.179178,0.689327,-0.809803,1.615559,-0.15403,0.005632,0.017867,1.0,199.525
96,takeoff,4537.492383,76.444878,54.020674,95.25695,226.382052,708.250813,28.731501,0.202346,14.238468,28.706334,2428.797064,healthy,0,0,0,0,3.021718,0.265369,0.149028,-0.919455,-2.781453,-0.105838,0.001041,0.008438,1.0,199.52
97,takeoff,4527.926551,73.525361,54.235726,95.925054,225.207125,704.505616,28.738007,0.205809,14.041371,28.893124,2377.66513,healthy,0,0,0,0,-1.94387,-0.010834,0.957887,0.856711,2.431081,-0.18334,-0.005968,-0.080877,1.0,199.515
98,takeoff,4537.501077,74.558695,53.905469,96.468507,225.378516,709.476215,29.109876,0.193226,14.292523,28.873233,2503.232751,healthy,0,0,0,0,-1.305138,0.52622,-0.107448,-0.129693,1.057134,-0.158298,-0.004613,-0.003094,1.0,199.51
99,takeoff,4527.879437,76.208007,54.648502,95.69611,226.653196,709.941352,28.844521,0.204361,14.146886,29.14035,2373.859407,healthy,0,0,0,0,5.285057,-0.015992,-0.007603,0.368377,-1.797617,-0.122537,-0.002751,0.1166,1.0,199.505
100,takeoff,4553.880092,76.118136,54.596373,96.369509,227.073953,708.997052,29.000797,0.197798,14.26017,27.411223,2446.077653,healthy,0,0,0,0,1.869622,-0.302068,-0.059046,0.575007,0.455283,-0.205484,-6.1e-05,0.00228,1.0,199.5
101,takeoff,4485.826478,74.193906,53.882011,95.078757,226.167298,713.258846,28.912205,0.202751,14.174593,28.552903,2632.927451,healthy,0,0,0,0,1.410641,-0.450642,0.000635,-0.228689,-1.147836,-0.05069,0.00083,-0.023709,1.0,199.495
102,takeoff,4519.122865,75.609858,53.650909,96.912713,225.103996,705.73775,29.060087,0.190183,14.41989,27.320799,2440.904847,healthy,0,0,0,0,2.853257,0.279526,0.06823,-0.750147,1.428458,-0.142906,-0.001716,-0.034115,1.0,199.49
103,takeoff,4575.245732,75.826503,54.080425,96.631656,225.824277,705.584891,29.060241,0.206176,14.290286,28.081587,2575.129755,healthy,0,0,0,0,-6.07894,-0.120413,-0.376596,0.630083,2.062448,-0.088704,-0.002356,0.043892,1.0,199.485
104,takeoff,4570.866152,77.137757,54.162028,95.981879,226.676765,708.493279,28.827965,0.208293,14.094778,26.894565,2469.041139,healthy,0,0,0,0,-0.068819,0.251744,0.014791,-0.696599,3.032966,0.015208,-0.007081,-0.08921,1.0,199.48
105,takeoff,4526.095417,75.357697,53.81656,96.060005,225.20218,706.471893,28.777269,0.198621,14.001036,27.312352,2458.025332,healthy,0,0,0,0,0.699603,0.394662,0.434538,0.275918,-3.995515,-0.119715,-0.002477,-0.004935,1.0,199.475
106,takeoff,4527.925405,75.346342,53.734019,95.59387,226.189791,709.535195,29.018903,0.20879,14.326518,27.675206,2426.64895,healthy,0,0,0,0,2.352769,0.047616,0.083033,-0.561109,-0.91605,-0.125821,0.00138,0.194459,1.0,199.47
107,takeoff,4531.065783,74.941934,54.346997,94.766056,225.653657,709.162151,29.198598,0.2056,14.249651,27.977114,2551.249403,healthy,0,0,0,0,-3.305339,-0.094322,-0.299602,0.993499,2.114898,0.223455,0.00649,-0.066046,1.0,199.465
108,takeoff,4526.327953,77.440959,54.062049,96.840425,224.514063,712.457974,29.103118,0.198205,14.106535,27.701049,2475.117294,healthy,0,0,0,0,-2.489442,-0.846892,-0.286032,-0.685411,-1.015273,-0.192405,-0.00092,0.066636,1.0,199.46
109,takeoff,4548.869354,74.541905,54.144224,96.156508,226.351743,708.274581,28.933865,0.204686,14.158055,28.666291,2566.119657,healthy,0,0,0,0,2.27752,-0.235289,0.195685,-0.841929,-2.730431,-0.29908,0.004989,-0.107649,1.0,199.455
110,takeoff,4523.413559,76.797237,54.05045,96.946914,227.664546,710.603843,29.025744,0.192933,13.931691,27.720692,2556.250262,healthy,0,0,0,0,1.108279,-0.116021,0.447386,0.250808,-0.241427,0.137722,0.00236,-0.113327,1.0,199.45
111,takeoff,4536.080092,76.638047,54.615603,96.252228,226.60767,706.803113,28.947083,0.21229,14.250018,26.93449,2592.597109,healthy,0,0,0,0,-1.800929,0.074002,0.588488,0.54531,-1.169482,0.133412,0.000986,-0.040434,1.0,199.445
112,takeoff,4556.017364,75.245181,54.861395,95.91153,224.562935,710.435737,29.000141,0.197629,14.267377,29.331774,2327.278403,healthy,0,0,0,0,-3.161971,0.323292,0.461154,-0.763535,-0.17488,-0.271512,-0.004322,-0.082216,1.0,199.44
113,takeoff,4561.687274,75.653633,54.281528,96.353135,225.063086,708.016898,28.842278,0.212331,14.183291,27.185913,2505.002246,healthy,0,0,0,0,-0.017446,-0.875083,-0.30054,-1.945018,1.956558,0.377539,-0.000851,0.07312,1.0,199.435
114,takeoff,4594.526471,77.244991,54.206128,95.846713,227.219631,707.93639,29.142266,0.20452,14.052888,29.320896,2404.690009,healthy,0,0,0,0,-1.136123,0.336796,0.21483,-0.245277,0.907583,-0.086666,0.000286,0.008678,1.0,199.43
115,takeoff,4513.065753,75.664959,53.652189,95.941328,226.49328,708.930881,29.209665,0.204469,14.334224,27.759474,2317.084295,healthy,0,0,0,0,-0.978462,-0.603014,1.150758,-0.26675,1.136318,-0.029159,0.004112,0.006286,1.0,199.425
116,takeoff,4535.078159,73.989263,54.181247,94.7656,227.303447,710.146883,28.877135,0.214074,14.300333,27.243604,2538.56516,healthy,0,0,0,0,0.47879,-0.248423,-0.441696,1.069753,-2.429576,-0.030773,-0.006919,0.05102,1.0,199.42
117,takeoff,4546.026284,76.415964,54.354569,97.01297,223.780708,711.050679,28.825886,0.209007,14.176843,27.898484,2588.904154,healthy,0,0,0,0,-3.296857,0.027876,0.84659,0.327861,0.988736,0.003666,0.009559,0.035175,1.0,199.415
118,takeoff,4521.642194,76.70838,53.990684,96.181248,226.704036,710.815629,28.980048,0.196036,13.988725,27.636254,2510.791877,healthy,0,0,0,0,-0.519799,0.190505,-0.646148,-0.239431,-0.690565,-0.295094,0.003331,0.015577,1.0,199.41
119,takeoff,4520.911699,74.492418,54.547992,96.523244,226.354037,714.211733,28.667006,0.201834,14.080262,27.954868,2694.881166,healthy,0,0,0,0,0.341998,-0.088621,0.356361,-0.356689,0.074486,-0.095924,0.002768,0.042417,1.0,199.405
120,takeoff,4529.870458,74.779835,54.28566,95.046191,225.710717,708.551486,28.986589,0.199787,13.896595,26.869867,2421.457211,healthy,0,0,0,0,4.029967,0.381065,-0.777998,0.962086,0.634065,0.114447,0.006458,-0.217471,1.0,199.4
121,takeoff,4511.026771,76.376422,54.101052,95.128847,224.944404,703.217112,28.933763,0.203068,14.06739,29.27882,2513.421042,healthy,0,0,0,0,1.459448,0.384932,-0.065753,0.028558,0.339722,0.102711,0.002047,0.049313,1.0,199.395
122,takeoff,4534.344665,75.844252,54.593846,96.856318,226.165628,710.765268,29.079961,0.206071,14.191902,26.872445,2580.518022,healthy,0,0,0,0,-3.524592,-0.271984,0.501191,-0.734941,1.669613,0.150856,-0.005145,-0.178183,1.0,199.39
123,takeoff,4549.308789,75.336357,54.571508,96.200654,225.533944,711.82117,28.630008,0.19849,14.225262,27.648381,2511.571141,healthy,0,0,0,0,2.69644,0.338557,-0.375528,0.792297,1.590257,0.336474,-0.009396,-0.130787,1.0,199.385
124,takeoff,4525.459534,77.520776,53.728543,96.716138,227.068984,710.067414,29.060698,0.203781,13.996392,28.002255,2466.293061,healthy,0,0,0,0,0.404522,0.229702,-0.263134,-0.617535,1.842011,-0.01769,-0.004873,-0.093897,1.0,199.38
125,takeoff,4494.799457,76.109003,54.232479,96.124692,225.137601,710.91542,29.174281,0.199302,14.298978,28.320879,2432.16983,healthy,0,0,0,0,7.241321,-0.397729,0.419604,0.619445,2.493853,0.182044,-0.000364,0.003784,1.0,199.375
126,takeoff,4543.278683,76.057943,54.078171,96.267061,225.518874,710.754029,28.87251,0.209864,14.221025,28.286335,2484.015582,healthy,0,0,0,0,3.173325,-0.4598,0.021492,0.659674,2.134294,0.287276,-0.003071,0.010986,1.0,199.37
127,takeoff,4541.541153,76.065132,53.952754,95.387113,224.537274,711.882447,29.095518,0.212397,14.235771,30.496472,2463.542677,healthy,0,0,0,0,2.11879,-0.03378,0.860218,-0.070581,-2.873741,0.231523,-0.003688,0.087104,1.0,199.365
128,takeoff,4543.25376,75.871716,54.411227,96.582103,227.647459,712.647207,29.156736,0.210527,14.216375,27.775301,2620.929722,healthy,0,0,0,0,0.8126,0.461247,-0.234202,-0.418685,-0.971556,0.143065,-0.002627,-0.045609,1.0,199.36
129,takeoff,4554.233796,74.751875,54.521622,96.830785,227.739168,712.071021,28.894347,0.206089,14.128736,27.209711,2500.068319,healthy,0,0,0,0,2.339595,0.03432,-0.257463,-0.887773,-0.400285,-0.045081,0.005031,-0.036517,1.0,199.355
130,takeoff,4567.665786,77.394481,53.693842,96.091922,225.79745,711.983907,29.17783,0.214771,14.280811,26.745906,2649.985931,healthy,0,0,0,0,-3.374677,-0.728767,-0.380378,0.439455,-2.746274,-0.050658,-0.000825,0.048827,1.0,199.35
131,takeoff,4536.154218,75.358221,54.432875,95.833101,226.848749,707.053977,28.79341,0.209195,14.445376,28.020046,2547.198063,healthy,0,0,0,0,7.181799,0.1818,-0.587321,0.932018,-0.265244,-0.036153,-0.006065,-0.026704,1.0,199.345
132,takeoff,4542.142592,75.068342,53.842143,95.315492,225.290081,706.062501,29.073677,0.209515,14.188565,28.223173,2583.460606,healthy,0,0,0,0,-1.501251,-0.299474,-0.14358,-1.633823,0.113349,-0.344999,0.009771,0.167006,1.0,199.34
133,takeoff,4552.02182,76.3775,54.76431,96.479366,226.100751,707.833244,28.915244,0.200768,14.279391,28.758091,2546.915473,healthy,0,0,0,0,4.822897,-0.039246,0.132595,-1.484358,0.173402,0.038121,-0.001176,-0.082859,1.0,199.335
134,takeoff,4552.250478,75.362433,54.466045,96.519475,226.319012,706.305384,28.79901,0.201162,14.367115,27.631566,2652.011215,healthy,0,0,0,0,-0.9698,-0.730287,-0.728559,0.195872,-1.477777,0.203107,0.001338,-0.094671,1.0,199.33
135,takeoff,4564.875257,74.327306,53.493543,96.242663,225.9722,709.682768,29.10987,0.211607,14.232468,29.89991,2603.799536,healthy,0,0,0,0,0.317205,0.263707,-0.740218,-1.591904,-0.219525,-0.113061,0.000996,-0.076054,1.0,199.325
136,takeoff,4537.593417,75.403629,54.916745,95.964336,225.400354,713.99507,28.818128,0.204797,14.187815,27.043987,2430.664729,healthy,0,0,0,0,-1.088455,-0.754881,-0.20253,0.289777,-0.65636,0.054595,0.000218,-0.033359,1.0,199.32
137,takeoff,4542.27266,75.727386,53.768853,96.027295,224.938607,710.528478,28.541443,0.198887,13.759304,29.455036,2616.733075,healthy,0,0,0,0,0.998303,0.193985,-0.754639,-0.11245,-0.845182,0.000564,0.001419,-0.05873,1.0,199.315
138,takeoff,4561.91678,75.132279,53.810965,95.6664,225.3117,708.530804,28.926501,0.203404,14.296221,27.806119,2490.310725,healthy,0,0,0,0,-4.90167,0.06728,-0.827402,1.389773,-0.076129,-0.069915,0.003605,-0.053065,1.0,199.31
139,takeoff,4523.810193,76.09398,54.477286,95.447217,226.658049,709.044733,28.901723,0.201785,14.518702,28.533541,2601.11749,healthy,0,0,0,0,-2.7943,-0.078394,-0.090677,0.902971,-0.385449,0.19798,-0.001864,0.063126,1.0,199.305
140,takeoff,4535.764954,75.785424,54.391277,95.458015,224.502281,713.272912,28.978705,0.20398,14.434388,28.652302,2506.836616,healthy,0,0,0,0,1.382656,-0.043404,0.194165,0.300087,-0.952686,-0.021252,-0.004064,-0.097178,1.0,199.3
141,takeoff,4534.932234,76.279819,54.611594,96.236352,225.96992,712.593472,29.116734,0.20653,14.250356,27.903247,2659.783235,healthy,0,0,0,0,0.162042,-0.269608,-0.776999,1.313117,2.039583,0.214002,-0.000167,-0.038119,1.0,199.295
142,takeoff,4522.811167,75.103738,54.117391,96.097362,226.221921,706.383419,29.022593,0.202969,14.024269,28.637815,2553.348582,healthy,0,0,0,0,-3.803166,-0.579183,-0.058196,-1.05466,0.887765,0.029062,0.002494,0.086778,1.0,199.29
143,takeoff,4537.017738,76.047913,54.867375,96.533735,227.013152,708.918736,28.848831,0.20705,14.457617,29.059723,2535.268122,healthy,0,0,0,0,3.262507,-0.506071,0.064247,-1.162276,-1.291929,0.01575,-0.006285,-0.055763,1.0,199.285
144,takeoff,4520.951189,76.111675,54.423928,96.783836,225.109567,709.852938,29.011319,0.213907,13.960981,29.273458,2484.801401,healthy,0,0,0,0,-4.489748,-0.005644,0.174451,-0.500433,2.908551,-0.04951,-0.007752,-0.080378,1.0,199.28
145,takeoff,4527.979548,75.603817,54.57924,95.908274,226.527504,706.26878,29.02403,0.205352,14.102024,28.323188,2495.46753,healthy,0,0,0,0,-0.620313,-0.289098,0.851346,-0.301235,-1.689287,0.274655,-0.000284,-0.127351,1.0,199.275
146,takeoff,4510.082003,76.898273,53.906521,95.586651,225.715662,711.208815,28.922274,0.209171,13.995697,27.309515,2465.074161,healthy,0,0,0,0,2.971989,0.276577,0.150926,0.206099,-0.853189,-0.149671,-0.00361,-0.128992,1.0,199.27
147,takeoff,4537.206792,75.9607,53.53476,95.433096,225.055277,709.927281,29.114422,0.199755,14.437641,28.324286,2534.980105,healthy,0,0,0,0,0.116027,-0.273455,0.884036,0.381359,0.400689,-0.067005,0.002858,0.086897,1.0,199.265
148,takeoff,4550.21013,76.581632,54.288532,96.438938,227.196661,711.313318,29.134925,0.202754,14.268748,27.618025,2533.288816,healthy,0,0,0,0,-0.958439,0.205142,0.19564,-0.110171,-0.562129,0.100386,-0.001232,0.043769,1.0,199.26
149,takeoff,4581.264855,75.232442,53.596433,95.400848,226.73419,704.988824,28.682563,0.201899,14.25797,27.26008,2515.636104,healthy,0,0,0,0,0.792737,-0.601957,-0.381903,-1.945117,0.560932,0.132606,0.002493,-0.049816,1.0,199.255
150,takeoff,4566.367697,75.36923,54.752068,96.140082,226.709418,704.65732,29.08105,0.192192,14.41028,28.881202,2530.894775,healthy,0,0,0,0,4.785688,-0.752866,0.618565,0.400596,0.120568,-0.019855,-0.002808,-0.138689,1.0,199.25
151,takeoff,4520.26968,75.944334,53.699904,96.950243,226.963859,708.404255,28.813607,0.196356,14.380646,26.804384,2511.910816,healthy,0,0,0,0,-3.579838,-0.340607,0.14752,-0.913353,-3.02395,-0.031445,0.00243,-0.042331,1.0,199.245
152,takeoff,4565.084701,77.756938,53.978057,96.31392,225.843962,708.063186,29.137326,0.202735,14.471517,27.709359,2521.971025,healthy,0,0,0,0,1.54328,-0.887926,-0.984119,-0.909034,-0.839847,0.10059,0.005867,-0.100305,1.0,199.24
153,takeoff,4519.409081,75.026179,54.177853,96.989632,225.386503,708.890146,28.865111,0.204011,13.923979,28.982891,2463.177004,healthy,0,0,0,0,-1.385944,-0.042099,0.097836,0.902945,-1.784432,0.070198,0.004197,-0.034989,1.0,199.235
154,takeoff,4562.015579,75.332341,54.629263,96.019688,226.975383,707.797731,28.994402,0.203291,14.312492,26.026838,2462.654085,healthy,0,0,0,0,5.074369,-0.219126,0.599222,0.471087,0.812018,-0.120933,-0.003247,-0.106351,1.0,199.23
155,takeoff,4534.103448,73.154007,54.166525,96.515021,225.57928,701.845986,28.600336,0.185795,14.140156,28.138355,2616.205946,healthy,0,0,0,0,0.812089,0.103296,-0.075871,-1.479767,1.919285,-0.081974,-0.002654,0.060929,1.0,199.225
156,takeoff,4570.539787,76.387212,54.258921,96.024137,225.383304,707.529789,29.207798,0.205855,14.009497,29.332784,2546.624364,healthy,0,0,0,0,-1.724094,-0.289247,-0.756338,-0.95806,-0.722912,-0.207755,-0.003877,0.086952,1.0,199.22
157,takeoff,4547.854005,75.498982,54.582968,95.921411,226.153836,710.366248,29.111491,0.206745,14.339133,29.075765,2627.271845,healthy,0,0,0,0,1.763567,0.417834,0.183093,-0.817779,2.337414,0.031311,0.008223,0.032464,1.0,199.215
158,takeoff,4542.338989,77.662333,54.314303,96.334141,227.31674,711.803379,28.818004,0.20828,14.348119,27.419188,2450.439523,healthy,0,0,0,0,-0.392008,0.010065,-0.156759,-0.292665,-3.098777,-0.087168,-0.004976,0.016723,1.0,199.21
159,takeoff,4536.666658,75.124636,54.651522,96.241151,227.147887,712.83868,29.251076,0.209032,14.376895,27.719001,2617.644446,healthy,0,0,0,0,-1.207329,-0.225202,1.036527,-0.328952,0.32977,0.192635,0.003205,-0.048356,1.0,199.205
160,takeoff,4553.230026,76.872213,53.742611,96.242945,226.749738,709.998354,28.850227,0.202872,14.089725,28.955621,2428.827596,healthy,0,0,0,0,-0.759038,0.213529,-0.414587,-0.099919,-0.203258,-0.188558,0.006532,-0.008468,1.0,199.2
161,takeoff,4553.169452,75.829837,54.567377,96.664747,224.593834,712.815965,29.084277,0.204573,13.957887,28.021099,2466.135855,healthy,0,0,0,0,-0.578986,0.510885,-0.303061,2.095671,-0.370475,-0.114127,-0.002627,0.013345,1.0,199.195
162,takeoff,4530.819379,76.492419,53.689277,95.680691,226.677585,713.256806,28.898189,0.195642,14.347556,29.827341,2441.738447,healthy,0,0,0,0,-0.177566,0.237559,-0.129276,0.037968,1.551839,-0.094541,-0.002473,0.023638,1.0,199.19
163,takeoff,4531.011302,74.238354,53.797023,95.891172,227.255058,706.744477,28.827629,0.199891,14.194838,27.418686,2341.674384,healthy,0,0,0,0,-1.360913,-0.259007,0.184209,-1.052501,1.359161,-0.04826,-0.006132,-0.1784,1.0,199.185
164,takeoff,4513.17539,74.644359,54.253823,96.154062,225.553117,713.69445,28.994307,0.206226,14.253799,28.80933,2503.989141,healthy,0,0,0,0,-2.962797,-0.520539,-0.216729,-0.998689,-2.072325,-0.002236,0.004203,0.086139,1.0,199.18
165,takeoff,4519.255119,75.240447,54.835356,96.562079,225.305051,709.086539,29.081177,0.198536,13.807082,27.503901,2352.161907,healthy,0,0,0,0,-4.296793,-0.353423,0.271938,-0.337707,-2.116932,0.150912,-0.003152,0.074148,1.0,199.175
166,takeoff,4547.723282,75.868427,54.342838,97.223349,226.024818,708.849198,29.083688,0.212279,14.023488,27.154919,2474.986884,healthy,0,0,0,0,2.859352,0.627564,0.271676,-1.564205,3.755536,-0.048457,-0.00472,-0.091754,1.0,199.17
167,takeoff,4555.050225,76.970636,54.53997,95.813888,227.148129,712.75787,29.119573,0.198518,14.220369,27.13194,2494.168762,healthy,0,0,0,0,1.234991,0.298918,0.328459,0.18301,-0.120875,-0.087384,0.003824,0.053519,1.0,199.165
168,takeoff,4549.184946,74.19425,54.284884,96.077047,225.361307,709.866388,28.882588,0.20231,13.921923,26.893678,2371.406012,healthy,0,0,0,0,1.824124,0.384054,-0.052578,0.359239,-1.633232,0.02912,-0.003906,0.093036,1.0,199.16
169,takeoff,4552.284469,76.290618,53.70656,96.257391,223.740449,709.124177,29.342829,0.210819,14.30803,26.841941,2398.423524,healthy,0,0,0,0,1.71391,0.484784,-0.264545,-0.763121,0.212576,-0.187759,0.002272,-0.077435,1.0,199.155
170,takeoff,4556.897915,75.571667,54.430679,96.606302,226.858058,705.416076,28.884462,0.203736,14.40445,27.719673,2481.690343,healthy,0,0,0,0,0.214771,0.357323,0.6264,0.10403,0.029697,-0.092601,0.004736,-0.0172,1.0,199.15
171,takeoff,4546.284464,75.662764,54.10255,96.333097,225.060302,712.127104,28.865935,0.199549,13.952554,27.732558,2394.302886,healthy,0,0,0,0,3.758189,0.406914,-0.219219,-0.088619,-1.65153,-0.097906,-0.005829,-0.00851,1.0,199.145
172,takeoff,4530.424002,74.333985,54.209335,96.191616,227.226598,707.269846,28.83123,0.203847,14.024525,30.132894,2472.16531,healthy,0,0,0,0,-1.42472,0.023666,0.479391,0.861852,1.910483,0.064788,0.004206,0.058822,1.0,199.14
173,takeoff,4532.921566,77.026608,54.934302,95.754211,225.33364,713.250556,29.009405,0.206488,14.431319,28.959299,2405.2496,healthy,0,0,0,0,1.761955,-0.284491,0.903264,-0.136879,0.675263,-0.094231,0.001512,-0.229993,1.0,199.135
174,takeoff,4551.588714,76.876597,54.361423,95.510712,226.854227,709.54784,29.101593,0.205952,13.926207,30.316051,2497.593125,healthy,0,0,0,0,-0.717291,-0.145397,-0.370209,1.310717,0.575033,0.152649,-0.005442,-0.021587,1.0,199.13
175,takeoff,4557.011778,74.323915,55.498463,95.342866,227.248034,716.16169,29.23919,0.208904,14.396759,27.153879,2571.965049,healthy,0,0,0,0,2.499916,-0.037472,-0.019089,0.095141,3.267958,0.059394,0.002668,0.043043,1.0,199.125
176,takeoff,4581.677214,75.165313,53.90776,96.234787,226.199799,708.737906,29.115976,0.201275,14.109221,26.766101,2641.131307,healthy,0,0,0,0,2.255205,-0.146067,-0.337918,0.752496,-0.348003,0.166975,-0.00399,-0.027723,1.0,199.12
177,takeoff,4552.83512,78.777692,54.387761,96.538014,225.877203,710.8308,29.201464,0.206605,14.366098,29.035166,2572.039889,healthy,0,0,0,0,-1.445442,-0.149842,-0.48995,-0.18818,0.78851,0.150371,0.004112,-0.019903,1.0,199.115
178,takeoff,4554.809695,77.555664,54.203916,95.362275,225.234832,708.777851,28.710045,0.206425,14.410375,28.445959,2365.378094,healthy,0,0,0,0,-0.867927,-0.288546,-0.271547,0.843133,0.110711,0.093741,-0.00104,-0.163534,1.0,199.11
179,takeoff,4525.074784,75.240246,54.302317,96.389862,224.415424,706.90348,29.013089,0.196333,14.331825,30.656038,2475.989735,healthy,0,0,0,0,7.481804,-0.294976,-1.660545,-0.126862,0.075467,-0.286257,-0.001481,-0.011814,1.0,199.105
180,cruise,4112.288656,56.718444,53.143976,96.149414,206.10711,649.484408,25.170964,0.199528,10.060246,27.970102,2548.962648,healthy,0,0,0,0,-0.904497,0.677468,0.345185,-1.159437,0.382238,0.254946,-0.001314,-0.000867,1.0,199.1
181,cruise,4143.309677,57.140939,54.310003,96.17821,204.559818,649.681313,24.623388,0.194921,10.059266,28.238151,2418.895667,healthy,0,0,0,0,-0.101262,-0.825071,-0.260784,0.429313,0.040857,-0.162314,0.005318,0.016113,1.0,199.095
182,cruise,4136.946106,54.51496,54.51192,97.186942,206.670488,645.53765,24.563928,0.204893,9.943126,27.356822,2342.987201,healthy,0,0,0,0,2.673352,-0.276234,0.868773,0.045582,1.745705,0.036465,-0.005981,-0.056896,1.0,199.09
183,cruise,4141.764795,57.201917,53.52182,95.568195,204.581431,652.897898,24.656857,0.192592,10.313216,29.53545,2377.019628,healthy,0,0,0,0,-0.32478,-0.167151,-0.772563,0.880107,0.030247,-0.254828,-0.002476,-0.042835,1.0,199.085
184,cruise,4122.255709,55.70853,54.016832,96.275399,205.658896,649.18136,24.996335,0.20142,10.076034,27.65615,2451.259229,healthy,0,0,0,0,-4.648817,0.214109,0.272464,0.754627,-1.511933,-0.00206,-0.006523,0.052139,1.0,199.08
185,cruise,4154.856511,53.250513,54.212954,96.778272,205.990043,650.197482,24.737341,0.20795,10.300555,29.207029,2559.478391,healthy,0,0,0,0,-2.627059,-0.47311,0.878948,-0.274798,-1.28705,0.085662,0.000443,-0.00128,1.0,199.075
186,cruise,4116.556341,55.96666,54.029722,96.48331,207.717818,648.700094,24.957742,0.204486,10.31366,28.71129,2499.050085,healthy,0,0,0,0,1.511045,-0.327418,-0.343695,-0.232906,-2.025488,0.183051,5.5e-05,0.090412,1.0,199.07
187,cruise,4142.63665,55.618582,53.233726,96.4119,207.361597,646.928937,25.155672,0.202017,10.412061,29.31419,2326.415486,healthy,0,0,0,0,-1.380943,-0.075641,0.281058,-0.257422,-1.058763,-0.121167,0.004424,-0.105594,1.0,199.065
188,cruise,4154.827814,55.765285,54.899542,95.793978,206.260592,647.869857,25.086661,0.193764,10.239221,28.711263,2530.319658,healthy,0,0,0,0,-5.013935,-0.197685,-0.431631,0.068671,-1.619276,-0.015598,0.003164,-0.039161,1.0,199.06
189,cruise,4110.555393,56.67044,54.499918,95.536322,207.380732,648.463861,25.057236,0.19902,10.250325,28.065149,2489.910858,healthy,0,0,0,0,-0.80071,-0.594206,-0.528764,0.130968,-1.451834,0.022052,0.002318,0.02709,1.0,199.055
190,cruise,4168.704972,53.838039,53.830893,95.942293,207.101285,648.772227,24.91973,0.208502,10.227345,28.848355,2673.408471,healthy,0,0,0,0,-0.903624,-0.819638,1.013377,-1.574011,-2.388848,0.152402,0.004235,0.020731,1.0,199.05
191,cruise,4169.842154,56.071986,53.864559,96.695001,206.143488,651.925598,24.845284,0.20376,10.152495,28.143188,2687.999004,healthy,0,0,0,0,1.850375,-0.02702,0.285548,0.052522,-0.349453,0.125279,-0.002799,0.005532,1.0,199.045
192,cruise,4144.119954,58.222875,55.501397,96.63796,206.313645,648.970436,25.031309,0.200814,10.254517,27.620141,2502.966244,healthy,0,0,0,0,1.541276,-0.097144,0.052939,0.640476,0.40152,0.027736,-0.000504,0.082738,1.0,199.04
193,cruise,4109.648315,54.286158,53.690273,96.863875,205.774759,652.202985,24.99045,0.205098,10.112088,27.881939,2393.058917,healthy,0,0,0,0,-4.741338,-0.007012,0.224713,1.134874,1.446464,0.065511,-0.004064,0.051254,1.0,199.035
194,cruise,4135.734906,53.913272,54.493103,96.626576,207.420706,655.336417,24.805669,0.206999,10.266389,27.500038,2525.067413,healthy,0,0,0,0,-3.107495,-0.097539,0.642858,1.505448,1.484577,-0.150644,0.004341,0.000295,1.0,199.03
195,cruise,4138.02321,56.216021,54.033399,95.691217,207.401683,645.466576,24.657109,0.20654,10.253605,27.757844,2650.516416,healthy,0,0,0,0,7.349882,0.293194,0.448988,-0.076469,0.226506,0.058812,0.001778,0.014207,1.0,199.025
196,cruise,4132.019589,57.818395,54.478516,96.054504,206.042116,649.295326,25.20063,0.201604,10.171951,27.129323,2460.799255,healthy,0,0,0,0,4.26391,0.334584,1.013714,1.267271,0.510854,0.05112,-0.002677,-0.036631,1.0,199.02
197,cruise,4169.692576,56.548202,53.890717,96.914935,205.83245,651.426726,25.281274,0.204583,10.109289,26.702076,2694.475923,healthy,0,0,0,0,0.945918,-0.393814,-0.551952,0.04601,1.282079,-0.128635,-0.0024,0.137372,1.0,199.015
198,cruise,4172.715708,55.022642,54.80306,96.532145,207.528454,646.801223,25.071591,0.208379,10.21206,26.34142,2490.226721,healthy,0,0,0,0,-0.535067,-0.732789,-0.027995,0.567176,1.005581,-0.043757,-0.00683,-0.030745,1.0,199.01
199,cruise,4132.265499,56.970682,55.267258,95.640539,206.143165,645.664906,24.762935,0.197182,10.173187,28.009615,2422.791004,healthy,0,0,0,0,2.634604,-0.41031,-0.215097,0.149129,0.760415,0.056896,-0.004608,0.033926,1.0,199.005
200,cruise,4155.063677,57.621157,54.006506,96.161575,204.833332,647.613454,24.978593,0.199757,10.23224,28.232965,2529.172204,fuel_mixture_drift,1,2,200,900,1.797809,0.100107,-1.213873,0.063571,-0.257014,0.240622,-0.006111,0.008731,1.0,199.0
201,cruise,4147.818689,57.31161,53.630526,95.946883,205.632262,647.159452,24.860161,0.196173,10.05565,29.714643,2487.036539,fuel_mixture_drift,1,2,200,900,0.875304,-0.311825,0.215528,-0.113509,0.222261,-0.230255,-0.000658,-0.07234,0.995758,198.995
202,cruise,4137.442242,57.00204,54.202568,95.889445,206.813596,651.223724,25.202007,0.216407,9.977205,28.00566,2392.215851,fuel_mixture_drift,1,2,200,900,0.03483,-0.141216,0.159657,1.181215,2.109735,0.131315,-0.008203,0.116437,0.991515,198.99
203,cruise,4149.521324,58.52258,54.319192,96.340476,206.799683,653.228397,25.040227,0.205269,10.345087,28.802105,2501.147348,fuel_mixture_drift,1,2,200,900,-5.30049,0.113195,0.288783,-1.832515,2.278335,0.105642,-0.003875,0.262119,0.987273,198.985
204,cruise,4149.023037,55.360375,54.955052,95.207797,205.928698,649.441115,24.831141,0.194927,10.212784,29.581726,2477.189811,fuel_mixture_drift,1,2,200,900,2.142542,0.239533,-0.665664,1.457632,1.614822,0.020988,-0.001446,0.105244,0.98303,198.98
205,cruise,4145.16722,55.132387,54.60075,96.120583,206.657416,648.364659,24.822284,0.186002,10.552138,25.368473,2455.292575,fuel_mixture_drift,1,2,200,900,5.338794,-0.648696,0.150737,0.156555,2.377828,-0.03988,0.002255,0.133812,0.978788,198.975
206,cruise,4154.805182,54.872556,54.301028,96.577326,205.715783,649.075475,25.179827,0.191324,10.471008,27.541885,2686.515279,fuel_mixture_drift,1,2,200,900,-0.268468,0.173903,-0.226933,-0.461863,0.609047,0.169602,0.001782,0.321085,0.974545,198.97
207,cruise,4144.548727,56.105744,53.753888,95.101054,205.561362,647.997289,24.370297,0.205546,10.309484,26.994454,2346.708534,fuel_mixture_drift,1,2,200,900,-1.597299,-0.26133,-0.179972,1.328919,2.902918,0.118424,-0.003505,0.348706,0.970303,198.965
208,cruise,4153.356338,56.333305,54.223569,95.81855,205.053149,652.5784,24.80022,0.209099,10.585086,26.345183,2493.824929,fuel_mixture_drift,1,2,200,900,1.678581,-0.170331,0.445877,-0.352376,1.560543,-0.064318,-0.000746,0.17133,0.966061,198.96
209,cruise,4123.98951,55.855443,53.684342,96.900407,206.297741,658.708159,24.862936,0.19233,10.493523,28.165965,2466.062229,fuel_mixture_drift,1,2,200,900,-4.700414,0.648881,0.046672,-0.054427,2.903577,-0.05865,0.001498,0.402641,0.961818,198.955
210,cruise,4149.483368,57.180179,54.550521,96.786882,207.361244,649.894953,24.86578,0.202424,10.875015,29.005695,2618.337854,fuel_mixture_drift,1,2,200,900,5.735544,-0.29815,-0.159989,0.063905,2.524721,0.042123,0.003484,0.490789,0.957576,198.95
211,cruise,4170.555636,54.277032,53.905739,95.674013,206.991191,652.735699,24.596075,0.201921,10.654778,28.396585,2522.763721,fuel_mixture_drift,1,2,200,900,-0.809858,0.175996,-0.845919,1.040927,3.016857,0.072747,0.003511,0.405318,0.953333,198.945
212,cruise,4135.318463,55.91369,54.507022,96.71077,204.510359,658.752245,25.008713,0.197578,10.743947,28.813196,2514.359348,fuel_mixture_drift,1,2,200,900,-1.191388,-0.523866,0.021652,1.25102,5.576786,-0.021901,-0.000894,0.760928,0.949091,198.94
213,cruise,4139.271819,55.210352,53.172283,96.822257,205.736483,652.139342,24.78738,0.213187,10.742258,26.637142,2529.087298,fuel_mixture_drift,1,2,200,900,-3.798855,0.15552,-0.301379,-0.348734,5.281208,0.078287,0.00241,0.577276,0.944848,198.935
214,cruise,4155.420832,56.792378,54.365804,95.70119,206.761559,654.451927,25.291532,0.207506,10.765279,28.456728,2472.97801,fuel_mixture_drift,1,2,200,900,3.438734,0.162751,-0.35471,1.126775,7.101429,0.066206,-0.009118,0.575673,0.940606,198.93
215,cruise,4122.047008,57.958693,53.730271,95.867935,205.530384,659.15792,24.918552,0.190389,11.32176,29.681946,2637.439486,fuel_mixture_drift,1,2,200,900,-0.701253,-0.086933,-0.136241,-0.874108,4.471978,0.044553,-0.002579,0.640797,0.936364,198.925
216,cruise,4145.172247,54.880041,54.344707,96.168546,207.884033,652.952416,24.74492,0.204382,10.835486,27.798687,2450.246546,fuel_mixture_drift,1,2,200,900,0.418919,-0.197346,-0.077312,0.743499,5.928121,0.18734,0.001296,0.776305,0.932121,198.92
217,cruise,4139.949,56.70192,53.452832,96.122444,206.082483,659.085412,25.059803,0.197103,11.06993,28.19786,2285.941233,fuel_mixture_drift,1,2,200,900,5.428772,-0.23791,0.105215,0.11261,4.200837,0.06562,-0.003748,0.844435,0.927879,198.915
218,cruise,4135.299279,55.35681,54.164638,95.549819,206.38526,657.078428,24.756724,0.201027,11.107173,27.922692,2447.810854,fuel_mixture_drift,1,2,200,900,4.378582,0.288228,0.002516,-0.401927,9.908074,-0.134123,0.005853,0.741031,0.923636,198.91
219,cruise,4148.430317,56.265763,54.126003,96.154716,207.166283,663.272223,25.103062,0.212292,11.384334,27.376361,2516.106346,fuel_mixture_drift,1,2,200,900,5.775164,-0.132484,0.056328,0.290787,7.895796,-0.147881,0.002534,0.728096,0.919394,198.905
220,cruise,4141.900924,56.5502,53.44923,96.557549,207.10215,654.197338,25.077717,0.204355,11.074557,27.174368,2581.585326,fuel_mixture_drift,1,2,200,900,1.020782,-0.006818,-0.249959,0.032593,8.159938,-0.097659,-0.003707,0.847417,0.915152,198.9
221,cruise,4086.796884,53.611324,54.566589,95.524361,204.206481,659.952347,24.351269,0.200986,11.244117,28.194106,2464.649303,fuel_mixture_drift,1,2,200,900,-3.743332,-0.160455,-0.860457,0.013889,6.585125,-0.024362,0.008294,0.98796,0.910909,198.895
222,cruise,4131.973251,56.025356,53.97502,95.858944,206.636074,659.588791,25.054766,0.197073,11.076615,27.452611,2663.626201,fuel_mixture_drift,1,2,200,900,3.378791,-0.431679,0.704137,0.196141,9.467638,-0.372619,0.003518,0.981348,0.906667,198.89
223,cruise,4149.775617,56.396673,54.314298,95.085212,206.141105,658.392556,25.136356,0.194718,11.174278,28.464813,2545.469572,fuel_mixture_drift,1,2,200,900,1.26141,-0.482443,-0.166738,1.633073,10.362406,-0.212201,0.006171,1.083423,0.902424,198.885
224,cruise,4152.503002,54.354329,54.883197,96.909096,206.691872,659.921063,24.655615,0.207502,11.058053,27.68814,2474.870942,fuel_mixture_drift,1,2,200,900,-1.089722,-0.489637,1.119932,-0.321151,11.77687,-0.019404,-0.00283,1.100357,0.898182,198.88
225,cruise,4136.547344,54.552394,54.804508,96.315802,205.347796,658.303366,24.895682,0.202726,11.433898,28.877096,2615.98717,fuel_mixture_drift,1,2,200,900,1.991524,-0.035415,-0.072779,-2.450607,13.960595,0.176087,0.006451,1.152661,0.893939,198.875
226,cruise,4152.962769,57.953684,53.859285,96.269949,204.954206,661.469325,24.730592,0.199558,11.235469,29.032428,2472.382655,fuel_mixture_drift,1,2,200,900,3.864218,-0.114487,0.473279,-0.438328,10.88812,0.005282,-0.00132,1.155176,0.889697,198.87
227,cruise,4139.280261,56.614573,52.989094,95.800839,205.595928,660.487984,25.074705,0.207449,11.279745,28.64896,2535.766762,fuel_mixture_drift,1,2,200,900,-2.397429,0.249153,0.072509,-0.048041,12.633321,0.058272,-0.007497,1.26378,0.885455,198.865
228,cruise,4138.9842,55.533914,53.921817,96.076088,203.845322,659.232477,24.572392,0.2068,11.713212,28.227964,2378.83042,fuel_mixture_drift,1,2,200,900,1.120501,-0.305021,0.749907,-0.455527,13.660084,0.136945,-0.002721,1.321361,0.881212,198.86
229,cruise,4153.091592,55.953911,53.917229,95.709348,206.372508,663.159793,25.355433,0.209202,11.540944,25.919868,2384.637553,fuel_mixture_drift,1,2,200,900,2.280489,-0.860597,0.050599,1.35899,12.5533,-0.05583,0.004524,1.320013,0.87697,198.855
230,cruise,4114.365385,57.443685,53.684319,96.173184,204.047299,660.606485,24.905863,0.196952,11.439375,29.203751,2527.276805,fuel_mixture_drift,1,2,200,900,2.042913,0.260047,-0.700542,-1.112462,13.020025,0.207395,0.002754,1.283568,0.872727,198.85
231,cruise,4158.027408,54.006089,53.29142,96.429817,204.458947,661.418724,24.671186,0.215508,11.55737,30.092172,2613.120971,fuel_mixture_drift,1,2,200,900,-4.410846,0.330669,-0.052647,-1.308851,9.982467,-0.022434,0.002814,1.222837,0.868485,198.845
232,cruise,4128.384625,55.85983,54.268082,95.714604,205.642114,660.071942,24.955318,0.199006,11.783572,27.368093,2698.468053,fuel_mixture_drift,1,2,200,900,4.736469,-0.399629,0.831682,0.347187,9.643614,-0.172047,-0.002161,1.5332,0.864242,198.84
233,cruise,4154.301229,54.884937,53.773928,96.999249,204.854418,661.710987,25.190958,0.204144,11.657274,28.854237,2312.896624,fuel_mixture_drift,1,2,200,900,1.261251,0.257901,-1.33313,0.543899,14.229738,-0.161189,0.00245,1.503704,0.86,198.835
234,cruise,4141.789586,58.167504,53.569273,96.06572,205.471624,663.476163,24.634376,0.196047,11.878561,28.768265,2504.134396,fuel_mixture_drift,1,2,200,900,2.259235,-0.512631,0.536414,-0.070416,13.401803,0.12125,0.000744,1.569541,0.855758,198.83
235,cruise,4144.640123,55.302773,53.908508,95.121568,205.506165,660.714803,24.868119,0.191952,11.602609,24.993509,2522.363255,fuel_mixture_drift,1,2,200,900,-1.059312,0.425234,-0.14493,-0.504308,13.276983,0.0132,-0.011481,1.557032,0.851515,198.825
236,cruise,4131.726791,55.129287,54.37973,96.86888,207.853299,662.728909,25.06078,0.199117,11.832324,27.128982,2394.162067,fuel_mixture_drift,1,2,200,900,1.454687,0.110329,-0.417179,-0.60046,12.774766,-0.216937,0.000627,1.741109,0.847273,198.82
237,cruise,4140.777435,56.764416,54.025995,95.664022,205.01887,667.326876,24.938196,0.191339,11.859634,27.124612,2461.633533,fuel_mixture_drift,1,2,200,900,4.044626,0.943616,0.207528,1.119882,12.285524,0.077833,0.00223,1.61534,0.84303,198.815
238,cruise,4182.677309,55.282767,53.254496,97.087147,207.675848,665.615151,24.831991,0.203988,12.061246,29.466851,2519.139902,fuel_mixture_drift,1,2,200,900,0.9696,0.229739,-0.023753,0.147661,14.583651,-0.045116,0.000519,1.75128,0.838788,198.81
239,cruise,4143.556737,55.053639,54.238856,95.457841,204.709392,661.043991,25.307885,0.204555,12.028232,28.689939,2513.043318,fuel_mixture_drift,1,2,200,900,-2.266092,-0.3356,-1.137167,-0.28705,16.64789,-0.076477,-0.001005,1.700343,0.834545,198.805
240,cruise,4138.902311,56.480657,54.002353,96.007629,207.153414,657.409366,25.16997,0.207335,12.048751,27.368618,2412.617746,fuel_mixture_drift,1,2,200,900,4.121093,-0.013772,0.356186,-0.776054,16.577824,0.1786,0.003301,1.941362,0.830303,198.8
241,cruise,4160.20632,56.525974,53.550808,95.422153,205.296438,666.470731,25.141839,0.199898,12.053884,27.537971,2536.0563,fuel_mixture_drift,1,2,200,900,0.64073,-0.361504,-0.223763,0.239266,17.382628,-0.228789,0.001487,1.980914,0.826061,198.795
242,cruise,4132.129769,57.322727,53.493801,95.768089,208.509857,668.285108,24.715529,0.201939,12.288247,26.395037,2393.294253,fuel_mixture_drift,1,2,200,900,-0.729332,0.27493,0.021232,0.273045,18.991291,-0.112395,0.003461,1.874283,0.821818,198.79
243,cruise,4138.749509,54.652048,54.66374,95.028836,204.615305,664.854239,25.039368,0.190183,11.884259,28.444341,2442.761399,fuel_mixture_drift,1,2,200,900,3.179177,0.338681,-0.084569,-1.012919,17.673257,-0.12395,-0.006018,2.011546,0.817576,198.785
244,cruise,4119.880756,55.917755,54.500658,95.29719,205.807092,665.322431,25.063884,0.205982,12.43041,27.908968,2442.687124,fuel_mixture_drift,1,2,200,900,-3.690152,-0.710874,-0.785377,0.460412,16.420845,-0.005367,0.007243,1.890969,0.813333,198.78
245,cruise,4139.147657,56.52836,53.686317,96.349261,206.997025,664.424627,24.674383,0.203902,12.346187,28.826265,2375.605262,fuel_mixture_drift,1,2,200,900,-1.12472,0.261827,0.418955,0.696372,15.609959,0.0098,0.006536,1.892192,0.809091,198.775
246,cruise,4183.856199,54.482182,53.211626,96.427778,204.813372,669.389064,25.100228,0.196879,12.097563,27.333796,2448.34968,fuel_mixture_drift,1,2,200,900,-3.909805,0.581498,0.251899,-0.055398,17.65727,0.350652,0.001091,2.106844,0.804848,198.77
247,cruise,4135.631426,60.054623,53.063605,95.635785,206.28558,668.295923,24.909015,0.200947,12.475268,28.912463,2359.792391,fuel_mixture_drift,1,2,200,900,4.539916,0.304412,0.194541,0.269726,13.47434,0.11457,-0.000147,2.143698,0.800606,198.765
248,cruise,4173.91418,55.819721,55.001451,95.981633,204.531512,666.694538,24.899812,0.208324,12.488063,27.724625,2562.40926,fuel_mixture_drift,1,2,200,900,5.757409,0.482774,0.871132,1.542875,19.232558,0.107842,-0.003837,2.184874,0.796364,198.76
249,cruise,4130.871131,54.071459,54.365721,96.804877,203.954119,670.02081,24.960288,0.207153,12.598971,29.647566,2304.218513,fuel_mixture_drift,1,2,200,900,-3.46223,-0.018678,0.025021,-0.015087,18.934451,0.242057,0.002918,2.229356,0.792121,198.755
250,cruise,4161.757371,56.227281,54.035196,96.42016,205.541742,666.580016,24.734245,0.196535,12.519275,29.66475,2301.681532,fuel_mixture_drift,1,2,200,900,-3.2622,-0.037968,-0.296508,1.020288,19.003883,-0.163646,-0.007331,2.24181,0.787879,198.75
251,cruise,4162.196235,55.958422,54.594653,94.566724,204.76229,671.770439,24.970365,0.20376,12.101642,28.893597,2533.205589,fuel_mixture_drift,1,2,200,900,0.464181,0.502835,0.019293,-0.47778,15.464039,-0.04692,-0.004437,2.231638,0.783636,198.745
252,cruise,4153.727946,54.693087,53.904919,95.579589,206.243323,677.484043,24.652562,0.206043,12.356531,29.14723,2429.658446,fuel_mixture_drift,1,2,200,900,2.943147,0.143145,0.183071,0.297782,20.688965,0.082514,0.006933,2.298045,0.779394,198.74
253,cruise,4129.040464,55.930225,53.180597,95.185089,204.231186,677.170228,24.872029,0.196749,12.303068,26.260609,2528.762782,fuel_mixture_drift,1,2,200,900,-0.326565,-0.223185,-0.433649,0.237374,21.908639,-0.014029,-0.002221,2.3894,0.775152,198.735
254,cruise,4150.499777,55.363835,54.055589,96.426747,204.801402,673.188026,24.782341,0.203154,12.943238,28.971207,2474.423824,fuel_mixture_drift,1,2,200,900,-3.19778,0.689282,-0.841141,0.021021,17.734744,0.159824,0.005474,2.540955,0.770909,198.73
255,cruise,4148.891097,55.790702,54.684634,96.039404,203.982706,674.722976,25.125487,0.2077,12.767955,27.237398,2522.053263,fuel_mixture_drift,1,2,200,900,-0.094527,-0.195583,0.130979,0.440839,22.426458,-0.371649,0.003869,2.441637,0.766667,198.725
256,cruise,4137.476102,56.071628,54.163881,96.023009,204.214142,673.407817,25.016157,0.206,12.349997,28.868139,2565.416952,fuel_mixture_drift,1,2,200,900,-5.260503,0.071632,0.18333,-0.353186,21.303478,0.083413,0.009615,2.464114,0.762424,198.72
257,cruise,4104.22795,55.88396,54.657222,95.578329,205.826943,674.006534,25.215374,0.208764,12.673124,26.823353,2474.907783,fuel_mixture_drift,1,2,200,900,1.454263,0.156617,-0.299643,0.885757,21.012417,0.073052,0.002243,2.667935,0.758182,198.715
258,cruise,4121.090125,56.49069,54.517366,96.727411,206.524903,672.592884,25.21972,0.20145,12.74637,28.948088,2355.944688,fuel_mixture_drift,1,2,200,900,5.370132,-0.382492,-0.080698,1.091722,22.476875,0.04023,-0.001059,2.659416,0.753939,198.71
259,cruise,4146.200038,56.13469,54.094117,95.035617,205.431785,676.216713,24.798918,0.200556,12.820933,28.496746,2750.496199,fuel_mixture_drift,1,2,200,900,-5.97199,0.005338,-0.265037,-0.952764,23.919984,0.183515,-0.006418,2.604089,0.749697,198.705
260,cruise,4158.834977,56.686031,54.276473,95.826571,204.931314,674.918092,25.024838,0.198627,12.865362,27.939743,2521.207095,fuel_mixture_drift,1,2,200,900,5.706952,0.216927,-0.203606,0.042903,23.989981,-0.04703,0.001912,2.667538,0.745455,198.7
261,cruise,4118.52909,54.9423,54.211396,95.250129,205.846078,674.373568,24.903182,0.211491,12.950556,26.790651,2447.977903,fuel_mixture_drift,1,2,200,900,-6.542151,-0.207031,-0.408736,0.449644,21.792032,-0.034552,0.00321,2.924255,0.741212,198.695
262,cruise,4125.011586,55.380785,54.499491,96.116701,206.799272,675.502609,24.927073,0.20476,12.969898,27.620854,2489.116348,fuel_mixture_drift,1,2,200,900,-1.202394,-0.500513,-0.331406,-0.616248,22.420563,-0.040514,-0.000563,2.852255,0.73697,198.69
263,cruise,4147.430287,55.051625,54.381926,96.493299,206.642427,675.490192,24.599443,0.208828,13.134459,29.887671,2620.187982,fuel_mixture_drift,1,2,200,900,-0.703711,-0.372443,1.163102,0.287996,23.887428,-0.171298,0.011504,2.849531,0.732727,198.685
264,cruise,4154.406154,54.918513,54.824814,96.253595,206.531621,675.657188,24.982288,0.200062,13.431727,29.568066,2511.888671,fuel_mixture_drift,1,2,200,900,0.960598,0.896704,0.235921,-1.1841,26.364156,-0.249662,0.000628,2.852854,0.728485,198.68
265,cruise,4147.26245,55.996398,53.17528,96.715158,204.832955,676.999571,24.960788,0.197362,13.093221,28.046126,2509.624052,fuel_mixture_drift,1,2,200,900,4.929147,0.161098,0.084382,-1.01976,24.291994,0.199389,-0.007537,2.940035,0.724242,198.675
266,cruise,4185.102184,57.112166,54.766499,95.966594,206.399788,673.985659,24.887293,0.2013,12.970095,27.666151,2541.939395,fuel_mixture_drift,1,2,200,900,3.225458,-0.649697,0.293021,0.193913,25.3478,0.314621,0.005773,3.120012,0.72,198.67
267,cruise,4130.702445,55.951972,54.169956,96.255763,206.086527,675.967614,25.082809,0.201343,13.15686,29.38622,2573.424583,fuel_mixture_drift,1,2,200,900,-0.975877,0.103628,0.741428,-0.806931,25.93697,0.154095,-0.001828,2.985227,0.715758,198.665
268,cruise,4151.327706,55.132938,54.595804,96.630765,205.73477,678.499848,25.042893,0.206959,13.380144,26.901761,2400.826862,fuel_mixture_drift,1,2,200,900,-2.323537,-0.347879,-0.668401,0.340396,24.513899,0.193515,-0.003743,3.155033,0.711515,198.66
269,cruise,4159.603108,55.733022,54.132946,95.675736,207.009384,680.079396,24.954342,0.211397,13.297673,26.893011,2616.72968,fuel_mixture_drift,1,2,200,900,3.635384,0.197713,-0.248874,0.097329,25.711686,-0.066443,0.005448,3.109724,0.707273,198.655
270,cruise,4100.338956,58.114048,53.970012,96.973714,205.465231,681.279389,24.909485,0.212447,13.359135,26.701126,2569.6611,fuel_mixture_drift,1,2,200,900,0.153946,0.276565,-0.116054,-0.704001,27.606293,-0.24557,0.010324,3.238811,0.70303,198.65
271,cruise,4099.633142,56.325504,54.716439,95.752405,207.314788,680.876366,25.024322,0.202971,13.138901,27.698564,2694.170132,fuel_mixture_drift,1,2,200,900,0.516097,0.248774,-0.142046,-0.692742,27.55484,-0.110572,0.012547,3.227558,0.698788,198.645
272,cruise,4130.666383,54.209354,54.222282,96.205612,206.141268,681.679486,25.092342,0.212169,13.184519,27.76089,2621.685252,fuel_mixture_drift,1,2,200,900,2.316179,-0.194776,-0.1016,-0.116591,28.131312,0.152647,-0.001936,3.374456,0.694545,198.64
273,cruise,4178.419554,55.947458,53.943004,96.649758,208.10725,681.51416,24.790224,0.199766,13.26642,29.042351,2492.10851,fuel_mixture_drift,1,2,200,900,1.47549,0.460359,0.705455,-0.297465,28.514785,-0.109655,0.00215,3.260286,0.690303,198.635
274,cruise,4154.410872,55.077935,53.712447,96.118003,204.64248,683.823105,25.070321,0.199608,13.662237,29.751138,2481.4842,fuel_mixture_drift,1,2,200,900,2.665037,-0.39476,-0.107315,-0.598632,31.401648,-0.088357,-0.002148,3.452947,0.686061,198.63
275,cruise,4135.256294,54.909385,53.970825,95.266141,206.128214,678.968408,25.048579,0.206074,13.477236,29.047667,2595.177245,fuel_mixture_drift,1,2,200,900,-0.193272,0.040698,-0.337141,-1.204048,27.608797,-0.000739,-0.002669,3.405996,0.681818,198.625
276,cruise,4138.703219,55.311166,54.397952,96.133465,204.293679,683.920243,25.17482,0.210026,13.670904,29.54061,2563.842521,fuel_mixture_drift,1,2,200,900,2.196609,-0.584238,0.361553,-1.416593,31.512118,-0.031461,-0.005616,3.606774,0.677576,198.62
277,cruise,4142.105628,56.50059,53.718696,96.242609,206.387803,681.338984,25.055795,0.20458,13.899352,28.002912,2421.954658,fuel_mixture_drift,1,2,200,900,-10.034461,0.111064,-0.637088,1.330349,29.996086,0.139929,0.007322,3.459577,0.673333,198.615
278,cruise,4143.932946,55.537238,54.090838,95.455732,204.776833,678.825107,24.778904,0.208432,13.817458,26.903289,2578.126517,fuel_mixture_drift,1,2,200,900,0.725086,0.332595,0.235938,1.02551,30.098273,-0.02124,-0.015299,3.519824,0.669091,198.61
279,cruise,4161.37328,57.715076,53.287604,96.622811,205.73352,682.591858,24.770484,0.207392,13.818213,28.105301,2359.858228,fuel_mixture_drift,1,2,200,900,2.633079,0.53945,0.561514,-0.864113,30.295289,-0.224821,0.003261,3.603744,0.664848,198.605
280,cruise,4140.212939,56.451883,53.526509,96.342561,205.305233,680.479788,24.643068,0.208616,13.819066,28.265219,2429.930383,fuel_mixture_drift,1,2,200,900,-4.357096,-0.525696,-0.648073,-0.029429,30.609091,-0.044,0.002316,3.626269,0.660606,198.6
281,cruise,4153.663271,54.609542,54.294803,96.370834,207.1686,686.517815,25.118026,0.203796,13.828339,29.113058,2363.021423,fuel_mixture_drift,1,2,200,900,1.896344,0.79088,-0.581597,-0.650836,28.34439,0.064573,-0.007193,3.804529,0.656364,198.595
282,cruise,4151.419151,56.025152,53.495747,95.827713,206.260591,681.252799,24.8875,0.204228,13.908324,28.639188,2473.519822,fuel_mixture_drift,1,2,200,900,6.614004,-0.159209,0.766172,-0.397446,32.729392,-0.330081,-0.003604,3.5621,0.652121,198.59
283,cruise,4155.31333,56.526409,54.015702,95.788444,205.281267,681.498,25.209418,0.210294,14.098582,29.199533,2689.953846,fuel_mixture_drift,1,2,200,900,-1.133985,0.288306,-0.37431,0.167228,30.835985,-0.251337,-0.003234,3.74962,0.647879,198.585
284,cruise,4137.425887,55.546812,53.132185,95.970663,206.021979,684.035901,24.673001,0.20589,14.100854,28.555245,2495.981645,fuel_mixture_drift,1,2,200,900,-6.074531,0.326775,-0.652132,0.026995,31.356141,0.171798,-0.001368,3.967223,0.643636,198.58
285,cruise,4153.449115,55.817926,53.929264,95.904425,205.261171,687.433287,24.971091,0.202096,14.107573,26.31757,2485.003277,fuel_mixture_drift,1,2,200,900,-5.333718,0.081715,0.677796,0.984989,32.736213,-0.152916,0.007616,3.929428,0.639394,198.575
286,cruise,4149.386455,55.395159,54.598122,96.060989,206.414349,685.080256,24.948485,0.204892,14.127122,27.994362,2491.874405,fuel_mixture_drift,1,2,200,900,1.087738,0.36323,0.482025,-0.201976,33.128372,-0.113095,-0.006864,3.983976,0.635152,198.57
287,cruise,4156.557205,56.82879,54.175169,96.413259,207.201381,684.498751,25.025043,0.204133,14.12879,28.191974,2503.604581,fuel_mixture_drift,1,2,200,900,-0.360274,-0.269696,0.271119,-0.481884,34.251124,0.143002,-0.002001,4.068344,0.630909,198.565
288,cruise,4143.675906,56.253329,54.076307,95.865222,206.047084,688.449636,24.995237,0.200815,13.975763,27.974823,2545.625507,fuel_mixture_drift,1,2,200,900,-0.859676,0.381863,0.45551,-1.027627,33.196702,0.07428,-0.005311,3.895157,0.626667,198.56
289,cruise,4153.939034,54.69558,54.63768,95.127379,206.200386,681.247625,25.081976,0.198321,14.229426,28.045652,2574.17934,fuel_mixture_drift,1,2,200,900,1.180576,-0.063241,-0.327016,-0.263553,32.998644,0.064563,-0.000383,3.930342,0.622424,198.555
290,cruise,4146.839682,57.025531,54.099201,95.760703,205.602587,686.678244,24.666082,0.210017,14.472999,25.741675,2477.959057,fuel_mixture_drift,1,2,200,900,1.707439,0.3528,0.452178,0.090375,37.062746,0.047549,-0.001338,4.180227,0.618182,198.55
291,cruise,4151.648606,56.908313,54.041311,96.188177,206.675619,686.352506,25.028022,0.203586,14.37572,27.731167,2521.16937,fuel_mixture_drift,1,2,200,900,2.293819,0.191193,-0.45193,0.496061,32.491036,0.206603,0.002937,4.106631,0.613939,198.545
292,cruise,4185.084627,58.297238,53.715302,96.346997,207.0512,692.851592,24.6391,0.203969,14.156221,28.309302,2497.22184,fuel_mixture_drift,1,2,200,900,2.577665,0.320223,0.198289,1.142501,34.438031,-0.391212,-0.003298,4.174401,0.609697,198.54
293,cruise,4130.471108,54.912138,54.028031,96.431076,206.45388,690.975402,24.801917,0.203665,14.386248,28.157234,2418.636774,fuel_mixture_drift,1,2,200,900,3.469369,0.155478,0.376691,0.385694,37.844243,0.075643,-0.003172,4.177969,0.605455,198.535
294,cruise,4156.982133,56.915904,53.458697,96.319729,206.461542,689.157868,24.699706,0.21136,14.53823,28.559471,2520.736575,fuel_mixture_drift,1,2,200,900,2.390147,0.05155,0.309463,0.016433,37.944481,0.004315,0.007223,4.265893,0.601212,198.53
295,cruise,4145.533069,55.435728,54.084782,96.64199,204.240059,692.293076,25.069575,0.20483,14.449179,26.800332,2383.229878,fuel_mixture_drift,1,2,200,900,0.557759,-0.97535,-0.825365,1.619372,38.46591,-0.066615,0.000674,4.464855,0.59697,198.525
296,cruise,4134.168941,55.009798,54.522018,95.958887,204.817804,692.28819,24.887266,0.199602,14.665805,28.3018,2662.521325,fuel_mixture_drift,1,2,200,900,-5.192796,0.096333,-0.300648,-0.521722,36.403584,-0.071566,-0.005864,4.335091,0.592727,198.52
297,cruise,4147.598295,54.763637,54.338749,96.638515,207.028297,693.783664,25.013176,0.20461,14.702397,27.945947,2456.344944,fuel_mixture_drift,1,2,200,900,2.196157,0.188182,-0.568829,0.921359,35.084496,0.341367,0.004953,4.363991,0.588485,198.515
298,cruise,4124.49252,56.767268,54.318849,95.456631,205.995011,692.384591,25.087955,0.20777,14.694391,28.566529,2303.425026,fuel_mixture_drift,1,2,200,900,-3.526269,0.134611,0.749759,-0.419143,39.048916,0.127255,-0.002688,4.369394,0.584242,198.51
299,cruise,4153.279866,55.345476,53.959185,96.570953,205.343274,691.739398,25.189331,0.202093,14.617707,28.69744,2604.259121,fuel_mixture_drift,1,2,200,900,-3.718136,-0.379187,-0.369006,0.659188,36.023385,0.019438,-0.006884,4.351331,0.58,198.505
300,cruise,4153.88335,56.037065,53.842438,95.711155,205.491331,693.241391,25.104454,0.205182,14.687535,28.224945,2490.594443,fuel_mixture_drift,1,2,200,900,-0.010881,-0.263578,0.195365,-0.301316,36.132081,-0.127593,0.002311,4.428418,0.58,198.5
301,cruise,4170.597642,55.153073,54.372314,96.343564,205.17622,690.982755,25.094773,0.204454,14.561065,27.546602,2576.803479,fuel_mixture_drift,1,2,200,900,0.040092,0.504568,-0.553889,-1.120098,39.649925,0.064823,-0.001318,4.552069,0.58,198.495
302,cruise,4121.832633,57.694933,54.182062,96.014164,206.829891,695.464898,24.929731,0.205003,14.526286,30.833796,2391.45307,fuel_mixture_drift,1,2,200,900,-1.479385,-0.098228,0.178725,0.400232,39.661994,-0.053268,0.004707,4.474975,0.58,198.49
303,cruise,4119.05224,57.710632,54.192939,95.294382,206.136379,692.720063,25.168585,0.212047,14.589335,27.618766,2358.47059,fuel_mixture_drift,1,2,200,900,2.598489,0.023228,0.290082,-0.635714,39.649031,-0.030327,-0.006475,4.664109,0.58,198.485
304,cruise,4103.620478,54.000886,53.771162,96.640096,207.22708,686.722531,24.776952,0.191331,14.605736,27.697764,2283.060376,fuel_mixture_drift,1,2,200,900,0.305516,-0.213296,0.334026,0.591838,40.621614,0.160002,-0.00557,4.531372,0.58,198.48
305,cruise,4126.751468,55.63176,54.193949,95.372676,204.766493,693.267284,24.963231,0.207155,14.645374,27.974901,2477.618035,fuel_mixture_drift,1,2,200,900,-4.284003,-0.514563,0.268958,1.062024,37.491764,-0.142045,0.000688,4.522408,0.58,198.475
306,cruise,4126.357767,55.978924,53.489139,94.626778,206.821866,688.15996,24.993489,0.200831,14.854614,26.58866,2424.915476,fuel_mixture_drift,1,2,200,900,2.829862,-0.043115,-0.610951,1.193993,37.103367,-0.038334,-0.003253,4.556723,0.58,198.47
307,cruise,4151.424683,56.866592,53.668924,96.963693,208.614233,691.678281,25.127494,0.215031,14.744379,28.539224,2326.463883,fuel_mixture_drift,1,2,200,900,0.973105,0.270168,1.236771,-0.200532,41.434848,-0.06808,-0.000158,4.542622,0.58,198.465
308,cruise,4128.402736,55.63674,54.099937,95.821599,207.382772,693.185626,25.01201,0.200795,14.558369,27.437605,2592.179606,fuel_mixture_drift,1,2,200,900,1.410625,-0.370445,0.099991,-1.037443,38.249621,0.190347,-0.005669,4.354979,0.58,198.46
309,cruise,4169.780899,56.334659,54.366535,95.153819,207.330856,687.822735,25.150527,0.203686,14.866555,27.333662,2553.156437,fuel_mixture_drift,1,2,200,900,0.591761,0.27656,-0.035138,-0.04397,41.590228,0.224524,0.000673,4.58407,0.58,198.455
310,cruise,4122.485333,58.436098,54.404474,96.332248,204.560499,694.08062,24.889299,0.212609,14.788957,27.49345,2645.11852,fuel_mixture_drift,1,2,200,900,-1.360557,0.19033,0.181179,-0.595986,38.665676,0.086006,-0.0013,4.32386,0.58,198.45
311,cruise,4157.931697,56.340467,54.264681,96.752096,203.968902,691.614537,24.775048,0.20829,14.327576,28.582866,2490.384488,fuel_mixture_drift,1,2,200,900,1.20409,0.284928,-0.187528,0.594767,39.018475,0.12229,-0.005637,4.644611,0.58,198.445
312,cruise,4116.075858,55.311697,53.812506,96.925803,205.182583,689.401837,24.710863,0.216351,14.924445,29.080245,2579.84616,fuel_mixture_drift,1,2,200,900,2.777859,-0.168834,-0.032297,-0.777782,38.330431,0.046744,-0.001194,4.51416,0.58,198.44
313,cruise,4152.834871,54.996062,53.786508,95.57592,205.720972,689.381209,24.950983,0.198049,14.726142,28.787566,2563.993824,fuel_mixture_drift,1,2,200,900,3.798961,0.113226,-0.353841,-0.496121,35.476173,0.163839,0.006883,4.418302,0.58,198.435
314,cruise,4124.609894,55.10567,53.666369,96.562035,206.479072,691.983272,24.953084,0.207345,14.845272,26.692835,2419.381185,fuel_mixture_drift,1,2,200,900,2.543144,0.100427,-0.206659,0.218064,38.871755,0.294048,0.004732,4.369338,0.58,198.43
315,cruise,4162.948667,55.56155,54.221406,96.510204,206.647987,694.120788,25.141035,0.191281,14.845516,27.61959,2532.787117,fuel_mixture_drift,1,2,200,900,2.202381,0.045953,-0.069208,-1.04529,36.640064,-0.304302,-0.006474,4.605198,0.58,198.425
316,cruise,4143.018932,57.428226,54.640204,96.638955,206.634525,687.115679,25.166576,0.203016,14.562948,27.038492,2560.758001,fuel_mixture_drift,1,2,200,900,0.156976,0.837052,1.014238,0.194141,37.5056,-0.032031,-0.003158,4.4897,0.58,198.42
317,cruise,4149.993444,55.478341,53.547885,95.203815,207.385844,693.981763,24.850037,0.202717,14.537177,29.04728,2637.257553,fuel_mixture_drift,1,2,200,900,1.849261,-0.080826,0.453438,0.266253,40.062892,0.044393,0.001638,4.33819,0.58,198.415
318,cruise,4189.178697,55.66654,54.66171,95.760769,205.473761,686.510993,24.844543,0.199229,14.834547,27.120135,2530.395555,fuel_mixture_drift,1,2,200,900,-3.586017,0.0652,-0.397221,-0.519141,37.39808,-0.156544,-0.001255,4.396148,0.58,198.41
319,cruise,4154.101259,53.743988,53.827906,95.399025,204.718892,694.200485,24.768024,0.208959,14.348735,27.753124,2492.13934,fuel_mixture_drift,1,2,200,900,5.070163,0.260478,1.193494,1.366369,37.543567,0.133177,-0.011895,4.424675,0.58,198.405
320,cruise,4135.360821,56.375822,54.194383,97.553082,206.623315,689.731508,24.771695,0.20122,14.46461,27.355735,2535.5681,fuel_mixture_drift,1,2,200,900,-0.415823,0.010616,0.544058,0.832696,38.424709,-0.38025,9.8e-05,4.5666,0.58,198.4
321,cruise,4154.102919,55.322347,54.578621,95.574562,206.732936,696.200153,24.855296,0.200642,14.659465,27.243903,2432.230441,fuel_mixture_drift,1,2,200,900,-3.11633,-0.04984,-0.166893,-0.192497,37.86699,-0.113578,-0.000836,4.46529,0.58,198.395
322,cruise,4159.114603,55.063831,54.181763,96.692741,207.425827,690.0377,24.628656,0.196043,14.828604,29.763735,2608.078099,fuel_mixture_drift,1,2,200,900,2.393922,-1.060524,-0.433427,0.004058,36.841736,-0.336864,0.006596,4.532204,0.58,198.39
323,cruise,4125.741475,54.057975,54.463611,95.620156,206.145405,689.851263,24.585335,0.206613,14.725067,28.469975,2476.181738,fuel_mixture_drift,1,2,200,900,3.88641,-0.25266,-0.532778,1.587129,39.917193,0.241637,0.004137,4.6145,0.58,198.385
324,cruise,4134.528773,56.681418,54.493263,95.837354,205.532401,692.517228,24.945555,0.199398,14.911835,25.684435,2467.792729,fuel_mixture_drift,1,2,200,900,-3.871376,-0.015187,-0.466856,0.112584,39.796811,0.113739,0.000261,4.515676,0.58,198.38
325,cruise,4138.766618,55.104047,54.250235,95.990194,204.231162,692.625884,24.845176,0.192738,14.627992,28.337446,2397.121349,fuel_mixture_drift,1,2,200,900,1.099935,-0.446288,-1.11117,-0.439337,37.949147,0.173403,-0.00168,4.632528,0.58,198.375
326,cruise,4124.955574,54.864918,54.288652,97.172624,206.92782,690.853637,25.33365,0.202336,14.745191,27.753445,2512.686845,fuel_mixture_drift,1,2,200,900,5.717546,-0.334362,0.343749,0.89953,38.603177,-0.001334,-0.000653,4.515233,0.58,198.37
327,cruise,4120.371927,56.713366,54.782608,95.800435,205.159883,689.782989,24.953047,0.205279,14.602977,29.090227,2583.442413,fuel_mixture_drift,1,2,200,900,-6.573978,-0.273116,-0.60738,0.810426,37.721366,-0.011836,0.004547,4.560705,0.58,198.365
328,cruise,4134.491828,55.00105,54.409178,95.991454,206.885523,689.08807,24.975011,0.205531,14.797149,29.041128,2586.139669,fuel_mixture_drift,1,2,200,900,-2.765203,-0.277431,0.068701,-0.39026,39.444365,0.099301,0.001514,4.416395,0.58,198.36
329,cruise,4133.961027,56.586494,54.176387,96.116595,206.261485,687.119663,24.814972,0.20981,14.758416,28.018656,2424.577048,fuel_mixture_drift,1,2,200,900,-2.845006,-0.048607,-0.090499,-0.477948,38.934764,-0.147533,-0.003866,4.587927,0.58,198.355
330,cruise,4154.493661,55.62137,55.040655,96.44334,202.56174,689.530307,25.094412,0.201601,15.018139,27.361773,2523.357981,fuel_mixture_drift,1,2,200,900,-7.025169,-1.006749,-0.229449,-0.401837,39.649959,-0.022391,0.003815,4.485154,0.58,198.35
331,cruise,4167.919768,53.709843,54.374055,95.078697,207.893029,691.669728,24.810497,0.203713,14.898375,30.122367,2633.816126,fuel_mixture_drift,1,2,200,900,0.939029,0.032506,-0.043884,-0.716031,39.764634,0.134514,0.005919,4.460414,0.58,198.345
332,cruise,4114.975684,57.220433,53.964813,95.452517,206.081223,691.039258,25.161863,0.208441,14.847521,26.266072,2488.676424,fuel_mixture_drift,1,2,200,900,-3.246997,0.339118,0.424884,0.215348,38.685053,-0.256918,0.005658,4.554414,0.58,198.34
333,cruise,4147.421106,55.421875,54.30972,96.432948,204.450289,688.080576,25.185636,0.201753,14.553064,28.936062,2443.53994,fuel_mixture_drift,1,2,200,900,-2.41364,-0.374566,-0.039391,1.171624,35.256814,0.014392,-0.007282,4.420223,0.58,198.335
334,cruise,4138.392571,57.156443,53.514223,96.307559,205.491898,694.087615,25.136798,0.209611,14.873297,26.440063,2693.228087,fuel_mixture_drift,1,2,200,900,0.341304,-0.118319,-0.050821,0.413084,39.464871,-0.204113,0.002286,4.557773,0.58,198.33
335,cruise,4161.711091,55.631741,54.123998,96.912895,205.952399,690.288366,24.919809,0.201084,14.690591,27.378139,2348.540211,fuel_mixture_drift,1,2,200,900,0.129596,-0.173345,0.078165,-0.011146,36.278394,0.015678,-0.001554,4.492337,0.58,198.325
336,cruise,4142.434275,54.390635,54.203189,96.747161,206.678896,693.51069,25.323056,0.197207,14.781876,28.861549,2464.967106,fuel_mixture_drift,1,2,200,900,2.350395,0.089574,-0.583202,0.19584,36.567936,-0.089801,-0.000574,4.450698,0.58,198.32
337,cruise,4166.180693,55.612574,54.710948,96.042442,204.783201,692.585786,24.903936,0.206342,14.51579,27.716398,2626.752026,fuel_mixture_drift,1,2,200,900,-3.506854,0.410891,-0.590019,0.958646,42.788093,-0.02239,-0.002719,4.542361,0.58,198.315
338,cruise,4140.471129,56.226834,53.959323,95.577839,206.53101,690.467764,24.784848,0.212117,14.725185,26.707533,2575.862167,fuel_mixture_drift,1,2,200,900,-0.674124,0.510322,-1.123597,-0.275599,35.540798,-0.091983,0.007457,4.513045,0.58,198.31
339,cruise,4104.963742,55.603364,54.797972,95.443885,204.662255,688.021223,24.986515,0.208754,14.915123,26.848868,2487.899899,fuel_mixture_drift,1,2,200,900,2.726479,-0.12735,0.254382,0.068519,39.295653,-0.20158,0.003279,4.565745,0.58,198.305
340,cruise,4130.924618,57.484969,54.230401,96.444794,205.329652,692.815248,24.975042,0.208082,15.012402,28.588266,2515.983051,fuel_mixture_drift,1,2,200,900,-2.581311,0.389717,-0.26368,0.429031,37.325212,-0.30647,-0.00731,4.589236,0.58,198.3
341,cruise,4134.775943,57.895979,54.263336,95.821431,204.542403,692.837211,24.934439,0.201324,14.747233,28.759729,2495.292687,fuel_mixture_drift,1,2,200,900,-4.217978,-0.911835,-0.200978,0.444691,35.530193,0.068556,-0.002352,4.525449,0.58,198.295
342,cruise,4142.600504,56.748297,53.897654,95.582918,207.153789,690.893942,25.030116,0.20546,14.493117,26.584267,2443.053099,fuel_mixture_drift,1,2,200,900,-4.755753,-0.442407,-0.046434,-0.447121,38.434996,0.219077,0.002566,4.544516,0.58,198.29
343,cruise,4128.972951,54.67803,54.774303,96.413418,204.361758,686.967083,25.056824,0.203129,14.490913,28.084786,2477.236895,fuel_mixture_drift,1,2,200,900,2.131201,0.547357,-0.52331,-0.780085,37.389729,-0.23257,0.004951,4.527307,0.58,198.285
344,cruise,4115.122137,56.181355,53.517266,95.295373,204.556716,690.451377,24.88275,0.207587,14.821451,28.28939,2468.136563,fuel_mixture_drift,1,2,200,900,-4.142455,0.201402,-0.55678,-0.441485,36.57729,-0.029291,-7.5e-05,4.426593,0.58,198.28
345,cruise,4152.048785,54.022796,54.173014,95.837198,207.036484,692.576089,25.02102,0.201504,14.774987,27.52918,2430.302612,fuel_mixture_drift,1,2,200,900,-2.162926,-0.027132,0.214611,0.981868,38.36342,-0.497376,0.002231,4.577114,0.58,198.275
346,cruise,4141.165975,54.586244,53.901916,95.378468,205.355495,689.63304,25.039822,0.206842,14.588249,27.388815,2392.074892,fuel_mixture_drift,1,2,200,900,0.779209,0.082493,-0.243957,-0.52479,40.963552,0.062451,0.004088,4.511065,0.58,198.27
347,cruise,4144.842195,56.710189,53.902429,95.586322,205.349425,693.21595,24.725095,0.197233,14.820492,28.352636,2330.830876,fuel_mixture_drift,1,2,200,900,0.046441,0.298859,-0.536015,1.293895,37.589847,-0.116288,-0.002032,4.468555,0.58,198.265
348,cruise,4174.940493,55.289198,54.61522,95.316581,205.39392,692.515473,25.050944,0.206667,14.765394,28.763084,2581.036262,fuel_mixture_drift,1,2,200,900,2.054071,-0.540437,-0.610392,0.435461,35.944365,-0.188454,0.008606,4.462069,0.58,198.26
349,cruise,4124.092354,55.161696,53.917407,96.012531,206.555106,690.134789,24.497062,0.200338,14.663153,28.129791,2648.166984,fuel_mixture_drift,1,2,200,900,-2.263943,0.818858,-1.287095,-1.045551,36.445349,0.224254,0.003019,4.565937,0.58,198.255
350,cruise,4148.262262,55.191369,54.449814,96.897448,205.026592,690.092855,24.91597,0.210401,14.905599,27.858418,2337.336178,fuel_mixture_drift,1,2,200,900,-8.481328,0.711782,0.411618,0.409945,38.628635,-0.196249,-0.001061,4.546197,0.58,198.25
351,cruise,4117.83853,53.557273,54.085917,96.433888,204.84508,688.086105,24.840394,0.212827,14.633854,27.945048,2485.946226,fuel_mixture_drift,1,2,200,900,-8.084394,0.153828,0.213689,-0.749269,39.059282,-0.015205,9.4e-05,4.414757,0.58,198.245
352,cruise,4116.32616,56.073035,54.438378,96.068543,204.882257,690.499745,25.007947,0.20271,14.653328,27.104108,2628.897484,fuel_mixture_drift,1,2,200,900,-0.171981,-0.042995,-1.045369,-1.44365,37.802661,-0.056314,-0.002751,4.431836,0.58,198.24
353,cruise,4133.525202,56.771782,53.593155,96.201719,204.151433,687.400973,24.818089,0.200529,14.7041,26.825428,2340.414103,fuel_mixture_drift,1,2,200,900,-8.595871,-0.489551,0.861321,0.458023,39.17111,0.152797,-0.003242,4.632327,0.58,198.235
354,cruise,4148.858513,57.139696,55.04289,96.261032,205.906083,690.194229,24.872909,0.197629,14.631623,27.328466,2636.53915,fuel_mixture_drift,1,2,200,900,0.172507,0.236988,0.517958,-0.263249,38.988478,0.203045,-0.001445,4.43352,0.58,198.23
355,cruise,4143.908874,55.997428,54.014242,96.62602,206.859133,691.875984,25.273365,0.201421,14.500762,28.263825,2488.56623,fuel_mixture_drift,1,2,200,900,0.380401,0.554844,-0.509256,-0.368414,36.475483,0.155337,0.000747,4.357771,0.58,198.225
356,cruise,4115.291621,56.843833,54.462242,95.747908,204.22345,688.848116,24.993752,0.206662,14.703582,29.769554,2555.433641,fuel_mixture_drift,1,2,200,900,4.517807,-0.3064,0.055685,0.30074,38.20407,-0.026834,-0.002508,4.496752,0.58,198.22
357,cruise,4150.026782,55.569431,54.17289,95.730533,204.300586,691.986822,24.895626,0.206594,14.787406,27.561943,2384.727214,fuel_mixture_drift,1,2,200,900,-4.631636,-0.716742,0.245905,-0.379241,38.852487,0.071741,-0.001798,4.33965,0.58,198.215
358,cruise,4154.837248,57.351102,54.198792,96.241636,205.784387,692.175235,24.907413,0.198281,14.842427,29.868824,2331.426285,fuel_mixture_drift,1,2,200,900,1.859858,-0.364577,0.241402,-0.816788,38.349193,-0.047283,0.00532,4.607871,0.58,198.21
359,cruise,4140.057063,55.471243,54.020386,96.551333,205.77429,693.156397,24.877465,0.204612,14.750846,27.218949,2352.574988,fuel_mixture_drift,1,2,200,900,1.533395,-0.212859,-0.26294,0.644475,37.691709,0.12337,-0.001744,4.271689,0.58,198.205
360,cruise,4162.303464,53.439982,54.273331,95.868473,206.969662,692.707993,24.84399,0.200471,14.782768,28.815803,2512.248132,fuel_mixture_drift,1,2,200,900,0.22546,-0.008878,0.75542,-0.567214,37.057145,-0.003573,-0.013807,4.403254,0.58,198.2
361,cruise,4159.896353,56.041666,54.704656,95.408492,206.3736,690.750913,24.954174,0.193694,14.858476,28.825894,2453.54278,fuel_mixture_drift,1,2,200,900,1.597056,-0.054094,0.680099,-1.257426,38.18795,-0.050589,-0.00704,4.556032,0.58,198.195
362,cruise,4136.491544,56.121257,54.357627,96.039549,205.150522,691.119691,24.816646,0.206565,14.616285,27.557551,2402.215636,fuel_mixture_drift,1,2,200,900,0.298622,-0.369487,-0.612705,-0.505211,38.94196,-0.047159,-0.001688,4.447995,0.58,198.19
363,cruise,4099.497487,56.876557,54.05731,95.643352,204.61155,690.613319,24.737409,0.195398,14.61911,27.809886,2503.208433,fuel_mixture_drift,1,2,200,900,-2.979117,-0.245996,0.315572,1.344968,37.89626,0.071237,0.006332,4.497066,0.58,198.185
364,cruise,4133.102696,54.424325,53.951114,95.946646,206.382376,685.512624,24.909238,0.200763,14.570551,29.807542,2384.811762,fuel_mixture_drift,1,2,200,900,4.609866,0.18027,-0.550525,-0.047717,36.01753,-0.101076,0.00194,4.611826,0.58,198.18
365,cruise,4125.447108,56.190098,53.464689,96.423112,205.725379,691.089216,25.160386,0.195425,14.742391,28.321005,2460.501568,fuel_mixture_drift,1,2,200,900,6.326396,0.076049,-1.105536,-0.395879,37.534422,0.389278,-0.000587,4.48296,0.58,198.175
366,cruise,4167.054813,55.582581,53.997957,97.496372,204.338356,690.560753,24.81419,0.199213,14.447081,28.582263,2396.718429,fuel_mixture_drift,1,2,200,900,-0.292944,0.426692,-0.620386,-0.667907,36.727137,-0.04117,0.004263,4.558388,0.58,198.17
367,cruise,4138.674823,55.969252,54.848223,95.84065,206.110856,689.832958,25.201098,0.200633,14.611143,27.026476,2564.530033,fuel_mixture_drift,1,2,200,900,-1.531841,-0.280294,-0.172899,0.376186,36.715312,-0.028623,-0.006684,4.334583,0.58,198.165
368,cruise,4166.544278,55.387663,53.427245,96.725661,204.228494,691.114619,24.979122,0.213327,14.920145,27.120857,2416.96557,fuel_mixture_drift,1,2,200,900,-0.063013,-0.120419,0.054818,-1.008062,34.703444,0.168549,-0.00633,4.471089,0.58,198.16
369,cruise,4139.248772,56.233265,53.707067,96.363574,207.351062,687.506904,24.637971,0.199432,14.743417,31.1783,2544.049142,fuel_mixture_drift,1,2,200,900,0.349451,0.235775,-0.007432,0.615694,39.409289,-0.128102,0.009077,4.511032,0.58,198.155
370,cruise,4138.766584,55.511026,53.998312,95.498427,206.605198,692.781454,24.678025,0.213954,14.671571,28.809606,2392.338932,fuel_mixture_drift,1,2,200,900,0.473368,-0.282744,-0.096933,0.107102,37.922214,0.079883,0.000828,4.48251,0.58,198.15
371,cruise,4139.57396,56.020439,54.291698,96.01664,205.903866,695.661319,25.008459,0.210364,14.888266,27.189852,2526.632304,fuel_mixture_drift,1,2,200,900,-0.81467,0.220717,-0.043786,-0.509076,37.753148,0.191927,-0.003406,4.465401,0.58,198.145
372,cruise,4145.94784,55.75264,53.663183,96.646808,206.341374,691.103549,25.030499,0.197929,14.786385,27.752622,2451.744927,fuel_mixture_drift,1,2,200,900,4.424112,-0.076698,0.013657,0.561443,37.693019,0.013379,-0.002546,4.408985,0.58,198.14
373,cruise,4161.642639,56.717811,53.875732,96.411218,205.451394,693.979566,24.848327,0.197319,14.540419,28.244353,2598.654386,fuel_mixture_drift,1,2,200,900,1.101776,-0.321515,-0.250446,0.178167,38.799894,-0.384957,0.011353,4.438602,0.58,198.135
374,cruise,4136.457423,54.009275,54.584512,96.183195,205.574906,692.119914,25.069726,0.211986,14.907369,27.062157,2562.539126,fuel_mixture_drift,1,2,200,900,-2.575627,0.857473,0.617612,1.853526,40.924106,-0.057263,0.004225,4.470584,0.58,198.13
375,cruise,4160.080768,59.982059,54.191769,95.982593,205.755586,691.556163,24.741676,0.201108,14.58355,26.170852,2460.387817,fuel_mixture_drift,1,2,200,900,-1.787617,0.429539,0.117882,0.053174,39.888627,0.03511,-0.001095,4.407627,0.58,198.125
376,cruise,4163.145438,56.076862,53.23335,96.592529,207.741675,693.244904,24.964715,0.210399,14.556209,30.193581,2435.627933,fuel_mixture_drift,1,2,200,900,-3.126387,-0.453706,0.011145,1.07679,39.173287,0.168698,0.005036,4.482528,0.58,198.12
377,cruise,4143.818412,56.341205,54.260732,95.517318,204.412314,691.644072,24.944706,0.215664,14.674324,29.404611,2367.515141,fuel_mixture_drift,1,2,200,900,0.904792,0.593827,-0.516085,0.68215,39.897109,0.203288,0.003869,4.6041,0.58,198.115
378,cruise,4151.454893,53.624677,53.759982,95.572928,205.697244,696.024799,24.97571,0.196943,14.388546,28.767007,2545.819911,fuel_mixture_drift,1,2,200,900,1.62007,-0.831476,0.130587,0.351816,39.49138,0.215449,0.001679,4.44623,0.58,198.11
379,cruise,4127.228741,55.671889,55.10861,95.416161,206.061722,687.324609,24.764675,0.207415,14.482999,26.451624,2601.40644,fuel_mixture_drift,1,2,200,900,-2.760115,-0.332937,0.278403,-0.457137,39.631644,0.044031,-0.008197,4.525019,0.58,198.105
380,cruise,4154.511992,55.568694,53.841683,95.752731,204.828052,684.528285,24.775505,0.204914,14.633756,28.149865,2482.237213,fuel_mixture_drift,1,2,200,900,0.199219,0.037728,-0.541322,-0.814744,40.467575,-0.25884,0.006761,4.401696,0.58,198.1
381,cruise,4136.742617,57.798079,53.36536,96.381062,205.531258,691.418319,25.257955,0.213422,14.711566,27.140962,2626.526276,fuel_mixture_drift,1,2,200,900,4.579736,-0.326474,0.058768,0.362515,38.777045,0.068489,0.006311,4.457243,0.58,198.095
382,cruise,4143.964866,56.70831,53.416065,95.854284,204.309811,689.692246,25.145565,0.209734,14.679849,29.967267,2536.336777,fuel_mixture_drift,1,2,200,900,-2.205968,0.596395,0.18076,-1.974749,38.981085,0.163888,0.003631,4.518493,0.58,198.09
383,cruise,4125.836543,54.714047,54.179699,97.146279,207.289073,686.446115,24.823106,0.205919,14.596406,28.779561,2538.659192,fuel_mixture_drift,1,2,200,900,-3.374927,-0.466846,0.253034,-1.014342,37.479657,0.01156,-0.005343,4.555276,0.58,198.085
384,cruise,4143.658432,57.996802,52.972186,95.712855,204.886426,690.385298,24.745465,0.211369,14.531657,28.495246,2430.512674,fuel_mixture_drift,1,2,200,900,-4.662317,-0.33227,-0.144282,0.023475,38.088265,-0.418828,-0.006812,4.492918,0.58,198.08
385,cruise,4155.162318,56.049563,53.551534,96.195405,206.69261,690.511242,24.962909,0.198475,14.939937,27.705411,2567.561083,fuel_mixture_drift,1,2,200,900,-0.395856,0.401309,0.112433,-0.873237,37.205795,-0.169776,0.001662,4.409942,0.58,198.075
386,cruise,4127.710998,56.90932,54.76926,96.755655,205.792191,690.560797,25.083516,0.204765,14.637728,27.578,2545.369037,fuel_mixture_drift,1,2,200,900,8.435559,-0.132333,-0.051433,-0.091551,36.051056,-0.145359,-0.000526,4.441529,0.58,198.07
387,cruise,4157.592413,56.392752,54.37066,96.047374,204.875081,691.845416,25.062644,0.208119,14.743766,27.689397,2628.033859,fuel_mixture_drift,1,2,200,900,5.235906,-0.141147,-0.225549,0.284304,37.030155,-0.158706,0.003837,4.49991,0.58,198.065
388,cruise,4156.418953,57.260332,54.11562,96.6703,206.675509,691.595257,24.67274,0.198062,14.742603,28.079273,2347.658712,fuel_mixture_drift,1,2,200,900,-1.007223,0.831447,-1.482755,1.385001,35.604511,0.026072,0.007204,4.466087,0.58,198.06
389,cruise,4145.600468,56.151791,54.369662,96.476015,206.674967,689.764651,24.980859,0.200239,14.43708,27.983236,2579.979588,fuel_mixture_drift,1,2,200,900,-2.837352,-0.537017,0.033133,0.355863,41.844836,-0.163497,-0.001833,4.385364,0.58,198.055
390,cruise,4136.143618,55.690275,54.644166,96.10434,206.112097,690.74696,24.836665,0.216896,14.68367,29.038975,2456.21155,fuel_mixture_drift,1,2,200,900,0.476211,0.047981,-0.497385,-0.24553,37.255199,-0.028729,0.005513,4.435403,0.58,198.05
391,cruise,4135.426398,54.82102,54.177681,95.223553,206.855003,689.951273,24.997881,0.212302,14.898973,30.184679,2510.627211,fuel_mixture_drift,1,2,200,900,-0.796338,0.148213,0.300157,0.1731,35.625568,-0.131891,0.001301,4.31807,0.58,198.045
392,cruise,4134.386291,55.529581,53.818148,96.377828,207.23374,692.37808,24.88359,0.206017,14.55872,28.207519,2630.208514,fuel_mixture_drift,1,2,200,900,-1.764317,-0.034404,-0.015384,0.210821,34.159064,0.211021,0.00387,4.43754,0.58,198.04
393,cruise,4158.972467,57.138047,54.545108,96.230155,205.323714,690.731994,24.823532,0.19852,14.781756,26.672028,2378.030509,fuel_mixture_drift,1,2,200,900,-1.485733,0.1822,0.292764,1.229165,35.623926,0.078887,0.005222,4.516621,0.58,198.035
394,cruise,4146.688853,55.622936,54.251113,96.062889,205.638016,691.847519,25.147396,0.203494,14.539698,27.102591,2495.862948,fuel_mixture_drift,1,2,200,900,-3.620954,0.559887,1.054343,-0.621149,35.407825,-0.307547,-0.003479,4.403161,0.58,198.03
395,cruise,4149.836123,55.734824,55.061685,96.178546,204.787983,692.51483,24.704195,0.206187,14.853139,29.097473,2481.48345,fuel_mixture_drift,1,2,200,900,0.08777,0.011854,0.907535,-0.481436,35.292846,0.252845,0.004442,4.482101,0.58,198.025
396,cruise,4122.671094,56.417515,53.909579,96.688566,204.142658,689.151389,25.072712,0.20602,14.717744,27.746982,2591.886101,fuel_mixture_drift,1,2,200,900,5.233694,-0.192583,-0.381296,0.087355,36.544915,-0.211042,-0.004406,4.434752,0.58,198.02
397,cruise,4121.144166,55.924611,54.414411,95.744756,205.721848,688.772552,25.031776,0.203148,14.408861,27.573215,2619.483055,fuel_mixture_drift,1,2,200,900,-3.704004,-0.600451,0.033793,-0.627287,35.522961,-0.202123,0.002395,4.52385,0.58,198.015
398,cruise,4180.572831,55.998468,53.886838,95.837974,206.054887,685.505826,24.92566,0.207562,14.835392,28.841833,2409.903687,fuel_mixture_drift,1,2,200,900,-2.04854,-0.29136,0.305768,-0.358694,37.706042,0.112094,0.009808,4.581442,0.58,198.01
399,cruise,4113.907353,56.389221,54.233933,95.6607,206.065686,690.231661,25.352635,0.201658,14.568974,28.442972,2428.272854,fuel_mixture_drift,1,2,200,900,1.938369,0.059024,0.110971,0.442613,39.679059,0.074143,0.00191,4.616477,0.58,198.005
400,cruise,4134.917562,54.122481,54.637264,94.742629,206.604326,687.553967,25.255096,0.209467,14.822925,27.534834,2620.191626,fuel_mixture_drift,1,2,200,900,-3.388636,-0.287419,0.22301,-0.085984,38.013129,0.154035,0.008779,4.680994,0.58,198.0
401,cruise,4161.985408,56.483853,53.518832,95.371037,206.940207,688.487183,25.158016,0.200833,14.796888,28.628958,2607.748622,fuel_mixture_drift,1,2,200,900,1.416868,0.218003,0.250092,0.372677,40.481315,-0.064163,-0.003018,4.521723,0.58,197.995
402,cruise,4144.464809,55.893276,54.03139,96.360747,206.389929,693.723309,24.979131,0.207566,14.690205,30.295651,2523.991659,fuel_mixture_drift,1,2,200,900,-3.541458,-0.161636,-0.477177,0.682354,37.878545,0.105923,-0.002262,4.459201,0.58,197.99
403,cruise,4149.47927,56.105948,54.707433,95.934584,206.396047,691.019643,24.958762,0.206055,14.716287,25.557539,2421.617331,fuel_mixture_drift,1,2,200,900,-3.454298,0.05956,0.45865,0.243761,40.02821,-0.083158,0.006945,4.537794,0.58,197.985
404,cruise,4121.928605,56.513579,54.006306,95.488144,204.374575,685.380515,25.107791,0.198554,14.73101,28.42151,2399.91134,fuel_mixture_drift,1,2,200,900,0.417069,-0.067323,0.181888,0.725969,38.52169,-0.124264,-0.001433,4.493051,0.58,197.98
405,cruise,4168.069605,54.413294,54.02322,96.22823,205.981386,688.084762,24.915304,0.201256,14.595503,26.853504,2465.033599,fuel_mixture_drift,1,2,200,900,4.578215,-0.060699,0.955993,-0.959076,37.874579,-0.006576,-0.004062,4.593229,0.58,197.975
406,cruise,4130.95772,56.637746,54.463126,95.918722,206.705824,693.580229,25.283084,0.188817,14.735601,26.024004,2452.12505,fuel_mixture_drift,1,2,200,900,-0.166998,0.612863,0.227876,0.894445,36.940701,0.077416,0.004461,4.303395,0.58,197.97
407,cruise,4132.731238,55.441146,54.505122,95.440082,204.807022,695.12671,24.912447,0.210592,14.86311,27.476917,2594.157017,fuel_mixture_drift,1,2,200,900,-1.250473,-0.196805,-0.312316,-1.452996,36.535961,-0.189854,-0.003699,4.350598,0.58,197.965
408,cruise,4147.128796,55.24988,54.134871,95.213646,205.588879,691.99994,24.566122,0.205483,14.923629,28.5887,2503.72497,fuel_mixture_drift,1,2,200,900,-4.918771,0.073633,-0.019631,0.592213,39.204021,0.026044,0.003616,4.513719,0.58,197.96
409,cruise,4119.752251,55.027878,54.153526,96.541544,205.092764,689.150992,24.915606,0.199728,14.594699,29.413943,2589.147969,fuel_mixture_drift,1,2,200,900,-5.811796,0.502804,0.188,-1.273864,39.565718,-0.084495,-0.004246,4.408924,0.58,197.955
410,cruise,4140.043192,56.522276,54.579427,95.552013,204.963269,689.743538,25.01129,0.209038,14.75981,29.238045,2555.007423,fuel_mixture_drift,1,2,200,900,0.363967,-0.042854,0.531916,0.8611,37.514617,-0.028212,0.00545,4.410532,0.58,197.95
411,cruise,4150.179665,54.958132,54.164682,95.632407,206.247984,691.133853,24.977983,0.20766,14.69472,29.094492,2509.765694,fuel_mixture_drift,1,2,200,900,-2.611329,0.624061,-0.077573,0.557322,35.335206,0.169286,-0.001174,4.559385,0.58,197.945
412,cruise,4106.159436,55.536368,54.6196,96.03026,204.965159,692.73913,24.818363,0.193365,14.622239,28.953775,2385.520902,fuel_mixture_drift,1,2,200,900,6.40606,0.223046,0.379601,0.636064,37.059698,-0.032281,0.007,4.496002,0.58,197.94
413,cruise,4141.03025,55.816106,54.301755,96.126861,206.640088,690.382511,24.770408,0.201824,14.611588,27.031542,2531.102915,fuel_mixture_drift,1,2,200,900,-2.300221,-0.172298,0.043419,-0.908536,37.302689,-0.013512,0.001695,4.600335,0.58,197.935
414,cruise,4144.124692,54.897052,55.060163,95.450062,206.697292,690.73198,25.226583,0.201882,14.558816,28.404313,2500.487683,fuel_mixture_drift,1,2,200,900,-1.026339,0.625351,-0.522765,0.45662,36.510566,-0.310497,-0.002199,4.492787,0.58,197.93
415,cruise,4135.721089,55.093665,54.634241,96.378402,205.30694,688.535235,25.214896,0.205823,14.661576,27.722113,2400.455084,fuel_mixture_drift,1,2,200,900,1.467244,-0.236668,-0.205293,0.653082,38.213036,-0.036843,0.00418,4.502863,0.58,197.925
416,cruise,4139.232687,54.927875,54.14108,95.582933,204.948324,689.670635,24.814807,0.197071,15.085939,27.956536,2503.711657,fuel_mixture_drift,1,2,200,900,-0.86602,-0.720631,0.325987,-0.299591,36.037979,0.145017,0.002824,4.485098,0.58,197.92
417,cruise,4137.027184,54.906551,54.001523,95.726668,204.294416,692.129961,24.66672,0.206364,14.566165,30.353874,2450.811971,fuel_mixture_drift,1,2,200,900,3.316286,-0.315853,0.692582,1.394865,36.945574,0.027087,0.006285,4.678315,0.58,197.915
418,cruise,4147.648958,57.223048,54.257155,95.433434,205.641503,693.640133,24.971056,0.204262,14.674211,27.044425,2362.543408,fuel_mixture_drift,1,2,200,900,-0.512854,-0.998799,0.116489,-0.620083,35.502176,-0.070873,0.002667,4.57978,0.58,197.91
419,cruise,4121.081923,56.102063,53.386657,96.694255,205.864875,692.888891,25.212559,0.208559,14.739432,26.837628,2604.525521,fuel_mixture_drift,1,2,200,900,2.151562,-0.386898,0.47187,0.815402,36.704747,-0.256055,0.005261,4.536375,0.58,197.905
420,cruise,4134.334771,56.328647,52.884718,96.202345,206.601495,691.041814,24.900592,0.204195,14.699777,27.851069,2388.220112,fuel_mixture_drift,1,2,200,900,2.974267,0.109411,-1.01655,-0.04874,36.066537,-0.0964,-0.000813,4.39844,0.58,197.9
421,cruise,4157.45724,54.459537,54.351666,96.057067,206.33174,691.762257,24.98814,0.201767,14.655045,28.774095,2373.403194,fuel_mixture_drift,1,2,200,900,1.33476,-0.340737,0.083604,0.816324,39.788304,-0.229219,-0.000473,4.487759,0.58,197.895
422,cruise,4144.417571,54.723463,53.663849,95.908474,207.308287,690.477618,24.949566,0.205915,14.777889,27.174646,2476.221804,fuel_mixture_drift,1,2,200,900,4.523898,0.758956,-0.360843,1.503212,37.968484,0.401485,0.006012,4.492512,0.58,197.89
423,cruise,4131.625751,56.028446,53.908527,97.242308,205.027312,691.019481,25.110201,0.204382,14.903426,27.141103,2407.490297,fuel_mixture_drift,1,2,200,900,-2.961535,0.39028,-0.988922,1.491943,37.781112,-0.018823,0.001699,4.515348,0.58,197.885
424,cruise,4144.599748,54.399029,54.043335,95.923287,205.951301,689.727287,24.838111,0.199785,14.554539,27.801207,2394.359357,fuel_mixture_drift,1,2,200,900,-1.233434,0.09453,0.975291,0.183358,39.544625,-0.007974,0.0058,4.446035,0.58,197.88
425,cruise,4108.023585,57.182366,52.374199,96.261761,204.86096,689.91187,24.836749,0.19923,14.767926,28.386569,2418.314267,fuel_mixture_drift,1,2,200,900,3.834563,0.480781,0.487764,0.190063,37.916946,-0.102133,0.004807,4.421582,0.58,197.875
426,cruise,4148.720946,54.583331,54.620163,95.587544,205.473757,688.430192,25.385856,0.202379,14.851832,26.54572,2549.608999,fuel_mixture_drift,1,2,200,900,0.459522,-0.1167,-0.143032,-0.065898,40.724563,0.120315,-0.00214,4.497201,0.58,197.87
427,cruise,4124.92714,54.477973,54.239233,96.014281,206.791497,690.35464,25.07402,0.191629,14.69374,27.432331,2542.850571,fuel_mixture_drift,1,2,200,900,-4.876919,0.086316,-0.717599,1.022974,36.655884,0.034252,-0.006177,4.413891,0.58,197.865
428,cruise,4130.719999,55.423039,53.921566,95.939918,207.392989,688.050932,24.879008,0.207331,14.572148,28.302488,2414.714683,fuel_mixture_drift,1,2,200,900,-2.273463,0.235445,-0.404733,1.605087,37.446781,-0.076961,-2.5e-05,4.307367,0.58,197.86
429,cruise,4163.617152,56.335686,53.950149,96.610251,204.747639,694.054459,25.183624,0.207483,14.81678,30.649512,2498.124029,fuel_mixture_drift,1,2,200,900,6.372675,0.034907,-0.883808,-1.485646,38.908584,0.140978,-0.002635,4.480927,0.58,197.855
430,cruise,4167.423708,54.691989,54.407038,95.423918,205.593229,691.82043,25.018198,0.198305,14.43413,28.746234,2607.439999,fuel_mixture_drift,1,2,200,900,0.751675,-0.356114,0.080548,-0.603025,36.845538,-0.149775,-0.001282,4.408574,0.58,197.85
431,cruise,4156.405301,55.665156,54.2541,95.862213,204.933931,692.145181,24.801782,0.201148,14.773524,26.824183,2564.013548,fuel_mixture_drift,1,2,200,900,2.891023,-0.849562,0.349546,0.770292,38.226039,-0.024435,0.000796,4.455717,0.58,197.845
432,cruise,4157.185395,54.059155,54.187105,95.707622,205.18539,693.617705,24.964175,0.209178,14.774444,27.454287,2620.125593,fuel_mixture_drift,1,2,200,900,-7.878575,-0.409696,-0.139419,-0.517678,36.79828,-0.044035,-0.004315,4.626273,0.58,197.84
433,cruise,4160.528359,57.108282,53.76742,95.537654,205.819806,689.325359,24.780924,0.208429,14.913974,29.05232,2479.352148,fuel_mixture_drift,1,2,200,900,3.132205,0.150993,0.567997,1.627155,38.314964,-0.034413,-0.005134,4.770677,0.58,197.835
434,cruise,4138.687292,58.779093,53.54611,95.975226,205.649839,691.88375,24.66215,0.198561,14.687109,27.180614,2482.944332,fuel_mixture_drift,1,2,200,900,-4.776613,-0.148163,-0.340547,0.288848,38.33947,0.184727,0.001615,4.644412,0.58,197.83
435,cruise,4143.011765,54.323179,54.514106,96.465456,205.10284,687.970081,25.203498,0.199662,14.761033,27.365091,2344.651699,fuel_mixture_drift,1,2,200,900,4.471014,0.405134,-0.162373,-0.310101,35.570124,-0.148012,-0.000861,4.387608,0.58,197.825
436,cruise,4136.675524,58.164404,54.670382,95.843284,205.635889,687.696774,24.945206,0.19989,14.828516,27.163095,2583.706475,fuel_mixture_drift,1,2,200,900,-1.752636,0.23434,0.262257,0.547455,40.648334,-0.26815,-0.000558,4.405715,0.58,197.82
437,cruise,4123.804074,54.483665,54.430415,95.804184,204.99087,698.194037,25.00998,0.20021,14.666739,28.420915,2346.86457,fuel_mixture_drift,1,2,200,900,-2.372652,0.020853,0.326298,-0.495185,36.844068,0.036412,0.009055,4.444686,0.58,197.815
438,cruise,4127.879186,55.834987,53.994458,96.295042,205.612322,693.180576,25.037752,0.198404,14.755156,26.760998,2295.609876,fuel_mixture_drift,1,2,200,900,1.917741,0.460488,-0.459679,-0.539605,36.319525,0.129914,0.003984,4.62361,0.58,197.81
439,cruise,4129.313195,56.064224,54.555255,95.616238,204.622212,690.726361,24.820138,0.211499,14.717319,29.900523,2561.319301,fuel_mixture_drift,1,2,200,900,2.115154,0.147315,-0.376445,0.777626,36.735669,-0.138961,-0.001598,4.546351,0.58,197.805
440,cruise,4152.077697,56.177593,54.259942,96.535864,206.07813,690.55418,24.777057,0.200331,14.689406,28.764241,2541.947554,fuel_mixture_drift,1,2,200,900,-3.059666,0.054625,-0.504577,1.31584,39.630406,-0.17596,-0.005583,4.403287,0.58,197.8
441,cruise,4150.551776,55.958553,54.315106,97.016917,207.148234,690.648774,25.152531,0.206856,14.879408,27.69872,2504.593319,fuel_mixture_drift,1,2,200,900,0.339804,-0.435544,-0.412254,-0.139454,37.827797,-0.105565,0.003042,4.533913,0.58,197.795
442,cruise,4161.504226,55.928892,54.698167,96.839518,207.622724,691.951376,25.048367,0.197759,14.702455,29.049835,2454.440988,fuel_mixture_drift,1,2,200,900,-0.835063,-0.256575,-0.485895,-1.015816,38.586324,-0.033456,-0.000967,4.500522,0.58,197.79
443,cruise,4111.74581,55.344692,53.961215,95.908968,206.801148,694.077458,25.045517,0.206076,14.671587,28.783212,2406.116885,fuel_mixture_drift,1,2,200,900,-7.036539,-0.41652,0.429772,-0.441763,37.066535,-0.068216,-0.006335,4.453776,0.58,197.785
444,cruise,4129.22425,56.961826,54.310362,95.78619,206.039169,688.714153,24.814798,0.193767,14.941217,28.746152,2497.410131,fuel_mixture_drift,1,2,200,900,-3.32374,0.771072,-0.326898,-1.145709,37.291248,-0.048268,-0.002542,4.361637,0.58,197.78
445,cruise,4136.032995,54.704824,53.572947,95.708296,206.055702,693.709791,25.345817,0.206709,14.816542,28.567786,2564.728371,fuel_mixture_drift,1,2,200,900,-4.427278,-0.024053,0.211056,0.155904,35.413991,-0.067689,-0.001987,4.51228,0.58,197.775
446,cruise,4155.772376,55.855227,53.781697,95.435267,205.607893,691.480538,24.893144,0.213124,14.526169,27.057872,2471.243974,fuel_mixture_drift,1,2,200,900,-3.841417,-0.754612,-0.610294,-1.030054,38.45982,0.030308,0.005526,4.492383,0.58,197.77
447,cruise,4175.792126,55.68274,54.239263,95.715331,203.390212,692.267824,24.756447,0.209691,14.693664,28.775981,2503.738593,fuel_mixture_drift,1,2,200,900,-5.705883,0.171988,0.30184,-1.138227,37.107165,0.050616,-0.006578,4.393508,0.58,197.765
448,cruise,4144.994355,55.956947,53.438854,97.17516,204.678735,691.370259,25.271633,0.196894,14.667038,28.464421,2576.853535,fuel_mixture_drift,1,2,200,900,3.341276,0.854716,0.952584,1.897888,35.23643,0.142239,-0.000728,4.618974,0.58,197.76
449,cruise,4152.27459,56.154926,53.426596,96.506643,206.547807,688.921944,25.020219,0.197231,14.747452,28.266393,2609.097401,fuel_mixture_drift,1,2,200,900,-2.821501,-0.378456,-0.030431,0.541341,40.020396,0.120142,0.003106,4.44074,0.58,197.755
450,cruise,4136.974393,56.192995,54.372047,96.851701,206.022643,691.008649,25.220426,0.210648,14.612511,27.479697,2537.227138,fuel_mixture_drift,1,2,200,900,-3.98459,0.386067,-0.402891,-1.427388,40.791544,0.268295,0.007798,4.407667,0.58,197.75
451,cruise,4151.549755,55.743261,54.885203,94.801914,205.651774,694.374892,25.042807,0.201411,14.66375,28.542559,2508.967261,fuel_mixture_drift,1,2,200,900,-1.366496,-0.702055,-0.122989,-0.149143,40.223469,0.116073,0.001383,4.469025,0.58,197.745
452,cruise,4139.132957,55.73893,54.13084,95.2974,206.265767,687.058596,24.857174,0.205178,14.870789,26.138731,2360.117408,fuel_mixture_drift,1,2,200,900,0.404733,0.02299,0.495434,0.088982,38.559531,-0.118269,-0.002342,4.529047,0.58,197.74
453,cruise,4116.193523,55.557422,54.318281,95.618884,205.106912,688.506796,25.325047,0.202555,14.819426,27.478437,2549.513052,fuel_mixture_drift,1,2,200,900,3.46731,-0.091591,0.703332,-0.988065,39.583924,0.30177,-0.00763,4.547041,0.58,197.735
454,cruise,4137.918377,57.839009,53.848427,96.18621,205.204801,688.96252,25.033982,0.211197,14.90321,27.389683,2446.968666,fuel_mixture_drift,1,2,200,900,-1.466538,0.382036,0.069272,-0.085885,38.436605,0.081744,0.004198,4.465397,0.58,197.73
455,cruise,4088.176777,55.012031,53.965893,96.286177,206.443847,691.524344,25.298205,0.20142,14.48388,28.090562,2490.990209,fuel_mixture_drift,1,2,200,900,-4.522515,0.099054,0.007826,-0.039885,36.194979,0.029996,0.00517,4.389672,0.58,197.725
456,cruise,4145.776476,56.472068,54.433473,94.964837,206.766427,692.292654,25.1051,0.216168,14.503357,28.534807,2567.327353,fuel_mixture_drift,1,2,200,900,0.707848,-0.304457,0.053632,-1.365769,39.246347,0.06238,0.001036,4.526952,0.58,197.72
457,cruise,4144.031141,54.776699,53.927924,95.889727,206.713295,690.250918,25.237966,0.208853,14.783104,28.534592,2464.036223,fuel_mixture_drift,1,2,200,900,0.394561,-0.064672,0.86995,-0.258378,35.51438,0.02552,-0.002417,4.588,0.58,197.715
458,cruise,4114.586546,56.214542,54.58011,95.470548,203.629614,696.199958,25.139869,0.214603,14.605249,27.412841,2498.321644,fuel_mixture_drift,1,2,200,900,-0.175228,-0.501871,0.256732,-0.854746,39.23332,-0.038735,0.002703,4.499513,0.58,197.71
459,cruise,4143.095102,55.465807,54.011801,95.910504,204.599806,691.175229,24.848165,0.196869,14.698115,26.669973,2627.777489,fuel_mixture_drift,1,2,200,900,-1.276014,-0.206891,0.749048,0.290413,37.415386,-0.116282,-0.002146,4.45793,0.58,197.705
460,cruise,4127.24778,56.928027,54.029201,97.313983,205.900491,692.912131,24.74812,0.199348,14.626128,27.483402,2501.394409,fuel_mixture_drift,1,2,200,900,-2.767784,0.13394,0.175353,0.315722,37.812462,0.05591,0.005123,4.604744,0.58,197.7
461,cruise,4101.841087,53.155478,53.395822,96.344573,206.320292,689.324548,24.751147,0.205073,14.438342,28.812328,2549.378575,fuel_mixture_drift,1,2,200,900,-3.144823,-0.907382,0.905549,-2.317389,37.732418,0.036554,-0.000981,4.54196,0.58,197.695
462,cruise,4138.893893,55.75411,54.387461,96.282656,206.751102,694.10835,24.845254,0.210596,14.647358,27.749687,2644.853087,fuel_mixture_drift,1,2,200,900,-2.993837,-0.143439,-0.340082,0.50914,37.190187,-0.15742,0.00162,4.484281,0.58,197.69
463,cruise,4151.996773,56.945942,55.219066,95.737419,205.188902,691.472771,25.034884,0.199236,14.543424,28.199308,2426.877008,fuel_mixture_drift,1,2,200,900,2.040567,0.218697,-1.207882,0.94045,36.351897,0.042115,0.001016,4.581753,0.58,197.685
464,cruise,4140.654989,57.634115,54.023022,96.779529,205.320265,696.456359,24.817473,0.199481,14.686637,27.753259,2739.697734,fuel_mixture_drift,1,2,200,900,0.529932,0.185917,0.789592,-0.237622,38.244386,-0.000396,0.008199,4.660261,0.58,197.68
465,cruise,4117.92045,56.277107,54.928942,96.653218,206.279622,692.495257,24.835134,0.200078,14.580883,28.569136,2583.25018,fuel_mixture_drift,1,2,200,900,-1.140136,0.219204,-0.761962,0.213992,36.749994,-0.05247,0.004482,4.440834,0.58,197.675
466,cruise,4128.759541,55.749025,53.986806,96.1073,205.23384,692.175447,24.890999,0.202206,14.458304,28.673661,2706.527365,fuel_mixture_drift,1,2,200,900,-0.569596,-0.00101,1.108884,0.593194,37.894484,-0.05392,-0.002937,4.549987,0.58,197.67
467,cruise,4148.660808,55.656649,54.096814,96.512642,207.36687,692.520189,24.992958,0.19805,14.726778,28.103698,2458.843171,fuel_mixture_drift,1,2,200,900,2.93576,0.121533,0.11158,0.369945,37.399207,-0.010863,-0.001555,4.577269,0.58,197.665
468,cruise,4153.08364,56.453804,54.08085,96.073983,205.029513,692.163412,25.372684,0.207959,14.718429,27.466253,2391.899499,fuel_mixture_drift,1,2,200,900,3.173849,0.150942,0.513354,0.071768,40.63634,0.030143,-0.001428,4.419139,0.58,197.66
469,cruise,4129.614726,54.663767,53.724567,96.737434,206.832121,689.876304,25.11562,0.206324,14.73657,28.366901,2450.492662,fuel_mixture_drift,1,2,200,900,1.125074,0.157597,0.139396,0.353237,37.604859,-0.072154,-0.005155,4.35837,0.58,197.655
470,cruise,4118.088464,54.805047,53.996571,95.735701,206.865596,694.398508,25.046466,0.203414,14.564946,27.670794,2518.822843,fuel_mixture_drift,1,2,200,900,4.318584,-0.986322,-0.364491,0.234657,37.409488,0.012195,-0.000658,4.449949,0.58,197.65
471,cruise,4156.685992,55.944494,53.769996,96.523033,206.076181,692.763835,25.085339,0.19849,14.521093,28.026611,2632.303472,fuel_mixture_drift,1,2,200,900,0.605858,0.313309,0.211241,0.326245,37.143437,-0.172223,-0.008761,4.610989,0.58,197.645
472,cruise,4144.467246,55.331229,55.102578,94.971571,204.318856,693.608354,24.699664,0.205431,14.740597,27.168719,2626.537243,fuel_mixture_drift,1,2,200,900,-1.945849,-0.817504,-0.295962,0.047816,39.907263,-0.002772,-0.002312,4.686454,0.58,197.64
473,cruise,4162.446366,56.447517,54.56771,96.22773,206.742217,693.632518,24.751577,0.208287,14.461798,24.940358,2433.961405,fuel_mixture_drift,1,2,200,900,-4.739591,-0.435259,0.238377,-0.147536,39.00402,0.043312,0.003946,4.525763,0.58,197.635
474,cruise,4162.471856,56.591858,54.297253,97.010127,202.917563,693.020809,24.775853,0.19297,14.75427,28.336934,2425.162958,fuel_mixture_drift,1,2,200,900,-1.095842,0.651963,0.162463,-1.369054,35.693117,-0.03251,0.007704,4.450431,0.58,197.63
475,cruise,4162.553618,54.939203,53.807771,96.020906,207.000768,688.871197,24.979022,0.204766,14.650525,28.086086,2464.303443,fuel_mixture_drift,1,2,200,900,0.353667,0.438304,0.459118,0.005026,36.950666,0.02724,-0.003925,4.450284,0.58,197.625
476,cruise,4159.206043,54.709864,53.888957,96.264787,206.361498,694.098926,24.90389,0.2009,14.66272,27.526113,2418.922656,fuel_mixture_drift,1,2,200,900,1.55741,-0.111257,-0.093558,-1.573247,38.312363,-0.009576,0.008177,4.402462,0.58,197.62
477,cruise,4133.577707,55.813622,53.89598,96.751212,204.283295,687.52663,24.91891,0.206239,14.643989,28.145201,2502.967394,fuel_mixture_drift,1,2,200,900,-2.317553,-0.261723,0.121731,0.045199,35.235041,0.276189,-0.00166,4.516717,0.58,197.615
478,cruise,4145.783735,55.909039,54.192568,95.868229,206.948903,691.843141,24.778137,0.20315,14.736294,27.448695,2540.169181,fuel_mixture_drift,1,2,200,900,-7.000073,0.197371,-0.912079,0.998985,39.81006,0.166218,-0.003847,4.607561,0.58,197.61
479,cruise,4136.544643,55.587962,54.637744,95.820299,207.883353,695.436501,24.761516,0.204323,14.557052,28.209,2437.229673,fuel_mixture_drift,1,2,200,900,1.281855,-0.028541,0.819126,-0.970139,37.947982,-0.12887,-0.001326,4.511908,0.58,197.605
480,cruise,4147.886351,55.882603,53.741165,96.263894,205.124567,685.636755,24.994838,0.201032,14.78026,27.860781,2354.296204,fuel_mixture_drift,1,2,200,900,0.883284,0.090309,0.353481,-0.142537,38.687513,0.072979,-0.005727,4.468767,0.58,197.6
481,cruise,4145.482639,57.218089,54.189895,95.282048,207.877191,691.472811,25.161469,0.195802,14.937601,28.478984,2699.436342,fuel_mixture_drift,1,2,200,900,1.390912,-0.027272,-0.247551,-0.979368,39.712887,-0.070555,0.001994,4.404467,0.58,197.595
482,cruise,4119.685365,54.361847,53.960194,96.676844,205.583284,686.524788,25.097106,0.196482,14.867584,30.097907,2464.724912,fuel_mixture_drift,1,2,200,900,0.328316,0.207019,-0.530611,0.500277,37.209053,0.071007,-0.010268,4.394216,0.58,197.59
483,cruise,4127.276426,56.001559,53.756331,95.782683,204.461,686.103553,24.972495,0.208211,14.7584,29.409117,2467.99818,fuel_mixture_drift,1,2,200,900,-5.490551,0.045015,-0.921719,-2.835274,39.14739,-0.020621,0.006953,4.488706,0.58,197.585
484,cruise,4138.536059,57.489491,54.435847,96.122075,206.056111,686.474971,25.124738,0.204192,14.579127,28.825216,2528.782455,fuel_mixture_drift,1,2,200,900,-0.986344,-0.073721,-0.049732,-1.130804,39.941773,0.020389,-0.00389,4.438233,0.58,197.58
485,cruise,4102.082999,56.091023,54.624873,95.590841,206.754857,691.018152,25.18707,0.205236,14.658182,27.354605,2491.765078,fuel_mixture_drift,1,2,200,900,4.481572,0.513341,-0.106053,0.171024,36.488842,0.031159,-0.000217,4.559518,0.58,197.575
486,cruise,4135.180064,56.589249,53.794936,97.289527,205.127838,693.689072,24.96236,0.198552,14.542057,26.987717,2278.580929,fuel_mixture_drift,1,2,200,900,-6.792342,0.041511,-0.003174,0.581337,38.701512,-0.240651,0.001082,4.422292,0.58,197.57
487,cruise,4156.268247,56.718974,53.851168,97.101054,206.652832,691.448685,24.953437,0.199688,14.804587,29.750976,2529.701243,fuel_mixture_drift,1,2,200,900,0.909929,-0.054607,-0.025338,0.528473,36.279176,-0.235704,-0.00013,4.585139,0.58,197.565
488,cruise,4142.12794,55.759032,53.701596,95.708962,206.18844,692.896134,24.759426,0.197301,14.542658,28.128935,2464.142125,fuel_mixture_drift,1,2,200,900,0.950201,0.202832,0.219279,0.55601,39.455333,-0.003018,0.005105,4.440301,0.58,197.56
489,cruise,4122.302655,53.542537,54.813365,95.138161,206.304343,688.729978,24.832559,0.206131,14.671002,27.491876,2490.868642,fuel_mixture_drift,1,2,200,900,0.61659,0.131917,0.110057,0.243706,36.551957,-0.003286,0.002577,4.444753,0.58,197.555
490,cruise,4171.953898,56.56059,53.597029,96.593644,206.970517,689.260526,24.76635,0.207916,14.522297,28.510318,2452.918466,fuel_mixture_drift,1,2,200,900,-0.758936,-0.361147,0.424649,1.070958,38.36598,-0.094065,-0.006018,4.390404,0.58,197.55
491,cruise,4098.249697,55.944201,53.663534,95.98522,206.906585,695.690172,25.363452,0.204187,14.701991,27.080768,2571.824376,fuel_mixture_drift,1,2,200,900,0.593047,-0.241868,1.244452,1.071589,38.038042,0.177793,-0.001282,4.540096,0.58,197.545
492,cruise,4143.857725,56.789479,54.417057,96.714861,206.427154,691.270044,25.06731,0.202911,14.611203,26.393202,2452.183667,fuel_mixture_drift,1,2,200,900,1.086932,-0.573187,0.55789,-1.231554,37.618219,0.003716,0.008141,4.341696,0.58,197.54
493,cruise,4131.57737,57.692826,55.211842,94.745704,206.847414,689.863041,24.934315,0.204163,14.710839,28.519009,2511.334155,fuel_mixture_drift,1,2,200,900,0.609698,0.502345,-0.713171,-1.224432,38.136653,0.402576,0.003072,4.393581,0.58,197.535
494,cruise,4152.167541,57.012677,53.383664,96.327942,205.149763,694.304043,25.117701,0.18811,14.509695,28.708285,2422.867707,fuel_mixture_drift,1,2,200,900,1.741298,0.33312,-0.603449,1.724728,39.92832,0.253715,0.005107,4.501002,0.58,197.53
495,cruise,4122.10727,56.62238,53.400451,95.477289,208.584406,690.225799,24.848542,0.204358,14.80397,27.563766,2477.950362,fuel_mixture_drift,1,2,200,900,-1.709706,0.485609,0.535787,-0.057318,37.85021,-0.078859,-0.001299,4.515855,0.58,197.525
496,cruise,4127.321401,56.888808,53.896704,96.02362,205.544684,689.292758,25.206562,0.20815,14.545137,28.857986,2419.769828,fuel_mixture_drift,1,2,200,900,-1.924667,0.537996,0.528756,-0.301588,39.626332,-0.15007,-0.003091,4.613004,0.58,197.52
497,cruise,4174.806925,57.324813,53.863151,97.351712,208.441384,689.960388,24.627277,0.201281,14.761514,28.027064,2593.710362,fuel_mixture_drift,1,2,200,900,0.768551,0.666855,0.244993,-0.017669,39.56389,0.191812,-0.001448,4.5883,0.58,197.515
498,cruise,4138.538125,57.293132,53.150656,95.792517,205.477348,688.229798,24.905452,0.208616,14.842912,28.269606,2490.724074,fuel_mixture_drift,1,2,200,900,3.349172,-0.020619,-1.072889,-1.045364,36.472477,0.016341,0.003368,4.432069,0.58,197.51
499,cruise,4148.337558,55.56322,53.897381,95.584456,207.206589,690.725795,25.020994,0.204067,14.63967,28.338555,2456.402377,fuel_mixture_drift,1,2,200,900,-3.832362,-0.249393,0.187434,-0.406305,38.745147,-0.389775,-0.00693,4.39083,0.58,197.505
500,cruise,4134.67055,57.111924,54.881795,97.052917,205.862146,691.258316,25.112883,0.201938,14.619186,29.556395,2442.045986,fuel_mixture_drift,1,2,200,900,-1.99138,0.292437,-0.163136,0.367433,37.171913,-0.198355,-0.003219,4.681913,0.58,197.5
501,cruise,4120.17882,55.525865,54.157972,96.68914,206.850514,688.59804,25.286844,0.204777,14.780414,28.983483,2466.536942,fuel_mixture_drift,1,2,200,900,-0.706887,0.11936,-0.683177,-0.745369,37.271032,-0.078804,0.00636,4.430781,0.58,197.495
502,cruise,4181.63123,55.175553,54.432917,95.368917,206.06413,692.355614,25.069375,0.198712,14.879928,28.069964,2408.810548,fuel_mixture_drift,1,2,200,900,-0.923379,-0.406826,0.287596,-0.656528,36.467197,0.276282,0.00361,4.603098,0.58,197.49
503,cruise,4144.397655,55.746806,54.842314,95.318176,204.718707,690.254418,24.876357,0.201192,14.605924,27.467472,2451.672793,fuel_mixture_drift,1,2,200,900,-0.325734,-0.199299,-0.102718,-1.369426,35.525909,-0.049392,-0.001298,4.513838,0.58,197.485
504,cruise,4147.713096,55.476605,54.139254,96.482323,206.628906,692.249098,25.006907,0.203678,14.729842,28.77854,2501.246959,fuel_mixture_drift,1,2,200,900,6.505604,0.289735,0.079301,0.219588,37.341347,-0.072024,0.006764,4.574309,0.58,197.48
505,cruise,4133.080787,56.348576,53.651167,96.032933,205.45192,691.741684,25.106595,0.201222,14.5623,28.629572,2490.801604,fuel_mixture_drift,1,2,200,900,4.255537,0.235085,-0.591181,0.483525,38.920166,-0.152537,-0.000295,4.513762,0.58,197.475
506,cruise,4153.370042,56.708209,53.636707,95.912982,207.086418,689.965279,24.87659,0.205232,14.784406,27.306196,2297.113403,fuel_mixture_drift,1,2,200,900,2.654558,-0.542862,0.562835,1.435189,39.079511,-0.361375,-0.009074,4.518025,0.58,197.47
507,cruise,4149.944993,56.114201,54.268845,96.021117,206.457618,684.747354,25.380263,0.206937,14.53645,26.506041,2557.906009,fuel_mixture_drift,1,2,200,900,0.014993,-0.483731,0.05596,1.520566,39.080997,-0.053681,0.00018,4.627628,0.58,197.465
508,cruise,4133.354818,56.263556,54.524731,95.805175,206.710856,691.573209,24.997894,0.197113,14.614524,27.891858,2395.890842,fuel_mixture_drift,1,2,200,900,-0.24315,-0.445141,0.441944,0.34271,37.319038,-0.068251,0.007755,4.538052,0.58,197.46
509,cruise,4128.956933,56.944323,54.880495,96.125981,205.863828,690.481747,25.369363,0.206624,14.715369,26.95151,2650.733338,fuel_mixture_drift,1,2,200,900,-3.000782,0.232983,0.013362,-0.073361,38.064804,0.023289,0.004545,4.479292,0.58,197.455
510,cruise,4112.336658,56.972662,53.444339,96.021531,205.247299,693.388246,25.090983,0.207482,14.708674,27.636344,2483.453387,fuel_mixture_drift,1,2,200,900,1.143251,-0.670572,0.039851,-0.013471,39.434209,-0.090386,-0.006697,4.512674,0.58,197.45
511,cruise,4134.785339,57.22759,55.12109,97.079305,205.860836,690.071715,25.315108,0.20821,14.460867,29.315454,2371.919087,fuel_mixture_drift,1,2,200,900,1.020155,0.077414,-0.380496,-0.940676,39.31536,-0.034607,-0.002206,4.33418,0.58,197.445
512,cruise,4122.935163,53.4074,54.026338,96.540081,205.210639,690.913829,24.823863,0.209346,14.703742,28.079989,2494.681909,fuel_mixture_drift,1,2,200,900,0.973894,0.335088,-0.469778,-0.594259,38.010931,-0.011623,0.001847,4.643658,0.58,197.44
513,cruise,4120.334871,56.256161,54.612955,96.168006,206.462584,689.100723,24.84847,0.196923,14.514615,27.188662,2531.627719,fuel_mixture_drift,1,2,200,900,8.190505,-0.361337,-0.774437,-1.023603,37.36445,-0.001102,0.009458,4.416928,0.58,197.435
514,cruise,4108.80741,55.794201,53.993348,96.141807,205.498707,690.351733,25.064911,0.210532,14.631434,27.621142,2538.33385,fuel_mixture_drift,1,2,200,900,2.314318,-0.582123,-0.273093,-0.300887,39.287445,-0.010377,0.003107,4.560594,0.58,197.43
515,cruise,4155.769621,55.566234,54.14516,96.580278,205.725153,687.199817,25.285834,0.206792,14.659643,28.490796,2696.88433,fuel_mixture_drift,1,2,200,900,0.521707,0.287446,-0.880351,-1.197717,35.850844,0.160595,-0.004422,4.587166,0.58,197.425
516,cruise,4145.421369,56.239592,54.211103,96.405474,206.174265,692.737011,25.427669,0.195341,14.636053,29.022009,2569.204671,fuel_mixture_drift,1,2,200,900,2.673673,-0.050968,0.003999,0.200888,39.160064,-0.142959,-5.5e-05,4.434488,0.58,197.42
517,cruise,4138.249823,55.948332,54.763693,95.845354,207.172478,691.70097,24.927631,0.204938,14.55395,27.866521,2547.600253,fuel_mixture_drift,1,2,200,900,-2.347271,0.107005,-0.48462,-0.510583,37.59778,-0.022317,0.011281,4.459856,0.58,197.415
518,cruise,4149.22997,57.039144,53.875465,95.48702,205.276312,688.831779,24.856949,0.201666,14.63308,27.496889,2535.6404,fuel_mixture_drift,1,2,200,900,1.038396,0.505412,-0.53715,0.008721,34.834219,-0.116803,-0.003083,4.460705,0.58,197.41
519,cruise,4135.551795,56.732196,53.47486,95.811274,207.302826,692.257397,24.546136,0.203325,14.508352,28.915896,2457.640999,fuel_mixture_drift,1,2,200,900,-2.14947,0.286127,0.259456,-0.353057,37.807695,-0.064691,-0.005474,4.334043,0.58,197.405
520,cruise,4172.425917,53.036388,54.722414,96.937187,204.33902,692.433346,24.765521,0.20029,14.853608,26.764118,2561.642225,fuel_mixture_drift,1,2,200,900,0.072271,0.074357,0.029996,0.529171,37.119957,-0.069964,0.002614,4.618575,0.58,197.4
521,cruise,4143.34373,56.9879,54.783286,96.223483,204.454413,690.667437,24.759281,0.203733,14.916775,28.562459,2617.81432,fuel_mixture_drift,1,2,200,900,-3.053301,0.025293,-0.060974,1.067861,39.597398,0.176517,-0.007702,4.513661,0.58,197.395
522,cruise,4122.272113,56.633308,53.317753,95.636403,205.876169,691.05839,25.175984,0.197373,14.703909,27.821919,2539.416019,fuel_mixture_drift,1,2,200,900,2.217946,0.123778,-0.307317,-0.443278,41.65034,-0.108881,-0.008573,4.53886,0.58,197.39
523,cruise,4119.680507,54.106706,53.650897,95.586871,202.013695,690.986907,24.918882,0.2052,14.46019,26.953568,2579.065595,fuel_mixture_drift,1,2,200,900,-2.499522,-0.075732,0.250012,-0.278718,37.713073,-0.042177,0.001228,4.52695,0.58,197.385
524,cruise,4134.453049,57.145411,54.045383,96.432414,205.805457,689.74219,24.738184,0.198626,14.898756,29.358308,2359.461848,fuel_mixture_drift,1,2,200,900,-2.69624,-0.002123,0.250199,0.266763,39.439362,0.151308,0.001054,4.441293,0.58,197.38
525,cruise,4143.749183,55.218275,54.175381,96.755662,204.689036,694.724138,24.946745,0.196397,14.54959,28.858255,2469.361079,fuel_mixture_drift,1,2,200,900,-2.506938,-0.251971,0.024194,0.21324,39.582444,0.251243,-0.000752,4.497316,0.58,197.375
526,cruise,4123.208835,57.481827,53.40852,96.587406,205.140202,693.301233,25.30519,0.202681,14.889887,29.692343,2518.380613,fuel_mixture_drift,1,2,200,900,-0.396004,0.62852,-0.115977,-0.101891,36.41276,0.057104,0.005778,4.576528,0.58,197.37
527,cruise,4131.899655,57.022119,54.041079,95.703405,205.125231,689.185622,24.924969,0.195836,14.38577,27.933582,2504.586478,fuel_mixture_drift,1,2,200,900,3.759354,-0.022013,-0.309207,0.292767,39.249089,0.344147,-0.002082,4.678178,0.58,197.365
528,cruise,4131.814526,54.56871,54.687588,96.216064,205.186834,689.925166,25.16862,0.208492,14.606537,28.445363,2485.869375,fuel_mixture_drift,1,2,200,900,0.70234,-0.417947,-0.498826,0.135909,41.374069,0.020764,-0.003343,4.46235,0.58,197.36
529,cruise,4131.744279,55.874626,53.410908,95.848635,205.578759,690.400554,24.688098,0.191625,14.425431,29.077035,2429.46618,fuel_mixture_drift,1,2,200,900,1.937026,-0.312868,0.353736,-0.262545,37.389684,0.016001,0.002131,4.434795,0.58,197.355
530,cruise,4144.88719,55.32321,53.550154,95.482863,206.684512,690.644712,24.964097,0.208744,14.477529,26.32455,2404.375306,fuel_mixture_drift,1,2,200,900,0.49734,-0.521708,1.047744,-0.348918,38.383276,0.31682,-0.00246,4.419089,0.58,197.35
531,cruise,4126.048276,56.792286,54.517158,95.626293,208.030968,693.525756,25.111943,0.207684,14.538335,28.239188,2696.602868,fuel_mixture_drift,1,2,200,900,0.060317,0.093754,0.172828,0.623367,37.714441,0.111145,-0.012373,4.559529,0.58,197.345
532,cruise,4105.517124,55.933454,54.172084,96.309415,204.391197,693.217732,24.83621,0.211316,14.779323,28.166963,2435.84946,fuel_mixture_drift,1,2,200,900,1.367048,0.254318,0.698349,1.094903,41.01485,-0.137676,-0.004948,4.523127,0.58,197.34
533,cruise,4137.54329,55.454119,53.642092,96.190566,207.097298,689.631534,24.965314,0.201295,14.675154,25.090253,2523.077354,fuel_mixture_drift,1,2,200,900,0.356318,-0.442224,-0.483867,0.047896,36.513824,-0.213782,0.003968,4.547171,0.58,197.335
534,cruise,4115.912356,59.078233,53.870121,96.148224,204.937159,688.274041,25.086944,0.202878,14.656348,28.673952,2390.108626,fuel_mixture_drift,1,2,200,900,-5.933145,-0.13644,0.165006,0.3392,35.803287,0.147038,0.009239,4.485311,0.58,197.33
535,cruise,4122.689927,54.053001,53.675671,95.968015,206.471554,692.068355,24.733418,0.211679,14.543763,26.359152,2422.682001,fuel_mixture_drift,1,2,200,900,-2.193876,0.31993,-0.121185,-0.699355,39.597269,0.007278,-0.006695,4.364686,0.58,197.325
536,cruise,4133.725264,56.451189,53.968252,95.76504,208.210775,690.578586,24.75396,0.194733,14.831485,28.344183,2481.075972,fuel_mixture_drift,1,2,200,900,2.021687,0.316397,-0.719415,0.216017,35.480757,0.368547,-0.002598,4.490944,0.58,197.32
537,cruise,4181.987864,55.994602,54.042908,96.12338,207.095655,689.936229,24.823495,0.210191,14.846955,29.873139,2486.225925,fuel_mixture_drift,1,2,200,900,0.518264,0.733238,-0.629349,1.322187,36.273489,-0.197696,0.007456,4.506874,0.58,197.315
538,cruise,4125.287796,53.821792,53.927446,95.254372,206.315115,695.211145,24.860919,0.196383,14.642679,28.447657,2359.118671,fuel_mixture_drift,1,2,200,900,5.079557,1.392646,-0.726919,0.470937,39.297838,-0.061782,-0.007314,4.424246,0.58,197.31
539,cruise,4111.258804,56.473502,54.225803,95.686477,206.953237,693.327401,24.894051,0.215867,14.73395,29.629824,2353.49365,fuel_mixture_drift,1,2,200,900,-3.426807,0.027618,-0.614561,-0.271006,36.527626,-0.032209,-0.00608,4.28341,0.58,197.305
540,cruise,4168.825058,54.454604,54.474119,96.087217,206.114517,688.21843,25.13486,0.193249,14.476824,28.121428,2526.923439,fuel_mixture_drift,1,2,200,900,0.935956,-0.210997,0.095277,0.66471,39.070327,-0.099647,-0.00202,4.637069,0.58,197.3
541,cruise,4133.311485,55.683139,54.420518,96.052604,206.313419,692.517804,24.639294,0.206022,14.9273,28.639164,2463.549937,fuel_mixture_drift,1,2,200,900,1.980055,-0.076832,0.106273,0.144944,39.930638,-0.000268,0.007486,4.464354,0.58,197.295
542,cruise,4147.961006,55.790588,53.772722,95.89235,205.832513,690.758826,24.632039,0.206639,14.627808,28.621859,2426.628573,fuel_mixture_drift,1,2,200,900,-2.076556,-0.049557,-0.079103,-0.009688,35.775618,-0.117064,0.004436,4.474862,0.58,197.29
543,cruise,4138.889214,55.912345,54.986364,95.340167,206.764225,683.163009,25.208998,0.197677,14.791501,28.457987,2415.266056,fuel_mixture_drift,1,2,200,900,1.761938,-0.19909,1.369434,-1.048531,37.750632,0.356163,-0.008436,4.410923,0.58,197.285
544,cruise,4112.417736,56.111923,53.70552,96.18231,205.254084,691.19508,24.909665,0.203978,15.073291,28.958228,2617.17126,fuel_mixture_drift,1,2,200,900,-1.170506,-0.125779,-0.046447,-0.876846,41.357573,0.268554,0.000554,4.520665,0.58,197.28
545,cruise,4156.982695,54.773364,54.776191,95.702446,206.052645,692.385823,24.797742,0.19998,14.5452,27.381869,2445.15109,fuel_mixture_drift,1,2,200,900,6.116365,0.289759,-0.230071,0.88007,38.771524,0.242202,-0.000992,4.564615,0.58,197.275
546,cruise,4126.920847,55.007576,52.709173,95.671947,205.114623,695.530675,25.219143,0.19315,14.6615,28.17655,2607.343236,fuel_mixture_drift,1,2,200,900,-1.667149,0.337284,-0.252371,-2.032536,37.550565,-0.108717,0.005493,4.543801,0.58,197.27
547,cruise,4149.875642,56.644794,54.384995,95.966753,206.782049,690.837481,24.683078,0.210059,14.470568,27.059339,2478.565958,fuel_mixture_drift,1,2,200,900,-0.512025,0.144668,0.339277,-0.595547,37.82611,0.200406,0.000124,4.529718,0.58,197.265
548,cruise,4147.771314,55.371038,54.633946,95.439262,204.313465,690.11087,24.879368,0.206743,14.754985,28.835146,2478.986206,fuel_mixture_drift,1,2,200,900,1.579103,-0.238382,-0.264706,-0.193399,35.434601,0.063972,0.00794,4.568037,0.58,197.26
549,cruise,4139.656284,53.907223,53.969773,95.31619,205.227689,690.436912,24.836706,0.20482,14.929107,27.962916,2436.375045,fuel_mixture_drift,1,2,200,900,-0.796333,-0.260895,-0.066154,-0.272951,39.471733,-0.380199,-0.004586,4.565563,0.58,197.255
550,cruise,4137.535401,54.560962,53.865395,95.908956,203.932345,694.219006,24.937656,0.194052,14.579357,27.700842,2563.015141,fuel_mixture_drift,1,2,200,900,-0.409228,-0.278136,-0.602387,0.150749,39.818706,0.118138,0.00613,4.496825,0.58,197.25
551,cruise,4151.157832,58.198799,54.386584,96.383357,205.628877,691.568699,24.660737,0.204652,14.582812,27.904371,2645.287152,fuel_mixture_drift,1,2,200,900,2.451035,0.104927,0.543598,0.500648,37.953764,-0.296399,-0.000179,4.45104,0.58,197.245
552,cruise,4132.234969,57.231322,54.460232,95.641803,204.060391,692.652143,25.098807,0.199719,14.557456,27.666018,2535.219632,fuel_mixture_drift,1,2,200,900,-3.755456,0.031562,-0.144884,1.450932,35.816906,-0.078806,0.003141,4.609577,0.58,197.24
553,cruise,4121.550644,55.856688,53.617281,96.596403,202.653258,688.875165,24.81666,0.20199,14.731342,27.57863,2439.578628,fuel_mixture_drift,1,2,200,900,0.716956,0.333151,-0.019277,0.263903,39.640285,-0.126576,-0.004656,4.366804,0.58,197.235
554,cruise,4145.377768,54.89367,53.536453,95.580542,207.075,690.562809,24.800562,0.202217,14.643074,28.084003,2663.631038,fuel_mixture_drift,1,2,200,900,4.722286,-0.39789,0.457693,-0.075774,38.018213,0.025975,-0.00108,4.463657,0.58,197.23
555,cruise,4104.919012,55.889783,53.855332,96.492089,206.564691,689.541175,25.176359,0.205165,14.801752,27.60654,2258.159426,fuel_mixture_drift,1,2,200,900,-1.497923,-0.612684,0.006291,0.447867,36.086858,-0.034858,0.008495,4.608058,0.58,197.225
556,cruise,4175.117002,58.387926,54.812734,95.864639,205.677158,688.020848,24.758076,0.208848,14.636625,27.60819,2506.560638,fuel_mixture_drift,1,2,200,900,2.324813,-0.274634,0.750075,0.344301,38.299607,0.07196,0.002919,4.504675,0.58,197.22
557,cruise,4132.389448,56.937558,54.558871,96.035582,205.284949,690.627798,24.798706,0.206853,14.763116,29.700263,2543.827713,fuel_mixture_drift,1,2,200,900,3.90422,0.572638,0.288962,-1.863316,37.146435,0.053031,-0.004076,4.486715,0.58,197.215
558,cruise,4108.243781,55.941432,53.851635,95.605266,206.358672,692.630633,24.990796,0.206934,14.602115,26.185603,2443.732234,fuel_mixture_drift,1,2,200,900,3.232949,-0.505199,0.250223,-0.557461,37.106777,0.009106,-0.002735,4.433167,0.58,197.21
559,cruise,4132.060965,57.900159,53.308407,96.078251,206.982628,695.950676,24.929407,0.198867,14.520223,28.311235,2534.18673,fuel_mixture_drift,1,2,200,900,2.292975,0.098707,-0.468139,0.945816,34.705116,0.175762,-0.001342,4.53288,0.58,197.205
560,cruise,4147.299075,56.522239,54.677663,95.613638,205.244044,687.762862,25.233305,0.208763,14.61725,27.215912,2411.786763,fuel_mixture_drift,1,2,200,900,0.324798,0.50131,-0.924609,0.436192,38.294796,-0.055577,-0.007944,4.664018,0.58,197.2
561,cruise,4122.836119,56.204788,54.370608,95.930315,207.525937,692.198778,24.960746,0.208189,14.826007,27.775787,2490.106523,fuel_mixture_drift,1,2,200,900,-0.62294,-0.543813,0.553342,1.606484,33.227236,-0.037438,0.001301,4.608008,0.58,197.195
562,cruise,4154.708769,55.46838,54.357929,96.363596,204.011755,700.31526,25.049751,0.199903,14.905938,29.36483,2310.196707,fuel_mixture_drift,1,2,200,900,-4.280861,-0.131359,-0.664153,-0.864036,36.8792,-0.094005,-0.005999,4.55797,0.58,197.19
563,cruise,4140.087287,55.964303,54.597058,96.693441,206.233897,687.589529,24.848782,0.196995,14.917415,29.328306,2329.869755,fuel_mixture_drift,1,2,200,900,-1.059175,0.162008,0.185216,0.245428,38.088776,-0.105744,-0.003554,4.611055,0.58,197.185
564,cruise,4144.785172,56.052395,54.692304,96.420064,206.810243,692.282335,24.910917,0.201327,14.638003,28.842246,2338.563506,fuel_mixture_drift,1,2,200,900,5.460187,-0.166099,-0.209096,0.620213,36.383226,0.018646,-0.007554,4.430414,0.58,197.18
565,cruise,4150.465331,56.073436,53.772842,94.928306,204.62267,693.064036,25.040129,0.206457,14.373917,28.370747,2379.287484,fuel_mixture_drift,1,2,200,900,2.054763,0.389734,-0.53485,-1.022719,40.686844,-0.043579,-0.004994,4.53347,0.58,197.175
566,cruise,4139.733742,55.205999,54.579467,96.50362,205.852222,686.488086,24.900192,0.205758,14.667086,27.246193,2464.700259,fuel_mixture_drift,1,2,200,900,2.375647,-0.055866,-0.453521,1.04725,37.57477,-0.215687,-0.000512,4.671064,0.58,197.17
567,cruise,4121.681907,54.237878,54.43545,95.247226,205.739837,690.247009,25.339929,0.205254,14.853108,29.537236,2437.617311,fuel_mixture_drift,1,2,200,900,4.608499,-0.025319,-0.298568,-0.754901,37.99425,0.039752,-0.006198,4.351704,0.58,197.165
568,cruise,4144.620265,56.358094,54.765116,95.956542,206.382207,688.939078,25.224372,0.194599,14.308505,28.299348,2527.896444,fuel_mixture_drift,1,2,200,900,1.159485,-0.285731,-0.601659,0.135353,38.394999,0.128532,-0.004971,4.446952,0.58,197.16
569,cruise,4134.207786,55.514522,53.92586,96.150702,206.099294,692.688824,25.125386,0.200564,14.901157,26.354295,2580.696785,fuel_mixture_drift,1,2,200,900,2.174598,0.059424,-0.462399,0.884731,36.291779,0.278184,-0.000603,4.487877,0.58,197.155
570,cruise,4141.311107,55.100674,53.794309,96.283551,204.452632,697.308883,24.711403,0.204212,14.440028,27.956094,2403.798677,fuel_mixture_drift,1,2,200,900,0.272681,-0.216707,-0.247073,0.326171,39.866054,0.093944,-0.006941,4.520199,0.58,197.15
571,cruise,4135.697581,56.440576,53.908748,95.746478,204.956679,691.184819,24.594745,0.196957,14.694142,26.978169,2570.187992,fuel_mixture_drift,1,2,200,900,-0.430078,0.347425,-0.77987,-0.729481,35.017829,0.272164,0.004584,4.547346,0.58,197.145
572,cruise,4128.752836,53.632438,53.100108,95.330191,205.564969,689.923372,24.993245,0.202224,14.589633,27.661113,2477.195325,fuel_mixture_drift,1,2,200,900,-1.30744,0.144235,-0.508526,-1.187338,39.359742,0.125836,0.0072,4.531424,0.58,197.14
573,cruise,4138.748181,55.536444,53.833168,96.926835,205.660107,694.693063,24.842857,0.190893,14.614006,28.401058,2497.904588,fuel_mixture_drift,1,2,200,900,4.366231,0.553968,0.242812,-1.121336,39.468039,0.136012,0.00551,4.610558,0.58,197.135
574,cruise,4164.680221,57.821808,54.122659,95.597897,206.83906,694.038109,24.626378,0.200808,14.764653,26.697672,2512.153206,fuel_mixture_drift,1,2,200,900,-2.0235,-0.365598,0.133742,0.617903,38.253228,0.102706,0.005435,4.489792,0.58,197.13
575,cruise,4117.321675,56.649945,54.555188,96.166158,206.124716,693.030357,25.094076,0.193129,14.772457,27.53383,2496.519065,fuel_mixture_drift,1,2,200,900,1.067196,0.222108,-0.346619,0.253649,37.921576,-0.279736,0.004223,4.59548,0.58,197.125
576,cruise,4128.669351,55.458181,53.939952,96.401234,205.447625,694.565487,25.051648,0.195737,14.63781,28.214596,2502.966548,fuel_mixture_drift,1,2,200,900,-1.79267,-0.545671,0.04947,-0.126409,38.038445,0.222745,0.006644,4.564172,0.58,197.12
577,cruise,4129.615534,56.564498,54.335327,95.032948,205.457922,689.525264,25.175296,0.202699,14.377385,28.187205,2492.719593,fuel_mixture_drift,1,2,200,900,-1.07627,-0.061709,-0.256855,1.561304,39.635435,-0.110196,0.001307,4.540122,0.58,197.115
578,cruise,4141.049419,54.785619,53.88565,96.18948,205.252167,692.49409,25.10659,0.201528,14.788981,29.568514,2501.421645,fuel_mixture_drift,1,2,200,900,5.315481,-0.147596,0.238069,-0.642826,39.622927,-0.06445,0.002532,4.578055,0.58,197.11
579,cruise,4151.562053,58.581738,54.377962,95.928649,205.676801,693.869467,25.055725,0.203311,14.645696,27.474399,2688.895576,fuel_mixture_drift,1,2,200,900,1.232939,0.596653,-0.27742,0.844931,37.972585,-0.051386,-0.000877,4.546759,0.58,197.105
580,cruise,4173.999306,55.942422,54.822882,95.595852,207.667013,690.664849,24.725864,0.193465,14.536613,28.592595,2528.325805,fuel_mixture_drift,1,2,200,900,-1.364238,0.235769,-0.214829,1.270886,34.836032,-0.160151,-0.001294,4.498762,0.58,197.1
581,cruise,4142.583972,57.207412,54.411562,95.28144,203.808004,690.432228,25.016865,0.200713,14.449647,27.272491,2505.269454,fuel_mixture_drift,1,2,200,900,-0.476871,-0.544853,0.275687,0.589709,38.635114,-0.071875,-0.002729,4.542563,0.58,197.095
582,cruise,4157.735591,55.843461,53.125537,94.990616,206.099581,690.854073,25.134828,0.203237,14.708095,27.337818,2610.804555,fuel_mixture_drift,1,2,200,900,3.477656,0.148183,0.092958,1.019501,38.824078,0.012885,0.004141,4.290077,0.58,197.09
583,cruise,4150.560411,58.225259,54.235525,95.400962,204.551485,689.48132,24.939149,0.202236,14.712722,28.027432,2584.800807,fuel_mixture_drift,1,2,200,900,-1.360155,-0.334593,0.33836,-0.40519,38.743347,-0.226495,-0.003992,4.518664,0.58,197.085
584,cruise,4158.125469,57.125656,53.837298,95.649572,207.052172,688.594488,24.809297,0.217485,14.948692,27.358114,2455.644193,fuel_mixture_drift,1,2,200,900,-0.333928,-0.436673,1.015429,-0.788342,35.954578,0.063625,-0.005213,4.515807,0.58,197.08
585,cruise,4107.227174,56.996248,53.900218,95.937487,204.585415,689.60546,24.898461,0.200762,14.900332,28.181958,2418.898627,fuel_mixture_drift,1,2,200,900,4.659989,-0.358841,-0.564735,-0.172781,37.140313,-0.059699,0.000985,4.549786,0.58,197.075
586,cruise,4141.874902,54.998209,53.938222,96.009694,205.033583,688.099872,24.869831,0.196534,14.43957,30.485615,2580.02538,fuel_mixture_drift,1,2,200,900,4.347033,-0.648452,0.258023,0.048533,38.325041,0.14675,0.008598,4.671674,0.58,197.07
587,cruise,4136.818445,55.046268,55.525847,96.255302,204.018963,688.31537,25.002263,0.209837,14.690303,28.126755,2689.0166,fuel_mixture_drift,1,2,200,900,-1.242109,0.733581,0.001626,0.667974,38.709059,-0.250995,0.006094,4.453349,0.58,197.065
588,cruise,4139.966364,52.988109,54.153252,95.357073,206.357135,693.484581,24.991131,0.206361,14.569515,27.722733,2583.915246,fuel_mixture_drift,1,2,200,900,2.111453,0.255329,0.190077,0.151294,37.997639,0.274281,-0.011305,4.458572,0.58,197.06
589,cruise,4152.549273,53.99677,53.609389,95.960347,205.524068,694.431098,24.609818,0.189991,14.542418,26.525606,2581.317936,fuel_mixture_drift,1,2,200,900,-1.997251,0.437938,0.137965,-0.489213,38.368075,-0.011843,0.009674,4.450588,0.58,197.055
590,cruise,4152.969809,54.352391,53.818526,95.441207,205.975121,687.721753,25.031519,0.195961,14.660206,27.153814,2496.416524,fuel_mixture_drift,1,2,200,900,2.547072,-0.571203,0.243126,-0.636256,39.355934,0.202223,-0.000803,4.422517,0.58,197.05
591,cruise,4154.251165,54.628865,53.623232,95.698491,207.450466,691.25619,24.930046,0.204445,14.639397,28.421814,2288.058765,fuel_mixture_drift,1,2,200,900,0.575378,0.042039,0.9114,0.33207,38.363016,-0.033427,-0.002671,4.489005,0.58,197.045
592,cruise,4119.955627,55.618102,53.684248,96.356724,208.178469,690.662019,24.952374,0.210649,14.662523,28.070806,2378.615618,fuel_mixture_drift,1,2,200,900,-3.922199,-0.337515,-0.179243,-0.188881,37.043155,0.090653,0.005002,4.597264,0.58,197.04
593,cruise,4131.56731,56.185843,53.3627,95.220203,207.159889,693.870816,24.923023,0.194576,14.825489,27.66882,2455.085059,fuel_mixture_drift,1,2,200,900,-2.115953,-0.307299,0.239551,-0.492441,37.731549,0.111065,-0.001461,4.429016,0.58,197.035
594,cruise,4163.453571,54.633764,53.849248,95.576944,207.640195,690.722506,25.151721,0.203306,14.452982,29.482779,2394.131581,fuel_mixture_drift,1,2,200,900,0.91968,-0.204042,0.082143,0.497616,37.106319,-0.175009,-0.004073,4.491669,0.58,197.03
595,cruise,4150.517962,56.751537,54.322116,95.400998,204.279586,695.277696,24.789963,0.211793,14.711587,28.164068,2623.165666,fuel_mixture_drift,1,2,200,900,6.527521,0.581029,-0.027964,-0.648419,37.645328,-0.305779,0.003392,4.606665,0.58,197.025
596,cruise,4139.716047,55.346401,54.806719,96.092876,207.289361,694.467188,24.801742,0.2069,14.811238,26.609785,2435.736269,fuel_mixture_drift,1,2,200,900,-1.532474,0.68742,0.103186,1.169883,41.381427,-0.014338,-0.005321,4.519784,0.58,197.02
597,cruise,4126.450988,53.120904,54.554308,95.768729,205.370899,692.080042,25.101986,0.203059,14.687135,29.76504,2630.366649,fuel_mixture_drift,1,2,200,900,4.413689,-0.443463,0.166866,0.23992,39.928283,0.32718,0.001355,4.471443,0.58,197.015
598,cruise,4145.203127,55.896274,54.020139,96.706432,206.800287,689.961083,24.671602,0.199835,14.694854,27.567458,2362.953038,fuel_mixture_drift,1,2,200,900,1.001017,-0.260482,-0.44247,-0.909025,39.683936,-0.260579,-0.004171,4.483655,0.58,197.01
599,cruise,4158.286383,54.975037,54.070398,95.233657,206.273252,698.062327,24.797403,0.201805,14.475443,28.287445,2504.587545,fuel_mixture_drift,1,2,200,900,1.765403,0.372877,-0.049872,0.28424,37.906106,-0.061421,-0.002633,4.358467,0.58,197.005
600,cruise,4146.376692,57.16246,54.055662,96.337461,205.822603,693.861174,24.97685,0.200709,14.791467,27.681778,2526.267707,fuel_mixture_drift,1,2,200,900,3.08972,0.456276,0.318057,0.456888,41.396225,0.077314,-0.00084,4.418254,0.58,197.0
601,cruise,4166.351282,54.497545,53.624747,95.020382,204.854134,691.913464,24.85708,0.196865,14.528286,28.612291,2552.783369,fuel_mixture_drift,1,2,200,900,-5.622321,0.326485,-0.041556,0.735762,36.948208,-0.204885,-0.003111,4.528157,0.58,196.995
602,cruise,4151.345718,53.736153,53.946423,95.446553,205.060192,689.982594,25.009911,0.195794,14.59779,28.941879,2433.848502,fuel_mixture_drift,1,2,200,900,5.030731,0.673861,-0.673558,0.753119,36.971501,0.10146,-0.000816,4.512597,0.58,196.99
603,cruise,4131.399758,56.104403,54.316372,96.32537,204.387719,686.939996,24.975577,0.19928,14.726471,28.138858,2589.13015,fuel_mixture_drift,1,2,200,900,0.80096,0.545879,0.547111,-0.289464,35.345464,-0.088104,0.006373,4.480604,0.58,196.985
604,cruise,4119.287511,56.82406,53.835486,95.689878,206.93222,691.348484,24.943465,0.206033,14.540931,28.598097,2459.306905,fuel_mixture_drift,1,2,200,900,-0.563027,-0.217831,-0.599001,0.150803,35.746005,0.056436,-0.003637,4.579292,0.58,196.98
605,cruise,4113.131792,56.564473,54.02479,96.302745,205.894315,694.969081,25.053107,0.210475,14.697255,28.313433,2482.850399,fuel_mixture_drift,1,2,200,900,0.934296,-0.311661,-0.262507,-1.682761,38.301429,-0.062066,0.003856,4.526877,0.58,196.975
606,cruise,4149.18221,55.827733,53.182013,95.848457,203.96767,689.266346,24.970966,0.196293,14.638526,29.798105,2386.212506,fuel_mixture_drift,1,2,200,900,-1.694746,-1.09355,0.339823,0.962581,36.75418,0.048262,0.008258,4.407864,0.58,196.97
607,cruise,4167.427217,56.231845,53.874581,95.396439,204.903489,694.481279,24.842565,0.211097,14.78056,27.882957,2436.751894,fuel_mixture_drift,1,2,200,900,1.224457,-0.205253,-0.724125,-0.681212,38.245196,0.247856,-0.001198,4.569205,0.58,196.965
608,cruise,4172.440272,55.791088,53.751832,96.593167,206.738739,692.232892,25.099424,0.215975,14.931235,30.083429,2514.335069,fuel_mixture_drift,1,2,200,900,1.863885,-0.596255,-0.611276,-1.820535,36.874317,0.012953,-0.002615,4.493334,0.58,196.96
609,cruise,4160.236193,56.49556,53.386371,97.012757,206.013365,690.451486,24.90515,0.208684,14.758091,27.99467,2512.463633,fuel_mixture_drift,1,2,200,900,0.573893,0.957231,-0.389607,-0.055311,35.748261,0.011314,-0.013698,4.433297,0.58,196.955
610,cruise,4139.927609,56.845433,54.460396,95.729773,206.75184,694.923959,24.596619,0.196667,14.854526,28.930775,2509.942024,fuel_mixture_drift,1,2,200,900,-5.248663,-0.306336,0.082207,-0.897785,37.150511,-0.263953,-0.004909,4.37925,0.58,196.95
611,cruise,4146.46775,55.126068,53.913089,96.289492,203.99715,692.072604,24.928349,0.198712,14.479074,27.933973,2369.729972,fuel_mixture_drift,1,2,200,900,-1.238807,-0.099943,0.570082,-0.273821,38.232932,0.007123,-0.007738,4.322646,0.58,196.945
612,cruise,4158.657373,59.526679,54.579799,95.142387,206.358713,689.619371,25.052124,0.203941,14.600703,27.920681,2475.946312,fuel_mixture_drift,1,2,200,900,1.492565,-0.152926,-1.097198,-1.003038,39.508048,-0.409001,-0.000889,4.478496,0.58,196.94
613,cruise,4121.933471,56.256639,54.506966,96.138014,206.593817,689.338679,24.983099,0.205482,14.74685,28.923124,2439.63012,fuel_mixture_drift,1,2,200,900,-4.714272,-0.265762,-0.321549,0.429937,36.380124,-0.034091,0.002637,4.476669,0.58,196.935
614,cruise,4155.955996,57.27977,53.767676,95.884755,207.797785,688.946843,24.58082,0.199885,14.514145,27.448599,2754.44905,fuel_mixture_drift,1,2,200,900,0.872087,0.149031,-0.419856,-1.058686,37.438073,-0.030405,0.002195,4.442594,0.58,196.93
615,cruise,4115.191981,55.889127,54.159283,95.878059,205.118924,689.168466,25.104201,0.211729,14.516957,29.622663,2279.610158,fuel_mixture_drift,1,2,200,900,2.236826,-0.361225,-0.445333,0.771161,38.567573,-0.054445,-0.00686,4.612722,0.58,196.925
616,cruise,4171.474258,57.913233,53.949566,95.556383,205.798236,693.385892,24.592223,0.209324,14.71535,28.259887,2418.849534,fuel_mixture_drift,1,2,200,900,-2.190462,0.280036,-0.256679,0.560577,38.427484,0.085842,0.000171,4.672468,0.58,196.92
617,cruise,4147.552345,56.392858,53.787323,96.289572,205.463337,689.586474,24.968203,0.206621,14.649042,27.906682,2562.95733,fuel_mixture_drift,1,2,200,900,2.626673,0.41178,-0.165058,1.162229,40.496997,-0.262496,-0.004534,4.49837,0.58,196.915
618,cruise,4143.167246,55.683694,53.882427,96.612719,206.447724,691.083999,24.653714,0.210538,14.570001,28.087654,2542.759956,fuel_mixture_drift,1,2,200,900,-3.284361,0.069167,0.146121,0.481443,33.991862,-0.070333,-0.002933,4.441151,0.58,196.91
619,cruise,4132.938789,55.504493,53.645074,96.537445,206.92725,688.868255,24.969287,0.202014,14.784227,28.332062,2431.873687,fuel_mixture_drift,1,2,200,900,6.246983,0.834238,0.388023,0.40217,37.626854,0.045647,-0.008502,4.536251,0.58,196.905
620,cruise,4122.741138,55.946313,54.200229,97.27264,205.080899,695.623189,25.266277,0.209671,14.539466,27.668695,2346.678251,fuel_mixture_drift,1,2,200,900,0.169292,-0.387854,-0.809722,-1.452034,37.344943,-0.077834,0.005358,4.474775,0.58,196.9
621,cruise,4140.373012,56.475093,53.153564,95.888223,205.772529,690.185304,24.953794,0.2058,14.493165,28.924882,2585.299848,fuel_mixture_drift,1,2,200,900,-4.210112,-0.265027,-0.520405,0.73058,36.048505,0.130256,-0.008433,4.422455,0.58,196.895
622,cruise,4101.893178,53.7795,54.811842,95.402663,205.867566,691.098685,25.01879,0.208508,14.40876,29.186559,2493.115424,fuel_mixture_drift,1,2,200,900,-6.151497,-0.758264,0.873463,0.936805,38.589016,0.212551,-0.000486,4.685402,0.58,196.89
623,cruise,4177.291054,56.653654,53.904215,95.793548,205.841376,688.284223,24.826045,0.216088,14.776994,28.438733,2392.229542,fuel_mixture_drift,1,2,200,900,1.370607,0.098492,-0.245624,1.291667,38.563144,0.111963,0.004548,4.61496,0.58,196.885
624,cruise,4139.624767,55.948526,53.307652,95.973445,205.688974,694.261961,24.890248,0.193003,14.524811,28.142132,2591.947132,fuel_mixture_drift,1,2,200,900,2.47167,0.452418,0.044135,-0.328657,36.150098,0.044892,-0.014855,4.545605,0.58,196.88
625,cruise,4133.918437,56.951746,54.734159,94.913172,206.866518,687.551101,24.801618,0.203675,14.762377,27.62415,2515.181864,fuel_mixture_drift,1,2,200,900,2.433757,-0.035568,1.719321,1.068667,38.726246,-0.18118,-0.006539,4.443872,0.58,196.875
626,cruise,4140.990569,56.859594,52.886939,95.778248,204.892805,694.701162,24.975975,0.19864,14.664186,29.152022,2287.68573,fuel_mixture_drift,1,2,200,900,0.329509,0.020044,0.903036,1.438567,38.256437,0.074053,0.003231,4.496368,0.58,196.87
627,cruise,4140.697643,55.738077,54.234049,95.980152,206.360699,694.923732,24.719166,0.200231,14.681013,27.487511,2513.38709,fuel_mixture_drift,1,2,200,900,0.287425,-0.156242,0.282137,0.134836,37.664671,0.0034,-0.007445,4.497322,0.58,196.865
628,cruise,4117.889493,57.192548,54.319332,95.859903,205.432845,692.800301,24.890694,0.200476,14.779225,28.240382,2482.238419,fuel_mixture_drift,1,2,200,900,4.350039,-0.089126,-0.112614,0.71346,36.586083,-0.046349,0.003292,4.441032,0.58,196.86
629,cruise,4119.971586,57.060735,53.912895,96.74199,206.512767,693.954946,25.177692,0.209163,14.76265,28.953711,2554.089587,fuel_mixture_drift,1,2,200,900,0.609562,-0.229507,-0.129768,-1.202604,39.702992,0.103308,0.002631,4.503397,0.58,196.855
630,cruise,4148.713481,55.245709,54.419628,95.200796,207.354446,692.647415,25.184645,0.202012,14.653924,29.937219,2528.903468,fuel_mixture_drift,1,2,200,900,-3.85406,0.438764,-0.276376,1.566141,39.031875,-0.051952,0.006713,4.464343,0.58,196.85
631,cruise,4121.036321,57.145277,54.182877,95.994113,206.311194,692.77027,24.808606,0.198288,14.811938,28.316063,2426.533191,fuel_mixture_drift,1,2,200,900,-0.474836,-0.098856,0.951128,0.802785,38.56145,0.087909,-0.001489,4.385907,0.58,196.845
632,cruise,4136.033249,56.683139,54.21535,95.417507,203.992379,696.738602,25.013292,0.203398,14.82328,26.589687,2589.00462,fuel_mixture_drift,1,2,200,900,3.316566,0.179507,-0.117291,1.030213,36.867059,0.167918,-0.000108,4.371373,0.58,196.84
633,cruise,4144.02628,55.632697,54.3701,96.023752,205.587802,690.016755,25.259583,0.208134,14.690258,27.351288,2584.219525,fuel_mixture_drift,1,2,200,900,0.140176,-0.591241,0.128303,0.26609,38.45239,0.066133,-0.00084,4.621034,0.58,196.835
634,cruise,4169.087515,55.368981,53.873139,95.927601,206.664171,692.391638,25.166018,0.205841,14.662496,28.990333,2594.345274,fuel_mixture_drift,1,2,200,900,1.320867,-0.149931,-0.443377,0.033727,38.680701,0.109348,-0.002634,4.534161,0.58,196.83
635,cruise,4155.769815,57.281802,53.914413,95.967186,207.103475,694.241924,24.643113,0.204578,14.71076,29.00033,2530.016895,fuel_mixture_drift,1,2,200,900,-2.820708,0.080005,0.600286,-1.973004,37.580897,0.17939,-0.002039,4.459114,0.58,196.825
636,cruise,4143.088391,54.359026,54.198771,95.583329,205.896617,692.830146,24.531865,0.200246,14.719124,26.925455,2399.193634,fuel_mixture_drift,1,2,200,900,6.216009,-0.370455,-0.318138,-1.80336,41.091252,0.085682,-0.0017,4.388349,0.58,196.82
637,cruise,4134.110499,54.921943,54.792271,95.408496,204.755266,696.287246,24.808796,0.199352,14.823703,28.211858,2445.543515,fuel_mixture_drift,1,2,200,900,1.593934,0.171447,0.327611,0.544628,37.933542,-0.346135,0.004084,4.486288,0.58,196.815
638,cruise,4138.072846,57.136262,54.107354,96.297556,205.570879,687.930812,24.827613,0.202343,14.412528,27.969632,2643.514994,fuel_mixture_drift,1,2,200,900,3.021699,-0.165734,-0.484782,-0.891885,37.551433,-0.182876,-0.001137,4.470526,0.58,196.81
639,cruise,4140.287984,56.295893,54.847202,96.436262,204.792262,683.424523,25.02219,0.206072,14.585797,28.730141,2616.13942,fuel_mixture_drift,1,2,200,900,2.240634,-0.27805,0.464006,-0.195419,37.0961,-0.003378,0.000909,4.487964,0.58,196.805
640,cruise,4151.225047,55.961056,54.888577,96.343767,206.344964,692.654055,24.821492,0.200638,14.736392,26.820014,2432.480874,fuel_mixture_drift,1,2,200,900,-3.150495,0.081954,-0.286795,0.857056,37.867496,-0.11836,-0.004545,4.573158,0.58,196.8
641,cruise,4138.621992,53.918686,53.633146,95.52005,207.292011,688.645855,25.093854,0.196313,14.733629,28.45582,2512.563257,fuel_mixture_drift,1,2,200,900,1.492884,0.293287,-0.072698,0.211031,36.592693,0.068222,0.006118,4.548938,0.58,196.795
642,cruise,4126.957843,57.100271,54.21214,96.130615,206.742871,691.809609,24.707058,0.206508,14.759276,27.821831,2381.020355,fuel_mixture_drift,1,2,200,900,-4.230265,-0.471075,-0.989741,0.16249,39.097409,-0.039734,-0.007668,4.512694,0.58,196.79
643,cruise,4139.558371,55.088051,54.50613,95.817008,205.866768,685.65543,24.926854,0.209898,14.512675,27.575354,2535.172619,fuel_mixture_drift,1,2,200,900,0.583748,0.426216,-0.077332,0.978491,37.014752,-0.284255,0.001829,4.528257,0.58,196.785
644,cruise,4130.398189,56.337669,53.780281,95.950235,205.137883,690.78572,25.001416,0.20602,14.724603,27.167292,2543.11164,fuel_mixture_drift,1,2,200,900,-5.720011,0.483758,0.201278,0.958628,39.89762,0.133329,0.005595,4.482466,0.58,196.78
645,cruise,4145.89473,55.559338,53.794616,96.335176,204.575414,689.095067,24.99006,0.205711,14.701087,29.567819,2511.618007,fuel_mixture_drift,1,2,200,900,5.111489,0.098784,0.478894,1.248476,40.802386,-0.325389,-0.004948,4.521382,0.58,196.775
646,cruise,4144.983812,56.94113,53.945993,96.787015,204.831359,690.33883,25.072706,0.201593,14.650386,30.210488,2411.840742,fuel_mixture_drift,1,2,200,900,2.764019,-0.436345,-0.542558,0.506107,38.159912,0.180092,0.000621,4.483537,0.58,196.77
647,cruise,4164.743513,54.563782,54.593801,96.204766,205.845703,695.834133,25.188619,0.205584,14.653136,26.409675,2471.186565,fuel_mixture_drift,1,2,200,900,-1.416301,-0.453546,-0.97917,-0.181844,41.062133,0.011839,-0.007215,4.545651,0.58,196.765
648,cruise,4157.694302,55.957187,54.513093,95.424491,208.299984,690.307099,24.926254,0.202877,14.398077,27.97711,2524.629117,fuel_mixture_drift,1,2,200,900,-1.470103,0.450704,0.440507,0.559363,35.183106,0.023666,-0.004398,4.565835,0.58,196.76
649,cruise,4168.202766,56.317211,55.122679,96.379066,205.747025,686.077956,25.061757,0.202207,14.77956,28.476713,2511.997265,fuel_mixture_drift,1,2,200,900,-2.686882,0.036844,-0.12532,1.666107,36.456356,-0.043111,0.006049,4.463559,0.58,196.755
650,cruise,4123.586778,53.777582,54.842556,96.101452,205.387109,692.716947,25.016187,0.207513,14.724922,26.985036,2609.505925,fuel_mixture_drift,1,2,200,900,-1.480628,0.121073,-0.467709,-0.221019,40.255179,-0.022304,0.004718,4.451783,0.58,196.75
651,cruise,4121.6042,55.248234,53.914133,95.552191,205.588272,693.253848,24.890263,0.208461,14.963178,28.866903,2565.534161,fuel_mixture_drift,1,2,200,900,4.799864,0.6267,0.808218,0.084853,38.409691,-0.132528,-0.004461,4.480245,0.58,196.745
652,cruise,4127.135155,56.227061,54.377367,95.774714,205.073779,690.076954,25.438881,0.198661,14.64548,25.447339,2458.911797,fuel_mixture_drift,1,2,200,900,0.123279,0.231503,-0.354544,0.56912,40.728324,0.233282,-0.002949,4.447003,0.58,196.74
653,cruise,4193.238404,55.946517,54.051665,95.627313,206.978309,693.003037,25.091558,0.197832,14.634489,28.855193,2410.533865,fuel_mixture_drift,1,2,200,900,1.092179,0.137353,0.179264,-0.978147,37.109034,-0.029196,-0.006523,4.473402,0.58,196.735
654,cruise,4154.422829,57.391209,54.416799,95.886502,204.763799,692.167971,24.717574,0.206773,14.459414,28.811679,2388.230442,fuel_mixture_drift,1,2,200,900,4.374626,-0.059037,0.070072,2.395181,36.870506,-0.076996,0.009051,4.516222,0.58,196.73
655,cruise,4154.02305,56.362196,54.548842,95.345328,205.422496,695.605708,25.0591,0.208589,14.721085,29.054596,2522.20424,fuel_mixture_drift,1,2,200,900,5.33727,0.468068,-0.479965,0.970406,36.957321,-0.043626,0.003659,4.501726,0.58,196.725
656,cruise,4131.099159,55.70925,53.666082,95.866619,204.932046,692.028408,24.595648,0.200909,14.829454,29.931085,2557.024086,fuel_mixture_drift,1,2,200,900,0.090993,-0.034963,0.126799,-0.749432,37.691735,0.177533,0.000723,4.250541,0.58,196.72
657,cruise,4145.428645,54.121826,53.724986,96.095135,204.443683,693.804317,25.299376,0.200839,14.86054,26.959048,2433.219417,fuel_mixture_drift,1,2,200,900,-3.551108,-0.654693,-0.350331,0.248679,40.451386,-0.056361,-0.004156,4.518801,0.58,196.715
658,cruise,4134.748778,54.870101,54.123304,95.342075,205.249771,686.890703,24.877746,0.199649,14.631609,28.102804,2467.127349,fuel_mixture_drift,1,2,200,900,5.750878,-0.228559,0.14329,-0.270636,38.261475,-0.145195,-0.007357,4.359508,0.58,196.71
659,cruise,4129.62618,57.804677,54.248017,95.80055,205.864997,683.269158,24.783019,0.198997,14.699731,25.691765,2429.542002,fuel_mixture_drift,1,2,200,900,2.223352,0.20593,0.807452,-0.063054,38.213102,0.031001,-0.004864,4.496648,0.58,196.705
660,cruise,4145.467933,55.980883,54.346367,96.775332,207.428604,696.704824,25.009465,0.199885,14.70552,27.578608,2465.397723,fuel_mixture_drift,1,2,200,900,3.535621,0.145519,-0.457339,0.182256,40.899581,-0.169407,-0.004028,4.446076,0.58,196.7
661,cruise,4144.141733,55.684753,54.307295,95.766754,205.683303,691.365529,25.02452,0.202014,14.764829,28.077487,2503.731512,fuel_mixture_drift,1,2,200,900,-2.857096,0.18939,0.772242,0.671044,36.124638,0.202152,0.004777,4.550322,0.58,196.695
662,cruise,4155.510951,54.636371,54.830768,95.665061,207.61747,693.164473,24.995651,0.197188,14.811211,27.550754,2431.424581,fuel_mixture_drift,1,2,200,900,0.463937,-0.082427,-0.186583,-1.282677,37.926353,-0.019701,0.00597,4.469859,0.58,196.69
663,cruise,4135.967268,55.574683,54.046289,95.74737,204.20508,688.103176,25.398123,0.199846,14.51151,27.086443,2506.076968,fuel_mixture_drift,1,2,200,900,-1.727896,0.390282,0.500131,-0.562068,37.487659,0.018079,0.007219,4.640726,0.58,196.685
664,cruise,4137.237688,54.573484,53.78571,96.095432,205.449189,689.269332,25.057697,0.216439,14.704206,28.320961,2485.561886,fuel_mixture_drift,1,2,200,900,-3.210971,0.507153,-0.515363,0.769071,37.356121,0.144965,0.000142,4.404583,0.58,196.68
665,cruise,4157.127562,57.289114,53.905911,95.649938,205.602081,687.534765,24.967103,0.201742,14.777059,28.775883,2829.102257,fuel_mixture_drift,1,2,200,900,-0.329139,0.276753,0.19721,2.000054,36.985074,0.121216,-0.010273,4.589964,0.58,196.675
666,cruise,4161.937617,55.312283,54.341695,95.749242,206.649102,686.867035,25.122002,0.200316,14.872088,29.130938,2475.957035,fuel_mixture_drift,1,2,200,900,2.63549,-0.114596,0.083046,-0.646667,36.72777,-0.013632,0.009829,4.630094,0.58,196.67
667,cruise,4132.839738,54.446079,53.833188,95.494599,206.444764,693.320892,25.185347,0.206687,14.892824,27.648709,2637.131309,fuel_mixture_drift,1,2,200,900,4.095044,0.296607,0.480673,-0.095171,38.057199,0.0416,0.006118,4.49721,0.58,196.665
668,cruise,4140.864763,55.297268,54.583583,95.555087,205.015873,692.049372,25.096851,0.205245,14.586805,27.636809,2621.044483,fuel_mixture_drift,1,2,200,900,0.187778,-0.025734,0.369027,0.189948,38.383161,0.005512,-0.003625,4.497147,0.58,196.66
669,cruise,4109.108637,55.956553,53.977388,95.703317,206.769573,691.726203,24.809234,0.20006,14.449351,27.854944,2536.603586,fuel_mixture_drift,1,2,200,900,2.586029,0.801592,0.70665,0.500974,37.30308,-0.087271,0.004679,4.765143,0.58,196.655
670,cruise,4157.176179,56.343588,54.488874,96.735765,205.561343,690.218735,24.789653,0.207183,14.565214,30.097472,2635.781261,fuel_mixture_drift,1,2,200,900,-0.429767,0.595483,0.750517,0.0456,37.843639,-0.075298,0.002597,4.414749,0.58,196.65
671,cruise,4193.629876,56.568253,55.198395,96.347813,206.361146,691.046348,24.914472,0.202094,14.599617,28.154817,2355.583076,fuel_mixture_drift,1,2,200,900,2.7926,0.119708,0.662779,0.24488,38.957327,-0.156728,-0.001703,4.482688,0.58,196.645
672,cruise,4107.426702,55.339404,53.66638,96.641702,204.713851,684.942009,25.250417,0.207881,14.599413,27.166188,2544.34334,fuel_mixture_drift,1,2,200,900,-2.414512,0.144581,0.181785,0.32173,35.890373,0.163939,-0.004226,4.259778,0.58,196.64
673,cruise,4144.65893,54.229721,54.250843,95.486903,205.200718,690.038678,24.988167,0.195492,14.822537,28.870584,2395.25775,fuel_mixture_drift,1,2,200,900,-4.73791,0.246921,1.011534,0.17422,37.416816,-0.233086,-0.004303,4.508236,0.58,196.635
674,cruise,4133.154997,56.903363,54.688955,96.270866,208.291616,686.427755,24.696366,0.205975,14.709031,28.248152,2570.247717,fuel_mixture_drift,1,2,200,900,7.916176,-0.095265,0.380593,-0.78114,36.325962,-0.152811,0.003418,4.468701,0.58,196.63
675,cruise,4117.393295,55.028024,54.093661,95.494301,206.449271,693.327493,24.917745,0.200713,14.679644,26.290268,2362.07983,fuel_mixture_drift,1,2,200,900,-1.852628,0.108703,1.05807,0.625401,38.545146,0.099306,0.003536,4.492488,0.58,196.625
676,cruise,4117.624976,55.956492,54.01397,96.778668,204.760427,691.576297,24.9453,0.207569,14.693012,28.584774,2488.481054,fuel_mixture_drift,1,2,200,900,-1.718316,-0.098393,1.071138,0.002027,35.786807,-0.028871,-0.003344,4.714452,0.58,196.62
677,cruise,4188.395417,55.722687,54.925135,95.775193,208.107777,686.162214,24.98113,0.206297,14.588713,27.82982,2485.563222,fuel_mixture_drift,1,2,200,900,-2.327748,-0.217314,0.332627,-0.719452,37.958664,-0.11647,-0.006085,4.262766,0.58,196.615
678,cruise,4164.259772,57.282685,54.018314,95.809148,207.318006,691.575643,25.19399,0.213552,14.88674,28.894671,2720.089486,fuel_mixture_drift,1,2,200,900,1.708324,0.474239,-0.568089,-0.286098,34.922532,-0.021552,-0.002001,4.435934,0.58,196.61
679,cruise,4110.757079,54.199332,54.050688,96.048781,205.266465,692.965922,25.337594,0.207946,14.745177,26.866086,2570.2973,fuel_mixture_drift,1,2,200,900,0.709414,-0.547719,-0.356952,-1.567674,39.162278,0.106495,0.004702,4.464704,0.58,196.605
680,cruise,4167.099654,54.166856,54.917408,97.15232,205.863725,695.884515,24.99052,0.198942,14.75123,27.625474,2529.987094,fuel_mixture_drift,1,2,200,900,-0.378564,-0.162601,0.177654,-1.474126,38.04891,0.006538,0.000417,4.601446,0.58,196.6
681,cruise,4151.448538,53.67167,54.56068,96.414764,206.817216,693.663694,24.901026,0.203789,14.762181,27.820451,2580.997686,fuel_mixture_drift,1,2,200,900,2.275921,0.376556,-0.075359,-0.325015,37.956306,-0.03701,-0.004305,4.453971,0.58,196.595
682,cruise,4159.040833,55.571605,53.44259,95.429059,206.624986,693.180781,25.018631,0.204157,14.99432,28.989869,2545.118831,fuel_mixture_drift,1,2,200,900,1.307738,-0.474875,0.459371,0.32049,39.022063,-0.283809,0.003312,4.41287,0.58,196.59
683,cruise,4129.761037,55.864425,53.688994,95.497822,206.338928,687.00739,24.910414,0.198548,14.503401,28.879543,2612.401764,fuel_mixture_drift,1,2,200,900,4.149505,0.932359,0.562051,0.435945,37.431878,0.106465,-0.004464,4.345296,0.58,196.585
684,cruise,4138.981953,56.676067,54.355989,95.872122,205.210991,685.632125,24.638556,0.199659,14.743058,28.012156,2429.983783,fuel_mixture_drift,1,2,200,900,3.901903,-0.518695,0.133881,-0.35096,37.710351,0.252375,-0.000964,4.34573,0.58,196.58
685,cruise,4144.969968,56.788698,54.563418,96.644353,205.28148,688.312035,25.063163,0.201005,14.47118,30.405989,2486.30754,fuel_mixture_drift,1,2,200,900,0.678225,0.000714,0.575718,-0.312413,37.941153,-0.039121,0.000995,4.528465,0.58,196.575
686,cruise,4137.100774,56.831335,54.140787,96.426196,203.768851,690.925727,25.058636,0.204363,14.364826,28.037327,2430.586382,fuel_mixture_drift,1,2,200,900,-5.179279,-0.020123,-0.669497,-0.672953,38.127648,0.086924,-0.002799,4.523682,0.58,196.57
687,cruise,4142.788742,57.529784,53.653604,95.454515,205.48046,692.000883,25.050509,0.209017,14.743127,28.840433,2497.376312,fuel_mixture_drift,1,2,200,900,-5.513893,0.117122,0.058652,-0.780005,37.938797,0.196144,0.001863,4.5124,0.58,196.565
688,cruise,4158.473744,56.583132,54.00994,96.153343,206.551841,692.075424,24.63908,0.206745,14.824836,27.155932,2489.690892,fuel_mixture_drift,1,2,200,900,0.915616,0.228056,0.294447,0.181588,39.635657,0.083955,0.000615,4.377739,0.58,196.56
689,cruise,4123.01852,55.601434,54.405232,96.517808,205.602692,693.561458,24.895009,0.203405,14.737919,27.124801,2516.499164,fuel_mixture_drift,1,2,200,900,3.435246,-0.154591,0.250698,-0.1966,39.063674,0.075475,-0.00545,4.474664,0.58,196.555
690,cruise,4137.275209,55.839045,54.164061,96.242075,206.140135,692.182788,25.040655,0.199487,14.661615,28.590135,2332.255783,fuel_mixture_drift,1,2,200,900,-0.419947,-0.289857,0.580985,1.130069,36.205025,0.038993,-0.001536,4.527425,0.58,196.55
691,cruise,4124.147175,55.647232,54.386893,96.039342,205.365372,688.169741,24.842707,0.198492,14.397299,29.341271,2552.864279,fuel_mixture_drift,1,2,200,900,2.370124,0.140572,-0.858515,-0.335133,37.342446,-0.177163,0.008432,4.43706,0.58,196.545
692,cruise,4144.38367,55.642522,53.692692,96.333925,205.282761,692.437744,24.992872,0.200117,14.484776,27.910665,2541.310473,fuel_mixture_drift,1,2,200,900,1.68732,0.251829,0.316838,0.247113,39.905366,-0.091996,-0.007079,4.472019,0.58,196.54
693,cruise,4141.966967,55.854602,54.362265,95.882582,206.259958,691.701858,24.722295,0.203471,14.665252,28.151816,2544.20914,fuel_mixture_drift,1,2,200,900,0.627654,-0.142399,0.322877,-0.588064,37.668518,-0.022815,0.001909,4.486024,0.58,196.535
694,cruise,4148.106503,58.845504,54.0743,97.490495,204.332232,692.368871,24.84745,0.203342,14.701505,27.424949,2628.025344,fuel_mixture_drift,1,2,200,900,1.117348,-0.338557,-0.079632,1.557673,39.394016,-0.000492,0.002679,4.538276,0.58,196.53
695,cruise,4156.228285,55.574965,53.49969,95.506863,204.973783,691.282822,25.053014,0.20977,14.678681,28.564968,2518.588222,fuel_mixture_drift,1,2,200,900,3.311661,0.463952,-0.886995,0.427672,37.980481,0.16284,-0.00055,4.522674,0.58,196.525
696,cruise,4168.588673,56.37895,53.971095,96.44075,203.023164,692.005658,24.571501,0.207185,14.760561,28.434333,2533.384724,fuel_mixture_drift,1,2,200,900,-0.92804,0.326115,-0.235064,-0.153679,35.201861,-0.037749,-0.005878,4.612702,0.58,196.52
697,cruise,4141.582402,55.74517,53.886616,96.744957,205.346582,692.26769,24.91356,0.207082,14.662817,26.064802,2400.655974,fuel_mixture_drift,1,2,200,900,2.795854,0.345145,-0.936955,0.362781,41.458045,-0.277622,-0.00149,4.472549,0.58,196.515
698,cruise,4138.13085,55.377973,53.118948,96.343098,205.955138,691.333601,24.999122,0.202376,14.8867,27.155838,2514.061007,fuel_mixture_drift,1,2,200,900,3.672331,0.308198,0.416141,0.08596,37.256729,-0.028545,-0.003818,4.37229,0.58,196.51
699,cruise,4114.248364,55.68583,53.622461,96.028764,204.290935,692.454571,24.975218,0.205444,14.597928,29.079052,2649.982447,fuel_mixture_drift,1,2,200,900,-1.343347,-0.071503,0.370385,-0.278254,39.898207,-0.111776,-0.005248,4.301564,0.58,196.505
700,cruise,4153.9072,56.990636,54.644347,96.685717,206.988261,692.211954,24.825628,0.195141,14.75678,28.895973,2434.580856,fuel_mixture_drift,1,2,200,900,0.675744,-0.259532,-0.440843,0.820452,38.322179,-0.225807,-0.003166,4.402065,0.58,196.5
701,cruise,4127.571388,57.034144,53.892179,96.561456,205.505809,694.198927,24.658487,0.205865,14.680391,28.609101,2480.320065,fuel_mixture_drift,1,2,200,900,-7.252375,-0.197489,-0.412832,-0.806012,39.897716,0.109015,-0.006394,4.429266,0.58,196.495
702,cruise,4122.251777,56.495015,54.010847,96.644073,205.241061,688.519523,25.121347,0.203363,14.603444,27.194009,2478.113025,fuel_mixture_drift,1,2,200,900,-3.181647,-0.450248,-0.139912,0.261515,39.384317,0.007144,-0.011058,4.462853,0.58,196.49
703,cruise,4170.244046,54.736702,53.819004,95.02185,205.675994,693.905591,25.177965,0.207398,15.008791,26.585866,2496.673912,fuel_mixture_drift,1,2,200,900,-0.875044,0.632783,-0.075365,-0.017472,39.07432,0.201163,0.007073,4.542579,0.58,196.485
704,cruise,4133.720392,59.260757,53.80189,96.607152,205.882109,688.15015,24.737291,0.202512,14.393873,28.263293,2563.351623,fuel_mixture_drift,1,2,200,900,0.173309,0.603714,-0.727474,0.540971,37.557679,0.21795,-0.001056,4.579966,0.58,196.48
705,cruise,4162.457121,54.998926,54.089514,95.759601,207.080276,686.378799,24.971014,0.195458,14.592342,28.078601,2564.038764,fuel_mixture_drift,1,2,200,900,-0.756737,0.218527,-0.577205,-0.99563,38.257605,-0.357084,-0.00527,4.50283,0.58,196.475
706,cruise,4138.971913,56.736117,55.397028,96.651922,206.766678,691.492884,25.145132,0.207309,14.564851,27.985589,2545.134453,fuel_mixture_drift,1,2,200,900,5.165144,0.764909,-0.396442,1.379578,39.9466,0.069613,0.000771,4.524019,0.58,196.47
707,cruise,4145.565,55.530745,54.520316,95.710953,206.256492,691.414406,25.256119,0.200963,14.721901,28.967456,2482.821926,fuel_mixture_drift,1,2,200,900,0.23912,-0.430135,0.374881,-0.055274,37.215045,0.116218,0.001726,4.532622,0.58,196.465
708,cruise,4151.216241,55.254589,53.752676,96.648307,204.952736,693.936938,25.303701,0.193985,14.896751,28.18552,2533.637611,fuel_mixture_drift,1,2,200,900,-1.957685,-0.016609,0.063798,-0.527217,39.494126,-0.021905,-0.004564,4.352686,0.58,196.46
709,cruise,4149.394325,56.204805,54.485563,95.558425,204.422421,690.802171,24.940225,0.19649,14.808304,27.861349,2592.701788,fuel_mixture_drift,1,2,200,900,-1.81844,-0.173682,-0.747474,-1.335088,39.932469,-0.126086,-0.003022,4.524059,0.58,196.455
710,cruise,4131.513868,57.312548,53.950449,95.945069,204.751586,690.927175,24.76733,0.201334,14.69008,26.982891,2518.821863,fuel_mixture_drift,1,2,200,900,-3.076926,0.22624,0.445655,1.307202,39.157745,0.210122,-0.006524,4.494694,0.58,196.45
711,cruise,4129.095012,56.789059,54.281723,96.19862,207.626181,692.386287,25.036093,0.214494,14.547865,29.920159,2562.990024,fuel_mixture_drift,1,2,200,900,-4.263288,-0.425925,0.205166,1.534347,40.776605,-0.048872,-0.002924,4.38006,0.58,196.445
712,cruise,4122.979325,57.193055,53.927824,95.524981,205.082244,693.295835,25.046115,0.198383,14.540018,28.726997,2459.770466,fuel_mixture_drift,1,2,200,900,-1.454088,0.059422,0.651088,0.125335,36.798729,0.101018,-0.005731,4.53952,0.58,196.44
713,cruise,4153.287374,55.169136,52.777623,96.826806,206.036567,688.089969,25.269373,0.199922,14.775324,28.726458,2419.406348,fuel_mixture_drift,1,2,200,900,-2.288161,0.197934,-0.372452,0.393611,35.840159,0.006849,0.003472,4.501351,0.58,196.435
714,cruise,4140.565814,56.53489,53.838207,96.530256,203.877965,687.294168,24.558008,0.20798,14.797383,26.851223,2414.206156,fuel_mixture_drift,1,2,200,900,0.877198,-0.139853,0.571348,-0.266163,38.573873,-0.390611,0.001953,4.628995,0.58,196.43
715,cruise,4164.010282,56.108645,54.389979,94.790464,205.09468,691.041226,25.027362,0.208052,14.402931,28.725226,2448.827897,fuel_mixture_drift,1,2,200,900,2.001725,0.189485,-0.784413,-0.025874,38.094751,0.058888,0.006294,4.395398,0.58,196.425
716,cruise,4140.596589,55.827476,54.816551,95.928707,205.306017,695.13299,24.928667,0.198795,14.469864,28.146914,2453.568207,fuel_mixture_drift,1,2,200,900,-4.30232,-0.562416,-0.010165,0.742259,35.477656,-0.023249,0.012599,4.46268,0.58,196.42
717,cruise,4166.902105,54.272891,53.860718,96.405638,205.666061,699.592885,25.329953,0.205539,14.829986,26.875698,2687.3338,fuel_mixture_drift,1,2,200,900,2.928958,-0.129185,-0.446774,0.893708,38.386008,0.335969,-0.005161,4.466387,0.58,196.415
718,cruise,4124.611439,55.125248,53.955314,96.556472,204.821855,693.801804,24.948151,0.206855,14.665594,27.650654,2397.963977,fuel_mixture_drift,1,2,200,900,2.566451,0.797069,-0.346992,0.715549,39.202704,0.192441,-0.001404,4.566227,0.58,196.41
719,cruise,4142.450984,55.214934,53.679141,95.819459,205.248401,687.745722,25.037546,0.206464,14.61244,28.140111,2330.227318,fuel_mixture_drift,1,2,200,900,-2.625452,-0.343859,0.172846,-1.674314,36.287612,0.103392,0.003384,4.454045,0.58,196.405
720,descent,3834.452862,34.979251,54.17228,95.382329,195.913547,642.593702,22.092795,0.204042,11.439346,27.07343,2461.691963,fuel_mixture_drift,1,2,200,900,1.407035,0.168548,-0.901649,-0.232959,33.958964,0.073035,0.007261,4.487792,0.58,196.4
721,descent,3834.52393,34.569076,54.380957,97.439736,194.620823,643.591827,22.003228,0.200234,11.739125,27.663799,2749.759196,fuel_mixture_drift,1,2,200,900,-1.190155,-0.039684,-0.122237,-1.840244,38.051136,-0.023081,0.009276,4.599545,0.58,196.395
722,descent,3823.116662,35.061117,53.668398,95.438712,196.778107,640.793318,22.200124,0.210434,11.535945,28.157807,2600.80047,fuel_mixture_drift,1,2,200,900,3.041921,0.025216,-0.52199,-0.172685,37.723755,-0.118151,-0.00329,4.562132,0.58,196.39
723,descent,3861.21849,35.39488,53.532505,96.564634,196.515284,637.349173,21.853331,0.205751,11.757502,27.148646,2431.948883,fuel_mixture_drift,1,2,200,900,-1.111492,-0.226302,0.043274,0.596313,38.476731,-0.25487,-0.004449,4.530444,0.58,196.385
724,descent,3881.940251,37.028549,53.124564,96.268621,195.555126,639.351171,21.705286,0.20233,11.927073,28.700222,2458.574737,fuel_mixture_drift,1,2,200,900,0.603568,0.598859,-0.254491,-1.337138,38.751976,0.065133,-0.003032,4.602567,0.58,196.38
725,descent,3849.267237,33.953936,54.518307,96.352195,194.618578,640.713098,21.997715,0.203631,11.710786,29.037155,2390.764122,fuel_mixture_drift,1,2,200,900,1.459094,-0.339135,-0.847104,0.076731,37.996113,-0.054247,-0.008649,4.427883,0.58,196.375
726,descent,3843.925847,35.101699,54.195609,97.049448,197.581957,636.243984,22.028434,0.211163,11.621722,26.605512,2489.286999,fuel_mixture_drift,1,2,200,900,1.947485,0.068497,0.578093,-1.837419,35.772801,0.12069,0.003369,4.47065,0.58,196.37
727,descent,3829.27499,36.638642,54.304524,95.97735,196.561788,644.481511,21.665545,0.197252,11.715788,28.287919,2582.06547,fuel_mixture_drift,1,2,200,900,0.315692,-0.457825,-0.126998,-0.151769,40.914399,0.303305,0.004208,4.416261,0.58,196.365
728,descent,3880.771161,34.601783,54.635596,95.895312,197.633802,639.691027,22.053759,0.196179,11.768107,27.236043,2470.993882,fuel_mixture_drift,1,2,200,900,-0.25378,0.100074,0.272454,0.105902,33.495963,0.02467,0.008495,4.496322,0.58,196.36
729,descent,3854.239331,35.838759,53.829982,96.855159,193.919355,643.970176,21.79936,0.209688,11.786452,27.248127,2406.940538,fuel_mixture_drift,1,2,200,900,-3.99218,-0.562295,0.156962,-0.517396,35.220841,0.222129,-0.003561,4.553705,0.58,196.355
730,descent,3824.48082,33.941177,53.585426,96.234203,196.475711,643.631101,21.917289,0.21135,11.786307,30.275211,2592.225889,fuel_mixture_drift,1,2,200,900,0.201839,0.396839,0.106239,-0.921278,37.419267,-0.219538,0.005592,4.467273,0.58,196.35
731,descent,3830.720029,37.156894,54.98007,96.159283,196.952995,642.110982,22.020166,0.20275,11.683162,28.457865,2386.600714,fuel_mixture_drift,1,2,200,900,-3.844627,-0.207003,0.65198,0.55335,36.642592,-0.163346,-0.000513,4.67016,0.58,196.345
732,descent,3838.482574,36.425211,53.519854,96.085433,193.786221,646.819217,21.808253,0.204588,11.562321,28.035364,2445.883898,fuel_mixture_drift,1,2,200,900,1.144891,0.606211,0.109009,-0.459479,36.634439,-0.031749,-0.002357,4.548971,0.58,196.34
733,descent,3815.436589,37.050808,55.096763,96.051479,195.188789,640.103638,22.100478,0.198888,11.854181,28.599861,2408.437259,fuel_mixture_drift,1,2,200,900,-0.749379,-0.641965,-0.171591,0.895665,37.728402,0.040814,-0.003613,4.464097,0.58,196.335
734,descent,3871.666818,35.068354,54.178185,95.501944,195.908746,637.481487,21.899837,0.202404,11.659177,27.954782,2499.30794,fuel_mixture_drift,1,2,200,900,2.309264,0.859128,-0.163743,1.263082,39.716396,-0.154998,-0.0077,4.414919,0.58,196.33
735,descent,3841.447456,37.38398,54.120442,96.515359,195.500611,643.639324,21.76094,0.208622,11.655023,27.978559,2550.325814,fuel_mixture_drift,1,2,200,900,4.702821,-0.110735,0.339685,-0.551908,38.486836,-0.239518,-0.002528,4.591436,0.58,196.325
736,descent,3810.769447,35.375529,54.47316,95.823037,194.668867,646.925919,21.892674,0.194016,11.524025,28.813933,2558.451614,fuel_mixture_drift,1,2,200,900,-1.756871,-0.682432,0.604523,0.986826,38.606779,0.218512,-0.00277,4.667706,0.58,196.32
737,descent,3838.409783,35.834913,55.160997,95.933569,195.629884,640.548584,22.147363,0.203044,11.634623,29.131092,2440.178868,fuel_mixture_drift,1,2,200,900,3.377667,0.184379,0.310275,-0.251293,37.771929,-0.131006,-0.000467,4.383748,0.58,196.315
738,descent,3851.174295,35.526915,53.525665,95.418587,196.328858,641.980179,21.955536,0.201938,11.838687,28.25711,2409.792682,fuel_mixture_drift,1,2,200,900,-4.553202,-0.631408,0.001281,1.200126,36.482727,0.076085,0.007264,4.550573,0.58,196.31
739,descent,3831.868574,35.147083,54.18873,95.547376,194.977616,640.534671,21.90773,0.196237,11.682494,28.380441,2520.015648,fuel_mixture_drift,1,2,200,900,0.866164,0.065513,-0.337725,-0.770377,38.90224,-0.161908,-0.001496,4.569845,0.58,196.305
740,descent,3856.395655,35.748519,53.536341,96.617813,196.32343,642.417003,21.755721,0.202679,11.547843,29.279233,2427.819312,fuel_mixture_drift,1,2,200,900,-1.401418,-0.335031,-0.436569,-0.37839,38.356304,-0.080474,-0.001007,4.575884,0.58,196.3
741,descent,3844.8759,36.557303,54.566047,96.635786,194.657227,637.946988,21.616707,0.199675,11.781747,25.541507,2371.927288,fuel_mixture_drift,1,2,200,900,-0.668363,0.499103,0.133081,-1.134922,36.924768,0.09674,0.005367,4.402191,0.58,196.295
742,descent,3852.715719,35.415351,53.96921,96.470358,197.724208,644.3815,21.942263,0.196694,11.838932,27.169434,2450.041969,fuel_mixture_drift,1,2,200,900,-1.76962,0.467821,0.710041,0.48887,37.48736,0.086989,-0.000371,4.479177,0.58,196.29
743,descent,3826.587094,36.635833,53.952687,96.248696,197.732886,636.109356,21.675548,0.202846,11.570195,26.498095,2457.482894,fuel_mixture_drift,1,2,200,900,3.747529,0.266531,0.179447,-0.207632,38.195052,0.079309,-0.009038,4.59747,0.58,196.285
744,descent,3847.765215,35.676574,54.361846,95.526005,195.130444,639.800589,21.933977,0.205639,11.805479,28.787365,2631.088377,fuel_mixture_drift,1,2,200,900,2.472982,-0.332858,-0.150331,-0.781001,37.990249,-0.062177,-0.00432,4.609203,0.58,196.28
745,descent,3846.407747,33.904283,53.58893,96.030885,196.978472,641.172694,22.029347,0.204208,11.824469,28.183673,2368.865661,fuel_mixture_drift,1,2,200,900,2.237324,-0.104214,-0.116716,1.210906,37.285439,-0.189695,-0.00271,4.548009,0.58,196.275
746,descent,3841.109674,35.252432,53.971195,97.43443,196.808141,640.710585,22.073455,0.206969,11.46695,27.410783,2299.542842,fuel_mixture_drift,1,2,200,900,0.695882,-0.145946,-0.264332,0.507276,36.221998,-0.314201,0.005654,4.581629,0.58,196.27
747,descent,3855.908955,36.656632,54.162526,95.528946,196.468972,644.115157,21.773288,0.203681,11.646066,29.004498,2489.608537,fuel_mixture_drift,1,2,200,900,-2.039339,0.450653,-0.577058,-0.260978,39.536196,0.050565,-0.004327,4.57886,0.58,196.265
748,descent,3834.774132,35.389935,54.354692,95.527878,196.417937,641.838898,21.558096,0.196801,11.693974,26.295042,2549.969554,fuel_mixture_drift,1,2,200,900,1.300177,-0.255371,0.449574,0.649805,36.849853,0.125386,0.000435,4.480477,0.58,196.26
749,descent,3845.994027,34.229752,54.145367,96.449893,196.266245,639.325358,21.75612,0.202843,11.731306,27.862639,2423.501731,fuel_mixture_drift,1,2,200,900,2.120541,-0.37206,1.494031,-0.282472,38.381391,0.063776,-0.006842,4.444293,0.58,196.255
750,descent,3837.77538,36.70552,54.532805,96.642379,195.083219,640.743599,22.027626,0.202722,11.725958,27.521807,2550.532333,fuel_mixture_drift,1,2,200,900,2.482177,0.835113,-0.821699,-0.943189,36.370593,0.041703,-0.003417,4.437251,0.58,196.25
751,descent,3830.814789,37.020584,54.850251,96.944906,195.363478,642.110162,21.904098,0.198914,11.775031,27.852675,2447.977452,fuel_mixture_drift,1,2,200,900,1.818668,-0.316503,-0.156662,0.008413,38.593553,-0.148672,-0.003207,4.528756,0.58,196.245
752,descent,3849.912488,36.326911,53.844898,96.255244,198.276273,642.110164,21.79086,0.208617,11.711621,27.298058,2519.964481,fuel_mixture_drift,1,2,200,900,-0.744992,0.006192,0.235479,0.004845,38.161675,-0.043037,-0.002096,4.424044,0.58,196.24
753,descent,3829.654827,36.220667,54.248362,95.204329,195.558056,642.124379,21.802607,0.208694,11.593226,30.708902,2664.370574,fuel_mixture_drift,1,2,200,900,-0.709076,-0.36911,-0.564616,-0.138912,39.242166,-0.118957,-0.001349,4.578265,0.58,196.235
754,descent,3810.729651,35.066972,54.527182,96.262821,197.081513,644.261947,22.191868,0.207457,11.672509,27.819442,2546.143471,fuel_mixture_drift,1,2,200,900,0.280779,0.313333,-0.014712,-0.375775,37.281403,-0.162248,0.009614,4.310151,0.58,196.23
755,descent,3835.02337,36.331389,54.268238,95.224146,194.176054,637.594494,21.908229,0.20296,11.572753,27.751134,2475.86827,fuel_mixture_drift,1,2,200,900,5.867837,-0.520857,-0.2802,0.465073,37.810402,0.039367,-0.002991,4.439256,0.58,196.225
756,descent,3836.32928,35.636307,53.926122,96.18607,194.494679,642.012369,21.989756,0.190939,11.522503,27.408609,2477.848905,fuel_mixture_drift,1,2,200,900,-5.838474,-0.120212,0.691774,0.793039,35.205877,-0.121214,0.008926,4.440332,0.58,196.22
757,descent,3822.5057,36.958968,54.506925,96.13666,196.007147,639.687869,21.546483,0.197973,11.914431,27.073431,2511.030891,fuel_mixture_drift,1,2,200,900,4.400023,-0.242876,-0.67841,-0.308216,38.259526,-0.350331,-0.002448,4.510901,0.58,196.215
758,descent,3845.532518,35.854356,54.378684,95.638543,194.877071,638.072578,21.854854,0.200236,11.462493,29.041628,2412.719948,fuel_mixture_drift,1,2,200,900,0.813666,0.252692,-0.089567,0.598793,36.221675,0.059008,0.008498,4.534724,0.58,196.21
759,descent,3863.216851,36.06103,53.909627,96.310897,196.115514,646.182681,21.92857,0.208125,11.498389,27.811198,2531.669821,fuel_mixture_drift,1,2,200,900,-0.820521,0.516352,0.605516,0.856786,37.195082,-0.097834,0.001345,4.390598,0.58,196.205
760,descent,3824.127477,34.576417,53.947136,96.281819,195.94882,641.98467,21.690652,0.204472,11.676441,29.771661,2527.069895,fuel_mixture_drift,1,2,200,900,0.337622,0.263732,0.170128,-0.711439,39.19549,0.073884,0.007713,4.487932,0.58,196.2
761,descent,3855.973103,36.145395,54.641773,96.5869,196.983505,639.466757,21.882233,0.205589,11.930868,28.944976,2479.531988,fuel_mixture_drift,1,2,200,900,-1.4297,-0.152419,-0.316455,0.664945,39.702655,0.137057,0.000859,4.506566,0.58,196.195
762,descent,3845.682743,36.323415,54.382319,95.909745,196.990755,642.466856,21.974463,0.206934,11.753029,29.308435,2603.499734,fuel_mixture_drift,1,2,200,900,-2.698684,0.059067,0.115796,0.090456,36.181918,0.018561,0.00619,4.639278,0.58,196.19
763,descent,3840.932445,37.407483,54.741502,96.326975,195.802857,639.870824,22.192542,0.197127,11.656144,28.558682,2733.874893,fuel_mixture_drift,1,2,200,900,0.066568,-0.132925,0.472789,-0.726045,39.268404,-0.07796,-0.000572,4.467108,0.58,196.185
764,descent,3828.595667,37.004488,53.846224,95.538253,195.007134,643.870166,22.138006,0.208086,11.558491,27.947349,2637.473543,fuel_mixture_drift,1,2,200,900,-0.126104,0.274181,-0.3511,-2.132253,38.500325,0.028015,0.006474,4.466928,0.58,196.18
765,descent,3844.596757,34.136469,53.65639,96.24993,194.266394,645.864204,21.872343,0.19921,11.868261,30.209224,2392.950496,fuel_mixture_drift,1,2,200,900,0.604572,0.312717,-0.12087,0.352353,33.44561,0.079872,-0.005919,4.468618,0.58,196.175
766,descent,3841.814648,35.008977,54.157869,95.698513,194.378947,643.891854,22.351593,0.212708,11.700265,30.250253,2638.565442,fuel_mixture_drift,1,2,200,900,-5.984351,-0.853519,0.595771,0.471878,36.991625,0.348829,0.002144,4.492054,0.58,196.17
767,descent,3816.973166,35.017322,53.920605,96.546796,195.081972,640.34731,22.077085,0.198394,11.692608,26.22946,2507.593758,fuel_mixture_drift,1,2,200,900,-0.212948,0.477511,-0.259889,-0.705777,38.630825,-0.091288,0.00113,4.443841,0.58,196.165
768,descent,3892.898293,36.620543,53.98153,96.074464,195.545959,640.428185,21.848092,0.207551,11.773977,27.284594,2479.016849,fuel_mixture_drift,1,2,200,900,-4.191489,-0.399103,-0.736073,-1.033932,36.572956,-0.21147,-0.004127,4.456332,0.58,196.16
769,descent,3827.88601,35.315476,54.138196,95.380357,194.551173,644.202312,22.077317,0.210017,11.38596,29.120159,2454.953221,fuel_mixture_drift,1,2,200,900,-1.386566,-0.188006,-0.21733,-0.193821,36.340897,0.396727,-0.004517,4.589771,0.58,196.155
770,descent,3839.069448,34.687155,54.402666,96.219316,195.732118,643.35621,21.991115,0.200163,11.742505,28.082143,2396.68261,fuel_mixture_drift,1,2,200,900,-5.209764,-0.303981,0.633703,0.203965,37.798815,-0.059634,0.0015,4.484518,0.58,196.15
771,descent,3836.627806,36.40502,53.74141,94.735798,194.568584,643.528268,21.781976,0.206178,11.865334,27.951005,2339.538825,fuel_mixture_drift,1,2,200,900,-0.030092,-0.294142,0.147895,0.271509,37.710448,0.094708,-0.003711,4.463374,0.58,196.145
772,descent,3832.306464,35.341557,54.328686,95.781512,195.412643,643.978913,22.03399,0.204761,11.774217,29.443079,2532.946267,fuel_mixture_drift,1,2,200,900,-1.243071,-0.386289,-0.101917,0.273731,36.833358,0.139349,-0.006359,4.496283,0.58,196.14
773,descent,3840.555172,34.814886,54.515004,95.3497,196.149078,644.744221,21.560277,0.200387,11.605321,28.5224,2511.16736,fuel_mixture_drift,1,2,200,900,3.159253,0.054002,-0.302489,-0.639783,38.003292,-0.075727,0.003867,4.432571,0.58,196.135
774,descent,3838.724979,34.809892,54.453083,96.069669,196.120369,638.839468,21.952346,0.202058,11.681427,26.088462,2491.123885,fuel_mixture_drift,1,2,200,900,-2.888592,-0.695493,0.002195,-0.855538,40.404342,-0.134413,0.005308,4.556932,0.58,196.13
775,descent,3862.969233,37.504122,54.542555,95.92537,194.461448,638.63677,22.097431,0.199958,11.687902,27.763292,2448.822441,fuel_mixture_drift,1,2,200,900,-1.330634,-0.006766,-0.211535,-0.027167,38.046025,-0.087046,0.003569,4.646701,0.58,196.125
776,descent,3844.932501,35.38789,54.034185,96.027999,195.925869,641.970724,22.204077,0.19999,11.621333,27.980156,2455.553603,fuel_mixture_drift,1,2,200,900,-5.111452,-0.174546,-0.020045,1.054346,36.298956,0.059054,0.001679,4.559195,0.58,196.12
777,descent,3857.755341,35.523243,53.708562,95.816307,196.799796,642.607798,21.822986,0.208245,11.965212,28.650468,2533.00148,fuel_mixture_drift,1,2,200,900,-1.295339,0.060539,1.116562,0.313639,37.008216,0.037334,0.003499,4.540034,0.58,196.115
778,descent,3820.049816,35.661164,54.392937,95.931603,196.599449,636.034674,22.219361,0.199023,11.823469,29.329425,2440.521968,fuel_mixture_drift,1,2,200,900,-4.245735,0.408135,0.272111,-0.074715,36.348855,-0.144472,0.000383,4.393401,0.58,196.11
779,descent,3866.704073,35.753858,54.091465,96.546454,197.587355,641.967056,21.900697,0.206512,11.835102,28.504873,2430.686134,fuel_mixture_drift,1,2,200,900,1.205046,0.692309,-0.145925,0.431483,38.331268,0.085238,-0.005701,4.410535,0.58,196.105
780,descent,3844.664852,34.712172,54.215417,96.384466,194.897252,646.534177,21.866753,0.201695,11.757445,28.225581,2629.036463,fuel_mixture_drift,1,2,200,900,-2.294177,-1.061943,0.618076,0.071924,39.498066,-0.13835,0.000452,4.506757,0.58,196.1
781,descent,3820.266168,37.71272,54.470901,95.819277,195.147365,643.284536,22.324556,0.208223,11.799781,29.4052,2308.124833,fuel_mixture_drift,1,2,200,900,2.270524,-0.005847,-0.003889,-0.684051,39.794554,-0.057613,0.004689,4.48454,0.58,196.095
782,descent,3846.667107,36.69249,53.630255,95.839077,196.551835,640.757935,21.971911,0.212479,11.67465,25.578185,2550.528521,fuel_mixture_drift,1,2,200,900,-4.616496,-0.221172,0.612661,-1.431391,39.427711,0.091156,0.008027,4.4311,0.58,196.09
783,descent,3849.792442,36.058863,54.291521,96.669186,197.883164,642.077832,21.801411,0.206196,11.734858,28.753164,2470.229755,fuel_mixture_drift,1,2,200,900,5.208429,0.455285,0.933798,-0.842047,39.597829,0.156824,0.002286,4.602273,0.58,196.085
784,descent,3865.298073,36.81221,53.339564,95.243499,195.621014,639.793152,21.702641,0.206149,11.594619,28.051615,2429.383632,fuel_mixture_drift,1,2,200,900,-2.810269,0.25641,0.91266,-0.773968,38.485072,-0.05495,0.007817,4.592225,0.58,196.08
785,descent,3851.37625,36.248127,54.543185,97.059225,195.068533,640.187581,21.816712,0.215007,11.882378,28.642864,2605.974981,fuel_mixture_drift,1,2,200,900,-0.564139,-0.456441,-0.017881,0.289545,37.457956,0.145466,-0.007321,4.534265,0.58,196.075
786,descent,3846.629351,33.811683,54.385073,95.070974,196.202449,641.073033,21.824942,0.209431,11.623952,27.140287,2548.55154,fuel_mixture_drift,1,2,200,900,1.520123,-0.452768,-0.243517,-0.745544,35.647898,-0.092142,-0.004169,4.420784,0.58,196.07
787,descent,3842.38425,36.676234,54.169267,95.282366,196.541179,645.545091,21.7326,0.199085,11.591488,28.109995,2723.529208,fuel_mixture_drift,1,2,200,900,2.371032,0.521909,-0.94638,-0.790057,39.551072,0.111431,-0.000394,4.448942,0.58,196.065
788,descent,3857.285965,35.947843,53.890615,97.11426,198.310761,646.406737,22.083171,0.20545,11.397025,28.047303,2512.791548,fuel_mixture_drift,1,2,200,900,-2.933209,0.004875,0.300853,0.196032,37.50612,-0.185971,-0.000509,4.568688,0.58,196.06
789,descent,3865.238382,34.769423,54.65734,95.384919,197.154133,639.621324,22.039259,0.201317,11.501086,29.012636,2415.725646,fuel_mixture_drift,1,2,200,900,-2.483233,-0.001763,-0.339657,0.102476,36.710474,-0.25393,0.002289,4.580868,0.58,196.055
790,descent,3842.040052,36.259451,54.912543,96.291604,195.161824,637.213962,21.873061,0.199936,11.779348,28.555521,2398.256076,fuel_mixture_drift,1,2,200,900,1.153048,-0.130537,0.188748,1.377964,39.490081,-0.164945,0.003508,4.472201,0.58,196.05
791,descent,3824.775662,36.267626,53.915971,95.723517,196.972642,643.485555,21.967512,0.194927,11.775775,28.99172,2583.659447,fuel_mixture_drift,1,2,200,900,2.694421,-0.396439,-0.166517,0.841273,39.473045,-0.062096,0.002842,4.46026,0.58,196.045
792,descent,3861.41214,34.888899,54.159433,96.090166,194.939066,635.230969,21.960149,0.195835,11.818821,27.684713,2545.006478,fuel_mixture_drift,1,2,200,900,1.227377,0.076356,0.351615,-0.716695,37.328217,-0.226882,0.002271,4.43202,0.58,196.04
793,descent,3837.212015,35.483876,53.839894,96.459506,196.450936,641.584549,22.099286,0.202181,11.534685,29.289129,2473.938805,fuel_mixture_drift,1,2,200,900,-2.416167,0.000374,-0.02733,-0.924434,40.449743,-0.226736,0.000832,4.44853,0.58,196.035
794,descent,3856.972796,34.940998,53.769862,95.55198,196.483872,641.180935,21.838706,0.199462,11.636373,28.907142,2561.802742,fuel_mixture_drift,1,2,200,900,-2.139684,-0.071515,0.324565,0.561106,38.050416,-0.185059,0.001915,4.474667,0.58,196.03
795,descent,3836.790734,35.90904,53.822576,95.817656,197.180073,638.968288,22.07936,0.199644,11.51628,28.418286,2507.194063,fuel_mixture_drift,1,2,200,900,0.253784,-0.154172,0.012782,-0.151172,41.428646,0.132776,-0.003497,4.36774,0.58,196.025
796,descent,3833.343706,36.221339,53.429626,96.510383,193.445908,641.009905,21.831075,0.209873,11.423561,28.289846,2457.573946,fuel_mixture_drift,1,2,200,900,5.693165,0.378014,0.748884,-1.204327,38.059966,0.322951,0.00175,4.49582,0.58,196.02
797,descent,3836.125926,36.371934,53.887258,96.564619,194.50092,639.108313,21.613868,0.194283,11.6538,27.046306,2535.318192,fuel_mixture_drift,1,2,200,900,1.120034,-0.097814,-0.017375,0.862928,38.198697,0.169948,-0.00326,4.534038,0.58,196.015
798,descent,3821.997425,35.315153,54.042329,95.487171,195.723819,636.744545,21.900175,0.197401,11.606683,28.69275,2605.863834,fuel_mixture_drift,1,2,200,900,5.776866,0.291644,0.123287,0.713736,38.374225,-0.114616,-0.003075,4.441753,0.58,196.01
799,descent,3843.772015,34.779531,54.242278,97.338922,195.652413,640.36284,21.599574,0.20798,11.880731,25.462069,2658.988594,fuel_mixture_drift,1,2,200,900,0.390234,0.290935,0.021808,1.428006,37.53588,-0.007719,0.001293,4.539003,0.58,196.005
800,descent,3847.102738,36.202797,54.462992,95.591214,196.818323,640.314726,21.93072,0.20642,11.387781,29.623493,2488.86184,fuel_mixture_drift,1,2,200,900,2.803562,0.022926,0.119282,-1.355681,39.697754,0.085728,-0.002747,4.410984,0.58,196.0
801,descent,3867.404972,35.667218,54.475793,96.682467,195.244887,641.833046,22.194013,0.20576,11.809733,27.903129,2526.122564,fuel_mixture_drift,1,2,200,900,0.454369,0.214968,0.241798,-0.818236,38.675628,0.017836,0.00912,4.511667,0.58,195.995
802,descent,3864.322494,36.890647,54.071846,96.853499,194.733352,639.932766,22.386141,0.196188,11.490093,27.730206,2615.349299,fuel_mixture_drift,1,2,200,900,3.232749,-0.222693,-0.411916,0.100833,39.563044,-0.024434,0.000923,4.68045,0.58,195.99
803,descent,3820.109614,34.026783,54.650816,95.853914,195.621395,640.772532,21.677017,0.192628,11.79141,27.621791,2561.462271,fuel_mixture_drift,1,2,200,900,3.241349,-0.195822,-0.0604,-0.752044,37.546995,-0.205184,0.002551,4.38951,0.58,195.985
804,descent,3858.277305,35.567156,54.429159,96.159329,196.541333,637.838867,21.824818,0.201408,11.683079,30.115504,2523.84462,fuel_mixture_drift,1,2,200,900,-1.920101,-0.120753,0.110596,-0.462829,39.032505,0.107377,0.004374,4.454699,0.58,195.98
805,descent,3812.958795,35.261567,54.22298,95.64074,196.941156,646.94201,21.884771,0.195944,11.800414,29.138498,2612.599608,fuel_mixture_drift,1,2,200,900,-3.748474,0.57554,0.299009,-0.351207,39.748401,-0.080468,-0.007447,4.407624,0.58,195.975
806,descent,3801.453086,36.862756,53.820278,96.393332,195.536789,643.320999,21.74678,0.207493,11.450377,28.257012,2475.927992,fuel_mixture_drift,1,2,200,900,-1.258647,0.002223,0.172383,-1.095152,35.162601,0.027456,-0.001288,4.507597,0.58,195.97
807,descent,3848.472428,34.542504,53.690796,97.211916,195.425483,643.962613,22.319119,0.20557,11.609029,27.841506,2646.067298,fuel_mixture_drift,1,2,200,900,-2.811515,0.184256,1.484154,0.695602,37.642852,-0.065971,3.3e-05,4.479901,0.58,195.965
808,descent,3841.613861,35.426059,53.586783,95.950538,194.519121,642.437082,21.896552,0.198095,11.726052,29.364204,2624.924843,fuel_mixture_drift,1,2,200,900,3.906271,0.22871,0.077229,-0.464525,38.176463,-0.108982,0.003732,4.576559,0.58,195.96
809,descent,3841.33086,37.27447,53.877478,96.679279,194.911861,643.180257,21.996214,0.206079,11.700777,28.230476,2482.677625,fuel_mixture_drift,1,2,200,900,-2.653991,-0.042937,0.12233,-0.354466,39.947712,-0.049112,0.001791,4.54045,0.58,195.955
810,landing,3767.971307,30.895962,54.151127,95.007551,190.497416,631.516048,21.198507,0.203548,11.90653,27.304744,2510.188918,fuel_mixture_drift,1,2,200,900,-0.026721,-0.258682,1.172422,0.39635,40.322391,-0.017,-4.4e-05,4.350634,0.58,195.95
811,landing,3824.849459,30.40188,54.476026,96.225392,190.494752,635.135746,20.935664,0.207139,11.990535,27.646011,2478.017489,fuel_mixture_drift,1,2,200,900,-0.064433,0.172,-0.241661,1.41751,37.831341,-0.221038,0.002165,4.480877,0.58,195.945
812,landing,3789.340344,32.367601,54.726575,95.872871,191.576326,630.909596,21.175505,0.197544,11.629025,28.753184,2502.486061,fuel_mixture_drift,1,2,200,900,-0.653614,0.101665,0.337553,0.094112,38.004662,-0.014265,-0.004464,4.601234,0.58,195.94
813,landing,3785.705154,32.272726,53.01507,96.323852,190.429748,630.257055,20.641157,0.213269,11.544332,26.826876,2329.626492,fuel_mixture_drift,1,2,200,900,4.632595,-0.329163,-0.180154,0.003836,43.489422,0.210408,-0.002025,4.425067,0.58,195.935
814,landing,3807.420942,30.883944,53.398319,96.660873,193.008853,631.779648,20.834232,0.197818,11.344274,27.973022,2306.18227,fuel_mixture_drift,1,2,200,900,-3.130368,0.141812,-0.136582,0.235429,37.782146,-0.119338,0.007089,4.485318,0.58,195.93
815,landing,3812.998201,32.866108,53.70961,95.95307,190.675116,630.177365,21.153722,0.194865,11.58432,29.168746,2436.764465,fuel_mixture_drift,1,2,200,900,-1.682679,0.153953,0.024637,0.640504,38.375387,-0.068013,0.000704,4.418341,0.58,195.925
816,landing,3821.967396,30.903242,54.116401,96.195276,190.843479,628.172204,21.001295,0.205137,11.469704,28.115796,2417.105299,fuel_mixture_drift,1,2,200,900,2.082101,-0.578709,0.198294,0.45163,40.047661,0.041285,-0.002008,4.453203,0.58,195.92
817,landing,3769.681455,31.021943,53.707034,96.318989,188.546455,633.789263,20.838385,0.202139,11.554066,29.362489,2471.027583,fuel_mixture_drift,1,2,200,900,4.457623,-0.480991,0.296819,-0.377113,36.249776,-0.43313,0.000228,4.550874,0.58,195.915
818,landing,3790.543044,31.335201,54.537546,95.033972,192.038913,625.829803,20.950718,0.205469,11.497561,28.53331,2525.997954,fuel_mixture_drift,1,2,200,900,-1.328295,-0.014162,-0.703277,1.257627,40.087387,0.187152,-0.002727,4.330169,0.58,195.91
819,landing,3784.997798,31.136273,54.48412,95.669675,191.05269,631.841318,21.040134,0.211155,11.662389,27.889296,2475.706114,fuel_mixture_drift,1,2,200,900,0.96055,0.589875,-0.517557,-0.088657,37.49257,0.203192,0.004331,4.35709,0.58,195.905
820,landing,3787.814979,29.017568,54.413611,96.306205,191.174116,631.876883,20.887222,0.210431,11.939749,28.488154,2385.278234,fuel_mixture_drift,1,2,200,900,-1.268352,0.427058,0.727034,0.977348,35.122864,0.034006,-0.003888,4.409555,0.58,195.9
821,landing,3776.706497,29.840316,55.155845,95.03392,190.061972,632.925961,21.316497,0.198412,11.526155,27.825594,2504.00315,fuel_mixture_drift,1,2,200,900,5.053347,-0.27476,-0.014459,-0.380054,38.177521,-0.084119,-0.005532,4.513049,0.58,195.895
822,landing,3787.603331,30.497287,53.848343,95.648619,192.548178,629.969602,20.836011,0.192741,11.901842,27.60862,2564.311063,fuel_mixture_drift,1,2,200,900,-1.0918,0.165506,-0.267019,-0.267859,38.248372,-0.030753,0.008439,4.515053,0.58,195.89
823,landing,3787.365952,32.284536,54.165445,96.372635,190.643837,633.969806,20.999768,0.197732,11.780527,27.725554,2469.403645,fuel_mixture_drift,1,2,200,900,0.361605,0.470218,-0.122159,-0.372851,37.004411,-0.100499,-0.000953,4.490862,0.58,195.885
824,landing,3784.037602,32.797113,53.703838,96.404696,189.105639,631.803039,20.748757,0.202463,11.572751,28.015725,2625.513808,fuel_mixture_drift,1,2,200,900,-1.416999,-0.037273,-0.129556,-0.320732,38.000231,0.220187,-0.003273,4.456415,0.58,195.88
825,landing,3777.14568,30.150335,54.951701,96.068492,190.097416,633.612469,20.963822,0.203887,11.797997,29.251358,2551.967511,fuel_mixture_drift,1,2,200,900,-0.586544,0.050284,0.428523,-0.174857,39.17625,0.078643,0.005071,4.598257,0.58,195.875
826,landing,3788.138182,30.922586,54.269364,95.662754,190.162378,633.385864,20.74455,0.205668,11.597517,28.546604,2445.004216,fuel_mixture_drift,1,2,200,900,1.637319,-0.262225,0.254875,-0.710179,37.918941,0.122165,0.00438,4.4799,0.58,195.87
827,landing,3771.421983,32.089372,54.359571,95.016296,189.234946,630.505331,20.909138,0.202198,11.667594,28.462398,2411.154154,fuel_mixture_drift,1,2,200,900,-1.319726,0.193629,-0.32873,0.138349,35.691076,-0.244282,0.001702,4.413037,0.58,195.865
828,landing,3749.331803,31.080009,53.905627,95.853071,189.129922,631.978442,21.171019,0.208556,11.558283,26.855623,2371.417764,fuel_mixture_drift,1,2,200,900,-1.068374,1.451458,-0.061683,-0.032521,35.179293,0.161307,-0.000402,4.612432,0.58,195.86
829,landing,3796.926358,28.693378,54.03958,95.02998,191.712059,638.215643,21.037625,0.212196,11.450229,27.550381,2483.187293,fuel_mixture_drift,1,2,200,900,-0.326406,0.245147,-0.222984,0.808795,35.733439,0.100845,0.0033,4.479722,0.58,195.855
830,landing,3771.749239,29.569537,53.127387,96.847039,190.974786,632.70104,20.947787,0.199613,11.699745,27.23052,2500.996969,fuel_mixture_drift,1,2,200,900,1.870969,-0.621941,0.325031,0.679853,34.519288,-0.161722,-0.008701,4.561013,0.58,195.85
831,landing,3770.946637,30.261049,54.358766,96.272442,190.391156,628.536232,21.222927,0.190821,11.689161,27.644848,2476.076234,fuel_mixture_drift,1,2,200,900,-0.00515,0.370807,-0.60425,-0.590377,37.319757,-0.030755,0.002682,4.562311,0.58,195.845
832,landing,3783.822116,28.874275,53.482785,95.620908,192.022869,631.08991,20.600133,0.198343,11.489045,28.32024,2515.00498,fuel_mixture_drift,1,2,200,900,-1.900754,0.19138,0.015911,1.069107,40.882578,0.183503,0.008692,4.520431,0.58,195.84
833,landing,3790.695075,31.502015,53.869695,95.086194,190.727366,628.526748,20.590815,0.203388,11.596305,28.59137,2390.798188,fuel_mixture_drift,1,2,200,900,-1.060063,-0.450375,-0.28775,-1.407889,35.497424,0.001357,-0.004283,4.576112,0.58,195.835
834,landing,3782.334483,30.745795,53.583604,96.455402,191.116468,624.759251,21.317852,0.209233,11.778319,28.349661,2371.907591,fuel_mixture_drift,1,2,200,900,-0.742788,0.751291,-0.244229,-0.767981,37.173178,-0.144596,0.001466,4.360922,0.58,195.83
835,landing,3818.682922,31.488543,53.270719,96.727351,190.85873,630.460153,20.931188,0.203458,11.556804,27.845259,2393.637296,fuel_mixture_drift,1,2,200,900,-3.341111,0.036075,-0.123013,-1.475495,37.478908,0.091266,-0.003232,4.592875,0.58,195.825
836,landing,3794.166325,31.517761,54.307462,95.712981,192.012087,633.435023,20.796242,0.207155,11.717407,27.469944,2489.602482,fuel_mixture_drift,1,2,200,900,-5.739659,-0.421757,0.034403,-1.765769,39.326884,-0.023403,-0.00068,4.496224,0.58,195.82
837,landing,3756.185358,30.6379,54.332164,95.326311,191.080342,629.721013,20.64741,0.204349,11.78117,28.956475,2539.841688,fuel_mixture_drift,1,2,200,900,-1.213218,0.403149,-0.507133,-1.426289,35.950786,0.337626,0.007098,4.598807,0.58,195.815
838,landing,3785.182124,30.988778,53.14895,95.62879,190.701545,630.735297,21.153534,0.210136,11.631096,29.316419,2622.520439,fuel_mixture_drift,1,2,200,900,-3.649553,0.719171,-0.139579,1.033114,41.672111,-0.052943,0.001102,4.582149,0.58,195.81
839,landing,3786.30172,29.76563,53.547107,96.958553,188.713166,628.655096,20.741775,0.192569,11.685376,27.907142,2427.620584,fuel_mixture_drift,1,2,200,900,3.371831,-0.233889,0.302698,0.071619,37.088693,-0.277461,-0.00621,4.482816,0.58,195.805
840,landing,3784.520522,29.976434,54.53271,95.423039,192.337872,634.76017,21.005889,0.20412,11.544203,30.046014,2449.766238,fuel_mixture_drift,1,2,200,900,3.644332,-0.235855,0.247516,0.441605,33.981185,0.219734,-0.005533,4.592481,0.58,195.8
841,landing,3787.596912,30.981157,53.617944,95.421484,190.060561,633.479497,20.980478,0.20312,11.555912,28.83596,2565.61672,fuel_mixture_drift,1,2,200,900,4.643643,0.47327,1.065101,0.772273,39.046796,-0.043046,0.002554,4.537573,0.58,195.795
842,landing,3751.433511,30.286264,53.937569,95.283792,191.363276,624.417232,21.133715,0.205671,11.824858,27.052379,2377.774209,fuel_mixture_drift,1,2,200,900,-2.32829,0.12451,-0.329456,-0.218597,40.627046,0.030222,0.003281,4.586514,0.58,195.79
843,landing,3778.810581,31.899921,53.721519,95.972891,191.644171,628.32054,21.012665,0.200666,11.73789,26.62328,2440.84356,fuel_mixture_drift,1,2,200,900,-0.553388,-0.419819,0.572407,-0.921316,40.202814,0.034543,0.00058,4.45375,0.58,195.785
844,landing,3796.337392,30.406921,54.531323,96.394648,192.680385,629.739399,21.016348,0.198832,11.617241,27.80439,2465.505729,fuel_mixture_drift,1,2,200,900,3.711942,-0.286304,1.02456,-0.119873,37.323337,-0.255643,0.001358,4.588184,0.58,195.78
845,landing,3808.132449,31.368601,54.40781,95.955064,191.171027,630.39327,21.08661,0.201304,11.715165,28.293398,2570.548398,fuel_mixture_drift,1,2,200,900,2.755511,0.990062,-0.408797,-1.021045,36.660959,0.126186,-0.005903,4.460793,0.58,195.775
846,landing,3811.402361,31.644785,54.291348,95.823581,190.750817,630.594948,20.911196,0.193772,11.596127,28.328303,2451.183456,fuel_mixture_drift,1,2,200,900,-4.50528,0.073735,0.503769,0.470855,36.205004,-0.167021,-0.000194,4.473589,0.58,195.77
847,landing,3821.931405,30.903582,53.554018,95.319547,190.118219,626.895778,20.820368,0.203074,11.618418,29.191746,2325.975295,fuel_mixture_drift,1,2,200,900,-0.98263,-0.25148,-1.17707,1.268331,37.017027,0.031763,-0.005416,4.576877,0.58,195.765
848,landing,3801.632244,30.929618,52.994819,95.954989,191.220612,632.629073,20.829618,0.199428,11.658058,28.115584,2427.017597,fuel_mixture_drift,1,2,200,900,4.382296,-0.40597,0.628598,1.279501,37.650434,-0.067081,0.000578,4.433643,0.58,195.76
849,landing,3771.377547,29.654804,53.717236,96.106933,190.367191,628.890259,20.96536,0.198288,11.667955,27.475556,2476.335468,fuel_mixture_drift,1,2,200,900,0.111733,0.137979,-0.043137,-0.125049,40.811107,-0.281496,0.000864,4.403471,0.58,195.755
850,landing,3816.237079,28.823697,54.450752,95.603061,191.877743,628.691398,20.771673,0.211208,11.731519,30.416896,2463.4815,fuel_mixture_drift,1,2,200,900,1.100767,-0.1689,0.019849,-0.129936,37.146688,0.026987,-0.000314,4.413607,0.58,195.75
851,landing,3798.290131,31.732506,54.01937,96.138723,191.046399,635.02966,20.941818,0.206138,11.766163,26.613345,2425.59654,fuel_mixture_drift,1,2,200,900,0.632331,0.172506,-0.171658,-0.7142,40.738325,0.011636,-0.004282,4.581729,0.58,195.745
852,landing,3801.143207,30.867397,54.237268,96.211889,192.97279,631.114305,21.298271,0.199602,11.771806,29.044347,2519.367144,fuel_mixture_drift,1,2,200,900,-0.092297,-0.502034,-0.72564,0.662569,37.583024,-0.18248,-0.003387,4.542464,0.58,195.74
853,landing,3761.324006,32.101852,53.468708,96.219391,192.011251,631.047769,20.830224,0.204754,11.882901,28.86193,2661.827587,fuel_mixture_drift,1,2,200,900,0.077619,0.187942,-0.546639,-0.538339,39.369787,-0.035234,-0.007188,4.646962,0.58,195.735
854,landing,3805.930164,30.874957,54.504757,96.887419,190.642521,629.233512,21.121185,0.197595,11.420313,27.334653,2543.552854,fuel_mixture_drift,1,2,200,900,2.641884,-0.455326,0.17735,-1.60518,38.961094,-0.175073,-0.002406,4.514914,0.58,195.73
855,landing,3792.623873,28.25811,54.70717,96.570395,191.781487,629.067857,20.967474,0.214664,11.819886,28.558479,2424.039014,fuel_mixture_drift,1,2,200,900,1.178286,-0.423801,-0.72277,-0.380982,37.581874,-0.163632,0.002171,4.414283,0.58,195.725
856,landing,3790.041906,31.825567,54.560274,95.603299,189.905255,632.006458,20.900636,0.208108,11.917422,26.338732,2555.32065,fuel_mixture_drift,1,2,200,900,5.966159,-0.392469,0.417439,0.908446,39.536613,0.050736,-0.010161,4.603164,0.58,195.72
857,landing,3777.22376,31.917505,54.546057,95.765794,192.443598,633.889278,20.92299,0.199681,11.805519,26.782735,2545.534109,fuel_mixture_drift,1,2,200,900,5.228241,0.13489,0.07964,0.05247,37.483697,-0.119756,-0.002222,4.506563,0.58,195.715
858,landing,3822.560477,29.510716,53.668165,95.772922,191.334,628.37761,21.078729,0.195659,11.650449,28.407432,2411.312,fuel_mixture_drift,1,2,200,900,3.08595,-0.611165,0.009048,-0.513043,38.384171,-0.190632,-0.004706,4.560564,0.58,195.71
859,landing,3779.257674,31.79696,53.220215,94.94036,191.809408,634.809474,20.817271,0.203227,11.707174,28.286875,2616.705975,fuel_mixture_drift,1,2,200,900,-5.110139,-0.065332,0.489809,-0.701438,39.735704,-0.04909,0.008911,4.569231,0.58,195.705
860,landing,3790.268336,29.807574,53.298866,95.813312,188.041534,624.418172,21.300496,0.199656,11.566673,29.40702,2514.86758,fuel_mixture_drift,1,2,200,900,1.954102,-0.006224,0.775497,0.752622,37.80637,0.057976,-0.003,4.444141,0.58,195.7
861,landing,3798.489348,29.483408,53.561837,95.358571,188.813996,630.504315,21.123688,0.206853,11.623917,25.789501,2432.600398,fuel_mixture_drift,1,2,200,900,1.529444,0.128992,-0.813504,-0.93122,39.839509,-0.068942,0.008855,4.475959,0.58,195.695
862,landing,3809.651028,30.518137,54.319794,96.086042,192.314635,628.854077,20.679444,0.200341,11.715042,28.861535,2500.736747,fuel_mixture_drift,1,2,200,900,0.703394,0.09257,-0.189246,-1.207868,35.830979,0.01233,0.00306,4.669227,0.58,195.69
863,landing,3823.201536,29.953399,54.317683,96.763003,191.354665,629.150873,21.153231,0.210244,11.677064,30.150865,2568.443104,fuel_mixture_drift,1,2,200,900,-2.548798,-0.207584,-0.217987,0.812307,37.291474,-0.39642,0.001932,4.588211,0.58,195.685
864,landing,3817.498261,30.428416,53.767987,95.864225,189.120894,630.358424,21.061062,0.199729,11.63898,27.843385,2548.899973,fuel_mixture_drift,1,2,200,900,2.882789,-0.514618,-0.31178,-0.762099,39.52411,-0.001122,0.002853,4.449782,0.58,195.68
865,landing,3794.422064,29.775536,53.725366,95.970146,191.542619,626.502255,20.597517,0.206934,11.719742,28.503199,2385.415999,fuel_mixture_drift,1,2,200,900,6.161552,0.619223,-0.030298,1.239747,34.198109,0.119891,0.002486,4.52255,0.58,195.675
866,landing,3811.897326,30.330342,54.022695,96.409046,190.791512,634.89183,21.065251,0.196802,11.675484,29.263102,2415.716438,fuel_mixture_drift,1,2,200,900,-2.685178,0.031957,-0.419097,0.95155,36.129668,-0.053299,-0.005808,4.556095,0.58,195.67
867,landing,3779.158062,30.569013,53.682232,95.100116,191.822696,628.271808,21.292271,0.213141,11.819184,26.673025,2576.04591,fuel_mixture_drift,1,2,200,900,1.189131,-0.096523,-1.617635,0.415633,36.83742,-0.062137,0.002266,4.503663,0.58,195.665
868,landing,3806.703889,30.891682,54.324577,95.265247,190.744122,628.916557,20.79475,0.206974,11.621937,29.030805,2421.916748,fuel_mixture_drift,1,2,200,900,-0.253586,0.364919,-0.449894,0.191449,38.290451,-0.036864,-0.007204,4.396693,0.58,195.66
869,landing,3804.162809,30.271686,54.415495,95.964226,190.789447,631.49624,21.064599,0.203538,11.611589,27.115053,2448.84966,fuel_mixture_drift,1,2,200,900,-0.020046,-0.154784,0.38947,1.144297,37.778841,-0.044925,-0.000165,4.290279,0.58,195.655
870,landing,3767.967022,29.578235,53.500474,96.434657,191.153043,634.772371,20.947994,0.206134,11.780911,27.980416,2522.125784,fuel_mixture_drift,1,2,200,900,-1.148152,-0.181348,0.309729,-0.950274,35.898284,0.015501,0.009371,4.441394,0.58,195.65
871,landing,3765.164795,30.137871,54.120792,95.186802,189.799458,630.575261,20.909619,0.198093,11.621701,26.883731,2416.5237,fuel_mixture_drift,1,2,200,900,-0.81234,-0.920116,0.977925,-1.434459,38.139213,0.015044,0.005762,4.424397,0.58,195.645
872,landing,3775.515626,30.966598,53.632656,96.112485,189.452184,631.663364,20.835936,0.196881,11.587721,27.979226,2408.11007,fuel_mixture_drift,1,2,200,900,1.968918,-0.345071,-0.242565,0.615429,37.225316,-0.148115,-0.008054,4.463478,0.58,195.64
873,landing,3803.515128,31.234593,54.291266,96.184289,192.810776,631.775579,20.951669,0.203504,11.539909,28.497895,2614.864009,fuel_mixture_drift,1,2,200,900,0.792299,0.725815,1.186923,-0.372959,37.574346,0.088152,-0.001151,4.375489,0.58,195.635
874,landing,3780.88396,30.805652,54.065631,95.636641,191.051037,632.241678,20.976,0.201555,11.716035,27.946297,2528.211413,fuel_mixture_drift,1,2,200,900,-2.377497,0.143627,0.228356,-0.083695,40.067327,-0.090876,0.004956,4.523157,0.58,195.63
875,landing,3780.294291,29.68107,54.88584,96.781829,190.190853,636.597112,21.072296,0.200915,11.719666,30.109278,2534.371366,fuel_mixture_drift,1,2,200,900,-1.168773,0.21524,-0.090836,-0.450419,39.642158,0.086797,-0.000997,4.403034,0.58,195.625
876,landing,3755.647193,30.059318,53.499195,96.303812,191.614946,631.812572,21.13081,0.200684,11.767041,27.539632,2450.606663,fuel_mixture_drift,1,2,200,900,-2.276421,0.828816,0.130303,0.110306,39.171726,0.039288,0.005526,4.495281,0.58,195.62
877,landing,3809.698011,28.955782,53.778124,96.190629,189.582921,634.46993,20.985273,0.204958,12.005138,27.717902,2441.618274,fuel_mixture_drift,1,2,200,900,-4.203518,0.2063,-0.53132,-0.162211,37.821818,0.088032,-0.003549,4.494715,0.58,195.615
878,landing,3767.466474,30.024359,54.225625,95.645314,192.776061,630.618598,20.652778,0.210873,11.644104,27.652165,2502.332584,fuel_mixture_drift,1,2,200,900,-0.344492,0.02032,-0.069431,-0.20399,41.75417,-0.167245,0.0022,4.429157,0.58,195.61
879,landing,3774.356935,32.022435,53.730573,95.766356,189.841544,633.35611,20.916143,0.210137,11.70883,28.810436,2587.37664,fuel_mixture_drift,1,2,200,900,-0.895232,-0.606311,0.175224,-0.339447,39.004047,-0.09489,-0.005996,4.570773,0.58,195.605
880,landing,3775.227674,31.282771,54.274595,95.368861,190.527489,632.085016,20.822232,0.208253,11.629627,31.175536,2443.984987,fuel_mixture_drift,1,2,200,900,1.437533,-0.078193,0.444182,-0.201194,37.664457,0.144213,-0.000567,4.448064,0.58,195.6
881,landing,3823.14329,31.53917,53.624755,96.01247,191.75368,632.490536,20.866122,0.199359,11.513057,27.829352,2300.962856,fuel_mixture_drift,1,2,200,900,-3.795167,0.040734,-0.832383,0.537058,34.875319,-0.156914,-0.005657,4.418778,0.58,195.595
882,landing,3830.188014,30.840954,54.229202,96.233112,190.709153,630.263811,21.11757,0.207375,11.784368,27.312492,2410.484689,fuel_mixture_drift,1,2,200,900,0.222011,0.456697,-0.58065,-0.212533,38.293947,0.022401,-0.008178,4.629856,0.58,195.59
883,landing,3783.238551,30.114074,54.031958,95.373609,192.771366,638.790267,20.591195,0.201662,11.484392,28.359329,2496.911058,fuel_mixture_drift,1,2,200,900,-3.1626,0.090677,0.352942,-0.713119,38.60315,0.025112,-0.00088,4.42369,0.58,195.585
884,landing,3810.782759,31.571533,54.246247,95.213507,191.860681,633.362161,21.039887,0.213766,11.683634,28.076913,2449.693103,fuel_mixture_drift,1,2,200,900,-0.746134,0.216465,0.106616,-0.350981,38.533974,-0.01753,-0.006805,4.531743,0.58,195.58
885,landing,3787.33381,30.318966,54.177059,96.749363,192.162706,626.946747,20.880736,0.196981,11.554868,28.758694,2493.424011,fuel_mixture_drift,1,2,200,900,2.304342,-0.253514,-0.312347,-0.105279,34.78926,-0.129316,0.002945,4.601395,0.58,195.575
886,landing,3801.722919,32.278369,54.44525,95.7544,190.276031,635.484766,21.024592,0.201767,11.904585,28.922827,2640.448876,fuel_mixture_drift,1,2,200,900,-0.059074,0.377335,-0.764843,0.265517,35.732765,-0.103395,-0.009698,4.592325,0.58,195.57
887,landing,3775.587843,31.386899,53.63073,95.498824,191.611656,629.632476,20.769061,0.20659,12.00092,27.606429,2378.897806,fuel_mixture_drift,1,2,200,900,6.060517,0.047239,-0.626362,1.208643,38.282248,-0.023938,0.002408,4.47703,0.58,195.565
888,landing,3780.179156,32.57647,54.15954,96.127854,189.830669,633.205729,21.06011,0.217419,11.605218,27.751379,2572.101942,fuel_mixture_drift,1,2,200,900,-4.579844,-1.02947,0.817367,0.393772,36.012803,-0.25258,0.000895,4.700465,0.58,195.56
889,landing,3792.333909,31.588017,54.620835,96.347352,191.621743,631.105508,20.596253,0.204148,11.720524,28.160841,2484.728417,fuel_mixture_drift,1,2,200,900,1.917181,-0.328458,-0.143367,1.055588,34.568622,-0.379516,-0.00325,4.416294,0.58,195.555
890,landing,3793.901618,31.456809,53.277719,95.617309,189.935183,634.483979,20.849069,0.199155,11.825373,29.41241,2506.828682,fuel_mixture_drift,1,2,200,900,1.70156,-0.975705,-0.596567,-0.434594,36.50051,-0.085136,-0.000879,4.619281,0.58,195.55
891,landing,3797.747854,30.090895,54.106922,96.818912,191.135843,631.349562,20.754578,0.2026,11.608116,30.158371,2504.134536,fuel_mixture_drift,1,2,200,900,7.576019,-0.117478,0.131284,-0.16233,38.185614,0.144809,0.004749,4.533236,0.58,195.545
892,landing,3786.594578,32.909208,53.865384,95.408588,189.924996,634.264865,21.160383,0.201715,11.854897,28.358234,2459.092701,fuel_mixture_drift,1,2,200,900,-0.332762,0.024031,-0.350305,0.254297,37.76289,-0.005727,-0.005179,4.521571,0.58,195.54
893,landing,3803.319925,30.604956,54.336782,95.721942,191.37522,630.613646,21.045086,0.194501,11.884535,27.961331,2476.446913,fuel_mixture_drift,1,2,200,900,-0.957604,1.9e-05,0.162556,-0.36084,40.07206,0.083768,-0.005289,4.474389,0.58,195.535
894,landing,3804.928663,31.241015,54.027877,96.192733,190.646503,634.362448,20.861702,0.203257,11.603764,29.318458,2502.50259,fuel_mixture_drift,1,2,200,900,-2.900479,-0.02087,-0.095539,-0.209258,37.004239,-0.151473,0.001985,4.565761,0.58,195.53
895,landing,3791.816275,29.919763,54.09075,97.038128,190.465788,626.570071,20.94664,0.206113,11.713636,28.991264,2604.227466,fuel_mixture_drift,1,2,200,900,-0.649179,-0.57474,-0.250645,0.325199,35.590242,-0.014727,0.001981,4.416965,0.58,195.525
896,landing,3803.567553,30.84369,54.323078,95.719063,189.406857,632.269433,20.808185,0.199552,11.788241,29.799043,2583.465273,fuel_mixture_drift,1,2,200,900,2.730438,0.02302,0.827873,-1.163979,36.872358,-0.026539,-0.003223,4.406873,0.58,195.52
897,landing,3777.825425,31.951448,53.450211,96.280133,191.152475,630.466513,21.224367,0.205317,11.573019,27.605573,2567.212535,fuel_mixture_drift,1,2,200,900,1.624116,-0.491328,0.513087,0.759572,37.68175,0.011949,0.001294,4.56931,0.58,195.515
898,landing,3782.290971,32.735324,54.479628,94.414588,191.301119,632.413681,20.682422,0.201305,11.657454,26.906137,2459.005789,fuel_mixture_drift,1,2,200,900,-0.083891,0.089882,0.803576,-1.159685,39.918494,-0.025266,-0.000172,4.418036,0.58,195.51
899,landing,3794.200164,30.32297,53.695969,96.365669,190.812599,630.996306,20.53057,0.202622,11.740931,26.622771,2549.147379,fuel_mixture_drift,1,2,200,900,-2.008511,-0.00849,0.052583,-0.443827,35.142256,0.071829,-0.003254,4.577042,0.58,195.505
