timestamp,mission_phase,rpm,throttle,oil_pressure,oil_temp,cht,egt,manifold_pressure,vibration,fuel_flow,ambient_temp,altitude,fault_type,fault_active,fault_severity,fault_start_time,fault_end_time,residual_rpm,residual_oil_pressure,residual_oil_temp,residual_cht,residual_egt,residual_manifold_pressure,residual_vibration,residual_fuel_flow,health_index,baseline_rul
0,idle,3769.768664,43.02006,64.443401,87.548093,170.567516,571.431632,17.973232,0.315538,6.8,8.523203,3435.878969,healthy,0,0,0,0,-0.317836,-0.563029,0.080519,-0.086034,-0.973962,0.205202,-0.001508,-0.017415,1.0,200.0
1,idle,3810.870845,41.521761,64.161373,89.552394,168.812207,576.867196,17.783431,0.313423,6.8,8.505808,3528.122337,healthy,0,0,0,0,-6.48831,-0.251907,0.045313,1.374098,0.516241,-0.088038,0.000125,0.012529,1.0,199.995
2,idle,3815.30373,44.474915,64.460657,88.950914,168.809511,576.193307,17.958894,0.316678,6.8,8.314684,3584.521057,healthy,0,0,0,0,2.972402,-0.166598,0.668285,-0.177039,2.829888,-0.106364,-0.005187,0.003351,1.0,199.99
3,idle,3791.156914,43.783452,63.810643,88.675529,167.638038,574.542647,18.016985,0.313701,6.8,9.194254,3451.033753,healthy,0,0,0,0,-6.767207,-0.08827,0.017892,-0.454589,-0.522339,-0.124315,0.000776,-0.055185,1.0,199.985
4,idle,3821.391835,44.356158,64.828484,88.120943,168.880419,571.671934,18.050038,0.324965,6.8,8.360517,3318.77682,healthy,0,0,0,0,2.522655,-0.223791,0.271353,-0.326299,0.270397,0.051532,-0.004324,0.009247,1.0,199.98
5,idle,3782.53209,42.57202,64.38181,88.537397,167.910451,577.673184,17.756591,0.323109,6.8,7.348097,3314.236037,healthy,0,0,0,0,-0.592949,0.216816,0.536828,0.528798,-1.164836,-0.148324,0.001437,-0.094125,1.0,199.975
6,idle,3791.457814,41.020796,64.69943,87.472963,167.537006,576.476961,17.865119,0.304153,6.8,7.639285,3505.776951,healthy,0,0,0,0,4.030698,-0.044849,-0.240615,-0.313254,-1.805062,-0.205898,0.002477,0.006767,1.0,199.97
7,idle,3775.685949,41.811167,64.786207,87.737731,166.448783,574.021212,17.854313,0.311563,6.8,11.25681,3501.312295,healthy,0,0,0,0,3.090429,0.604154,-0.138356,-1.73147,0.100117,0.005996,0.004853,0.05686,1.0,199.965
8,idle,3765.664548,44.268053,64.906775,87.68872,168.911145,573.064003,18.113557,0.316147,6.8,6.399791,3699.979061,healthy,0,0,0,0,-1.508177,0.867161,0.430593,0.574929,1.868335,0.111961,0.006494,0.029132,1.0,199.96
9,idle,3784.111158,42.276166,64.54638,87.821772,168.905034,575.38702,18.30143,0.306783,6.8,7.917261,3602.689771,healthy,0,0,0,0,-0.943192,-0.502497,0.384485,-1.680832,1.38863,-0.078913,-0.004111,-0.034826,1.0,199.955
10,idle,3816.260949,43.605947,64.338379,88.250698,168.589751,571.242423,18.034969,0.317915,6.8,8.288182,3350.85274,healthy,0,0,0,0,2.39576,0.604108,0.121198,2.130799,3.212222,-0.065956,-0.007308,-0.162263,1.0,199.95
11,idle,3799.992638,41.778939,64.801886,87.211378,170.102943,575.566256,18.122943,0.322167,6.8,7.688503,3377.761491,healthy,0,0,0,0,-4.524655,0.321804,0.156699,-0.135411,0.933468,-0.064548,0.006177,0.053419,1.0,199.945
12,idle,3838.795318,42.308233,63.795369,88.713961,168.095589,576.644596,17.857688,0.317147,6.8,9.29265,3622.546749,healthy,0,0,0,0,-1.064872,-0.283616,-0.386399,0.370275,0.22628,-0.033185,-0.002023,0.008622,1.0,199.94
13,idle,3809.912589,42.952113,64.428823,87.574228,168.59787,576.647292,18.129772,0.321746,6.8,8.803927,3502.782917,healthy,0,0,0,0,-0.049377,-0.129691,-0.435261,0.235444,0.76496,0.132483,0.000214,0.118242,1.0,199.935
14,idle,3802.497964,42.739454,65.46503,88.357351,167.820175,573.95594,18.451194,0.315045,6.8,5.925027,3525.08545,healthy,0,0,0,0,-3.465221,0.070533,-0.66895,0.659457,1.639986,-0.053351,-0.002558,-0.000289,1.0,199.93
15,idle,3777.912435,43.107692,63.860741,88.884406,171.000431,573.918014,17.963347,0.313056,6.8,8.164117,3551.215333,healthy,0,0,0,0,-0.838202,0.281206,-1.423004,-1.294064,2.914016,-0.098901,-0.00051,-0.026705,1.0,199.925
16,idle,3814.094625,40.069405,64.039087,87.252384,167.154624,574.087657,17.997604,0.312352,6.8,7.472387,3584.566099,healthy,0,0,0,0,-5.129421,0.511825,-0.050698,-0.152014,0.66495,-0.097826,-0.001112,0.185546,1.0,199.92
17,idle,3837.052505,42.853003,64.40078,88.909854,166.906981,579.071668,18.206651,0.315587,6.8,6.355643,3554.839487,healthy,0,0,0,0,-1.673819,-0.414059,-0.492821,-0.039227,-3.074245,0.2181,-0.002343,0.057948,1.0,199.915
18,idle,3801.286305,43.596788,64.9952,88.474237,168.196231,575.996804,18.013902,0.313901,6.8,6.491197,3429.553832,healthy,0,0,0,0,3.781258,-0.12969,-0.318233,-1.303774,-0.194907,-0.109974,-0.000954,0.005266,1.0,199.91
19,idle,3793.187765,40.141941,64.420861,88.817991,168.828689,573.903895,18.194878,0.312168,6.8,7.451,3366.993179,healthy,0,0,0,0,-2.301171,-0.246365,1.352217,1.321059,-1.699332,0.188511,0.001923,0.09404,1.0,199.905
20,idle,3806.797549,40.866038,64.852813,87.022845,167.843469,574.434249,18.089259,0.316475,6.8,8.460873,3508.413147,healthy,0,0,0,0,-3.902801,0.357922,-0.399135,-0.386469,-0.513196,0.013262,-0.007284,0.061832,1.0,199.9
21,idle,3831.304237,42.305142,64.929217,88.833693,168.523973,575.198195,18.32855,0.316412,6.8,8.360385,3425.267278,healthy,0,0,0,0,-0.264634,-0.122793,-0.592989,-0.230738,-0.332755,-0.043657,0.003831,0.029337,1.0,199.895
22,idle,3808.661323,40.753779,64.168992,87.843431,168.575668,571.596107,18.35956,0.330457,6.8,7.046425,3407.565475,healthy,0,0,0,0,3.426712,-0.153291,0.050104,0.177785,-0.252243,-0.039351,0.007767,-0.207048,1.0,199.89
23,idle,3809.800782,39.480241,64.96636,87.565404,167.73935,573.022648,18.269795,0.31688,6.8,8.865817,3616.932867,healthy,0,0,0,0,0.524711,0.265077,0.166791,-0.594128,1.751545,0.051949,-0.000951,0.084181,1.0,199.885
24,idle,3814.000053,42.090045,65.396592,87.891186,166.932354,572.774495,18.114437,0.311242,6.8,9.417445,3586.174704,healthy,0,0,0,0,6.18135,0.316567,0.249974,0.347352,0.570283,-0.111756,-0.001546,0.088232,1.0,199.88
25,idle,3798.790325,42.012755,64.634245,88.350871,168.217061,573.202899,18.152446,0.302125,6.8,9.827035,3470.171337,healthy,0,0,0,0,0.974677,-0.040379,-0.295699,-0.311853,0.104152,0.081202,-0.003585,0.023501,1.0,199.875
26,idle,3779.444924,42.901448,64.851623,87.932375,167.533422,573.637757,17.928592,0.331735,6.8,8.423276,3474.233033,healthy,0,0,0,0,-0.413995,-0.197636,-0.264142,-0.261572,2.56246,-0.02808,-0.001848,-0.0163,1.0,199.87
27,idle,3786.914345,42.820726,65.634112,87.581721,168.013231,575.151252,17.738427,0.308794,6.8,9.075703,3350.487461,healthy,0,0,0,0,-0.362553,-0.124227,-0.661987,0.280947,1.017476,-0.018705,-0.003157,-0.002099,1.0,199.865
28,idle,3771.384918,41.233458,64.442369,88.189842,166.787392,574.564064,18.193857,0.313644,6.8,7.429178,3446.6889,healthy,0,0,0,0,-1.089042,0.629537,-0.319869,0.424274,-0.056428,0.002864,0.001439,0.007302,1.0,199.86
29,idle,3807.477344,42.032756,64.409311,88.294277,167.717095,575.963614,17.765446,0.311143,6.8,7.999673,3380.096241,healthy,0,0,0,0,3.99083,-0.053641,-0.212369,-0.959145,0.8773,0.103032,0.000137,0.01983,1.0,199.855
30,idle,3815.010081,41.922618,64.749818,87.822823,168.681392,573.512863,17.546481,0.306087,6.8,6.199215,3467.048914,healthy,0,0,0,0,3.891727,-0.056293,0.120355,0.208307,-0.989666,-0.125005,0.004187,0.047965,1.0,199.85
31,idle,3838.485249,42.662639,64.634586,88.122051,169.443644,573.736315,18.052382,0.311062,6.8,7.215219,3514.58122,healthy,0,0,0,0,-0.968724,0.609658,0.10968,-0.46884,1.215239,-0.002913,-0.002498,0.018178,1.0,199.845
32,idle,3804.777865,41.588298,64.105784,87.830392,168.343698,574.744601,17.993138,0.308445,6.8,9.318011,3600.082533,healthy,0,0,0,0,-1.441564,0.109476,0.028618,-1.975995,0.402244,0.014991,-0.005485,-0.009797,1.0,199.84
33,idle,3829.486892,42.098219,63.943712,88.522262,169.305182,576.651207,18.291951,0.316502,6.8,7.712851,3523.203236,healthy,0,0,0,0,-0.980911,0.331735,0.063674,-0.240306,0.649949,0.082072,-0.00668,-0.157796,1.0,199.835
34,idle,3814.312871,42.060954,65.10624,87.981741,168.549834,576.498862,18.302743,0.312111,6.8,8.575004,3369.645583,healthy,0,0,0,0,6.167202,-0.01945,-0.986228,0.331437,1.361042,0.118179,0.002881,-0.021046,1.0,199.83
35,idle,3787.10839,42.226504,65.104868,88.680561,169.101931,576.07202,17.96944,0.309863,6.8,8.318685,3492.600119,healthy,0,0,0,0,1.725877,-0.353976,-0.573489,0.161544,-0.777236,-0.197417,0.004906,0.071413,1.0,199.825
36,idle,3838.54027,43.548917,64.925521,88.897789,169.916825,571.872274,18.016367,0.316953,6.8,9.358989,3636.906795,healthy,0,0,0,0,2.384971,0.134441,-0.656768,-1.013369,0.800492,-0.055397,-0.005354,-0.193966,1.0,199.82
37,idle,3810.89918,43.185406,63.880584,88.769684,168.736905,573.557933,18.030472,0.316497,6.8,8.597006,3609.312542,healthy,0,0,0,0,2.824702,0.471862,0.865859,-1.157672,2.688654,-0.102701,-0.004129,0.034482,1.0,199.815
38,idle,3809.441897,43.075706,64.41653,87.945707,169.813455,573.578247,17.944831,0.311779,6.8,8.743467,3495.271982,healthy,0,0,0,0,0.319407,-0.073208,-0.803626,1.374169,-2.446589,-0.084604,0.006352,0.067595,1.0,199.81
39,idle,3807.601812,44.053749,64.544988,88.4634,170.562398,572.017398,17.778756,0.310299,6.8,7.730946,3507.094476,healthy,0,0,0,0,1.489545,-0.237151,0.151888,-0.587794,-1.574681,0.060696,-0.006672,-0.166885,1.0,199.805
40,idle,3813.634968,43.25954,64.104192,87.9893,168.016829,577.109177,18.204241,0.310039,6.8,7.662464,3517.826521,healthy,0,0,0,0,0.081407,-0.269291,0.465706,-0.462595,-2.748761,0.057156,0.004825,-0.010463,1.0,199.8
41,idle,3805.734706,40.287809,65.311617,88.888464,167.986571,576.442374,18.08398,0.307907,6.8,8.725825,3593.674745,healthy,0,0,0,0,-0.98019,0.17211,-0.17923,-0.969397,-2.301641,0.018158,-0.000885,0.029653,1.0,199.795
42,idle,3789.769082,42.328069,64.633459,88.505848,168.268724,576.564957,17.994661,0.306563,6.8,7.057219,3453.195511,healthy,0,0,0,0,0.941368,-0.1451,-0.491228,0.271386,1.154103,0.061832,-0.00249,-0.014839,1.0,199.79
43,idle,3821.651397,43.016646,64.407825,87.544269,170.696862,572.675805,18.222645,0.307458,6.8,9.445363,3459.924037,healthy,0,0,0,0,-1.863321,-0.007864,-0.012919,0.94703,-0.171317,0.247345,-0.008385,-0.025573,1.0,199.785
44,idle,3786.420564,42.551817,64.364836,87.889719,167.548562,577.125722,17.667689,0.314901,6.8,10.016241,3373.499459,healthy,0,0,0,0,-1.109511,-0.295484,-0.558082,0.956859,-1.383064,0.134074,-0.010932,-0.097696,1.0,199.78
45,idle,3817.348098,41.504915,63.832547,87.354588,167.738451,576.414761,18.035776,0.315398,6.8,8.785138,3532.429632,healthy,0,0,0,0,-5.310689,0.092281,-0.561366,1.245065,-0.258376,0.184778,0.001238,-0.000768,1.0,199.775
46,idle,3776.578872,41.368794,64.376867,88.545322,166.380521,577.837441,18.344278,0.322658,6.8,8.001999,3464.275922,healthy,0,0,0,0,-6.050612,0.646991,0.38623,-0.940864,0.237248,-0.070375,-0.000431,-0.024414,1.0,199.77
47,idle,3790.960014,40.181688,64.39206,88.408628,168.619755,571.886585,17.966725,0.305569,6.8,9.193414,3437.428834,healthy,0,0,0,0,0.871723,0.163492,0.515787,-0.486698,-0.004024,-0.01698,-0.003251,-0.088389,1.0,199.765
48,idle,3788.662214,42.991388,63.967688,88.753062,166.681165,574.824877,17.907713,0.319673,6.8,8.988171,3307.719243,healthy,0,0,0,0,-0.657384,0.195891,-0.492598,0.565199,-0.541064,0.245459,-0.001121,0.127042,1.0,199.76
49,idle,3811.316479,40.936255,64.195381,87.842163,167.979564,576.864539,18.079674,0.316911,6.8,8.735429,3534.914861,healthy,0,0,0,0,0.025592,-0.21172,-0.04564,1.165109,1.443641,0.166192,-0.001507,-0.157994,1.0,199.755
50,idle,3791.217409,39.768328,64.468803,87.721876,167.564956,574.524178,18.017832,0.317472,6.8,9.035741,3483.261903,healthy,0,0,0,0,2.902106,0.587055,0.568918,0.46469,-0.052859,-0.080458,0.002116,-0.003951,1.0,199.75
51,idle,3763.695233,40.907993,64.679817,88.096986,169.098331,574.225679,18.210747,0.313006,6.8,9.074244,3498.235943,healthy,0,0,0,0,4.331008,0.528065,-0.285746,0.261698,-0.616132,-0.126947,0.002603,0.060327,1.0,199.745
52,idle,3765.08004,42.044356,64.966171,87.792271,167.262524,574.98426,17.953723,0.314063,6.8,8.093945,3541.270848,healthy,0,0,0,0,2.543794,0.066746,-0.912762,-1.014845,0.116113,-0.112123,0.008123,-0.134597,1.0,199.74
53,idle,3812.741294,42.752033,65.030248,88.751639,169.945492,568.24373,18.443524,0.309454,6.8,8.566199,3372.29238,healthy,0,0,0,0,2.023895,-0.414638,-0.20532,2.319676,-0.406931,-0.056479,0.002499,0.070492,1.0,199.735
54,idle,3828.459137,42.327584,64.832572,89.239767,169.314697,575.723423,18.091264,0.31482,6.8,6.569898,3304.14676,healthy,0,0,0,0,-0.656052,0.291744,-0.166583,-0.322511,1.626388,0.106872,-5.2e-05,-0.046486,1.0,199.73
55,idle,3809.630612,42.703723,65.282817,88.554743,167.601624,572.031438,17.73512,0.308411,6.8,9.894179,3587.108105,healthy,0,0,0,0,-1.020626,0.049716,-0.320282,-2.132007,-1.606076,-0.008395,-0.004823,-0.136266,1.0,199.725
56,idle,3779.377416,42.4373,65.034237,88.273796,169.59543,575.94301,18.103228,0.312196,6.8,8.01115,3420.312648,healthy,0,0,0,0,0.459723,0.718006,-0.241415,-0.019454,0.154571,-0.164781,-0.003733,0.048398,1.0,199.72
57,idle,3790.012167,43.101993,64.781486,87.494428,168.047098,568.511281,17.99306,0.317289,6.8,7.547558,3305.539488,healthy,0,0,0,0,-0.600492,-0.209444,-0.108612,1.479656,-1.601303,-0.202629,0.006343,0.056247,1.0,199.715
58,idle,3822.653563,40.355165,63.859793,87.457573,167.411891,568.833529,17.86273,0.311777,6.8,8.409836,3418.351553,healthy,0,0,0,0,2.971712,-0.031313,-0.296203,-0.223192,2.252152,-0.038562,0.008825,-0.030717,1.0,199.71
59,idle,3814.03011,40.809,65.035482,88.122305,166.95113,579.481627,17.809235,0.312021,6.8,6.730343,3495.994297,healthy,0,0,0,0,-3.642673,0.304081,-0.704409,-0.366374,-2.363638,0.167449,0.005887,-0.063564,1.0,199.705
60,idle,3811.769595,43.252401,65.893405,88.903131,166.386494,572.253219,17.878874,0.315694,6.8,10.174697,3613.848305,healthy,0,0,0,0,-0.179174,0.091099,-0.0827,0.144252,-0.279961,0.037647,-0.007314,0.046415,1.0,199.7
61,idle,3814.700388,42.373699,64.339252,87.242417,169.360229,577.483716,18.178174,0.312765,6.8,6.320647,3631.646746,healthy,0,0,0,0,-5.813884,-0.280755,0.376739,0.000951,-1.434283,0.004481,-0.004651,-0.03081,1.0,199.695
62,idle,3809.037842,41.6061,65.183628,87.999065,167.063129,577.326729,18.190588,0.309794,6.8,9.247998,3548.046609,healthy,0,0,0,0,-0.983295,-0.035629,-0.8347,0.400222,1.322655,0.201348,0.004257,0.011929,1.0,199.69
63,idle,3811.445024,43.177954,64.992014,87.426132,167.313085,572.661235,17.651585,0.301729,6.8,9.911006,3446.42612,healthy,0,0,0,0,0.422321,0.40774,1.209539,0.235633,0.568427,-0.142643,-0.000793,0.054856,1.0,199.685
64,idle,3819.401419,41.793168,64.234256,88.179407,167.994017,567.738636,18.125784,0.313879,6.8,7.188316,3424.056271,healthy,0,0,0,0,-1.883201,0.494823,0.698223,0.169038,-1.161264,-0.059871,-0.000203,-0.008875,1.0,199.68
65,idle,3793.163886,42.025592,64.604596,87.443004,167.416185,573.434316,18.004419,0.318798,6.8,9.956644,3496.633775,healthy,0,0,0,0,-1.80352,-0.109065,-0.673979,-0.355696,2.08167,-0.003992,-0.002578,0.016734,1.0,199.675
66,idle,3794.204302,41.178252,65.213617,88.196525,168.606014,580.249652,17.973622,0.306075,6.8,7.549776,3505.94031,healthy,0,0,0,0,5.147138,-0.516433,-0.970174,0.151979,-0.25527,0.16802,-0.004437,0.091881,1.0,199.67
67,idle,3831.789862,42.203027,64.422441,88.031841,168.690455,573.635966,17.774421,0.313177,6.8,7.538162,3337.986344,healthy,0,0,0,0,-1.483827,-0.059242,-0.404121,-0.049306,-2.8467,0.314722,0.001335,-0.019427,1.0,199.665
68,idle,3815.625241,40.828702,65.05336,88.871968,167.832835,575.456166,17.8646,0.308181,6.8,8.492321,3512.604327,healthy,0,0,0,0,-0.164899,-0.076237,0.444657,-0.283909,1.405802,-0.198838,0.00232,0.038203,1.0,199.66
69,idle,3799.432741,42.136199,65.159808,87.477625,168.617475,571.204284,18.036788,0.314769,6.8,9.894848,3541.993779,healthy,0,0,0,0,-2.356304,0.420147,-0.023274,1.300402,-0.614294,-0.090325,0.002638,-0.032869,1.0,199.655
70,idle,3814.238147,42.170338,64.13912,87.85505,167.929742,572.607917,18.001243,0.318672,6.8,8.01923,3595.138856,healthy,0,0,0,0,1.381598,-0.510566,0.10386,-0.452469,-0.295613,0.023209,-0.003465,0.074007,1.0,199.65
71,idle,3805.260462,41.855105,64.76593,88.143263,168.811111,578.285152,17.897613,0.312583,6.8,7.994375,3465.357324,healthy,0,0,0,0,-1.670644,0.329056,-0.301513,1.087977,0.976007,-0.020248,-0.001286,0.015735,1.0,199.645
72,idle,3836.661424,42.76672,63.728025,87.551606,168.99223,575.241939,17.865342,0.311902,6.8,9.040352,3532.141619,healthy,0,0,0,0,1.705993,0.050522,0.5958,1.899705,2.986525,-0.049124,-0.00175,-0.093378,1.0,199.64
73,idle,3813.484508,41.741749,64.686345,88.345189,169.645492,571.897066,18.089457,0.322158,6.8,5.948796,3417.829813,healthy,0,0,0,0,0.891325,-1.024091,-0.321195,0.461145,2.690921,-0.316028,-0.008545,0.002315,1.0,199.635
74,idle,3795.990782,42.743367,64.437183,88.279589,168.151642,574.496078,17.597742,0.30953,6.8,7.98132,3570.935441,healthy,0,0,0,0,-2.512005,-0.448074,1.017223,0.875167,2.155531,0.138521,0.003627,-0.073274,1.0,199.63
75,idle,3796.795524,41.354976,64.46445,88.81325,168.920064,566.638792,17.931999,0.317624,6.8,9.349203,3325.06747,healthy,0,0,0,0,2.584639,0.129905,0.67832,-0.172389,0.360843,0.070223,0.005544,0.03604,1.0,199.625
76,idle,3817.136464,42.015531,64.736404,87.770427,168.207353,575.999323,18.159374,0.314632,6.8,7.660125,3342.964359,healthy,0,0,0,0,-0.770136,-0.481329,1.118208,1.521904,-0.270618,-0.099269,-0.000606,-0.005718,1.0,199.62
77,idle,3792.187757,41.107993,64.227582,87.911913,167.634913,574.904901,18.035028,0.320262,6.8,7.568545,3565.423256,healthy,0,0,0,0,1.786102,-0.359731,-0.546245,0.956281,-0.563703,-0.009536,0.005175,0.200128,1.0,199.615
78,idle,3789.731107,42.63294,64.476782,87.583608,168.096444,575.106545,17.764965,0.315421,6.8,7.510623,3474.245133,healthy,0,0,0,0,2.191695,-0.02437,-0.240811,-0.675496,1.848262,-0.01915,0.000533,0.001833,1.0,199.61
79,idle,3790.253625,42.418218,65.137807,87.484109,168.20836,576.49263,17.871396,0.310777,6.8,10.09849,3573.557812,healthy,0,0,0,0,2.318026,0.456918,-0.29287,0.162336,0.694525,-0.126774,0.001913,0.043135,1.0,199.605
80,idle,3787.882895,41.78581,64.544649,88.410072,167.35809,574.543626,17.81603,0.323989,6.8,8.732589,3519.519374,healthy,0,0,0,0,-1.626249,0.157062,-0.048943,-0.767985,-0.284143,0.22902,0.005369,0.035233,1.0,199.6
81,idle,3830.736098,41.725615,64.767717,87.305239,168.192736,573.742702,17.762426,0.316885,6.8,8.654882,3582.919526,healthy,0,0,0,0,1.549009,-0.379609,-0.496171,-0.136268,3.438252,0.055076,0.002387,0.097435,1.0,199.595
82,idle,3794.159558,43.158756,64.178392,87.83278,168.07714,574.741907,17.799699,0.314095,6.8,8.1706,3433.681757,healthy,0,0,0,0,-0.860921,0.39567,-1.03311,-1.216825,2.430068,-0.02558,-0.002335,0.025285,1.0,199.59
83,idle,3807.255942,41.207036,64.881447,87.613579,169.334067,572.394915,18.105665,0.318262,6.8,6.094927,3465.376991,healthy,0,0,0,0,0.157393,-0.171529,-0.06853,-0.592514,-0.235908,-0.177361,0.003375,0.001369,1.0,199.585
84,idle,3799.066604,41.603731,64.27788,88.724685,170.440563,576.181519,18.156438,0.319521,6.8,8.357238,3622.928161,healthy,0,0,0,0,3.839104,0.10402,-0.357893,1.777466,-0.88433,-0.24861,-0.003789,0.055725,1.0,199.58
85,idle,3810.073449,41.447113,63.680962,87.505178,169.395995,577.438541,18.043697,0.321374,6.8,6.988621,3559.626143,healthy,0,0,0,0,4.20318,0.315303,0.409792,-0.936819,-1.896444,0.091712,-0.00208,-0.104224,1.0,199.575
86,idle,3809.842272,42.173074,65.044718,87.453433,171.40165,582.15138,18.206495,0.314788,6.8,8.635618,3390.218166,healthy,0,0,0,0,5.759664,0.4032,0.520534,0.741067,-1.719198,0.154922,0.001864,0.08703,1.0,199.57
87,idle,3817.778725,42.496744,64.349403,88.154875,167.89633,573.54689,18.063215,0.315598,6.8,9.494119,3530.211549,healthy,0,0,0,0,-3.808892,0.558294,-0.028129,0.176045,1.870643,-0.030307,0.000249,0.08178,1.0,199.565
88,idle,3788.614917,41.008166,64.12041,87.458149,168.408447,572.184548,17.851269,0.309095,6.8,9.311277,3548.16135,healthy,0,0,0,0,5.739327,0.242597,0.240188,0.238507,-0.711366,-0.049154,-0.002738,0.07155,1.0,199.56
89,idle,3804.06938,42.592095,63.987689,88.123369,168.08901,571.316039,18.183135,0.311131,6.8,7.529452,3371.474516,healthy,0,0,0,0,-4.78532,0.124768,-0.271809,-0.77152,-0.604536,-0.30229,0.003711,0.076969,1.0,199.555
90,taxi,3989.832663,57.899609,64.714402,87.036462,178.919646,616.674761,20.133643,0.3199,7.518071,8.202607,3542.796182,healthy,0,0,0,0,-1.910956,0.094679,0.097096,-0.40922,0.56913,0.152172,-0.004514,0.013657,1.0,199.55
91,taxi,3994.889045,56.996115,64.454703,87.614838,179.308736,617.190185,20.083423,0.325781,7.758696,8.907245,3584.304059,healthy,0,0,0,0,1.997536,-0.531591,-0.886345,-0.224744,-0.603045,-0.099718,-0.001481,-0.052496,1.0,199.545
92,taxi,4018.667627,58.3883,64.766273,88.967951,177.137455,616.435844,20.017914,0.30082,7.905224,7.064313,3561.403482,healthy,0,0,0,0,-0.979498,0.104185,-0.19373,0.021053,-0.500972,0.074774,0.004015,0.088865,1.0,199.54
93,taxi,4017.961311,56.67639,65.058151,88.062273,179.148264,610.726098,19.939889,0.311588,7.765535,9.469822,3647.506352,healthy,0,0,0,0,-7.984604,0.276339,-0.084731,0.263515,-2.891997,0.036524,0.000725,-0.010354,1.0,199.535
94,taxi,3978.046036,57.756576,64.739022,88.71082,177.196488,614.49509,20.11043,0.311205,7.525039,8.55344,3469.304938,healthy,0,0,0,0,7.004036,-0.295326,0.728127,0.24702,2.340375,-0.007816,-0.002861,-0.077984,1.0,199.53
95,taxi,3996.665837,58.508338,64.27738,88.249281,177.654848,612.619565,19.92607,0.312005,7.607302,6.910182,3399.494412,healthy,0,0,0,0,-1.459802,-0.017448,0.0995,-1.725444,-1.643772,-0.121039,0.004085,-0.090805,1.0,199.525
96,taxi,4017.067103,55.78466,64.657849,88.422595,177.909358,613.265502,20.026431,0.304838,7.491197,8.486677,3628.430985,healthy,0,0,0,0,0.594379,0.778205,0.275842,0.509982,1.206223,0.198984,-0.000535,0.133105,1.0,199.52
97,taxi,4019.530364,56.710024,64.544307,89.05627,178.991538,609.354536,20.074941,0.313658,7.751301,9.53272,3434.667062,healthy,0,0,0,0,3.268116,-0.504695,-0.149995,-0.135965,-0.648755,0.00068,-0.00139,-0.027655,1.0,199.515
98,taxi,4010.287561,55.531325,64.309883,88.01377,177.979233,616.695365,19.697367,0.306967,7.725145,8.031583,3369.548699,healthy,0,0,0,0,0.624724,0.295781,-0.673687,-1.338538,-0.329434,0.02429,0.002419,0.163821,1.0,199.51
99,taxi,3988.561829,56.656597,64.337801,88.04888,177.000505,615.205322,19.944108,0.321124,7.572307,9.395889,3544.279484,healthy,0,0,0,0,7.955446,0.09431,-0.010418,-0.470813,1.975635,0.105828,0.002489,-0.02934,1.0,199.505
100,taxi,3976.19953,56.203456,63.615296,87.583403,178.282089,615.914264,20.190137,0.307969,7.689051,7.072018,3509.668185,cooling_system_fault,1,1,100,1800,-0.451936,0.004555,0.308337,0.476501,-2.873035,-0.141791,0.001558,-0.090417,1.0,199.5
101,taxi,3999.451986,55.909844,64.0095,88.461659,180.425148,614.753815,20.314873,0.312452,7.827579,10.187275,3564.457662,cooling_system_fault,1,1,100,1800,1.467579,0.383928,0.005602,-0.809543,-2.756976,0.115765,0.01005,-0.058236,1.0,199.495
102,taxi,4029.198241,58.234256,64.211354,88.857265,179.778987,611.199892,19.884542,0.316146,7.997587,6.849566,3461.151153,cooling_system_fault,1,1,100,1800,6.76128,0.608677,-0.636796,0.249692,1.347527,0.037831,-0.005277,0.029503,0.999999,199.49
103,taxi,4013.063574,58.83533,64.855892,87.851375,179.953561,619.980769,20.197575,0.309516,7.775058,8.690892,3560.742247,cooling_system_fault,1,1,100,1800,4.885916,-0.442884,0.341793,0.661323,1.198808,-0.121977,0.0005,0.066984,0.999998,199.485
104,taxi,4034.026562,56.683768,64.568738,88.41341,178.799444,614.90768,19.603549,0.311168,7.77221,7.715794,3346.11211,cooling_system_fault,1,1,100,1800,0.520747,0.259007,-0.806649,1.223615,-1.36671,-0.224783,0.00358,0.04901,0.999997,199.48
105,taxi,4013.172214,57.337162,65.178852,88.459848,178.329942,612.220678,20.020962,0.30919,7.551621,8.888038,3393.428415,cooling_system_fault,1,1,100,1800,-2.055128,1.105125,0.287549,0.164684,-0.055885,-0.146852,0.001496,-0.07004,0.999996,199.475
106,taxi,4045.167927,57.107987,65.034667,87.863436,178.464248,615.561565,19.877124,0.317857,7.770561,8.946935,3316.837389,cooling_system_fault,1,1,100,1800,-0.542903,0.463689,0.423742,-0.859622,1.904616,0.001073,-0.002351,0.064915,0.999994,199.47
107,taxi,4013.816779,56.869931,64.85776,88.626598,180.142556,614.663667,20.048791,0.306916,7.564969,7.617695,3483.46235,cooling_system_fault,1,1,100,1800,-1.212542,0.373083,0.77092,-0.727238,-0.33716,0.115578,-0.00752,0.115605,0.999992,199.465
108,taxi,4014.739398,58.286239,64.727726,89.140024,179.738117,617.133546,20.333289,0.314892,7.928673,9.300432,3509.348101,cooling_system_fault,1,1,100,1800,5.610153,0.166395,-0.242936,1.414743,-1.262205,-0.118476,0.003406,0.052197,0.999989,199.46
109,taxi,4005.94688,56.90785,64.556606,88.368293,179.843253,613.623591,19.948186,0.32127,7.776374,8.030969,3382.173187,cooling_system_fault,1,1,100,1800,-2.275985,-0.307525,0.183789,1.327565,-1.213886,-0.019665,-0.001725,-0.126722,0.999986,199.455
110,taxi,4001.076034,55.886907,64.994793,87.659465,178.124202,616.703726,19.909946,0.314468,7.589256,7.532239,3435.842811,cooling_system_fault,1,1,100,1800,-1.876881,-0.603407,-0.152479,-0.352305,-0.12763,0.167218,0.000398,0.154824,0.999983,199.45
111,taxi,4012.537977,58.160987,64.629728,88.619903,178.356393,611.175979,19.511012,0.321292,7.646599,7.799754,3567.021635,cooling_system_fault,1,1,100,1800,0.155677,-0.038752,0.041933,0.165289,-1.477026,-0.048733,-0.00318,-0.013602,0.999979,199.445
112,taxi,4007.679145,55.947022,64.456555,87.589705,178.02796,612.554268,19.852533,0.319175,7.789345,7.975185,3380.630374,cooling_system_fault,1,1,100,1800,-3.69227,-0.301412,-0.65401,0.308387,2.241486,-0.185235,-0.000663,-0.141453,0.999975,199.44
113,taxi,4016.649449,56.438276,64.227132,88.186477,177.939514,611.686865,19.990481,0.323009,7.86299,8.535943,3690.199152,cooling_system_fault,1,1,100,1800,-2.247699,0.054807,-1.213008,-0.539552,1.129592,-0.046683,0.000794,-0.207697,0.999971,199.435
114,taxi,4011.130449,56.682694,65.42043,87.654006,180.005966,614.414223,19.826671,0.314664,7.939046,8.065705,3404.076244,cooling_system_fault,1,1,100,1800,-0.266773,-0.165152,-1.213781,0.440983,1.825401,0.010873,-0.002396,-0.017268,0.999966,199.43
115,taxi,3990.091236,57.789168,65.16647,87.343441,179.676136,616.679111,19.965949,0.316368,7.617299,7.160092,3540.611543,cooling_system_fault,1,1,100,1800,1.973219,-0.219757,0.049781,1.097571,-1.632588,0.074205,0.007347,0.004607,0.999961,199.425
116,taxi,3998.174739,56.733262,64.781711,87.967221,178.43655,612.405565,20.171152,0.313948,7.665328,8.89664,3558.405799,cooling_system_fault,1,1,100,1800,1.598986,0.287888,-0.294068,-0.220342,1.928731,0.084095,-7.5e-05,-0.107958,0.999956,199.42
117,taxi,3994.657949,56.90456,64.662305,88.274168,179.598559,610.023961,19.935221,0.313902,7.858344,8.148116,3464.954978,cooling_system_fault,1,1,100,1800,-3.499975,-0.514217,-0.625571,-0.349388,-0.581744,-0.123769,-0.003292,0.089434,0.99995,199.415
118,taxi,4020.089642,56.617758,64.753845,87.459418,178.350919,617.132683,20.088139,0.314486,7.727657,7.949256,3408.32631,cooling_system_fault,1,1,100,1800,3.047123,-0.384353,0.24676,0.841888,1.262619,0.093121,0.006673,0.030348,0.999944,199.41
119,taxi,4017.557173,56.06655,64.748802,88.789711,178.283877,617.16868,20.090007,0.314768,7.662786,7.968568,3556.275092,cooling_system_fault,1,1,100,1800,-1.549671,-0.677762,-0.12462,-0.39552,0.838102,0.090745,-0.007983,-0.0077,0.999937,199.405
120,taxi,3987.260989,55.798839,64.523346,87.483258,177.619987,614.918199,20.086836,0.319369,7.924888,7.596414,3481.743355,cooling_system_fault,1,1,100,1800,1.611611,0.201134,0.724124,1.5689,-1.790744,0.14128,0.00642,-0.074692,0.999931,199.4
121,taxi,4007.803703,59.457232,64.741989,87.255054,177.202068,611.085768,19.772719,0.319695,7.75308,8.445641,3311.177662,cooling_system_fault,1,1,100,1800,-3.214939,0.349925,0.592923,-0.841355,-0.424361,-0.292945,-0.008596,-0.043277,0.999924,199.395
122,taxi,3997.946401,56.823437,64.593747,87.066503,178.565554,612.456942,19.927561,0.308145,7.935068,7.37893,3500.17183,cooling_system_fault,1,1,100,1800,2.124525,0.537033,-0.223304,0.302603,-0.186096,-0.016871,0.005272,0.072502,0.999916,199.39
123,taxi,4017.371252,55.819445,65.300643,88.596913,176.815127,615.445495,19.937306,0.305281,7.919002,7.883413,3374.929555,cooling_system_fault,1,1,100,1800,0.792278,0.091289,0.442885,-0.398556,1.027225,-0.192336,0.001752,0.046978,0.999908,199.385
124,taxi,4014.42122,57.271972,64.330324,88.775712,177.285272,617.880142,20.179676,0.321119,7.893432,8.369414,3627.461818,cooling_system_fault,1,1,100,1800,-3.487285,0.296987,-0.32356,-0.540471,0.400116,-0.101718,-0.000487,0.080727,0.9999,199.38
125,taxi,4020.735523,55.958816,64.878995,89.06883,180.26099,613.833515,20.041492,0.310382,7.742197,9.1848,3434.912563,cooling_system_fault,1,1,100,1800,2.474606,-0.119942,0.380275,-0.82578,-1.220153,0.091444,-0.003376,0.073648,0.999892,199.375
126,taxi,3976.562191,55.786625,64.500437,88.602114,178.092495,610.112875,19.823451,0.308405,7.894349,7.017516,3306.326143,cooling_system_fault,1,1,100,1800,4.048348,0.928126,0.194242,-1.151652,1.252416,-0.101906,-0.004345,-0.084142,0.999883,199.37
127,taxi,4030.532659,56.36782,65.11173,88.63315,179.300525,614.196998,20.036967,0.314068,7.649259,7.314506,3286.676514,cooling_system_fault,1,1,100,1800,-3.949154,-0.776607,-0.444271,0.618461,-1.165453,0.068067,-0.00082,-0.048515,0.999874,199.365
128,taxi,4006.257056,57.07038,64.470697,88.577631,177.841225,616.499626,20.047595,0.308046,7.660489,7.768043,3524.151813,cooling_system_fault,1,1,100,1800,-5.878709,-0.062711,0.811403,0.977129,1.574979,-0.460961,0.004518,0.081153,0.999864,199.36
129,taxi,4005.311413,56.531577,64.528624,87.806212,177.976496,618.193968,19.87704,0.314734,7.845201,6.760529,3407.794328,cooling_system_fault,1,1,100,1800,1.513985,-0.480706,0.012459,-0.859408,0.180321,-0.040014,-0.004057,-0.09286,0.999854,199.355
130,taxi,4009.386437,55.904428,63.663719,87.872273,177.073631,613.777362,20.443606,0.325075,7.840107,8.811757,3491.500993,cooling_system_fault,1,1,100,1800,2.17344,-0.131345,-0.10405,-1.363563,-0.158849,-0.026561,0.00394,-0.020399,0.999844,199.35
131,taxi,4011.64981,58.364737,64.803634,87.897853,178.054563,611.292667,19.872055,0.318231,7.859912,10.068458,3504.291703,cooling_system_fault,1,1,100,1800,-2.37981,0.138319,-0.416236,-0.574395,1.422748,-0.090031,-0.006064,-0.026282,0.999834,199.345
132,taxi,3969.758012,57.653815,64.793819,88.362616,177.640658,612.180949,20.139926,0.325278,7.688115,7.570902,3517.177168,cooling_system_fault,1,1,100,1800,-3.225011,0.26436,-0.67247,0.561296,-1.40134,0.248949,-0.003301,-0.102438,0.999823,199.34
133,taxi,3994.288492,55.863596,65.067466,87.256661,177.304722,609.691106,20.227534,0.323064,7.984725,7.904837,3453.251342,cooling_system_fault,1,1,100,1800,2.946012,-8.4e-05,0.060328,-0.718728,0.462871,0.115519,-0.00485,0.154032,0.999811,199.335
134,taxi,4015.134646,59.65525,63.94349,89.689724,178.189182,614.209709,20.080641,0.32102,7.893536,8.26518,3384.371789,cooling_system_fault,1,1,100,1800,-0.200048,0.082778,-0.072877,-0.800649,-1.141576,0.153891,-0.005275,-0.106899,0.9998,199.33
135,taxi,3996.880888,55.969673,64.570166,88.256556,179.42163,615.929778,19.990461,0.319067,7.936258,8.314753,3581.110058,cooling_system_fault,1,1,100,1800,3.800957,-0.087536,0.312255,1.452801,-1.995583,0.042264,0.001921,-0.064597,0.999788,199.325
136,taxi,3999.315355,56.666242,64.325913,87.930074,177.364737,614.119933,19.696895,0.309717,7.801147,7.628079,3505.674717,cooling_system_fault,1,1,100,1800,2.109905,0.13429,0.351435,1.26847,-3.690865,0.051461,0.002482,0.006485,0.999776,199.32
137,taxi,4011.357361,57.119486,65.042757,87.891967,178.087618,611.935724,20.12757,0.316952,7.532628,7.266436,3574.576565,cooling_system_fault,1,1,100,1800,0.479856,0.010018,0.102364,-1.157177,0.642521,-0.162748,0.000314,0.117186,0.999763,199.315
138,taxi,4020.863594,57.65193,64.624215,88.360302,179.096129,611.748806,19.912943,0.313939,7.902877,8.08549,3483.818853,cooling_system_fault,1,1,100,1800,-1.894994,0.377492,0.702307,-1.189979,0.875211,0.004074,0.006451,-0.047235,0.99975,199.31
139,taxi,4016.051624,59.396549,64.155098,87.642395,180.116312,612.735327,19.888043,0.315401,7.445754,9.438105,3583.19581,cooling_system_fault,1,1,100,1800,5.720325,-0.087221,0.040773,0.041819,-0.637476,0.147169,-0.001207,0.070501,0.999737,199.305
140,taxi,4003.920918,56.349369,64.234238,88.191977,178.135947,616.38627,20.137101,0.311729,7.734015,9.22189,3564.770192,cooling_system_fault,1,1,100,1800,-0.479158,-0.520567,0.847367,-0.025921,-0.398097,0.155246,-0.001161,0.006428,0.999723,199.3
141,taxi,3997.085514,57.343472,65.001932,87.863615,178.06307,611.978831,19.933713,0.306808,7.457439,7.744539,3528.887625,cooling_system_fault,1,1,100,1800,1.630618,0.898295,0.674253,-1.031393,-2.210239,-0.117866,0.003084,0.015384,0.999709,199.295
142,taxi,3993.921839,55.896419,63.827419,88.465347,180.432352,610.460712,19.866062,0.300027,7.758556,7.907334,3405.310095,cooling_system_fault,1,1,100,1800,0.375264,0.010189,0.551467,0.836615,-1.463161,-0.117303,-0.004537,-0.101758,0.999694,199.29
143,taxi,3994.659133,57.575931,63.667114,88.826352,178.380894,614.702138,20.168057,0.316103,7.801366,7.8314,3350.325208,cooling_system_fault,1,1,100,1800,0.48016,0.008511,0.273504,1.150771,-1.43513,0.234469,-0.008795,0.223757,0.99968,199.285
144,taxi,4020.737563,55.306781,65.287962,88.529767,176.07335,613.590819,20.390998,0.311701,7.937852,7.735866,3447.514704,cooling_system_fault,1,1,100,1800,-0.003578,-0.21356,0.677086,-0.565903,-0.598453,-0.095492,0.000632,0.134731,0.999665,199.28
145,taxi,4002.202315,56.821267,64.487579,87.897407,179.753285,614.750358,20.223611,0.315788,7.74451,8.393151,3439.632446,cooling_system_fault,1,1,100,1800,1.272829,0.335707,0.366936,0.670745,-1.382939,-0.210032,-0.005467,0.026957,0.999649,199.275
146,taxi,4003.888876,59.543081,65.200793,88.58458,178.819432,619.449472,20.177985,0.319001,7.825488,8.047598,3476.217665,cooling_system_fault,1,1,100,1800,1.266842,0.196391,-0.283489,-0.350424,0.112925,-0.227975,0.00103,-0.13997,0.999633,199.27
147,taxi,4011.009415,56.922202,64.889865,87.402606,179.776695,616.910098,19.796907,0.306589,7.567841,7.819914,3645.881674,cooling_system_fault,1,1,100,1800,-0.872392,-0.107189,0.009819,1.124906,-1.343278,0.134436,-0.00188,-0.045524,0.999617,199.265
148,taxi,4009.822624,55.553283,64.825512,88.305373,180.636871,613.203654,19.780434,0.30873,7.850103,7.744588,3497.608742,cooling_system_fault,1,1,100,1800,-1.317601,-0.11136,0.806114,-0.46471,0.892266,0.056807,0.001027,-0.044591,0.999601,199.26
149,taxi,3999.165276,57.365605,63.556623,88.154841,180.177746,615.60134,19.454278,0.319474,7.841672,8.455,3372.92361,cooling_system_fault,1,1,100,1800,0.549071,0.307791,0.748859,2.237885,2.583116,0.041006,0.003341,-0.018616,0.999584,199.255
150,taxi,3987.674734,56.273627,64.774745,88.442438,179.133535,616.303964,20.114977,0.310329,7.715929,9.264568,3495.55426,cooling_system_fault,1,1,100,1800,5.323022,-0.1596,1.218636,0.006741,-0.553088,-0.173341,-0.007182,-0.038894,0.999567,199.25
151,taxi,4026.633049,58.718198,63.983564,87.572874,179.399633,615.575202,19.879833,0.31232,7.53681,8.236638,3451.935461,cooling_system_fault,1,1,100,1800,-0.011456,0.430585,-0.223849,0.707289,-1.083431,-0.180543,0.000713,0.06232,0.999549,199.245
152,taxi,3995.720075,57.030485,64.400588,89.309002,177.821485,611.043908,20.305573,0.316218,7.711629,9.791729,3367.420999,cooling_system_fault,1,1,100,1800,0.829042,-0.135073,-0.176324,0.086162,1.288957,-0.206397,0.0094,0.145844,0.999532,199.24
153,taxi,3991.361716,56.669555,64.758576,87.761493,178.192019,613.16031,19.837399,0.314025,7.887799,9.139971,3376.790865,cooling_system_fault,1,1,100,1800,-4.82564,-0.141241,-0.09916,-0.578815,-2.112421,-0.119179,-0.008457,-0.056158,0.999513,199.235
154,taxi,3996.672842,56.960194,65.512633,88.596098,179.181507,614.006927,19.904948,0.313231,7.716454,8.612215,3559.446147,cooling_system_fault,1,1,100,1800,-0.559515,0.581841,-0.124157,-0.752164,0.214292,-0.178414,-0.001483,-0.005366,0.999495,199.23
155,taxi,4036.88744,55.683026,64.204581,88.327123,178.212501,610.621265,20.411382,0.314212,7.859996,8.071545,3530.724517,cooling_system_fault,1,1,100,1800,-0.473533,-0.156653,-0.111514,0.397718,2.012036,0.01243,0.003578,-0.024185,0.999476,199.225
156,taxi,4024.377516,57.433585,64.142171,87.858458,177.027309,615.183325,20.091198,0.310545,7.933068,7.211334,3493.913643,cooling_system_fault,1,1,100,1800,-0.693328,-0.247163,-0.733999,-0.423294,-0.593412,-0.138193,-0.000401,0.040842,0.999457,199.22
157,taxi,4007.953888,54.488163,63.954168,88.435508,177.404181,617.498776,20.1181,0.303529,7.659227,9.369688,3250.200929,cooling_system_fault,1,1,100,1800,5.798735,-0.17811,0.021037,0.222798,-1.588999,0.292581,-0.001751,0.080076,0.999437,199.215
158,taxi,3997.020737,56.302795,64.892641,88.403001,178.154923,619.522376,19.698028,0.302578,7.528615,6.803776,3478.342853,cooling_system_fault,1,1,100,1800,-1.248361,0.184025,-0.072024,-0.972807,-0.072514,0.100551,0.000876,0.083874,0.999417,199.21
159,taxi,3987.939185,57.091068,64.292577,88.02187,176.569306,618.267762,19.796321,0.310234,7.809541,8.479457,3538.659922,cooling_system_fault,1,1,100,1800,3.527493,-0.227815,-0.245342,0.621771,-0.907335,-0.086748,-0.003145,-0.05235,0.999397,199.205
160,taxi,4008.666122,56.127108,65.481176,87.639016,177.331496,611.389687,20.105941,0.309552,7.837309,7.682031,3495.121372,cooling_system_fault,1,1,100,1800,-0.423832,1.003326,-0.318726,1.427462,1.647202,0.01921,-0.006653,-0.062754,0.999376,199.2
161,taxi,4012.021633,55.701929,65.128474,87.86472,179.025953,618.345035,20.075761,0.317003,7.79486,6.477477,3621.352194,cooling_system_fault,1,1,100,1800,-2.86849,0.41984,-0.741836,0.120892,1.176781,-0.016388,-0.003279,-0.025045,0.999355,199.195
162,taxi,3995.93509,56.945444,64.134549,87.97071,178.071737,615.741477,20.131667,0.320252,7.811869,7.827842,3570.31179,cooling_system_fault,1,1,100,1800,4.296447,0.474272,0.098655,-1.297628,0.344373,0.184804,-0.007879,-0.034397,0.999334,199.19
163,taxi,3978.034636,54.678199,64.476711,88.509949,177.345394,612.875717,20.289138,0.304184,7.690801,6.377977,3566.024545,cooling_system_fault,1,1,100,1800,1.58308,0.113634,-0.108594,-0.703575,-0.992371,0.071394,0.002894,0.037599,0.999313,199.185
164,taxi,4011.956826,57.154123,64.140782,88.237831,178.721216,617.143516,20.026295,0.313249,7.501824,7.920063,3566.203549,cooling_system_fault,1,1,100,1800,-3.695774,-0.27321,0.180104,-0.964898,-0.851313,0.144901,-0.001096,-0.056356,0.999291,199.18
165,taxi,4017.631662,57.687826,64.280929,88.076913,177.600432,614.571238,19.958014,0.30864,7.530854,6.587865,3579.460147,cooling_system_fault,1,1,100,1800,-0.038615,0.077187,-1.047416,0.452262,-0.137118,-0.074162,-0.00389,-0.078564,0.999268,199.175
166,taxi,3989.909901,60.046113,65.400488,88.824378,177.929108,613.370702,19.901699,0.3057,7.809594,7.317709,3448.793891,cooling_system_fault,1,1,100,1800,-0.170633,0.647298,-0.821403,-0.321781,1.224573,0.010728,-0.003431,-0.01824,0.999245,199.17
167,taxi,4021.533286,57.043832,64.280263,88.215514,175.856551,614.359565,20.125447,0.326581,7.681006,9.697806,3249.796512,cooling_system_fault,1,1,100,1800,-0.960103,-0.322703,-0.559617,-1.029377,0.686657,0.006493,0.003911,0.175185,0.999222,199.165
168,taxi,4009.361889,56.315788,65.009537,87.715071,179.64068,609.473699,20.194252,0.312888,7.96827,9.001824,3619.804243,cooling_system_fault,1,1,100,1800,0.295813,-0.048144,-0.388987,0.495108,0.728153,0.051344,-0.007448,-0.236433,0.999199,199.16
169,taxi,4011.238143,56.00327,64.602643,87.892018,177.592498,619.428769,20.269059,0.320616,7.721357,6.973472,3658.830686,cooling_system_fault,1,1,100,1800,-0.498135,0.083307,-0.988282,-1.235376,-5.439947,-0.055076,-3.9e-05,0.055657,0.999175,199.155
170,taxi,3995.535,56.90086,64.492646,88.750545,177.889077,619.899269,20.007388,0.311878,7.665701,8.747247,3521.814858,cooling_system_fault,1,1,100,1800,0.635136,-0.180748,-0.001741,0.088748,-0.987566,-0.267025,-0.006688,-0.051849,0.999151,199.15
171,taxi,3984.945291,58.386168,64.352623,88.145456,177.405065,614.633315,19.886375,0.308947,7.771929,9.353038,3304.758348,cooling_system_fault,1,1,100,1800,3.132533,-0.514955,0.005506,-0.010126,1.698512,-0.334011,0.001309,0.055914,0.999127,199.145
172,taxi,4006.151171,58.379367,64.504958,87.488595,180.543445,610.951004,20.019021,0.319803,7.705036,8.88494,3504.500305,cooling_system_fault,1,1,100,1800,0.635798,0.050529,-0.982725,-1.018165,-1.896123,0.070778,0.006402,0.053616,0.999102,199.14
173,taxi,4004.105987,54.620756,64.639383,88.334055,180.658559,612.055023,19.895838,0.304101,7.92902,7.935948,3522.136732,cooling_system_fault,1,1,100,1800,-0.841626,-0.616636,1.037789,1.079913,-1.631034,0.043078,-0.010188,-0.116836,0.999077,199.135
174,taxi,3993.167558,56.447263,65.317119,88.014497,177.959866,615.440375,19.903677,0.31645,7.887642,9.269295,3499.467801,cooling_system_fault,1,1,100,1800,3.605187,-0.175088,-0.004298,-1.323729,2.380135,-0.456834,0.000406,-0.005215,0.999051,199.13
175,taxi,4006.970888,56.278696,64.008437,88.861144,179.179302,608.979249,20.173326,0.303288,7.503117,7.262304,3389.929162,cooling_system_fault,1,1,100,1800,0.714464,0.425663,0.648363,1.197576,-0.073172,0.086836,0.003107,0.023785,0.999026,199.125
176,taxi,4023.048503,59.247936,64.520725,87.532572,178.899966,609.107657,19.769056,0.31732,7.503664,8.141551,3318.938712,cooling_system_fault,1,1,100,1800,-1.257006,0.116388,0.139534,1.108356,-3.775326,0.303574,0.004056,-0.060494,0.999,199.12
177,taxi,4010.926309,56.295954,64.138901,87.69005,180.209187,613.590121,20.145456,0.30953,7.757547,8.946951,3588.083559,cooling_system_fault,1,1,100,1800,-2.182264,-0.529477,-0.193787,-0.075199,-0.263199,-0.017516,0.005866,0.063128,0.998973,199.115
178,taxi,4007.859232,57.675043,64.953746,88.159449,178.523522,610.14378,20.418715,0.314496,7.604628,6.295712,3498.335388,cooling_system_fault,1,1,100,1800,1.37866,0.141002,0.124373,-2.525921,2.320603,-0.050676,-0.007168,-0.044785,0.998946,199.11
179,taxi,4015.454084,56.994584,65.560235,88.276308,177.59766,616.356061,19.984707,0.317667,7.804841,7.411671,3493.407666,cooling_system_fault,1,1,100,1800,-2.113337,0.012711,-0.119516,-0.009221,-1.875187,0.151342,0.00602,0.072381,0.998919,199.105
180,takeoff,4633.875751,84.087835,64.135822,87.600886,206.529576,716.745679,27.05801,0.312596,13.796467,9.108385,3546.782165,cooling_system_fault,1,1,100,1800,1.919456,0.61631,0.008702,0.852587,-0.019407,-0.160554,0.000368,0.026608,0.998891,199.1
181,takeoff,4624.682115,86.780004,64.313132,88.761826,209.25776,713.425844,27.071479,0.3131,13.583817,9.693803,3366.263088,cooling_system_fault,1,1,100,1800,-1.972459,-0.25262,0.298089,-1.058189,-0.856521,0.266675,-0.003918,0.018133,0.998864,199.095
182,takeoff,4610.302377,87.80508,65.018029,87.554539,208.453021,716.011707,27.232243,0.315711,13.956803,6.807909,3420.122805,cooling_system_fault,1,1,100,1800,-1.550409,-0.376731,0.731532,0.32621,1.887787,0.002984,0.00175,-0.014304,0.998835,199.09
183,takeoff,4617.83263,86.929083,65.369441,87.290952,208.59836,711.05737,27.283215,0.313843,13.613747,8.110585,3344.330248,cooling_system_fault,1,1,100,1800,-1.453695,0.775307,0.378108,0.762829,0.787083,-0.037277,-0.004251,0.052546,0.998807,199.085
184,takeoff,4616.377406,85.56302,64.933561,87.179022,208.410401,713.101408,27.017646,0.315324,13.957639,8.16841,3489.347188,cooling_system_fault,1,1,100,1800,-4.684117,-0.120666,0.159937,1.214147,0.20999,-0.563138,-0.006009,0.084989,0.998778,199.08
185,takeoff,4599.721631,87.239727,64.293381,86.921937,209.706455,713.179706,26.910996,0.315712,13.649585,9.176585,3573.161373,cooling_system_fault,1,1,100,1800,-0.288656,0.015227,-0.18507,-0.389149,-0.615134,-0.064671,-0.007571,-0.091529,0.998749,199.075
186,takeoff,4622.932286,86.830904,64.410326,88.142967,207.906897,717.521918,27.043035,0.320257,13.991151,9.499474,3656.023976,cooling_system_fault,1,1,100,1800,-3.278273,0.001881,-0.049453,0.365023,1.364512,0.147752,-0.002616,-0.025978,0.998719,199.07
187,takeoff,4609.412119,88.218377,65.026908,88.013581,208.968609,720.482678,26.815436,0.316761,13.695128,8.115572,3551.480988,cooling_system_fault,1,1,100,1800,2.975314,-0.050818,-0.082288,-0.361146,2.065841,0.086784,0.003282,-0.012921,0.998689,199.065
188,takeoff,4581.222193,87.26849,65.433776,87.618278,209.199052,714.099029,27.003003,0.309797,13.760339,7.902191,3487.376284,cooling_system_fault,1,1,100,1800,0.998305,-0.167658,0.218806,-1.48753,1.710738,-0.060118,0.005864,-0.03429,0.998659,199.06
189,takeoff,4609.953515,85.421278,64.761499,88.033689,207.058356,713.878184,26.653734,0.313565,13.647357,9.073101,3684.834662,cooling_system_fault,1,1,100,1800,-3.121035,0.033431,-0.574793,-0.428814,-0.249431,-0.067408,-0.006486,0.003086,0.998628,199.055
190,takeoff,4596.118541,84.031503,64.567066,87.996771,208.54866,713.316801,27.086844,0.314056,13.736171,6.822322,3281.906757,cooling_system_fault,1,1,100,1800,1.879001,0.190802,-0.97542,-1.4556,-2.142881,-0.177826,-0.006014,-0.030167,0.998597,199.05
191,takeoff,4605.07241,85.4346,64.608741,87.802883,209.179624,711.188373,27.132178,0.313463,13.565757,8.938366,3450.991268,cooling_system_fault,1,1,100,1800,-0.861204,-0.095344,-0.633305,0.651705,0.272096,-0.117939,0.002051,-0.002168,0.998566,199.045
192,takeoff,4569.854817,86.577372,64.012326,88.06333,208.296093,711.196612,26.911337,0.314193,13.702593,7.556102,3612.371338,cooling_system_fault,1,1,100,1800,0.848134,0.32738,0.942001,0.113547,-1.512204,-0.078562,0.002041,0.048598,0.998534,199.04
193,takeoff,4601.659565,86.896834,64.698003,88.511074,207.978671,714.812511,26.987919,0.317789,13.394494,8.847789,3608.97052,cooling_system_fault,1,1,100,1800,-1.10951,0.223381,-0.300623,-1.057677,-3.752769,0.151127,-0.000396,0.008138,0.998502,199.035
194,takeoff,4622.219922,87.873531,64.400534,88.47402,208.512971,718.935146,27.017534,0.29944,13.737876,9.505829,3565.783098,cooling_system_fault,1,1,100,1800,1.804614,-0.577923,-0.795662,0.699059,2.510621,-0.021346,0.001962,0.076736,0.998469,199.03
195,takeoff,4614.408252,86.116881,64.615177,88.12566,207.859314,718.456206,26.993573,0.313761,13.858126,9.964425,3476.496471,cooling_system_fault,1,1,100,1800,4.968752,-0.549259,-0.478149,-1.069482,-2.727822,0.134064,-0.002784,-0.102243,0.998437,199.025
196,takeoff,4635.747163,88.439934,64.626632,88.320552,208.13039,715.891963,26.85062,0.307982,13.464747,7.940147,3598.52736,cooling_system_fault,1,1,100,1800,-1.118312,-0.625011,0.502124,0.6637,-0.07793,0.072671,0.007255,-0.105589,0.998404,199.02
197,takeoff,4623.499508,86.040569,64.818571,88.063114,209.746614,717.284901,26.913729,0.312937,13.931626,7.416357,3495.820311,cooling_system_fault,1,1,100,1800,-7.558871,0.535614,0.181174,0.131933,-0.122012,0.205826,0.004541,0.004656,0.99837,199.015
198,takeoff,4608.884805,87.580241,64.894329,88.439043,208.973631,707.89157,26.762099,0.313402,13.619439,8.744229,3605.543544,cooling_system_fault,1,1,100,1800,3.979827,-0.245084,-0.207566,-1.580803,-0.682778,-0.002943,-0.002026,-0.041884,0.998336,199.01
199,takeoff,4575.878631,87.071589,65.208661,88.380271,209.560729,710.93562,26.920418,0.312096,13.580446,7.2788,3561.080247,cooling_system_fault,1,1,100,1800,-2.037188,-0.551652,0.395476,-0.583609,-1.842008,-0.205656,0.005679,-0.070435,0.998302,199.005
200,takeoff,4618.349445,88.442382,64.362439,89.312514,207.593692,713.349242,26.993453,0.312467,13.68242,7.224041,3468.015595,cooling_system_fault,1,1,100,1800,-2.96022,-0.855784,0.317232,0.227762,-0.415399,0.086841,-0.005714,-0.056364,0.998268,199.0
201,takeoff,4619.846798,85.644469,63.995201,87.979349,208.509023,715.926073,26.913352,0.312853,13.616198,7.091177,3307.074449,cooling_system_fault,1,1,100,1800,2.74817,-0.497442,-0.179333,1.194747,0.342877,0.334533,-0.000951,-0.051103,0.998233,198.995
202,takeoff,4614.800275,85.997155,64.752554,87.875614,208.646381,715.881453,27.11287,0.316405,13.71178,7.047208,3509.224908,cooling_system_fault,1,1,100,1800,-3.614154,0.208872,0.252517,1.0353,-0.183315,0.057275,0.003452,0.02599,0.998198,198.99
203,takeoff,4579.320302,84.922312,63.755606,88.364054,208.284536,716.354566,27.098979,0.30986,13.672993,9.214373,3415.190269,cooling_system_fault,1,1,100,1800,0.32954,-0.058443,0.406,-0.787501,-2.870926,-0.197753,0.00436,0.050045,0.998162,198.985
204,takeoff,4603.070734,88.114612,64.998506,87.443906,208.671289,714.787382,26.917546,0.327117,13.684152,7.999633,3712.230968,cooling_system_fault,1,1,100,1800,-1.271126,0.145927,0.461929,0.342624,-0.006487,0.120579,0.004394,-0.06824,0.998127,198.98
205,takeoff,4619.341609,88.937684,63.981276,89.218784,208.626711,715.737149,27.088889,0.312606,13.747615,7.204887,3376.776103,cooling_system_fault,1,1,100,1800,2.805716,-0.444514,-0.374581,0.453874,-0.499263,-0.018087,0.001851,0.058191,0.99809,198.975
206,takeoff,4575.198699,88.196002,64.577593,88.636999,208.217373,713.114135,27.111054,0.306481,13.569326,6.977279,3677.19574,cooling_system_fault,1,1,100,1800,1.318926,-0.219453,-0.27395,0.443839,2.058066,-0.276683,-0.002752,-0.034193,0.998054,198.97
207,takeoff,4599.618977,85.504184,64.285189,88.270667,209.619925,722.556277,26.989189,0.313466,13.825714,7.912952,3478.226897,cooling_system_fault,1,1,100,1800,-1.551823,-0.219673,-0.460265,0.2494,2.147322,-0.122113,-0.004446,0.042122,0.998017,198.965
208,takeoff,4617.55468,85.919443,64.001367,87.861468,209.306477,712.98759,26.599564,0.320909,13.972915,8.082029,3520.396939,cooling_system_fault,1,1,100,1800,-7.179342,0.026134,-0.754728,-0.817088,-1.481465,0.04092,0.002337,0.031502,0.99798,198.96
209,takeoff,4622.148651,88.082068,64.18461,87.045775,207.892996,714.58489,26.90739,0.32368,13.574951,6.548728,3361.266423,cooling_system_fault,1,1,100,1800,-7.295415,0.199439,-0.500049,0.639979,-0.180349,-0.00262,-0.001865,0.097146,0.997942,198.955
210,takeoff,4602.37462,87.144524,65.069278,87.490628,209.43027,713.925577,27.321957,0.308637,13.817141,9.636932,3508.650631,cooling_system_fault,1,1,100,1800,0.829613,0.394729,0.449419,0.157052,1.375076,0.068112,-0.004608,0.112807,0.997904,198.95
211,takeoff,4618.885095,86.562849,64.746133,88.882994,207.28362,714.477604,26.84468,0.308699,13.706712,7.02096,3507.419604,cooling_system_fault,1,1,100,1800,-4.395048,-0.022148,-0.462586,-1.362227,-1.324647,0.030797,0.003861,0.146448,0.997866,198.945
212,takeoff,4618.104575,88.97915,64.579789,87.950234,209.563465,715.956056,27.248756,0.314381,13.664322,6.401309,3484.383871,cooling_system_fault,1,1,100,1800,0.489928,0.720647,-0.67012,-0.959043,0.149768,0.263038,0.00584,-0.080254,0.997827,198.94
213,takeoff,4577.416783,87.260264,65.099036,89.035424,207.796111,711.882493,27.064306,0.310205,13.909803,9.682793,3356.221808,cooling_system_fault,1,1,100,1800,-0.613536,0.439911,-0.309545,0.273848,-0.936142,0.040777,0.004301,-0.191707,0.997788,198.935
214,takeoff,4633.906386,88.325221,63.770578,87.984256,211.322922,718.089668,26.955124,0.315618,13.648161,9.71869,3424.016173,cooling_system_fault,1,1,100,1800,-2.412366,0.237458,0.118664,1.031254,0.139105,-0.033874,0.005035,0.014741,0.997749,198.93
215,takeoff,4626.396771,88.383614,64.074623,87.889245,206.867706,717.783366,27.087361,0.315402,13.587259,6.478456,3548.905083,cooling_system_fault,1,1,100,1800,-1.31414,0.514054,0.580487,1.08229,2.742267,-0.081309,-0.000389,0.016048,0.997709,198.925
216,takeoff,4586.511266,87.697996,64.485327,88.816418,207.788377,719.999495,26.819881,0.32463,13.612311,7.31827,3486.44631,cooling_system_fault,1,1,100,1800,0.026207,-0.153331,0.318642,1.263922,-2.012749,-0.039728,-0.001446,-0.006285,0.997669,198.92
217,takeoff,4560.486101,85.09102,64.192412,88.349504,209.408282,711.130737,27.063572,0.30968,13.425718,7.828499,3472.097192,cooling_system_fault,1,1,100,1800,-4.881036,0.647986,0.532845,-0.264636,-0.801516,-0.013479,0.001466,-0.01724,0.997629,198.915
218,takeoff,4597.149037,87.405154,64.305641,88.229688,208.583879,713.10223,27.256503,0.313483,13.722419,8.021041,3446.917279,cooling_system_fault,1,1,100,1800,0.089267,-0.628629,-0.526304,-0.844302,-1.172617,0.233444,0.002053,-0.029066,0.997588,198.91
219,takeoff,4590.503324,87.318149,65.194135,88.212168,209.840118,718.383636,26.884938,0.315376,13.738636,8.610343,3491.656291,cooling_system_fault,1,1,100,1800,3.758478,0.180199,-0.272484,0.278095,0.218144,5e-05,-0.003205,0.087666,0.997547,198.905
220,takeoff,4614.202673,87.330247,64.056089,87.954751,209.740104,717.695781,27.266447,0.305622,13.595638,7.901801,3621.868394,cooling_system_fault,1,1,100,1800,-1.820329,-0.383482,-0.47195,0.503184,1.021917,0.093465,-0.004113,-0.018668,0.997506,198.9
221,takeoff,4637.762828,87.131448,64.116693,87.596823,208.42971,711.943168,27.09154,0.312226,13.706538,6.250694,3195.080495,cooling_system_fault,1,1,100,1800,-3.283853,1.345442,0.360553,-0.348417,-1.670914,0.151502,0.001781,-0.127317,0.997464,198.895
222,takeoff,4585.134687,86.902317,65.02125,88.301648,209.126053,714.169127,27.035808,0.315263,14.040417,8.706723,3489.273307,cooling_system_fault,1,1,100,1800,-3.692472,-0.138966,0.364258,0.018111,3.010252,-0.116669,0.005031,0.008049,0.997422,198.89
223,takeoff,4597.069926,87.49217,64.485094,87.835215,208.872389,715.166992,27.267863,0.306907,13.583431,8.508136,3390.005376,cooling_system_fault,1,1,100,1800,-4.315057,-0.674411,-1.054833,0.350029,-0.213507,0.128048,0.001793,0.04872,0.997379,198.885
224,takeoff,4617.039423,87.315767,64.422819,87.979556,209.626394,718.173709,26.962163,0.316134,13.717783,9.254327,3581.139924,cooling_system_fault,1,1,100,1800,-7.30594,0.967896,-0.001107,0.777053,2.649711,0.118862,0.004264,0.002152,0.997337,198.88
225,takeoff,4609.234028,87.301027,64.853897,88.600978,209.992195,712.39835,27.216844,0.312723,13.842868,8.330127,3451.491335,cooling_system_fault,1,1,100,1800,1.99339,-0.306606,0.351584,0.996066,-3.507899,0.118158,-0.000415,-0.079787,0.997294,198.875
226,takeoff,4583.781712,85.767068,64.314364,88.296607,207.974067,712.581323,26.829187,0.305418,13.798557,8.853812,3543.312033,cooling_system_fault,1,1,100,1800,1.973458,-0.034821,-0.342852,1.617683,-1.126884,0.206627,0.000105,-0.051369,0.99725,198.87
227,takeoff,4583.038543,87.399592,64.611429,88.753076,209.181891,714.972584,27.119414,0.327252,13.732327,6.676165,3519.902426,cooling_system_fault,1,1,100,1800,1.570228,0.028479,0.065547,1.416253,0.00421,-0.030915,-0.000408,0.162963,0.997206,198.865
228,takeoff,4640.391291,86.505073,64.467091,88.641279,208.559637,713.450047,27.287436,0.312384,13.812055,7.349812,3272.855572,cooling_system_fault,1,1,100,1800,-3.256004,0.434943,0.426096,0.055248,0.493728,-0.059351,0.001345,0.010442,0.997162,198.86
229,takeoff,4608.824387,87.930196,64.670267,89.344675,211.824014,711.299579,26.843854,0.31984,13.657227,6.537714,3510.771603,cooling_system_fault,1,1,100,1800,0.266558,-0.051489,-0.573521,-0.329674,-0.842489,-0.061948,-0.009071,-0.010948,0.997118,198.855
230,takeoff,4651.725739,85.591735,64.234678,88.313522,205.251864,717.047345,26.942452,0.311368,13.60764,6.936065,3423.919481,cooling_system_fault,1,1,100,1800,-1.925878,0.46151,0.289617,0.145574,-0.202223,0.018066,-0.003674,-0.029904,0.997073,198.85
231,takeoff,4601.900244,84.741054,63.978363,87.765651,209.336016,713.559936,27.006495,0.318648,13.829682,6.750725,3429.747452,cooling_system_fault,1,1,100,1800,0.945228,0.121135,-0.014053,-0.37064,-0.190125,0.077836,-0.006,0.065229,0.997027,198.845
232,takeoff,4631.735471,86.588049,65.028504,88.169771,208.286367,719.43184,27.011515,0.315343,13.885647,5.980131,3599.703024,cooling_system_fault,1,1,100,1800,1.207323,0.427935,-0.036072,1.535027,-0.775652,0.324611,0.000905,0.063461,0.996982,198.84
233,takeoff,4593.41164,85.76907,64.94725,87.723466,210.460821,714.737744,27.033463,0.31955,13.350941,9.807877,3524.11551,cooling_system_fault,1,1,100,1800,-8.592247,-0.367851,-0.962313,0.417518,0.491116,-0.205659,-0.00483,0.033347,0.996936,198.835
234,takeoff,4619.048661,87.68601,64.679462,88.716947,207.564427,715.547164,27.177529,0.304443,13.609787,8.708082,3461.043364,cooling_system_fault,1,1,100,1800,-3.408605,0.19313,0.00129,1.009937,0.564412,0.032261,0.005347,0.095077,0.99689,198.83
235,takeoff,4611.588087,87.629676,64.378856,87.68689,209.831835,712.368148,26.985722,0.305066,13.711232,8.64698,3523.164292,cooling_system_fault,1,1,100,1800,-0.306402,-0.003049,-0.25059,0.61735,3.159379,0.192402,-0.002278,0.036699,0.996843,198.825
236,takeoff,4588.195978,89.749921,64.60395,88.57936,209.302214,722.009288,27.208909,0.303274,14.229442,7.982244,3509.403251,cooling_system_fault,1,1,100,1800,3.633103,0.136254,-0.245525,0.725478,-0.268636,-0.105842,0.005186,0.149541,0.996796,198.82
237,takeoff,4623.325097,87.525262,64.79297,88.236709,210.224769,714.479608,27.081177,0.311514,13.879655,10.860816,3583.896853,cooling_system_fault,1,1,100,1800,-1.088076,-0.133261,0.361726,-0.231645,-1.619173,0.176495,-0.005245,-0.03047,0.996749,198.815
238,takeoff,4584.630497,87.745434,64.529466,88.068728,208.199454,710.679451,26.701604,0.313097,13.691696,8.22202,3299.294694,cooling_system_fault,1,1,100,1800,2.511587,0.016283,-0.097669,0.423337,2.281548,-0.174111,0.003283,-0.009375,0.996701,198.81
239,takeoff,4602.492227,87.422656,64.576703,88.697124,207.963209,714.013719,26.832361,0.312751,13.747232,7.758535,3407.76391,cooling_system_fault,1,1,100,1800,1.380618,0.223623,-0.598376,-0.653545,0.902411,0.381007,-0.001609,0.046266,0.996653,198.805
240,takeoff,4608.628478,88.414854,63.363163,89.211428,208.82045,712.995569,27.125716,0.30946,13.811233,7.490859,3632.540899,cooling_system_fault,1,1,100,1800,-1.513506,0.362206,0.328189,1.744505,-1.210969,-0.029544,-0.005881,0.036536,0.996605,198.8
241,takeoff,4594.301282,86.046544,64.831729,88.014656,209.047916,714.951223,26.859911,0.311837,13.739884,8.577091,3252.119701,cooling_system_fault,1,1,100,1800,-2.282469,0.128306,0.732306,1.053317,0.908608,-0.313622,0.003405,0.034246,0.996556,198.795
242,takeoff,4604.560197,86.902042,64.550106,87.050453,208.383999,713.604204,26.850211,0.315915,13.536835,8.19966,3439.565921,cooling_system_fault,1,1,100,1800,-5.786932,0.280121,-0.178198,1.021219,-0.18762,0.010989,0.003867,-0.00496,0.996507,198.79
243,takeoff,4601.018851,86.002404,64.361928,87.560674,207.129549,712.845006,27.028682,0.314653,13.766235,6.471528,3514.866017,cooling_system_fault,1,1,100,1800,1.669799,-0.613446,-0.334007,1.2666,-1.337334,0.175382,-0.001181,-0.055775,0.996458,198.785
244,takeoff,4615.336651,88.087445,64.908382,88.278883,208.370952,716.709244,26.879576,0.315735,13.620278,8.679344,3614.733426,cooling_system_fault,1,1,100,1800,-0.652646,-0.566662,0.550834,-0.066689,-0.236516,-0.125472,0.002051,-0.094611,0.996408,198.78
245,takeoff,4572.709911,87.006061,64.833141,88.683296,209.134632,712.797021,27.232655,0.309189,13.659202,8.293477,3654.849263,cooling_system_fault,1,1,100,1800,-0.001218,0.210931,-0.972771,-2.07727,0.069044,-0.074445,0.002903,0.057771,0.996358,198.775
246,takeoff,4633.962436,87.861695,64.766303,89.041729,208.320057,710.961994,27.081208,0.312326,14.000874,8.516817,3487.838998,cooling_system_fault,1,1,100,1800,0.649639,-0.302677,0.48153,0.406737,-0.298445,-0.363914,0.00562,0.028754,0.996308,198.77
247,takeoff,4621.17562,87.66643,65.155986,88.050884,209.277243,712.371765,26.948764,0.312715,13.743769,7.121488,3403.759253,cooling_system_fault,1,1,100,1800,1.118765,0.322236,0.358758,0.388183,3.388452,0.083574,-0.004979,0.016757,0.996257,198.765
248,takeoff,4603.455111,85.287968,64.269286,88.343019,210.473098,713.353082,26.899688,0.322438,13.893165,8.292308,3465.218338,cooling_system_fault,1,1,100,1800,-2.474367,0.999735,-0.054337,0.246296,-0.756173,0.033978,0.007595,0.010042,0.996206,198.76
249,takeoff,4570.678052,88.752534,64.767935,87.495845,209.286647,714.443794,27.010037,0.316502,13.958101,8.598325,3444.445432,cooling_system_fault,1,1,100,1800,1.970694,-0.468682,-0.59237,1.503703,1.608324,-0.045507,0.005053,0.002745,0.996154,198.755
250,takeoff,4628.688222,85.936804,63.807941,88.249234,207.220918,720.359039,26.953575,0.310186,13.867043,8.504702,3482.752779,cooling_system_fault,1,1,100,1800,1.262437,0.243599,-0.047929,-0.19966,-0.720796,-0.179428,0.003997,-0.084721,0.996103,198.75
251,takeoff,4606.250771,87.577752,64.765199,88.236811,210.87369,713.558815,27.094169,0.320731,13.757407,7.149581,3346.254603,cooling_system_fault,1,1,100,1800,-4.508098,-0.09526,0.166788,0.527935,-1.347261,0.037757,1e-05,0.107624,0.996051,198.745
252,takeoff,4619.997405,86.89451,64.720164,88.064174,208.581487,713.762526,26.791213,0.312266,13.7141,8.584901,3506.541813,cooling_system_fault,1,1,100,1800,2.117396,-0.832438,-0.527798,0.536725,-1.229625,0.082702,-0.002843,0.056428,0.995998,198.74
253,takeoff,4591.916006,88.603171,64.174948,87.963721,208.354386,710.926856,26.865541,0.32033,13.771689,8.352944,3444.284583,cooling_system_fault,1,1,100,1800,-3.785549,-0.582685,0.186345,-0.112388,-0.806565,-0.073965,0.000708,0.062392,0.995945,198.735
254,takeoff,4587.641176,85.825326,64.66774,88.04306,209.730842,718.792743,26.915682,0.312653,13.786772,8.231201,3492.077259,cooling_system_fault,1,1,100,1800,-1.062816,0.53637,0.524987,0.888424,3.734143,0.115331,0.001183,-0.209761,0.995892,198.73
255,takeoff,4621.886444,85.451672,64.594304,88.289876,212.819676,714.459954,27.046488,0.31513,13.979776,10.01809,3482.955736,cooling_system_fault,1,1,100,1800,5.593581,-0.013297,-0.013759,0.872717,1.316219,0.002576,0.002977,-0.122776,0.995839,198.725
256,takeoff,4588.92024,85.598346,64.792387,87.926186,210.274889,717.929673,26.782467,0.314479,13.637991,8.329506,3417.346322,cooling_system_fault,1,1,100,1800,-3.112981,0.044593,0.228358,-0.227155,-1.120837,-0.256103,0.001352,-0.071023,0.995785,198.72
257,takeoff,4613.999497,87.547206,64.64157,88.302765,207.987138,716.382312,27.255535,0.316208,13.840133,9.713491,3560.468623,cooling_system_fault,1,1,100,1800,-2.262048,0.336006,0.85383,0.316727,2.261905,0.194778,-0.00185,-0.035532,0.99573,198.715
258,takeoff,4581.505214,87.376293,64.098461,88.649508,210.053732,714.412144,27.078127,0.306129,13.904735,7.084543,3507.736789,cooling_system_fault,1,1,100,1800,-1.568487,0.078445,0.061835,0.863267,2.248952,-0.128705,0.000712,-0.056169,0.995676,198.71
259,takeoff,4643.929575,87.518123,64.747264,87.808866,211.074642,711.337357,26.960567,0.321291,13.827493,7.440947,3366.871809,cooling_system_fault,1,1,100,1800,3.107932,0.180148,0.069555,2.006461,-0.152722,-0.16155,0.000551,0.022089,0.995621,198.705
260,takeoff,4625.127564,86.074455,64.586921,87.559838,210.14074,717.74868,27.247425,0.313633,13.41076,8.619047,3579.831668,cooling_system_fault,1,1,100,1800,2.958894,0.054012,-0.215791,-0.801678,0.783698,-0.148298,0.00106,-0.004884,0.995566,198.7
261,takeoff,4624.261666,88.490346,64.383458,87.726292,209.152316,715.621866,27.183041,0.310305,13.642567,8.348548,3418.584291,cooling_system_fault,1,1,100,1800,3.522539,-0.247107,-0.572818,-0.926081,0.95171,0.16054,0.01133,0.00012,0.99551,198.695
262,takeoff,4632.466741,88.026248,65.153764,88.396441,208.294336,712.248155,27.105477,0.316437,13.567466,7.20335,3489.942096,cooling_system_fault,1,1,100,1800,-2.358259,-0.091739,-0.024934,0.130169,2.497255,-0.007281,0.002606,-0.035013,0.995454,198.69
263,takeoff,4619.732556,88.879764,63.396844,88.172981,209.697545,714.782552,27.272023,0.319905,13.817771,8.959575,3587.198818,cooling_system_fault,1,1,100,1800,1.755557,-0.146094,0.674483,0.432002,0.278615,-0.029634,-0.003532,-0.0541,0.995398,198.685
264,takeoff,4608.25164,87.342397,64.28684,88.505577,210.869468,712.179847,26.844633,0.325013,13.537861,7.628964,3502.477635,cooling_system_fault,1,1,100,1800,5.901812,0.727412,0.322817,0.604896,1.384343,-0.067516,0.008283,-0.179826,0.995341,198.68
265,takeoff,4605.11204,87.237228,64.489847,87.78027,209.27436,716.5244,27.344849,0.325564,13.454096,8.763176,3596.647347,cooling_system_fault,1,1,100,1800,-6.482204,-0.26574,-0.77519,-0.093053,1.970055,0.110169,0.002408,0.034081,0.995284,198.675
266,takeoff,4627.564916,87.86038,63.822825,87.768971,209.946374,715.485184,26.979739,0.315183,13.601868,7.337507,3491.981355,cooling_system_fault,1,1,100,1800,2.016783,-0.046857,-0.822906,0.724457,-0.081353,-0.010699,-0.002435,0.035163,0.995227,198.67
267,takeoff,4597.343315,85.863361,64.448892,88.33282,207.971017,713.41464,26.829915,0.317238,13.801657,10.011145,3617.224042,cooling_system_fault,1,1,100,1800,-0.585367,0.995199,0.605612,0.448668,-0.284487,0.070144,0.001651,-0.017543,0.995169,198.665
268,takeoff,4623.003537,87.17506,64.702479,87.494027,208.62162,715.97395,27.213436,0.311654,13.732038,8.913857,3545.273873,cooling_system_fault,1,1,100,1800,3.055729,-0.067302,-0.365756,-0.063131,2.103335,0.113443,0.003816,0.067653,0.995111,198.66
269,takeoff,4588.455589,89.215387,64.562742,88.078977,208.25012,712.893306,26.969295,0.312691,13.904421,10.077497,3435.531911,cooling_system_fault,1,1,100,1800,0.357119,-0.044815,-0.773564,0.572874,3.979686,0.171468,-0.002251,-0.063211,0.995053,198.655
270,takeoff,4617.893963,86.231773,64.28002,88.886411,208.956992,715.010799,27.118459,0.309423,13.614762,9.363945,3579.824147,cooling_system_fault,1,1,100,1800,-6.958702,0.117189,-0.407804,1.009377,-0.878996,0.152358,-0.004193,0.051958,0.994994,198.65
271,takeoff,4651.368523,86.59317,65.109581,87.946794,208.761714,710.775574,27.133194,0.31027,14.012634,8.646788,3277.048924,cooling_system_fault,1,1,100,1800,-0.338465,0.107005,0.720799,0.394947,-3.20261,-0.216724,0.003535,-0.006565,0.994935,198.645
272,takeoff,4642.083907,88.745974,64.225026,87.805906,206.595809,706.27151,27.023387,0.317762,13.554848,9.305658,3544.214797,cooling_system_fault,1,1,100,1800,-3.022272,1.092903,-0.054006,-0.373098,-0.711876,-0.005312,-0.002044,-0.105262,0.994876,198.64
273,takeoff,4613.70583,85.663301,64.31798,88.428722,207.474151,713.766718,27.182348,0.308766,13.73786,9.451397,3447.344083,cooling_system_fault,1,1,100,1800,0.647447,-0.395618,0.153235,1.205081,-1.576509,-0.005855,-0.004919,0.108644,0.994816,198.635
274,takeoff,4604.907288,87.386057,64.257608,87.974098,208.936407,714.759903,27.101625,0.310317,13.839409,8.455767,3511.976695,cooling_system_fault,1,1,100,1800,11.028981,0.073441,-0.291202,-0.519775,1.538215,-0.033613,0.002474,0.016821,0.994756,198.63
275,takeoff,4592.874579,87.685617,64.203582,87.995985,207.467952,713.609074,26.763098,0.313106,13.397871,7.727877,3606.987956,cooling_system_fault,1,1,100,1800,-5.426597,-0.230747,-1.488422,-0.830164,-0.384623,0.075508,-0.002947,0.079217,0.994695,198.625
276,takeoff,4619.639495,87.72124,65.127602,87.807079,210.056087,715.675567,27.177395,0.307732,13.805935,8.208013,3504.160255,cooling_system_fault,1,1,100,1800,-0.276274,0.00023,-0.146365,-0.392811,-1.470899,-0.204545,-0.000669,0.051422,0.994635,198.62
277,takeoff,4616.600603,85.810526,65.180429,87.680858,210.546457,711.086108,26.753155,0.319198,13.630328,7.769764,3521.175687,cooling_system_fault,1,1,100,1800,2.61327,-0.408904,-1.058517,-0.083528,-0.244675,-0.125974,0.005078,0.030069,0.994573,198.615
278,takeoff,4622.661711,85.388762,65.207869,88.587161,209.386793,712.468636,27.13009,0.326014,13.46239,7.14424,3399.562968,cooling_system_fault,1,1,100,1800,4.366346,0.627566,0.182111,-0.043177,0.056369,0.156314,0.001587,0.098532,0.994512,198.61
279,takeoff,4588.348142,86.653576,64.6292,88.383297,208.772726,712.414651,27.128372,0.319069,13.577596,8.197772,3669.463447,cooling_system_fault,1,1,100,1800,0.051441,-0.011728,0.490324,0.681178,2.673983,0.020547,-0.001723,-0.012124,0.99445,198.605
280,takeoff,4613.204479,86.126106,64.940933,88.055844,207.414654,712.58827,27.146128,0.31524,13.852827,8.73659,3536.402309,cooling_system_fault,1,1,100,1800,2.729317,0.36779,-0.000662,-0.334932,-1.101394,0.050265,0.006096,-0.07638,0.994388,198.6
281,takeoff,4605.524208,87.61317,65.227179,87.108702,208.338176,715.188103,26.959219,0.310447,13.716473,6.968163,3390.083429,cooling_system_fault,1,1,100,1800,-2.74464,0.28371,0.604328,0.516692,2.089706,0.15815,-0.001211,-0.069968,0.994325,198.595
282,takeoff,4627.664377,86.725073,64.288446,88.025939,208.80192,714.696063,27.128607,0.313883,13.813742,7.207842,3551.34767,cooling_system_fault,1,1,100,1800,1.269154,-0.604696,-0.184657,0.644354,0.34643,-0.149484,0.001007,-0.104617,0.994262,198.59
283,takeoff,4582.04617,87.228565,64.443358,88.485466,210.05818,715.522898,27.045874,0.31472,13.738361,8.313674,3515.686375,cooling_system_fault,1,1,100,1800,1.858771,0.524023,-0.266396,0.317796,-0.956465,-0.199641,-0.007822,-0.16034,0.994199,198.585
284,takeoff,4607.286969,87.233901,64.43892,88.089969,208.041343,717.400386,26.993451,0.310694,13.628,7.989304,3418.490368,cooling_system_fault,1,1,100,1800,-0.481065,-0.758209,0.039083,-0.349073,0.227884,0.074671,0.003458,-0.036825,0.994136,198.58
285,takeoff,4603.653089,86.933942,64.245437,87.918266,209.484959,711.073259,27.355233,0.315847,13.848342,8.362636,3452.125281,cooling_system_fault,1,1,100,1800,1.148014,-0.924255,0.238549,0.121381,1.963334,-0.047426,0.000894,-0.060761,0.994072,198.575
286,takeoff,4606.941105,87.374179,65.368359,87.644751,209.360602,715.253654,27.126591,0.310026,13.963732,9.325747,3549.993257,cooling_system_fault,1,1,100,1800,-2.751702,0.340467,0.518824,0.245209,-0.564571,0.114513,0.005016,0.124009,0.994007,198.57
287,takeoff,4611.063024,86.13084,64.879469,88.715529,210.619403,717.279658,27.207436,0.309126,13.91497,8.946549,3492.831395,cooling_system_fault,1,1,100,1800,3.87164,-0.653079,0.036014,0.061905,-0.590481,0.058562,-0.002571,0.042102,0.993943,198.565
288,takeoff,4581.858038,88.143077,64.480642,87.372386,208.282509,714.361711,27.040195,0.316201,13.375824,7.827677,3447.239651,cooling_system_fault,1,1,100,1800,-1.869421,-0.030278,0.577888,0.186519,-3.367157,-0.114969,-0.008462,0.224772,0.993878,198.56
289,takeoff,4632.643327,87.762968,64.428563,88.876831,208.804573,715.069078,26.838317,0.316581,13.856186,7.897068,3470.15844,cooling_system_fault,1,1,100,1800,-0.366872,-0.953609,0.065615,0.532758,1.143395,-0.248764,0.004418,-0.00161,0.993813,198.555
290,takeoff,4631.739186,87.058137,63.92736,88.303086,210.527978,715.4329,27.371789,0.320536,13.591664,6.268449,3538.902012,cooling_system_fault,1,1,100,1800,3.000066,0.844012,0.137507,1.285358,-0.545935,-0.04599,0.00028,-0.057483,0.993747,198.55
291,takeoff,4589.864756,85.610745,64.650538,87.939023,208.620692,714.327324,26.884679,0.315906,13.657321,7.817494,3712.639569,cooling_system_fault,1,1,100,1800,-1.86377,0.384899,0.419381,0.063771,-0.032812,-0.03985,-0.014813,-0.170262,0.993681,198.545
292,takeoff,4616.449986,88.500727,65.379271,87.588963,207.034449,713.480341,26.736931,0.311595,13.776889,8.844374,3458.532482,cooling_system_fault,1,1,100,1800,-5.967501,-0.261486,-0.516178,1.475847,-0.887694,-0.050005,0.00414,0.073646,0.993615,198.54
293,takeoff,4604.02549,89.139051,64.602934,88.403187,210.260682,718.292833,27.385741,0.316419,13.614856,8.385224,3428.681794,cooling_system_fault,1,1,100,1800,-0.550074,-0.246376,-0.462428,-0.422756,1.588308,0.013202,-0.002484,0.000694,0.993548,198.535
294,takeoff,4583.15514,84.597279,64.911003,87.98199,209.325999,717.01837,27.00263,0.323328,13.757025,8.083506,3541.493678,cooling_system_fault,1,1,100,1800,-1.162953,0.404939,0.052812,-1.04442,0.833653,-0.08156,-0.006319,-0.136679,0.993481,198.53
295,takeoff,4609.469004,85.529195,64.509397,87.951282,208.324728,712.061966,26.486413,0.311032,13.847655,7.603871,3504.180921,cooling_system_fault,1,1,100,1800,0.562899,0.027245,-0.171201,0.782246,-0.995454,0.118706,-0.003356,-0.013469,0.993414,198.525
296,takeoff,4631.552437,86.799523,65.138491,88.155779,210.104438,710.514184,26.988458,0.320908,13.856125,6.544933,3369.109088,cooling_system_fault,1,1,100,1800,-4.909249,0.881926,-0.500616,0.664979,-1.393324,0.045958,-0.008511,-0.127058,0.993346,198.52
297,takeoff,4620.078942,85.433668,64.621057,87.014724,208.87956,715.732435,26.796781,0.317365,14.131277,8.04388,3313.128156,cooling_system_fault,1,1,100,1800,1.262622,0.204534,0.207908,-0.164858,1.393132,-0.055835,0.002269,0.138583,0.993278,198.515
298,takeoff,4603.460037,87.652462,64.023992,88.311746,209.185129,715.84164,26.956196,0.312805,14.056937,10.180179,3488.2611,cooling_system_fault,1,1,100,1800,1.705377,-0.271583,0.055557,-0.119555,0.620843,0.07605,-0.002701,0.040847,0.993209,198.51
299,takeoff,4602.859931,88.199848,64.746367,88.196898,209.534067,718.964317,27.09205,0.323521,13.609789,9.432447,3557.585317,cooling_system_fault,1,1,100,1800,3.676077,0.101222,0.237293,-0.064496,-0.698231,0.402896,0.002404,-0.119142,0.993141,198.505
300,takeoff,4600.984032,86.772826,65.338338,88.179557,209.179435,714.041568,26.937364,0.305071,13.651417,8.216116,3532.803806,cooling_system_fault,1,1,100,1800,-1.608463,0.168592,-0.523822,-1.406915,-0.893211,-0.026946,0.000151,-0.007433,0.993071,198.5
301,takeoff,4634.399409,87.58046,64.999924,87.946535,209.635234,711.176153,27.427444,0.302537,14.009716,9.301665,3396.889187,cooling_system_fault,1,1,100,1800,-2.191709,-0.006206,1.012052,0.348217,-2.031824,-0.26735,-0.002544,-0.036703,0.993002,198.495
302,takeoff,4566.492718,87.783765,64.807112,88.667251,209.401338,712.433132,26.953521,0.329194,13.675974,7.937403,3458.737864,cooling_system_fault,1,1,100,1800,-4.635048,-0.083005,0.315348,0.767863,-2.730457,0.265694,-0.005694,0.004143,0.992932,198.49
303,takeoff,4557.597639,86.816921,64.976564,88.705737,209.706428,709.288752,27.171354,0.306409,13.72614,7.459299,3596.676336,cooling_system_fault,1,1,100,1800,-4.471564,-0.721223,0.132199,-0.289464,-0.834351,0.006544,0.003739,0.034386,0.992862,198.485
304,takeoff,4599.908504,85.984546,64.248663,88.920922,207.057546,714.515026,27.351821,0.313312,13.765088,8.025431,3427.192613,cooling_system_fault,1,1,100,1800,3.69916,-0.408877,-0.667012,1.281697,1.11393,0.03227,0.002153,-0.017244,0.992792,198.48
305,takeoff,4589.567592,87.370482,64.927876,87.796166,209.258459,715.821781,27.04156,0.315623,14.190727,7.959112,3428.945106,cooling_system_fault,1,1,100,1800,-0.157508,0.634317,0.321,0.288093,-0.306595,-0.244143,0.000751,0.006118,0.992721,198.475
306,takeoff,4576.938853,85.033173,64.686951,88.698001,207.299373,718.599342,27.113251,0.312347,13.714722,7.469555,3294.123954,cooling_system_fault,1,1,100,1800,-0.427676,0.234209,0.49701,0.512783,0.469056,-0.068485,-0.001217,-0.03245,0.992649,198.47
307,takeoff,4619.867263,86.772385,64.340585,87.862574,207.364406,719.432638,26.793143,0.317035,13.76698,8.895968,3370.868939,cooling_system_fault,1,1,100,1800,-6.576695,-1.574414,-0.626176,0.249142,3.280268,-0.098522,0.001209,0.045391,0.992578,198.465
308,takeoff,4612.187511,86.326097,63.436937,87.740581,208.308268,712.381621,27.069097,0.310682,13.72968,9.901101,3620.150818,cooling_system_fault,1,1,100,1800,-1.893669,-0.231414,0.683574,-0.468333,-0.639376,0.101901,0.00095,-0.066864,0.992506,198.46
309,takeoff,4609.570861,86.913851,64.025755,87.934139,206.699175,716.525274,26.905844,0.302952,13.864761,8.989774,3465.307409,cooling_system_fault,1,1,100,1800,4.513109,0.208999,-0.952687,2.089764,-1.108134,0.271991,-0.000179,-0.003728,0.992434,198.455
310,takeoff,4629.951364,86.876509,64.183874,87.879304,209.148434,713.361983,27.049729,0.310297,13.774379,8.012251,3565.430224,cooling_system_fault,1,1,100,1800,0.302606,0.312471,-0.085584,0.158057,-1.625963,-0.104255,0.013159,0.086667,0.992361,198.45
311,takeoff,4611.938415,86.073112,64.501835,87.401103,210.222708,715.725304,27.434501,0.320345,13.571872,9.18835,3352.062775,cooling_system_fault,1,1,100,1800,-5.221454,-0.313921,-0.087467,0.538182,0.715062,-0.118151,0.00515,0.025403,0.992288,198.445
312,takeoff,4603.319857,87.770527,64.263075,88.446028,209.955181,712.626181,27.013845,0.311043,13.694427,7.987525,3447.526858,cooling_system_fault,1,1,100,1800,2.196928,-0.204539,-0.268771,-0.073877,-1.133732,0.095406,-0.003587,0.016621,0.992215,198.44
313,takeoff,4591.309676,85.275263,65.238147,87.196304,207.841707,710.805766,27.180517,0.304299,13.580116,8.188491,3427.497312,cooling_system_fault,1,1,100,1800,2.040215,-0.068078,0.148722,1.017281,-2.344591,-0.312589,-0.000103,0.012579,0.992141,198.435
314,takeoff,4597.881204,86.112896,64.693964,88.582126,208.362013,719.672975,27.07512,0.310751,13.674434,9.076308,3424.195975,cooling_system_fault,1,1,100,1800,3.736946,-0.043986,-0.369734,1.477404,-1.252427,-0.249371,-0.001393,0.176638,0.992067,198.43
315,takeoff,4617.047434,86.580926,64.287839,87.588004,208.786094,711.580842,26.673753,0.325529,13.875416,7.442913,3462.347773,cooling_system_fault,1,1,100,1800,-3.591988,0.060788,-0.425523,0.597426,-0.391278,-0.083806,0.010466,0.005022,0.991993,198.425
316,takeoff,4588.89099,87.371395,64.725589,88.023328,207.625851,714.776327,27.226569,0.313346,13.583407,6.473509,3530.573017,cooling_system_fault,1,1,100,1800,-3.182799,-0.012897,-0.381729,1.160516,-1.673136,-0.013888,-0.003522,-0.124119,0.991919,198.42
317,takeoff,4576.406214,87.560637,65.482526,87.038522,209.281211,714.410809,26.926911,0.310089,13.650627,9.350132,3412.438688,cooling_system_fault,1,1,100,1800,-2.888147,-0.538079,-0.307077,0.533177,0.532993,-0.200608,-0.008489,0.075452,0.991844,198.415
318,takeoff,4639.349117,88.450874,63.863704,87.946557,209.370066,715.653437,26.9145,0.31526,13.737588,9.846789,3393.255222,cooling_system_fault,1,1,100,1800,0.214677,-0.015032,0.064091,0.821632,2.799342,0.12673,-0.007187,-0.100809,0.991768,198.41
319,takeoff,4598.700095,87.892447,63.885855,88.589267,210.362445,713.055089,26.838917,0.313088,13.677915,7.399455,3446.265022,cooling_system_fault,1,1,100,1800,-0.555034,-0.018312,0.60341,0.73648,-0.660641,-0.119138,-0.002223,-0.091007,0.991692,198.405
320,takeoff,4586.697676,86.339841,64.456971,87.954309,207.53346,711.547966,27.002427,0.316462,13.763016,8.007219,3447.135329,cooling_system_fault,1,1,100,1800,0.702558,0.772224,-0.09155,0.326791,0.594718,-0.264993,0.001203,0.017442,0.991616,198.4
321,takeoff,4586.609679,86.925709,64.461807,88.334357,210.06585,716.635918,27.292597,0.314401,13.804158,8.533719,3542.72643,cooling_system_fault,1,1,100,1800,-4.923664,0.208285,0.660009,0.637899,0.304929,-0.044676,0.003591,0.019734,0.99154,198.395
322,takeoff,4623.445622,85.531226,64.666783,89.55462,210.525974,713.595256,26.843432,0.311984,13.696135,7.274013,3561.677251,cooling_system_fault,1,1,100,1800,-0.586182,1.06896,0.275476,0.756168,-0.480033,-0.083466,0.00051,0.081185,0.991463,198.39
323,takeoff,4592.920866,86.104806,65.106682,87.048136,209.7052,714.894608,26.741263,0.309965,13.910276,8.851613,3626.352222,cooling_system_fault,1,1,100,1800,0.426724,-1.078963,0.112635,1.032189,1.62354,0.082092,-0.001689,-0.083633,0.991386,198.385
324,takeoff,4601.976067,87.065359,64.02301,88.191087,209.717749,712.214878,27.167984,0.311896,13.813042,7.235905,3651.00543,cooling_system_fault,1,1,100,1800,-1.790504,-0.670973,1.674315,1.074439,0.690666,0.01694,0.00233,0.045797,0.991309,198.38
325,takeoff,4608.488024,86.761875,64.356165,88.892077,209.507932,717.878306,26.735617,0.3165,13.487037,7.586372,3532.04668,cooling_system_fault,1,1,100,1800,-1.20067,0.855392,0.001016,-0.301106,1.49915,0.033992,0.000481,-0.073598,0.991231,198.375
326,takeoff,4620.596421,86.64932,64.254307,88.533718,208.560808,717.453022,26.84623,0.319044,13.513475,7.948857,3426.501674,cooling_system_fault,1,1,100,1800,1.356748,-0.666568,1.096376,0.037123,-1.601752,-0.220268,-0.002811,-0.01969,0.991153,198.37
327,takeoff,4594.100942,86.460681,64.538823,88.101433,209.199953,715.213132,27.194249,0.312536,13.909889,7.650402,3566.722032,cooling_system_fault,1,1,100,1800,5.801394,-0.813861,0.173037,0.536289,-0.503929,-0.159585,0.001328,0.040767,0.991074,198.365
328,takeoff,4605.396289,89.107784,64.234619,88.123959,210.097156,713.061148,26.740348,0.313837,13.506988,7.330752,3549.145136,cooling_system_fault,1,1,100,1800,-0.195412,0.204731,0.024108,1.407812,-0.731648,-0.046779,0.003013,-0.036473,0.990996,198.36
329,takeoff,4637.606305,86.664129,64.459924,88.444232,209.346796,716.411933,27.123854,0.32175,13.775853,6.533855,3510.97991,cooling_system_fault,1,1,100,1800,4.784281,-0.147942,-0.067997,0.23233,-0.352438,0.038797,-0.003575,-0.126595,0.990916,198.355
330,takeoff,4607.636879,87.391017,64.347825,87.958386,208.470397,714.600008,27.175466,0.305056,13.722315,7.982401,3633.363391,cooling_system_fault,1,1,100,1800,-2.607271,0.061515,-0.114616,0.800572,1.1203,-0.118019,0.001943,-0.128169,0.990837,198.35
331,takeoff,4609.182641,86.542876,64.157828,87.975606,209.992707,720.118575,27.124314,0.313383,13.628725,8.282158,3507.657413,cooling_system_fault,1,1,100,1800,-0.291837,0.621949,0.508252,0.624866,-3.917239,0.200665,-0.005012,0.06524,0.990757,198.345
332,takeoff,4618.727269,88.144566,64.811625,88.003746,208.192592,714.191819,26.765815,0.313717,13.83865,7.281526,3493.79956,cooling_system_fault,1,1,100,1800,4.253162,-0.795939,-0.172498,1.081576,0.785898,-0.135238,-0.007265,0.037887,0.990677,198.34
333,takeoff,4640.076143,87.065314,64.768301,88.086195,207.417274,712.06802,27.100799,0.311628,13.57698,9.081762,3486.360016,cooling_system_fault,1,1,100,1800,1.298786,-0.045076,0.457399,0.790423,-0.000785,-0.137616,0.000454,0.000882,0.990596,198.335
334,takeoff,4602.015556,86.689396,64.229549,88.689855,208.658901,717.465765,26.985112,0.313306,13.802397,8.959117,3422.28093,cooling_system_fault,1,1,100,1800,3.324523,-0.102249,-0.557145,-0.038286,2.240927,0.049829,-0.006802,-0.004016,0.990515,198.33
335,takeoff,4592.135377,87.403851,65.658966,88.716703,209.030655,712.787015,26.821169,0.316452,13.627959,8.426575,3412.353817,cooling_system_fault,1,1,100,1800,2.829171,0.380316,0.038278,0.673497,0.101436,-0.065126,0.001293,-0.130638,0.990434,198.325
336,takeoff,4596.305778,86.579097,64.644086,88.151043,209.728008,714.610081,26.79776,0.317282,13.660319,7.349744,3479.362726,cooling_system_fault,1,1,100,1800,-5.382463,0.028778,-0.923619,0.763708,-0.529832,-0.083325,-0.002698,0.063218,0.990353,198.32
337,takeoff,4612.236738,87.627546,64.840384,87.567868,211.077453,711.324121,26.915531,0.310511,13.738606,7.187616,3478.779469,cooling_system_fault,1,1,100,1800,2.671937,-0.353522,1.375044,1.150481,1.097043,-0.147641,-0.006026,0.036425,0.990271,198.315
338,takeoff,4610.779061,88.154863,64.880918,88.373882,208.7754,715.178352,26.989629,0.31106,13.998119,8.857532,3472.740538,cooling_system_fault,1,1,100,1800,-9.090022,0.150094,-0.140438,0.068451,-1.101793,-0.323021,-0.005691,-0.002994,0.990188,198.31
339,takeoff,4585.566056,87.771174,64.307052,87.050824,209.689664,715.460006,27.021128,0.311516,13.47021,9.774996,3643.741246,cooling_system_fault,1,1,100,1800,-4.224778,0.120098,0.200876,0.488397,-1.446422,-0.116493,-0.001677,-0.038081,0.990106,198.305
340,takeoff,4601.014402,86.266038,64.857224,88.119751,209.206526,716.394354,26.961576,0.311082,13.716111,7.960884,3535.146518,cooling_system_fault,1,1,100,1800,-0.242813,-0.735536,0.281451,1.387703,-4.425145,-0.25825,0.006155,0.178979,0.990023,198.3
341,takeoff,4583.553906,87.292362,64.664583,88.984989,210.363477,711.609016,27.022097,0.309511,13.727854,8.463122,3522.370083,cooling_system_fault,1,1,100,1800,1.802525,-0.878502,-0.830057,0.635649,-2.538921,-0.070077,0.002246,-0.000683,0.98994,198.295
342,takeoff,4635.893077,86.267934,65.190591,88.031374,208.168285,713.980961,26.921621,0.319632,13.574283,7.91924,3579.408448,cooling_system_fault,1,1,100,1800,-4.203079,0.570651,0.283669,1.191783,-0.467571,-0.017117,0.00366,0.013808,0.989856,198.29
343,takeoff,4625.627513,86.511606,64.471206,88.848875,208.691152,713.959148,27.019074,0.311178,13.746606,10.138677,3606.655714,cooling_system_fault,1,1,100,1800,0.378194,0.287197,-0.393411,1.474032,2.367232,0.082745,0.003696,0.007748,0.989772,198.285
344,takeoff,4631.386063,85.381387,65.086463,89.382939,208.234293,714.397692,26.936567,0.309651,13.791541,7.583538,3609.059562,cooling_system_fault,1,1,100,1800,-2.17751,-1.003081,-0.366562,0.256632,-2.053396,0.073859,0.004647,-0.008256,0.989688,198.28
345,takeoff,4633.648401,86.989643,65.153992,87.70271,207.616732,716.634882,26.557381,0.320441,13.680754,9.558004,3390.638507,cooling_system_fault,1,1,100,1800,-0.03615,0.241995,-0.887403,-0.113691,-3.35731,0.101158,0.009124,-0.04099,0.989603,198.275
346,takeoff,4619.956469,86.942084,64.825555,88.283079,209.741654,713.468314,26.986608,0.31158,13.542142,7.627125,3492.778184,cooling_system_fault,1,1,100,1800,-2.227248,0.488199,-0.031877,0.426747,-0.911123,0.041492,-0.003857,0.041392,0.989518,198.27
347,takeoff,4577.176253,87.410767,63.840908,87.866992,209.921298,713.721124,27.268733,0.315107,14.047512,8.274902,3561.78986,cooling_system_fault,1,1,100,1800,-1.941753,-0.357835,-0.549415,0.493454,1.588074,0.018068,0.004955,-0.069781,0.989432,198.265
348,takeoff,4603.02923,87.09829,64.049478,88.553867,208.679985,713.504961,27.079927,0.313987,13.837366,8.042924,3491.28456,cooling_system_fault,1,1,100,1800,0.835951,0.321399,-1.295949,2.071979,-1.165504,-0.27494,0.001127,-0.122321,0.989347,198.26
349,takeoff,4616.013735,88.66477,64.895031,88.727198,207.62494,710.821663,26.84366,0.313198,13.939731,6.691013,3565.743471,cooling_system_fault,1,1,100,1800,1.135839,0.376604,-0.223359,1.60304,1.557771,-0.272992,-0.002309,0.142651,0.989261,198.255
350,takeoff,4594.699333,86.480906,64.67703,89.117766,210.438518,716.462042,27.069972,0.32333,13.987263,4.980468,3580.949803,cooling_system_fault,1,1,100,1800,-3.255069,0.3642,0.136546,2.454122,-1.610885,0.066813,-0.00717,-0.219431,0.989174,198.25
351,takeoff,4618.51594,87.154644,65.041755,88.555129,210.886742,711.869143,27.022471,0.308608,13.801483,7.948279,3521.911983,cooling_system_fault,1,1,100,1800,-4.399903,-0.047516,0.262588,0.159167,-0.847761,-0.200031,0.000795,0.153558,0.989087,198.245
352,takeoff,4609.489361,88.302223,64.730407,87.409521,206.877285,715.137676,26.839935,0.312286,13.741999,8.514653,3352.472461,cooling_system_fault,1,1,100,1800,3.292919,0.048764,-0.534021,0.778523,-3.009503,0.187371,-0.007963,-0.077957,0.989,198.24
353,takeoff,4599.421696,88.396847,64.934107,88.727971,210.040513,712.531149,27.250982,0.316992,13.700451,8.454876,3435.594555,cooling_system_fault,1,1,100,1800,3.746225,-0.477959,0.014407,0.681215,1.090215,0.075295,0.00701,-0.038303,0.988913,198.235
354,takeoff,4582.63655,86.858834,65.92675,88.212011,207.103647,714.493752,26.754471,0.308761,13.724955,9.659846,3428.370795,cooling_system_fault,1,1,100,1800,5.18809,0.191843,0.644657,0.654576,-0.905667,0.079695,-0.002219,0.075274,0.988825,198.23
355,takeoff,4582.268959,86.990549,63.626593,88.948488,208.384488,713.618682,26.869677,0.30908,13.751957,7.677374,3266.756953,cooling_system_fault,1,1,100,1800,-3.076216,-0.247109,0.373246,1.156739,0.062175,0.142857,-0.002622,0.015975,0.988737,198.225
356,takeoff,4612.61138,87.717056,63.556146,87.796751,210.331841,713.894531,27.034987,0.313797,13.474185,6.195479,3503.143489,cooling_system_fault,1,1,100,1800,3.309523,-0.360004,0.555902,1.390654,0.140587,-0.111367,0.002969,-0.149032,0.988648,198.22
357,takeoff,4621.17464,86.662371,63.751425,87.670941,208.649031,713.871369,26.988213,0.310479,13.796264,6.865941,3639.660632,cooling_system_fault,1,1,100,1800,0.390781,-0.687874,0.53722,1.376322,1.786103,-0.161458,-0.010071,-0.012973,0.988559,198.215
358,takeoff,4634.160463,87.90306,64.631641,88.12706,209.722926,717.516883,27.011485,0.316684,13.523373,6.960932,3500.504708,cooling_system_fault,1,1,100,1800,-0.573058,-0.45005,0.244488,0.389736,0.259766,0.078662,-0.002239,0.020468,0.98847,198.21
359,takeoff,4591.321198,87.281133,65.031956,88.574236,210.743136,714.694416,26.929914,0.312207,13.716005,8.495,3516.80384,cooling_system_fault,1,1,100,1800,-2.274669,-0.083427,0.419768,0.828806,1.148459,0.221852,-0.001719,0.08734,0.988381,198.205
360,cruise,4230.171266,67.171435,64.16395,88.594109,190.260239,654.952862,23.026979,0.311715,9.706394,8.395853,3417.787272,cooling_system_fault,1,1,100,1800,-4.965665,0.188603,0.320398,0.612657,-0.567235,0.051993,0.001099,-0.002315,0.988291,198.2
361,cruise,4160.415485,67.994111,64.424392,89.052485,189.919627,653.21372,22.82798,0.314692,9.822888,8.472772,3516.59532,cooling_system_fault,1,1,100,1800,-1.153912,-0.303878,0.228186,1.386258,0.16764,0.052525,-0.000153,0.083748,0.9882,198.195
362,cruise,4204.955075,66.736189,64.989243,87.855637,187.538307,651.332083,23.240471,0.31575,9.581832,8.410973,3547.305867,cooling_system_fault,1,1,100,1800,-2.956969,-0.238643,0.034931,0.236704,-1.354287,0.026082,-0.003978,-0.062926,0.98811,198.19
363,cruise,4204.563837,67.00538,64.855018,87.786467,188.926947,650.275953,23.483501,0.316358,9.859646,7.920154,3500.921362,cooling_system_fault,1,1,100,1800,-0.635553,-0.662408,-0.721415,0.619849,0.871451,-0.166456,-0.002166,0.261582,0.988019,198.185
364,cruise,4199.034993,66.525085,64.934262,88.780233,188.880762,652.893345,22.982243,0.309464,9.666938,8.995057,3571.650038,cooling_system_fault,1,1,100,1800,2.268181,0.407283,-0.061596,-0.672144,0.014055,0.030763,0.002602,0.030112,0.987928,198.18
365,cruise,4221.775631,66.970709,64.663279,87.172434,190.062946,649.942347,23.042415,0.316593,10.037714,8.439516,3490.885812,cooling_system_fault,1,1,100,1800,1.943887,0.335836,-0.083996,0.724076,0.021188,0.066009,0.00174,0.067704,0.987836,198.175
366,cruise,4200.147279,67.760993,64.836264,88.200113,188.132272,655.719297,23.232606,0.308499,9.597053,8.228868,3429.951013,cooling_system_fault,1,1,100,1800,0.252092,-0.130688,-0.217368,0.613806,0.283297,-0.163535,-0.008959,0.036847,0.987744,198.17
367,cruise,4183.437918,67.316242,65.132242,88.094285,188.335461,652.532238,22.902536,0.320895,9.664546,9.637016,3479.391342,cooling_system_fault,1,1,100,1800,-1.643717,0.235529,-0.489945,1.881743,0.352763,0.050659,0.005364,-0.065247,0.987652,198.165
368,cruise,4202.436458,65.864516,64.884197,87.883457,189.617599,652.186459,23.328822,0.31878,9.652028,10.089485,3537.266717,cooling_system_fault,1,1,100,1800,0.740604,0.036707,-0.734082,0.92695,0.01689,0.185967,-0.007083,-0.0891,0.987559,198.16
369,cruise,4261.60749,65.94935,64.525847,87.491355,189.078437,653.32214,22.804388,0.316886,9.51943,9.323061,3379.171588,cooling_system_fault,1,1,100,1800,-1.924209,0.52172,-0.125041,1.424415,0.750779,0.06591,0.000569,-0.116087,0.987466,198.155
370,cruise,4213.673149,67.235642,64.556212,88.391015,188.827,655.696712,22.713625,0.310724,9.855883,8.568759,3571.048512,cooling_system_fault,1,1,100,1800,-3.228858,-0.176271,-0.534799,1.429631,0.54582,-0.304818,-0.0051,-0.086843,0.987373,198.15
371,cruise,4170.276472,65.74769,64.92133,87.202448,189.99078,650.848664,23.309783,0.313533,9.704864,8.805482,3449.130671,cooling_system_fault,1,1,100,1800,0.337455,0.065974,-0.003077,2.326195,2.339021,-0.174749,-0.000424,-0.006709,0.987279,198.145
372,cruise,4194.52752,67.792573,64.852137,87.974232,189.114646,650.242784,23.032193,0.321209,9.534106,8.372425,3604.429462,cooling_system_fault,1,1,100,1800,5.288099,-0.409806,0.940607,2.17533,0.271232,-0.062567,-0.001378,0.07662,0.987185,198.14
373,cruise,4181.333904,66.523154,64.477175,87.95199,190.205334,651.916608,23.027617,0.303829,9.924794,7.30389,3492.504685,cooling_system_fault,1,1,100,1800,-2.044138,0.094536,-0.11798,1.441557,3.110435,0.011476,0.009974,-0.075261,0.987091,198.135
374,cruise,4228.494489,68.227492,63.949823,87.617999,189.8929,652.824556,23.175209,0.31723,9.694276,8.705145,3572.445459,cooling_system_fault,1,1,100,1800,-1.242742,0.504773,-0.649767,1.154207,2.253719,0.002253,-0.006394,-0.049993,0.986996,198.13
375,cruise,4176.908904,67.463416,64.677336,88.072533,189.452104,654.899429,23.252824,0.320329,9.952137,7.898086,3462.596545,cooling_system_fault,1,1,100,1800,-4.643013,0.304345,0.321529,0.832955,0.486154,0.13655,-0.003763,-0.130755,0.986901,198.125
376,cruise,4219.036139,67.114584,64.449734,88.469288,189.347755,656.272243,22.755734,0.298328,9.877893,8.32875,3437.513874,cooling_system_fault,1,1,100,1800,2.091629,-0.231269,-0.171858,1.596758,1.983026,-0.095505,-0.001193,-0.151717,0.986805,198.12
377,cruise,4202.313037,67.140887,64.223067,87.72294,190.661905,652.905453,22.867113,0.314888,9.888304,6.513633,3494.041965,cooling_system_fault,1,1,100,1800,-3.54792,0.348951,-0.227959,0.042671,-0.812043,-0.094376,-0.00388,-0.063279,0.986709,198.115
378,cruise,4187.352663,65.273584,65.27857,88.44799,190.588811,654.634961,22.777437,0.313549,9.657129,9.1463,3388.222425,cooling_system_fault,1,1,100,1800,0.417475,0.475004,0.024884,0.750595,0.263039,-0.238305,-0.002303,-0.074274,0.986613,198.11
379,cruise,4197.741841,68.427727,64.213161,86.974467,188.920345,655.882753,22.974657,0.318695,9.613486,9.84224,3445.0275,cooling_system_fault,1,1,100,1800,-1.568946,0.446228,-0.022769,0.508088,-1.970203,0.173972,0.010668,0.089735,0.986517,198.105
380,cruise,4215.682144,66.33015,63.870742,87.23157,188.958318,656.850325,23.016656,0.31025,9.95132,7.004197,3341.688664,cooling_system_fault,1,1,100,1800,1.950998,0.53684,-0.161697,0.047421,-2.216036,-0.160351,-0.002451,-0.143502,0.98642,198.1
381,cruise,4236.644706,66.173054,64.770367,88.589123,187.525252,655.316097,22.911369,0.311801,9.845599,8.728995,3524.494296,cooling_system_fault,1,1,100,1800,4.748959,0.404382,-0.182508,1.513275,-1.015791,-0.158937,0.004645,-0.049014,0.986323,198.095
382,cruise,4190.337982,66.971119,64.162628,87.800912,188.903013,653.520308,22.898228,0.315306,9.47006,7.045268,3501.259382,cooling_system_fault,1,1,100,1800,-4.064061,-0.003612,0.024686,1.799962,-0.603426,0.019076,0.002149,-0.108225,0.986225,198.09
383,cruise,4207.272839,66.026453,64.433452,87.557108,190.337742,658.167905,22.818826,0.312694,9.954591,9.718424,3387.262511,cooling_system_fault,1,1,100,1800,1.993643,0.494237,-0.477653,-0.15199,0.155374,-0.00756,-0.008344,0.011509,0.986127,198.085
384,cruise,4211.448327,65.031302,64.119335,87.698484,189.276408,654.085108,23.009454,0.303445,9.784047,10.17005,3686.263015,cooling_system_fault,1,1,100,1800,6.960827,-0.103785,-0.369096,2.780602,-0.185421,0.039657,-0.002133,-0.077465,0.986029,198.08
385,cruise,4197.820399,66.305585,64.821274,88.317464,190.787904,656.152941,23.035198,0.317783,9.598062,8.886275,3425.830215,cooling_system_fault,1,1,100,1800,-5.712834,-0.225657,-0.036756,1.450082,-0.694471,0.295303,-0.000331,-0.028771,0.985931,198.075
386,cruise,4212.372896,65.985475,64.587224,88.023455,187.91138,655.248715,23.352353,0.314956,9.934302,7.612121,3487.568593,cooling_system_fault,1,1,100,1800,-2.68587,0.151747,-0.041466,1.862858,-2.860925,-0.008831,-0.005502,-0.018788,0.985832,198.07
387,cruise,4200.410437,66.886188,64.748516,89.167868,188.935507,656.748845,22.987525,0.322094,9.87203,10.51651,3416.17166,cooling_system_fault,1,1,100,1800,-3.745175,0.22047,0.451697,0.55881,0.17634,-0.099053,-0.00426,0.04117,0.985733,198.065
388,cruise,4193.39906,66.602938,64.373451,88.685878,190.393295,654.452313,22.904589,0.320267,9.691586,7.241441,3368.532698,cooling_system_fault,1,1,100,1800,-1.202347,-0.200956,0.032177,-0.366619,-0.076423,-0.068672,0.001022,-0.011776,0.985633,198.06
389,cruise,4253.343807,67.89201,64.565574,87.737228,188.510945,655.952173,23.108333,0.320723,9.958916,8.739287,3426.346711,cooling_system_fault,1,1,100,1800,4.16793,0.061616,-1.211271,1.136053,0.078438,-0.076961,-0.002847,0.013493,0.985533,198.055
390,cruise,4183.768374,65.566017,64.95572,89.626455,188.787733,653.133661,23.149198,0.308641,9.682845,7.563877,3413.443048,cooling_system_fault,1,1,100,1800,1.344517,0.2618,0.571727,1.289451,2.942924,-0.072995,1.6e-05,-0.086864,0.985433,198.05
391,cruise,4199.020838,67.008477,64.435929,87.852822,189.431133,659.582952,22.947907,0.31366,9.847249,8.668086,3414.195931,cooling_system_fault,1,1,100,1800,-2.852444,0.481314,-0.016419,1.668814,-0.307485,-0.15323,-0.000215,-0.079191,0.985332,198.045
392,cruise,4211.368627,68.286339,64.531893,87.860548,189.472689,653.401533,23.315835,0.317178,9.585612,7.40261,3475.629057,cooling_system_fault,1,1,100,1800,0.973616,0.709481,-0.564408,0.940729,-3.130802,-0.0697,-0.002483,-0.155701,0.985231,198.04
393,cruise,4224.816215,66.584141,65.05067,88.657657,190.573892,655.72302,23.132558,0.314856,9.690177,8.490453,3363.435998,cooling_system_fault,1,1,100,1800,1.658369,-0.611838,0.60967,1.589872,0.669584,-0.075716,0.001292,0.0567,0.98513,198.035
394,cruise,4211.381742,67.109217,65.014203,87.669969,191.922486,657.223237,22.768123,0.312509,9.690979,6.570882,3500.710475,cooling_system_fault,1,1,100,1800,-2.352647,-0.932713,0.277182,0.009724,0.174845,-0.230602,0.005077,0.077799,0.985028,198.03
395,cruise,4197.673965,67.796419,65.214478,87.731053,189.325416,651.666569,23.141188,0.317545,9.817862,7.360025,3606.34784,cooling_system_fault,1,1,100,1800,6.019008,-0.810742,-0.198972,2.202325,-1.674968,-0.020952,-0.000994,-0.086521,0.984926,198.025
396,cruise,4208.602136,70.147287,64.375956,89.032803,188.450022,654.029943,23.209457,0.312723,9.717424,9.49084,3260.22329,cooling_system_fault,1,1,100,1800,-3.050481,0.390692,0.714954,1.511671,-0.366627,0.145743,0.007284,-0.137737,0.984824,198.02
397,cruise,4248.831054,66.752007,64.412456,87.532687,189.431726,658.377321,23.136857,0.315511,9.71069,9.001322,3390.150123,cooling_system_fault,1,1,100,1800,4.139351,-0.395837,0.271876,1.269827,1.436447,-0.385159,-0.007519,0.052379,0.984721,198.015
398,cruise,4172.346345,67.923041,64.912627,87.634788,190.004431,659.560071,22.802757,0.314679,9.913026,5.700928,3385.247655,cooling_system_fault,1,1,100,1800,2.781948,-0.42377,-0.493917,1.987292,1.684675,0.072936,-0.000316,0.043679,0.984618,198.01
399,cruise,4217.901223,67.250167,65.139538,87.948393,189.907802,655.460774,23.269865,0.311196,9.737191,7.870124,3733.166351,cooling_system_fault,1,1,100,1800,2.666587,-0.383914,0.215309,2.237591,-1.259669,0.023222,0.009761,-0.088225,0.984514,198.005
400,cruise,4217.08538,66.33962,65.069405,88.352509,187.663231,657.330254,23.03921,0.321096,9.772725,7.495546,3429.594394,cooling_system_fault,1,1,100,1800,-1.796949,0.173115,-0.389757,0.955797,-0.442672,-0.07105,0.007249,-0.032286,0.984411,198.0
401,cruise,4183.625397,67.936528,63.996647,88.146013,186.677139,657.333106,22.928125,0.321607,9.773876,7.649526,3627.761287,cooling_system_fault,1,1,100,1800,2.176799,-0.872694,0.335864,1.407012,1.018574,0.113867,-0.004855,-0.027546,0.984307,197.995
402,cruise,4218.859453,66.83908,63.559897,88.077804,189.614216,652.570451,23.15853,0.316316,9.879499,8.465852,3530.028732,cooling_system_fault,1,1,100,1800,-1.804234,-0.388837,-0.688407,1.415402,0.463753,-0.017218,-0.003368,-0.134799,0.984202,197.99
403,cruise,4188.244852,65.96123,65.189785,89.853805,190.644718,654.767673,22.942981,0.306627,9.671245,7.397397,3535.58505,cooling_system_fault,1,1,100,1800,-2.111051,0.238153,0.6612,-0.040828,0.538237,0.256777,0.006785,-0.039216,0.984097,197.985
404,cruise,4212.704218,66.012871,64.661802,87.255012,189.42348,648.696147,23.125628,0.31475,9.643008,9.181342,3540.248278,cooling_system_fault,1,1,100,1800,1.479657,0.689287,-0.117694,0.411346,0.14325,0.077831,-0.003037,-0.042642,0.983992,197.98
405,cruise,4214.901934,67.293149,64.777951,87.452997,188.991143,653.482614,22.884467,0.308992,9.980042,7.19203,3488.210304,cooling_system_fault,1,1,100,1800,-0.771894,0.742321,-0.216463,-0.068941,-0.661272,0.040261,0.001327,0.027866,0.983887,197.975
406,cruise,4224.531981,66.463068,64.536097,87.809093,190.642423,653.735895,23.218057,0.312698,9.731761,8.10579,3493.854311,cooling_system_fault,1,1,100,1800,3.893463,0.125641,0.204293,0.932149,-0.056503,0.255749,5.1e-05,-0.060868,0.983781,197.97
407,cruise,4216.325638,67.24337,64.895661,87.827438,190.108914,651.927011,23.056932,0.317296,9.698607,6.427707,3549.30873,cooling_system_fault,1,1,100,1800,-3.624032,0.067097,0.361049,0.773431,0.233452,0.007951,0.003353,0.006226,0.983675,197.965
408,cruise,4197.832926,67.348805,64.329428,88.160569,190.362577,653.681472,22.533364,0.304229,9.756827,8.402188,3528.822808,cooling_system_fault,1,1,100,1800,1.720386,0.492731,0.484549,1.839702,1.208838,0.209895,-0.000703,0.00021,0.983568,197.96
409,cruise,4193.535513,65.526435,64.387324,87.836073,190.437169,651.737639,23.248329,0.319996,9.593275,9.500862,3467.844364,cooling_system_fault,1,1,100,1800,1.931208,-0.85539,0.362838,2.504506,-0.444999,-0.098349,0.003563,0.169182,0.983461,197.955
410,cruise,4207.734071,65.654141,64.197309,87.883543,188.812871,652.651088,23.348334,0.307837,9.627324,7.990471,3479.254646,cooling_system_fault,1,1,100,1800,-1.24928,-0.326305,0.297451,0.143876,-1.315244,0.034126,-0.00593,-0.013303,0.983354,197.95
411,cruise,4222.709273,65.493612,64.643447,87.6199,188.731919,654.577094,23.299965,0.322399,9.868195,8.654794,3550.174704,cooling_system_fault,1,1,100,1800,5.78835,-0.036245,0.439279,2.090843,1.10898,-0.314242,-0.00818,-0.027208,0.983247,197.945
412,cruise,4193.147227,66.17053,64.171171,88.954827,187.780891,657.330499,22.923793,0.315959,9.860506,6.388032,3481.898734,cooling_system_fault,1,1,100,1800,3.949042,-0.536432,-0.523165,0.732235,1.530941,-0.115987,0.006585,-0.052003,0.983139,197.94
413,cruise,4209.497026,65.256039,65.473348,88.504412,189.302333,656.437417,23.038516,0.313428,9.921013,9.310257,3447.732409,cooling_system_fault,1,1,100,1800,5.169995,-0.08966,-0.319016,1.182199,-2.161035,-0.02693,-0.004031,-0.041359,0.98303,197.935
414,cruise,4200.351883,67.184715,65.28428,88.169408,187.569854,655.798281,23.028331,0.320078,9.439492,7.838008,3523.180794,cooling_system_fault,1,1,100,1800,0.350747,0.223499,-0.512408,0.566118,-0.402145,0.12206,-0.009621,0.011697,0.982922,197.93
415,cruise,4197.559393,66.637662,65.295793,88.093712,190.33595,649.907195,22.941075,0.319899,10.170528,8.206021,3369.887339,cooling_system_fault,1,1,100,1800,-1.325993,-0.060572,-0.422068,1.869151,-0.955546,0.126019,-0.001455,0.02255,0.982813,197.925
416,cruise,4215.899855,69.042898,63.952671,87.09928,191.112402,655.054623,22.842084,0.308313,9.644631,6.432949,3596.128809,cooling_system_fault,1,1,100,1800,1.244138,-0.384074,-0.569859,0.387847,-0.283989,0.103267,-0.008767,-0.007975,0.982704,197.92
417,cruise,4191.200424,67.229823,64.601872,88.206066,189.288882,654.208664,22.934355,0.312218,9.52173,7.889188,3423.126816,cooling_system_fault,1,1,100,1800,0.557741,-0.101852,0.038324,1.62478,-0.132727,-0.096258,0.010096,0.075551,0.982594,197.915
418,cruise,4185.318466,65.86567,64.614351,88.809459,188.586334,655.810671,23.059419,0.311364,10.005789,8.391251,3560.614193,cooling_system_fault,1,1,100,1800,2.053351,-0.074733,-0.543623,2.336041,0.562643,0.043445,0.013659,0.048712,0.982484,197.91
419,cruise,4183.53837,66.557532,64.67422,87.852763,188.950851,653.48072,23.013276,0.313675,9.862626,7.669058,3482.153191,cooling_system_fault,1,1,100,1800,6.231705,0.498804,0.1555,1.876947,-1.640323,-0.031996,-0.004946,0.026487,0.982374,197.905
420,cruise,4171.530806,65.781552,64.525645,88.172696,189.999569,658.506965,22.821756,0.317804,9.722243,8.196172,3600.94331,cooling_system_fault,1,1,100,1800,5.885314,0.558832,0.169813,0.531951,-0.998036,0.19745,-0.002445,-0.039788,0.982263,197.9
421,cruise,4210.039356,69.294754,64.832014,87.182307,188.496227,652.663726,23.09433,0.312199,9.907219,7.959942,3538.756089,cooling_system_fault,1,1,100,1800,-5.337244,-0.399245,-0.34325,1.584512,0.558502,-0.002344,-0.002816,-0.053628,0.982152,197.895
422,cruise,4188.867365,66.113645,64.16497,87.821632,191.186381,654.056943,22.926108,0.301224,9.818603,6.560632,3474.413063,cooling_system_fault,1,1,100,1800,-0.514796,0.348257,-0.29995,2.195897,-0.695397,0.108542,-0.00098,-0.076681,0.98204,197.89
423,cruise,4208.017871,66.627909,64.881279,87.462986,191.274027,656.014845,23.159141,0.319143,9.646148,8.408981,3615.809948,cooling_system_fault,1,1,100,1800,0.636766,0.32978,0.34525,0.620802,1.249031,0.321849,0.002561,0.012822,0.981929,197.885
424,cruise,4210.510408,69.062547,64.9232,88.661198,191.349392,655.761928,22.92398,0.312207,9.577004,8.881325,3622.235602,cooling_system_fault,1,1,100,1800,-2.979033,-0.117541,-0.527648,1.962524,-0.682339,0.054311,-0.003795,-0.023429,0.981817,197.88
425,cruise,4190.554249,65.294403,64.076325,88.482663,190.002454,658.385258,23.179864,0.305076,9.438885,9.059595,3386.656461,cooling_system_fault,1,1,100,1800,5.176861,0.199828,-0.493333,0.616647,-1.093563,0.001713,0.002095,-0.076962,0.981704,197.875
426,cruise,4184.497533,66.930119,64.838613,88.649167,190.19136,654.954617,23.232276,0.315983,9.750454,8.317888,3426.634184,cooling_system_fault,1,1,100,1800,-0.290204,-0.622584,0.556591,1.636647,2.190677,0.057258,-0.000427,0.009604,0.981591,197.87
427,cruise,4206.091912,64.909677,64.520557,88.146979,188.652448,651.006516,23.223034,0.319266,9.665163,5.328194,3524.727363,cooling_system_fault,1,1,100,1800,0.34579,0.408903,-0.033242,1.496625,1.989739,0.095902,-0.003229,0.074931,0.981478,197.865
428,cruise,4181.549703,65.732493,64.636416,88.19285,192.077933,654.059861,22.810206,0.322483,9.918851,7.735153,3420.784341,cooling_system_fault,1,1,100,1800,-3.494929,0.516023,-0.08189,2.163746,-1.624774,-0.033641,0.005339,0.073193,0.981365,197.86
429,cruise,4224.220224,68.585097,63.942783,88.074575,190.264949,651.360273,22.994666,0.316602,9.854116,10.562639,3688.513428,cooling_system_fault,1,1,100,1800,2.372018,-0.331415,0.754214,0.39565,-1.012539,-0.166005,0.002653,-0.025989,0.981251,197.855
430,cruise,4217.737389,64.907456,64.967261,89.12135,189.156159,653.40294,23.311698,0.30105,9.658454,9.105003,3180.350997,cooling_system_fault,1,1,100,1800,3.266234,0.334982,0.087343,1.148272,1.717141,0.187568,-0.001399,-0.002586,0.981137,197.85
431,cruise,4233.585653,65.76967,64.772693,86.928351,188.134285,655.725819,22.759983,0.316627,9.870531,7.26503,3640.013903,cooling_system_fault,1,1,100,1800,1.892005,-0.488429,0.305043,2.910154,1.388106,-0.156686,0.004309,0.019232,0.981022,197.845
432,cruise,4216.384241,68.337356,64.460084,87.59567,187.670041,655.603549,22.852559,0.318668,9.843145,7.891404,3473.459862,cooling_system_fault,1,1,100,1800,-0.753758,0.067439,0.376703,0.916512,1.256621,0.178572,-0.007118,0.022802,0.980908,197.84
433,cruise,4198.582463,67.124385,64.317616,89.016252,190.27476,653.155852,22.798847,0.322609,9.782645,7.244824,3324.750247,cooling_system_fault,1,1,100,1800,0.666237,-0.347879,0.610083,2.247538,0.197301,-0.039121,0.003454,-0.078219,0.980792,197.835
434,cruise,4212.090954,68.172804,65.078382,87.646529,187.62856,652.493258,22.910724,0.313638,9.79538,7.196754,3509.749893,cooling_system_fault,1,1,100,1800,2.381086,-0.075521,-0.362526,1.802807,1.0831,0.035166,-0.000673,-0.079958,0.980677,197.83
435,cruise,4208.992837,68.278451,64.128258,87.681766,189.204184,660.066309,23.158031,0.317898,9.768893,6.846724,3449.658353,cooling_system_fault,1,1,100,1800,1.447448,0.03909,0.155077,1.683341,-2.341413,0.062863,-0.002973,0.045406,0.980561,197.825
436,cruise,4205.037889,66.429701,64.337398,88.702317,191.498968,651.593971,23.225187,0.31039,9.698423,7.21219,3528.557588,cooling_system_fault,1,1,100,1800,3.385681,-0.479447,-0.617426,2.589216,-2.352673,-0.037544,0.004406,-0.045999,0.980445,197.82
437,cruise,4205.468572,68.402244,64.32277,87.597913,190.613557,654.610523,22.903222,0.307102,9.793328,7.787432,3333.940538,cooling_system_fault,1,1,100,1800,0.465185,-0.625508,0.153902,1.542074,-0.31984,0.062034,0.006842,-0.12063,0.980328,197.815
438,cruise,4191.783773,66.887679,64.006963,88.156726,191.532523,648.673573,22.834924,0.323782,9.590625,8.362635,3596.000398,cooling_system_fault,1,1,100,1800,-3.01303,0.004962,0.248554,1.349639,-0.981931,-0.184337,3e-06,-0.012154,0.980211,197.81
439,cruise,4229.11908,65.137229,64.334394,87.542063,191.399224,654.762258,23.307043,0.320569,9.954116,10.338935,3505.716834,cooling_system_fault,1,1,100,1800,-0.81262,0.202255,-0.371899,0.209174,-0.955133,-0.0597,0.004626,-0.057712,0.980094,197.805
440,cruise,4182.991609,66.132584,64.242747,88.033404,190.781641,652.748997,23.112617,0.312799,9.674523,8.943415,3433.430103,cooling_system_fault,1,1,100,1800,5.581598,-0.094027,0.187315,2.486797,0.842428,-0.018158,0.010104,-0.077012,0.979976,197.8
441,cruise,4225.970009,67.090762,65.162733,89.308254,188.755074,654.560192,23.161207,0.315955,9.688489,7.648336,3538.324124,cooling_system_fault,1,1,100,1800,-0.484131,-0.681474,-0.969917,1.01804,-1.843394,0.13917,-0.009288,0.041215,0.979858,197.795
442,cruise,4226.181758,67.626523,64.702897,87.478275,190.002225,656.21542,22.826148,0.320054,9.545239,8.972456,3472.515178,cooling_system_fault,1,1,100,1800,-4.712849,-0.359403,-0.580373,0.728214,0.802747,-0.083554,0.002164,0.106404,0.97974,197.79
443,cruise,4209.702041,67.954917,64.799559,87.265622,189.958433,652.798741,22.90172,0.312987,9.549853,9.682801,3419.273408,cooling_system_fault,1,1,100,1800,1.538998,-0.267476,0.500952,2.479438,2.812194,0.167411,-0.000552,0.184642,0.979622,197.785
444,cruise,4236.131678,65.124637,64.74403,88.999251,187.536709,652.786511,22.847145,0.311194,9.479487,8.992663,3571.822924,cooling_system_fault,1,1,100,1800,0.60115,0.541998,0.659699,1.876608,-1.974123,-0.032888,0.006245,-0.065602,0.979503,197.78
445,cruise,4202.850303,67.743734,64.971427,87.882182,189.068532,649.854029,23.1065,0.312331,9.689712,8.171018,3380.668084,cooling_system_fault,1,1,100,1800,1.044177,-0.004741,0.590064,1.620573,1.2763,0.094085,0.000544,0.074226,0.979383,197.775
446,cruise,4207.626127,67.391424,64.577897,88.376027,190.349076,656.746224,23.055724,0.317446,9.690503,8.542961,3429.595983,cooling_system_fault,1,1,100,1800,0.608909,-0.316317,-0.860638,0.805359,-1.75673,0.056366,-0.003506,0.065771,0.979264,197.77
447,cruise,4221.535596,66.512146,65.222477,88.228929,188.887186,650.079258,22.859419,0.30492,9.706682,9.058697,3469.630864,cooling_system_fault,1,1,100,1800,-0.216894,-0.496627,0.692544,1.681203,-2.213918,-0.084652,-0.002933,0.119595,0.979143,197.765
448,cruise,4207.265927,65.229981,64.542287,87.301228,189.196912,658.014998,23.011348,0.315685,9.727616,6.957753,3611.674817,cooling_system_fault,1,1,100,1800,0.198984,-0.695817,-0.315228,2.242713,0.244288,0.139221,0.004315,0.003789,0.979023,197.76
449,cruise,4211.129874,68.151803,64.642793,89.019289,191.097415,654.941546,23.020965,0.319157,9.706388,7.696658,3369.889886,cooling_system_fault,1,1,100,1800,1.157713,0.400965,0.417121,1.749118,0.108407,0.059395,0.001516,-0.013856,0.978902,197.755
450,cruise,4196.679848,68.248038,64.606044,88.614229,189.282564,654.403055,22.858997,0.306284,9.745663,6.986032,3412.544048,cooling_system_fault,1,1,100,1800,-1.697165,0.602905,0.359855,0.91887,0.252785,-0.09908,-0.003547,0.068845,0.978781,197.75
451,cruise,4168.785932,69.82004,64.981369,87.990673,187.603475,654.578461,23.066078,0.300588,9.962991,7.56116,3612.047521,cooling_system_fault,1,1,100,1800,0.918993,-0.911741,-0.602153,0.223194,1.127778,0.078691,0.002148,-0.122369,0.97866,197.745
452,cruise,4208.605886,67.850132,64.57139,87.674263,189.549094,652.568465,22.758653,0.308756,9.685564,10.305746,3597.916059,cooling_system_fault,1,1,100,1800,0.342864,0.326992,-0.601493,-0.01141,-1.241269,-0.062902,0.006612,-0.102067,0.978538,197.74
453,cruise,4213.746551,66.871529,65.072909,89.621817,191.631814,655.32304,23.160716,0.312735,9.78544,8.669967,3733.531512,cooling_system_fault,1,1,100,1800,-0.288054,-0.201141,0.239861,1.450135,2.145888,0.043047,0.00104,-0.01078,0.978416,197.735
454,cruise,4208.094765,65.696899,64.511819,88.067936,189.343607,652.500989,23.051063,0.319476,9.86795,8.210865,3468.009225,cooling_system_fault,1,1,100,1800,-0.244843,-0.676337,-0.343149,1.909589,-1.291947,-0.008303,0.006331,0.048603,0.978294,197.73
455,cruise,4232.703014,66.864366,64.174366,88.000739,191.078456,664.264933,22.868854,0.31203,9.521801,8.847734,3564.934187,cooling_system_fault,1,1,100,1800,-1.632854,0.647558,-0.1084,1.281771,1.588708,-0.205187,-0.003191,0.084482,0.978171,197.725
456,cruise,4216.898149,65.452394,64.447944,89.370318,191.002025,656.267389,22.715861,0.310792,9.904479,7.531895,3552.68263,cooling_system_fault,1,1,100,1800,0.979134,-0.613629,0.044438,0.75161,0.519491,0.134864,-0.001711,-0.020576,0.978048,197.72
457,cruise,4203.735331,66.105902,64.589078,87.063514,191.551608,651.143812,23.058912,0.318737,9.86936,6.872332,3532.114213,cooling_system_fault,1,1,100,1800,3.426144,0.022996,-0.734363,1.024397,0.176468,-0.047733,0.004773,0.057996,0.977924,197.715
458,cruise,4222.08397,67.108922,64.171243,88.397117,188.821979,652.298547,23.148019,0.312688,9.96369,10.290197,3414.566619,cooling_system_fault,1,1,100,1800,4.219236,-0.456268,-0.191822,2.323853,-3.434693,0.151708,-0.007899,-0.002399,0.9778,197.71
459,cruise,4211.77035,67.709135,64.895625,87.4648,191.509093,653.810996,23.191168,0.318502,9.684304,7.177698,3474.718255,cooling_system_fault,1,1,100,1800,-3.435386,-0.499125,0.192928,2.623747,3.507898,-0.226037,0.003806,-0.01866,0.977676,197.705
460,cruise,4174.661397,67.38839,64.841845,87.973222,190.918755,656.369214,23.269181,0.316058,9.569856,9.558543,3452.806694,cooling_system_fault,1,1,100,1800,-1.649976,-0.461868,-0.137915,2.3373,-0.072046,-0.125296,-0.005768,0.010919,0.977551,197.7
461,cruise,4211.449527,67.383037,64.399319,87.849413,192.390408,651.819799,22.873042,0.31392,9.926226,10.011519,3538.441942,cooling_system_fault,1,1,100,1800,2.453459,0.219038,0.986066,-0.346228,0.375391,-0.00116,-0.003263,0.05132,0.977427,197.695
462,cruise,4191.605857,65.661653,64.384738,87.540259,188.591477,653.792513,22.793992,0.321632,9.71662,8.068484,3352.908935,cooling_system_fault,1,1,100,1800,1.839697,0.330708,-0.222772,1.997612,0.880478,0.285802,0.006617,0.097676,0.977301,197.69
463,cruise,4211.433691,66.734198,64.101686,87.347816,189.307633,652.317148,23.003986,0.314915,9.671874,9.284866,3472.125945,cooling_system_fault,1,1,100,1800,0.121402,-0.439716,-0.691555,2.230886,1.726866,0.183066,-0.003378,-0.035815,0.977176,197.685
464,cruise,4217.269849,67.040659,64.042368,87.51066,189.593321,653.176491,23.348238,0.320426,9.654829,8.82583,3588.134288,cooling_system_fault,1,1,100,1800,0.59829,-0.307617,-0.232478,3.095956,-1.012837,-1.5e-05,0.004107,0.023414,0.97705,197.68
465,cruise,4202.616001,67.019641,64.212223,87.31028,189.27737,655.714047,22.724322,0.305875,9.739147,9.172998,3393.699632,cooling_system_fault,1,1,100,1800,-2.454349,0.554644,-0.916718,2.117257,-0.188062,0.133519,0.002525,0.022556,0.976924,197.675
466,cruise,4199.353524,67.03306,64.697945,88.179138,189.364674,655.350153,23.009033,0.318888,9.533545,8.795394,3304.432268,cooling_system_fault,1,1,100,1800,2.055895,0.060073,0.509154,1.104533,2.292071,-0.020198,-0.003195,-0.105923,0.976797,197.67
467,cruise,4194.59374,67.53868,64.286556,89.040567,191.680412,654.313157,23.090812,0.317059,9.709107,6.967327,3496.953908,cooling_system_fault,1,1,100,1800,2.812971,-0.706632,-0.017821,2.9685,-1.378045,0.011464,-0.011777,0.046174,0.97667,197.665
468,cruise,4188.493622,68.630996,64.115497,88.101389,188.618606,650.687031,23.170903,0.311715,9.690995,8.791651,3656.645211,cooling_system_fault,1,1,100,1800,-3.924818,-0.708089,-0.728368,2.150729,3.090771,0.272818,-0.00275,0.141541,0.976543,197.66
469,cruise,4225.729844,67.393623,64.861547,88.551111,190.852644,654.186192,23.272335,0.319818,9.92513,6.8827,3464.628731,cooling_system_fault,1,1,100,1800,-3.470456,-0.227741,0.186666,1.25209,0.234479,-0.068705,-0.005712,-0.047022,0.976415,197.655
470,cruise,4223.37669,69.101345,65.452642,88.296194,190.161891,652.559819,22.821948,0.31448,9.653154,4.66494,3490.227891,cooling_system_fault,1,1,100,1800,0.577277,-0.10081,0.649865,3.404776,1.742631,0.038018,-0.004913,-0.015221,0.976287,197.65
471,cruise,4223.426712,67.921064,64.899626,88.738063,192.117626,653.762448,23.231641,0.311689,9.965894,10.595925,3654.13209,cooling_system_fault,1,1,100,1800,-0.120527,-1.016656,-0.201425,-0.022639,1.753783,-0.300541,0.002958,0.049093,0.976159,197.645
472,cruise,4193.466216,68.105655,64.540544,88.945523,190.94827,659.182116,23.068795,0.317038,9.759518,6.933712,3430.812817,cooling_system_fault,1,1,100,1800,1.352446,-0.04786,-0.27459,0.768916,0.472284,0.00484,-0.000724,0.067402,0.97603,197.64
473,cruise,4202.75144,66.722065,64.585539,87.756401,191.519403,653.048444,23.192415,0.314523,9.646795,9.169251,3454.652538,cooling_system_fault,1,1,100,1800,-2.879172,-0.262417,0.126263,3.386056,1.094792,-0.153239,0.00287,0.067615,0.975901,197.635
474,cruise,4214.329046,67.545347,65.250786,87.836761,190.395412,656.0679,22.916849,0.315938,9.862266,6.877116,3738.108355,cooling_system_fault,1,1,100,1800,3.927696,0.479536,-0.77091,1.049539,0.774778,0.046704,-0.004405,-0.005633,0.975772,197.63
475,cruise,4209.075704,67.54227,64.339128,87.517548,190.71598,656.923035,23.363505,0.315635,9.422526,6.290941,3398.640085,cooling_system_fault,1,1,100,1800,0.993353,-0.002316,0.493307,1.963932,2.501593,-0.0505,-0.001514,0.064839,0.975642,197.625
476,cruise,4212.574932,66.09991,64.886269,87.572236,191.655713,655.252673,23.248101,0.326202,9.523415,8.412629,3512.22153,cooling_system_fault,1,1,100,1800,3.260709,1.17175,-0.096839,3.233943,0.102234,-0.090068,-0.012519,-0.04929,0.975512,197.62
477,cruise,4202.031301,69.680084,64.07628,88.480242,190.141146,656.013933,23.056424,0.318567,9.941504,7.518829,3332.776789,cooling_system_fault,1,1,100,1800,1.585094,0.494293,0.609621,2.843645,-1.664926,0.302911,-0.007771,0.05075,0.975381,197.615
478,cruise,4191.123464,66.745805,64.424872,88.218146,189.768723,653.493815,23.122028,0.319755,9.83619,7.590468,3548.911476,cooling_system_fault,1,1,100,1800,-1.009528,0.581268,-0.655522,1.469549,-1.882408,-0.090048,0.000908,0.003328,0.97525,197.61
479,cruise,4187.753354,67.261116,64.307208,87.721797,189.97997,653.442288,22.990879,0.32405,9.794366,9.120335,3442.250956,cooling_system_fault,1,1,100,1800,-0.070551,0.19442,-0.095035,2.792764,1.843513,0.202697,-0.0,-0.165548,0.975119,197.605
480,cruise,4201.807647,68.560267,63.967382,87.584286,190.240736,654.092062,22.976939,0.319462,9.837111,7.935557,3585.096527,cooling_system_fault,1,1,100,1800,1.058715,0.42448,0.214166,2.035726,0.017981,-0.052161,0.003731,0.001395,0.974988,197.6
481,cruise,4190.00323,66.139722,64.879936,88.941063,189.538518,656.978253,22.911831,0.308204,9.66041,7.319781,3542.889664,cooling_system_fault,1,1,100,1800,-5.562135,0.364747,0.143843,1.738758,0.160726,0.113147,0.006287,-0.051335,0.974856,197.595
482,cruise,4225.485735,69.343171,65.062827,88.621923,191.369333,652.12809,23.112814,0.310023,9.664398,7.079823,3646.796844,cooling_system_fault,1,1,100,1800,-1.182543,-0.173459,-0.090906,2.658896,-0.356564,0.149976,0.00144,-0.033619,0.974724,197.59
483,cruise,4221.93683,64.640126,64.360439,86.89681,188.599984,651.451062,22.99117,0.316321,9.868808,8.954627,3394.274379,cooling_system_fault,1,1,100,1800,3.87843,-0.252499,0.342259,1.495855,-0.224899,0.137186,0.008867,0.08248,0.974591,197.585
484,cruise,4211.514851,67.286962,63.710376,87.121208,188.035843,656.768485,22.974314,0.315136,9.66374,9.297071,3487.346798,cooling_system_fault,1,1,100,1800,-0.73028,0.123185,-0.161307,1.638643,-0.97319,0.286822,0.008034,-0.033146,0.974459,197.58
485,cruise,4201.327968,66.973295,64.91526,87.263357,188.387686,653.099508,22.90132,0.313416,9.972938,10.138625,3577.182534,cooling_system_fault,1,1,100,1800,-0.071472,-0.063366,-0.194401,2.373003,-0.827247,-0.23104,0.001081,0.013516,0.974325,197.575
486,cruise,4198.867515,67.184521,64.436256,87.789945,189.928661,655.545561,23.230442,0.311006,9.681742,6.742715,3423.962135,cooling_system_fault,1,1,100,1800,7.668791,0.05078,-0.97422,1.53463,0.151978,0.03203,-0.000974,0.182917,0.974192,197.57
487,cruise,4236.693442,66.219489,63.962099,87.402825,190.067211,655.721697,23.174702,0.322066,9.794579,8.354354,3434.786076,cooling_system_fault,1,1,100,1800,-3.404462,-0.549993,-0.329678,1.226842,-0.647445,0.106008,-0.004268,-0.154595,0.974058,197.565
488,cruise,4189.978706,66.016182,64.30828,87.776952,190.155089,656.56691,22.92749,0.306092,9.729002,6.955725,3483.430206,cooling_system_fault,1,1,100,1800,-1.470719,0.5303,0.054184,0.708405,-1.320603,0.041915,0.004934,-0.043356,0.973924,197.56
489,cruise,4201.5081,67.630889,64.39987,88.452922,191.02014,654.550282,23.003029,0.322319,9.600427,8.261163,3457.321878,cooling_system_fault,1,1,100,1800,1.064166,-0.450511,-0.906256,3.263001,-0.41685,-0.059324,0.000716,0.022343,0.973789,197.555
490,cruise,4220.499554,69.727628,64.623334,87.826118,189.234709,653.87606,23.137597,0.305372,9.813668,7.635497,3525.800711,cooling_system_fault,1,1,100,1800,0.992588,-0.069021,0.51557,2.586568,0.453706,0.048722,-0.005997,-0.028357,0.973654,197.55
491,cruise,4192.383846,67.424915,64.709326,88.614924,192.216066,654.698113,23.166093,0.321142,9.675851,7.936265,3486.197076,cooling_system_fault,1,1,100,1800,0.9559,-0.025711,0.189128,2.919986,0.216489,-0.237811,0.004899,-0.149525,0.973519,197.545
492,cruise,4233.537321,67.636781,64.249432,87.576414,189.763322,652.233412,22.756778,0.307198,9.952716,6.430797,3580.961959,cooling_system_fault,1,1,100,1800,0.731032,-0.590599,0.362688,1.746324,-0.215504,0.080498,-0.000866,-0.072532,0.973383,197.54
493,cruise,4210.543956,65.966775,65.060776,88.711658,190.384156,652.094157,23.062694,0.321665,9.742528,7.779411,3594.165942,cooling_system_fault,1,1,100,1800,-4.811367,-0.351175,-0.243368,0.996082,-1.599564,0.307583,0.00203,-0.079483,0.973247,197.535
494,cruise,4203.892061,65.40185,64.346217,88.974577,190.851894,653.40061,22.783516,0.317596,9.815404,9.013981,3585.896065,cooling_system_fault,1,1,100,1800,-4.988171,0.335628,0.295805,1.661612,0.752958,-0.139912,0.010482,0.056189,0.973111,197.53
495,cruise,4172.179899,66.238488,64.285647,88.103924,191.234529,654.998481,22.86712,0.31028,9.832848,7.887976,3692.03639,cooling_system_fault,1,1,100,1800,-1.05476,0.317064,-0.701043,0.604547,-1.106142,0.022031,-0.004271,-0.051555,0.972974,197.525
496,cruise,4187.546715,66.596794,64.341003,87.629434,190.391016,651.701184,22.892806,0.317771,9.8049,9.531351,3529.478939,cooling_system_fault,1,1,100,1800,-1.892818,-0.22482,-0.517257,2.493875,0.658154,0.047795,0.002851,-0.0513,0.972837,197.52
497,cruise,4184.128585,66.289128,64.668737,87.77396,191.588214,656.80136,22.718029,0.302241,9.715993,7.33658,3492.080162,cooling_system_fault,1,1,100,1800,4.283759,0.221543,-0.369464,-0.086159,0.363233,0.184584,-0.00225,-0.082476,0.9727,197.515
498,cruise,4187.391936,64.727586,64.080824,88.27102,190.605655,650.534598,22.913241,0.307092,9.662632,7.505521,3598.675682,cooling_system_fault,1,1,100,1800,1.285014,-0.643758,-0.732633,2.2544,-0.000882,0.026844,-5e-06,-0.098948,0.972562,197.51
499,cruise,4204.664809,66.52134,64.125724,87.752236,190.799829,653.883946,23.064795,0.305897,9.555767,9.905011,3622.625073,cooling_system_fault,1,1,100,1800,-0.919587,-0.121459,-0.815973,5.189645,0.088054,-0.122847,-0.0042,-0.021178,0.972424,197.505
500,cruise,4221.16084,67.209152,64.754759,88.907447,189.938118,651.092595,23.008562,0.309721,9.816517,8.328548,3532.257119,cooling_system_fault,1,1,100,1800,1.550939,0.134069,-0.342639,0.635139,-0.647522,-0.310946,0.005769,-0.070575,0.972286,197.5
501,cruise,4185.381691,65.971845,64.624381,88.050959,190.709499,653.348659,23.131421,0.307397,9.774295,8.130039,3285.151464,cooling_system_fault,1,1,100,1800,1.728183,0.353436,0.730941,2.530443,1.691351,0.223314,-0.000823,0.037831,0.972147,197.495
502,cruise,4212.66842,67.748825,65.173868,88.510364,189.710098,653.399076,22.996343,0.315857,9.758637,6.432659,3475.404475,cooling_system_fault,1,1,100,1800,1.709714,-0.334014,-0.186934,1.957798,1.268425,0.035905,0.004756,0.192397,0.972008,197.49
503,cruise,4204.932247,67.485953,64.648972,87.651,191.434011,656.262552,23.083268,0.318589,9.828658,6.299812,3353.529851,cooling_system_fault,1,1,100,1800,-1.420535,-0.453235,0.023553,1.206465,-0.219767,0.034083,-0.005771,0.016264,0.971868,197.485
504,cruise,4210.907991,66.315648,64.499437,87.634573,191.367661,651.598347,22.920271,0.308842,9.579884,5.546388,3416.173019,cooling_system_fault,1,1,100,1800,-1.722771,-0.345834,-0.281632,1.787142,-1.350683,0.042699,-0.003771,0.065357,0.971729,197.48
505,cruise,4198.526157,66.22854,64.957021,87.836255,190.856928,652.459482,23.148933,0.320334,9.63096,8.016424,3593.723839,cooling_system_fault,1,1,100,1800,2.338554,0.220169,0.53041,2.241826,-0.716903,-0.085788,-0.00945,0.02571,0.971589,197.475
506,cruise,4210.433045,66.457026,64.854905,88.326361,189.154691,657.859179,22.985812,0.318953,9.472709,7.79112,3430.321484,cooling_system_fault,1,1,100,1800,1.692317,0.009356,-0.447208,1.32646,-1.104899,0.040121,0.008742,0.225955,0.971448,197.47
507,cruise,4203.081443,65.103042,64.220268,87.969098,191.71407,655.030757,23.259327,0.315892,9.927127,7.761497,3623.277466,cooling_system_fault,1,1,100,1800,-0.249601,0.212094,0.740204,1.860012,1.652614,0.090466,-0.006453,0.074881,0.971307,197.465
508,cruise,4193.757198,65.828373,64.962732,88.153774,190.485184,653.475638,22.888541,0.321436,9.702185,8.671857,3641.340883,cooling_system_fault,1,1,100,1800,2.5932,0.066615,0.555802,2.804379,-0.196397,-0.087306,-0.002814,0.038013,0.971166,197.46
509,cruise,4184.942146,65.682194,64.730007,88.861152,189.423725,652.208723,23.260302,0.320483,10.04828,9.360859,3370.568766,cooling_system_fault,1,1,100,1800,-4.105981,-0.350776,0.516364,3.016168,-1.035502,0.078418,-0.003164,0.039537,0.971025,197.455
510,cruise,4201.974576,66.519987,64.324194,87.151185,192.782756,655.215608,22.909042,0.314682,9.836242,7.314654,3404.947944,cooling_system_fault,1,1,100,1800,-1.928006,-0.31914,-0.352546,2.155662,-0.04968,0.045839,-0.003424,-0.028196,0.970883,197.45
511,cruise,4207.62053,66.089084,64.1191,87.195139,190.690182,656.002275,23.030554,0.312972,9.675803,10.292941,3640.684797,cooling_system_fault,1,1,100,1800,1.462356,-0.125131,0.215148,2.787397,-3.497619,-0.067759,0.000914,-0.081405,0.970741,197.445
512,cruise,4202.623906,66.942949,64.31438,87.540489,192.380634,654.396475,22.981967,0.309434,9.934785,10.552296,3625.539101,cooling_system_fault,1,1,100,1800,5.913572,-0.06986,0.310372,2.108725,-2.004555,-0.164974,-0.010474,0.060207,0.970598,197.44
513,cruise,4201.362362,68.472603,65.384059,88.909075,189.409745,654.797997,23.392021,0.312781,9.749459,7.310527,3577.239278,cooling_system_fault,1,1,100,1800,3.751198,-0.224629,-0.203744,3.298751,0.878557,-0.140977,-0.000983,0.106221,0.970455,197.435
514,cruise,4213.201565,67.171873,64.247327,87.618824,190.529095,649.280088,23.296478,0.31092,9.64768,8.497969,3434.885462,cooling_system_fault,1,1,100,1800,0.298658,0.322793,-0.063193,2.807917,-0.16132,0.041103,-0.008629,-0.00675,0.970312,197.43
515,cruise,4213.743956,67.050866,65.008426,88.426288,190.800949,653.879994,23.116386,0.316092,9.817226,7.439226,3582.335764,cooling_system_fault,1,1,100,1800,-0.543788,-0.013969,-0.591336,2.730473,2.756159,-0.006922,-0.003717,0.020006,0.970168,197.425
516,cruise,4238.751049,64.629135,64.578659,87.688796,190.907083,652.007511,22.88249,0.326509,9.928191,8.975728,3470.993877,cooling_system_fault,1,1,100,1800,1.092654,-0.134372,-0.528991,0.977432,-0.435816,-0.152829,-0.004162,0.007734,0.970024,197.42
517,cruise,4229.314078,66.637902,64.556651,88.177687,191.25461,653.567722,22.788921,0.321007,9.509227,8.408294,3415.773469,cooling_system_fault,1,1,100,1800,-4.32542,0.398129,-0.008213,1.580035,0.229789,-0.038391,0.005499,-0.081916,0.96988,197.415
518,cruise,4209.605112,65.852124,64.90152,88.154565,190.733157,651.588999,23.032288,0.314049,9.852992,7.972402,3428.861014,cooling_system_fault,1,1,100,1800,-4.491579,0.234453,-0.192606,2.140573,-0.369221,-0.003402,-0.0005,-0.103113,0.969735,197.41
519,cruise,4210.981647,65.087256,64.278774,88.340029,189.322277,652.322447,22.938565,0.314857,9.742059,6.854333,3467.85453,cooling_system_fault,1,1,100,1800,-1.644305,0.084411,0.114498,2.568731,-0.170692,0.128253,0.00197,0.002662,0.96959,197.405
520,cruise,4225.211819,66.719774,64.69821,87.668674,191.04527,654.360914,23.019429,0.306802,9.957012,7.790237,3437.959929,cooling_system_fault,1,1,100,1800,-2.908819,0.068214,0.863414,1.556753,-2.035926,0.046231,0.010335,-0.038882,0.969445,197.4
521,cruise,4184.73087,67.955033,64.402243,87.220641,191.50539,649.103346,23.021473,0.303032,9.88727,6.45599,3429.76322,cooling_system_fault,1,1,100,1800,2.112873,-0.154373,0.104543,2.101163,-0.289079,-0.127397,0.002852,0.053284,0.969299,197.395
522,cruise,4241.114331,68.394832,64.712994,88.324462,191.164591,655.709093,23.092917,0.305751,9.810203,8.229842,3409.332654,cooling_system_fault,1,1,100,1800,-3.643712,0.575763,-0.118933,2.322755,-1.214399,0.114109,0.001914,-0.019694,0.969153,197.39
523,cruise,4208.01986,64.428051,64.906469,89.027006,190.524661,650.51877,22.934788,0.327415,9.87725,8.282175,3440.9004,cooling_system_fault,1,1,100,1800,-0.600048,0.210652,-0.543125,2.485712,1.142041,-0.032901,0.00321,-0.04539,0.969007,197.385
524,cruise,4193.299703,67.587889,65.091222,88.163835,191.163777,651.543894,22.813296,0.310932,9.549616,6.332154,3646.001357,cooling_system_fault,1,1,100,1800,-2.086378,0.944899,0.552523,2.812712,-1.48073,-0.033805,0.003697,-0.000276,0.96886,197.38
525,cruise,4211.734901,67.4084,64.397633,88.633668,191.76264,658.1953,22.861265,0.303213,9.713273,7.631435,3606.724221,cooling_system_fault,1,1,100,1800,1.954899,0.446583,0.040538,2.861012,-0.789648,0.142362,0.004193,0.118855,0.968713,197.375
526,cruise,4159.572619,67.67659,64.655045,87.422701,191.999288,652.197811,23.092829,0.318299,9.652751,8.369933,3426.85195,cooling_system_fault,1,1,100,1800,-0.31011,0.062211,-0.244105,0.798482,-1.76418,-0.322667,0.001386,0.021078,0.968566,197.37
527,cruise,4197.202259,65.872533,65.130712,88.429285,189.944033,653.795709,22.987501,0.311407,9.807226,7.999383,3463.551617,cooling_system_fault,1,1,100,1800,-3.257161,0.733029,-1.083183,2.038384,-3.568748,0.264969,-0.004303,-0.051317,0.968418,197.365
528,cruise,4180.338978,67.972348,64.716956,88.127701,190.660944,652.847356,23.048432,0.299351,9.710863,7.373465,3683.918249,cooling_system_fault,1,1,100,1800,5.211433,-0.059849,0.667864,2.478444,-0.571548,-0.17049,-6.6e-05,0.067621,0.96827,197.36
529,cruise,4240.93939,66.621245,64.804554,88.156761,189.358387,654.14479,23.279287,0.313227,9.641386,8.447586,3470.966684,cooling_system_fault,1,1,100,1800,2.11721,0.232326,-0.489785,2.8982,3.341794,0.147963,-0.00613,-0.013649,0.968122,197.355
530,cruise,4200.729744,66.84586,64.980762,87.56899,192.293655,655.435867,22.868635,0.320614,9.850442,7.42403,3445.003821,cooling_system_fault,1,1,100,1800,2.202348,0.644439,0.130243,2.14411,-4.75633,0.011075,0.0027,0.012487,0.967973,197.35
531,cruise,4201.841421,66.029875,63.47472,88.202013,193.641162,655.017509,23.08652,0.301015,9.449938,8.910626,3696.670298,cooling_system_fault,1,1,100,1800,-1.046749,0.1201,0.196815,3.443102,1.657265,0.029833,-0.003767,-0.017988,0.967824,197.345
532,cruise,4231.193923,64.999297,64.873189,87.102566,192.605425,660.57469,23.347297,0.313151,9.729289,8.589993,3524.593951,cooling_system_fault,1,1,100,1800,2.368868,-0.134214,0.120544,2.395674,-0.184241,-0.018963,-0.00156,0.029756,0.967674,197.34
533,cruise,4184.330474,66.869802,64.613493,87.910187,187.865989,654.977656,22.885601,0.315755,9.653528,7.575898,3444.091556,cooling_system_fault,1,1,100,1800,-5.43447,-0.114705,-0.137459,1.420902,0.107573,-0.194535,-0.006463,-0.07532,0.967524,197.335
534,cruise,4200.335008,67.190208,63.771731,88.664318,190.955347,651.935353,22.881225,0.306974,9.844853,7.597243,3472.74838,cooling_system_fault,1,1,100,1800,-3.409026,0.714736,0.602407,2.485513,3.501742,0.045997,-0.000362,0.012678,0.967374,197.33
535,cruise,4216.190601,65.963253,64.547545,89.168543,190.26519,660.825643,22.979485,0.321446,9.662594,8.143994,3377.958785,cooling_system_fault,1,1,100,1800,5.992301,-0.225651,1.295544,2.296112,-2.065228,-0.012541,0.001867,-0.083388,0.967224,197.325
536,cruise,4229.567712,67.008412,64.966932,88.417422,190.750124,654.64097,22.733706,0.310893,9.840588,10.465291,3689.41809,cooling_system_fault,1,1,100,1800,0.855112,0.113436,-0.169114,1.805664,-2.039059,0.070183,0.008337,0.067283,0.967073,197.32
537,cruise,4217.668727,66.397665,63.601612,88.316307,192.42874,658.598755,22.728934,0.31661,9.737781,9.757462,3566.946134,cooling_system_fault,1,1,100,1800,-3.382675,-0.498359,0.441918,2.585806,1.225754,0.058688,0.000938,-0.043175,0.966921,197.315
538,cruise,4207.858471,66.683183,64.801822,88.198734,191.823818,651.661055,23.005298,0.307777,9.744718,9.411602,3458.072843,cooling_system_fault,1,1,100,1800,-2.52748,0.354883,0.727941,2.754947,1.106773,0.221204,-0.003724,-0.009722,0.96677,197.31
539,cruise,4203.698741,65.352227,64.697949,87.668579,190.353933,656.331313,23.181302,0.309471,9.76952,8.80726,3471.436063,cooling_system_fault,1,1,100,1800,-4.455637,0.003136,0.141926,2.580495,-0.856607,-0.00497,0.004482,0.120473,0.966618,197.305
540,cruise,4166.87322,66.896181,64.212699,88.389215,191.098379,660.679373,23.051082,0.314295,9.738092,6.079898,3455.84945,cooling_system_fault,1,1,100,1800,2.844632,0.003484,0.431771,0.8835,-2.051876,0.072589,-0.001867,0.170636,0.966466,197.3
541,cruise,4207.978763,67.213422,64.469252,87.839936,191.140397,658.659347,22.913494,0.31671,9.753509,9.131174,3471.784872,cooling_system_fault,1,1,100,1800,3.407021,-0.585038,-0.70374,3.807119,-0.860017,-0.049388,0.007844,-0.008647,0.966313,197.295
542,cruise,4213.117314,67.946795,64.809976,88.476491,192.537256,655.796713,22.804962,0.305132,9.682352,8.622787,3606.55055,cooling_system_fault,1,1,100,1800,2.701713,-0.263121,0.214737,2.810317,-2.392735,-0.038367,-0.001931,-0.139292,0.96616,197.29
543,cruise,4197.502454,66.92343,65.559067,87.717572,192.818618,654.366872,22.679597,0.311161,9.784946,8.303575,3575.997123,cooling_system_fault,1,1,100,1800,6.321389,-0.593892,-0.094282,2.969226,0.994301,0.011631,-0.008821,-0.024266,0.966007,197.285
544,cruise,4208.040683,65.887129,64.682384,88.221847,189.87695,653.785347,22.851215,0.308157,9.904615,6.386915,3541.462422,cooling_system_fault,1,1,100,1800,1.115504,0.060992,-0.286762,3.399848,1.157852,0.024747,0.002387,0.069626,0.965853,197.28
545,cruise,4198.972301,64.891182,63.332033,87.934972,190.192198,655.956993,23.320136,0.311228,9.931493,8.990204,3525.314692,cooling_system_fault,1,1,100,1800,0.230628,-0.059651,-0.174284,3.279335,0.831524,0.045286,-0.003764,0.054649,0.965699,197.275
546,cruise,4223.202101,68.730949,64.318803,88.806346,191.32864,652.73403,23.241055,0.306149,10.058383,7.660928,3492.355126,cooling_system_fault,1,1,100,1800,4.979342,-0.188816,0.410717,2.288477,0.72696,0.040087,-0.004018,-0.107629,0.965545,197.27
547,cruise,4205.983827,66.188989,65.090193,87.081575,191.063349,652.86345,22.944483,0.31581,9.526904,8.531243,3439.650065,cooling_system_fault,1,1,100,1800,-1.207412,0.434866,-0.550596,2.957825,-1.298772,-0.160759,0.001235,-0.026457,0.96539,197.265
548,cruise,4174.083896,67.176345,64.8597,88.004756,190.280702,653.165328,22.821614,0.308644,10.025133,8.597754,3494.927012,cooling_system_fault,1,1,100,1800,-1.350265,0.750806,0.731881,2.335412,-2.197388,0.317903,0.001831,0.040963,0.965235,197.26
549,cruise,4213.766425,66.285514,64.78731,88.477743,191.846859,657.451788,23.078557,0.309536,9.783172,8.220609,3586.100642,cooling_system_fault,1,1,100,1800,-4.695383,-0.174616,0.379899,4.368366,-0.356869,0.068888,-0.005192,0.064613,0.96508,197.255
550,cruise,4209.685179,67.392479,65.029703,88.114031,190.688544,653.476271,23.128305,0.312379,9.887285,8.44107,3556.237939,cooling_system_fault,1,1,100,1800,0.069748,-0.029389,-1.19807,2.490722,1.039473,0.03874,-0.007941,0.052454,0.964924,197.25
551,cruise,4215.700076,65.384872,64.54814,87.802461,191.869583,654.681938,22.835669,0.315106,9.797523,8.106255,3448.920207,cooling_system_fault,1,1,100,1800,2.960911,0.610499,0.428319,3.667843,-0.383334,0.004406,0.00469,-0.031524,0.964768,197.245
552,cruise,4194.06818,66.019382,64.879143,88.672423,190.487574,659.414673,23.146147,0.317927,9.803676,7.000727,3404.057075,cooling_system_fault,1,1,100,1800,2.014055,0.038013,-0.192479,1.712241,-0.386577,0.193293,0.002189,-0.037764,0.964612,197.24
553,cruise,4202.972446,68.178896,64.336773,88.588154,190.788167,651.529657,22.837148,0.309697,9.662496,8.416458,3621.771306,cooling_system_fault,1,1,100,1800,-2.728014,-0.084884,0.332772,2.526946,0.369927,0.114041,-0.008681,-0.078956,0.964455,197.235
554,cruise,4230.329109,65.285272,64.993931,87.825323,191.307862,655.052888,23.07162,0.30474,9.775515,7.377271,3485.097807,cooling_system_fault,1,1,100,1800,-2.490864,0.647258,0.234025,2.929593,2.185971,0.076427,0.001499,0.039461,0.964298,197.23
555,cruise,4203.747308,67.236892,65.040465,88.139278,191.701729,658.651804,22.875183,0.308911,9.891368,8.99965,3572.924846,cooling_system_fault,1,1,100,1800,2.962663,0.306675,0.6848,2.083078,0.659612,-0.02484,0.00051,0.075833,0.96414,197.225
556,cruise,4181.485727,67.680192,65.173767,87.46741,191.372479,656.902496,22.980433,0.307918,9.5493,8.328241,3525.765591,cooling_system_fault,1,1,100,1800,-2.201802,0.34694,1.0475,3.807911,1.544604,0.100501,0.005398,0.026714,0.963983,197.22
557,cruise,4219.627223,65.013453,64.529554,88.177614,191.656466,651.882255,23.140422,0.324776,9.589344,7.87344,3505.463168,cooling_system_fault,1,1,100,1800,-0.873619,-0.317017,-0.408247,2.316756,3.221298,-0.038959,0.000675,0.001299,0.963824,197.215
558,cruise,4237.317488,67.374732,64.993601,88.854258,190.842939,651.505876,22.965894,0.308581,9.498934,6.631594,3502.924574,cooling_system_fault,1,1,100,1800,-6.145266,0.40949,0.480834,2.727384,1.401705,-0.099553,-0.006119,-0.003159,0.963666,197.21
559,cruise,4199.494055,67.370885,64.784719,88.855161,189.716909,654.005672,22.842801,0.311476,9.619472,8.358613,3543.660349,cooling_system_fault,1,1,100,1800,-6.806444,-0.008022,-0.34227,2.348633,2.84198,0.009312,-0.004164,0.124783,0.963507,197.205
560,cruise,4241.334042,67.512807,64.935394,87.868443,191.286705,652.312481,23.096138,0.310167,9.610137,8.488912,3488.803545,cooling_system_fault,1,1,100,1800,1.149375,-0.458833,0.29906,1.301091,-1.134592,0.170327,0.00724,0.083034,0.963348,197.2
561,cruise,4215.411608,66.865142,64.387446,88.253012,192.77735,656.405347,23.146502,0.324605,10.022601,8.988052,3514.390701,cooling_system_fault,1,1,100,1800,3.738975,0.239633,-0.284541,2.829339,-0.191956,-0.047283,0.005169,0.047875,0.963188,197.195
562,cruise,4204.022645,66.356115,64.918626,88.746585,192.317126,651.960853,23.216122,0.315735,9.743226,7.802493,3487.612759,cooling_system_fault,1,1,100,1800,-2.744622,-0.131412,1.023836,2.104765,0.414208,-0.075283,-0.00154,0.090125,0.963028,197.19
563,cruise,4216.294934,66.440221,64.471528,88.225832,191.979339,656.623472,23.040684,0.315781,9.766631,7.954252,3572.320733,cooling_system_fault,1,1,100,1800,-3.546317,-0.065813,-1.026582,2.239397,-1.008432,-0.018087,-0.000972,-0.070768,0.962868,197.185
564,cruise,4213.483201,66.603546,64.661908,88.661917,192.565066,657.547655,22.803516,0.302713,9.601606,7.454377,3509.929813,cooling_system_fault,1,1,100,1800,1.689769,0.104262,0.099146,2.783428,-0.368883,-0.164545,-0.001129,-0.007868,0.962708,197.18
565,cruise,4199.04404,66.129693,65.242568,88.320914,190.714105,649.614765,22.940313,0.317122,9.459935,7.174663,3311.801759,cooling_system_fault,1,1,100,1800,-1.785722,-0.038458,0.174776,4.037925,-0.022902,0.016368,0.004021,-0.003505,0.962547,197.175
566,cruise,4202.906693,67.368877,63.951205,87.316306,191.498201,656.694933,23.06,0.316355,9.753671,5.380599,3465.575202,cooling_system_fault,1,1,100,1800,0.560035,-0.358922,-0.49623,2.318927,-0.312169,-0.119811,-0.010421,-0.074888,0.962386,197.17
567,cruise,4218.656704,65.957065,64.711756,87.79786,192.114722,653.796339,22.844225,0.310299,9.784825,7.013031,3494.123215,cooling_system_fault,1,1,100,1800,-1.597932,0.367883,0.206395,2.008409,0.758516,-0.076187,-0.000275,-0.004174,0.962224,197.165
568,cruise,4196.255762,68.777578,64.793289,88.782828,190.435968,652.710963,22.614456,0.305201,9.818524,7.734354,3489.878458,cooling_system_fault,1,1,100,1800,3.005904,-0.042356,-0.01409,2.497025,-2.519322,0.133596,0.003245,-0.079863,0.962062,197.16
569,cruise,4210.941232,66.619155,64.477046,88.02698,189.998983,660.293771,23.033368,0.313746,9.844954,6.800102,3553.321267,cooling_system_fault,1,1,100,1800,-3.443933,-0.291798,0.995845,4.086996,-0.061257,-0.069082,0.00149,0.049752,0.9619,197.155
570,cruise,4164.583289,66.400335,64.156688,88.380746,192.330603,656.495054,22.648217,0.313283,9.850454,10.039465,3363.02537,cooling_system_fault,1,1,100,1800,1.28981,0.546244,0.432023,3.029107,0.721553,-0.0134,0.002355,0.035969,0.961737,197.15
571,cruise,4208.757779,67.766199,64.634799,88.455551,191.054562,654.35992,23.067716,0.315189,9.595856,6.426984,3505.542368,cooling_system_fault,1,1,100,1800,-1.892113,0.150503,0.736281,4.240089,-0.71641,0.026195,-0.001166,-0.050128,0.961574,197.145
572,cruise,4217.935052,68.027479,64.181664,88.675509,192.333029,653.770664,23.379111,0.317188,9.735277,6.796863,3197.66469,cooling_system_fault,1,1,100,1800,-5.918563,-0.918223,-0.578723,2.759261,-0.630587,0.027617,0.002481,0.049255,0.961411,197.14
573,cruise,4193.554933,68.215465,64.658633,87.862541,190.79165,652.864624,23.297413,0.314425,9.825677,7.174156,3404.091104,cooling_system_fault,1,1,100,1800,0.33385,0.245701,-0.323932,1.934301,0.861903,0.066446,0.002789,-0.043554,0.961247,197.135
574,cruise,4218.687472,66.083916,64.962408,87.662631,191.274503,652.228055,22.841441,0.322111,10.012599,8.975708,3425.339745,cooling_system_fault,1,1,100,1800,-2.185439,0.032271,0.751619,4.142314,-3.407726,0.095808,-0.00137,0.031985,0.961083,197.13
575,cruise,4219.380272,66.354496,64.212809,87.855043,192.107769,657.4447,23.30652,0.316661,9.948682,7.371392,3436.581094,cooling_system_fault,1,1,100,1800,0.949001,-0.011575,0.49813,3.367755,-1.393667,-0.091598,-0.001125,0.107272,0.960919,197.125
576,cruise,4186.916065,66.415921,65.455035,87.077066,191.611349,657.914424,23.100285,0.313598,9.722142,8.663551,3511.114889,cooling_system_fault,1,1,100,1800,1.213991,0.1324,0.15617,3.255516,0.648222,-0.078234,-0.001241,0.005348,0.960754,197.12
577,cruise,4173.950126,67.821452,64.201127,88.669067,192.03739,654.602006,23.021184,0.318508,9.544609,8.837592,3471.611378,cooling_system_fault,1,1,100,1800,-5.967709,-0.001148,0.446224,2.300761,1.8995,0.095907,-0.001576,0.119626,0.960589,197.115
578,cruise,4216.082713,66.485224,63.949678,88.072107,190.854241,657.431094,22.964557,0.31344,9.794664,9.483116,3544.484976,cooling_system_fault,1,1,100,1800,3.429035,0.207061,0.168564,3.783645,2.088396,0.021894,0.003663,0.061069,0.960423,197.11
579,cruise,4235.212662,67.564034,64.37061,89.118569,191.458855,654.696921,22.886098,0.311296,9.638074,9.244545,3501.971738,cooling_system_fault,1,1,100,1800,-1.340389,-0.226029,0.479869,4.096819,-2.277208,0.010767,-0.000391,0.06877,0.960258,197.105
580,cruise,4229.991427,65.300902,64.664244,87.398382,192.151211,649.542925,22.743284,0.321331,9.922365,8.354112,3559.452931,cooling_system_fault,1,1,100,1800,-3.768675,0.270907,-0.828166,1.6461,0.438642,-0.204714,0.002883,-0.00426,0.960091,197.1
581,cruise,4220.856612,65.067219,64.50606,88.21835,192.986328,657.613174,22.915885,0.318288,9.790135,7.580111,3705.123633,cooling_system_fault,1,1,100,1800,-2.571986,0.520311,-0.069095,3.238999,-0.775283,0.210284,-0.001909,0.037596,0.959925,197.095
582,cruise,4219.479115,68.305666,64.694186,87.720194,192.694923,655.499067,23.08151,0.323633,9.822127,7.697392,3518.77044,cooling_system_fault,1,1,100,1800,-2.389721,0.058062,-1.218422,3.557163,1.240772,-0.145686,0.002062,0.001976,0.959758,197.09
583,cruise,4213.897264,65.511236,65.432396,88.141133,191.494126,654.097206,23.050283,0.31311,9.519888,8.670505,3533.89091,cooling_system_fault,1,1,100,1800,1.956122,-0.615444,-0.139351,2.264025,-0.035809,-0.166633,-0.003635,0.030826,0.959591,197.085
584,cruise,4223.71421,65.71481,64.574621,88.290898,193.416254,653.323576,23.15672,0.308236,9.761427,7.677946,3474.927241,cooling_system_fault,1,1,100,1800,4.125786,0.071637,-0.247615,3.279748,2.305566,0.11536,0.00987,0.058623,0.959424,197.08
585,cruise,4200.860061,66.863567,64.419868,87.443575,191.739611,650.685787,22.948203,0.318913,9.970579,9.554968,3559.961276,cooling_system_fault,1,1,100,1800,-1.062804,0.439685,0.024172,2.33963,-0.195404,-0.052782,0.000428,-0.083475,0.959256,197.075
586,cruise,4183.291805,65.531439,64.068335,88.419152,192.835324,657.295686,22.925892,0.315242,9.560078,6.562787,3610.951267,cooling_system_fault,1,1,100,1800,-0.025139,0.178139,-0.264285,2.513045,-3.274489,-0.003715,0.005087,0.071771,0.959088,197.07
587,cruise,4188.346123,66.811605,64.879618,88.146832,190.99725,650.455166,22.759671,0.309875,9.812776,7.358128,3373.703254,cooling_system_fault,1,1,100,1800,5.634816,-0.53205,-0.771968,2.141015,-0.574678,0.114966,0.008504,0.041979,0.958919,197.065
588,cruise,4193.102376,67.10135,63.984292,88.676708,191.839094,654.304726,23.046029,0.322201,9.472441,7.231263,3548.546936,cooling_system_fault,1,1,100,1800,-1.660531,0.121014,0.238999,3.196322,-0.158526,0.042838,-0.006446,-0.055315,0.95875,197.06
589,cruise,4196.767268,65.426895,64.157884,87.662382,190.929124,651.441558,22.920131,0.323047,10.002107,8.354666,3283.771214,cooling_system_fault,1,1,100,1800,-1.419577,0.384657,-0.134888,3.169665,-0.534951,-0.152855,0.00519,0.035182,0.958581,197.055
590,cruise,4184.445224,67.124621,64.851561,88.187218,191.26813,652.4785,23.153072,0.319236,9.716025,7.025604,3484.092842,cooling_system_fault,1,1,100,1800,2.164891,-0.7411,0.22764,3.665907,-3.553832,0.022716,0.005168,0.034212,0.958411,197.05
591,cruise,4231.119422,66.08964,65.175588,88.766725,193.252645,654.783416,22.887096,0.311919,9.545323,7.712012,3578.160296,cooling_system_fault,1,1,100,1800,-1.795835,0.463575,0.594631,3.955079,-0.074461,0.148375,0.011188,-0.047932,0.958241,197.045
592,cruise,4207.127885,67.075476,64.37763,88.217186,193.195672,655.641752,23.211695,0.313087,9.957938,8.289617,3659.906288,cooling_system_fault,1,1,100,1800,0.693321,0.191664,0.597012,3.566074,-2.297173,0.156194,-0.003824,0.112932,0.958071,197.04
593,cruise,4205.257285,67.493882,64.551649,88.739092,191.035423,653.252153,23.359889,0.313562,9.657193,7.93206,3556.078441,cooling_system_fault,1,1,100,1800,1.624059,-0.404793,-0.625206,3.589353,1.282555,0.078103,-0.001882,0.055391,0.9579,197.035
594,cruise,4221.955341,68.994048,64.793976,88.522139,190.787649,656.491787,22.721419,0.322637,9.881591,6.707871,3533.694203,cooling_system_fault,1,1,100,1800,2.885794,-0.245357,0.062347,3.560422,-1.436263,-0.238308,-0.000941,0.089002,0.95773,197.03
595,cruise,4199.732191,67.963427,63.713698,87.735005,192.398515,648.704605,22.859767,0.317408,9.711691,8.891995,3364.633574,cooling_system_fault,1,1,100,1800,2.389062,-0.404095,0.083939,3.200467,1.208723,-0.240284,0.002798,-0.005724,0.957558,197.025
596,cruise,4199.360742,65.889861,63.923513,88.053619,192.865466,653.881584,23.103624,0.31497,9.938099,7.540468,3482.945031,cooling_system_fault,1,1,100,1800,-1.413086,0.715967,-0.016598,4.105885,0.519797,-0.036609,0.000508,0.007921,0.957387,197.02
597,cruise,4198.598722,66.919514,64.153898,87.30839,192.486441,652.656022,22.837002,0.327124,9.402093,7.138712,3365.726287,cooling_system_fault,1,1,100,1800,7.3019,-0.289493,-0.331667,5.220197,-1.218769,-0.197314,-0.002616,-0.161615,0.957215,197.015
598,cruise,4169.951388,67.710406,64.140993,87.400656,192.053107,652.399083,23.038686,0.321085,9.87967,7.130463,3554.750888,cooling_system_fault,1,1,100,1800,-1.393429,0.073765,-0.409934,3.384374,1.178603,0.050274,0.009021,-0.017412,0.957042,197.01
599,cruise,4189.456509,67.322195,64.891716,88.451018,192.745336,660.71329,23.051495,0.315819,9.838215,8.978089,3349.930215,cooling_system_fault,1,1,100,1800,2.310914,-0.044245,-0.255258,3.24598,-0.577027,-0.092562,0.006652,0.00784,0.95687,197.005
600,cruise,4217.498279,67.737548,64.78431,89.319119,191.889703,659.08501,22.987435,0.308866,9.577036,7.297612,3476.836929,cooling_system_fault,1,1,100,1800,-0.318114,0.231475,-0.349931,3.975801,0.473553,-0.030319,-0.000459,-0.049045,0.956696,197.0
601,cruise,4226.801248,69.479695,64.300595,88.050976,192.848871,659.855916,22.644433,0.314695,9.841691,7.244401,3454.619517,cooling_system_fault,1,1,100,1800,-3.978042,-0.250326,0.775169,4.41472,-0.784213,0.09183,0.005355,-0.115102,0.956523,196.995
602,cruise,4177.000612,65.891682,63.988769,88.46804,191.968455,655.368569,23.057393,0.313119,9.455598,9.40628,3638.764375,cooling_system_fault,1,1,100,1800,-3.710935,-0.977384,1.113308,4.043996,2.077087,-0.250009,0.000129,-0.048624,0.956349,196.99
603,cruise,4224.554083,66.645574,64.714955,88.417489,190.287718,653.029336,22.656567,0.322011,9.798994,7.74243,3690.742809,cooling_system_fault,1,1,100,1800,0.725875,-0.064889,-0.264194,3.877877,0.486865,-0.094952,0.001619,-0.035576,0.956175,196.985
604,cruise,4215.822963,68.004907,64.377813,87.473861,193.907121,647.598058,23.148059,0.32039,9.729855,8.57925,3433.59344,cooling_system_fault,1,1,100,1800,0.863818,-0.459073,0.342526,3.107916,1.408584,-0.128057,0.001294,0.078174,0.956001,196.98
605,cruise,4213.282385,66.792615,65.779644,87.623027,192.759728,647.295448,22.677103,0.309594,9.68209,8.298396,3482.953427,cooling_system_fault,1,1,100,1800,0.243631,0.001972,0.141343,2.997036,-2.576084,0.126226,0.004153,-0.081854,0.955826,196.975
606,cruise,4213.452749,65.869908,65.732537,88.559647,192.554873,655.219687,22.990161,0.316188,9.651554,9.161095,3395.404892,cooling_system_fault,1,1,100,1800,-1.1803,0.212518,0.579371,4.46365,1.892692,0.10543,0.002952,0.101415,0.955651,196.97
607,cruise,4183.382962,68.244474,64.880543,88.788274,192.783242,655.214471,23.177481,0.310645,9.71968,9.320882,3395.623386,cooling_system_fault,1,1,100,1800,-0.537948,0.458036,0.256672,3.384217,-1.619736,0.202381,0.007048,0.050396,0.955475,196.965
608,cruise,4200.081097,65.484383,64.498762,87.678692,192.793061,657.392463,23.093076,0.312221,9.688985,8.048227,3510.238922,cooling_system_fault,1,1,100,1800,-2.312459,0.331199,0.531603,3.85099,0.40772,-0.03192,0.009926,0.057857,0.9553,196.96
609,cruise,4189.031297,66.178338,65.056761,88.035153,192.353206,652.424829,23.097067,0.319929,9.672022,8.229177,3613.089688,cooling_system_fault,1,1,100,1800,2.603889,-0.015206,-0.737741,4.182298,0.526278,-0.351631,-0.008183,0.04378,0.955124,196.955
610,cruise,4202.654683,67.760841,64.014155,88.859202,192.006946,652.465184,23.130557,0.312218,9.670335,8.256528,3548.436248,cooling_system_fault,1,1,100,1800,4.138966,0.313354,0.222734,3.830773,-0.075666,-0.04212,0.003072,-0.031486,0.954947,196.95
611,cruise,4175.381795,66.243368,64.446841,88.202386,191.794292,651.025621,23.249613,0.316024,10.078272,8.986862,3448.585327,cooling_system_fault,1,1,100,1800,4.749243,0.428985,0.377987,3.632237,1.84379,0.090663,0.003869,0.024476,0.95477,196.945
612,cruise,4189.025157,66.105172,64.896327,87.939673,192.971437,653.553706,23.271823,0.31638,9.644885,8.5147,3503.161491,cooling_system_fault,1,1,100,1800,0.45477,-0.801692,0.610126,4.615417,0.562195,-0.059968,0.008418,0.095331,0.954593,196.94
613,cruise,4191.854552,66.80903,64.192634,87.697919,191.710215,658.445831,23.053854,0.313679,9.732058,8.511204,3448.364778,cooling_system_fault,1,1,100,1800,0.694029,0.822469,-0.016922,4.65755,1.428776,-0.124251,0.004681,-0.054633,0.954415,196.935
614,cruise,4188.008879,66.372756,64.848973,87.83722,192.404925,654.602549,23.032991,0.322143,9.883367,8.261873,3526.593624,cooling_system_fault,1,1,100,1800,-0.69805,0.180149,-0.733498,2.959637,-0.829225,-0.056217,-0.005675,0.062666,0.954238,196.93
615,cruise,4196.787876,65.934753,64.843359,88.233829,194.544862,654.924333,23.032846,0.314643,9.792174,7.359788,3468.838413,cooling_system_fault,1,1,100,1800,-2.980174,-0.30754,0.259244,3.262935,-3.375038,-0.015811,0.000744,0.033117,0.954059,196.925
616,cruise,4170.638609,66.35679,64.632489,89.313619,194.055942,652.832493,22.895204,0.313319,9.796962,7.733704,3448.334624,cooling_system_fault,1,1,100,1800,-0.733803,0.111396,-0.502481,3.54583,1.112459,-0.121377,0.008891,-0.091297,0.953881,196.92
617,cruise,4209.304351,68.735207,64.103649,87.398296,191.189131,652.749026,22.897567,0.312261,9.855677,7.222266,3686.093112,cooling_system_fault,1,1,100,1800,-2.280448,0.529267,0.288766,2.57955,-1.089135,-0.066452,0.001829,-0.11075,0.953702,196.915
618,cruise,4227.944718,67.301596,64.720656,87.212653,191.544535,651.182403,23.151991,0.310368,9.880389,7.667487,3581.421275,cooling_system_fault,1,1,100,1800,-0.142424,-0.476028,0.45932,2.782461,0.276488,0.041745,-0.001072,-0.056939,0.953522,196.91
619,cruise,4198.692413,69.457356,65.00834,87.779991,191.68901,655.285871,23.19718,0.319617,9.828818,8.604731,3561.206882,cooling_system_fault,1,1,100,1800,-4.275683,-0.402138,0.004923,3.448647,1.694926,0.211455,0.002433,0.044328,0.953343,196.905
620,cruise,4201.452536,67.205209,64.049431,87.76048,190.133738,654.212614,23.165968,0.30908,9.722978,8.828468,3520.918009,cooling_system_fault,1,1,100,1800,-1.84059,0.345707,-0.778287,4.874897,-0.52407,-0.128198,-0.002951,0.060514,0.953163,196.9
621,cruise,4188.902473,68.812374,65.172934,88.486528,192.17157,653.227515,23.561782,0.317057,9.722708,7.629144,3526.191484,cooling_system_fault,1,1,100,1800,-4.756603,-0.42326,0.346972,2.463161,-0.998429,0.032744,0.002474,-0.052645,0.952983,196.895
622,cruise,4225.846095,68.605447,65.054875,86.978372,194.599664,655.859109,23.076837,0.315163,9.904486,8.099537,3697.077075,cooling_system_fault,1,1,100,1800,-0.118451,0.085594,-0.462696,4.373453,0.419396,0.115826,0.001052,-0.000546,0.952802,196.89
623,cruise,4199.451723,66.439225,64.358211,87.57491,191.514819,653.956535,22.972013,0.308566,9.796201,9.913368,3501.952726,cooling_system_fault,1,1,100,1800,-0.737682,-0.112892,0.072837,3.269651,0.744156,0.007192,-0.002559,0.055547,0.952621,196.885
624,cruise,4210.415736,65.681182,64.907281,88.378589,192.110247,656.066922,22.742363,0.315054,9.666871,6.849665,3381.454737,cooling_system_fault,1,1,100,1800,-1.540884,0.477354,0.784024,3.886877,0.969567,0.12273,-0.006769,-0.102003,0.95244,196.88
625,cruise,4227.211663,67.787597,64.455372,88.180594,191.641021,652.484092,22.97985,0.309236,9.512185,9.755538,3461.911772,cooling_system_fault,1,1,100,1800,8.99768,-0.031138,0.317824,4.355547,-0.700813,-0.289106,-0.001365,0.014267,0.952258,196.875
626,cruise,4194.268808,65.378416,64.131092,87.58849,192.173353,655.077715,23.149949,0.314105,9.811763,9.063438,3561.334263,cooling_system_fault,1,1,100,1800,-3.260356,0.224732,-0.194931,4.986983,0.413958,0.297502,-0.001437,-0.079528,0.952076,196.87
627,cruise,4219.156058,65.904325,64.685651,87.582917,192.458105,656.335855,23.211566,0.320587,9.922129,8.369782,3599.781948,cooling_system_fault,1,1,100,1800,2.194719,-0.377929,0.377291,4.453098,1.207233,-0.175565,-0.002874,0.047015,0.951893,196.865
628,cruise,4189.74739,68.409506,64.533771,88.545564,190.705646,655.555682,23.129136,0.326288,9.670552,8.172394,3453.066404,cooling_system_fault,1,1,100,1800,-0.132838,-0.260202,0.218277,4.608391,0.461494,-0.06304,0.002033,-0.080262,0.951711,196.86
629,cruise,4219.037254,66.589058,64.286326,89.175118,191.015377,657.330477,22.794831,0.307179,9.58513,7.612045,3531.35768,cooling_system_fault,1,1,100,1800,-6.177508,-0.131625,0.39545,3.725041,-2.49263,-0.060339,-0.002903,-0.165038,0.951528,196.855
630,cruise,4212.104018,66.146626,64.097479,87.591252,192.379163,653.289736,23.076872,0.316102,9.589588,7.979402,3554.481637,cooling_system_fault,1,1,100,1800,-5.4326,-0.021565,0.168306,3.393503,-3.001111,0.229802,0.002582,-0.092559,0.951344,196.85
631,cruise,4216.669961,64.382868,64.713241,87.795701,190.678967,655.548489,23.160013,0.308896,9.763599,6.974735,3461.958788,cooling_system_fault,1,1,100,1800,0.311863,0.303841,0.524204,3.615739,1.839685,-0.036921,0.002363,-0.034045,0.95116,196.845
632,cruise,4199.568268,67.926729,64.090132,88.356145,191.412231,654.08545,23.103632,0.317757,9.492757,7.537861,3603.375787,cooling_system_fault,1,1,100,1800,1.141923,0.088814,-0.019352,5.155388,3.103966,-0.189346,-0.009406,0.08065,0.950976,196.84
633,cruise,4211.033812,66.3635,64.203301,88.451536,190.716351,656.005479,23.231618,0.311134,9.693793,9.005883,3560.7473,cooling_system_fault,1,1,100,1800,-3.256736,0.016224,0.169239,2.409901,-0.82292,0.062083,-0.011271,0.021356,0.950792,196.835
634,cruise,4194.071917,68.194849,64.758977,88.236155,190.927575,653.773587,22.932959,0.3171,9.541907,7.998169,3491.875198,cooling_system_fault,1,1,100,1800,-3.163916,0.154222,-0.366799,4.033882,0.338505,-0.10683,-0.003105,0.144006,0.950607,196.83
635,cruise,4222.275259,66.988311,64.533008,88.319954,194.493963,658.906478,22.749998,0.306416,9.740021,9.91283,3455.453928,cooling_system_fault,1,1,100,1800,4.80815,0.102933,0.41535,3.653915,0.680129,0.154904,0.001945,-0.024418,0.950422,196.825
636,cruise,4235.330534,66.233318,65.41237,88.166475,192.346491,653.121584,23.04365,0.3155,9.745905,9.363146,3488.650342,cooling_system_fault,1,1,100,1800,1.190607,-0.301479,1.156431,5.177115,-2.13929,-0.042607,0.00357,-0.116142,0.950236,196.82
637,cruise,4190.308182,67.783503,64.074917,88.530892,191.586176,652.009379,23.079038,0.316883,9.696004,9.016344,3478.849232,cooling_system_fault,1,1,100,1800,1.368455,-0.527717,0.311301,3.868009,-0.234763,0.033096,0.001343,0.032557,0.95005,196.815
638,cruise,4218.827945,68.931619,64.805128,88.879874,192.851209,656.100327,22.759932,0.316895,9.67043,8.562926,3620.72777,cooling_system_fault,1,1,100,1800,-1.066311,-0.161014,-0.417427,3.741571,0.126444,0.127729,0.003453,0.048768,0.949864,196.81
639,cruise,4190.62043,65.441978,64.655397,88.031223,192.578752,649.444328,22.724929,0.308202,9.881413,8.050703,3585.899786,cooling_system_fault,1,1,100,1800,-4.763833,0.990703,0.102749,3.469174,0.91727,0.159621,-0.004708,-0.026692,0.949678,196.805
640,cruise,4195.752657,67.959732,64.093351,88.298067,192.088918,658.334431,23.169679,0.306268,9.735849,7.500773,3260.115159,cooling_system_fault,1,1,100,1800,-2.435158,0.238673,0.75621,4.120578,0.181275,-0.064423,0.003573,0.160195,0.949491,196.8
641,cruise,4239.054227,65.947609,64.343008,87.850493,190.824368,655.622183,22.954381,0.308496,9.722337,8.68206,3488.717625,cooling_system_fault,1,1,100,1800,0.66599,-0.245346,-0.169476,3.736518,-0.734758,0.012256,0.005059,0.033645,0.949304,196.795
642,cruise,4193.355396,65.403856,64.04321,89.219353,193.13325,654.494201,22.693181,0.312978,9.842142,6.70145,3423.850666,cooling_system_fault,1,1,100,1800,-1.490011,0.115591,0.455464,3.307228,-0.639888,-0.237101,-0.002706,0.076552,0.949116,196.79
643,cruise,4189.877374,67.597806,64.636509,87.407493,193.842681,651.295668,22.968149,0.324656,9.656893,9.306099,3518.856663,cooling_system_fault,1,1,100,1800,-0.954479,-0.056556,-0.476758,4.067683,1.094476,0.123622,0.003278,-0.006693,0.948928,196.785
644,cruise,4222.86618,67.986232,64.346616,87.96469,192.529663,652.153416,23.018194,0.302275,9.966494,8.055833,3560.233141,cooling_system_fault,1,1,100,1800,-8.43642,0.403257,-0.773088,3.936448,0.124675,0.105415,0.006035,0.012156,0.94874,196.78
645,cruise,4210.836184,65.568469,63.740733,87.785583,192.902304,656.806836,23.030405,0.317391,9.691028,8.163207,3682.096515,cooling_system_fault,1,1,100,1800,0.699862,-0.467732,1.395463,2.865203,-1.311805,0.025598,0.000817,0.014469,0.948551,196.775
646,cruise,4177.21651,65.672702,64.069201,87.615039,192.546142,648.144271,23.04867,0.312515,9.610914,7.925732,3257.99047,cooling_system_fault,1,1,100,1800,2.317482,-0.621826,0.367163,4.73325,1.703579,0.041499,0.001876,-0.014598,0.948362,196.77
647,cruise,4208.179137,65.973714,64.117308,88.053679,191.905614,652.859208,23.323119,0.312546,9.772879,8.593225,3603.345319,cooling_system_fault,1,1,100,1800,4.816839,-0.075284,-0.15422,4.28391,0.712608,-0.032989,0.005299,-0.089171,0.948173,196.765
648,cruise,4211.617752,66.843626,64.248927,88.145335,194.244666,656.098989,23.139912,0.306877,9.586031,9.661102,3484.69289,cooling_system_fault,1,1,100,1800,1.484105,0.646426,-0.737614,3.414989,-0.230219,0.18731,0.001366,0.025262,0.947983,196.76
649,cruise,4201.611214,67.562613,64.815529,88.361863,191.035276,657.171377,23.147808,0.311177,9.499133,6.593888,3577.75366,cooling_system_fault,1,1,100,1800,-2.191957,0.132009,-0.137642,2.637651,0.038906,0.148704,0.010362,0.093655,0.947793,196.755
650,cruise,4211.668389,66.792219,64.618885,88.548662,192.038604,657.928635,22.984404,0.312579,9.527026,7.856721,3407.343414,cooling_system_fault,1,1,100,1800,-1.776906,0.064578,0.139221,4.861913,1.728305,-0.062039,0.00662,0.054281,0.947603,196.75
651,cruise,4192.159402,65.774853,64.269638,88.018033,191.84415,654.865028,23.026272,0.308379,9.811214,8.008314,3636.066081,cooling_system_fault,1,1,100,1800,2.028965,0.92418,0.625201,2.815544,-2.826968,-0.173312,-0.004869,-0.041378,0.947412,196.745
652,cruise,4240.69316,68.099695,64.62123,88.193814,192.731686,656.470319,23.192175,0.31599,9.69545,6.801747,3672.625693,cooling_system_fault,1,1,100,1800,1.842725,0.212653,-0.549475,4.294628,-2.366852,0.102967,0.00141,-0.070883,0.947221,196.74
653,cruise,4199.491532,67.594439,64.85169,87.842419,191.582973,647.227141,23.069599,0.316537,9.802867,7.350094,3475.706851,cooling_system_fault,1,1,100,1800,-2.461443,-0.437862,0.479757,4.354349,1.85747,-0.071914,0.000918,0.060192,0.94703,196.735
654,cruise,4208.638082,66.792751,65.015734,88.11192,194.600165,654.767135,22.832262,0.31689,9.790763,7.791556,3492.753819,cooling_system_fault,1,1,100,1800,2.26269,0.040811,0.17294,2.417394,1.613494,0.041979,-0.004287,-0.065091,0.946838,196.73
655,cruise,4209.478871,66.294627,64.88343,87.913117,194.711954,655.910345,23.181308,0.314792,10.076411,7.508802,3439.553068,cooling_system_fault,1,1,100,1800,-1.211958,-0.339681,0.203618,4.656312,-0.467433,-0.05362,-0.004314,0.085715,0.946646,196.725
656,cruise,4187.613579,68.743516,64.809353,88.506055,193.201836,656.431162,22.914964,0.308687,10.093373,8.235698,3445.725247,cooling_system_fault,1,1,100,1800,-1.225797,-0.591278,-0.137956,3.972797,0.217685,0.27028,-0.001014,0.145593,0.946453,196.72
657,cruise,4229.612842,69.299202,65.659337,87.015243,193.28461,652.678811,22.779846,0.317347,9.542158,7.266218,3469.24173,cooling_system_fault,1,1,100,1800,-4.023957,-0.51286,0.008477,5.286561,-0.678714,-0.061407,-0.00333,-0.136432,0.94626,196.715
658,cruise,4187.389033,66.832157,64.656833,88.862654,191.580985,653.703292,22.709499,0.315548,9.987818,8.242983,3535.738222,cooling_system_fault,1,1,100,1800,0.262774,0.540965,-0.587978,4.693681,0.575018,0.006714,0.002788,-0.042771,0.946067,196.71
659,cruise,4183.173677,67.643555,63.532031,88.215999,193.715969,654.479197,23.185837,0.302118,9.620476,8.390075,3371.733441,cooling_system_fault,1,1,100,1800,-5.83032,0.406772,0.012358,3.986907,-1.026846,0.058685,0.001817,0.031661,0.945874,196.705
660,cruise,4240.036645,67.817886,64.683662,87.870795,192.645885,658.295285,23.187504,0.311869,9.685485,6.520575,3440.006642,cooling_system_fault,1,1,100,1800,2.325211,0.390803,1.389574,4.188225,3.531713,0.148795,-0.005173,0.112792,0.94568,196.7
661,cruise,4190.948912,66.635231,64.274004,88.076039,191.802015,655.143964,23.11859,0.309296,9.929755,7.757167,3454.1544,cooling_system_fault,1,1,100,1800,-3.453272,0.020631,0.196321,3.341479,2.572997,0.022568,0.002448,-0.122181,0.945486,196.695
662,cruise,4183.797494,67.490584,64.896526,88.200868,192.352157,654.612864,23.034645,0.312091,9.839729,6.907518,3608.145019,cooling_system_fault,1,1,100,1800,1.761666,0.617345,-0.307049,4.840377,-0.254806,0.10377,-0.004801,0.030174,0.945291,196.69
663,cruise,4264.741774,67.321067,64.83444,87.906331,192.830739,656.29502,22.923952,0.319406,9.994955,9.981273,3494.705376,cooling_system_fault,1,1,100,1800,-0.963521,0.070176,-0.533179,3.367144,-1.42199,0.212394,-0.004768,0.103099,0.945096,196.685
664,cruise,4224.327185,65.756383,65.630564,87.87597,194.377715,647.763443,22.878237,0.316166,9.60858,9.141488,3478.401849,cooling_system_fault,1,1,100,1800,-0.972932,0.47151,0.227485,2.346608,-0.999238,0.208441,-0.002136,-0.039629,0.944901,196.68
665,cruise,4212.190556,68.8791,64.474828,87.661264,193.330283,653.728768,22.766518,0.316959,9.906164,7.724854,3553.022725,cooling_system_fault,1,1,100,1800,2.346458,-0.202102,-0.000306,3.366153,-0.016499,0.000765,-0.001008,0.000274,0.944706,196.675
666,cruise,4209.34368,67.0583,64.392702,87.951606,191.533564,654.636799,23.346109,0.315958,9.706239,9.292315,3425.153769,cooling_system_fault,1,1,100,1800,-1.062498,-1.091703,0.119007,4.089605,0.174657,0.047795,-0.00231,-0.042389,0.94451,196.67
667,cruise,4206.649209,67.775848,64.776666,88.110769,191.041662,652.297841,23.219468,0.31188,9.85598,9.102359,3509.613693,cooling_system_fault,1,1,100,1800,-1.092392,0.233219,-0.592299,3.314792,2.676014,-0.113819,0.000389,0.073479,0.944314,196.665
668,cruise,4204.756441,66.305642,64.331706,87.718657,192.943336,651.796936,23.115638,0.311665,9.726136,6.497174,3561.245835,cooling_system_fault,1,1,100,1800,1.135427,0.110396,-0.817262,3.861653,-0.717404,-0.248068,0.001611,-0.142756,0.944117,196.66
669,cruise,4228.588511,65.139226,64.994276,88.593907,192.475661,655.194844,22.964424,0.313183,9.899261,9.318284,3495.536732,cooling_system_fault,1,1,100,1800,-4.874166,0.483707,0.339464,4.442972,1.413756,-0.013672,-0.00395,-0.106317,0.94392,196.655
670,cruise,4185.726403,68.676112,63.947772,87.948972,191.559752,650.952038,22.950612,0.319142,9.656749,9.338978,3453.053198,cooling_system_fault,1,1,100,1800,0.295778,0.162937,0.13428,4.424846,-0.008095,-0.141782,0.000255,0.133385,0.943723,196.65
671,cruise,4195.403498,68.13902,63.967532,87.850261,192.684693,655.240375,23.079061,0.319991,9.629466,7.673024,3615.909488,cooling_system_fault,1,1,100,1800,-0.57689,0.322046,0.12219,2.733223,0.836455,0.071553,-0.003933,-0.144907,0.943525,196.645
672,cruise,4186.158606,66.02324,65.811601,86.953083,192.446212,656.485643,23.265604,0.312727,9.70433,7.735502,3513.831849,cooling_system_fault,1,1,100,1800,-4.656224,0.248506,-0.109325,4.160994,2.604354,-0.045149,-0.008994,-0.041114,0.943327,196.64
673,cruise,4201.409452,67.885918,64.555707,88.538172,191.976915,652.991308,23.288619,0.317237,9.853532,7.724596,3545.724253,cooling_system_fault,1,1,100,1800,2.688177,0.282809,-0.437953,4.445134,3.145193,-0.187922,0.003212,0.056212,0.943129,196.635
674,cruise,4231.841605,65.525734,64.976334,88.747659,193.919393,654.205101,22.845983,0.325067,9.703432,8.431476,3712.212326,cooling_system_fault,1,1,100,1800,-4.715301,0.034415,-0.549793,2.708366,-1.101833,-0.084839,0.003722,0.042674,0.94293,196.63
675,cruise,4231.084588,66.342186,64.177314,88.53444,193.687479,656.333944,22.718058,0.32271,9.824898,9.301177,3482.159934,cooling_system_fault,1,1,100,1800,10.565633,-0.28726,0.084778,4.604841,-1.676461,-0.138019,0.001456,-0.148046,0.942731,196.625
676,cruise,4207.907622,67.117507,65.101755,87.819764,194.286026,648.86662,23.083642,0.319049,9.913089,9.035197,3449.098186,cooling_system_fault,1,1,100,1800,4.179396,0.736841,0.09095,5.491056,1.751985,0.107484,-0.007714,0.001681,0.942532,196.62
677,cruise,4218.944068,68.105893,64.642803,88.790492,193.125602,652.69599,22.852626,0.305512,9.701016,5.44821,3606.707091,cooling_system_fault,1,1,100,1800,3.588894,-0.209384,-0.115121,4.456464,1.456146,-0.012873,-0.001973,-0.147298,0.942332,196.615
678,cruise,4233.98375,65.849912,64.992328,87.957652,192.976852,654.557671,22.765928,0.317742,9.607861,7.600707,3347.377901,cooling_system_fault,1,1,100,1800,7.777749,0.042435,0.947031,3.972943,-0.550171,0.198208,-0.000898,0.04789,0.942132,196.61
679,cruise,4195.455115,68.206888,63.977512,88.194294,190.833677,652.987043,23.147276,0.310096,9.712635,9.350969,3541.479316,cooling_system_fault,1,1,100,1800,2.184736,-0.063901,0.05608,4.153394,1.689087,0.078099,-0.005606,-0.082465,0.941932,196.605
680,cruise,4190.954162,68.362791,64.409668,88.452231,192.53077,654.543483,22.810413,0.302041,9.835155,8.848567,3474.117796,cooling_system_fault,1,1,100,1800,-0.663597,0.065473,0.472655,3.038817,-0.93032,-0.041035,-0.008695,0.077631,0.941731,196.6
681,cruise,4181.087682,65.282237,64.188213,88.527575,193.116362,656.663228,22.804324,0.305949,9.697809,7.517418,3416.263973,cooling_system_fault,1,1,100,1800,-3.402472,-0.182249,0.270401,5.046473,2.579935,-0.241857,0.005272,0.09697,0.94153,196.595
682,cruise,4203.477437,67.204264,64.352181,87.322178,191.256262,657.184954,23.079767,0.32052,9.526351,7.832996,3424.934619,cooling_system_fault,1,1,100,1800,3.299024,-0.198766,0.204178,4.726249,1.04212,-0.015432,-0.002625,-0.025776,0.941328,196.59
683,cruise,4191.680845,67.606026,65.161491,88.184975,193.022877,660.152138,22.822567,0.323707,9.819699,8.17582,3491.403219,cooling_system_fault,1,1,100,1800,0.110543,-0.128065,0.198327,5.792849,0.461577,0.171811,-7e-05,-0.125992,0.941126,196.585
684,cruise,4201.374273,66.581761,64.540425,87.177945,191.964356,653.20073,22.971508,0.316416,9.572546,8.867658,3658.987885,cooling_system_fault,1,1,100,1800,1.189964,0.665198,0.904531,6.593858,-0.038486,-0.126561,0.004099,0.080553,0.940924,196.58
685,cruise,4211.575463,67.591451,64.263858,88.068369,192.787832,652.356658,22.939033,0.308868,9.96943,8.363667,3490.806654,cooling_system_fault,1,1,100,1800,0.622004,-0.032359,0.487129,3.88156,1.037208,0.156977,-0.000487,0.176868,0.940722,196.575
686,cruise,4205.971384,66.713737,64.693188,88.438891,193.038021,655.824779,23.120112,0.311599,9.672033,8.887519,3444.38024,cooling_system_fault,1,1,100,1800,-5.899522,-0.173255,0.159294,3.128005,0.140759,0.00511,0.006289,-0.016492,0.940519,196.57
687,cruise,4202.271001,66.934797,63.592122,88.055064,192.719507,655.769793,23.025353,0.309012,9.612431,6.54207,3474.252169,cooling_system_fault,1,1,100,1800,3.001643,-0.465295,-0.116739,4.809985,-0.207619,-0.000777,0.003295,0.078886,0.940316,196.565
688,cruise,4231.562026,64.893163,64.42386,88.324076,192.588928,651.161458,23.159049,0.311202,9.727164,7.402063,3400.995229,cooling_system_fault,1,1,100,1800,2.487977,-0.056879,-0.47065,4.839602,-0.109171,-0.125672,-0.009867,0.187966,0.940112,196.56
689,cruise,4225.06822,67.199683,63.64314,88.614714,192.014929,654.208917,23.31962,0.314955,9.502454,8.656818,3482.571385,cooling_system_fault,1,1,100,1800,0.958165,0.124729,0.079691,4.56447,0.493733,0.013582,-0.007072,0.027704,0.939908,196.555
690,cruise,4219.512896,67.777814,65.06512,88.113767,192.154858,653.73704,22.940654,0.317063,9.700052,8.223993,3548.579266,cooling_system_fault,1,1,100,1800,0.015391,-0.903972,-0.533874,4.325837,3.019562,-0.034398,-0.001831,-0.059105,0.939704,196.55
691,cruise,4193.145233,66.620349,64.969827,87.904077,193.990049,651.4981,23.118103,0.316196,9.637686,7.879201,3473.757853,cooling_system_fault,1,1,100,1800,-0.40739,-0.220276,0.127675,4.447244,-1.072239,0.111678,0.001065,0.028366,0.9395,196.545
692,cruise,4197.249322,67.987014,64.982397,89.247548,194.742174,657.749963,23.049366,0.307156,9.624563,10.744087,3418.831394,cooling_system_fault,1,1,100,1800,3.873554,-0.536014,-0.771527,5.039896,-0.109315,0.056984,0.006028,0.056592,0.939295,196.54
693,cruise,4213.220859,68.895258,63.835804,87.989462,193.125728,653.682156,22.746527,0.312986,10.162996,8.884846,3391.152517,cooling_system_fault,1,1,100,1800,-1.488958,0.48879,0.394171,5.947346,-1.643986,-0.080492,0.003448,0.020808,0.939089,196.535
694,cruise,4199.996284,65.491862,64.629758,88.942909,193.170998,652.480306,23.160137,0.31197,9.416178,8.793846,3567.961125,cooling_system_fault,1,1,100,1800,-1.314176,0.368253,0.275863,4.263219,1.21287,-0.031839,0.006961,0.017664,0.938884,196.53
695,cruise,4223.701125,67.358711,64.308798,87.316689,192.67377,655.939368,23.077804,0.314114,9.632459,9.479072,3398.765198,cooling_system_fault,1,1,100,1800,7.407955,-0.007077,-0.24192,4.824717,2.27048,0.274229,-0.000375,0.04288,0.938678,196.525
696,cruise,4192.427722,67.143702,64.903282,88.32055,194.773677,653.655626,22.9892,0.319391,9.684596,8.504626,3413.482346,cooling_system_fault,1,1,100,1800,0.05311,-0.076963,0.358078,3.514627,-3.438341,-0.10998,-0.001076,0.011967,0.938472,196.52
697,cruise,4228.415241,67.567376,64.946229,88.4346,192.973547,653.796056,23.15296,0.321199,9.643257,7.710313,3461.063581,cooling_system_fault,1,1,100,1800,3.322645,-0.336135,0.61897,4.273762,0.478697,0.100332,-0.011619,0.040607,0.938265,196.515
698,cruise,4199.931804,66.532876,64.651413,88.004236,193.016623,653.458323,22.942779,0.312572,9.829163,8.378494,3514.867439,cooling_system_fault,1,1,100,1800,0.535753,0.38614,-0.495382,4.579809,-3.351014,-0.091391,0.006642,-0.103213,0.938058,196.51
699,cruise,4206.355158,66.651939,63.820215,88.117306,193.258456,653.068872,22.868209,0.319957,9.763301,8.348928,3581.603794,cooling_system_fault,1,1,100,1800,1.193264,0.2148,-0.389509,4.180149,2.87309,0.261305,-0.005083,-0.020441,0.937851,196.505
700,cruise,4205.614633,68.528669,64.323085,88.365006,192.646615,652.225588,23.209276,0.310222,9.633665,8.117835,3707.321355,cooling_system_fault,1,1,100,1800,1.855285,-0.287061,0.188934,5.756896,-0.150667,0.108516,0.00603,0.095034,0.937643,196.5
701,cruise,4176.967443,66.345965,64.714458,87.991311,191.804343,649.368334,22.924059,0.316926,9.669198,5.945842,3383.08096,cooling_system_fault,1,1,100,1800,-5.799684,-0.019674,0.097918,4.095074,2.391305,0.037887,0.001214,0.060917,0.937435,196.495
702,cruise,4180.794058,66.910286,65.16814,88.144973,193.231505,652.977248,23.203897,0.31627,9.689256,7.911917,3458.682287,cooling_system_fault,1,1,100,1800,0.06238,0.31587,1.336184,4.889905,2.826055,0.424909,0.005959,0.082398,0.937227,196.49
703,cruise,4202.289559,65.079845,64.726913,87.540815,193.452395,653.265552,22.978847,0.321567,9.412115,6.425016,3586.613409,cooling_system_fault,1,1,100,1800,1.94158,0.174013,0.145073,6.544957,-1.179836,-0.225016,0.002425,0.066841,0.937018,196.485
704,cruise,4205.964145,68.839806,64.505679,88.058492,193.758887,658.19145,22.901122,0.31808,9.847435,7.988468,3509.489575,cooling_system_fault,1,1,100,1800,-4.917493,-0.311198,0.309522,3.241214,-1.017195,0.154334,0.000671,0.03468,0.936809,196.48
705,cruise,4186.764405,66.823668,64.570215,87.957064,194.520033,655.943505,23.063345,0.305097,9.614854,7.972089,3583.979224,cooling_system_fault,1,1,100,1800,2.495763,-0.249512,0.582418,3.506187,0.884531,0.092748,0.002657,0.060063,0.936599,196.475
706,cruise,4224.880938,66.193127,63.734998,89.006227,192.225089,651.228566,22.732194,0.314475,9.829837,8.352501,3559.839008,cooling_system_fault,1,1,100,1800,0.76256,-0.575957,0.148141,5.476731,-0.978653,0.142924,-0.005022,0.016135,0.93639,196.47
707,cruise,4188.778138,66.196648,64.951413,87.326978,193.015164,654.396436,22.9297,0.319467,9.648734,8.522538,3476.073305,cooling_system_fault,1,1,100,1800,1.990063,-0.055546,0.183346,5.992867,0.518035,0.051074,-0.01352,-0.067962,0.936179,196.465
708,cruise,4188.115226,66.896477,64.505678,87.707983,194.094964,654.807631,22.884808,0.30984,9.662425,7.599381,3588.836755,cooling_system_fault,1,1,100,1800,-6.238391,0.586925,0.094704,5.320785,1.532058,-0.089543,-0.007758,-0.176772,0.935969,196.46
709,cruise,4202.390492,68.252043,64.749934,89.053404,192.065128,653.162064,22.976031,0.315489,9.871432,7.569549,3479.471792,cooling_system_fault,1,1,100,1800,5.082351,-0.181879,0.608832,4.405933,2.411501,-0.175864,0.001213,-0.11894,0.935758,196.455
710,cruise,4144.216978,67.552205,65.301726,87.71423,192.114432,648.531008,22.946837,0.317166,9.689589,9.642763,3575.268336,cooling_system_fault,1,1,100,1800,-1.238334,-0.423233,-0.664391,5.481285,0.636579,-0.081676,-0.001666,0.032906,0.935547,196.45
711,cruise,4249.90485,65.045993,65.227644,88.604561,192.542887,656.733583,23.055818,0.310295,9.814277,9.818034,3461.898611,cooling_system_fault,1,1,100,1800,-1.086257,0.241077,-0.044316,5.257748,0.205776,0.1476,-0.002035,0.035251,0.935336,196.445
712,cruise,4189.848716,68.030911,64.763269,88.41313,194.553949,649.874561,23.095438,0.316117,9.448737,10.700162,3451.349805,cooling_system_fault,1,1,100,1800,-2.892047,0.34228,-0.123414,5.689678,-0.870952,-0.057967,-6.5e-05,-0.028587,0.935124,196.44
713,cruise,4203.093727,66.54218,64.261543,87.296671,194.392746,650.556832,23.16058,0.306469,9.636523,9.042848,3401.54684,cooling_system_fault,1,1,100,1800,-4.482395,0.050806,0.531356,4.418807,1.159245,-0.057228,-0.004202,-0.059515,0.934912,196.435
714,cruise,4212.606488,66.883492,64.497097,88.549877,193.056543,652.006367,23.253909,0.311723,9.649659,6.927418,3457.979159,cooling_system_fault,1,1,100,1800,-6.758697,0.240217,0.748235,5.125427,0.853117,-0.118294,-0.00029,0.059838,0.934699,196.43
715,cruise,4185.797751,66.569019,64.825783,88.672516,193.050996,654.606784,22.985239,0.307198,9.619868,8.621312,3498.30353,cooling_system_fault,1,1,100,1800,-1.034968,0.13165,-0.422179,6.668326,0.322511,-0.230157,0.00098,-0.023946,0.934486,196.425
716,cruise,4211.223688,66.316324,65.391116,87.534468,193.984725,652.938106,22.994621,0.314166,9.758332,8.642833,3631.48342,cooling_system_fault,1,1,100,1800,-1.200362,0.60123,0.002539,5.04152,-1.04233,0.071591,-2.8e-05,-0.029928,0.934273,196.42
717,cruise,4213.529677,66.175453,64.806587,88.025612,192.870931,654.710862,23.255824,0.305016,9.67051,8.724764,3498.487338,cooling_system_fault,1,1,100,1800,6.854357,-0.147976,-0.174662,6.356577,-2.42512,-0.009634,0.001336,0.043789,0.934059,196.415
718,cruise,4224.395775,66.724828,64.309635,88.153915,193.097452,653.066531,23.141757,0.310099,9.875643,5.816282,3427.661514,cooling_system_fault,1,1,100,1800,-2.280745,0.043496,-0.174088,4.673637,-2.169713,0.063812,0.003555,-0.037148,0.933845,196.41
719,cruise,4225.103482,66.06004,64.768947,88.632461,192.668476,651.918443,22.94408,0.324496,9.862689,7.553407,3553.117011,cooling_system_fault,1,1,100,1800,-1.297864,0.353451,-0.625661,4.693601,-2.253976,-0.210934,-0.002157,-0.086155,0.933631,196.405
720,cruise,4223.258535,66.677301,64.604483,88.752994,194.378634,653.799263,22.85186,0.321937,10.01465,8.554557,3367.990432,cooling_system_fault,1,1,100,1800,-5.330068,-0.158261,0.218422,4.255328,0.079212,-0.237795,-0.005072,-0.05215,0.933416,196.4
721,cruise,4183.35049,68.263061,64.067705,88.849077,193.446938,652.205575,22.981235,0.320013,9.877338,8.289053,3504.259053,cooling_system_fault,1,1,100,1800,-0.21522,-0.364776,0.13139,5.625265,-0.281099,-0.121667,-0.001191,-0.101655,0.933202,196.395
722,cruise,4156.981753,68.857076,65.228513,88.142003,194.937004,654.562599,22.792772,0.316725,9.680272,9.317566,3519.919264,cooling_system_fault,1,1,100,1800,-0.242961,-1.192163,-0.093116,3.598115,-0.897742,-0.008337,0.002769,0.060626,0.932986,196.39
723,cruise,4221.867779,66.576074,64.929625,87.736216,193.39207,655.429386,22.876181,0.314843,9.998371,8.208148,3617.332597,cooling_system_fault,1,1,100,1800,-0.726001,0.04321,-0.160761,5.093218,-1.445328,-0.210436,0.003145,0.068892,0.932771,196.385
724,cruise,4203.857415,67.43879,64.920348,88.551454,193.368034,653.166179,22.756748,0.314976,9.734056,8.045951,3468.486025,cooling_system_fault,1,1,100,1800,-5.07649,0.229502,-0.464923,4.748088,1.666288,0.043882,0.004811,0.014476,0.932555,196.38
725,cruise,4197.086545,66.817934,64.288575,88.123795,194.160604,652.03435,23.098759,0.312491,9.640872,6.732196,3483.551406,cooling_system_fault,1,1,100,1800,-0.534311,-0.492272,0.694921,5.489548,0.596216,0.031765,-0.002561,0.184707,0.932338,196.375
726,cruise,4209.921076,66.083421,63.963817,88.198955,192.710306,656.840853,23.01514,0.318022,9.380155,6.788857,3460.366546,cooling_system_fault,1,1,100,1800,1.701631,0.555409,-0.266435,4.770898,0.492911,-0.048926,-0.005233,-0.08187,0.932122,196.37
727,cruise,4214.183318,67.777569,64.26082,87.962995,194.651818,653.550494,23.119394,0.313093,9.692594,8.736024,3423.740629,cooling_system_fault,1,1,100,1800,-0.23253,0.402261,0.698767,5.26728,-1.261178,0.048532,-0.010741,0.034186,0.931905,196.365
728,cruise,4194.829503,69.226327,65.474699,88.495283,192.351358,658.747703,23.210218,0.320396,9.504102,7.407771,3475.958997,cooling_system_fault,1,1,100,1800,-0.966676,0.474627,-0.152051,4.718264,0.023913,0.219863,-0.000729,0.013421,0.931687,196.36
729,cruise,4202.089694,67.464532,64.399321,88.038578,196.484139,657.552154,23.043942,0.318995,9.624089,7.861113,3565.200414,cooling_system_fault,1,1,100,1800,-1.124036,0.641115,0.418803,5.60508,0.333641,0.214658,-0.004523,-0.007952,0.931469,196.355
730,cruise,4181.159507,68.697242,65.437184,88.027307,193.125743,654.626454,23.331975,0.310675,9.579881,5.707276,3385.491461,cooling_system_fault,1,1,100,1800,-5.858932,0.075132,0.007534,3.950965,0.523408,0.126098,-0.001333,-0.027673,0.931251,196.35
731,cruise,4194.624813,65.921676,64.486768,88.295386,193.136472,653.478302,23.146875,0.317878,9.754533,7.162136,3499.879642,cooling_system_fault,1,1,100,1800,0.492548,0.361466,-0.285011,4.497347,0.57182,0.007525,-0.002563,0.034139,0.931033,196.345
732,cruise,4211.455245,67.840931,64.243113,87.351673,193.256592,659.814941,23.116019,0.307204,9.925632,8.844137,3380.294057,cooling_system_fault,1,1,100,1800,0.510266,-0.732111,0.096864,5.590524,-0.199426,-0.134137,-0.003881,-0.002949,0.930814,196.34
733,cruise,4231.406624,66.07834,64.306546,88.007503,193.832125,652.252241,22.742823,0.318807,9.57928,9.307535,3539.658377,cooling_system_fault,1,1,100,1800,-4.74813,0.146289,-0.480191,5.614666,2.951814,-0.109592,0.009968,0.007814,0.930595,196.335
734,cruise,4188.322779,67.38975,65.149989,87.26523,192.810175,654.83128,22.956543,0.32094,9.565559,7.667003,3512.418517,cooling_system_fault,1,1,100,1800,-5.549653,0.169966,-0.906468,4.51785,-0.155308,-0.388461,-0.006627,-0.125968,0.930376,196.33
735,cruise,4197.112854,67.512129,64.418898,87.651652,194.11777,653.699381,23.276839,0.316184,9.627627,8.646223,3381.281657,cooling_system_fault,1,1,100,1800,7.124259,0.175505,-0.258683,4.835039,0.675023,0.032009,-0.001644,-0.015753,0.930156,196.325
736,cruise,4192.490961,64.94402,64.383445,88.214019,196.482556,654.641475,23.055423,0.314085,9.614964,7.708584,3584.161511,cooling_system_fault,1,1,100,1800,3.597597,-0.11057,-0.082103,5.178224,0.649053,-0.133728,0.016236,-0.138138,0.929936,196.32
737,cruise,4221.27069,64.414262,65.02903,88.216206,193.533657,648.817132,22.960795,0.320064,9.701946,8.046491,3523.568697,cooling_system_fault,1,1,100,1800,0.167579,-0.155423,0.432998,5.363189,-2.627532,-0.303764,-0.000764,-0.154623,0.929715,196.315
738,cruise,4214.560326,66.268056,64.76084,88.235459,193.482677,655.364211,22.902852,0.308573,9.980585,8.041918,3532.469072,cooling_system_fault,1,1,100,1800,-1.955486,0.106897,0.525782,5.96292,-1.683804,-0.03822,-0.00548,-0.105617,0.929494,196.31
739,cruise,4201.303154,66.509704,64.658636,89.163129,193.706377,658.04527,23.027958,0.300445,9.899394,8.039281,3595.750918,cooling_system_fault,1,1,100,1800,-0.058588,0.051443,0.881907,5.362386,-0.913591,-0.148978,0.003596,0.007675,0.929273,196.305
740,cruise,4222.784819,66.768415,64.033504,87.598394,194.020731,656.969928,23.041467,0.308118,9.710777,8.003623,3420.834958,cooling_system_fault,1,1,100,1800,-4.838677,0.411956,-0.336086,5.746326,0.034911,-0.321474,-0.000528,0.030328,0.929052,196.3
741,cruise,4203.99425,68.107154,64.764544,89.524404,194.834414,659.320217,22.781101,0.307704,9.89619,7.858384,3609.292807,cooling_system_fault,1,1,100,1800,-1.219883,-0.220026,0.322007,5.394641,-1.34658,-0.213371,0.008019,0.000882,0.92883,196.295
742,cruise,4193.914545,66.47583,64.992408,88.495842,196.05802,657.428788,23.023295,0.30675,9.728785,7.949245,3516.249771,cooling_system_fault,1,1,100,1800,4.620166,-0.812991,0.035584,6.715969,-1.735329,0.13039,-0.003555,-0.103055,0.928607,196.29
743,cruise,4219.742538,68.086808,64.859926,87.664506,193.050562,654.410915,23.123747,0.313773,9.74653,9.190747,3555.682405,cooling_system_fault,1,1,100,1800,-0.337988,-1.209097,0.939962,5.290918,-2.097459,-0.191054,0.002002,-0.028519,0.928385,196.285
744,cruise,4201.497521,67.341005,64.424361,87.950641,194.57836,652.64068,23.323197,0.318709,10.04376,7.802089,3383.455678,cooling_system_fault,1,1,100,1800,-1.059676,-0.508105,-0.376008,5.232297,2.805097,-0.035233,-0.001359,0.027842,0.928162,196.28
745,cruise,4205.71409,67.367838,64.974015,88.066969,193.896493,649.854536,23.200511,0.313004,9.742721,8.66507,3538.0224,cooling_system_fault,1,1,100,1800,-8.902512,0.37065,-0.564539,7.312938,-1.594005,0.066607,-0.006509,-0.018737,0.927939,196.275
746,cruise,4211.473679,66.784787,64.651295,87.464285,194.215734,655.951359,22.967522,0.326032,10.022237,8.305232,3238.097981,cooling_system_fault,1,1,100,1800,-2.158686,-0.881413,0.055081,6.683334,-0.257531,-0.315313,-0.001313,-0.012247,0.927715,196.27
747,cruise,4199.2693,66.990971,64.719782,88.656508,194.048354,656.60825,23.156516,0.312656,9.795723,7.515841,3631.89095,cooling_system_fault,1,1,100,1800,-0.123162,-0.026042,-0.796649,5.500956,1.524094,-0.233237,0.008701,0.036207,0.927491,196.265
748,cruise,4217.19686,67.302283,63.754507,88.445612,194.716348,651.2226,23.159664,0.31457,9.589056,9.965735,3651.266393,cooling_system_fault,1,1,100,1800,-1.218594,-0.465322,0.974319,5.194117,-0.804136,-0.331465,0.002509,-0.055312,0.927267,196.26
749,cruise,4196.74148,66.985344,64.111783,88.797016,195.642498,653.647846,22.946898,0.317201,9.674909,7.689395,3710.595141,cooling_system_fault,1,1,100,1800,1.223086,0.325185,0.29828,5.575091,0.961911,0.030414,-0.001021,-0.225233,0.927042,196.255
750,cruise,4192.525381,66.154559,63.944958,88.888239,192.394591,654.295807,23.301231,0.318998,10.075458,7.0914,3591.515012,cooling_system_fault,1,1,100,1800,1.424134,-0.388416,0.522297,4.631567,0.546317,-0.053782,0.004741,-0.097488,0.926817,196.25
751,cruise,4221.695219,67.66697,65.137706,88.08844,193.326893,650.852938,22.808933,0.32015,9.959277,8.977013,3448.872891,cooling_system_fault,1,1,100,1800,-3.081592,-0.223728,0.248584,5.666037,0.730869,0.243329,-0.002199,0.025011,0.926592,196.245
752,cruise,4216.687495,67.494132,65.231409,87.647876,194.014051,652.228831,22.868072,0.321396,9.590723,8.331442,3448.550011,cooling_system_fault,1,1,100,1800,1.289657,-0.177029,-0.58095,6.460269,1.326201,0.105119,-0.003469,0.126371,0.926366,196.24
753,cruise,4194.229442,66.99382,64.5174,88.491446,193.934855,651.288093,22.85369,0.309856,9.664516,9.096992,3402.571771,cooling_system_fault,1,1,100,1800,6.057082,-0.957151,-0.272007,5.09808,3.346797,0.081126,-0.004468,-0.021139,0.92614,196.235
754,cruise,4213.537822,67.907604,64.339641,88.683987,195.711919,653.545907,23.026646,0.317782,9.705264,9.067763,3563.572948,cooling_system_fault,1,1,100,1800,0.879498,0.059014,-0.389833,5.190514,0.526001,-0.060502,-0.002336,0.119966,0.925914,196.23
755,cruise,4206.363651,68.309746,64.496274,87.278181,194.404117,654.967619,23.142179,0.312136,9.671608,9.203842,3553.250979,cooling_system_fault,1,1,100,1800,1.380428,-0.568261,0.203461,5.492054,-0.081569,0.08648,-0.000674,0.178801,0.925687,196.225
756,cruise,4219.113754,67.395606,64.920033,88.248212,194.699005,650.297597,23.174089,0.320199,9.890999,7.793299,3379.039239,cooling_system_fault,1,1,100,1800,-0.431068,0.43551,-0.523985,4.845446,-0.600034,0.039516,0.000171,-0.074006,0.92546,196.22
757,cruise,4223.771835,66.316138,64.559149,88.268581,195.114977,659.716191,23.000526,0.312874,9.544954,9.75236,3398.302265,cooling_system_fault,1,1,100,1800,2.609468,0.305072,0.441905,4.944753,0.665555,0.161082,0.000817,-0.085342,0.925232,196.215
758,cruise,4193.019662,67.498608,64.159253,89.230235,192.129192,655.865824,22.84665,0.316626,9.955995,9.721599,3552.483207,cooling_system_fault,1,1,100,1800,3.530846,0.136149,-0.290019,6.506596,-0.120198,-0.104601,0.000687,-0.000354,0.925005,196.21
759,cruise,4195.296189,68.210561,64.680685,88.050697,195.028549,656.581957,23.036803,0.313647,9.604879,7.621792,3518.769251,cooling_system_fault,1,1,100,1800,-1.207673,0.163723,0.420776,5.372684,-2.151897,0.067827,-0.001575,-0.044746,0.924776,196.205
760,cruise,4199.175365,66.171587,64.358823,87.688245,193.66246,655.294861,22.917495,0.318533,9.48047,8.51584,3403.351088,cooling_system_fault,1,1,100,1800,-3.17491,-0.550414,0.621502,5.115001,-1.098995,-0.015299,-0.008986,0.086517,0.924548,196.2
761,cruise,4194.212641,68.90255,64.652592,88.606312,194.942809,654.475975,22.966857,0.314998,9.775877,8.476182,3446.461151,cooling_system_fault,1,1,100,1800,-5.867852,0.72095,-0.088196,5.009629,-1.787801,-0.07313,0.003361,-0.023339,0.924319,196.195
762,cruise,4204.760472,64.805013,64.887606,88.03209,194.918771,656.938545,22.995592,0.313507,9.756341,6.826266,3424.700979,cooling_system_fault,1,1,100,1800,0.421537,0.379211,-0.23711,3.958763,-0.314546,0.229518,-0.005483,-0.00715,0.92409,196.19
763,cruise,4205.408234,67.000592,64.660674,87.981001,195.249447,655.13058,22.971542,0.31167,9.76462,7.535786,3546.451547,cooling_system_fault,1,1,100,1800,-1.100175,0.431877,0.783848,4.614561,-2.848093,0.163855,0.009512,-0.031362,0.92386,196.185
764,cruise,4206.923343,65.742478,64.960061,88.401678,194.423592,658.321424,22.719362,0.316463,9.707592,8.483461,3536.609658,cooling_system_fault,1,1,100,1800,0.447278,-0.38486,-0.442236,6.083615,-1.315812,0.051509,-0.000899,-0.079162,0.923631,196.18
765,cruise,4209.404901,64.89075,64.22551,86.618527,194.161709,655.657093,23.113856,0.316165,9.536623,9.862503,3579.957249,cooling_system_fault,1,1,100,1800,7.423651,0.014621,-0.948621,6.740327,-2.7262,0.013185,-0.005182,0.100014,0.9234,196.175
766,cruise,4200.474974,67.921312,63.858316,87.697169,195.078322,654.478036,23.120846,0.314,9.93266,8.612137,3349.921644,cooling_system_fault,1,1,100,1800,2.878803,0.24118,1.049242,6.063002,0.98096,0.010081,0.00073,-0.18191,0.92317,196.17
767,cruise,4199.103413,69.910857,64.420984,87.78789,195.908351,655.336005,23.175097,0.312042,9.698021,6.208768,3292.559413,cooling_system_fault,1,1,100,1800,-0.807856,0.397944,0.349591,4.84332,-0.072356,-0.104308,0.006958,0.032104,0.922939,196.165
768,cruise,4206.814779,66.972123,64.422715,87.538191,196.268084,655.866982,23.215555,0.315257,9.647857,9.184495,3425.24233,cooling_system_fault,1,1,100,1800,-0.847658,0.543894,0.320463,4.706712,1.089969,0.084086,-0.004059,0.088011,0.922708,196.16
769,cruise,4217.658288,67.274179,65.316682,87.766885,196.567772,652.455648,23.105993,0.314543,9.573041,8.489341,3498.170236,cooling_system_fault,1,1,100,1800,5.309983,0.566094,0.042714,5.597551,-1.786573,-0.005697,-0.001518,-0.090256,0.922476,196.155
770,cruise,4212.802164,68.828422,64.821535,87.265684,196.283987,655.759803,23.469751,0.313424,9.865098,7.109372,3403.001013,cooling_system_fault,1,1,100,1800,1.193065,-0.024963,-0.996723,5.301394,2.96519,-0.058909,0.001845,-0.03012,0.922244,196.15
771,cruise,4207.097699,68.539457,64.7194,88.156075,195.215329,658.155146,22.821858,0.313042,9.763241,4.643895,3461.789137,cooling_system_fault,1,1,100,1800,0.703152,-0.459595,0.385484,7.12599,-2.590702,-0.164016,-0.007097,0.037859,0.922012,196.145
772,cruise,4186.303743,65.867763,64.798772,88.148638,193.611568,657.190465,23.119059,0.318082,9.885115,7.847114,3505.245467,cooling_system_fault,1,1,100,1800,1.972643,-0.5545,0.226986,4.080944,-1.591692,-0.006352,-0.011761,-0.073051,0.921779,196.14
773,cruise,4212.18366,65.714982,64.656644,88.128712,194.643765,654.654944,22.898963,0.309397,9.678304,9.114113,3494.462831,cooling_system_fault,1,1,100,1800,8.162399,-0.397192,0.278472,5.643252,0.547637,-0.267104,0.001688,-0.020154,0.921546,196.135
774,cruise,4220.04604,70.267285,64.808589,88.068048,195.895986,654.25869,22.987365,0.315356,9.683927,8.516905,3136.581651,cooling_system_fault,1,1,100,1800,-0.443287,-0.260583,-0.311285,5.353335,1.824568,-0.037697,-0.010654,-0.055214,0.921313,196.13
775,cruise,4171.885071,66.659952,65.260423,87.992932,196.037998,653.740301,22.776681,0.31329,9.75739,9.518641,3563.268925,cooling_system_fault,1,1,100,1800,0.739432,0.197611,0.037052,5.372443,-0.102552,0.126986,0.000197,0.03937,0.921079,196.125
776,cruise,4212.663269,66.67249,64.503034,89.256315,195.680265,653.719905,23.217639,0.312898,9.854977,8.033482,3590.716163,cooling_system_fault,1,1,100,1800,0.879399,-0.094617,0.221274,5.684274,0.175013,-0.109782,-0.00169,0.025966,0.920845,196.12
777,cruise,4234.122993,67.555497,64.950451,88.805782,194.142541,654.532806,22.987469,0.317828,9.713813,9.882778,3381.6252,cooling_system_fault,1,1,100,1800,1.127049,0.192677,-0.579602,5.616275,-0.51837,-0.180045,-0.004875,-0.108261,0.920611,196.115
778,cruise,4200.774006,66.358928,65.379166,88.233779,194.497602,651.682625,22.907498,0.304402,9.787141,8.412828,3352.260463,cooling_system_fault,1,1,100,1800,-2.506765,0.253405,0.509589,7.062429,-3.018915,-0.076703,0.004216,0.098131,0.920376,196.11
779,cruise,4217.21825,67.884794,65.02189,87.077708,194.852389,650.721241,22.996496,0.32189,9.965904,7.264782,3575.793238,cooling_system_fault,1,1,100,1800,-1.816885,0.690084,0.170141,6.292211,1.918076,-0.116523,-0.002526,0.038096,0.920141,196.105
780,cruise,4195.866536,65.592154,64.633973,88.650811,194.390048,659.115598,22.940225,0.307432,9.892556,9.523623,3490.534079,cooling_system_fault,1,1,100,1800,0.438985,-0.016711,-0.155314,7.279991,3.070526,0.094392,0.005612,0.049688,0.919906,196.1
781,cruise,4202.178594,68.419773,65.349786,88.130527,195.016926,649.893998,23.093031,0.312016,9.610584,6.958366,3472.069922,cooling_system_fault,1,1,100,1800,-0.821414,0.721423,0.148253,4.954355,0.515574,0.13709,-0.004629,0.023403,0.91967,196.095
782,cruise,4228.916886,66.159806,63.654529,88.760739,195.913429,655.566398,23.328748,0.309208,9.712366,7.822624,3529.730526,cooling_system_fault,1,1,100,1800,-0.322621,-0.078286,-0.222976,6.906019,-1.818218,-0.007764,-0.007045,0.088378,0.919434,196.09
783,cruise,4191.998154,67.360701,64.352536,88.387826,194.6839,656.714016,23.013251,0.312821,9.833159,9.41817,3667.413698,cooling_system_fault,1,1,100,1800,-1.035019,-0.282026,-0.12303,6.416139,1.979084,0.126923,-0.00555,-0.019315,0.919198,196.085
784,cruise,4187.745629,67.523427,64.423223,88.093045,194.777551,653.608833,23.266302,0.311927,9.512176,9.111012,3306.774188,cooling_system_fault,1,1,100,1800,-1.083207,-0.267728,-0.113978,5.437866,0.873268,0.002891,-0.009071,0.081282,0.918961,196.08
785,cruise,4191.900169,66.454023,64.484489,89.532154,196.045433,653.670803,23.039525,0.316485,9.867704,6.843316,3525.153388,cooling_system_fault,1,1,100,1800,-4.400557,-0.567663,-0.798268,6.426527,1.891191,0.054737,0.001561,0.130537,0.918724,196.075
786,cruise,4216.924069,68.149093,63.211519,87.780378,195.146457,654.178313,22.968599,0.316039,9.745971,7.979207,3465.300608,cooling_system_fault,1,1,100,1800,-4.337321,-0.13914,0.556152,5.582304,1.644259,0.353047,-0.001569,0.03407,0.918486,196.07
787,cruise,4223.385553,67.277369,64.105579,87.031052,193.630493,655.116334,23.223158,0.312024,9.719333,8.364979,3644.61569,cooling_system_fault,1,1,100,1800,2.622418,0.44805,0.60359,6.288701,-0.103018,0.064988,-0.010122,-0.055496,0.918248,196.065
788,cruise,4214.342774,66.692705,65.20336,87.893932,196.88966,652.24449,22.908489,0.310869,9.799476,6.623769,3490.634497,cooling_system_fault,1,1,100,1800,-2.066508,0.750377,0.819905,5.526095,0.921373,-0.309381,-0.000787,0.041666,0.91801,196.06
789,cruise,4177.136655,65.821044,64.35115,87.972469,194.942867,656.239117,22.758525,0.315299,9.649228,7.316724,3608.194121,cooling_system_fault,1,1,100,1800,0.508748,-0.355681,0.403556,7.203693,-0.675679,0.072173,0.001283,-0.041999,0.917772,196.055
790,cruise,4215.346501,65.611995,63.573413,87.495925,195.428221,656.269099,23.159884,0.319774,9.487772,9.706199,3479.873919,cooling_system_fault,1,1,100,1800,7.159944,0.473494,-0.13499,7.711765,-0.825785,0.047978,-0.005016,0.05219,0.917533,196.05
791,cruise,4200.201705,66.229823,64.977248,89.12077,195.469726,653.051648,22.772783,0.304738,9.883912,7.866744,3377.885458,cooling_system_fault,1,1,100,1800,1.195185,-0.2282,0.001964,6.974101,-0.169533,-0.087672,0.000153,-0.048009,0.917294,196.045
792,cruise,4195.904984,66.561761,64.502423,88.449351,194.20244,653.52006,22.962868,0.319452,9.599269,8.360191,3368.915864,cooling_system_fault,1,1,100,1800,-1.443503,-0.529407,0.531335,6.063265,-1.736448,-0.086235,0.002923,-0.020851,0.917054,196.04
793,cruise,4216.615526,68.094152,63.59404,88.082995,196.251658,652.738381,22.721225,0.31862,9.743077,8.685848,3373.183389,cooling_system_fault,1,1,100,1800,0.220521,0.466349,0.657009,6.556629,0.179235,0.117107,-0.003072,0.047505,0.916814,196.035
794,cruise,4214.284097,64.21769,64.929882,87.623862,195.229044,656.320794,23.0118,0.306787,9.748182,8.137812,3470.189591,cooling_system_fault,1,1,100,1800,3.271565,0.406272,0.095892,6.118971,-3.766423,0.109352,0.005732,-0.056721,0.916574,196.03
795,cruise,4218.285153,68.10794,64.648461,87.41921,193.947916,654.308674,22.823582,0.311809,9.626482,7.205922,3387.518327,cooling_system_fault,1,1,100,1800,0.03177,0.27778,0.070494,6.536168,0.727568,0.169064,-0.005073,0.053001,0.916333,196.025
796,cruise,4205.122882,66.721117,64.555328,87.735804,195.559923,657.351549,23.126763,0.309476,9.612204,8.508905,3409.045634,cooling_system_fault,1,1,100,1800,3.337636,0.46153,0.100601,6.027392,-4.00668,0.064183,-0.001394,0.097262,0.916092,196.02
797,cruise,4214.792052,65.281396,63.980914,87.668896,194.613922,655.484069,22.890494,0.309607,9.676606,10.723106,3424.929576,cooling_system_fault,1,1,100,1800,3.186852,-0.220545,1.019983,5.039767,0.106503,-0.096337,-0.004237,0.061449,0.915851,196.015
798,cruise,4211.196852,66.802559,64.980182,88.38425,196.42708,650.600912,22.79315,0.303427,9.681979,7.62476,3484.918652,cooling_system_fault,1,1,100,1800,-0.337798,-0.522324,-0.279747,5.755726,1.661799,-0.007314,-0.003862,-0.032213,0.915609,196.01
799,cruise,4201.703704,67.305412,64.240924,88.028108,195.276173,649.011253,22.894503,0.319123,9.675987,7.41822,3373.291986,cooling_system_fault,1,1,100,1800,4.126973,-0.162276,-0.333845,5.888074,-0.116595,0.104054,0.000843,-0.093798,0.915367,196.005
800,cruise,4208.942093,67.908116,64.707316,88.463208,194.985277,654.154257,22.700862,0.309207,9.998415,8.252784,3520.495759,cooling_system_fault,1,1,100,1800,-5.724893,-0.605124,0.027794,7.760363,-0.031801,0.148287,-0.002631,-0.130674,0.915125,196.0
801,cruise,4228.296176,67.682481,65.08974,88.817851,196.640572,657.898493,23.021361,0.317787,9.621045,7.975543,3481.655383,cooling_system_fault,1,1,100,1800,-2.912968,0.024238,0.172966,7.070131,-1.350286,0.130481,0.003121,0.030883,0.914882,195.995
802,cruise,4168.170954,65.114407,64.41883,88.317436,196.911168,652.134415,22.711706,0.32136,9.630953,9.294375,3500.152564,cooling_system_fault,1,1,100,1800,1.767474,0.169539,0.057163,6.415891,1.223135,-0.031291,-0.00417,-0.028773,0.914639,195.99
803,cruise,4213.868946,66.728329,64.998358,88.513494,193.719063,654.251963,22.894071,0.318566,9.77918,8.804394,3448.131647,cooling_system_fault,1,1,100,1800,1.361301,-0.148079,-0.543287,7.103621,-1.082081,-0.023957,-0.002699,0.039375,0.914396,195.985
804,cruise,4229.370698,67.097545,64.687507,88.936666,194.946482,650.279547,23.063678,0.309289,9.770282,6.602991,3564.282093,cooling_system_fault,1,1,100,1800,3.191245,-0.621254,-0.094383,6.653972,-0.423783,0.032303,-0.001307,0.012416,0.914152,195.98
805,cruise,4199.628827,67.810156,64.416722,88.348223,195.721265,657.847258,23.006359,0.305444,9.70041,7.182818,3528.314663,cooling_system_fault,1,1,100,1800,0.455163,0.094938,-0.412057,5.989607,-1.627221,-0.092154,0.006606,0.056706,0.913908,195.975
806,cruise,4195.889915,66.438739,64.131881,88.974041,195.975328,648.80619,22.832764,0.307473,9.731749,8.782882,3424.895313,cooling_system_fault,1,1,100,1800,-2.656553,-0.444558,0.720954,5.613334,0.860039,-0.007619,0.007267,0.044854,0.913664,195.97
807,cruise,4223.74135,68.523989,64.35101,88.463683,194.711828,652.188827,22.862894,0.315424,9.403983,9.751543,3663.670301,cooling_system_fault,1,1,100,1800,2.043049,-0.19814,1.000295,5.257775,-0.2091,-0.194582,-0.000175,0.008835,0.913419,195.965
808,cruise,4224.73573,68.427652,64.665168,88.194018,196.495587,654.549843,23.265778,0.320187,9.429796,9.732221,3454.491234,cooling_system_fault,1,1,100,1800,3.581846,-0.094163,0.081409,7.314521,-0.551621,-0.060826,0.004789,-0.023993,0.913174,195.96
809,cruise,4189.028111,67.643592,64.097424,87.357753,195.303804,653.943137,23.122641,0.31136,9.759004,8.018525,3323.307703,cooling_system_fault,1,1,100,1800,-0.167864,0.063633,-0.434284,7.330472,0.273295,0.052056,-0.004749,0.090401,0.912929,195.955
810,cruise,4206.974526,68.184841,64.671977,87.154741,194.463286,654.689971,23.171436,0.312577,9.846722,8.823279,3396.679016,cooling_system_fault,1,1,100,1800,-6.832118,-0.015051,0.426266,6.752155,-1.526013,0.298364,-0.003384,0.135383,0.912683,195.95
811,cruise,4205.351409,65.03941,64.422828,89.650852,194.67289,652.881739,23.018035,0.326587,9.805849,8.416395,3335.713781,cooling_system_fault,1,1,100,1800,-1.87155,0.254092,0.454368,6.422747,0.820075,-0.10109,-0.002739,-0.05033,0.912437,195.945
812,cruise,4216.281493,65.427187,64.935508,87.588245,196.315842,651.701922,22.869145,0.320043,9.967572,8.554884,3460.892644,cooling_system_fault,1,1,100,1800,-3.220984,-0.471128,0.4523,6.389872,0.15113,-0.156278,-0.008021,0.040048,0.91219,195.94
813,cruise,4208.695011,67.645376,63.175611,88.264845,197.135813,656.639935,23.08661,0.311183,9.482107,7.508415,3345.827333,cooling_system_fault,1,1,100,1800,-3.617267,-0.037305,0.388311,6.034998,0.047256,-0.057175,-0.005735,0.032719,0.911943,195.935
814,cruise,4175.880683,67.260058,63.644858,88.309169,193.961193,653.89472,22.987397,0.314799,9.640232,9.220715,3503.067363,cooling_system_fault,1,1,100,1800,1.82178,0.369293,-0.547399,6.323655,-2.643084,0.116858,0.005546,-0.072667,0.911696,195.93
815,cruise,4212.619781,67.127326,65.320093,87.679523,193.001006,652.82128,23.032112,0.313358,9.795379,8.201788,3529.860235,cooling_system_fault,1,1,100,1800,2.908413,-0.241328,0.507573,7.232975,-1.233882,0.27669,0.004146,0.034691,0.911449,195.925
816,cruise,4202.969313,68.561435,64.55921,87.898712,195.148363,654.450156,22.778333,0.31732,9.684838,8.638177,3399.319188,cooling_system_fault,1,1,100,1800,5.502773,-0.758591,-0.33836,6.19398,-0.386417,0.236745,0.007778,-0.061602,0.911201,195.92
817,cruise,4188.105119,67.920298,64.092501,87.921714,196.206753,654.297957,23.354286,0.31262,9.739765,6.987193,3336.313176,cooling_system_fault,1,1,100,1800,-0.277428,-0.291426,0.76215,7.397024,-0.23112,0.029644,-0.003487,-0.061253,0.910953,195.915
818,cruise,4204.212529,65.795005,64.11952,88.138294,197.293635,650.292165,22.853866,0.309839,9.474365,6.915955,3505.984826,cooling_system_fault,1,1,100,1800,-1.732973,0.586716,0.790864,7.861293,0.643633,0.208466,-0.002476,0.101163,0.910704,195.91
819,cruise,4221.683753,66.731227,63.680322,88.390399,196.220464,655.254846,22.899895,0.300025,9.781069,8.356101,3472.433375,cooling_system_fault,1,1,100,1800,2.354887,-0.227009,-0.026949,7.267068,-1.833066,-0.050463,0.004233,-0.073017,0.910455,195.905
820,cruise,4226.65563,66.135632,64.121793,88.35635,193.587401,654.680336,22.90537,0.302327,9.937262,7.719616,3565.700247,cooling_system_fault,1,1,100,1800,-5.858579,-0.297146,0.323127,4.483368,-0.231883,-0.054271,0.0033,-0.050689,0.910206,195.9
821,cruise,4198.61582,67.7216,64.452804,87.510469,195.841938,651.816997,23.172615,0.311378,9.757276,7.704441,3408.556842,cooling_system_fault,1,1,100,1800,-2.313908,0.217116,-0.507909,5.849096,-1.316136,-0.06089,0.003169,-0.122609,0.909956,195.895
822,cruise,4204.34999,66.695108,64.198333,88.494536,195.499269,652.61704,22.820601,0.318678,9.92196,8.606973,3506.879849,cooling_system_fault,1,1,100,1800,-3.210953,-0.138031,0.423348,6.745141,-2.805222,0.087399,-0.002842,-0.035053,0.909706,195.89
823,cruise,4237.997781,66.237869,65.045123,88.515706,195.584865,653.403676,22.947934,0.317494,9.721105,8.904239,3433.228791,cooling_system_fault,1,1,100,1800,-2.028325,0.166951,-0.186533,7.946321,-1.364783,0.04993,0.002949,-0.22908,0.909456,195.885
824,cruise,4227.911306,67.093229,64.734344,88.302584,195.401929,651.782984,23.041197,0.306806,9.628557,7.911527,3432.387613,cooling_system_fault,1,1,100,1800,-0.266315,0.004069,0.674602,6.367967,-1.237247,0.172276,-0.000347,-0.129074,0.909205,195.88
825,cruise,4193.807669,67.307534,64.100749,87.65291,194.876227,653.981992,22.756501,0.30738,9.71757,9.951064,3400.093563,cooling_system_fault,1,1,100,1800,-3.697958,0.71705,-0.554223,5.867289,-1.823482,-0.0409,-0.00083,0.08058,0.908954,195.875
826,cruise,4198.902406,67.007859,65.081306,88.008795,194.024555,656.516476,22.944682,0.317345,9.770723,7.336074,3408.685621,cooling_system_fault,1,1,100,1800,2.730627,-0.322023,-0.530438,6.530963,-0.192933,0.147426,0.00402,-0.131455,0.908703,195.87
827,cruise,4228.704353,66.236891,64.537476,87.430815,196.293569,654.897389,23.222705,0.306144,9.882287,8.215844,3333.310328,cooling_system_fault,1,1,100,1800,4.16292,0.123551,0.550737,6.033141,-0.819204,-0.073826,0.00529,-0.025478,0.908451,195.865
828,cruise,4203.120592,67.125321,64.343623,87.866451,194.509771,653.076011,23.174969,0.31233,9.756124,7.817008,3408.041915,cooling_system_fault,1,1,100,1800,-1.386067,-0.083651,0.344248,6.846714,-2.005889,0.010923,0.001576,-0.022134,0.908199,195.86
829,cruise,4188.581197,65.049045,65.216239,87.537399,195.225789,649.465844,22.940951,0.314028,9.701344,7.634801,3495.638682,cooling_system_fault,1,1,100,1800,-6.726681,0.31407,0.732617,6.322876,-2.29559,-0.023242,0.005919,0.010626,0.907947,195.855
830,cruise,4205.179958,67.585851,64.145128,88.335688,195.621392,655.577566,22.888324,0.310526,9.895415,10.266749,3520.87346,cooling_system_fault,1,1,100,1800,1.158037,-0.00679,-0.273897,5.509478,-1.225507,0.107338,0.001775,-0.014627,0.907694,195.85
831,cruise,4174.670764,66.076786,63.393087,87.350673,195.623122,654.545623,22.72297,0.31143,9.727123,8.023034,3442.102181,cooling_system_fault,1,1,100,1800,1.576574,0.194431,-0.582697,6.260407,-0.235803,-0.027095,-0.002968,-0.092521,0.907441,195.845
832,cruise,4184.02344,66.3442,64.397717,88.043152,195.785423,656.01,22.853419,0.306946,9.782652,9.310796,3449.826534,cooling_system_fault,1,1,100,1800,-1.130202,0.626395,1.481994,5.719999,1.140188,-0.05006,-0.002809,0.075551,0.907188,195.84
833,cruise,4210.224568,66.43257,65.008035,88.170016,196.233294,654.694307,23.062615,0.319864,9.860704,9.064213,3438.104349,cooling_system_fault,1,1,100,1800,-0.14681,0.833593,0.691166,7.053272,-0.717103,-0.03441,0.004101,0.004903,0.906934,195.835
834,cruise,4211.554789,66.596541,64.376374,88.418479,197.04938,656.208268,23.066898,0.314275,9.7564,6.028499,3503.03235,cooling_system_fault,1,1,100,1800,0.752388,-0.290977,-0.033458,6.775036,-1.281809,-0.022807,0.009793,-0.051095,0.90668,195.83
835,cruise,4214.024752,66.489028,64.529763,87.477057,194.514949,650.660919,23.108612,0.319094,9.820396,8.629898,3614.651844,cooling_system_fault,1,1,100,1800,1.542216,0.217753,0.223459,6.91564,-0.729144,-0.141097,-0.000647,-0.018938,0.906425,195.825
836,cruise,4203.654133,67.233597,64.483839,88.059622,195.363398,652.638641,22.858284,0.309555,9.842937,9.191049,3471.215421,cooling_system_fault,1,1,100,1800,-1.215707,-0.01413,0.272655,7.077222,0.754984,0.249277,0.009855,0.102176,0.906171,195.82
837,cruise,4187.697991,67.600394,65.564938,88.155906,196.9526,651.205045,23.180809,0.318064,10.028573,9.168101,3435.61446,cooling_system_fault,1,1,100,1800,-1.822682,0.27658,-0.194594,6.854733,-1.064047,-0.035321,0.002166,-0.150558,0.905915,195.815
838,cruise,4192.980751,66.499911,64.377865,88.526977,195.550468,660.133842,23.027975,0.31689,9.950708,7.390365,3449.526891,cooling_system_fault,1,1,100,1800,-3.09121,-0.00661,0.314123,6.186747,-0.120285,-0.082866,-0.001634,0.081374,0.90566,195.81
839,cruise,4175.949033,65.822982,65.004647,87.960529,195.737926,653.579819,23.020025,0.31836,9.845628,10.123737,3378.7143,cooling_system_fault,1,1,100,1800,-1.276003,-0.440182,0.00616,8.42524,-0.203675,-0.184763,-0.000893,0.070869,0.905404,195.805
840,cruise,4198.580313,66.868307,64.365303,88.828711,196.225167,653.936835,22.82872,0.309797,9.597486,8.46689,3560.33994,cooling_system_fault,1,1,100,1800,-3.333724,-0.637709,0.205829,6.719127,-2.0212,0.125752,-0.001469,0.078636,0.905148,195.8
841,cruise,4201.529829,68.58136,64.885342,88.430529,196.813217,651.359342,22.994498,0.309731,9.62137,8.242334,3381.822003,cooling_system_fault,1,1,100,1800,1.195355,0.53724,1.214604,7.550395,0.825062,0.111069,0.003253,0.155688,0.904891,195.795
842,cruise,4189.578731,67.875967,64.356042,86.848151,195.617392,649.237967,22.791946,0.316464,9.641699,8.688864,3522.419164,cooling_system_fault,1,1,100,1800,-3.21795,-0.071596,-0.07676,8.5526,-2.207155,-0.174473,0.000471,-0.0278,0.904635,195.79
843,cruise,4228.615546,65.730816,64.220855,88.202273,195.477594,652.462735,22.673793,0.312821,9.745551,7.54781,3562.81506,cooling_system_fault,1,1,100,1800,2.775993,0.487346,0.563951,7.232761,0.56906,-0.092558,0.004806,-0.050745,0.904377,195.785
844,cruise,4230.378573,65.107864,64.449589,88.021122,194.268236,651.249138,22.874755,0.314073,9.63222,8.049581,3306.894578,cooling_system_fault,1,1,100,1800,2.185789,0.59109,0.30149,8.836702,1.848412,-0.204699,-0.007962,0.031865,0.90412,195.78
845,cruise,4192.529566,66.640545,63.722931,88.246728,194.681054,655.608895,22.869042,0.310849,9.804949,8.7425,3533.139612,cooling_system_fault,1,1,100,1800,-0.264682,-0.304947,0.115964,6.167717,0.388156,-0.240024,-0.001037,0.142333,0.903862,195.775
846,cruise,4170.275128,67.926793,65.165256,87.116067,195.763306,654.819568,22.974256,0.309798,9.660027,10.20182,3621.374706,cooling_system_fault,1,1,100,1800,-0.483426,-0.304488,-0.075069,6.594043,3.584391,-0.05221,0.002301,-0.053624,0.903604,195.77
847,cruise,4190.768113,66.801767,65.089834,88.459468,197.533215,658.612307,23.275614,0.307729,9.940084,7.866897,3373.712265,cooling_system_fault,1,1,100,1800,1.355379,-0.404956,-0.87838,6.54154,2.435735,-0.068301,-0.002638,0.026437,0.903345,195.765
848,cruise,4172.7872,67.03121,65.238718,89.3088,197.331728,652.605977,23.129481,0.321541,9.442705,10.223006,3469.940004,cooling_system_fault,1,1,100,1800,2.69009,-0.478691,0.279429,8.556298,-0.126648,0.130228,0.002759,-0.107438,0.903086,195.76
849,cruise,4201.406552,66.098247,64.992165,87.936065,197.353089,655.325827,22.965488,0.319007,9.825377,7.432575,3615.883861,cooling_system_fault,1,1,100,1800,-0.680756,0.401983,0.322544,5.954341,-1.846351,0.263186,-0.004165,0.040646,0.902827,195.755
850,cruise,4176.23985,67.960438,64.743057,88.761338,196.675342,649.873155,22.836648,0.314293,9.723054,9.371995,3540.552474,cooling_system_fault,1,1,100,1800,0.054374,-0.317625,1.264969,6.173273,-1.854471,-0.029999,0.000773,-0.038,0.902567,195.75
851,cruise,4188.939013,67.215985,64.876416,88.229782,198.337488,660.025236,22.866874,0.319342,9.894799,7.910691,3448.512894,cooling_system_fault,1,1,100,1800,-1.231379,0.373026,-0.329165,6.795904,-4.068146,0.156939,0.000528,0.137917,0.902307,195.745
852,cruise,4219.029129,67.173441,64.025542,88.043446,196.787422,654.215339,23.153217,0.321743,9.789704,8.541649,3458.811816,cooling_system_fault,1,1,100,1800,-0.258402,-0.055948,0.542574,6.46828,-3.130606,-0.17163,0.000831,0.122626,0.902047,195.74
853,cruise,4215.013161,67.629009,64.631576,88.366762,195.901029,651.540977,23.131763,0.318153,9.875908,7.954202,3349.184626,cooling_system_fault,1,1,100,1800,0.505322,-0.16706,-0.185706,7.957959,-0.78587,-0.026483,0.003722,-0.16555,0.901786,195.735
854,cruise,4182.133702,66.832464,65.366709,88.136617,196.896501,654.162705,23.270367,0.307852,9.683808,8.595681,3410.269802,cooling_system_fault,1,1,100,1800,-0.281517,0.031238,-0.135724,8.976841,-0.79938,0.02442,-0.005383,0.052955,0.901525,195.73
855,cruise,4221.43674,68.872188,64.489792,88.822917,196.958727,658.860479,23.069993,0.315608,9.616137,7.58471,3437.941436,cooling_system_fault,1,1,100,1800,-3.239651,-0.448044,0.177021,9.00159,-1.255084,-0.143953,-0.00052,-0.011908,0.901264,195.725
856,cruise,4186.270653,66.637875,64.745639,87.173442,195.380152,658.871261,23.093028,0.316371,9.922351,9.784523,3544.602243,cooling_system_fault,1,1,100,1800,-1.927639,-0.26703,-0.157963,8.209954,1.100505,0.076721,0.003765,-0.022579,0.901002,195.72
857,cruise,4242.837221,65.892906,64.39541,88.096945,197.107322,652.811335,23.258657,0.314855,9.589949,9.629241,3464.345801,cooling_system_fault,1,1,100,1800,3.303674,0.351508,0.551288,7.991028,1.636974,-0.191012,-0.006017,0.132321,0.90074,195.715
858,cruise,4221.436549,68.541447,64.861223,86.993039,197.388809,653.690027,22.922234,0.315837,9.534103,7.893411,3470.843859,cooling_system_fault,1,1,100,1800,5.335489,0.337618,0.254365,7.259175,-2.790844,0.045063,0.004171,0.154229,0.900477,195.71
859,cruise,4190.678738,66.467406,64.388757,88.411315,196.829033,654.892784,23.064674,0.315717,9.753201,8.383211,3441.389198,cooling_system_fault,1,1,100,1800,3.077943,1.158157,-0.638737,8.079917,-1.007048,-0.377308,-0.004842,-0.179319,0.900215,195.705
860,cruise,4192.642432,65.208847,64.213557,88.379567,197.107613,656.740775,23.414241,0.318223,9.79795,8.98886,3543.424974,cooling_system_fault,1,1,100,1800,-1.910822,-0.195158,-0.573696,7.943352,-0.807155,-0.097774,-0.005019,0.00236,0.899952,195.7
861,cruise,4228.007046,65.685946,64.580891,88.329161,195.683075,653.564084,22.912913,0.316623,9.813851,7.689291,3349.596607,cooling_system_fault,1,1,100,1800,1.182684,-0.457065,0.758352,6.781393,2.895762,-0.142876,-0.007836,0.008932,0.899688,195.695
862,cruise,4218.099907,66.80986,64.929795,88.101706,197.351958,656.36487,23.126549,0.313085,9.892889,8.259715,3427.154917,cooling_system_fault,1,1,100,1800,0.433211,-0.606248,-0.623058,6.793423,-1.424237,0.207144,-0.000134,-0.111049,0.899424,195.69
863,cruise,4214.306268,66.57653,64.607109,87.666587,197.738604,656.050471,22.792349,0.312124,10.063727,10.109513,3685.199415,cooling_system_fault,1,1,100,1800,-0.349694,0.2291,0.504858,5.913606,-1.820669,0.267022,0.009706,-0.060181,0.89916,195.685
864,cruise,4233.442693,66.199281,64.141132,88.819573,196.506502,652.422864,22.861841,0.325822,9.719908,8.317278,3506.118136,cooling_system_fault,1,1,100,1800,-2.476553,-0.562139,-0.309425,8.97231,-2.351331,0.349671,-0.007744,-0.008269,0.898896,195.68
865,cruise,4205.583276,66.882289,64.280187,88.254945,195.978141,654.052434,23.003103,0.315378,9.768524,6.810657,3415.692683,cooling_system_fault,1,1,100,1800,-1.689587,-0.544513,-0.045441,7.865672,-2.109734,0.1014,0.004254,0.166406,0.898631,195.675
866,cruise,4161.954342,66.333402,64.436808,87.882093,195.318031,652.382181,22.917765,0.31936,9.820104,7.491612,3320.20006,cooling_system_fault,1,1,100,1800,-1.136867,-0.231848,0.581709,7.929057,-1.93296,-0.258942,-0.001364,-0.102414,0.898366,195.67
867,cruise,4176.495623,66.602096,64.986381,87.612134,195.577177,651.989494,22.907464,0.310573,9.92122,7.755302,3459.024017,cooling_system_fault,1,1,100,1800,6.0149,1.120482,0.43755,7.178089,-0.674135,0.05168,0.000858,0.039537,0.8981,195.665
868,cruise,4215.903289,65.0642,63.889757,88.317137,195.752643,654.208588,22.963432,0.311602,9.530223,7.926176,3571.431881,cooling_system_fault,1,1,100,1800,6.387955,0.151844,0.124535,8.429742,0.88993,0.017524,0.010178,0.170042,0.897834,195.66
869,cruise,4164.638633,64.830525,64.205845,87.490476,196.303859,656.789214,23.219959,0.316301,9.888368,8.698507,3590.584777,cooling_system_fault,1,1,100,1800,1.956082,-0.229834,-0.193374,5.313168,0.720044,-0.069184,-0.004375,-0.070631,0.897568,195.655
870,cruise,4230.361141,67.083944,64.41927,88.055231,195.733423,656.048327,23.136534,0.310557,9.866483,7.459973,3481.693204,cooling_system_fault,1,1,100,1800,-2.720936,-0.043986,0.3273,7.491508,0.446626,-0.230934,0.002058,0.045482,0.897301,195.65
871,cruise,4161.508915,65.818878,64.645637,88.357399,197.044899,651.946403,22.983812,0.312757,9.761,8.138806,3437.893595,cooling_system_fault,1,1,100,1800,1.57416,0.507369,0.182638,7.538102,1.676897,-0.27174,-0.003725,-0.002067,0.897034,195.645
872,cruise,4187.153298,67.00331,64.376598,88.502209,196.66,656.864943,23.121062,0.31346,9.851066,8.565685,3383.593457,cooling_system_fault,1,1,100,1800,-0.367077,-0.726203,-0.419533,7.445755,1.342235,-0.064085,0.008332,0.0256,0.896767,195.64
873,cruise,4230.473223,67.25997,63.876897,87.22108,197.751078,655.091396,23.125714,0.31426,9.557175,8.995653,3518.88001,cooling_system_fault,1,1,100,1800,-1.451344,0.251382,0.502019,7.690881,2.336833,-0.049909,-0.001772,-0.077043,0.8965,195.635
874,cruise,4234.409334,67.157066,65.370828,88.674711,196.615224,654.809293,22.922036,0.321664,9.89349,8.960443,3660.587169,cooling_system_fault,1,1,100,1800,0.649074,-0.228728,0.19963,8.66698,-0.900599,-0.120072,-0.002637,0.052956,0.896232,195.63
875,cruise,4221.831833,65.288824,64.777406,89.170917,197.605017,660.574689,22.889346,0.316545,9.942049,9.013673,3607.494447,cooling_system_fault,1,1,100,1800,3.835998,0.020494,0.226266,8.004355,-1.184317,0.120252,0.007188,0.081285,0.895963,195.625
876,cruise,4219.612874,67.132998,64.849973,87.823943,195.533028,656.468101,22.57844,0.315704,9.758301,8.095483,3475.245839,cooling_system_fault,1,1,100,1800,-0.072652,0.002078,0.359662,7.230992,-0.070824,0.058939,0.006979,0.083,0.895695,195.62
877,cruise,4187.090472,66.707775,63.985991,88.967677,195.302894,655.029586,22.78536,0.309507,9.893704,9.198896,3478.4876,cooling_system_fault,1,1,100,1800,-6.263122,0.430052,-0.327849,7.950488,0.998468,0.004885,-0.00375,0.047309,0.895426,195.615
878,cruise,4233.223106,66.772173,64.94374,87.934172,194.890954,655.942559,22.776899,0.310906,9.893652,7.918268,3550.944802,cooling_system_fault,1,1,100,1800,4.256429,-0.381822,0.926975,7.059733,-0.136946,0.051049,0.00257,-0.01154,0.895156,195.61
879,cruise,4212.830267,68.173986,65.089037,88.49253,197.637189,657.944993,22.685126,0.316782,9.578737,8.294536,3532.436106,cooling_system_fault,1,1,100,1800,1.104979,0.495932,-0.422513,8.518458,-1.335454,0.045686,-0.006001,0.004401,0.894887,195.605
880,cruise,4199.074422,65.094087,64.792237,88.15214,199.284035,656.673106,22.695075,0.322486,9.77659,9.893863,3408.285767,cooling_system_fault,1,1,100,1800,-0.827726,-0.02649,-0.140591,8.4954,0.487137,-0.089685,-0.006871,0.086652,0.894617,195.6
881,cruise,4213.3498,66.898278,64.54643,87.265016,196.251398,653.600748,22.776477,0.301854,9.541131,7.86934,3602.381362,cooling_system_fault,1,1,100,1800,-1.5992,-0.124205,0.371228,7.857334,1.743504,0.194295,0.002157,0.0556,0.894346,195.595
882,cruise,4196.685575,67.987196,64.170817,88.279284,197.449127,656.169645,22.70722,0.312839,9.52545,9.186977,3447.47316,cooling_system_fault,1,1,100,1800,-6.856279,0.404219,0.527096,7.739085,-1.586685,0.063821,0.003388,-0.062682,0.894075,195.59
883,cruise,4220.895826,66.770246,64.758229,87.063705,195.654424,656.559226,23.169769,0.323326,9.737209,7.164767,3528.228858,cooling_system_fault,1,1,100,1800,-1.900911,0.515722,-0.979955,7.327562,-2.387925,-0.120846,-0.003526,-0.065851,0.893804,195.585
884,cruise,4199.959956,66.93428,64.817351,87.687359,196.818511,655.346007,23.161506,0.316348,9.49079,9.845957,3241.072296,cooling_system_fault,1,1,100,1800,-1.107648,-0.066436,0.504464,8.314624,-0.648896,-0.17581,-0.002877,-0.039523,0.893533,195.58
885,cruise,4212.615911,68.240224,65.304842,88.221424,196.313652,655.424124,23.166365,0.317728,9.734712,8.455779,3556.264563,cooling_system_fault,1,1,100,1800,1.189756,-0.345403,0.146939,8.832573,-0.612173,0.084787,-0.003869,-0.015503,0.893261,195.575
886,cruise,4180.097459,67.139995,64.516995,88.41281,195.865407,655.076227,23.108557,0.313792,9.939432,8.474578,3396.602589,cooling_system_fault,1,1,100,1800,-0.469059,0.441477,-0.560979,8.212877,0.705858,0.086757,-0.000982,0.104744,0.892989,195.57
887,cruise,4203.234421,68.055915,65.01543,87.955563,198.189648,649.08954,22.750593,0.318227,9.657357,7.873109,3564.637033,cooling_system_fault,1,1,100,1800,3.755271,0.277972,0.312833,8.771569,-1.89108,-0.065154,-0.005338,-0.085756,0.892717,195.565
888,cruise,4223.784319,65.696199,64.955763,88.235398,195.572236,656.980549,23.002136,0.308634,9.630541,8.478107,3597.999471,cooling_system_fault,1,1,100,1800,-2.160912,0.52121,0.113346,7.817953,3.000554,-0.273487,0.005165,0.097749,0.892444,195.56
889,cruise,4205.530187,67.350601,64.663377,88.37308,197.120256,651.920291,22.965115,0.32187,9.579678,9.116899,3494.846384,cooling_system_fault,1,1,100,1800,3.667984,0.036025,-0.260871,8.396433,1.420422,0.070191,0.002733,0.09133,0.892171,195.555
890,cruise,4162.56938,67.951924,63.958812,87.508344,198.438493,653.461155,22.628645,0.313707,9.674788,8.756176,3578.685976,cooling_system_fault,1,1,100,1800,-2.419183,0.368134,0.201961,9.016674,1.410014,-0.218755,-0.003091,0.035881,0.891897,195.55
891,cruise,4226.858863,66.34301,63.530176,88.300276,198.15286,654.380572,22.860525,0.319625,9.553211,7.587829,3588.410986,cooling_system_fault,1,1,100,1800,-2.310484,0.636382,-0.069105,7.73801,0.702752,0.140288,-0.001237,-0.076337,0.891623,195.545
892,cruise,4216.321853,67.649352,63.930661,88.705161,196.611932,649.54559,22.946842,0.31362,9.447348,9.322651,3519.693837,cooling_system_fault,1,1,100,1800,-0.12567,-0.527734,0.61677,7.52603,-1.421693,-0.017277,-0.004868,-0.051184,0.891349,195.54
893,cruise,4206.554611,66.645431,65.088161,87.2381,196.589144,651.127006,23.029213,0.316675,9.610481,9.169481,3445.434509,cooling_system_fault,1,1,100,1800,5.889417,0.273975,0.333686,9.381235,-0.182931,0.108498,0.00826,-0.031621,0.891074,195.535
894,cruise,4201.840157,67.549798,64.169345,87.622938,197.510512,649.634121,23.397964,0.317559,9.988654,6.342474,3652.008561,cooling_system_fault,1,1,100,1800,-1.55993,-0.806092,0.591077,7.279496,-0.257641,-0.104909,0.006606,0.033545,0.8908,195.53
895,cruise,4194.499748,69.05425,64.540383,88.345852,197.602302,655.807862,23.062037,0.312051,10.105233,8.733634,3475.729688,cooling_system_fault,1,1,100,1800,7.288378,-0.287126,0.090378,9.844797,-0.323916,-0.021103,-0.004835,0.053744,0.890524,195.525
896,cruise,4224.877135,67.813291,64.286175,87.532643,197.699178,651.090016,23.172489,0.308995,9.386259,8.628527,3579.906792,cooling_system_fault,1,1,100,1800,-0.079367,-1.03521,-0.38201,8.381134,2.430939,0.021492,-0.003499,0.042834,0.890249,195.52
897,cruise,4186.480497,66.770426,64.785494,88.144554,197.129327,653.165313,23.099129,0.311755,9.765113,6.83611,3530.063199,cooling_system_fault,1,1,100,1800,-2.925034,0.404603,0.123204,9.679418,-0.370882,0.029088,0.004979,-0.015896,0.889973,195.515
898,cruise,4203.652394,66.517819,65.095098,88.239156,198.308315,652.486438,23.186481,0.311202,9.641396,7.2409,3405.654361,cooling_system_fault,1,1,100,1800,-6.227356,0.396348,-0.517885,7.041034,-0.975767,0.098537,0.005928,-0.035199,0.889697,195.51
899,cruise,4206.777627,68.478607,64.564828,87.516254,194.80903,653.090077,22.793584,0.320272,9.77471,6.930196,3427.618713,cooling_system_fault,1,1,100,1800,-3.88825,0.461555,-0.773321,9.627054,0.766844,-0.116865,0.012726,-0.056817,0.88942,195.505
900,cruise,4203.802127,66.073796,64.45789,88.616724,198.206964,651.987211,23.052586,0.31031,9.760589,7.568774,3518.342297,cooling_system_fault,1,1,100,1800,-5.831577,0.370917,-0.271577,9.139061,0.146841,-0.113275,-0.003182,-0.026441,0.889143,195.5
901,cruise,4208.702622,65.507643,65.033983,87.736162,196.122134,655.402886,23.377401,0.314574,9.870796,9.15958,3401.466061,cooling_system_fault,1,1,100,1800,-5.497143,-0.314445,-0.001314,10.755968,-0.037624,-0.095757,-0.007611,0.076324,0.888866,195.495
902,cruise,4219.770989,67.266726,64.417448,87.209756,196.153442,655.374091,22.812444,0.315115,9.536078,8.306029,3503.807333,cooling_system_fault,1,1,100,1800,-0.973332,0.300176,-0.61648,7.468385,-0.66911,0.378873,0.012899,-0.01525,0.888588,195.49
903,cruise,4176.931508,66.521631,64.288016,88.918932,197.227561,650.179987,23.072126,0.317219,9.775732,8.813875,3298.768993,cooling_system_fault,1,1,100,1800,3.261828,0.240066,-0.188653,9.290336,0.561437,0.117449,0.006015,-0.056903,0.88831,195.485
904,cruise,4226.662401,68.134081,64.421829,87.915567,197.174459,654.439891,23.042157,0.309855,9.988849,8.676916,3479.110535,cooling_system_fault,1,1,100,1800,3.014322,-0.49838,-0.38081,9.427218,-0.183347,0.042401,0.00432,0.022798,0.888032,195.48
905,cruise,4208.388788,66.935742,64.962533,87.766656,196.030814,649.146219,23.113749,0.307883,9.447481,8.427218,3572.889644,cooling_system_fault,1,1,100,1800,0.201,0.035568,-0.618261,9.134294,0.83554,-0.098501,0.006878,-0.098814,0.887753,195.475
906,cruise,4200.657666,67.084523,64.47719,86.952276,197.851203,651.507365,22.798428,0.31002,9.747212,8.3369,3461.405172,cooling_system_fault,1,1,100,1800,-3.865185,-0.081788,-0.267445,10.037886,-0.544307,-0.457844,0.000492,0.126398,0.887474,195.47
907,cruise,4180.822571,68.437317,65.130629,88.113575,197.556267,652.937092,23.062086,0.315396,9.839521,8.408203,3604.777684,cooling_system_fault,1,1,100,1800,-2.476839,-0.42267,-0.610571,8.032107,0.206176,0.063764,0.001482,-0.103432,0.887194,195.465
908,cruise,4207.607825,67.985282,64.579498,88.297647,198.098241,654.802229,22.994481,0.30884,9.850461,10.134312,3461.412496,cooling_system_fault,1,1,100,1800,0.81215,0.435248,-0.411778,10.14892,-1.348363,0.282068,0.002875,0.11345,0.886915,195.46
909,cruise,4214.738637,66.379506,64.206838,87.508685,198.637321,655.700641,22.965588,0.316204,9.683788,7.335981,3424.020576,cooling_system_fault,1,1,100,1800,-0.882492,0.257507,-0.414993,7.80893,0.49803,-0.439933,0.00296,-0.035616,0.886635,195.455
910,cruise,4231.381693,64.430896,64.16004,88.852846,198.649888,655.814034,23.044502,0.316333,9.774138,8.030386,3432.531867,cooling_system_fault,1,1,100,1800,-1.546453,0.06016,-0.240941,8.411368,-4.052279,0.280255,-0.001409,0.054851,0.886354,195.45
911,cruise,4189.199387,67.034059,64.049293,87.821708,195.957863,658.946773,22.928744,0.308422,9.818903,8.037482,3404.821068,cooling_system_fault,1,1,100,1800,0.499049,0.140036,-0.132952,6.859553,-1.041078,-0.341991,-0.007949,-0.020456,0.886073,195.445
912,cruise,4218.561223,66.618509,63.771049,87.54537,197.210675,652.062005,23.023708,0.306277,9.59531,7.201982,3472.563738,cooling_system_fault,1,1,100,1800,-0.305575,0.054966,0.301098,7.608456,2.854144,-0.216081,0.000191,0.090781,0.885792,195.44
913,cruise,4202.333865,68.207267,65.44781,88.036109,197.422929,654.472314,22.966168,0.308962,9.839795,9.1982,3505.315591,cooling_system_fault,1,1,100,1800,4.419965,0.183765,-0.992487,10.360919,0.728428,0.211692,0.003884,-0.072153,0.885511,195.435
914,cruise,4199.800957,67.099216,65.038262,88.70885,197.156052,655.067246,22.882195,0.315684,9.763032,8.113853,3428.533491,cooling_system_fault,1,1,100,1800,-6.540713,-0.147645,1.014993,8.413477,1.338421,-0.102278,0.001468,-0.062227,0.885229,195.43
915,cruise,4220.547216,65.571552,65.485825,88.146643,198.690785,650.742902,22.734335,0.301389,9.574074,5.684735,3466.142679,cooling_system_fault,1,1,100,1800,2.273342,-0.338885,-0.799989,9.144658,0.113723,-0.231102,0.001628,-0.001291,0.884947,195.425
916,cruise,4195.293487,69.839954,63.740779,86.880166,195.029958,654.034316,22.715877,0.31639,9.899261,8.094716,3509.404691,cooling_system_fault,1,1,100,1800,-4.114522,-0.135314,-0.528444,9.245148,-1.294831,-0.155986,0.004712,-0.163124,0.884664,195.42
917,cruise,4212.601527,67.748649,64.917447,88.170568,197.873628,652.463964,23.283502,0.307613,9.972933,8.345356,3498.003613,cooling_system_fault,1,1,100,1800,-0.604246,-0.181711,1.311454,8.635407,-1.571354,0.030686,-0.003707,0.087298,0.884381,195.415
918,cruise,4218.624171,68.970615,63.720598,87.86647,198.386422,647.901488,23.065224,0.324063,9.468886,9.552636,3538.362991,cooling_system_fault,1,1,100,1800,-5.766226,0.271829,0.482895,9.467654,1.571582,-0.192574,0.007438,-0.020599,0.884098,195.41
919,cruise,4193.22739,68.126587,63.625492,88.367307,195.330454,652.906432,22.96402,0.303274,9.634583,7.864367,3360.231788,cooling_system_fault,1,1,100,1800,-0.616769,0.317316,1.218364,8.916243,-2.355441,0.179671,-6.3e-05,-0.056704,0.883815,195.405
920,cruise,4199.407633,66.281644,64.56014,87.933194,197.938381,657.171303,22.742047,0.307253,9.695933,8.282133,3538.315629,cooling_system_fault,1,1,100,1800,-1.626468,-0.359474,-0.121938,8.750448,-1.276947,-0.011661,-0.012073,0.018022,0.883531,195.4
921,cruise,4215.745399,67.462193,64.783503,88.207253,198.634989,655.041541,23.000709,0.318646,9.71277,8.676735,3416.35615,cooling_system_fault,1,1,100,1800,2.309217,0.567354,0.121884,8.390195,-0.855191,0.17064,-0.00166,-0.138184,0.883247,195.395
922,cruise,4204.920146,65.251791,64.785513,88.526989,198.245451,655.496667,22.609325,0.320711,9.358289,6.334056,3442.293807,cooling_system_fault,1,1,100,1800,-3.550787,-0.500441,0.042331,8.945186,-0.483351,-0.050807,0.00892,0.121963,0.882962,195.39
923,cruise,4223.237742,65.447204,64.313688,87.936755,197.008132,653.559845,22.829917,0.323582,9.740673,8.099764,3344.032108,cooling_system_fault,1,1,100,1800,-7.766878,0.120115,-1.027479,10.307722,-1.997463,-0.029443,0.001338,-0.040987,0.882677,195.385
924,cruise,4193.953854,66.193791,65.018672,86.996037,199.329282,657.197422,23.163552,0.313493,9.572563,6.980017,3561.556285,cooling_system_fault,1,1,100,1800,5.300929,-0.318133,-0.210532,9.431029,0.986455,0.079503,-0.002731,-0.057495,0.882392,195.38
925,cruise,4257.690819,68.225122,64.319542,88.208994,196.853189,657.20741,23.088011,0.313255,9.785842,7.552686,3410.221055,cooling_system_fault,1,1,100,1800,0.760225,0.27558,-0.396366,9.876753,0.517366,-0.078219,-0.014739,-0.033575,0.882106,195.375
926,cruise,4193.393817,67.549285,65.021578,87.81773,197.725425,654.519424,23.280656,0.31413,9.721191,7.471357,3516.962632,cooling_system_fault,1,1,100,1800,2.521913,-0.483117,1.265636,8.952732,1.803664,-0.211018,-0.000192,-0.01646,0.88182,195.37
927,cruise,4228.01028,67.54028,64.315487,88.719009,196.87806,651.419324,22.940215,0.320064,9.797317,7.734714,3550.956609,cooling_system_fault,1,1,100,1800,1.181595,-0.407314,0.294967,10.548936,1.76354,-0.047597,-0.005481,0.159324,0.881534,195.365
928,cruise,4197.170657,65.972946,64.410086,88.160938,197.700638,656.861627,22.89454,0.317265,9.679039,9.734332,3585.948886,cooling_system_fault,1,1,100,1800,3.371065,-0.105182,-0.04654,8.964258,0.727889,-0.175453,-0.000383,-0.125415,0.881247,195.36
929,cruise,4190.951777,66.131431,64.329187,87.446366,196.867536,654.672424,22.912829,0.314607,10.033961,7.76085,3659.448792,cooling_system_fault,1,1,100,1800,4.342869,-0.604001,-0.826787,10.298694,-2.58164,0.139725,0.00862,0.124905,0.88096,195.355
930,cruise,4219.355809,67.156378,64.059505,89.264745,198.867288,653.784173,23.348462,0.315665,9.813776,8.855993,3506.69168,cooling_system_fault,1,1,100,1800,-1.21141,0.005884,0.646364,8.673662,1.91948,0.141388,-0.001156,0.001113,0.880673,195.35
931,cruise,4173.36507,65.834511,63.962128,88.192654,198.223298,651.944757,22.996604,0.31689,9.584957,9.215767,3433.501106,cooling_system_fault,1,1,100,1800,-1.517746,-0.400851,0.735149,8.251089,-1.053245,0.015055,0.002884,-0.085566,0.880385,195.345
932,cruise,4191.099745,66.549084,63.823588,87.71473,198.547282,652.27697,22.729532,0.304801,9.942485,8.603433,3635.567995,cooling_system_fault,1,1,100,1800,-1.986305,-0.161771,-0.035306,10.580388,-1.128588,0.016306,0.003863,-0.050243,0.880097,195.34
933,cruise,4170.410761,67.869574,64.587487,88.002495,198.298103,655.437945,23.149009,0.320746,9.685719,8.73986,3465.726831,cooling_system_fault,1,1,100,1800,-2.383809,0.566533,0.047111,9.072554,-0.425518,-0.107954,0.002285,-0.035365,0.879809,195.335
934,cruise,4204.638005,68.314306,64.498373,88.141893,197.754992,650.162718,23.035797,0.307579,10.031024,9.071147,3392.266476,cooling_system_fault,1,1,100,1800,-3.142953,-0.174797,-0.125854,10.562009,-0.436451,-0.106514,-0.002555,-0.052561,0.87952,195.33
935,cruise,4210.889249,67.622582,64.619467,88.836594,198.193648,654.610422,22.456016,0.312429,9.715603,7.285865,3388.613714,cooling_system_fault,1,1,100,1800,-0.886117,-0.072506,-0.216603,9.260104,0.763746,-0.009724,0.000487,0.11919,0.879231,195.325
936,cruise,4241.410841,66.793732,65.23544,88.754631,197.06781,658.353026,22.918794,0.31538,9.91786,7.713405,3380.960845,cooling_system_fault,1,1,100,1800,1.283554,0.750826,0.125397,8.430132,-1.649859,-0.014303,1.9e-05,0.009152,0.878941,195.32
937,cruise,4176.424798,67.677277,64.540097,88.231809,198.50148,652.050105,23.118733,0.315708,9.741313,8.080945,3386.389507,cooling_system_fault,1,1,100,1800,-1.097221,0.512758,-0.968559,9.067262,-1.140903,-0.001861,0.010872,-0.022151,0.878652,195.315
938,cruise,4210.312716,68.522111,64.477394,87.561114,197.108438,651.31213,22.851264,0.315117,9.617067,8.86705,3365.670517,cooling_system_fault,1,1,100,1800,-3.290543,-0.17875,0.522359,8.55317,0.97428,0.233648,-0.001396,-0.032194,0.878361,195.31
939,cruise,4207.474829,67.115139,64.154077,87.503755,197.404616,651.767311,22.972108,0.315828,9.844549,8.838444,3381.172431,cooling_system_fault,1,1,100,1800,-4.300289,0.284372,-0.206492,7.506498,-1.757674,0.008869,0.004788,-0.163007,0.878071,195.305
940,cruise,4200.87477,66.877988,64.345701,87.791657,198.578388,651.025491,23.395766,0.321846,9.740565,8.03717,3235.802617,cooling_system_fault,1,1,100,1800,-1.283494,0.197338,-1.181772,9.541556,-1.766692,-0.016744,0.00712,0.023904,0.87778,195.3
941,cruise,4199.328046,66.400364,63.898703,87.708768,197.481644,654.882036,22.836854,0.31837,9.606434,7.582264,3430.186869,cooling_system_fault,1,1,100,1800,-3.504209,-0.359604,0.277634,9.241503,0.88391,-0.073325,0.007633,-0.003947,0.877489,195.295
942,cruise,4221.48822,67.131648,64.703768,88.039603,197.780468,652.545513,23.164446,0.307179,9.810671,8.472693,3651.831142,cooling_system_fault,1,1,100,1800,-1.659145,-0.196174,0.617124,8.613535,-0.317715,-0.079212,0.003098,0.042007,0.877197,195.29
943,cruise,4230.801517,69.108441,63.52946,88.3977,198.083951,652.225493,23.120657,0.31326,9.667627,6.786912,3515.939338,cooling_system_fault,1,1,100,1800,-2.041623,-0.418715,-0.316884,9.138624,1.529146,-0.184672,-0.001337,0.035019,0.876906,195.285
944,cruise,4225.020882,66.713766,63.839554,88.71196,197.962935,655.88336,22.926663,0.316695,9.93543,8.26438,3382.828036,cooling_system_fault,1,1,100,1800,7.408685,-0.429579,-0.00852,10.850511,2.338438,-0.110198,0.006649,0.085661,0.876613,195.28
945,cruise,4182.050665,66.120247,64.718958,87.747736,197.178223,652.915174,23.021684,0.30923,9.698913,9.304265,3358.728464,cooling_system_fault,1,1,100,1800,-2.354741,-0.013256,0.136763,10.518688,1.084045,-0.112697,-0.000516,-0.068072,0.876321,195.275
946,cruise,4240.133094,68.597141,65.685848,88.78278,197.713827,654.965493,22.990226,0.31889,9.609295,7.937523,3531.730671,cooling_system_fault,1,1,100,1800,0.407234,0.643862,-0.108678,8.788835,-1.467464,0.082245,-0.003271,0.003701,0.876028,195.27
947,cruise,4184.19332,65.178577,65.037228,87.209929,199.139011,654.367552,23.152769,0.311366,9.770536,9.921263,3554.198839,cooling_system_fault,1,1,100,1800,3.627399,-0.080685,0.130236,9.17425,-2.430179,0.253237,0.000284,0.051899,0.875735,195.265
948,cruise,4214.334296,65.283635,65.57279,88.516797,199.575368,655.141512,23.113397,0.31552,9.648244,7.95262,3445.11614,cooling_system_fault,1,1,100,1800,3.936603,-0.356162,-0.731954,10.079126,-3.026396,-0.141059,-0.002846,-0.004779,0.875441,195.26
949,cruise,4221.129842,65.562724,65.28797,87.733037,197.833254,652.07117,23.280208,0.311293,9.616904,8.695033,3566.551725,cooling_system_fault,1,1,100,1800,-2.581931,0.331637,-0.985261,8.785681,-1.399543,-0.313,0.001904,-0.023854,0.875147,195.255
950,cruise,4202.263895,65.911933,64.488194,88.69948,197.365279,653.137244,23.13728,0.308046,9.719532,6.370403,3399.624624,cooling_system_fault,1,1,100,1800,-3.619402,0.281804,0.864078,8.709409,-1.099784,-0.145341,0.000664,-0.079487,0.874853,195.25
951,cruise,4203.950083,66.340379,64.763518,88.084408,198.41472,650.878458,22.813169,0.31354,9.396942,8.557757,3558.983707,cooling_system_fault,1,1,100,1800,-7.156723,-0.03655,0.121446,10.877345,-1.107423,0.106392,-0.008132,-0.074603,0.874558,195.245
952,cruise,4200.644948,67.596872,64.721062,88.321518,198.097843,649.644728,22.773036,0.316948,9.93666,10.178919,3539.996866,cooling_system_fault,1,1,100,1800,1.093865,0.139919,0.999308,10.974941,-1.056799,0.000873,-0.001492,-0.080823,0.874263,195.24
953,cruise,4190.842626,65.651317,64.058099,88.838306,199.709793,652.532093,23.168929,0.314492,10.065388,7.128978,3457.143202,cooling_system_fault,1,1,100,1800,-1.496514,0.235587,-0.648333,8.589934,2.166787,0.046503,0.004622,-0.18478,0.873968,195.235
954,cruise,4222.558261,67.641594,65.499192,87.548993,199.202045,651.342538,22.949275,0.310901,9.870839,9.412407,3472.539201,cooling_system_fault,1,1,100,1800,2.59839,0.11979,-0.496307,10.248655,2.117859,-0.219539,0.004357,0.122168,0.873672,195.23
955,cruise,4181.77105,66.355306,64.557941,89.045796,198.245695,655.733781,23.190751,0.311815,9.699755,6.193872,3487.412534,cooling_system_fault,1,1,100,1800,-2.09813,-0.881486,0.285567,9.443865,-2.110592,-0.13936,-0.001614,0.085016,0.873376,195.225
956,cruise,4208.756662,67.931696,64.700495,87.85104,198.929285,660.114039,22.964781,0.312527,9.677807,7.682784,3564.377561,cooling_system_fault,1,1,100,1800,1.136856,-0.177145,-0.289941,9.577054,0.837194,-0.159991,0.001886,0.023103,0.87308,195.22
957,cruise,4222.233174,68.258322,64.982394,87.109481,198.5149,657.579861,23.063231,0.315451,9.479915,7.477324,3577.939327,cooling_system_fault,1,1,100,1800,0.713275,0.22425,0.198365,10.294288,-0.966443,-0.177895,0.004191,0.073791,0.872783,195.215
958,cruise,4189.101531,66.459673,64.831317,87.467058,196.982369,654.248263,22.733872,0.319802,9.856651,7.842141,3467.275004,cooling_system_fault,1,1,100,1800,0.885863,-0.604478,-0.215091,8.653588,0.676428,-0.013314,-0.00429,0.061073,0.872486,195.21
959,cruise,4196.285657,67.615386,64.745614,88.63023,197.814398,654.23229,23.220469,0.315297,9.829157,9.317489,3463.409314,cooling_system_fault,1,1,100,1800,-5.15585,0.117267,-0.227234,9.926146,-0.981397,0.0168,-0.004324,0.007992,0.872189,195.205
960,cruise,4244.483126,66.59299,64.713585,88.185295,197.242051,653.093155,22.706444,0.320697,9.467289,8.360192,3535.153805,cooling_system_fault,1,1,100,1800,-2.525771,-0.545256,0.341102,9.41905,1.102852,-0.066823,-0.000826,-0.007885,0.871891,195.2
961,cruise,4193.846172,67.365086,65.043473,86.925478,201.136809,647.233952,23.062964,0.299972,9.724426,8.213703,3438.296735,cooling_system_fault,1,1,100,1800,3.527254,0.315595,0.411822,9.668543,1.017558,0.16147,0.002384,-0.078943,0.871593,195.195
962,cruise,4214.050589,67.88662,64.81004,87.811332,197.423082,659.001624,22.80513,0.30879,9.635811,6.953966,3436.132253,cooling_system_fault,1,1,100,1800,0.504127,0.211083,-0.258665,11.952868,-0.995583,-0.059696,0.003316,-0.029277,0.871294,195.19
963,cruise,4240.664728,66.430967,64.405849,88.462753,199.140303,652.415981,23.045938,0.312412,9.499751,8.628258,3536.852257,cooling_system_fault,1,1,100,1800,4.193352,0.236947,0.572767,9.214656,-1.782079,0.12379,-0.007813,-0.056023,0.870996,195.185
964,cruise,4191.923429,65.61676,64.102801,89.074951,198.839307,654.706005,22.917548,0.313122,9.534523,8.736324,3566.449718,cooling_system_fault,1,1,100,1800,-4.595797,0.128624,-0.359388,10.389563,1.239824,0.115608,-0.006287,0.046571,0.870696,195.18
965,cruise,4205.435457,68.027316,63.818353,88.237742,197.900013,650.344484,22.732843,0.316888,9.902931,7.862327,3323.968918,cooling_system_fault,1,1,100,1800,-1.583304,-0.576613,-0.020633,10.375989,-2.041285,0.260705,-0.00078,0.136321,0.870397,195.175
966,cruise,4184.43764,66.755064,64.077128,88.650281,199.036447,655.479826,22.789497,0.315973,9.684056,10.181866,3471.057196,cooling_system_fault,1,1,100,1800,-2.873488,0.470003,0.984757,8.588336,-0.562119,-0.010741,0.005621,-0.127553,0.870097,195.17
967,cruise,4211.332537,66.467004,64.593772,88.192858,198.940957,656.866782,22.83323,0.321952,9.709225,8.59608,3545.027663,cooling_system_fault,1,1,100,1800,1.866067,0.308103,0.101761,8.582905,0.16899,0.051319,-0.007305,-0.089047,0.869797,195.165
968,cruise,4208.898478,67.09861,65.068503,88.482447,198.21482,650.986815,23.123814,0.316999,9.690608,8.916101,3389.63681,cooling_system_fault,1,1,100,1800,0.836521,0.418959,-0.215271,9.630404,-2.729083,-0.106284,-0.009703,0.12155,0.869496,195.16
969,cruise,4202.774175,65.46645,64.443628,87.903426,199.761187,658.251766,23.454657,0.307776,9.851057,7.719598,3303.210677,cooling_system_fault,1,1,100,1800,-4.101982,0.329105,0.540574,10.200975,-1.023267,-0.023411,0.003849,0.104803,0.869195,195.155
970,cruise,4209.057479,67.069931,64.314633,87.516378,198.871458,654.327304,23.136697,0.325186,9.680255,8.341045,3415.831318,cooling_system_fault,1,1,100,1800,3.264651,-0.344816,0.487954,9.379323,-2.125978,-0.000888,0.008096,-0.040464,0.868894,195.15
971,cruise,4202.650785,66.870094,65.066605,87.959529,197.761037,655.661476,23.183732,0.316034,9.395584,7.717117,3488.701248,cooling_system_fault,1,1,100,1800,0.034065,0.315893,-0.019941,9.595962,-0.742221,0.090592,-0.004151,-0.035889,0.868593,195.145
972,cruise,4178.868697,65.900604,64.160867,88.228923,198.155989,653.864334,23.192113,0.315625,9.768528,8.564359,3491.680098,cooling_system_fault,1,1,100,1800,-1.242316,0.380187,-0.091791,10.532986,-0.596631,-0.151492,-0.009219,-0.015126,0.868291,195.14
973,cruise,4189.904833,66.148614,64.276259,88.576214,200.227209,653.777162,22.898936,0.324217,9.882699,9.421176,3557.714162,cooling_system_fault,1,1,100,1800,-1.16417,-0.155361,-0.01783,9.742445,-0.043585,-0.089752,-0.003518,-0.037294,0.867989,195.135
974,cruise,4177.405736,65.785031,64.162282,88.662416,198.156154,650.583033,23.022497,0.319804,9.661687,8.01004,3433.202031,cooling_system_fault,1,1,100,1800,-1.551767,-0.109179,0.306356,9.966732,-1.88119,0.000481,0.001427,0.089843,0.867686,195.13
975,cruise,4198.650307,67.70536,64.434055,88.053623,198.448145,654.099021,22.601899,0.31663,9.730855,8.718406,3521.774055,cooling_system_fault,1,1,100,1800,5.992163,-0.70931,0.109215,10.509021,-0.944372,0.19209,0.003098,-0.022991,0.867383,195.125
976,cruise,4197.98428,68.571604,64.744518,88.536221,198.416756,657.965769,22.665521,0.31815,9.728728,6.959253,3565.259766,cooling_system_fault,1,1,100,1800,-2.007048,-0.286386,-0.145461,10.648366,-1.766009,0.027886,-0.003177,-0.065116,0.86708,195.12
977,cruise,4222.087908,66.030669,64.580236,88.217201,199.470025,654.36035,22.886398,0.30571,9.721806,10.241316,3283.416993,cooling_system_fault,1,1,100,1800,0.480327,-0.464756,1.047597,9.886727,0.922179,-0.088243,0.000534,-0.055552,0.866776,195.115
978,cruise,4221.699811,65.591239,63.84876,87.818525,199.199374,659.419393,22.760551,0.315317,9.817778,7.144,3523.487156,cooling_system_fault,1,1,100,1800,1.092288,-0.177699,-0.078574,9.240964,0.196798,-0.108281,0.001141,-0.113131,0.866472,195.11
979,cruise,4241.214181,68.989967,65.012237,87.206888,198.006797,652.06514,23.117747,0.306269,9.990857,8.728514,3410.542754,cooling_system_fault,1,1,100,1800,-2.503151,-0.158481,-0.396964,10.802104,-0.069861,0.208931,0.008656,-0.043909,0.866168,195.105
980,cruise,4192.927884,66.751606,64.447608,87.626834,199.039029,651.064702,22.994556,0.31381,9.858625,6.323901,3502.821918,cooling_system_fault,1,1,100,1800,2.81178,-0.617454,0.256513,10.202802,0.050693,0.019734,0.004113,0.038757,0.865863,195.1
981,cruise,4217.777909,68.658831,64.847172,89.086813,201.317042,649.980977,22.902434,0.309025,9.697264,8.911631,3520.975792,cooling_system_fault,1,1,100,1800,2.605084,-0.379042,-0.155139,9.830256,0.710967,0.270398,-0.012196,-0.06086,0.865558,195.095
982,cruise,4191.214391,64.436368,63.933317,88.472386,198.630713,650.05129,23.071358,0.304208,9.67432,7.95173,3502.70718,cooling_system_fault,1,1,100,1800,-1.128235,0.225277,0.01618,10.216146,0.79841,-0.068641,0.001256,0.036757,0.865253,195.09
983,cruise,4229.116008,68.149573,64.355176,87.349934,199.021416,656.849904,23.157766,0.311403,9.602076,9.183298,3442.264013,cooling_system_fault,1,1,100,1800,-3.881388,0.878479,0.707772,10.215838,-0.074086,-0.077469,0.001719,-0.099737,0.864947,195.085
984,cruise,4219.700888,66.552788,65.423205,88.828717,199.012302,657.444706,22.704126,0.316271,9.737101,8.974177,3444.408023,cooling_system_fault,1,1,100,1800,1.188037,0.153817,-0.463656,10.022066,1.047084,-0.232407,-0.005801,-0.043017,0.864641,195.08
985,cruise,4195.05537,66.917171,64.931189,88.192223,199.650369,653.271763,22.91043,0.315777,9.893084,8.88561,3686.039806,cooling_system_fault,1,1,100,1800,1.23301,0.151185,0.404446,9.607186,0.661887,0.122697,0.001638,0.088596,0.864334,195.075
986,cruise,4219.827417,68.179499,64.930701,87.710804,198.620741,655.005129,23.056629,0.309597,9.73114,7.559005,3658.460986,cooling_system_fault,1,1,100,1800,1.033487,0.046411,0.936506,11.011403,-0.260581,-0.107133,-0.007074,-0.06184,0.864028,195.07
987,cruise,4208.715391,68.165723,64.508284,87.91868,198.993086,655.450236,23.431316,0.307537,9.877493,9.515064,3443.256982,cooling_system_fault,1,1,100,1800,1.003183,0.373559,0.125223,9.947085,0.460715,0.179525,0.009047,-0.06194,0.863721,195.065
988,cruise,4199.720731,65.60752,64.753208,88.513553,198.957614,654.178243,22.965621,0.311364,9.640497,7.892069,3490.707594,cooling_system_fault,1,1,100,1800,2.878713,-0.136131,0.809434,9.683903,0.505298,-0.332646,-0.007712,-0.055493,0.863413,195.06
989,cruise,4223.824647,65.764063,65.306814,89.340181,199.755519,659.099635,22.82518,0.308976,9.926955,7.692771,3456.476648,cooling_system_fault,1,1,100,1800,5.155418,0.125734,-0.576855,10.220507,0.300104,0.169688,0.002891,-0.008411,0.863105,195.055
990,cruise,4206.294432,66.950353,64.599772,87.894396,202.010537,657.514632,22.930527,0.320621,10.319291,8.716222,3448.339477,cooling_system_fault,1,1,100,1800,3.908226,-0.162107,-0.135242,10.379621,1.091167,-0.128631,-0.000719,0.073953,0.862797,195.05
991,cruise,4221.308112,66.802438,65.151448,87.832068,198.94529,657.149237,23.061215,0.310105,9.808756,8.090898,3527.690183,cooling_system_fault,1,1,100,1800,0.532091,-0.537984,-1.248413,10.141775,0.556834,-0.068947,-0.002872,-0.153055,0.862489,195.045
992,cruise,4218.885243,68.152956,64.32301,88.082498,201.578905,651.7238,22.858845,0.314501,9.533967,8.487334,3412.972439,cooling_system_fault,1,1,100,1800,4.903576,0.813107,-0.010211,10.706279,-2.308725,0.185006,-0.012249,0.118836,0.86218,195.04
993,cruise,4208.834191,66.776048,64.300193,88.910611,200.924836,653.297806,23.231006,0.30611,9.768366,6.857755,3445.814967,cooling_system_fault,1,1,100,1800,-0.819255,-0.28157,0.331611,11.330906,-0.102976,0.123957,-0.006732,-0.096405,0.861871,195.035
994,cruise,4213.203819,65.868418,64.005588,87.404945,199.170842,657.991442,22.696244,0.322603,9.731809,6.854283,3528.566121,cooling_system_fault,1,1,100,1800,-0.438511,-0.01221,0.19797,10.879905,-0.67925,0.140354,0.002498,0.116061,0.861561,195.03
995,cruise,4234.116617,66.014117,63.976657,88.608073,201.942254,652.611035,23.04135,0.319423,9.716345,8.853156,3508.264155,cooling_system_fault,1,1,100,1800,3.69802,0.074773,0.068284,10.446226,-0.748453,0.190732,0.001767,0.035138,0.861251,195.025
996,cruise,4245.062225,66.857676,64.858528,88.179766,197.522237,653.481358,23.11119,0.314775,9.736708,8.239476,3428.668625,cooling_system_fault,1,1,100,1800,0.867768,-0.248661,-0.111786,10.194417,-1.48825,-0.203838,0.010849,0.016375,0.860941,195.02
997,cruise,4242.981664,67.903143,65.30169,88.74012,199.009209,653.389841,23.177444,0.314972,9.769685,6.888203,3437.780351,cooling_system_fault,1,1,100,1800,-1.69485,0.013809,0.15544,9.543605,0.426751,0.182552,-0.006072,0.002727,0.86063,195.015
998,cruise,4192.179644,67.225595,64.167799,88.118762,200.530477,653.712384,23.27116,0.319516,10.02096,8.308876,3586.305783,cooling_system_fault,1,1,100,1800,-0.318648,0.131815,-0.602433,9.483758,0.225232,-0.023082,0.002487,-0.023711,0.860319,195.01
999,cruise,4200.478169,67.491209,64.587391,87.877591,199.477505,658.806225,23.032625,0.325941,9.701401,8.088076,3293.144603,cooling_system_fault,1,1,100,1800,2.718224,0.101912,-0.406431,11.130309,-0.849578,0.259303,-0.004713,0.106076,0.860008,195.005
1000,cruise,4188.707757,66.797464,64.446155,88.988933,197.744079,650.442668,22.969739,0.313945,9.595262,9.209841,3523.999628,cooling_system_fault,1,1,100,1800,-2.848498,-0.153304,0.527301,11.55877,-0.017029,0.033985,0.004353,0.037949,0.859697,195.0
1001,cruise,4218.131956,67.684548,64.714847,88.223605,200.963498,659.170102,23.054486,0.320388,9.913562,7.996683,3610.47747,cooling_system_fault,1,1,100,1800,6.42246,0.382724,-0.608521,10.406303,0.412026,-0.275412,0.004294,-0.076927,0.859385,194.995
1002,cruise,4196.645445,66.771386,64.819367,87.864144,198.398071,655.616069,22.979305,0.30941,9.547297,7.255686,3482.61381,cooling_system_fault,1,1,100,1800,1.764326,0.506686,0.328392,9.943073,0.407743,0.193949,0.009388,-0.023468,0.859072,194.99
1003,cruise,4221.144712,67.732125,64.75077,86.83648,199.049592,650.591344,22.833658,0.310946,9.937229,8.948455,3500.154905,cooling_system_fault,1,1,100,1800,1.827276,-0.305603,0.277717,10.128908,1.559263,0.100103,-0.001155,0.018366,0.85876,194.985
1004,cruise,4214.226521,67.169709,65.088219,88.510191,200.220741,654.971895,22.899928,0.321268,9.718177,8.536955,3507.137631,cooling_system_fault,1,1,100,1800,-0.724052,0.202019,0.006584,11.928273,-1.955547,-0.098513,-0.008894,-0.031638,0.858447,194.98
1005,cruise,4205.28629,66.37589,64.860539,88.786026,200.3232,653.935571,22.759807,0.310551,9.609766,8.127765,3522.785861,cooling_system_fault,1,1,100,1800,-6.038986,-0.067074,-0.179441,8.591654,1.264083,0.260361,-0.003091,-0.022211,0.858133,194.975
1006,cruise,4220.716071,67.06595,63.78567,87.947006,200.170476,652.096922,23.128276,0.320866,9.781955,9.297937,3504.752388,cooling_system_fault,1,1,100,1800,2.180543,0.738612,-0.257093,11.540231,-1.9617,0.01414,-0.002643,-0.130118,0.85782,194.97
1007,cruise,4199.878551,67.048178,64.448552,88.29425,198.959327,657.829572,23.346398,0.318484,9.76018,8.245399,3504.20099,cooling_system_fault,1,1,100,1800,1.684641,0.735854,0.467155,10.864222,0.225999,-0.13192,-0.002835,-0.006738,0.857506,194.965
1008,cruise,4206.575646,66.927349,64.312695,88.010964,201.806559,658.72779,23.045638,0.316019,9.661524,10.755787,3549.323737,cooling_system_fault,1,1,100,1800,2.616957,-0.078943,-1.040143,10.714934,-2.383937,-0.083302,-0.001657,0.026726,0.857191,194.96
1009,cruise,4210.320459,66.6688,64.515203,88.836483,199.966336,651.884105,23.137469,0.317934,9.947959,8.799874,3375.162893,cooling_system_fault,1,1,100,1800,2.89291,0.194775,0.265073,11.773061,-0.119501,-0.109514,0.002249,0.036847,0.856876,194.955
1010,cruise,4205.922611,67.800499,64.661864,87.505179,201.814537,652.480264,23.002992,0.304959,9.805309,9.327712,3384.526786,cooling_system_fault,1,1,100,1800,1.612263,0.404005,0.07541,10.703503,-0.375202,0.102504,0.009068,0.118035,0.856561,194.95
1011,cruise,4208.556959,67.317506,65.07391,87.511723,199.79855,650.035225,22.912561,0.322744,9.792184,8.101812,3563.363517,cooling_system_fault,1,1,100,1800,5.534592,-0.108305,0.020248,10.44046,3.059266,0.123216,-0.003856,0.048902,0.856246,194.945
1012,cruise,4200.321061,66.339351,64.371752,88.51134,200.21457,653.383278,23.01349,0.306717,9.717023,8.168898,3256.405412,cooling_system_fault,1,1,100,1800,-0.663898,-0.009396,0.360338,10.6198,-0.387286,0.053515,-4e-05,-0.013563,0.85593,194.94
1013,cruise,4199.037685,65.783837,65.01126,87.938367,198.848302,654.046907,23.246358,0.314083,9.772352,8.079086,3452.916456,cooling_system_fault,1,1,100,1800,0.923371,-0.30031,-0.045703,12.061705,-0.410585,-0.071573,-0.001251,-0.008573,0.855614,194.935
1014,cruise,4170.779465,68.210913,64.88251,87.822427,200.036945,656.014947,23.086246,0.319759,9.797886,8.615374,3410.247555,cooling_system_fault,1,1,100,1800,-1.722681,-0.003146,-0.284416,11.775622,-0.260683,-0.121795,-0.000458,-0.120526,0.855298,194.93
1015,cruise,4193.369783,64.985238,64.253093,87.59022,202.780163,656.530393,23.185969,0.32285,9.945448,7.424997,3545.150399,cooling_system_fault,1,1,100,1800,-2.643827,-0.150086,-0.390514,11.310405,-0.925706,-0.452068,0.001665,-0.000118,0.854981,194.925
1016,cruise,4213.199388,66.156276,64.567545,88.284252,200.494854,654.806578,23.021426,0.313781,9.761253,8.326247,3532.081072,cooling_system_fault,1,1,100,1800,3.341577,0.474764,0.381879,10.303223,-1.16726,-0.241105,0.012186,-0.028284,0.854664,194.92
1017,cruise,4211.512784,67.230553,63.772516,88.948293,200.370862,659.506932,22.987028,0.321181,9.778977,8.627521,3583.524207,cooling_system_fault,1,1,100,1800,-0.055443,-0.244574,-0.416011,11.776327,0.735066,-0.035773,-0.0068,-0.035201,0.854346,194.915
1018,cruise,4191.882709,67.654575,64.511461,87.710821,201.864709,653.739902,22.824852,0.311277,9.710669,7.041955,3653.176783,cooling_system_fault,1,1,100,1800,1.672664,0.096105,-0.837266,11.205688,1.885059,0.15306,0.000929,0.027225,0.854028,194.91
1019,cruise,4189.932268,67.668505,64.474239,89.260373,201.939588,651.350922,22.992617,0.328234,9.814671,8.383234,3489.895363,cooling_system_fault,1,1,100,1800,2.796131,0.324618,0.496125,11.11238,-0.501162,-0.050345,0.007223,-0.038531,0.85371,194.905
1020,cruise,4225.573679,67.745149,64.218391,88.031034,199.606738,661.009751,22.748839,0.311353,9.841476,9.91435,3538.409493,cooling_system_fault,1,1,100,1800,-0.638641,0.030029,0.027041,10.990313,0.287168,-0.115664,0.007018,-0.048933,0.853392,194.9
1021,cruise,4245.977162,67.12187,65.078415,88.207573,200.483946,651.430603,23.067534,0.304771,9.476888,6.346127,3482.555318,cooling_system_fault,1,1,100,1800,-1.461564,0.541764,0.296382,10.989004,-0.005845,0.019396,0.001293,-0.048782,0.853073,194.895
1022,cruise,4211.915928,66.161296,64.352073,88.359126,201.204194,657.25411,23.092438,0.315388,9.93236,8.489572,3490.124285,cooling_system_fault,1,1,100,1800,5.07739,-0.464947,0.195383,11.997887,1.883631,0.209838,0.00043,0.113157,0.852753,194.89
1023,cruise,4219.201431,68.296253,64.089185,88.425895,199.931576,653.509306,23.235684,0.322956,9.803953,8.420804,3546.075914,cooling_system_fault,1,1,100,1800,-3.018474,-0.644797,-0.001428,10.768145,-1.62919,0.226798,0.001168,0.072345,0.852434,194.885
1024,cruise,4200.840078,66.663029,64.538245,88.865228,200.300303,658.123982,23.207178,0.309233,9.516651,8.68722,3399.703242,cooling_system_fault,1,1,100,1800,-0.672167,0.20037,-0.623214,11.176621,-0.067913,-0.159873,0.00893,0.175195,0.852114,194.88
1025,cruise,4181.305713,67.318325,64.43146,88.01342,200.903859,651.314411,23.060633,0.314716,9.724955,7.639001,3367.412289,cooling_system_fault,1,1,100,1800,0.519334,-0.103976,0.276833,10.62298,2.253314,-0.010039,-0.006076,0.139688,0.851794,194.875
1026,cruise,4216.273438,64.993106,64.968171,87.112072,201.292201,655.144653,23.006503,0.311334,9.580794,8.829118,3538.702748,cooling_system_fault,1,1,100,1800,4.542211,0.143026,-0.037218,10.906362,0.498318,0.008387,0.005395,-0.065568,0.851473,194.87
1027,cruise,4204.616748,69.240606,65.09719,87.640377,200.029956,654.367612,23.007815,0.31307,9.525229,8.275906,3317.065941,cooling_system_fault,1,1,100,1800,2.760846,-0.889478,0.500951,10.789351,-0.321334,0.089287,-0.002332,-0.003107,0.851152,194.865
1028,cruise,4159.080571,68.095334,64.79769,88.061904,200.285419,649.840828,22.934844,0.308358,9.687297,7.974393,3516.392662,cooling_system_fault,1,1,100,1800,0.529391,-0.286426,0.765317,10.061125,-0.926253,0.114059,-0.003639,-0.038886,0.850831,194.86
1029,cruise,4225.141342,65.903469,65.009433,88.017738,201.45695,658.996468,22.744329,0.318153,9.559107,8.515708,3505.378423,cooling_system_fault,1,1,100,1800,-0.9986,0.258426,-0.030848,12.498605,-0.35367,-0.090391,0.004515,0.035262,0.850509,194.855
1030,cruise,4214.127363,65.78386,64.627467,87.602851,202.448466,654.964047,22.560397,0.30951,9.583957,7.687544,3517.642526,cooling_system_fault,1,1,100,1800,-1.684956,0.186078,0.250047,13.106771,2.36496,-0.099689,-0.004023,-0.06308,0.850187,194.85
1031,cruise,4204.432202,65.538128,64.554866,88.722571,197.587418,653.50328,23.05324,0.315929,9.76102,7.628667,3266.529255,cooling_system_fault,1,1,100,1800,-0.872974,-0.284381,0.422055,10.321959,1.297345,-0.083075,0.004938,-0.118914,0.849865,194.845
1032,cruise,4218.754,66.51455,64.39432,87.308995,202.162255,654.763005,23.209894,0.316182,9.730651,7.992383,3562.213536,cooling_system_fault,1,1,100,1800,1.170363,-0.282852,-0.126517,10.667879,-0.869505,-0.029634,0.011605,0.187939,0.849542,194.84
1033,cruise,4223.413422,67.026668,66.033223,89.668879,198.283692,654.149234,22.583936,0.309395,9.73789,8.054345,3633.21555,cooling_system_fault,1,1,100,1800,2.565299,0.011436,-0.012901,11.584379,-1.851116,-0.153458,0.002896,0.036147,0.849219,194.835
1034,cruise,4220.089028,68.369644,65.095518,87.392354,202.477364,653.442661,23.162145,0.319208,9.732772,7.444578,3604.007144,cooling_system_fault,1,1,100,1800,-0.004756,-0.276778,0.057979,10.835991,0.623863,0.062753,0.007,-0.048688,0.848896,194.83
1035,cruise,4234.856212,65.867011,64.194828,88.531683,199.223994,655.975522,22.930764,0.312751,9.865309,7.067438,3558.571566,cooling_system_fault,1,1,100,1800,2.79723,-0.043084,-0.259615,12.185869,1.126642,0.325712,0.004663,0.058833,0.848572,194.825
1036,cruise,4201.324412,66.075768,65.046626,88.403644,201.194735,649.33833,23.038095,0.312043,9.832397,7.361546,3608.850995,cooling_system_fault,1,1,100,1800,-0.581447,-0.197592,0.063732,11.484162,-1.755874,-0.256658,0.008985,0.105228,0.848248,194.82
1037,cruise,4244.9536,66.985184,64.949479,87.917591,200.69564,651.62959,22.771689,0.304435,9.885746,8.890602,3502.083775,cooling_system_fault,1,1,100,1800,1.371379,-0.153031,0.087508,11.217209,1.169833,0.414258,0.000855,-0.169541,0.847923,194.815
1038,cruise,4158.182762,65.330262,64.056845,88.069258,198.665813,649.727395,22.87813,0.318131,9.655862,8.549327,3541.167073,cooling_system_fault,1,1,100,1800,-3.085539,-0.345122,-0.852997,12.589191,-0.398187,0.016301,-0.001288,0.035402,0.847599,194.81
1039,cruise,4211.094669,67.294823,64.918367,90.010627,200.856586,658.913669,22.992182,0.311544,9.818291,8.284038,3594.035066,cooling_system_fault,1,1,100,1800,-0.8853,0.026342,0.187306,10.748857,1.259395,0.102098,-0.001232,-0.113866,0.847273,194.805
1040,cruise,4170.795381,67.695495,64.044844,87.799889,199.1504,659.232833,23.095907,0.313886,9.808469,7.214308,3500.085294,cooling_system_fault,1,1,100,1800,4.548241,0.427935,-1.065029,11.440698,0.628255,0.040505,-0.009889,-0.092246,0.846948,194.8
1041,cruise,4199.552153,68.131954,63.804907,87.937492,203.514968,655.633882,23.197342,0.314478,9.705762,6.108334,3537.238893,cooling_system_fault,1,1,100,1800,-4.753642,-0.431786,-0.319137,12.534485,-0.366764,-0.021088,-0.00281,0.012234,0.846622,194.795
1042,cruise,4178.796905,66.160979,64.65769,88.505613,201.695771,657.019067,23.12355,0.313986,9.931365,7.624968,3403.200987,cooling_system_fault,1,1,100,1800,-3.916437,-0.256237,-0.667549,13.459803,0.332633,-0.080361,-0.00339,0.045372,0.846296,194.79
1043,cruise,4221.533332,66.121662,64.422239,87.578063,200.654725,656.091161,23.12947,0.320403,9.483598,9.293322,3426.519397,cooling_system_fault,1,1,100,1800,-0.480384,-0.366646,-0.015286,11.676616,1.218741,0.029519,-0.002187,0.011295,0.84597,194.785
1044,cruise,4218.774984,66.612588,64.508769,87.426266,201.64813,654.629683,22.762164,0.316411,10.072638,8.155427,3561.243038,cooling_system_fault,1,1,100,1800,-0.074057,-0.554058,0.777178,13.261458,-2.202465,-0.171311,0.010181,0.032264,0.845643,194.78
1045,cruise,4181.036103,65.292607,65.016054,87.404562,201.368562,652.376684,22.835719,0.323224,9.694062,6.931465,3432.136141,cooling_system_fault,1,1,100,1800,1.951582,-0.386716,-0.062569,12.736267,2.647663,-0.185709,0.000847,0.035949,0.845315,194.775
1046,cruise,4184.00558,66.258513,65.250428,88.634166,202.704595,655.693489,22.992887,0.312517,9.615535,7.661359,3452.407669,cooling_system_fault,1,1,100,1800,1.404666,-0.649116,-0.517741,11.607706,-0.479754,0.11129,0.005208,-0.016842,0.844988,194.77
1047,cruise,4220.134919,65.688344,65.133438,87.410573,198.405415,654.849674,22.962515,0.319643,9.688,7.840071,3384.433295,cooling_system_fault,1,1,100,1800,4.229914,-0.17324,0.749143,11.467509,-1.539592,-0.058143,0.001559,0.047476,0.84466,194.765
1048,cruise,4189.07872,66.249711,64.411085,87.55766,202.452747,651.385524,23.085114,0.309408,9.705567,7.706111,3568.564856,cooling_system_fault,1,1,100,1800,-0.849197,0.184951,-1.073315,10.945747,1.997476,0.155439,0.000919,-0.021985,0.844332,194.76
1049,cruise,4218.690002,64.269763,64.993352,87.495804,199.324555,654.910618,23.241056,0.317454,9.859479,8.258607,3577.974367,cooling_system_fault,1,1,100,1800,-1.285535,0.101978,-0.647697,12.939489,3.740006,0.105924,-0.002105,-0.044047,0.844003,194.755
1050,cruise,4239.055895,67.590934,64.724267,88.44871,201.480499,652.122086,23.195529,0.316794,9.914525,7.402764,3465.658021,cooling_system_fault,1,1,100,1800,-0.691249,0.065276,-0.144708,12.279335,1.629693,-0.008093,-0.008708,-0.012029,0.843674,194.75
1051,cruise,4204.880035,65.223022,64.53094,87.236933,200.146953,651.95929,23.271042,0.320039,9.542122,8.32525,3560.62545,cooling_system_fault,1,1,100,1800,-2.558441,0.111468,-0.64482,9.642308,-2.744863,-0.305833,-0.001027,0.067107,0.843345,194.745
1052,cruise,4206.04104,67.213077,64.787745,87.242017,199.387345,656.273625,23.023396,0.315396,9.718662,7.03604,3484.107055,cooling_system_fault,1,1,100,1800,1.109978,-0.227993,0.076639,11.229989,1.818831,0.334937,0.006121,0.010872,0.843015,194.74
1053,cruise,4215.929445,65.818489,64.622767,88.484862,201.472323,649.911886,23.001838,0.314374,9.682126,7.781685,3558.875959,cooling_system_fault,1,1,100,1800,5.348896,-0.094998,0.430963,12.166628,0.148637,0.070519,-0.000305,0.062826,0.842685,194.735
1054,cruise,4204.075217,67.385332,64.462817,87.861359,201.403831,648.608461,23.01231,0.315227,9.680266,7.848613,3346.244516,cooling_system_fault,1,1,100,1800,3.690026,0.589043,-0.216893,11.921732,1.757832,-0.055158,-0.000443,-0.063371,0.842355,194.73
1055,cruise,4216.234168,68.491085,64.947272,88.613557,201.250163,651.460803,22.994159,0.321276,9.73797,8.523455,3411.428504,cooling_system_fault,1,1,100,1800,0.963753,0.674572,0.267254,12.325769,-0.223512,-0.301354,-0.001403,-0.023304,0.842024,194.725
1056,cruise,4198.848783,65.504032,64.661339,87.199576,202.213972,653.573711,23.017806,0.316984,9.716671,8.907666,3436.628794,cooling_system_fault,1,1,100,1800,1.665257,-0.424872,-0.566059,10.740682,-1.643673,0.039444,0.002136,0.011195,0.841693,194.72
1057,cruise,4200.487629,65.447632,64.403544,88.074764,201.669561,652.21839,23.153497,0.310892,10.008645,9.16738,3408.684368,cooling_system_fault,1,1,100,1800,1.117901,-0.25172,0.410216,12.222995,1.950756,-0.160982,0.00981,-0.026936,0.841362,194.715
1058,cruise,4213.088977,67.393906,65.237325,88.368405,200.378135,659.413188,23.05062,0.314125,9.89294,7.91807,3547.425879,cooling_system_fault,1,1,100,1800,0.370313,0.162144,0.319623,11.991847,1.349712,-0.183328,0.010389,0.081493,0.84103,194.71
1059,cruise,4208.918825,66.543581,64.098697,87.825831,203.438305,652.803563,23.137,0.305132,9.544816,8.605274,3367.12968,cooling_system_fault,1,1,100,1800,0.105291,-0.133443,-0.004122,11.299748,1.015556,0.15937,0.004833,0.029927,0.840698,194.705
1060,cruise,4218.509461,69.029459,64.870157,87.755506,199.63515,653.218804,22.857269,0.313858,9.647183,8.729108,3675.733656,cooling_system_fault,1,1,100,1800,-4.863602,-0.553562,-0.382567,12.45009,0.621683,0.079594,-0.006775,0.000599,0.840366,194.7
1061,cruise,4185.854825,65.704653,64.828756,87.908204,200.245179,649.491655,22.916229,0.321662,9.749123,8.43283,3353.870867,cooling_system_fault,1,1,100,1800,-3.315924,-0.123893,-0.211059,12.157526,0.350036,0.205973,0.001804,-0.090681,0.840033,194.695
1062,cruise,4198.619862,68.168384,63.754534,88.508022,201.971945,653.150618,23.089548,0.313654,10.140552,7.686548,3412.43395,cooling_system_fault,1,1,100,1800,3.99801,0.320849,-1.05308,11.916901,-2.177538,-0.059692,0.008979,-0.042754,0.8397,194.69
1063,cruise,4212.69499,65.818761,64.633138,88.66119,202.130831,655.810731,23.104225,0.312373,9.809498,7.440155,3384.806352,cooling_system_fault,1,1,100,1800,-0.01496,-0.023934,-0.345416,10.888259,-0.706648,0.157451,-0.003263,-0.051515,0.839367,194.685
1064,cruise,4220.200054,67.467737,64.984646,87.287689,202.084552,655.392958,22.876801,0.314769,9.951449,7.186995,3511.799891,cooling_system_fault,1,1,100,1800,-4.477849,0.076853,-0.64911,11.277019,0.263746,0.149561,-0.003224,0.046787,0.839033,194.68
1065,cruise,4209.271982,68.738229,64.571708,87.57073,201.310606,653.043597,23.337749,0.309528,9.794466,7.149298,3583.551917,cooling_system_fault,1,1,100,1800,-1.401124,-0.637132,-0.739043,12.807366,0.600952,-0.104883,0.009807,0.042396,0.838699,194.675
1066,cruise,4171.011311,64.625456,64.839992,87.8543,201.185162,655.187285,22.878641,0.316618,9.58106,6.710366,3435.430266,cooling_system_fault,1,1,100,1800,0.133852,-0.465831,0.138932,12.491178,-1.143902,-0.140533,-0.004565,-0.043226,0.838364,194.67
1067,cruise,4216.395831,67.936174,65.356004,88.812396,202.150619,656.429631,22.78827,0.313275,9.713096,6.254745,3524.285084,cooling_system_fault,1,1,100,1800,1.998961,-0.024747,-0.081687,13.051584,-2.530403,-0.162137,-0.002562,-0.000501,0.838029,194.665
1068,cruise,4192.311886,65.737101,64.762245,87.736619,203.568273,655.658417,23.032331,0.313146,9.718937,10.148006,3381.979136,cooling_system_fault,1,1,100,1800,9.423363,-0.612606,-0.379673,13.424273,-4.358365,-0.02676,0.00387,0.029514,0.837694,194.66
1069,cruise,4199.526622,69.446803,64.288055,88.375997,200.593962,653.733457,22.800566,0.311382,9.732259,9.594352,3461.71155,cooling_system_fault,1,1,100,1800,1.897575,-0.293485,-0.196045,12.108558,2.495549,-0.250724,-0.009202,-0.151754,0.837359,194.655
1070,cruise,4217.932175,66.101727,64.311203,89.052196,200.38804,655.914083,22.731389,0.314001,9.668204,8.200202,3355.040972,cooling_system_fault,1,1,100,1800,1.87292,0.647369,0.439178,11.901349,2.700178,0.087412,-0.004845,0.033692,0.837023,194.65
1071,cruise,4174.561479,65.8164,64.498449,88.170762,200.774914,650.374986,22.946817,0.323211,9.557986,7.069274,3553.229426,cooling_system_fault,1,1,100,1800,0.210467,-0.117433,0.365361,13.59642,0.481013,-0.017436,-0.004003,-0.057851,0.836687,194.645
1072,cruise,4209.096434,68.723097,64.313892,88.713406,202.652563,658.372851,23.262761,0.31804,9.82669,8.34914,3606.960027,cooling_system_fault,1,1,100,1800,-5.245257,0.285237,0.120746,14.369707,-2.617189,-0.309217,0.002166,-0.109165,0.83635,194.64
1073,cruise,4201.638869,67.015663,64.377398,88.355873,203.127067,653.55115,22.548094,0.321264,9.804352,8.305729,3469.283407,cooling_system_fault,1,1,100,1800,-1.550016,1.035125,-0.000744,12.75974,0.409197,-0.161273,-0.003215,-0.078288,0.836013,194.635
1074,cruise,4207.243478,67.401298,64.671931,89.086883,201.730371,654.554649,23.331692,0.316324,9.859071,8.569956,3422.66002,cooling_system_fault,1,1,100,1800,-0.26909,0.034815,0.403545,13.84934,-2.147594,-0.014471,0.008784,0.063604,0.835676,194.63
1075,cruise,4217.188595,66.802974,64.675652,88.06224,202.71522,656.182879,22.893383,0.317457,9.981929,7.245779,3446.235992,cooling_system_fault,1,1,100,1800,2.794163,0.18541,-0.224698,11.913336,-0.13179,-0.162419,-0.006085,0.012971,0.835338,194.625
1076,cruise,4221.548102,67.973558,64.218243,88.805738,200.265357,654.876813,22.669706,0.310427,9.762168,7.296907,3462.052536,cooling_system_fault,1,1,100,1800,-2.933134,0.391293,0.335066,11.655922,0.913195,-0.113907,-0.001577,-0.052119,0.835,194.62
1077,cruise,4188.844536,66.901989,64.58876,88.034409,201.004271,654.740261,23.146442,0.308564,9.644288,8.428915,3325.546209,cooling_system_fault,1,1,100,1800,2.29335,-0.424251,0.218633,12.301416,0.388773,-0.205143,-0.001666,-0.164007,0.834662,194.615
1078,cruise,4188.157642,68.764317,64.395486,87.70608,203.621193,651.514314,23.225893,0.313606,9.633374,5.726303,3505.390584,cooling_system_fault,1,1,100,1800,2.952902,-0.17799,0.228459,14.939397,1.661391,-0.222236,0.005182,0.160652,0.834323,194.61
1079,cruise,4218.04774,66.06856,64.483515,88.337811,201.432035,656.112433,23.15435,0.311778,9.794406,8.020226,3429.047028,cooling_system_fault,1,1,100,1800,-2.461846,-0.136591,-0.320463,11.742664,-1.352336,-0.081694,0.002723,-0.130563,0.833985,194.605
1080,cruise,4190.578213,66.935982,64.564256,87.571459,200.059196,653.989271,22.783627,0.310378,9.858032,7.748189,3419.197102,cooling_system_fault,1,1,100,1800,3.010566,-0.796758,0.031377,11.144944,0.839205,0.295692,0.002206,0.176961,0.833645,194.6
1081,cruise,4198.124475,65.140117,64.438676,88.302785,200.612718,656.418722,22.838707,0.31497,9.64597,6.88265,3553.804547,cooling_system_fault,1,1,100,1800,1.183233,-0.352531,0.039068,12.245082,1.106794,-0.104501,-0.002635,-0.048419,0.833306,194.595
1082,cruise,4197.623989,66.708209,64.6327,88.544677,200.055801,655.284669,22.938593,0.321206,9.706326,8.879019,3255.919621,cooling_system_fault,1,1,100,1800,2.825476,0.07653,0.679939,12.391176,-1.22143,0.066932,-0.001793,0.060408,0.832965,194.59
1083,cruise,4201.00502,68.179202,64.645057,87.175967,203.092314,653.988157,23.076332,0.322643,9.66761,5.66183,3671.515701,cooling_system_fault,1,1,100,1800,-5.369459,0.086109,0.016772,12.743125,-2.267832,0.126209,0.005234,0.034438,0.832625,194.585
1084,cruise,4217.569176,65.724937,65.025278,87.859265,201.030337,651.933082,22.843521,0.320556,9.905043,7.40582,3454.763768,cooling_system_fault,1,1,100,1800,2.761577,-1.296139,-0.446707,13.066122,2.346979,0.247632,0.002516,-0.022191,0.832284,194.58
1085,cruise,4229.029796,66.43596,63.929194,88.177779,202.256019,657.847607,22.857521,0.303422,9.793718,9.357929,3440.215129,cooling_system_fault,1,1,100,1800,0.543203,0.0077,-0.158179,12.770951,1.752526,-0.110869,-0.000301,-0.134056,0.831943,194.575
1086,cruise,4209.481109,67.861134,65.102607,88.095229,200.542496,651.736973,23.209925,0.315118,9.912794,8.713461,3525.368943,cooling_system_fault,1,1,100,1800,-2.998453,0.335088,-0.35063,13.192745,0.055151,0.031544,-0.00368,-0.103444,0.831602,194.57
1087,cruise,4232.479591,67.682297,65.149754,88.597382,202.585883,655.056981,22.727549,0.310792,9.568366,8.314309,3672.814311,cooling_system_fault,1,1,100,1800,1.874801,-0.278048,0.820397,12.20643,0.472936,-0.104722,-0.002589,0.04036,0.83126,194.565
1088,cruise,4192.596895,67.798226,64.030266,88.016774,201.407492,660.400899,23.005612,0.308409,9.628498,7.809134,3663.325137,cooling_system_fault,1,1,100,1800,0.046494,-0.048488,-0.267624,13.37719,0.499141,-0.067798,-0.002894,-0.026236,0.830918,194.56
1089,cruise,4164.714981,67.64028,64.843889,88.708864,201.71627,655.593485,23.247039,0.314692,9.867227,8.63504,3574.242783,cooling_system_fault,1,1,100,1800,-0.451052,0.794579,0.371947,12.585615,-0.419351,0.396545,0.004991,0.007284,0.830576,194.555
1090,cruise,4237.225279,67.405508,65.004325,88.068531,202.399145,653.019141,22.948842,0.31563,9.835792,8.525547,3531.298122,cooling_system_fault,1,1,100,1800,-3.452907,-0.289512,-0.382466,12.755749,-0.518131,0.007727,-0.000879,0.075839,0.830233,194.55
1091,cruise,4205.021163,67.224223,64.666718,87.606117,202.010271,654.054625,22.829369,0.310415,9.610547,8.3445,3497.345761,cooling_system_fault,1,1,100,1800,-2.085984,-0.145301,0.263728,13.653426,2.805756,0.261924,-0.004928,-0.01967,0.82989,194.545
1092,cruise,4210.363304,66.620083,64.937859,88.059121,203.088874,653.647848,22.555427,0.311496,9.799088,7.932729,3605.040951,cooling_system_fault,1,1,100,1800,4.230165,0.742946,0.437159,13.564405,0.136654,0.057943,0.000139,-0.100242,0.829546,194.54
1093,cruise,4218.313073,66.530598,64.830094,87.496824,200.663245,653.978133,23.020995,0.314849,9.93808,7.952251,3292.564967,cooling_system_fault,1,1,100,1800,-1.143468,0.020164,-0.068585,14.28986,-1.290805,0.063123,0.014697,0.171479,0.829202,194.535
1094,cruise,4193.761398,66.828606,63.87572,88.311384,202.737868,656.783644,22.8865,0.311862,9.917541,8.751096,3506.892626,cooling_system_fault,1,1,100,1800,2.202774,-0.208778,0.385637,13.645091,1.245918,-0.181072,-0.010135,-0.034274,0.828858,194.53
1095,cruise,4219.457351,67.163365,63.912421,88.095009,201.531865,653.925714,23.087242,0.3093,9.768677,7.01199,3530.095752,cooling_system_fault,1,1,100,1800,0.760939,-0.666602,0.17522,11.70264,-0.006433,0.033425,-0.001652,0.051258,0.828514,194.525
1096,cruise,4190.285711,65.597969,64.489809,88.141951,198.679072,654.792268,22.954412,0.312085,9.728313,6.883916,3476.107442,cooling_system_fault,1,1,100,1800,1.14213,-0.331543,1.191673,12.514887,0.418635,-0.084792,-0.010688,-0.000802,0.828169,194.52
1097,cruise,4226.121898,66.071721,64.57771,88.039494,202.381018,657.215396,22.958722,0.312868,9.65141,8.970952,3663.271201,cooling_system_fault,1,1,100,1800,2.252665,0.056267,-0.614833,13.444055,-0.095222,0.223953,0.003855,-0.134816,0.827824,194.515
1098,cruise,4177.101675,67.639451,64.002631,87.51282,204.068336,655.27056,23.019778,0.311332,9.569273,7.607748,3598.640692,cooling_system_fault,1,1,100,1800,-2.063507,0.223259,-0.98265,12.200022,-0.877032,-0.038477,0.00485,-0.023824,0.827478,194.51
1099,cruise,4228.615781,65.719244,64.565485,87.682345,201.830016,649.509188,23.197389,0.31899,9.924386,7.002466,3431.692789,cooling_system_fault,1,1,100,1800,0.861954,-0.278575,-0.885462,12.074786,-1.719619,-0.211868,0.002465,-0.006689,0.827132,194.505
1100,cruise,4221.1899,67.598179,64.374126,88.109184,201.550139,652.215462,22.841418,0.305496,9.712283,9.849325,3488.789949,cooling_system_fault,1,1,100,1800,-5.966073,-0.079456,0.552154,12.540216,-1.153931,-0.251781,-0.006662,-0.08728,0.826786,194.5
1101,cruise,4212.999352,68.416126,64.247739,88.272845,201.68071,650.653192,22.783602,0.320041,9.624771,7.624424,3317.86749,cooling_system_fault,1,1,100,1800,2.01733,0.149356,-0.09703,14.059029,0.934314,0.02522,-0.004083,0.057052,0.826439,194.495
1102,cruise,4200.726304,66.323469,65.172914,88.815762,202.499839,653.854912,23.142988,0.320452,9.608431,9.036822,3492.079831,cooling_system_fault,1,1,100,1800,2.77341,-0.006952,-0.993075,13.360521,0.143212,0.059309,-0.000709,-0.176985,0.826092,194.49
1103,cruise,4221.111195,67.214872,64.466491,88.502697,201.639032,653.77929,22.662089,0.318279,9.782613,8.031084,3466.800985,cooling_system_fault,1,1,100,1800,-3.621268,0.484915,-0.213723,12.823519,-2.67312,-0.035482,0.007402,-0.063079,0.825745,194.485
1104,cruise,4215.74139,66.280633,64.409125,87.453728,201.808725,655.597001,23.040092,0.303909,9.560361,9.513647,3469.697443,cooling_system_fault,1,1,100,1800,-2.650896,-0.097037,-0.019353,14.307825,-1.376567,-0.2454,-0.000286,-0.167038,0.825397,194.48
1105,cruise,4228.442885,66.809241,64.24198,88.141561,202.157075,651.399161,22.993964,0.325195,9.531248,9.688413,3525.659965,cooling_system_fault,1,1,100,1800,2.506837,0.128531,-0.648213,14.71975,-1.228147,0.153573,-0.00147,-0.026998,0.825049,194.475
1106,cruise,4191.977512,65.524608,64.793824,88.348382,200.998824,659.147529,23.196894,0.327396,9.927212,5.902911,3455.940461,cooling_system_fault,1,1,100,1800,4.979161,-0.277496,-0.276772,12.905341,1.220067,0.043744,-0.003561,-0.09538,0.824701,194.47
1107,cruise,4216.20062,68.862713,64.904783,88.740106,202.43139,654.525071,23.004709,0.316049,9.370373,8.161723,3494.320626,cooling_system_fault,1,1,100,1800,-1.135663,0.044573,0.552437,14.126229,-0.233191,0.294478,0.001061,-0.014625,0.824352,194.465
1108,cruise,4202.851388,67.580238,64.562225,89.210169,202.499449,651.451077,23.011855,0.316933,9.864023,7.863385,3548.590348,cooling_system_fault,1,1,100,1800,-3.26406,-0.063749,-0.265515,12.872193,2.03375,0.117538,-0.00635,0.074697,0.824003,194.46
1109,cruise,4212.239193,68.375254,65.08704,87.884163,204.464506,654.881311,22.959117,0.315191,9.63862,7.459837,3392.210085,cooling_system_fault,1,1,100,1800,4.605283,0.054745,-0.036439,13.267707,-4.147755,0.372994,0.003379,-0.016426,0.823654,194.455
1110,cruise,4170.51581,69.172541,64.652222,88.914074,201.042456,656.615844,22.852189,0.319107,10.099708,9.459222,3352.284709,cooling_system_fault,1,1,100,1800,-3.479602,-0.46279,-0.195729,14.676698,-0.587636,0.103697,0.008958,-0.041727,0.823304,194.45
1111,cruise,4170.327652,67.60529,64.090629,87.244563,202.069657,655.55227,22.597963,0.321614,9.774509,9.433635,3518.430997,cooling_system_fault,1,1,100,1800,-0.076255,0.017928,0.068166,13.356991,-1.370618,0.046616,-0.008769,-0.018027,0.822954,194.445
1112,cruise,4217.418965,68.455927,64.546495,87.217478,204.355057,651.899417,22.933723,0.319484,9.622284,8.101593,3528.754316,cooling_system_fault,1,1,100,1800,0.571709,-0.228271,-0.369383,12.690178,-2.869466,0.098657,0.0042,-0.017612,0.822604,194.44
1113,cruise,4192.010088,68.246637,64.159736,88.02755,200.913849,655.021664,22.851832,0.307402,9.717717,5.940709,3647.787238,cooling_system_fault,1,1,100,1800,-3.125473,-0.15054,0.601467,13.641396,0.457278,0.08894,0.003539,0.118921,0.822253,194.435
1114,cruise,4197.159692,65.602588,64.335913,87.884075,203.584734,658.458481,22.815382,0.308641,9.633149,6.292585,3343.824982,cooling_system_fault,1,1,100,1800,0.127937,0.312274,0.265494,13.552546,-0.946188,0.060009,-0.010272,-0.080877,0.821902,194.43
1115,cruise,4195.353117,66.602937,64.750313,87.095411,203.083888,653.020056,23.254898,0.318484,9.858534,9.159439,3475.298033,cooling_system_fault,1,1,100,1800,-1.218363,-0.113141,-0.110454,13.661272,-0.03902,0.112669,0.004114,0.022661,0.821551,194.425
1116,cruise,4197.422809,67.200894,65.025557,87.659672,202.721837,650.901304,23.024907,0.315157,9.650341,9.235465,3408.294098,cooling_system_fault,1,1,100,1800,-2.870051,-0.803355,-0.121546,12.031626,0.628684,-0.240089,0.006742,-0.040458,0.821199,194.42
1117,cruise,4229.859617,66.654735,64.675966,88.407185,202.955216,651.480367,23.06929,0.315809,9.620935,8.822314,3323.296603,cooling_system_fault,1,1,100,1800,1.929009,0.260345,0.640117,12.776473,1.39317,0.233096,-0.004869,-0.053681,0.820847,194.415
1118,cruise,4211.475094,67.102191,64.142885,89.28926,200.709867,656.152846,23.10218,0.317266,9.989829,6.869281,3499.490477,cooling_system_fault,1,1,100,1800,-0.814324,0.964776,0.136168,14.291259,-0.165245,0.015622,0.001251,-0.060953,0.820494,194.41
1119,cruise,4186.230679,66.460932,64.34859,87.018721,200.570538,654.411064,22.802144,0.313255,9.918106,8.205062,3329.144148,cooling_system_fault,1,1,100,1800,0.292903,0.381291,0.751779,13.359279,-2.767854,-0.053359,0.003518,-0.00184,0.820141,194.405
1120,cruise,4197.966623,66.820696,65.149225,87.962092,204.191037,655.926454,23.003328,0.310216,9.806922,7.089302,3607.17753,cooling_system_fault,1,1,100,1800,-3.727617,0.014526,-0.270691,14.659116,-0.586022,0.317123,-0.003469,-0.091144,0.819788,194.4
1121,cruise,4235.650839,67.130693,64.697844,88.745981,204.378811,658.184583,23.102682,0.31564,9.906258,5.40624,3344.707558,cooling_system_fault,1,1,100,1800,5.373658,0.24917,0.212349,13.115921,2.265966,0.237122,-0.001914,-0.01522,0.819435,194.395
1122,cruise,4214.88776,69.059375,64.220952,88.214635,203.02472,652.500492,22.784008,0.313807,9.66942,7.000003,3605.660458,cooling_system_fault,1,1,100,1800,5.109357,0.315286,0.410744,14.113366,-2.606914,-0.124507,0.009559,0.109525,0.819081,194.39
1123,cruise,4201.978519,65.589317,64.898025,88.32144,201.983987,650.648076,22.82941,0.311955,9.723106,8.037048,3561.168137,cooling_system_fault,1,1,100,1800,4.737613,0.339273,-0.033353,14.649997,1.133312,0.152823,0.002245,-0.060754,0.818726,194.385
1124,cruise,4244.38439,68.534132,64.316031,88.347291,202.581252,655.26938,23.131109,0.323905,9.717419,7.42876,3456.780957,cooling_system_fault,1,1,100,1800,-4.818249,-0.563794,0.659908,13.85711,-0.95786,0.081384,0.00459,-0.003811,0.818372,194.38
1125,cruise,4233.352684,67.132993,64.221782,88.594199,202.062336,658.176554,23.287725,0.314679,9.777791,6.291995,3563.905096,cooling_system_fault,1,1,100,1800,1.841238,0.340271,0.119709,14.270986,1.027363,0.173514,-0.00163,0.073729,0.818017,194.375
1126,cruise,4200.35427,66.900946,65.076451,87.496092,201.821613,654.488634,23.010088,0.31222,9.73676,7.671433,3389.67591,cooling_system_fault,1,1,100,1800,-3.110913,-0.00646,0.800219,13.096466,2.080738,0.048093,0.010835,0.015314,0.817662,194.37
1127,cruise,4206.420745,66.187998,64.142773,88.410421,203.672399,658.775713,22.890298,0.307824,9.605351,7.286645,3373.436661,cooling_system_fault,1,1,100,1800,-0.677639,0.085723,0.318995,12.389497,-3.539058,0.083188,-3.7e-05,-0.09979,0.817306,194.365
1128,cruise,4192.829377,66.316806,65.65785,87.446029,201.184854,654.264937,23.138323,0.303092,9.518196,6.019461,3490.629498,cooling_system_fault,1,1,100,1800,1.957873,-0.043069,-0.145866,14.598746,-2.459351,0.201202,-0.013816,0.022601,0.81695,194.36
1129,cruise,4181.841427,65.987151,64.450848,88.076718,202.998167,654.878425,23.024032,0.308126,9.831457,8.247934,3496.779128,cooling_system_fault,1,1,100,1800,-0.642645,-0.332898,0.834024,14.157297,-0.414674,0.059086,0.002573,0.048666,0.816594,194.355
1130,cruise,4206.543212,68.299715,65.066306,88.115337,203.419474,652.102121,23.01133,0.305151,9.727079,9.00295,3468.590923,cooling_system_fault,1,1,100,1800,1.16208,0.204959,-0.110703,12.39767,-2.492614,-0.028846,-0.008173,0.052215,0.816237,194.35
1131,cruise,4233.781579,66.60197,64.529391,86.938705,202.898686,654.549426,23.212788,0.31493,9.843172,9.186819,3463.236391,cooling_system_fault,1,1,100,1800,0.441462,0.512042,0.621145,14.09126,1.959796,-0.107952,0.000575,-0.095428,0.81588,194.345
1132,cruise,4206.976844,65.483714,64.678805,87.569029,203.53049,655.291977,22.930474,0.308295,9.856688,6.066646,3632.131727,cooling_system_fault,1,1,100,1800,-0.500935,-0.023344,0.264069,13.956933,-0.60689,-0.22195,0.003182,0.111692,0.815523,194.34
1133,cruise,4216.548664,64.866451,65.17697,87.993258,203.198674,655.127752,22.803492,0.315063,9.682499,9.401509,3473.227389,cooling_system_fault,1,1,100,1800,-3.712975,0.446045,-0.666053,14.365976,-1.841119,-0.121514,-0.004516,-0.044846,0.815165,194.335
1134,cruise,4200.683041,66.400138,64.469575,88.726555,203.285465,651.773518,23.057977,0.313965,9.585589,8.6798,3371.215122,cooling_system_fault,1,1,100,1800,-3.245898,0.371991,-0.053782,14.20463,-1.302503,0.057765,-0.008736,0.141603,0.814807,194.33
1135,cruise,4207.93913,65.570685,64.626912,87.923804,203.842448,653.40494,23.412636,0.316013,9.834397,7.287869,3329.890554,cooling_system_fault,1,1,100,1800,4.280933,-0.034301,0.194467,12.944343,-0.280311,-0.097357,-0.004962,0.052591,0.814449,194.325
1136,cruise,4227.739283,65.01824,64.249962,88.631003,203.385332,652.770469,22.73212,0.321489,9.588469,6.768416,3508.521995,cooling_system_fault,1,1,100,1800,3.057887,-0.286064,0.142398,14.4408,2.624011,0.226239,0.005326,0.072524,0.81409,194.32
1137,cruise,4224.70768,69.1745,64.77843,88.508215,201.528265,655.455699,22.785021,0.312065,9.808575,7.301161,3491.682907,cooling_system_fault,1,1,100,1800,4.531587,0.251562,0.438514,14.583732,-0.77374,0.273724,0.003552,-0.039023,0.813731,194.315
1138,cruise,4195.905594,66.38835,64.586707,88.4553,203.314211,658.38981,23.055886,0.318222,9.771855,9.638911,3520.107102,cooling_system_fault,1,1,100,1800,3.340523,-0.512137,-0.017482,13.451339,-0.151576,-0.187585,0.006135,-0.001234,0.813372,194.31
1139,cruise,4206.91328,67.166541,65.466097,87.200484,205.42338,651.419991,23.235307,0.307995,9.903691,7.033323,3358.062307,cooling_system_fault,1,1,100,1800,1.030885,-0.181644,0.097315,14.377942,-0.776593,-0.0354,-0.001187,0.075709,0.813012,194.305
1140,cruise,4214.880269,69.403113,64.699912,87.275132,202.376153,652.243924,22.943454,0.308866,9.885989,8.463492,3493.346677,cooling_system_fault,1,1,100,1800,-2.922992,-0.049059,-0.279545,14.611109,-0.032889,0.103825,-0.006327,-0.132384,0.812652,194.3
1141,cruise,4185.960933,68.021572,64.679304,88.261475,203.58714,655.114165,22.728328,0.308429,9.806249,9.289272,3693.052123,cooling_system_fault,1,1,100,1800,2.461788,0.009038,-0.424369,14.142593,-1.935404,0.142399,0.003461,-0.017848,0.812291,194.295
1142,cruise,4185.977656,66.952196,65.063001,89.603132,203.359016,654.968588,22.975637,0.32594,9.770718,7.144567,3491.302369,cooling_system_fault,1,1,100,1800,-0.28137,0.064532,0.145414,14.873337,-1.379457,0.133515,0.008169,0.042391,0.81193,194.29
1143,cruise,4268.286821,66.413701,64.505606,87.643385,202.266966,656.754447,23.21356,0.315565,9.591026,7.529647,3427.775747,cooling_system_fault,1,1,100,1800,-5.671451,0.248079,0.502032,15.600026,0.227058,0.075106,0.005827,-0.186631,0.811569,194.285
1144,cruise,4203.666481,66.687281,64.187289,87.859126,203.845185,654.24013,23.103826,0.319447,9.78377,9.567511,3476.441464,cooling_system_fault,1,1,100,1800,-4.554073,0.169296,0.319747,14.479808,-1.360451,-0.072827,0.007326,-0.044681,0.811208,194.28
1145,cruise,4194.355235,67.550549,64.782392,87.658277,203.948593,657.711143,23.057377,0.306357,9.738178,7.764543,3634.162964,cooling_system_fault,1,1,100,1800,-1.207565,-0.206067,-0.194873,13.831356,2.180686,-0.031003,0.002607,0.056473,0.810846,194.275
1146,cruise,4204.169281,68.00295,64.62676,87.434781,202.275779,656.927346,23.104883,0.30298,9.455659,6.069889,3575.445377,cooling_system_fault,1,1,100,1800,0.234305,-0.032422,-0.028019,13.595803,-0.622862,0.061722,-0.004145,0.023663,0.810484,194.27
1147,cruise,4218.885741,65.753951,64.483166,88.17962,202.283248,654.097782,23.220503,0.322804,9.623753,9.711074,3482.972225,cooling_system_fault,1,1,100,1800,-3.597989,0.267488,0.34527,14.733346,-0.744259,-0.356522,-9.3e-05,0.049203,0.810121,194.265
1148,cruise,4207.174507,67.57124,64.360198,88.258918,203.4017,652.779865,22.993744,0.31079,9.569012,7.698326,3491.055789,cooling_system_fault,1,1,100,1800,-2.380891,-0.266414,0.1296,14.915741,0.497126,-0.289665,-0.005931,0.061099,0.809758,194.26
1149,cruise,4182.449853,66.919854,64.926378,88.37025,202.716369,652.860039,22.795796,0.318495,9.393988,7.777841,3473.922855,cooling_system_fault,1,1,100,1800,2.341348,-0.375957,-0.410892,14.809819,-1.125568,0.212843,0.010561,0.118761,0.809395,194.255
1150,cruise,4205.116171,67.921663,64.575137,88.577158,203.609115,653.093696,23.131805,0.308272,9.569342,8.485018,3463.101659,cooling_system_fault,1,1,100,1800,1.121516,0.515789,-0.012805,13.996473,2.105559,0.068891,0.003034,0.024354,0.809031,194.25
1151,cruise,4186.66342,67.919525,64.722261,88.200068,202.636001,651.736792,22.853504,0.315908,9.603688,9.04814,3443.053315,cooling_system_fault,1,1,100,1800,-3.532184,0.18703,-0.25833,15.100455,0.626906,-0.001826,-0.004776,0.016696,0.808668,194.245
1152,cruise,4225.528048,65.701259,65.14004,87.985915,203.114217,650.296472,23.142895,0.311514,9.71614,8.672358,3370.851694,cooling_system_fault,1,1,100,1800,-7.308605,0.065211,-0.488989,16.23428,0.124518,-0.034545,-0.003841,0.126084,0.808303,194.24
1153,cruise,4219.613503,68.75134,64.405539,87.514443,202.654525,658.468346,23.035402,0.317459,9.526474,7.534224,3438.933188,cooling_system_fault,1,1,100,1800,0.694038,-0.00247,0.007878,14.015971,1.125545,0.183606,0.002308,0.090527,0.807939,194.235
1154,cruise,4183.11478,67.363768,62.993185,87.645365,202.231932,654.376804,22.751391,0.308439,9.95174,8.731756,3533.280008,cooling_system_fault,1,1,100,1800,-2.396621,-0.357312,1.10283,13.891171,1.70078,0.026503,0.00164,-0.06504,0.807574,194.23
1155,cruise,4206.739572,67.707724,64.201077,88.329684,204.810726,654.845386,23.219701,0.319358,9.791596,7.199865,3437.514834,cooling_system_fault,1,1,100,1800,1.724839,-0.119943,0.079613,15.186373,0.686155,0.274858,0.001492,-0.117778,0.807208,194.225
1156,cruise,4191.699103,66.863041,64.96882,88.121097,204.202279,654.608131,23.252233,0.312862,9.643079,6.943737,3414.619975,cooling_system_fault,1,1,100,1800,3.480729,-0.347641,-0.078462,16.371835,-0.016933,0.13071,-0.001948,-0.015948,0.806843,194.22
1157,cruise,4217.391492,67.242231,65.059569,87.793723,204.157947,654.530687,22.970567,0.316699,9.684612,7.721698,3493.730025,cooling_system_fault,1,1,100,1800,4.496672,0.0238,0.60283,13.267753,-1.86802,-0.239488,-0.005301,0.028137,0.806477,194.215
1158,cruise,4205.516238,68.172324,64.667701,87.507353,204.780573,653.735666,23.274997,0.317102,9.783116,8.889311,3373.944064,cooling_system_fault,1,1,100,1800,-0.675036,-0.31666,-0.224507,15.463007,1.17113,0.204213,-0.002285,-0.023847,0.80611,194.21
1159,cruise,4267.249086,66.149999,65.542838,88.562797,205.179215,653.985462,22.957619,0.313977,9.676944,8.312951,3491.741966,cooling_system_fault,1,1,100,1800,-0.273801,0.605866,-0.020021,15.423009,-0.775005,-0.061254,0.001767,0.138374,0.805744,194.205
1160,cruise,4251.155005,67.212635,64.007962,87.819674,204.808861,654.53824,23.11034,0.316355,9.361111,8.632268,3499.465416,cooling_system_fault,1,1,100,1800,-0.562045,0.039836,-0.567387,14.093817,0.408191,-0.179621,-0.001198,-0.075492,0.805377,194.2
1161,cruise,4179.358622,67.607256,64.940167,87.964894,204.871584,650.131149,22.835917,0.318705,9.748429,7.322161,3471.527248,cooling_system_fault,1,1,100,1800,-3.921179,0.183139,0.733022,15.077745,-0.341952,0.064482,-0.001311,-0.027015,0.805009,194.195
1162,cruise,4200.849789,64.666648,64.932149,88.091338,202.846292,654.169082,22.96433,0.311144,9.851484,7.022318,3344.169311,cooling_system_fault,1,1,100,1800,2.717397,-0.502838,1.053788,13.734371,0.921549,-0.201545,0.005765,-0.128857,0.804642,194.19
1163,cruise,4198.566121,64.840168,65.076779,86.878569,204.686818,654.719426,23.179246,0.313176,9.840114,9.404596,3383.78488,cooling_system_fault,1,1,100,1800,6.417129,-0.511117,-0.457565,14.534794,0.782246,0.014268,0.005617,-0.010149,0.804273,194.185
1164,cruise,4210.757197,66.944691,64.989833,88.806207,204.204455,657.593251,23.052271,0.296465,9.699154,9.67714,3476.840684,cooling_system_fault,1,1,100,1800,1.490158,0.158467,-0.222959,14.305947,-0.325322,-0.125764,0.004016,-0.110251,0.803905,194.18
1165,cruise,4194.540843,67.25429,64.129572,87.194271,203.683147,654.045776,23.002597,0.310356,9.735774,6.377898,3492.23034,cooling_system_fault,1,1,100,1800,2.316478,-0.43611,-0.589665,15.377586,0.993092,-0.037443,0.002176,-0.105772,0.803536,194.175
1166,cruise,4182.373969,68.848707,64.333813,88.582441,204.981751,653.399066,22.853466,0.313518,9.719767,6.909713,3449.533789,cooling_system_fault,1,1,100,1800,1.189051,0.110419,-0.561986,15.513085,-1.18678,-0.086624,-0.003277,0.086758,0.803167,194.17
1167,cruise,4202.404175,66.942571,64.021072,87.31128,204.422428,657.542276,23.080763,0.314041,9.761689,8.042591,3440.661656,cooling_system_fault,1,1,100,1800,3.192847,1.022822,0.219682,15.300509,1.308414,-0.121944,-0.006801,0.061651,0.802798,194.165
1168,cruise,4201.323402,67.037593,64.556017,88.063176,204.718836,653.261568,23.159583,0.321679,9.779619,7.79413,3407.732915,cooling_system_fault,1,1,100,1800,-2.125466,-0.64018,0.320626,14.536356,-0.401312,-0.026775,-0.005525,-0.044152,0.802428,194.16
1169,cruise,4231.264758,67.580193,64.986229,87.55201,205.362616,652.345307,22.893992,0.308959,9.788932,9.280178,3482.280316,cooling_system_fault,1,1,100,1800,-6.668105,0.191613,-1.091363,14.683386,0.184451,0.101622,0.00417,0.034683,0.802058,194.155
1170,cruise,4221.420653,66.749215,65.293947,87.602949,203.767408,656.924435,22.885297,0.312185,9.650489,10.131494,3381.569404,cooling_system_fault,1,1,100,1800,3.634004,0.232757,0.538059,16.671994,-0.294187,-0.042061,-0.003885,0.045822,0.801687,194.15
1171,cruise,4182.951608,67.07232,64.614745,87.877303,203.468752,652.461512,23.028323,0.313118,9.845746,9.942399,3491.044459,cooling_system_fault,1,1,100,1800,-1.819184,-0.563924,0.608178,15.092163,0.271817,-0.094968,0.002599,-0.06773,0.801316,194.145
1172,cruise,4204.04568,66.874264,64.691799,87.929104,204.063591,657.322946,23.444686,0.321046,9.627308,9.073517,3491.537084,cooling_system_fault,1,1,100,1800,-0.994727,-0.067101,1.2386,14.925605,-1.181131,0.33916,-0.00193,0.101399,0.800945,194.14
1173,cruise,4170.894593,66.614676,64.223034,88.033531,205.668229,652.027525,23.015221,0.315185,9.728478,7.603276,3391.083102,cooling_system_fault,1,1,100,1800,2.343759,-0.161128,-0.074313,14.397781,-1.911699,0.031197,-0.001486,0.01135,0.800574,194.135
1174,cruise,4202.633922,67.34548,64.496794,88.105429,204.930948,655.327502,22.998961,0.322034,10.134644,10.313806,3635.412359,cooling_system_fault,1,1,100,1800,-1.025898,-0.393831,0.925116,15.420672,-1.842254,-0.097531,0.001895,0.118111,0.800202,194.13
1175,cruise,4195.86565,67.483902,64.63218,87.994254,205.005471,660.252781,23.036894,0.306796,9.606272,8.753056,3547.852346,cooling_system_fault,1,1,100,1800,0.674263,-0.024401,-0.201759,16.146559,1.619743,0.147027,0.002842,0.016389,0.799829,194.125
1176,cruise,4194.903453,66.895407,64.831243,87.783318,205.307268,655.822536,22.844782,0.315599,9.672772,8.249857,3587.351716,cooling_system_fault,1,1,100,1800,1.211779,0.551765,0.109491,14.936233,1.537867,-0.105899,0.00825,0.074129,0.799457,194.12
1177,cruise,4223.666655,68.05297,64.513313,87.811989,204.83493,654.067223,23.011505,0.3256,10.014932,6.740567,3503.425459,cooling_system_fault,1,1,100,1800,2.75759,-0.166628,0.428662,17.754902,0.404677,-0.039189,0.004258,0.030657,0.799084,194.115
1178,cruise,4246.988456,67.569107,64.561264,88.908513,204.765809,652.861507,22.939603,0.31126,9.590859,8.379378,3499.903264,cooling_system_fault,1,1,100,1800,-5.117734,0.239824,-0.258584,15.653778,-0.812423,0.017614,0.001143,0.123707,0.798711,194.11
1179,cruise,4178.473079,68.240086,64.63832,88.207502,205.99264,652.84595,23.029285,0.310342,9.459589,8.601497,3578.962955,cooling_system_fault,1,1,100,1800,4.587978,0.100624,0.024014,16.991728,0.465006,-0.054629,-0.000225,-0.006419,0.798337,194.105
1180,cruise,4198.29739,65.224574,65.702081,87.409321,205.701087,648.981194,22.825097,0.321258,9.546677,8.169556,3454.998899,cooling_system_fault,1,1,100,1800,0.159686,-0.35561,0.216254,15.653762,0.580905,-0.158035,-0.006842,0.106672,0.797963,194.1
1181,cruise,4204.353129,66.972118,64.770364,88.000204,204.573812,649.414938,22.527708,0.306888,9.7949,10.233408,3458.013959,cooling_system_fault,1,1,100,1800,-0.543957,-0.675836,0.283401,15.31997,1.601076,-0.09058,0.002335,-0.14204,0.797589,194.095
1182,cruise,4219.698326,67.431419,63.861893,88.39953,204.25456,655.043789,23.199795,0.323016,9.93317,8.575254,3546.849237,cooling_system_fault,1,1,100,1800,3.13989,0.446222,-0.040089,13.771529,-0.303317,-0.164266,-0.007582,-0.004575,0.797214,194.09
1183,cruise,4181.671263,66.662791,64.377359,87.00641,203.613208,655.155122,22.997285,0.310437,9.538343,6.556364,3616.362826,cooling_system_fault,1,1,100,1800,0.134525,-0.626638,-0.108188,15.61145,0.616459,0.223884,0.005929,-0.08127,0.796839,194.085
1184,cruise,4192.186167,67.698195,64.530608,86.548835,203.665974,651.917752,23.077562,0.315059,9.909715,9.009047,3444.172044,cooling_system_fault,1,1,100,1800,-2.122305,0.523038,-0.852322,15.85022,1.523073,0.019115,-0.005637,-0.075258,0.796464,194.08
1185,cruise,4229.824267,68.242291,64.369574,88.288959,204.14745,656.434306,23.052913,0.313404,9.851003,8.342869,3512.817144,cooling_system_fault,1,1,100,1800,4.006633,0.17114,0.079899,16.167473,-0.684253,0.060108,-0.002833,-0.085625,0.796088,194.075
1186,cruise,4191.85306,66.558474,64.353172,88.105816,205.276792,654.547087,23.035707,0.319775,9.86962,8.582605,3656.912277,cooling_system_fault,1,1,100,1800,3.056621,0.016594,-0.405091,16.742507,-1.448036,-0.023944,-0.00578,0.024289,0.795712,194.07
1187,cruise,4201.162994,65.117216,64.158411,88.633853,204.93095,654.406748,22.939962,0.308454,9.966876,9.746736,3607.319062,cooling_system_fault,1,1,100,1800,0.857061,0.139399,0.467357,15.449332,-0.168206,-0.272171,-0.006468,-0.105883,0.795336,194.065
1188,cruise,4210.33972,66.715044,64.045085,88.208511,205.192221,656.192099,23.16423,0.317929,9.758002,7.735586,3440.253687,cooling_system_fault,1,1,100,1800,1.397067,-0.330054,0.866758,15.512337,-0.854198,-0.010251,0.003393,-0.098604,0.794959,194.06
1189,cruise,4232.932704,65.896609,64.302781,88.499344,205.473808,649.480525,22.985952,0.310415,9.568804,7.126159,3584.89576,cooling_system_fault,1,1,100,1800,0.890312,0.148845,0.304745,15.899312,1.453357,0.1312,0.008134,-0.009844,0.794582,194.055
1190,cruise,4219.791437,69.296304,64.599494,88.358344,206.649318,658.092145,22.658006,0.305535,9.787601,9.289728,3462.984947,cooling_system_fault,1,1,100,1800,-4.127981,0.57811,-0.261563,15.583787,1.062354,-0.070937,-0.014049,0.084247,0.794204,194.05
1191,cruise,4205.55501,65.614602,64.704365,87.190637,205.213368,653.855469,22.974261,0.315299,9.749782,8.206396,3540.45378,cooling_system_fault,1,1,100,1800,-5.404117,0.125942,0.392573,15.086109,0.277413,0.166842,-0.001934,0.066707,0.793827,194.045
1192,cruise,4191.727,65.34496,63.963288,88.021365,203.880138,654.573719,23.108405,0.323326,9.78698,9.214422,3358.465632,cooling_system_fault,1,1,100,1800,1.773342,0.352834,-0.391135,16.100198,-0.381809,0.074327,0.003683,0.164215,0.793448,194.04
1193,cruise,4213.873555,66.88507,64.021005,86.927586,202.316192,657.499645,23.219568,0.314635,9.585888,8.827744,3473.532609,cooling_system_fault,1,1,100,1800,1.6212,0.509722,-0.02564,15.697901,-2.077366,0.213911,-0.005747,-0.017714,0.79307,194.035
1194,cruise,4211.881702,66.727723,64.527238,87.217876,204.873887,654.149499,23.045034,0.307383,9.641845,7.632457,3357.756925,cooling_system_fault,1,1,100,1800,2.879012,-0.365298,0.922363,16.249572,-0.687752,-0.220098,0.002251,0.078398,0.792691,194.03
1195,cruise,4204.308046,65.386984,64.757016,87.945497,203.585976,653.337714,23.106225,0.311437,9.786793,9.096242,3431.489841,cooling_system_fault,1,1,100,1800,-1.499746,-0.192852,0.712429,15.207045,-0.974374,-0.070258,0.005453,-0.177153,0.792312,194.025
1196,cruise,4220.148449,65.956378,64.300912,88.100294,204.715256,654.76947,22.845525,0.305173,9.807788,9.625562,3557.055796,cooling_system_fault,1,1,100,1800,-1.306488,0.439622,0.00661,15.112552,2.924296,0.038392,-0.005394,-0.107146,0.791932,194.02
1197,cruise,4185.443139,66.658517,65.383703,88.194873,203.814043,658.567649,23.081402,0.322771,9.681745,8.571784,3531.822072,cooling_system_fault,1,1,100,1800,-1.991731,0.881939,-0.234296,15.987157,1.999723,-0.126272,0.002337,-0.000327,0.791553,194.015
1198,cruise,4208.814103,66.302553,64.20643,87.863559,205.610233,653.103853,22.944253,0.313789,9.730839,7.535664,3437.500963,cooling_system_fault,1,1,100,1800,4.160251,0.112018,0.627467,15.84641,-1.655124,-0.079227,0.001202,-0.065424,0.791172,194.01
1199,cruise,4197.734001,65.650838,64.456985,87.269226,204.059592,656.130917,22.970399,0.317559,9.746309,6.669655,3348.525869,cooling_system_fault,1,1,100,1800,0.256792,-0.640702,0.551066,15.435611,-2.531567,0.089707,-0.001447,-0.057567,0.790792,194.005
1200,cruise,4210.76543,70.338881,64.615759,87.497578,204.895664,650.297888,22.744549,0.315805,9.705233,7.381519,3478.604256,cooling_system_fault,1,1,100,1800,4.652411,0.119957,0.045106,17.698168,-1.52826,0.15239,0.007578,0.063759,0.790411,194.0
1201,cruise,4229.254987,67.460813,64.016258,87.993965,205.087143,653.643674,23.117221,0.317988,9.671861,8.659913,3308.434434,cooling_system_fault,1,1,100,1800,-5.215751,-0.563709,0.079346,16.260242,0.470266,-0.128244,-0.004056,-0.199496,0.79003,193.995
1202,cruise,4199.709846,67.740864,65.210374,87.862588,203.934171,651.049363,23.140389,0.315537,9.792483,7.990042,3559.288393,cooling_system_fault,1,1,100,1800,-1.063161,0.082892,-1.065495,15.533345,-1.256328,0.069625,0.002138,0.146288,0.789648,193.99
1203,cruise,4206.750231,65.628288,64.531056,88.028686,203.941061,655.045609,23.308501,0.312937,9.445991,8.430449,3549.730811,cooling_system_fault,1,1,100,1800,-0.048487,0.04446,0.947896,14.775565,1.141674,0.016664,0.008308,0.124212,0.789266,193.985
1204,cruise,4224.771604,66.322371,65.614105,87.925531,204.826918,655.033898,22.980432,0.315835,9.967936,7.642212,3404.373678,cooling_system_fault,1,1,100,1800,-6.149824,-0.119544,0.317054,17.60727,-1.173935,0.170804,0.003944,0.017732,0.788884,193.98
1205,cruise,4213.132873,66.214654,64.530722,88.882606,206.822393,656.581255,22.999873,0.319804,9.540453,8.393925,3287.660751,cooling_system_fault,1,1,100,1800,2.219674,-0.493124,-0.283832,16.031966,1.521088,0.067888,-0.00896,0.014808,0.788501,193.975
1206,cruise,4213.67251,66.894423,64.405656,88.130439,205.696438,653.355116,23.036322,0.3129,9.98616,7.176267,3439.599186,cooling_system_fault,1,1,100,1800,-6.361645,-0.770293,-0.059779,15.272676,-0.32194,0.08561,0.002351,-0.177305,0.788118,193.97
1207,cruise,4190.606362,67.161075,63.794563,88.170551,204.717246,650.120284,23.07788,0.316639,9.820963,8.365912,3526.447466,cooling_system_fault,1,1,100,1800,2.215872,-0.386586,-0.360375,16.058076,0.928393,0.315059,0.002937,0.017034,0.787735,193.965
1208,cruise,4215.72286,67.923221,63.940903,88.610422,205.119536,658.966318,23.045223,0.308455,9.751509,8.494821,3439.712064,cooling_system_fault,1,1,100,1800,2.123102,-0.359323,0.16307,15.933217,-1.001355,-0.061149,-0.006855,-0.174333,0.787351,193.96
1209,cruise,4232.944552,66.538886,64.509075,89.108819,206.951547,656.823906,23.000976,0.311771,9.553167,7.24839,3370.207743,cooling_system_fault,1,1,100,1800,1.452274,-0.164616,0.357792,16.181715,2.070538,0.088942,0.004516,0.017404,0.786967,193.955
1210,cruise,4217.287104,66.961963,64.376708,88.57435,204.716061,655.27963,22.943431,0.311931,9.93444,5.504698,3453.181402,cooling_system_fault,1,1,100,1800,0.254725,-0.038176,-0.039684,15.5024,-1.006208,-0.027467,-0.005779,0.038782,0.786583,193.95
1211,cruise,4218.681255,67.945504,63.766008,87.452297,204.868566,651.379302,23.168229,0.317431,9.738959,7.592912,3331.933409,cooling_system_fault,1,1,100,1800,-3.434748,0.295834,-0.051981,16.689368,-0.87486,-0.212615,-0.00213,0.091589,0.786198,193.945
1212,cruise,4202.638841,66.916801,64.181512,88.970277,203.247452,655.999122,22.768478,0.322216,9.76806,7.970702,3422.556464,cooling_system_fault,1,1,100,1800,-0.41393,0.034453,-0.008653,16.138501,-0.184006,-0.205738,-0.002254,0.052946,0.785813,193.94
1213,cruise,4207.087982,67.027131,64.805879,88.960545,207.298968,652.22413,23.044271,0.312627,9.889714,7.990134,3541.78553,cooling_system_fault,1,1,100,1800,3.039608,0.007556,0.843142,16.359088,-1.822577,-0.201727,-0.006371,0.013692,0.785428,193.935
1214,cruise,4218.074867,67.413615,64.870294,88.351291,204.85859,657.608566,23.250005,0.306833,9.696218,9.077529,3524.662949,cooling_system_fault,1,1,100,1800,1.353911,0.155143,-0.021811,15.237138,-0.939112,0.008072,0.001391,-0.05827,0.785042,193.93
1215,cruise,4233.963737,67.325169,64.538663,88.827047,205.692474,652.384292,23.181885,0.312849,9.960482,6.788612,3542.724313,cooling_system_fault,1,1,100,1800,-2.362622,0.392219,-0.51484,15.504407,3.870483,0.001147,0.003511,0.138813,0.784656,193.925
1216,cruise,4202.28548,68.105065,64.643553,88.758204,205.719972,651.436052,23.040195,0.31648,9.397567,7.825971,3309.293194,cooling_system_fault,1,1,100,1800,-0.366431,0.520825,0.399055,16.190122,-1.105064,0.111592,0.00053,7.6e-05,0.784269,193.92
1217,cruise,4204.414901,65.624109,64.494705,87.799101,206.550216,656.282268,23.27954,0.315368,9.850695,8.106487,3516.28802,cooling_system_fault,1,1,100,1800,0.454923,0.317257,-0.281153,16.132175,0.342388,-0.017614,0.002984,-0.03,0.783883,193.915
1218,cruise,4234.660445,66.859119,64.373198,88.167494,204.924549,654.202606,22.82269,0.320088,9.621267,8.838191,3577.966388,cooling_system_fault,1,1,100,1800,2.13802,-0.020173,-0.991481,16.433335,-0.370829,-0.207323,0.004325,0.004285,0.783496,193.91
1219,cruise,4201.521896,67.010889,64.551736,88.394082,204.3645,654.802022,22.913205,0.309912,9.689483,8.403241,3552.808255,cooling_system_fault,1,1,100,1800,-1.001798,-0.11017,-0.266405,16.102579,0.491167,0.092467,-0.002109,0.062596,0.783108,193.905
1220,cruise,4244.024007,68.292527,64.354146,88.315084,205.72972,657.759602,22.848527,0.30705,9.762574,9.109982,3639.540901,cooling_system_fault,1,1,100,1800,-0.59143,0.646843,0.174607,16.749365,0.930876,-0.011688,-0.008722,0.072705,0.78272,193.9
1221,cruise,4220.818307,67.130242,64.077536,88.128198,206.284796,657.005601,22.857095,0.315694,9.717001,8.753641,3436.879828,cooling_system_fault,1,1,100,1800,-1.192703,0.562827,-0.507372,17.740372,-0.869224,0.153134,-0.002509,-0.014204,0.782332,193.895
1222,cruise,4197.073509,66.872645,64.456482,89.409718,206.456536,658.597823,23.137618,0.318428,9.876235,8.268726,3429.808987,cooling_system_fault,1,1,100,1800,1.174164,0.592857,-0.614715,18.0502,3.651581,0.101197,0.000242,0.173357,0.781944,193.89
1223,cruise,4217.286612,66.664811,63.893647,88.412205,205.130554,655.216778,22.886061,0.317019,9.785859,8.564903,3442.235138,cooling_system_fault,1,1,100,1800,-0.711165,-0.055036,0.395438,16.30144,-1.749823,-0.104537,-0.005663,0.075893,0.781555,193.885
1224,cruise,4215.251287,66.753596,64.717781,87.608028,205.078043,655.51508,23.14601,0.309746,9.895185,8.85213,3469.179583,cooling_system_fault,1,1,100,1800,-0.556012,-0.140325,0.54601,15.803079,0.557225,0.085766,0.001936,0.057903,0.781165,193.88
1225,cruise,4190.595025,67.105235,64.333911,88.437305,207.313493,655.091448,23.014129,0.308717,9.667532,7.886289,3442.671676,cooling_system_fault,1,1,100,1800,2.201859,-0.2474,0.792037,16.426584,-0.976388,-0.021667,-0.00077,0.042243,0.780776,193.875
1226,cruise,4223.209972,67.048103,64.815976,88.644557,207.080797,653.243179,23.146518,0.316503,9.567088,8.626888,3644.569572,cooling_system_fault,1,1,100,1800,4.249626,-0.332636,-0.641158,16.541725,0.503218,-0.053938,-0.000421,-0.01114,0.780386,193.87
1227,cruise,4210.384747,65.878158,64.512958,87.596066,205.401841,655.505415,22.992581,0.312466,9.78396,8.429848,3385.410244,cooling_system_fault,1,1,100,1800,1.557661,0.54546,-0.476425,16.284996,0.377601,-0.167387,0.003875,0.018872,0.779996,193.865
1228,cruise,4205.390014,67.934722,64.305477,87.649037,206.859426,651.009079,22.839419,0.305993,9.462566,9.007644,3412.490742,cooling_system_fault,1,1,100,1800,1.837401,-0.133458,-0.418007,15.692569,1.205985,-0.081681,0.000796,0.126972,0.779605,193.86
1229,cruise,4211.37832,67.574755,64.780498,88.653204,207.021145,654.198933,22.919862,0.318358,9.718191,7.84751,3498.144265,cooling_system_fault,1,1,100,1800,-0.014201,-0.646815,-0.337133,18.285266,-2.932334,-0.109021,-0.001352,-0.093622,0.779214,193.855
1230,cruise,4197.147582,67.067114,64.538169,89.090409,207.995439,655.810895,23.048527,0.319995,9.921702,7.998531,3560.451817,cooling_system_fault,1,1,100,1800,6.50207,0.297604,0.369189,16.989037,0.317195,-0.097978,0.002662,-0.083015,0.778823,193.85
1231,cruise,4191.781094,65.326188,64.609063,88.201201,205.680116,658.777293,23.030488,0.303466,10.050292,8.709185,3335.128173,cooling_system_fault,1,1,100,1800,3.820142,-0.404169,1.256747,16.780203,-0.516803,0.205239,0.005146,-0.178038,0.778431,193.845
1232,cruise,4180.358686,66.206688,64.889025,88.26986,206.364993,653.993959,23.433485,0.313689,9.521318,7.315214,3514.159531,cooling_system_fault,1,1,100,1800,0.549605,-0.404776,0.187318,16.157106,-1.345202,0.276876,-8e-05,-0.056466,0.778039,193.84
1233,cruise,4209.147024,65.017811,64.578842,88.087743,207.293875,653.757073,23.270219,0.310179,9.729567,7.808984,3405.469984,cooling_system_fault,1,1,100,1800,1.315615,-0.223507,0.503395,16.488244,-1.32809,-0.355306,-0.01013,0.011056,0.777647,193.835
1234,cruise,4218.774713,66.008843,64.32041,87.881034,206.903075,648.575533,22.896637,0.30577,10.096057,8.203277,3413.760112,cooling_system_fault,1,1,100,1800,-1.225719,-0.641412,0.232126,16.375545,-0.706487,0.048911,-0.005464,-0.05153,0.777254,193.83
1235,cruise,4217.203092,65.131688,64.486457,88.173609,206.769081,656.147686,22.857106,0.306525,9.673175,6.90589,3603.184198,cooling_system_fault,1,1,100,1800,2.637879,-0.148127,-0.674882,16.615697,-1.327029,0.087475,-0.002788,-0.03648,0.776861,193.825
1236,cruise,4231.099989,68.342301,64.502111,87.927212,205.512974,648.908364,22.798504,0.321223,9.599266,8.46759,3507.309254,cooling_system_fault,1,1,100,1800,-2.815406,0.223354,0.942434,17.402843,0.457086,0.103737,0.001096,0.046928,0.776468,193.82
1237,cruise,4202.215827,66.735099,63.846937,88.199462,206.63024,659.689702,22.987453,0.31469,9.454716,8.410849,3351.682122,cooling_system_fault,1,1,100,1800,-1.154582,-0.503864,0.129,17.343944,3.26032,-0.181319,-0.008038,-0.004366,0.776074,193.815
1238,cruise,4219.291016,66.978849,64.887716,87.945702,207.690655,657.277274,23.017963,0.303625,9.837435,6.731304,3399.531478,cooling_system_fault,1,1,100,1800,0.740818,0.242182,0.06961,18.065475,1.344151,-0.282439,-0.002853,0.036759,0.77568,193.81
1239,cruise,4192.190263,66.862058,64.4935,87.356894,208.500679,657.602558,22.809487,0.314973,9.834779,8.583375,3429.273248,cooling_system_fault,1,1,100,1800,0.636109,-0.064577,0.030351,17.466397,1.695587,0.117651,0.006942,-0.052697,0.775286,193.805
1240,cruise,4208.916401,67.559308,64.207412,87.794793,207.07181,653.998597,23.238695,0.312915,9.468389,9.224805,3445.278176,cooling_system_fault,1,1,100,1800,-5.457703,0.564322,-0.258863,16.496822,1.755951,0.090764,0.008364,-0.090828,0.774891,193.8
1241,cruise,4188.23183,67.992928,64.684092,88.387741,205.538052,655.549004,22.97994,0.32323,9.619553,9.262655,3434.940546,cooling_system_fault,1,1,100,1800,4.012553,-0.192646,-0.295241,17.272341,-2.22845,-0.018049,0.003164,0.062896,0.774496,193.795
1242,cruise,4191.612804,66.379903,64.622205,87.94219,206.31656,655.442323,22.972434,0.32136,9.781326,7.340561,3478.244405,cooling_system_fault,1,1,100,1800,-0.283065,0.040787,1.188825,17.196664,0.024926,0.053877,-0.005957,0.116684,0.7741,193.79
1243,cruise,4230.068199,66.392378,64.132598,86.81788,207.427004,653.930832,22.795024,0.310312,9.795723,8.621809,3504.593967,cooling_system_fault,1,1,100,1800,-3.062144,-0.082445,1.044984,16.410544,-0.430545,0.032579,0.000412,0.078493,0.773705,193.785
1244,cruise,4200.197804,66.825852,64.015532,88.878111,207.004843,655.155127,22.849434,0.30534,9.709311,7.920128,3514.180487,cooling_system_fault,1,1,100,1800,-2.022229,-0.619809,1.067656,16.68215,-0.149659,0.112312,0.002342,-0.10742,0.773308,193.78
1245,cruise,4217.03646,67.849054,64.309322,88.217975,203.939957,656.757473,23.017365,0.306544,9.905964,8.575238,3528.645331,cooling_system_fault,1,1,100,1800,-0.398431,-0.434552,-1.298698,17.766796,1.224251,-0.183536,0.002719,0.078777,0.772912,193.775
1246,cruise,4213.196865,65.187426,64.063227,87.892591,206.858565,655.772265,23.01276,0.310853,9.831639,6.477759,3543.37651,cooling_system_fault,1,1,100,1800,3.901663,-0.195645,0.272869,17.179343,-0.013909,-0.106733,-0.008682,-0.074008,0.772515,193.77
1247,cruise,4193.582551,66.394159,65.332732,88.128923,205.528846,655.133686,23.220893,0.316833,10.003664,8.00974,3701.036392,cooling_system_fault,1,1,100,1800,0.65144,0.499758,0.288625,16.906653,-1.431065,-0.152796,-0.00787,0.064054,0.772118,193.765
1248,cruise,4183.417019,67.506048,63.935322,87.60676,207.420941,655.796462,22.873035,0.316322,9.857807,8.84958,3529.99501,cooling_system_fault,1,1,100,1800,2.323476,0.202615,0.244138,16.424893,0.000876,0.110594,-0.001113,-0.036112,0.77172,193.76
1249,cruise,4240.7437,66.045339,63.897462,89.011222,207.690905,654.26386,22.993408,0.31342,9.661602,8.686154,3442.871887,cooling_system_fault,1,1,100,1800,-0.825464,-0.20717,-0.268137,18.136513,-0.119944,-0.167159,0.000728,-0.058663,0.771323,193.755
1250,cruise,4243.579034,64.562558,63.694393,87.874487,204.812765,655.693991,22.860248,0.318433,9.602627,8.161123,3573.927498,cooling_system_fault,1,1,100,1800,-4.516617,-0.62062,1.15282,18.355356,-2.473002,-0.123573,-0.003096,-0.073069,0.770924,193.75
1251,cruise,4212.111739,68.537335,64.0481,87.960855,206.265747,654.372361,22.822778,0.314468,9.524681,9.614017,3461.040771,cooling_system_fault,1,1,100,1800,-1.302798,0.972874,0.079828,17.244438,0.470169,0.078998,0.002715,0.135986,0.770526,193.745
1252,cruise,4199.90227,66.956029,64.28875,88.461457,207.223866,656.348995,23.191407,0.297004,9.682456,8.546672,3485.746243,cooling_system_fault,1,1,100,1800,-7.218703,0.551804,0.163204,17.471172,-0.903273,-0.242446,0.004208,-0.10638,0.770127,193.74
1253,cruise,4222.196884,67.982809,64.611895,88.087643,205.691529,656.040301,23.184318,0.311086,9.602086,8.290896,3474.387423,cooling_system_fault,1,1,100,1800,6.458383,0.289984,0.371856,17.932328,0.591966,0.196563,0.011514,-0.003544,0.769728,193.735
1254,cruise,4198.573963,68.010128,64.716337,88.689419,205.568311,659.224073,22.729898,0.321761,9.877204,8.112913,3352.963753,cooling_system_fault,1,1,100,1800,3.7039,-0.276953,0.259477,18.049352,-1.180283,0.144599,-0.001349,0.006855,0.769328,193.73
1255,cruise,4198.775371,70.721902,63.736409,87.30399,205.690293,655.876341,22.903861,0.313977,9.700211,8.523785,3447.510434,cooling_system_fault,1,1,100,1800,6.65559,-0.025167,-0.373404,17.197387,0.481894,-0.143757,0.000944,0.040311,0.768928,193.725
1256,cruise,4204.505559,66.573066,65.069664,87.994873,208.027917,652.131804,23.042043,0.3228,9.752744,8.539525,3535.056587,cooling_system_fault,1,1,100,1800,-3.101558,0.239288,-0.332142,16.856514,1.594985,0.018397,0.00049,-0.05043,0.768528,193.72
1257,cruise,4226.535642,65.469427,65.509768,87.731784,205.77273,654.321643,23.200684,0.319777,9.725148,8.096608,3491.783099,cooling_system_fault,1,1,100,1800,3.088797,-0.049225,0.053473,17.898434,1.086422,0.112781,0.002907,0.035462,0.768127,193.715
1258,cruise,4234.012648,66.525853,64.593245,88.376363,206.849967,652.685608,22.972196,0.300266,9.997386,8.032994,3495.059536,cooling_system_fault,1,1,100,1800,4.987763,-0.163244,-0.964318,17.004098,0.737008,0.479552,-0.000119,-0.092245,0.767726,193.71
1259,cruise,4209.848243,65.199567,65.34615,87.750131,207.290678,657.709605,22.894246,0.309103,9.744508,9.055811,3439.103615,cooling_system_fault,1,1,100,1800,-3.098397,-0.796379,0.30085,18.786324,2.204016,-0.090295,-0.005391,0.061934,0.767325,193.705
1260,cruise,4229.44957,66.922285,63.995632,88.827668,207.991789,653.039513,22.639813,0.313267,9.93367,7.804992,3349.319171,cooling_system_fault,1,1,100,1800,-4.365051,0.254297,0.393706,16.986291,1.566393,0.043943,-0.002657,-0.019971,0.766923,193.7
1261,cruise,4219.091993,67.764512,64.629536,87.583259,207.5046,654.468025,23.185155,0.318709,9.564416,7.384621,3518.346951,cooling_system_fault,1,1,100,1800,-1.656766,0.136257,0.189328,17.824073,-2.006385,0.048376,0.001439,-0.043567,0.766521,193.695
1262,cruise,4199.149245,66.219713,65.047645,88.129373,207.882507,654.782245,23.036102,0.321355,9.639345,5.980979,3462.903714,cooling_system_fault,1,1,100,1800,-1.938555,0.783382,1.06795,18.899252,0.130807,-0.120033,-0.004938,-0.049003,0.766119,193.69
1263,cruise,4220.017024,65.349364,64.427353,87.46655,207.461511,650.180235,22.984512,0.307119,9.644269,7.499485,3479.550038,cooling_system_fault,1,1,100,1800,-2.005088,0.327893,-0.091658,18.268957,-0.733879,0.227736,0.005191,-0.063292,0.765716,193.685
1264,cruise,4218.801378,66.875224,63.943232,87.090082,206.555872,654.42149,23.08989,0.312548,9.783691,8.720422,3434.142457,cooling_system_fault,1,1,100,1800,-5.057531,0.510195,-0.385279,17.973274,-1.272508,-0.117044,0.00633,0.064253,0.765313,193.68
1265,cruise,4204.825237,68.286412,64.304285,88.716948,205.821799,652.834603,22.897771,0.311908,9.631786,8.766893,3408.910129,cooling_system_fault,1,1,100,1800,-3.067441,-0.218805,0.133996,16.97371,-0.243472,0.048574,0.001178,-0.049995,0.764909,193.675
1266,cruise,4206.767703,66.105852,64.529673,87.493722,207.389832,654.420194,23.031467,0.306971,9.714375,7.836314,3424.292126,cooling_system_fault,1,1,100,1800,0.223564,0.00263,0.281667,18.06342,-1.920576,-0.027023,-0.004091,-0.020796,0.764506,193.67
1267,cruise,4213.769965,67.404491,63.789163,88.167385,206.582933,658.658392,22.577187,0.314406,9.894646,7.818133,3568.113755,cooling_system_fault,1,1,100,1800,2.735689,-0.003527,0.041931,17.130518,-1.433811,0.226467,0.000335,0.082539,0.764102,193.665
1268,cruise,4193.412628,65.863091,64.241976,88.336872,207.949013,652.689168,22.590187,0.310903,9.510701,7.797769,3580.665328,cooling_system_fault,1,1,100,1800,-3.496924,0.519159,-0.040809,17.281446,-1.096906,-0.059156,-0.010038,0.063527,0.763697,193.66
1269,cruise,4196.569164,67.254842,64.178629,87.616084,208.09034,655.667177,22.763783,0.326942,9.849402,8.46243,3651.972241,cooling_system_fault,1,1,100,1800,2.856963,0.580769,-0.076064,18.573579,-1.311669,0.118376,-0.007587,-0.015503,0.763292,193.655
1270,cruise,4197.58573,66.222122,64.833801,87.730663,205.225169,654.702586,22.996169,0.309689,10.114889,8.990448,3469.28545,cooling_system_fault,1,1,100,1800,-2.006902,0.642078,-0.850526,16.816151,-3.460441,0.165616,-2.3e-05,0.010048,0.762887,193.65
1271,cruise,4229.185421,65.166133,64.795628,87.858194,204.96481,653.850119,22.713663,0.30987,9.750118,8.378093,3493.428253,cooling_system_fault,1,1,100,1800,-0.653021,0.49112,0.675244,18.514455,0.404464,0.165882,-0.006943,-0.112185,0.762482,193.645
1272,cruise,4247.228212,66.740025,64.015439,87.949942,208.773399,656.611596,23.204647,0.310464,9.691117,9.461515,3354.268701,cooling_system_fault,1,1,100,1800,2.119467,0.57295,0.463234,18.413438,-2.233917,-0.107579,0.002893,-0.037909,0.762076,193.64
1273,cruise,4217.326462,68.229376,63.99505,87.768908,209.435797,649.427775,22.823886,0.317376,9.873265,8.570339,3536.042265,cooling_system_fault,1,1,100,1800,4.960233,0.42876,0.123717,17.890797,2.736003,0.04984,0.006893,-0.020528,0.76167,193.635
1274,cruise,4224.564956,68.096195,64.089044,88.504583,207.309937,653.184069,22.966693,0.306424,9.770088,7.443243,3511.009932,cooling_system_fault,1,1,100,1800,-5.143055,0.346584,-0.206797,19.298813,1.288083,0.037571,0.003189,0.051867,0.761263,193.63
1275,cruise,4238.590207,66.118093,64.10018,87.529226,207.831077,653.253092,23.458896,0.310364,9.852598,9.982552,3439.017927,cooling_system_fault,1,1,100,1800,1.233611,0.387059,-0.187709,18.665402,2.485584,0.009226,0.00173,-0.068461,0.760856,193.625
1276,cruise,4211.003727,68.060016,64.090493,88.020223,208.016033,652.362015,22.735748,0.31595,9.399841,7.239271,3432.835746,cooling_system_fault,1,1,100,1800,-1.071185,-0.25362,1.03792,18.912589,-0.080954,-0.243932,-0.005459,0.011415,0.760449,193.62
1277,cruise,4207.928478,68.28074,64.435115,87.455057,206.050754,650.044884,23.032513,0.312035,9.529286,6.922963,3592.070836,cooling_system_fault,1,1,100,1800,1.869398,0.073832,-0.650608,19.563442,-2.573633,-0.021444,-0.006647,0.001489,0.760041,193.615
1278,cruise,4198.648963,65.959316,64.776671,87.957798,207.102216,654.638048,23.029142,0.312949,9.65166,8.535446,3643.26303,cooling_system_fault,1,1,100,1800,0.956165,-0.623062,-0.007043,18.046916,2.507294,0.011366,0.004649,-0.024256,0.759634,193.61
1279,cruise,4197.991362,66.830877,64.424852,88.135997,208.862506,659.850071,22.967106,0.323582,9.519851,7.047167,3474.268337,cooling_system_fault,1,1,100,1800,1.752749,0.340804,-0.939567,19.052546,-1.424085,-0.194826,-0.005225,0.049706,0.759225,193.605
1280,cruise,4204.865314,67.289493,64.907534,88.811965,208.926655,656.44171,22.931011,0.318444,10.002666,8.283824,3361.367754,cooling_system_fault,1,1,100,1800,-4.29281,-0.055546,0.461521,18.908273,-0.681489,0.211247,0.00211,-0.147019,0.758817,193.6
1281,cruise,4221.881709,66.164401,64.13767,89.299631,208.027182,655.277363,23.220064,0.30786,9.604292,7.481079,3521.623783,cooling_system_fault,1,1,100,1800,-1.931019,0.095413,0.198135,19.295539,1.725826,0.127904,-0.002036,0.09484,0.758408,193.595
1282,cruise,4211.923094,65.943851,63.996711,88.420761,207.629188,654.735507,23.03292,0.317823,9.557335,7.044013,3449.273996,cooling_system_fault,1,1,100,1800,-4.772012,-0.378689,-0.097741,19.562697,0.872747,0.207539,0.000645,0.011636,0.757998,193.59
1283,cruise,4237.742093,66.583621,64.643383,88.307691,208.255774,650.978715,22.806631,0.315366,9.811793,8.14241,3471.936112,cooling_system_fault,1,1,100,1800,-2.715364,-0.028565,-0.03769,17.972605,-0.406983,0.04409,0.002907,-0.010414,0.757589,193.585
1284,cruise,4213.999676,68.254684,64.622842,88.553883,208.040423,652.753868,23.054865,0.314321,9.755386,7.060946,3425.481732,cooling_system_fault,1,1,100,1800,-2.73136,0.282022,0.903349,18.316168,-1.272569,0.204448,-0.003956,0.093735,0.757179,193.58
1285,cruise,4204.315334,65.529281,63.863323,89.483479,208.842719,653.60702,23.2679,0.316393,9.862656,8.755175,3506.899361,cooling_system_fault,1,1,100,1800,1.329143,0.628671,0.288915,19.566779,0.525231,-0.106259,-0.001574,-0.02509,0.756768,193.575
1286,cruise,4205.083256,66.896479,65.189272,88.109465,208.873289,656.056559,22.848486,0.307741,9.741573,6.450413,3653.280242,cooling_system_fault,1,1,100,1800,3.143284,0.582134,0.307995,18.574659,1.979602,-0.003765,-0.001903,0.107364,0.756358,193.57
1287,cruise,4228.634324,66.574247,64.263406,88.083367,206.421951,652.842593,23.20881,0.317133,9.642864,7.647585,3596.212963,cooling_system_fault,1,1,100,1800,2.829024,0.246625,-0.019974,17.56269,-1.540959,-0.027428,0.00426,-0.00071,0.755947,193.565
1288,cruise,4205.418158,67.737571,64.401279,88.218318,207.189133,649.973615,23.24358,0.314703,9.609043,8.250118,3426.445248,cooling_system_fault,1,1,100,1800,-0.79806,-0.005403,-0.024004,18.474405,1.29187,-0.21184,0.000893,-0.132236,0.755535,193.56
1289,cruise,4216.652082,66.815704,63.852863,88.088294,208.790327,653.723964,22.806846,0.319999,9.866972,8.210021,3515.058827,cooling_system_fault,1,1,100,1800,2.088999,-0.935992,0.175559,18.830678,-1.063146,0.020193,0.012671,0.096676,0.755124,193.555
1290,cruise,4215.441539,65.73115,64.827228,87.774417,208.890446,655.20047,23.238863,0.310306,9.804259,8.894503,3433.90196,cooling_system_fault,1,1,100,1800,-3.443264,0.171001,-0.112395,19.033547,0.731688,-0.055743,-0.001294,0.058422,0.754712,193.55
1291,cruise,4211.518837,66.617203,64.762389,88.428631,209.34077,649.907946,22.864553,0.323171,9.769917,7.272077,3221.617224,cooling_system_fault,1,1,100,1800,3.002706,-0.103116,0.873213,18.478727,-0.116423,-0.10446,-0.001689,-0.07448,0.754299,193.545
1292,cruise,4187.877363,66.436269,64.382622,87.975661,209.622232,651.879648,23.036726,0.321844,9.62597,7.671182,3427.739689,cooling_system_fault,1,1,100,1800,-1.825723,-0.247087,-0.203455,19.231651,-2.738719,-0.286789,-0.000137,-0.010702,0.753886,193.54
1293,cruise,4241.395988,66.936087,64.550877,88.098992,208.662493,650.786554,23.042166,0.309499,9.870062,8.742608,3492.168495,cooling_system_fault,1,1,100,1800,0.275647,-0.053166,0.328271,19.845785,2.849676,-0.04711,0.000544,-0.092316,0.753473,193.535
1294,cruise,4210.629291,67.940823,64.303429,88.154442,208.95678,651.47999,22.760191,0.317691,9.818678,10.364891,3413.193171,cooling_system_fault,1,1,100,1800,3.12684,-0.063592,-0.320637,18.114743,-1.055365,0.036866,0.001186,-0.163511,0.75306,193.53
1295,cruise,4200.873744,67.905644,64.843499,87.782325,210.102713,656.118878,23.207561,0.303509,9.595813,8.053361,3448.319909,cooling_system_fault,1,1,100,1800,-0.741159,-0.08758,-0.50505,17.550368,-0.637668,0.05637,0.003362,0.146848,0.752646,193.525
1296,cruise,4245.228396,68.413335,64.648722,87.740632,208.239246,655.359477,22.820084,0.30539,10.05045,7.938055,3486.117704,cooling_system_fault,1,1,100,1800,-0.89423,-0.231194,-0.172789,18.841199,1.703541,0.009496,0.006411,0.053438,0.752232,193.52
1297,cruise,4199.889062,65.91275,64.119568,88.838283,208.702506,649.815816,23.186943,0.317314,9.859645,9.522287,3454.86355,cooling_system_fault,1,1,100,1800,-0.328258,0.441878,0.23444,18.784716,-1.719636,0.105695,-0.003634,0.048181,0.751817,193.515
1298,cruise,4206.89644,66.162783,63.819823,87.987755,209.02892,653.851049,23.036196,0.312265,9.83854,8.580871,3342.575851,cooling_system_fault,1,1,100,1800,-6.57734,0.917763,-0.322252,19.178366,0.620752,0.034623,0.001977,-0.010376,0.751402,193.51
1299,cruise,4197.181041,69.624886,64.33689,88.855866,207.249243,652.552921,22.778197,0.308227,9.52167,8.288698,3484.887715,cooling_system_fault,1,1,100,1800,-0.667872,0.317444,-0.17322,19.440332,0.634928,0.193575,-0.006289,0.132395,0.750987,193.505
1300,cruise,4184.9769,67.038974,64.266999,87.155356,210.287195,654.762285,22.955291,0.318206,9.768072,7.354238,3579.080493,cooling_system_fault,1,1,100,1800,-1.024025,-0.391693,-0.151933,19.660981,3.004209,-0.144786,-0.007014,0.057213,0.750572,193.5
1301,cruise,4215.445914,65.508738,64.658524,87.797906,206.946527,648.465449,22.799059,0.316732,9.464439,8.138395,3340.331604,cooling_system_fault,1,1,100,1800,0.288141,-0.046714,-0.138794,19.542176,0.139265,-0.152692,-0.002822,0.065459,0.750156,193.495
1302,cruise,4241.696588,66.201989,64.405922,88.119794,209.749537,656.786635,23.064862,0.313308,9.757154,9.198976,3483.410584,cooling_system_fault,1,1,100,1800,-4.091471,-0.281951,0.191479,18.445281,-0.590759,0.004585,-0.004206,0.020627,0.74974,193.49
1303,cruise,4198.327562,66.188967,64.538254,87.693586,207.850214,647.241921,22.709938,0.310329,9.570098,7.568967,3528.437693,cooling_system_fault,1,1,100,1800,-2.224025,-0.303237,0.738066,19.540101,-1.59997,-0.014502,0.00261,-0.098943,0.749323,193.485
1304,cruise,4241.927836,67.619803,64.829023,87.433843,208.759775,653.896462,23.095648,0.311052,9.741377,5.906335,3562.903957,cooling_system_fault,1,1,100,1800,7.975702,-0.364299,0.877504,19.657339,-0.997925,-0.155578,0.000403,0.091584,0.748906,193.48
1305,cruise,4210.531234,69.117367,65.041131,88.941427,207.796001,653.819897,23.329721,0.320876,9.542602,8.52355,3526.140711,cooling_system_fault,1,1,100,1800,2.6929,0.031169,-0.046483,18.887432,1.125306,-0.000727,-0.002965,-0.043582,0.748489,193.475
1306,cruise,4200.108671,67.547104,64.295749,88.190388,209.0479,652.603391,22.962825,0.321988,9.947111,7.329218,3550.778281,cooling_system_fault,1,1,100,1800,4.787171,-0.413539,-0.125259,19.76428,0.593964,-0.034413,-0.004985,0.00948,0.748071,193.47
1307,cruise,4203.385676,70.023632,64.893498,88.925123,207.980207,657.366563,22.955332,0.3193,9.869196,9.14754,3421.296936,cooling_system_fault,1,1,100,1800,1.294058,0.040834,0.29396,19.001696,-0.997865,-0.045046,-0.005082,-0.033014,0.747653,193.465
1308,cruise,4222.999945,67.971942,63.481403,88.626391,209.510183,653.443423,23.007936,0.313553,9.70983,9.892027,3511.272964,cooling_system_fault,1,1,100,1800,-1.514526,0.727377,-0.28929,19.293532,0.365002,0.005885,0.002105,0.008084,0.747235,193.46
1309,cruise,4209.90607,64.772394,64.922025,87.972767,207.256325,655.547179,22.72958,0.319729,9.631496,5.641681,3358.745763,cooling_system_fault,1,1,100,1800,2.9872,0.34683,-0.15732,19.217908,1.530459,-0.116432,-0.009676,-0.039897,0.746816,193.455
1310,cruise,4220.566642,67.553184,65.323352,87.089813,208.816685,657.308725,23.109075,0.316759,10.012549,6.543581,3499.684798,cooling_system_fault,1,1,100,1800,0.077324,0.196067,0.529274,19.997424,1.123289,0.291333,-0.009322,0.008182,0.746397,193.45
1311,cruise,4200.801539,66.263096,64.384276,86.493042,209.602147,655.733593,22.985056,0.307238,9.445621,8.563957,3404.437625,cooling_system_fault,1,1,100,1800,2.580636,-0.106196,0.477767,20.06007,1.254498,0.089941,0.003429,0.049841,0.745978,193.445
1312,cruise,4216.557288,67.459545,64.34557,87.009671,207.575992,655.45348,23.115024,0.31257,9.506954,9.223949,3471.157089,cooling_system_fault,1,1,100,1800,0.306088,-0.209556,-0.84979,20.492965,0.041742,-0.152723,-0.007239,-0.124369,0.745558,193.44
1313,cruise,4169.214028,68.037264,64.383911,88.415966,210.661838,653.27675,22.937979,0.306392,9.627144,7.944055,3469.52051,cooling_system_fault,1,1,100,1800,-2.079692,0.174042,-0.588954,18.282497,-1.731486,-0.058248,-0.003388,-0.021667,0.745138,193.435
1314,cruise,4213.031035,65.897168,63.611139,87.793567,207.055099,651.799517,23.026846,0.308415,9.780057,7.878595,3590.031632,cooling_system_fault,1,1,100,1800,3.230339,-0.865447,-0.668701,19.243461,-0.051817,-0.075409,-0.000419,0.108359,0.744718,193.43
1315,cruise,4202.87934,67.09782,64.934757,88.872136,207.083125,654.410061,22.910858,0.320214,9.576656,9.272816,3608.215365,cooling_system_fault,1,1,100,1800,3.716997,-0.209237,-0.058726,20.568231,3.557899,0.324629,-0.000751,-0.132073,0.744297,193.425
1316,cruise,4215.716539,67.275321,64.859885,88.612668,208.834084,654.280294,22.804559,0.307405,9.476648,6.945404,3479.521441,cooling_system_fault,1,1,100,1800,2.399582,0.72148,0.14845,18.88629,-0.903389,0.134746,-0.008624,-0.081797,0.743876,193.42
1317,cruise,4197.453535,66.347495,64.853818,88.085735,208.572199,654.334972,23.022681,0.318458,9.28946,7.620123,3546.853212,cooling_system_fault,1,1,100,1800,-1.290072,-0.623908,-0.064638,20.000093,1.186471,0.157198,-0.001996,0.061275,0.743454,193.415
1318,cruise,4194.026177,65.907279,64.792856,87.894846,209.323479,655.680349,23.151824,0.310339,9.865936,8.413248,3419.998651,cooling_system_fault,1,1,100,1800,-1.91907,-0.146219,-1.061278,17.31382,-0.554819,0.203392,-0.010955,-0.099351,0.743033,193.41
1319,cruise,4203.673423,67.312343,64.375038,88.737084,208.537631,656.095777,23.10731,0.306272,9.856809,8.550031,3579.362903,cooling_system_fault,1,1,100,1800,-0.883423,-0.061873,0.503684,20.854409,-2.116641,0.149518,0.003289,0.179962,0.742611,193.405
1320,cruise,4176.520797,68.477645,64.703394,88.058144,207.338502,652.571025,23.377128,0.31806,9.764082,7.773717,3477.143277,cooling_system_fault,1,1,100,1800,0.490435,-0.535438,0.467091,18.011745,-0.108484,-0.15188,-0.00446,0.082576,0.742188,193.4
1321,cruise,4220.434991,66.221846,64.310027,87.939867,208.845717,654.666454,22.751347,0.31617,9.923901,6.412099,3490.877045,cooling_system_fault,1,1,100,1800,-3.893435,0.560365,-0.044839,20.707743,1.168192,-0.0054,0.004139,0.106125,0.741765,193.395
1322,cruise,4235.980829,66.59316,64.780487,88.205851,209.971478,655.750339,22.817154,0.317625,9.796955,9.556496,3436.600342,cooling_system_fault,1,1,100,1800,1.673771,0.167926,-0.174202,20.513863,-0.938743,-0.293115,-0.000151,0.104719,0.741342,193.39
1323,cruise,4216.913683,66.607382,64.412242,88.064709,209.347209,654.601581,23.070354,0.314479,9.66323,7.01929,3470.79103,cooling_system_fault,1,1,100,1800,0.449136,0.386092,0.037419,20.716963,1.520733,0.152217,0.004333,0.051381,0.740919,193.385
1324,cruise,4184.530738,68.971979,64.134083,88.587531,208.737648,655.92595,22.96543,0.311103,9.528509,8.083427,3476.402197,cooling_system_fault,1,1,100,1800,-1.791232,-0.292648,0.715199,19.683972,0.685344,-0.119827,-0.000569,-0.065526,0.740495,193.38
1325,cruise,4198.827791,67.42883,63.701532,87.431871,209.013797,653.299257,23.076196,0.305519,9.546949,8.009255,3412.919197,cooling_system_fault,1,1,100,1800,4.381392,-0.088872,0.319685,18.818615,2.114174,0.125972,0.000567,0.044424,0.740071,193.375
1326,cruise,4208.783425,68.906501,64.363007,88.30374,209.521273,658.371629,23.176268,0.315735,9.717549,6.160017,3467.963356,cooling_system_fault,1,1,100,1800,-1.758474,-0.092499,0.469074,19.684256,0.31467,-0.011349,-0.001664,-0.135484,0.739646,193.37
1327,cruise,4206.794011,65.885673,64.548752,88.543367,209.85111,656.675499,23.358897,0.307755,9.771144,7.188059,3460.384711,cooling_system_fault,1,1,100,1800,6.396775,-0.402396,-0.141821,20.805989,-0.534143,0.134082,0.005708,-0.02224,0.739221,193.365
1328,cruise,4175.608733,65.93959,64.530641,88.191964,210.445692,652.021777,22.862052,0.303645,9.781344,7.076845,3386.831547,cooling_system_fault,1,1,100,1800,0.019489,-0.480301,0.088514,20.200845,0.855035,0.048402,-0.007113,0.03616,0.738796,193.36
1329,cruise,4207.456922,67.237714,64.187438,87.892681,209.389601,653.984509,23.147965,0.312487,9.921757,8.107825,3530.460597,cooling_system_fault,1,1,100,1800,-4.005297,-0.507961,-0.260789,20.580349,1.477625,-0.080762,0.003186,0.070325,0.73837,193.355
1330,cruise,4223.621477,67.987029,64.679656,88.056106,209.007553,656.599304,23.151981,0.312096,9.78732,7.282166,3641.950018,cooling_system_fault,1,1,100,1800,0.899787,0.442357,-0.396165,20.013439,-1.387501,0.000117,-0.009111,0.040942,0.737944,193.35
1331,cruise,4217.806868,65.335734,65.291035,88.803052,208.890744,658.380123,22.877862,0.311036,9.854279,7.138094,3620.10464,cooling_system_fault,1,1,100,1800,1.558751,0.352402,-0.526476,20.631022,-1.478982,0.079236,9.1e-05,0.032072,0.737518,193.345
1332,cruise,4199.098006,65.901343,64.497066,87.505298,211.490567,652.725874,22.898369,0.314086,9.851478,8.56168,3586.227353,cooling_system_fault,1,1,100,1800,0.778436,0.608457,0.807748,19.052178,2.425699,0.139742,0.011861,-0.054779,0.737091,193.34
1333,cruise,4189.516344,67.661388,64.876192,88.27464,210.089393,655.282011,23.373699,0.310966,9.662242,6.88824,3603.654191,cooling_system_fault,1,1,100,1800,-1.176501,0.463191,-0.870953,19.578685,0.269663,-0.000202,-0.001221,-0.088881,0.736665,193.335
1334,cruise,4197.36688,65.596755,64.620703,88.703091,209.949712,656.422232,22.962048,0.309287,9.7023,8.292022,3396.950175,cooling_system_fault,1,1,100,1800,-5.979953,-0.301592,0.304151,19.948525,1.064441,-0.060867,0.004933,0.10784,0.736237,193.33
1335,cruise,4182.430286,67.001051,65.04971,88.448272,209.545256,655.605537,23.228201,0.323149,9.924659,7.390098,3494.054171,cooling_system_fault,1,1,100,1800,-2.762231,-0.650186,0.627955,19.469988,0.416264,0.177527,0.004107,-0.056009,0.73581,193.325
1336,cruise,4226.24959,65.734942,64.015215,87.894468,210.291612,653.196806,22.941048,0.309834,9.594824,7.790075,3427.863026,cooling_system_fault,1,1,100,1800,0.381177,0.399954,0.209109,20.657047,0.748339,0.040735,-0.003032,-0.126749,0.735382,193.32
1337,cruise,4206.360093,66.995779,64.112816,89.248878,209.94837,651.561301,22.463892,0.316086,9.837268,7.50794,3472.80724,cooling_system_fault,1,1,100,1800,2.011481,0.243797,0.295175,20.048937,-2.044852,0.117221,0.001389,0.086622,0.734953,193.315
1338,cruise,4212.108369,65.748681,63.946568,89.171124,208.793982,652.118052,23.046075,0.314809,9.855333,9.130116,3568.37073,cooling_system_fault,1,1,100,1800,2.46156,-0.212281,0.033095,20.430243,-3.82703,0.318048,-0.005548,-0.00285,0.734524,193.31
1339,cruise,4181.898668,65.44568,64.994583,87.791916,207.561227,655.948878,23.301652,0.320744,9.715613,8.775034,3360.838937,cooling_system_fault,1,1,100,1800,6.583862,-0.320872,0.673204,19.848104,1.007823,-0.209542,0.004708,-0.012492,0.734095,193.305
1340,cruise,4233.986789,67.302401,64.375107,88.166859,209.71617,658.758689,22.891408,0.31545,9.673908,8.100035,3475.353327,cooling_system_fault,1,1,100,1800,2.454708,-0.007786,-0.039008,19.954243,1.912074,0.157405,-0.003494,0.032658,0.733666,193.3
1341,cruise,4240.078769,66.783905,65.122305,89.187124,209.304761,655.287808,23.006531,0.323421,9.510157,9.964658,3443.328302,cooling_system_fault,1,1,100,1800,6.404815,-0.019379,0.733025,19.570303,0.428597,-0.24108,-0.000683,-0.085116,0.733236,193.295
1342,cruise,4177.110373,67.287431,64.79249,87.732428,210.951256,651.677013,23.178132,0.31927,9.734518,5.664189,3376.989226,cooling_system_fault,1,1,100,1800,2.828908,-0.054432,-0.760453,20.347689,1.274657,-0.367924,0.003516,0.119212,0.732806,193.29
1343,cruise,4178.742656,65.636834,64.20861,87.994706,208.980068,653.113689,23.09389,0.316518,9.695282,8.579294,3465.518308,cooling_system_fault,1,1,100,1800,-0.260719,-0.02783,1.162678,19.673995,-1.82273,-0.003523,0.00533,0.128115,0.732376,193.285
1344,cruise,4206.823615,65.703788,64.435697,87.504934,209.366499,660.191999,22.922876,0.31074,9.904624,8.007819,3613.111562,cooling_system_fault,1,1,100,1800,0.967474,0.024855,0.313724,20.7882,1.357785,-0.305761,-0.002602,0.052836,0.731945,193.28
1345,cruise,4174.782082,66.949852,64.227627,87.932882,210.085033,654.231337,23.0415,0.306106,9.740441,9.241058,3432.301453,cooling_system_fault,1,1,100,1800,-1.385925,-0.138844,-0.051453,21.621465,1.392483,-0.082943,0.000549,0.120027,0.731514,193.275
1346,cruise,4190.499896,64.092424,64.658297,87.832384,210.368868,653.316787,22.825757,0.318158,9.978124,8.724228,3479.493312,cooling_system_fault,1,1,100,1800,4.568305,0.054213,-0.259518,20.833394,0.429522,-0.110565,0.003432,-0.032218,0.731082,193.27
1347,cruise,4212.787538,66.754324,63.655456,87.956955,207.505811,653.056859,23.051483,0.317343,9.527374,8.529678,3573.126343,cooling_system_fault,1,1,100,1800,-0.545551,0.581764,-0.007977,21.344258,0.549802,-0.120988,-0.00124,-0.014844,0.730651,193.265
1348,cruise,4222.580135,65.472835,65.175302,88.557257,211.032682,655.716057,23.169311,0.310315,9.835465,8.22349,3438.603515,cooling_system_fault,1,1,100,1800,1.246858,0.524558,-1.558521,20.942605,0.341521,0.079094,-0.002626,0.006072,0.730218,193.26
1349,cruise,4212.658274,66.287038,63.545455,88.30496,209.416562,656.764637,22.692435,0.317948,9.513379,10.041772,3604.50182,cooling_system_fault,1,1,100,1800,-2.965809,-0.467786,0.016412,19.604658,0.475588,-0.046022,-0.006494,-0.036776,0.729786,193.255
1350,cruise,4189.284103,66.783625,65.600394,87.895346,210.266214,654.63344,23.029342,0.313699,9.956991,6.987463,3473.186323,cooling_system_fault,1,1,100,1800,-4.490107,0.169501,0.254487,20.806225,-0.466309,0.137943,-0.004812,-0.07678,0.729353,193.25
1351,cruise,4221.099232,68.729093,63.461278,88.56002,210.37667,654.93417,22.770562,0.30384,9.642637,7.714877,3530.702247,cooling_system_fault,1,1,100,1800,-2.609822,0.391639,-0.253324,21.915809,-1.184485,-0.110778,0.005461,0.014931,0.72892,193.245
1352,cruise,4214.836882,66.033527,63.692404,87.735835,211.890307,652.063123,22.805325,0.319107,9.825296,7.119613,3500.114325,cooling_system_fault,1,1,100,1800,-0.833905,0.189518,-0.096801,20.924992,-0.335949,-0.142264,0.004999,-0.059275,0.728486,193.24
1353,cruise,4198.737144,66.538623,64.12113,87.816295,211.540629,651.046134,22.894548,0.304666,9.740442,7.858233,3539.29061,cooling_system_fault,1,1,100,1800,0.561389,-0.299296,-0.157184,20.759554,-0.406189,-0.070808,0.002992,-0.078473,0.728052,193.235
1354,cruise,4218.651257,66.383273,64.633886,88.548151,211.663935,654.496042,22.889075,0.312119,9.811265,8.164188,3509.529432,cooling_system_fault,1,1,100,1800,3.055772,0.389715,0.958938,21.958523,1.156579,0.021612,-0.006631,0.140561,0.727618,193.23
1355,cruise,4199.655767,66.477685,65.082374,86.440383,209.43829,656.653656,22.54547,0.314676,9.818647,8.178845,3597.446053,cooling_system_fault,1,1,100,1800,3.770736,0.920015,-0.075483,20.592846,-1.00419,-0.093108,-0.003242,-0.017009,0.727183,193.225
1356,cruise,4258.03469,67.671007,64.746628,88.609322,210.035657,651.531946,23.107336,0.30905,9.593342,6.785794,3572.639113,cooling_system_fault,1,1,100,1800,0.145349,0.644809,-0.678538,21.436704,2.112308,0.08063,-0.003048,-0.030207,0.726749,193.22
1357,cruise,4221.602092,66.701527,64.691077,88.22788,210.800655,651.622861,23.003741,0.318472,9.800469,9.392825,3575.066749,cooling_system_fault,1,1,100,1800,-4.337206,-0.208081,-1.168312,20.872611,-0.90173,0.083173,0.002443,0.191998,0.726313,193.215
1358,cruise,4196.802516,66.67675,64.800811,87.70131,210.547587,655.029712,23.067218,0.318582,9.782938,6.640477,3534.170318,cooling_system_fault,1,1,100,1800,-2.843253,0.985678,0.020734,20.1064,0.075455,-0.129801,-0.000537,-0.12443,0.725878,193.21
1359,cruise,4224.110771,67.687207,64.176876,89.111672,208.737562,650.128122,23.1284,0.319751,10.030908,8.445157,3577.781165,cooling_system_fault,1,1,100,1800,-0.328996,-0.32745,0.266058,20.638849,0.590604,-0.033904,-0.010857,-0.003465,0.725442,193.205
1360,cruise,4177.030882,68.439184,65.195973,88.415173,212.532827,655.345791,23.391578,0.312981,9.659637,9.063345,3329.058139,cooling_system_fault,1,1,100,1800,2.694323,0.311499,0.729422,20.592144,-0.956451,-0.159657,0.000339,0.053249,0.725005,193.2
1361,cruise,4225.996433,65.814904,64.455241,87.68542,210.289148,655.459985,22.964777,0.31707,9.686298,7.70747,3538.492091,cooling_system_fault,1,1,100,1800,-5.485788,-0.026074,-0.357481,20.636788,-2.597572,-0.068181,-0.001366,0.058178,0.724569,193.195
1362,cruise,4222.303406,66.799718,63.983533,89.431752,210.698456,658.555802,22.682139,0.327057,9.745174,7.826654,3607.347862,cooling_system_fault,1,1,100,1800,-6.14643,-0.004628,0.265673,20.217749,-0.852688,-0.280709,0.002943,0.088524,0.724132,193.19
1363,cruise,4199.58106,66.316528,64.673218,87.639412,212.918837,654.245765,22.924155,0.317667,9.720261,7.465893,3617.371808,cooling_system_fault,1,1,100,1800,-4.11878,-0.053036,-0.323878,20.072212,-0.585987,0.129449,-0.003163,-0.001992,0.723694,193.185
1364,cruise,4209.259158,66.717098,64.322687,87.754569,209.971778,657.157326,23.230465,0.319004,9.577946,9.185549,3499.118186,cooling_system_fault,1,1,100,1800,-2.11812,-0.406237,-0.278423,21.386753,1.423977,0.009508,0.00095,-0.033317,0.723257,193.18
1365,cruise,4251.103923,64.873356,64.587107,88.835934,210.179678,648.330236,23.023112,0.309601,9.728091,8.376306,3607.253642,cooling_system_fault,1,1,100,1800,-3.047513,-0.796537,-0.350835,19.627992,1.898565,-0.241741,-0.004778,0.124823,0.722818,193.175
1366,cruise,4186.63888,66.531435,64.605194,88.817932,210.152195,659.640712,23.050091,0.312355,9.908622,10.100422,3616.877159,cooling_system_fault,1,1,100,1800,2.874933,0.711162,0.121864,21.206797,-0.863107,-0.072286,-0.002867,-0.000189,0.72238,193.17
1367,cruise,4202.777517,65.636134,64.297527,87.805142,210.552655,658.636093,23.226517,0.310936,9.639141,7.933551,3544.471327,cooling_system_fault,1,1,100,1800,-2.339734,-0.385777,-1.033983,19.813189,0.513808,0.054367,0.003769,-0.085122,0.721941,193.165
1368,cruise,4196.207897,66.47015,64.343261,89.352037,211.409672,652.552205,23.098591,0.305231,9.888471,9.436139,3482.901621,cooling_system_fault,1,1,100,1800,-1.855106,-0.043999,0.702456,21.278824,-0.223003,-0.114561,0.002987,0.000239,0.721502,193.16
1369,cruise,4243.863158,66.113869,64.676321,87.68294,211.803954,655.582987,23.008698,0.321159,9.838312,7.857171,3610.256014,cooling_system_fault,1,1,100,1800,-2.158474,-0.157597,-0.661042,21.0094,-0.332961,-0.369982,-0.006754,0.199313,0.721063,193.155
1370,cruise,4192.079047,65.77388,64.241724,87.552416,210.343188,655.859333,22.878473,0.312295,9.847965,9.05037,3521.07259,cooling_system_fault,1,1,100,1800,1.314075,-0.544159,-0.097807,23.428007,0.514352,-0.131243,-0.005515,0.056829,0.720623,193.15
1371,cruise,4225.340733,66.003841,65.333828,88.191538,211.259068,658.651497,22.822128,0.311942,9.55747,7.105482,3633.092289,cooling_system_fault,1,1,100,1800,-1.027582,-0.47053,-0.022383,20.056502,3.06218,-0.062231,0.00459,0.052266,0.720183,193.145
1372,cruise,4213.232206,65.833744,64.961465,88.528436,210.7599,655.99083,22.977089,0.325465,9.930732,9.195811,3577.404969,cooling_system_fault,1,1,100,1800,-4.569956,0.668224,-0.075075,20.992206,0.44855,0.085992,-0.002089,0.08658,0.719742,193.14
1373,cruise,4219.163606,67.100238,64.386099,87.821573,210.585515,650.191687,22.901381,0.322069,9.508909,7.749228,3466.171765,cooling_system_fault,1,1,100,1800,-5.366961,-0.136188,-0.695707,21.632654,-0.997292,0.311372,-0.001132,0.001735,0.719302,193.135
1374,cruise,4198.545054,66.605139,64.067491,87.565858,210.623652,652.459937,23.248452,0.319279,9.493783,8.955129,3499.149407,cooling_system_fault,1,1,100,1800,-2.559329,-0.01728,-0.094091,20.765238,0.47464,-0.08661,0.000128,0.016597,0.71886,193.13
1375,cruise,4221.559943,67.280786,65.201681,87.025138,210.14109,656.155898,22.881552,0.320272,9.803932,7.573375,3512.55953,cooling_system_fault,1,1,100,1800,-6.579458,0.624293,0.133538,21.446581,-1.328367,-0.168108,0.00442,-0.118084,0.718419,193.125
1376,cruise,4217.146335,68.831066,64.700445,88.596462,211.705211,654.035553,23.195311,0.306606,9.4919,8.210641,3544.030113,cooling_system_fault,1,1,100,1800,0.402365,0.072058,-0.083264,23.361701,-1.298528,0.061277,-0.008,0.037106,0.717977,193.12
1377,cruise,4218.704303,66.880999,64.379363,88.793585,210.44376,652.131699,23.037489,0.316262,9.73824,6.955351,3493.278337,cooling_system_fault,1,1,100,1800,-5.188583,0.555275,0.033975,21.427075,-2.046651,0.279943,-0.008969,-0.036169,0.717535,193.115
1378,cruise,4220.6393,67.283154,65.162998,88.631941,210.496265,657.976022,23.078742,0.315962,9.936236,7.446981,3574.25352,cooling_system_fault,1,1,100,1800,-1.18712,0.489174,0.278888,21.214941,0.760933,0.013331,0.006329,-0.070541,0.717092,193.11
1379,cruise,4195.206778,65.709207,64.70877,88.18037,211.855632,654.369431,22.828714,0.321302,9.760211,7.580251,3502.726106,cooling_system_fault,1,1,100,1800,-1.392508,0.407727,0.164446,22.013049,0.520268,-0.175522,-0.000763,0.04909,0.716649,193.105
1380,cruise,4196.204816,66.640364,64.315277,86.970939,211.663453,658.380149,22.94534,0.311063,9.954924,8.062274,3424.878039,cooling_system_fault,1,1,100,1800,-2.626242,0.093074,-0.471078,21.444903,-0.78726,-0.103114,0.00122,-0.09053,0.716206,193.1
1381,cruise,4198.806862,65.66565,64.002334,88.37747,210.281462,652.026759,23.023164,0.31546,9.749708,8.584758,3421.300807,cooling_system_fault,1,1,100,1800,2.336335,-0.333243,0.62905,22.769422,-2.337555,-0.070752,0.001378,-0.052549,0.715762,193.095
1382,cruise,4198.227328,67.547612,64.740674,88.270746,210.49885,650.989886,23.19316,0.318921,9.756682,7.196621,3480.582893,cooling_system_fault,1,1,100,1800,2.099835,-0.281966,-0.07682,21.036511,-1.921943,-0.185609,-0.000122,0.046494,0.715318,193.09
1383,cruise,4182.791135,68.799656,65.161916,88.714358,211.274129,655.542736,22.921891,0.308602,9.706299,8.326269,3496.681366,cooling_system_fault,1,1,100,1800,-0.163406,0.320151,-0.178221,20.663789,0.122709,-0.066746,0.002134,-0.037876,0.714874,193.085
1384,cruise,4215.656656,67.966075,64.153169,88.15642,209.291118,654.987119,23.062958,0.309999,9.82716,9.674206,3513.157931,cooling_system_fault,1,1,100,1800,-3.975705,0.014403,0.163807,21.394096,0.845022,-0.054203,0.00419,0.002046,0.71443,193.08
1385,cruise,4186.754738,67.578915,64.93829,87.773814,211.777639,657.204775,22.892031,0.319203,10.008648,6.879823,3633.421642,cooling_system_fault,1,1,100,1800,3.941478,0.103558,0.038325,22.020137,0.137037,0.051631,0.006304,-0.096899,0.713985,193.075
1386,cruise,4195.621293,66.559758,64.1905,88.320817,213.49616,649.585139,23.004941,0.318944,9.581914,6.914652,3531.074362,cooling_system_fault,1,1,100,1800,3.3144,-0.152051,0.393123,21.50219,-3.673232,-0.077745,0.000706,0.050791,0.713539,193.07
1387,cruise,4238.845586,67.807859,64.697036,88.016205,211.043897,656.169734,22.793534,0.313954,9.426553,7.219933,3619.588276,cooling_system_fault,1,1,100,1800,-4.57791,-0.705193,-0.40855,21.885799,-0.217432,0.125712,0.007033,0.091805,0.713094,193.065
1388,cruise,4206.392555,68.041676,65.427971,87.533241,210.429685,653.658635,23.449351,0.317818,9.703648,8.07128,3482.488589,cooling_system_fault,1,1,100,1800,3.340104,-0.34862,0.088319,21.82781,-1.340763,0.032889,-0.000273,0.009157,0.712648,193.06
1389,cruise,4249.39029,68.352854,64.863399,87.887382,212.229377,654.620824,23.054536,0.31371,9.668028,8.642013,3429.556266,cooling_system_fault,1,1,100,1800,-1.59497,0.033945,0.456277,23.485164,-0.734401,0.216944,-0.003288,-0.0037,0.712201,193.055
1390,cruise,4221.444528,67.561108,65.087085,87.947,212.238279,654.2341,23.398921,0.307403,9.860607,7.805137,3548.928713,cooling_system_fault,1,1,100,1800,2.683194,-0.19452,0.614575,21.724668,3.068224,-0.287784,-0.006618,0.026174,0.711754,193.05
1391,cruise,4221.775121,66.294323,64.910842,87.993088,211.772102,654.058324,23.130035,0.322263,9.685059,7.631724,3618.724343,cooling_system_fault,1,1,100,1800,-5.164874,0.381107,0.355304,21.183693,-0.643617,0.089431,0.002861,0.090199,0.711307,193.045
1392,cruise,4204.257299,67.159596,64.569196,88.114339,212.534473,652.390145,23.1129,0.311192,10.143443,7.32817,3430.227989,cooling_system_fault,1,1,100,1800,2.032895,0.122826,-0.089003,23.647716,0.282042,0.048724,-0.001353,-0.105797,0.71086,193.04
1393,cruise,4206.816732,67.865024,65.015319,88.576711,210.207007,650.067363,23.055601,0.321907,9.771476,6.167717,3504.480247,cooling_system_fault,1,1,100,1800,2.259461,0.213567,-0.601511,22.718752,1.75515,0.146501,-0.006086,-0.017948,0.710412,193.035
1394,cruise,4179.58332,67.321943,63.827291,87.581755,210.57482,654.140814,22.905138,0.317895,9.627989,8.500482,3462.396772,cooling_system_fault,1,1,100,1800,0.973462,0.564742,-0.579281,22.697123,-1.04949,0.298226,0.007043,-0.04845,0.709964,193.03
1395,cruise,4212.86897,66.561223,64.57265,88.853538,212.710357,652.65447,23.180636,0.321278,9.838964,8.445983,3455.539935,cooling_system_fault,1,1,100,1800,2.469704,0.05063,-0.253145,23.325476,1.917677,0.141871,0.00655,0.080208,0.709516,193.025
1396,cruise,4165.240658,66.60028,64.710286,88.761619,211.510592,653.879827,23.03068,0.3176,9.979597,8.646829,3510.914319,cooling_system_fault,1,1,100,1800,-6.463021,0.04421,-0.233221,21.152492,-1.27702,0.028455,0.000186,-0.098698,0.709067,193.02
1397,cruise,4202.572862,67.505034,65.13451,89.115074,211.44608,649.56496,22.962227,0.313349,9.751916,8.721183,3430.876544,cooling_system_fault,1,1,100,1800,-1.28079,0.87515,-1.022734,22.807626,2.191376,-0.139289,0.006569,0.033762,0.708618,193.015
1398,cruise,4217.451964,67.601659,64.534182,87.895329,211.6067,653.277595,22.883822,0.310914,9.846697,9.384749,3573.818523,cooling_system_fault,1,1,100,1800,-0.450343,-0.211109,-0.193747,21.42006,-0.471213,-0.030548,0.00665,-0.100899,0.708168,193.01
1399,cruise,4209.669088,68.4863,64.500334,88.550753,212.827272,654.122428,22.8559,0.313081,9.981244,8.490004,3460.469438,cooling_system_fault,1,1,100,1800,4.92665,-0.404538,-0.08848,21.567706,3.792987,-0.166762,-0.007577,0.119236,0.707718,193.005
1400,cruise,4185.900638,66.720847,64.432203,88.464197,211.926755,655.698163,22.72694,0.321619,9.936655,6.607785,3331.109734,cooling_system_fault,1,1,100,1800,0.442114,-0.144367,0.529838,21.584749,-0.038528,0.189319,-0.000764,0.128356,0.707268,193.0
1401,cruise,4213.202359,68.811658,64.268421,88.517234,212.553402,656.902567,23.071687,0.308473,9.807579,8.808484,3513.309307,cooling_system_fault,1,1,100,1800,1.829609,0.237257,-0.702465,24.353037,-1.723271,0.004273,-0.005676,-0.041273,0.706818,192.995
1402,cruise,4193.897258,67.067361,65.164653,88.495497,212.074894,654.388658,22.919208,0.316027,9.487417,9.563097,3470.798849,cooling_system_fault,1,1,100,1800,-1.332667,0.487296,0.147005,23.432851,0.502037,0.115039,0.002642,0.034501,0.706367,192.99
1403,cruise,4183.697857,66.475889,65.043279,88.044969,212.608253,652.368705,23.112662,0.308849,9.695758,8.660969,3442.36167,cooling_system_fault,1,1,100,1800,-2.151336,-0.481406,0.837681,23.20961,0.936512,-0.003498,0.001884,-0.057374,0.705916,192.985
1404,cruise,4216.006671,68.30098,64.89156,88.44924,212.117218,656.233877,22.918411,0.313407,9.627906,8.125462,3421.595181,cooling_system_fault,1,1,100,1800,0.223306,-0.359856,0.107603,22.453612,-0.594578,-0.0073,0.005462,0.060496,0.705464,192.98
1405,cruise,4229.676228,67.443548,64.115871,88.622369,210.436379,654.317119,23.079033,0.314756,9.382185,10.002949,3487.414638,cooling_system_fault,1,1,100,1800,-1.558933,-0.353885,-0.62234,22.250718,-2.798613,0.119825,0.005483,0.135487,0.705012,192.975
1406,cruise,4192.446557,67.629104,64.312954,87.686869,209.232526,649.051441,22.965771,0.30306,9.689614,7.746441,3533.758106,cooling_system_fault,1,1,100,1800,0.29347,0.575194,0.677076,22.832553,-0.688134,-0.033361,-0.002409,0.019235,0.70456,192.97
1407,cruise,4214.539662,67.671034,65.132149,88.105304,211.889741,650.802175,23.19401,0.305674,9.667021,8.80739,3485.070497,cooling_system_fault,1,1,100,1800,-3.433678,-0.356454,0.648614,22.928029,-1.761794,-0.11857,-0.000824,0.131579,0.704107,192.965
1408,cruise,4195.778799,68.260661,64.083783,89.033119,213.022736,657.363042,23.329255,0.314908,9.613101,7.261453,3585.731201,cooling_system_fault,1,1,100,1800,3.559559,0.408164,0.813405,21.041739,1.31175,-0.034861,0.005067,-0.026495,0.703654,192.96
1409,cruise,4228.043542,66.475426,64.703027,87.109959,211.875253,656.459099,22.905904,0.308255,9.342737,6.740459,3655.939864,cooling_system_fault,1,1,100,1800,-3.261421,0.416744,-0.444688,22.024003,1.310163,-0.011133,-0.000216,-0.081278,0.703201,192.955
1410,cruise,4236.185027,68.481976,65.178339,88.236209,212.508232,655.461791,22.994279,0.326661,9.950846,7.307633,3527.71495,cooling_system_fault,1,1,100,1800,4.323274,-0.293254,-0.264334,22.749149,0.654062,-0.377689,0.008209,-0.011751,0.702747,192.95
1411,cruise,4207.361365,65.860908,64.06424,87.960335,212.604064,657.533865,23.101886,0.320248,9.821502,6.724469,3442.349263,cooling_system_fault,1,1,100,1800,3.087832,0.25735,0.299597,21.87199,2.831306,0.269336,-0.003226,0.058251,0.702293,192.945
1412,cruise,4232.456891,67.093838,64.674415,88.382421,213.104504,651.600197,22.943549,0.321684,9.477066,7.983518,3328.069488,cooling_system_fault,1,1,100,1800,-1.436386,0.05481,-0.381316,22.258033,-0.467091,-0.058892,0.007195,-0.089967,0.701839,192.94
1413,cruise,4238.083885,68.304857,65.138072,88.660444,210.64892,655.027076,23.175782,0.309445,9.639028,7.346033,3395.342147,cooling_system_fault,1,1,100,1800,-4.533972,-0.193404,-0.244939,21.775153,-0.87203,0.140499,0.001886,0.048188,0.701384,192.935
1414,cruise,4154.188691,68.306507,64.568623,87.800752,212.098245,656.110574,23.240081,0.315565,9.858833,8.705097,3500.025922,cooling_system_fault,1,1,100,1800,-0.172681,0.840485,0.382478,22.890175,1.352731,-0.008152,-0.003574,0.013982,0.700929,192.93
1415,cruise,4196.064386,67.121151,63.130437,87.537354,212.520074,658.784809,23.214695,0.312864,9.781565,8.654506,3512.674265,cooling_system_fault,1,1,100,1800,0.113881,-0.268852,0.216939,23.1426,-0.088113,-0.040206,-0.003034,0.008364,0.700474,192.925
1416,cruise,4223.222444,68.035833,64.390666,89.181972,212.671752,653.105392,22.788957,0.308836,9.817213,7.295925,3596.120547,cooling_system_fault,1,1,100,1800,4.46552,-1.070642,0.483791,21.711681,1.048457,0.10876,0.004916,0.039654,0.700018,192.92
1417,cruise,4225.158228,67.283408,64.958524,88.249458,212.044178,660.890492,23.091193,0.318757,9.605483,7.785146,3514.852305,cooling_system_fault,1,1,100,1800,-3.049305,-0.056032,-0.115346,22.847447,1.72036,0.080308,-0.004042,-0.019407,0.699562,192.915
1418,cruise,4197.125655,66.715752,64.566877,89.031925,211.036605,656.682186,22.980717,0.306238,10.031103,5.934879,3513.27701,cooling_system_fault,1,1,100,1800,-3.669306,-0.540853,0.772106,24.294193,0.328066,0.101438,0.000832,-0.04653,0.699106,192.91
1419,cruise,4231.559526,66.149717,65.329027,88.917284,212.75653,652.301129,23.155775,0.312523,9.472359,9.104582,3447.426284,cooling_system_fault,1,1,100,1800,3.673813,0.337356,0.382912,22.715319,1.468699,-0.161825,0.011195,-0.072115,0.698649,192.905
1420,cruise,4197.013236,66.654208,64.768128,87.780443,214.042389,657.696421,23.051866,0.308198,10.136949,8.747204,3584.277205,cooling_system_fault,1,1,100,1800,-0.609798,-0.145479,0.426172,23.668904,1.043769,-0.093459,-0.004514,0.112446,0.698192,192.9
1421,cruise,4180.176025,68.074184,64.807024,87.908352,212.586418,653.041865,22.933468,0.315883,9.802972,9.094381,3359.035397,cooling_system_fault,1,1,100,1800,2.360621,-0.015026,0.036449,22.62935,0.828676,-0.162341,-0.002033,-0.017576,0.697734,192.895
1422,cruise,4210.593261,66.446002,65.03049,88.776137,213.883832,659.307763,23.206696,0.316051,9.874328,7.823009,3501.324684,cooling_system_fault,1,1,100,1800,5.50715,0.198341,-0.144648,23.369801,1.531701,0.004405,-0.003309,0.095247,0.697276,192.89
1423,cruise,4206.090837,68.130087,64.516855,87.948776,211.914089,657.142672,22.891913,0.312067,9.606766,9.412799,3462.593495,cooling_system_fault,1,1,100,1800,-1.28567,-0.048133,0.639772,23.82295,-1.197907,-0.296319,0.007932,-0.033126,0.696818,192.885
1424,cruise,4207.631155,66.654245,64.980372,88.038537,213.251631,651.519739,22.949871,0.311969,9.806935,8.436752,3511.783029,cooling_system_fault,1,1,100,1800,-0.212343,0.055753,0.001104,23.867708,-1.463172,0.063484,-0.010321,-0.182379,0.69636,192.88
1425,cruise,4183.509219,66.907587,64.653949,88.888093,213.260173,654.870749,22.50072,0.311199,9.785838,8.028216,3511.779279,cooling_system_fault,1,1,100,1800,-4.951023,-0.130515,0.827282,22.782959,1.97327,0.000653,-0.007409,-0.049463,0.695901,192.875
1426,cruise,4186.315995,67.548446,64.669861,88.058101,212.434055,651.68585,23.141691,0.317521,9.449163,8.885854,3417.814338,cooling_system_fault,1,1,100,1800,0.31423,0.329685,0.304958,22.321033,-0.834281,0.327114,-0.001288,0.119566,0.695442,192.87
1427,cruise,4197.414491,67.64567,65.038413,88.106714,213.678455,658.323543,23.290976,0.312273,9.499085,8.102728,3491.035117,cooling_system_fault,1,1,100,1800,4.916508,0.724991,-0.542873,23.4571,-0.17666,-0.134916,0.004003,-0.036963,0.694982,192.865
1428,cruise,4209.342489,66.990951,63.829262,88.3885,210.710516,659.262403,22.777647,0.32078,9.658644,7.175523,3471.254107,cooling_system_fault,1,1,100,1800,0.092938,0.231902,0.004894,22.192432,-0.056918,0.092434,0.002528,0.10227,0.694522,192.86
1429,cruise,4233.495033,66.724023,64.856447,88.00256,211.683024,654.549475,23.103523,0.321087,9.785318,6.921012,3404.250527,cooling_system_fault,1,1,100,1800,0.783694,0.079604,-0.925119,23.870552,-0.35276,-0.066017,0.003892,0.160297,0.694062,192.855
1430,cruise,4226.305394,65.718164,64.946201,89.261386,212.71143,651.404376,23.033126,0.309447,9.563772,7.986031,3468.063799,cooling_system_fault,1,1,100,1800,-1.155955,0.281803,0.603727,22.528697,0.846989,-0.04721,0.000269,0.034032,0.693602,192.85
1431,cruise,4209.285041,66.001842,64.712059,87.618851,214.746736,655.595862,23.011434,0.301508,9.587738,9.87976,3560.225493,cooling_system_fault,1,1,100,1800,5.103284,-0.42814,-0.42966,23.578362,-3.037629,0.302647,0.000725,-0.057832,0.693141,192.845
1432,cruise,4196.537975,66.071059,64.026164,87.635363,213.013311,657.927966,23.053001,0.324454,10.115784,6.448457,3588.581987,cooling_system_fault,1,1,100,1800,1.713418,0.040964,0.478542,22.254458,2.787811,0.040084,0.001972,0.120395,0.692679,192.84
1433,cruise,4193.977719,67.366085,64.651949,88.815667,212.80931,651.639725,23.498094,0.313039,9.851879,9.515994,3336.351535,cooling_system_fault,1,1,100,1800,0.655119,0.225237,-0.258411,24.991737,1.376634,-0.128112,-0.004773,0.050884,0.692218,192.835
1434,cruise,4202.156856,65.08103,64.776927,88.450521,213.784167,655.672199,23.062169,0.307139,9.808987,9.148747,3516.878232,cooling_system_fault,1,1,100,1800,2.564703,-0.118295,-0.309186,24.139672,-0.005285,-0.033322,-0.001918,-0.056377,0.691756,192.83
1435,cruise,4252.559217,65.994991,64.647901,87.795453,212.096261,652.916,22.981705,0.301846,9.902297,8.157338,3502.571728,cooling_system_fault,1,1,100,1800,-1.363982,-0.570284,-0.441713,23.149293,1.626785,-0.040401,-0.005696,0.028732,0.691293,192.825
1436,cruise,4203.233855,66.771757,64.397279,87.334876,211.098314,662.011885,23.079222,0.315073,9.946486,7.029269,3442.928971,cooling_system_fault,1,1,100,1800,-4.238382,-0.283945,-0.581336,22.657292,-0.657604,-0.084253,-0.002487,0.150067,0.690831,192.82
1437,cruise,4177.903805,67.67898,64.48734,88.983547,215.330065,658.11439,23.010646,0.314565,9.673588,6.37359,3536.86814,cooling_system_fault,1,1,100,1800,-4.21963,-0.468568,-0.312973,23.594827,-0.532183,0.028274,-0.005296,-0.062104,0.690368,192.815
1438,cruise,4212.916681,66.834716,64.695688,87.498001,212.513671,654.68925,22.879726,0.32456,9.876329,9.364572,3363.665506,cooling_system_fault,1,1,100,1800,-0.666076,0.228486,-0.684512,24.334945,-1.531725,0.391276,0.006554,-0.054158,0.689904,192.81
1439,cruise,4220.37282,65.410457,64.503108,88.856479,213.757251,654.212195,22.866827,0.319667,9.905287,6.27639,3433.153274,cooling_system_fault,1,1,100,1800,0.597289,0.188288,-0.322302,23.745078,1.174658,-0.026109,0.001881,-0.100951,0.689441,192.805
1440,descent,3927.526165,47.749781,64.559751,89.516065,204.769232,601.693023,20.115834,0.309586,6.8,8.503634,3607.000946,cooling_system_fault,1,1,100,1800,0.855754,-0.995555,0.179191,24.351793,-0.266894,-0.260101,0.001165,-0.014847,0.688977,192.8
1441,descent,3899.242347,47.916747,65.25473,87.832679,202.074075,604.183123,19.917264,0.306695,6.8,9.408233,3479.506764,cooling_system_fault,1,1,100,1800,-5.433258,-0.168433,0.240705,23.312769,0.659808,-0.221107,-0.000181,-0.104176,0.688512,192.795
1442,descent,3899.385315,45.966426,64.697398,88.383995,202.497782,600.818026,20.340064,0.321644,6.939418,8.147978,3415.396874,cooling_system_fault,1,1,100,1800,-0.02269,0.266731,0.740684,22.736679,-2.779094,0.040062,-0.001832,0.173079,0.688048,192.79
1443,descent,3874.479357,46.157622,64.620948,88.367829,203.686651,607.683331,19.793303,0.32802,6.8,7.505499,3363.224204,cooling_system_fault,1,1,100,1800,-1.387701,0.469588,0.323354,22.763556,0.12564,0.022364,0.000621,0.022103,0.687583,192.785
1444,descent,3914.743215,47.074466,64.730426,88.126029,202.678853,603.787846,20.305922,0.309578,6.806334,9.530722,3360.635989,cooling_system_fault,1,1,100,1800,-2.233467,0.07835,-0.860499,23.707157,-0.680694,-0.154685,-0.000761,0.037624,0.687117,192.78
1445,descent,3946.513087,47.602611,64.910253,88.261199,204.440755,605.454728,20.142597,0.321696,6.807672,7.170125,3602.780288,cooling_system_fault,1,1,100,1800,-2.130744,0.049846,0.313291,23.940334,-0.779262,0.097546,0.009215,-0.118368,0.686651,192.775
1446,descent,3902.377719,48.297901,64.230483,87.644702,201.990715,605.754667,20.332826,0.315466,6.8,7.054208,3329.378858,cooling_system_fault,1,1,100,1800,-4.014946,-0.328129,0.099572,24.401177,0.273413,0.101808,-0.007255,0.016923,0.686185,192.77
1447,descent,3906.153393,48.140924,63.951498,87.958314,204.038898,607.831556,20.09756,0.312273,6.8,6.641482,3513.960296,cooling_system_fault,1,1,100,1800,0.497619,-0.241989,-0.063532,22.426072,1.995364,0.03415,-0.002706,0.0764,0.685719,192.765
1448,descent,3905.802733,45.992852,64.437091,87.595839,204.365434,599.320173,19.855014,0.31228,6.8,7.17181,3481.092514,cooling_system_fault,1,1,100,1800,0.926382,-0.087881,-0.891144,23.670607,-0.19608,0.165025,0.010834,0.081241,0.685252,192.76
1449,descent,3909.000442,46.383011,64.299003,87.646307,202.572489,608.590963,20.108012,0.308753,6.8,8.016679,3457.799594,cooling_system_fault,1,1,100,1800,0.949928,-0.415726,0.95558,23.855627,0.184765,0.184637,0.004193,0.076417,0.684785,192.755
1450,descent,3899.981912,47.463307,64.59177,87.381004,203.366457,604.803578,20.097458,0.303885,6.8,8.590676,3527.028914,cooling_system_fault,1,1,100,1800,-2.365616,-0.086677,-0.972387,24.668037,1.279072,0.244706,-0.00852,0.022155,0.684317,192.75
1451,descent,3902.855527,46.875919,64.188098,88.059335,203.334159,607.72892,20.017896,0.316489,6.817246,6.702744,3310.071583,cooling_system_fault,1,1,100,1800,0.73045,0.413007,0.405494,24.479427,0.49659,-0.375714,0.009374,-0.119096,0.683849,192.745
1452,descent,3890.721876,45.526591,65.087004,88.224243,203.962836,607.222024,20.151481,0.316166,6.8,6.52142,3458.182984,cooling_system_fault,1,1,100,1800,-0.450201,-0.270389,0.124484,23.835692,1.883537,0.12864,-0.00299,0.039574,0.683381,192.74
1453,descent,3916.788498,46.856327,65.058172,88.104898,203.877099,606.352645,19.930175,0.307668,6.8,7.860457,3490.852994,cooling_system_fault,1,1,100,1800,-1.522095,-0.50046,-0.531238,24.312745,-1.670831,-0.05373,-0.005568,-0.011463,0.682913,192.735
1454,descent,3924.473642,47.398021,64.574387,87.379186,202.893583,599.412473,20.027971,0.30313,6.8,8.677312,3493.566338,cooling_system_fault,1,1,100,1800,-1.875596,0.064194,0.085814,23.980863,-1.53153,-0.126085,0.006283,-0.010444,0.682444,192.73
1455,descent,3916.164758,47.435228,65.149764,87.951044,204.158189,606.402038,20.115353,0.313672,6.8,9.078472,3514.64671,cooling_system_fault,1,1,100,1800,-1.36591,-0.883286,0.381122,22.807706,-0.023058,-0.025773,0.001665,0.034287,0.681975,192.725
1456,descent,3910.65816,47.655561,64.729535,88.985207,204.234002,599.328253,20.161461,0.315075,6.8,6.516321,3545.157077,cooling_system_fault,1,1,100,1800,0.336853,0.249231,0.051896,25.572529,-2.662624,-0.145321,-0.00059,0.099554,0.681505,192.72
1457,descent,3920.813391,45.069223,64.294312,87.863526,202.259607,604.195865,20.054389,0.31701,6.839515,7.67996,3496.028908,cooling_system_fault,1,1,100,1800,-2.237681,-0.188802,0.08116,25.956112,-0.258346,0.023212,-8.5e-05,-0.140656,0.681035,192.715
1458,descent,3921.743603,45.72699,64.562028,88.337681,203.420087,604.457373,20.398154,0.329511,6.8,8.455269,3519.430162,cooling_system_fault,1,1,100,1800,3.56354,0.459188,-0.787332,25.062723,0.089959,0.308817,-0.004439,-0.056942,0.680565,192.71
1459,descent,3921.709768,46.710668,64.418812,87.831489,203.209233,605.452271,19.780086,0.312011,6.8,9.177965,3417.245224,cooling_system_fault,1,1,100,1800,-1.807769,0.619647,-0.345914,24.642284,2.353971,0.332777,0.010871,-0.052146,0.680094,192.705
1460,descent,3903.613448,47.141921,64.505496,88.757083,206.092698,605.77783,20.121232,0.318826,6.8,7.106052,3381.08904,cooling_system_fault,1,1,100,1800,0.257053,-0.53989,0.768142,25.964898,0.12068,0.028652,0.004996,0.015333,0.679623,192.7
1461,descent,3901.338408,47.401224,64.506827,88.173502,201.810137,606.43088,19.895384,0.30942,6.843526,7.473228,3396.705336,cooling_system_fault,1,1,100,1800,2.566989,0.087895,-0.201096,24.53428,1.602442,-0.002252,-0.001137,-0.022325,0.679152,192.695
1462,descent,3905.474539,44.713851,64.246842,88.291269,205.080899,607.198579,20.069332,0.314341,6.8,7.087664,3532.30301,cooling_system_fault,1,1,100,1800,-4.163459,0.900809,0.762725,23.572142,-1.777962,0.095043,0.008711,-0.064805,0.67868,192.69
1463,descent,3903.184532,49.347449,64.167808,88.222411,205.203328,604.947299,20.064084,0.312701,6.801492,9.201161,3457.119905,cooling_system_fault,1,1,100,1800,-3.753519,0.174708,0.166178,23.119435,-1.874876,-0.18537,-0.003707,0.080756,0.678208,192.685
1464,descent,3931.104848,46.692782,65.360605,87.715142,204.513004,609.815588,20.048638,0.311845,6.8,7.031098,3422.991961,cooling_system_fault,1,1,100,1800,4.358657,0.364244,-0.081625,24.053074,0.351616,-0.402995,0.000512,0.000939,0.677736,192.68
1465,descent,3913.379334,45.484741,65.224177,88.19755,204.119073,598.318907,19.895752,0.315979,6.854663,7.88185,3532.818246,cooling_system_fault,1,1,100,1800,-3.011818,-0.008007,-0.562461,22.949283,-0.261769,0.040973,-0.000819,0.042173,0.677263,192.675
1466,descent,3908.630546,47.356164,64.311262,88.083656,205.397152,609.372909,20.305998,0.312603,6.8,9.510777,3407.981946,cooling_system_fault,1,1,100,1800,-0.954849,0.258592,0.832881,23.491276,0.051456,-0.185597,0.006146,0.070232,0.67679,192.67
1467,descent,3882.922744,47.94112,64.324494,88.627858,204.503804,602.460469,19.87278,0.313323,6.822507,9.357353,3461.011407,cooling_system_fault,1,1,100,1800,1.756421,0.061532,-0.201225,24.01174,1.580049,-0.141837,-0.008512,0.079414,0.676317,192.665
1468,descent,3905.818847,46.312066,64.202938,88.99224,203.638008,603.725134,20.127447,0.321904,6.978724,6.650169,3545.939537,cooling_system_fault,1,1,100,1800,0.325818,-0.289407,1.130119,25.053513,2.378413,0.069227,0.003743,0.066699,0.675843,192.66
1469,descent,3913.104394,46.646963,64.183387,87.534163,204.712699,606.303156,19.960272,0.312334,6.8,8.135603,3487.546133,cooling_system_fault,1,1,100,1800,-4.669971,-0.618218,-0.721213,24.780163,-0.828719,-0.031762,-0.004525,-0.147697,0.675369,192.655
1470,descent,3918.16953,46.686545,64.151338,88.303839,201.701164,597.274641,20.02059,0.322353,6.8,10.377157,3444.391139,cooling_system_fault,1,1,100,1800,0.233988,0.243463,-0.600731,25.757986,-1.867968,-0.24572,0.002681,-0.015545,0.674894,192.65
1471,descent,3929.155784,46.647389,64.725418,87.792942,205.379817,613.050178,19.843927,0.306526,6.97377,7.764628,3440.655346,cooling_system_fault,1,1,100,1800,0.781151,0.575863,-0.152629,24.951576,0.650157,-0.030013,-0.001022,-0.084573,0.67442,192.645
1472,descent,3916.314517,47.199915,64.980425,87.859098,204.549116,604.578496,20.124915,0.308884,6.8,8.589651,3594.658247,cooling_system_fault,1,1,100,1800,1.488588,-0.469935,0.176825,25.005538,-0.421986,-0.210803,0.000113,0.03054,0.673945,192.64
1473,descent,3898.456076,45.97421,64.634599,88.249907,205.560546,602.83153,20.085333,0.321179,6.876965,7.870064,3327.789988,cooling_system_fault,1,1,100,1800,1.033648,0.607611,0.764223,25.504275,-0.424587,-0.21497,0.000217,-0.006532,0.673469,192.635
1474,descent,3893.98073,47.739112,64.199636,88.364791,202.5619,605.181032,20.17011,0.315151,6.8,8.64965,3371.248629,cooling_system_fault,1,1,100,1800,7.077295,-0.145909,0.255906,24.935688,0.778218,0.032352,0.002753,0.182489,0.672993,192.63
1475,descent,3900.711026,47.069767,64.541636,88.02453,204.640393,604.80185,19.668529,0.313903,6.960505,9.557166,3453.041411,cooling_system_fault,1,1,100,1800,4.100234,0.031791,-0.176588,23.595106,-4.820567,0.024773,0.000846,0.017959,0.672517,192.625
1476,descent,3936.097324,46.857148,64.902518,88.078998,204.143996,605.216319,19.659415,0.308784,6.930955,8.259286,3563.846103,cooling_system_fault,1,1,100,1800,4.112254,0.128841,-0.835648,24.815367,-3.477298,-0.373692,-0.004213,0.028698,0.672041,192.62
1477,descent,3952.155073,45.832157,64.599469,87.690093,205.073317,603.645472,19.878968,0.324663,6.8,8.336037,3536.279962,cooling_system_fault,1,1,100,1800,1.770748,0.541467,0.034261,24.974276,0.206768,0.008319,0.005576,0.164757,0.671564,192.615
1478,descent,3878.285672,49.847684,64.788274,88.421104,205.701105,603.760402,20.246718,0.315768,6.953082,6.588996,3494.146038,cooling_system_fault,1,1,100,1800,-1.403111,-0.566669,0.264431,23.430913,1.301367,-0.194049,0.003145,0.082196,0.671087,192.61
1479,descent,3868.197256,47.903228,64.873392,89.273218,207.124343,600.935008,19.929242,0.316512,6.8,8.078477,3471.462217,cooling_system_fault,1,1,100,1800,-0.515536,-0.364923,-0.127958,24.556571,1.06709,0.137938,-0.001578,0.132675,0.670609,192.605
1480,descent,3914.915644,47.615763,64.763467,87.931567,205.604912,602.891067,20.138451,0.312467,6.8,6.333567,3500.805609,cooling_system_fault,1,1,100,1800,-0.383224,0.86878,-0.186769,25.193239,4.030836,-0.138322,-0.000243,0.083428,0.670131,192.6
1481,descent,3907.646906,47.376108,64.902201,88.906468,204.434337,610.899974,20.093267,0.315181,6.8,9.511794,3446.523518,cooling_system_fault,1,1,100,1800,2.826604,-0.229923,0.667625,26.097933,0.187154,-0.246264,0.002628,-0.095141,0.669653,192.595
1482,descent,3943.692678,47.578263,64.598054,88.035852,205.6585,603.315152,19.806351,0.323111,6.851891,8.109703,3324.670453,cooling_system_fault,1,1,100,1800,1.820952,0.53536,0.15914,23.933127,0.95079,0.125367,0.007019,-0.043997,0.669174,192.59
1483,descent,3933.013639,46.865721,63.996185,88.411528,203.754091,603.239613,20.103006,0.318365,6.8,9.067726,3381.604796,cooling_system_fault,1,1,100,1800,-2.208199,0.143013,0.92278,24.974485,-0.073973,0.141622,-3.2e-05,0.02092,0.668695,192.585
1484,descent,3921.690577,46.173178,64.688707,86.566397,206.762103,608.117137,20.266003,0.316598,6.8,7.908174,3495.351362,cooling_system_fault,1,1,100,1800,1.65904,0.634943,-0.114842,23.697522,0.328811,0.290868,0.00267,-0.011296,0.668216,192.58
1485,descent,3911.176551,46.956462,64.127169,87.810796,205.34792,606.322696,20.035993,0.316192,6.835295,7.778013,3562.508104,cooling_system_fault,1,1,100,1800,0.655446,-0.620329,0.636746,25.574445,1.369786,0.07884,-0.001957,0.031554,0.667736,192.575
1486,descent,3899.597314,47.26522,64.793846,87.042641,204.336846,606.694958,19.928235,0.312149,6.834688,7.308643,3636.155518,cooling_system_fault,1,1,100,1800,2.128495,0.003795,-0.516564,24.42188,-2.069067,0.054983,-0.003609,0.053325,0.667256,192.57
1487,descent,3912.578982,48.490096,64.442514,87.686612,206.049585,602.931068,20.190793,0.319791,6.8,7.978575,3501.244868,cooling_system_fault,1,1,100,1800,0.500768,-0.477634,0.493745,25.659227,-0.1345,-0.031285,0.004155,-0.014929,0.666776,192.565
1488,descent,3893.335588,47.408147,64.295908,88.085666,204.553432,607.107044,20.158275,0.3162,6.8,10.040546,3353.790183,cooling_system_fault,1,1,100,1800,1.470592,0.241247,-0.066719,26.394828,3.261204,0.169366,-0.000911,-0.007201,0.666295,192.56
1489,descent,3900.321344,47.737444,64.809523,87.570844,206.307525,600.200951,20.051079,0.319292,6.8,8.326435,3463.580641,cooling_system_fault,1,1,100,1800,-1.455833,0.159922,-0.662009,24.643739,-0.087462,-0.16906,-0.007338,-0.074997,0.665814,192.555
1490,descent,3941.609493,47.925807,64.59553,88.201701,205.065819,606.250117,20.25576,0.3232,6.891779,8.134226,3531.18016,cooling_system_fault,1,1,100,1800,-1.414199,0.260104,1.008932,25.247356,0.28292,-0.008164,0.005745,-0.088227,0.665333,192.55
1491,descent,3860.219322,48.151269,64.689466,88.562966,206.07234,601.112514,20.12121,0.317422,6.8,9.139226,3474.505375,cooling_system_fault,1,1,100,1800,2.250308,-0.487792,0.097891,25.256459,1.805215,0.007304,0.000276,-0.116572,0.664851,192.545
1492,descent,3868.918303,45.961508,64.70625,87.60696,204.787516,601.59034,19.950512,0.309437,6.8,8.083553,3393.629935,cooling_system_fault,1,1,100,1800,-2.588798,-0.620179,0.427749,24.084211,1.883964,-0.046173,0.00738,-0.034772,0.664369,192.54
1493,descent,3942.83196,47.187592,64.42316,87.85727,204.130951,602.923622,20.08918,0.326235,6.8,7.849458,3561.988764,cooling_system_fault,1,1,100,1800,0.541834,0.545409,-0.701887,25.118468,0.317765,-0.032331,-0.00109,-0.053092,0.663887,192.535
1494,descent,3884.8588,46.218872,64.411946,88.026119,207.572204,603.460668,19.956858,0.314859,6.980594,6.687313,3392.623272,cooling_system_fault,1,1,100,1800,-2.854079,0.535467,0.137104,26.463324,-1.508487,-0.206496,0.002246,-0.134307,0.663404,192.53
1495,descent,3929.768761,47.099004,64.450601,88.580272,204.720582,596.998624,20.103977,0.311357,6.8,8.230926,3524.375714,cooling_system_fault,1,1,100,1800,2.359561,0.364431,-0.20376,26.08724,-1.565977,-0.204591,-0.005786,-0.030985,0.662921,192.525
1496,descent,3906.253638,45.704508,63.946169,88.203668,206.848547,606.22752,20.189695,0.303337,6.926775,7.386499,3399.485129,cooling_system_fault,1,1,100,1800,-0.196262,-0.13877,0.753309,26.288909,-1.486623,0.14421,0.003803,0.025781,0.662438,192.52
1497,descent,3894.780351,46.979152,64.639517,87.431406,204.053091,602.441782,19.695105,0.309172,6.8,7.149949,3576.732681,cooling_system_fault,1,1,100,1800,1.805126,0.181642,-0.074926,25.482521,0.587972,0.090292,-0.004218,0.066101,0.661954,192.515
1498,descent,3849.903238,45.451148,63.913087,87.4193,206.290068,605.646838,19.969033,0.318415,6.8,6.170779,3529.158943,cooling_system_fault,1,1,100,1800,0.651088,0.132886,0.108157,24.978148,-0.973132,-0.065946,0.001611,-0.021311,0.66147,192.51
1499,descent,3926.578084,47.377893,64.117324,86.860664,206.837923,609.08838,20.083587,0.310834,6.917591,8.56858,3513.627805,cooling_system_fault,1,1,100,1800,0.294295,0.930606,0.09711,25.561705,-0.793633,-0.132796,-0.004827,0.045944,0.660985,192.505
1500,descent,3905.718168,46.318596,64.717803,87.995435,203.586322,601.290174,20.252245,0.315599,6.8,6.82391,3513.066272,cooling_system_fault,1,1,100,1800,4.100489,-0.014849,-0.046642,25.049879,-0.39689,-0.170686,-0.003789,-0.033625,0.6605,192.5
1501,descent,3904.041919,46.591907,64.919917,87.547709,205.165098,603.50231,19.70935,0.319136,6.8,10.563055,3481.307439,cooling_system_fault,1,1,100,1800,0.599838,-0.220195,-0.694621,27.062769,-1.026134,-0.0292,0.00015,-0.05567,0.660015,192.495
1502,descent,3886.463036,47.750968,64.458324,87.723587,206.225833,605.702857,20.005492,0.311796,6.8,7.860606,3309.519051,cooling_system_fault,1,1,100,1800,-2.522574,0.837441,-1.251088,26.446117,-0.387488,0.271451,-0.003043,-0.196356,0.65953,192.49
1503,descent,3902.151796,46.531238,64.885456,88.703258,203.753173,600.517035,20.207443,0.318252,6.8,7.560816,3501.694741,cooling_system_fault,1,1,100,1800,-1.905736,-0.62577,-0.531038,27.173335,-0.218249,-0.063604,-0.004277,0.032531,0.659044,192.485
1504,descent,3909.609049,45.299269,64.03786,88.127809,204.830246,604.34824,20.044139,0.302074,6.948867,7.656095,3650.344409,cooling_system_fault,1,1,100,1800,-6.138159,0.329172,0.934964,26.28393,1.331798,-0.071487,-0.002463,0.032399,0.658558,192.48
1505,descent,3919.701139,46.645418,64.549379,87.731054,203.42762,607.132835,19.713071,0.309644,6.815117,8.282101,3379.890723,cooling_system_fault,1,1,100,1800,-0.27137,-0.004001,0.372246,25.291688,0.148204,0.044383,0.007747,-0.120286,0.658071,192.475
1506,descent,3855.471131,46.396745,63.893555,87.75117,207.012076,604.462576,20.319258,0.318272,6.958791,9.127991,3403.056346,cooling_system_fault,1,1,100,1800,-1.586472,-0.267573,-0.345643,26.725525,2.060552,-0.042028,-0.007116,-0.067112,0.657584,192.47
1507,descent,3883.571734,46.542794,64.018075,88.199112,206.040233,603.424267,20.096597,0.310502,6.93616,6.990318,3466.989323,cooling_system_fault,1,1,100,1800,2.907099,-0.276096,0.137152,25.953655,0.986522,0.266799,-0.004263,-0.177584,0.657097,192.465
1508,descent,3883.579418,48.814018,64.464074,87.059153,207.771391,603.096307,19.899101,0.303684,6.822396,5.447021,3512.319129,cooling_system_fault,1,1,100,1800,2.034006,-0.701915,-0.18483,26.712171,0.567137,0.220624,0.004928,-0.075367,0.656609,192.46
1509,descent,3907.877182,48.048444,64.103688,87.746964,206.59962,600.232692,19.989083,0.315566,6.8,7.899371,3358.206491,cooling_system_fault,1,1,100,1800,1.93007,-0.072888,0.130857,26.64035,0.474734,-0.0263,-0.004545,0.017345,0.656121,192.455
1510,descent,3908.570082,49.416889,63.889956,87.945729,204.957512,603.741249,20.208848,0.310921,6.8,8.682282,3599.65967,cooling_system_fault,1,1,100,1800,1.729876,-0.042071,0.19786,26.296715,2.490631,0.217632,0.002985,0.055309,0.655633,192.45
1511,descent,3905.542945,47.050241,63.798467,88.977244,206.032413,604.632983,19.877341,0.320853,6.8,10.027565,3367.111494,cooling_system_fault,1,1,100,1800,1.402444,0.345009,-0.000308,25.021747,1.012935,-0.154515,0.002655,0.030588,0.655144,192.445
1512,descent,3899.222908,47.182481,63.877799,88.071391,205.684609,606.867132,20.098534,0.315861,6.901444,7.408031,3409.490926,cooling_system_fault,1,1,100,1800,4.405348,-0.284446,-0.002748,26.277584,0.085922,0.136971,-0.00472,0.07139,0.654655,192.44
1513,descent,3908.062048,46.57408,64.375083,87.798506,205.441606,604.278527,20.008616,0.322746,6.8,9.034976,3629.660447,cooling_system_fault,1,1,100,1800,3.514751,-1.491379,-0.217823,25.4518,-2.212794,0.058689,0.002983,-0.013285,0.654166,192.435
1514,descent,3909.743657,47.14297,63.866049,87.679812,206.968372,603.441018,20.077697,0.311619,6.8,6.743764,3667.118554,cooling_system_fault,1,1,100,1800,-0.206995,-0.116241,-0.385621,24.924075,0.061809,0.065076,-0.001446,0.088347,0.653676,192.43
1515,descent,3882.201444,45.989611,65.806482,88.691939,207.179762,604.187245,19.858809,0.314801,6.8,8.38801,3542.703175,cooling_system_fault,1,1,100,1800,-1.149654,0.389724,0.030986,27.178704,2.584416,0.156892,-0.000707,-0.067076,0.653186,192.425
1516,descent,3898.024829,46.76568,64.588842,88.430331,205.050829,605.707524,19.980653,0.317729,6.824198,7.675054,3423.074691,cooling_system_fault,1,1,100,1800,-2.681866,0.680953,-1.034932,25.833983,-0.890436,-0.210227,-0.002426,-0.023721,0.652696,192.42
1517,descent,3898.033091,45.678033,64.677488,88.14585,205.994608,608.50455,20.144581,0.318971,6.964675,8.636744,3601.817147,cooling_system_fault,1,1,100,1800,0.352252,-0.284324,0.20507,26.75509,-0.789406,0.202248,-0.001321,-0.063538,0.652205,192.415
1518,descent,3922.545264,48.051102,64.915297,88.364682,205.395997,603.782963,19.953496,0.310488,6.8,7.965959,3552.30239,cooling_system_fault,1,1,100,1800,-1.391057,0.327457,-0.236646,26.955944,-1.790668,-0.038307,0.007132,0.137161,0.651714,192.41
1519,descent,3914.890377,45.605,64.468809,87.464359,206.145267,602.80903,20.142251,0.317395,6.821061,8.003095,3399.313916,cooling_system_fault,1,1,100,1800,-2.424455,-0.049766,-0.114343,25.705241,-0.972817,-0.096274,0.001748,-0.069506,0.651223,192.405
1520,descent,3887.215918,46.104248,64.674011,87.641851,207.843041,600.846207,19.86344,0.321952,6.8,8.151538,3517.596641,cooling_system_fault,1,1,100,1800,0.122251,0.222804,-0.743247,27.450339,-0.848907,0.054874,0.001356,-0.051858,0.650731,192.4
1521,descent,3891.682812,46.095751,64.751775,88.868171,206.983797,602.213816,19.953544,0.31002,6.8,6.247791,3473.020382,cooling_system_fault,1,1,100,1800,-0.498299,0.355365,0.165016,26.666302,1.717332,-0.115528,-0.009288,0.085203,0.650239,192.395
1522,descent,3902.815999,47.665006,64.493119,87.527541,205.875403,606.215132,20.215539,0.31983,6.8,7.47915,3322.387746,cooling_system_fault,1,1,100,1800,-1.408664,0.054376,-0.045032,25.598438,-2.26263,0.106106,-0.008204,0.058553,0.649747,192.39
1523,descent,3892.135841,48.159279,64.851048,87.642813,206.449662,601.369878,20.242956,0.306127,6.8,8.44492,3561.057104,cooling_system_fault,1,1,100,1800,-1.9232,0.17106,0.653271,27.214052,-1.756603,0.053469,-0.000182,-0.022536,0.649254,192.385
1524,descent,3869.112994,46.899068,63.938183,88.018661,206.871856,602.197501,20.162972,0.321703,6.8,9.140747,3542.200075,cooling_system_fault,1,1,100,1800,-2.432985,0.352878,-0.432544,26.440228,1.327935,0.017254,0.002511,0.006956,0.648761,192.38
1525,descent,3911.989027,44.908658,64.462654,87.826044,206.761518,603.201014,20.001801,0.31312,6.8,9.115197,3499.192777,cooling_system_fault,1,1,100,1800,-1.42965,0.109608,0.824166,26.999982,-3.59518,0.076042,0.00555,0.060373,0.648267,192.375
1526,descent,3914.163781,46.302651,63.849905,88.528223,206.613571,604.01676,19.97752,0.311963,6.8,7.22824,3456.797803,cooling_system_fault,1,1,100,1800,-1.514719,-0.08542,0.201355,27.279135,-1.793708,-0.100651,0.008123,0.109512,0.647773,192.37
1527,descent,3920.361206,46.733269,64.810283,86.970535,208.119192,605.772785,19.870766,0.315225,6.8,6.66798,3403.890131,cooling_system_fault,1,1,100,1800,0.433681,-1.296241,0.607729,27.79837,-1.732617,-0.183664,-0.005444,-0.091999,0.647279,192.365
1528,descent,3936.318084,43.875298,65.303202,88.192292,206.943262,602.309482,20.045793,0.316548,6.840674,8.975646,3636.48156,cooling_system_fault,1,1,100,1800,2.531348,0.322482,0.465828,26.345146,2.853486,-0.003357,-0.001878,-0.060742,0.646785,192.36
1529,descent,3883.91338,48.143447,64.503089,88.156293,208.39499,605.181176,20.166166,0.31508,6.857452,8.296443,3545.973754,cooling_system_fault,1,1,100,1800,1.886832,0.484115,-0.896627,27.416254,1.24596,-0.205517,-0.001568,-0.063972,0.64629,192.355
1530,descent,3889.038605,46.306677,65.568614,89.253874,205.175523,604.849798,20.025883,0.314344,6.917201,7.148314,3534.523181,cooling_system_fault,1,1,100,1800,4.935052,-0.102413,-0.023005,27.673206,-0.197511,0.050853,-0.004543,-0.02888,0.645794,192.35
1531,descent,3897.088356,48.77545,64.31737,88.35078,208.329544,604.812645,19.456269,0.316115,6.8,8.570596,3456.409702,cooling_system_fault,1,1,100,1800,4.957289,-0.209464,-0.035142,27.139741,-2.28984,-0.087827,-0.002608,-0.115622,0.645299,192.345
1532,descent,3960.160349,49.46026,64.854705,88.309195,206.420668,603.802924,20.077154,0.323797,6.867605,9.570585,3407.038619,cooling_system_fault,1,1,100,1800,-3.684474,-0.055049,-0.945312,27.499494,2.125632,-0.169913,4.6e-05,-0.15009,0.644803,192.34
1533,descent,3877.639712,45.769904,64.779255,87.438801,207.854048,606.793179,20.089559,0.305319,6.8,8.023378,3710.769865,cooling_system_fault,1,1,100,1800,-2.914175,0.52951,0.484749,25.340859,-1.298981,0.054928,-0.003957,0.119586,0.644307,192.335
1534,descent,3908.401252,47.927862,65.339051,88.601211,206.345251,604.203191,20.002428,0.323406,6.8,7.673346,3321.869877,cooling_system_fault,1,1,100,1800,-0.944593,0.558952,-0.026462,26.266909,2.062413,0.023292,-0.009123,-0.041809,0.64381,192.33
1535,descent,3938.751105,45.846259,64.509507,88.483347,207.269302,604.833291,19.949521,0.316785,6.8,9.018331,3441.654051,cooling_system_fault,1,1,100,1800,-5.294401,-0.047953,0.777736,27.410248,-0.623295,0.107188,0.00259,0.115377,0.643313,192.325
1536,descent,3940.77836,45.762053,64.498101,87.02154,207.005029,604.369394,20.014895,0.319874,6.8,8.007606,3422.580449,cooling_system_fault,1,1,100,1800,-0.47169,-0.665033,-0.122111,27.3014,0.770024,0.024799,0.003222,-0.056524,0.642816,192.32
1537,descent,3887.639461,47.487087,64.288341,88.221814,209.396383,605.845061,20.140869,0.312895,6.8,7.782784,3444.005016,cooling_system_fault,1,1,100,1800,-3.343054,-0.336416,-0.626817,27.311928,1.65852,-0.167651,0.005973,0.039533,0.642318,192.315
1538,descent,3902.555973,43.784998,64.403857,88.255512,205.390875,609.24121,19.988845,0.309522,6.8,6.890116,3480.533979,cooling_system_fault,1,1,100,1800,4.833743,0.829881,-0.728331,27.919743,-0.067572,-0.027658,0.001366,0.011766,0.64182,192.31
1539,descent,3936.868013,47.411535,64.768499,87.791604,205.989437,602.221016,20.101577,0.321161,6.854758,9.626103,3447.904407,cooling_system_fault,1,1,100,1800,-3.197846,0.386958,-0.426205,26.925117,0.808733,-0.151251,-0.003033,0.009205,0.641322,192.305
1540,descent,3923.343915,46.531285,63.851388,89.188844,206.848107,599.381238,20.066521,0.312743,6.8,9.237382,3509.244562,cooling_system_fault,1,1,100,1800,-2.36912,-0.202409,-0.421351,27.101956,-1.451463,-0.04926,0.002701,0.042971,0.640823,192.3
1541,descent,3920.581263,44.771048,64.882711,87.981916,207.445178,608.217412,20.039182,0.311846,6.8,8.552572,3444.831151,cooling_system_fault,1,1,100,1800,4.574907,-0.621635,0.432977,28.050048,-1.148625,-0.124646,0.004389,-0.001887,0.640324,192.295
1542,descent,3888.654833,45.975022,64.347892,87.509741,208.913451,601.759659,19.820207,0.314268,6.855791,8.464294,3416.372056,cooling_system_fault,1,1,100,1800,-4.517344,-0.002854,0.301777,27.877481,-0.48584,-0.112642,-0.010282,0.024306,0.639825,192.29
1543,descent,3886.181754,45.181231,64.552855,87.596329,205.920814,601.581421,19.922055,0.319408,6.8,7.208551,3528.339538,cooling_system_fault,1,1,100,1800,3.377919,0.426019,1.056388,27.1269,1.15105,0.305446,0.006262,0.129471,0.639325,192.285
1544,descent,3935.200399,48.029377,64.509305,87.905343,208.580308,601.884634,19.770559,0.311333,6.8,8.32255,3386.378557,cooling_system_fault,1,1,100,1800,-2.636962,-0.447642,0.110659,27.415065,0.278691,0.05908,-0.007407,-0.052469,0.638825,192.28
1545,descent,3900.378626,48.288708,64.256375,87.82586,206.417313,607.250404,20.202702,0.314446,6.8,8.49439,3424.780854,cooling_system_fault,1,1,100,1800,1.930327,0.45531,-0.323772,26.819872,-1.282233,0.257833,-0.002434,0.008275,0.638325,192.275
1546,descent,3869.461663,48.391697,64.21675,87.973204,208.197122,601.260724,19.72925,0.316265,6.8,7.294857,3305.01879,cooling_system_fault,1,1,100,1800,-0.960454,0.614448,-0.054428,26.113038,1.156613,-0.164504,-0.001144,-0.082637,0.637824,192.27
1547,descent,3902.05,45.630418,64.330473,88.10647,206.501617,603.371392,20.266172,0.314929,6.8,8.711928,3572.154818,cooling_system_fault,1,1,100,1800,-0.97172,0.07472,0.008635,27.686016,-1.109121,0.099101,-0.001967,0.037229,0.637323,192.265
1548,descent,3931.00233,46.211623,63.985733,88.207056,205.862584,604.441219,20.138384,0.314347,6.8,8.770701,3394.23945,cooling_system_fault,1,1,100,1800,-1.802216,0.259129,0.499121,26.840544,-0.629957,0.240899,0.010039,0.028388,0.636821,192.26
1549,descent,3920.508843,46.136762,63.470952,87.555885,205.977406,605.766293,19.692051,0.313106,6.8,9.180256,3472.801067,cooling_system_fault,1,1,100,1800,-1.724891,-0.342074,-0.4048,27.912127,-1.652383,0.007749,-0.001728,-0.039898,0.636319,192.255
1550,descent,3907.755359,46.757546,64.35615,88.142144,208.562912,598.751775,20.065572,0.313712,6.954888,9.034786,3517.508611,cooling_system_fault,1,1,100,1800,5.781728,-0.476888,0.631563,27.999498,-1.858676,0.050524,0.005922,0.102484,0.635817,192.25
1551,descent,3912.1522,48.165607,63.932685,87.501938,208.197017,601.558913,20.416956,0.321921,6.915794,6.822791,3473.089834,cooling_system_fault,1,1,100,1800,-6.928593,-0.566345,-0.286123,28.286578,0.330141,0.14582,-0.001238,-0.019263,0.635315,192.245
1552,descent,3904.461701,45.877307,65.346618,88.415173,208.363339,607.924243,19.90935,0.312908,6.8,7.571659,3792.241065,cooling_system_fault,1,1,100,1800,1.087693,-0.532004,-0.207865,26.37619,0.873187,-0.05807,-0.006079,-0.163353,0.634812,192.24
1553,descent,3907.114538,48.132915,63.996289,88.66184,209.680648,606.577673,19.929323,0.318704,6.8,8.746864,3417.279963,cooling_system_fault,1,1,100,1800,-3.919835,-0.646495,0.631139,27.796966,-1.078044,0.219672,0.003792,-0.048623,0.634309,192.235
1554,descent,3871.740167,46.739348,64.180075,87.27556,209.319313,606.58186,20.262097,0.314852,6.875131,7.971092,3459.686599,cooling_system_fault,1,1,100,1800,-1.201234,-0.325658,0.224817,29.743318,0.557827,-0.117327,-0.004581,-0.114047,0.633805,192.23
1555,descent,3932.538789,48.345709,64.661147,88.418753,208.638186,605.875372,20.051389,0.317623,6.850172,6.673832,3482.287924,cooling_system_fault,1,1,100,1800,-1.745757,0.256519,0.290382,27.500172,-0.54343,0.010866,-0.004054,-0.084889,0.633301,192.225
1556,descent,3901.392285,48.696751,63.826095,87.487148,207.554167,606.613685,20.260081,0.312542,6.8,7.875687,3365.202674,cooling_system_fault,1,1,100,1800,-1.926764,0.060406,-0.543219,27.377342,1.261743,-0.038411,-0.005066,0.175388,0.632797,192.22
1557,descent,3917.619329,47.753217,65.401969,87.901484,209.154758,604.486384,20.1639,0.317002,6.8,7.535071,3293.591608,cooling_system_fault,1,1,100,1800,1.782741,-0.314151,0.910935,27.768844,0.48211,-0.030595,-0.001056,-0.171627,0.632293,192.215
1558,descent,3899.073126,47.131424,64.836513,87.790084,205.744007,607.491949,19.90716,0.3101,6.8,8.789146,3468.854852,cooling_system_fault,1,1,100,1800,-2.363608,0.020941,0.604223,28.847211,-0.498535,-0.119901,0.001946,0.034228,0.631788,192.21
1559,descent,3922.96384,48.230237,65.656338,87.979271,207.648651,603.459178,20.196507,0.311856,6.870005,8.532856,3441.2061,cooling_system_fault,1,1,100,1800,-4.544449,0.181276,0.34853,28.070182,-0.521895,0.0123,-0.006538,-0.076334,0.631282,192.205
1560,descent,3874.351156,46.500244,64.878574,87.933673,207.46321,601.827951,20.402219,0.31614,6.893797,9.993776,3445.422782,cooling_system_fault,1,1,100,1800,2.19173,0.069136,-0.690895,27.420198,-1.801356,-0.143552,0.004261,-0.004185,0.630777,192.2
1561,descent,3888.102303,47.67648,63.826397,87.932902,207.266979,603.08978,19.962824,0.306998,6.8,9.134865,3450.54473,cooling_system_fault,1,1,100,1800,6.255787,-0.049611,-0.236516,28.852862,-0.20561,0.050672,-0.003486,0.041325,0.630271,192.195
1562,descent,3908.548261,47.587936,64.351974,88.056276,206.704186,605.352215,20.146813,0.316127,6.8,9.206771,3415.27969,cooling_system_fault,1,1,100,1800,-1.135402,-0.541678,-0.397066,27.034052,-0.641427,-0.041076,-0.005684,-0.111267,0.629765,192.19
1563,descent,3901.733342,46.664562,65.033125,87.581992,209.139191,599.754965,19.958335,0.318397,6.84666,9.120206,3393.575825,cooling_system_fault,1,1,100,1800,-0.304078,-0.077083,-0.60402,28.254458,-0.411185,-0.065001,0.003833,-0.086353,0.629258,192.185
1564,descent,3915.023743,47.105615,64.720035,87.227164,207.970036,603.770729,20.057744,0.306707,6.9058,9.039544,3411.832914,cooling_system_fault,1,1,100,1800,3.068294,0.589419,-0.260685,26.177908,-2.107125,0.160782,-0.002599,-0.001875,0.628751,192.18
1565,descent,3886.918993,48.067023,65.36211,88.828512,205.644488,606.980843,19.899265,0.309905,6.8,8.398673,3437.651119,cooling_system_fault,1,1,100,1800,0.665859,-0.442343,-0.099037,29.211889,-0.372408,0.098639,-0.012738,-0.129575,0.628244,192.175
1566,descent,3913.058357,47.796607,64.44569,88.639908,207.561536,604.817268,20.113287,0.31124,6.8,7.591276,3552.053643,cooling_system_fault,1,1,100,1800,1.241208,0.074005,-0.033114,27.526142,-1.386429,0.154265,0.006856,0.056655,0.627736,192.17
1567,descent,3904.964186,47.278898,64.082591,88.308117,205.422011,605.365028,19.996967,0.312451,6.8,7.705792,3460.735543,cooling_system_fault,1,1,100,1800,-0.596068,-0.059025,0.40928,28.860899,-1.528494,-0.055001,-0.004189,0.091521,0.627228,192.165
1568,descent,3897.356064,45.989475,64.589263,88.583867,208.592019,602.551284,20.089366,0.314415,6.8,6.940704,3617.036483,cooling_system_fault,1,1,100,1800,1.28442,-0.505838,0.190192,29.013508,-0.309382,-0.075177,-0.007437,-0.138908,0.626719,192.16
1569,descent,3904.491368,46.205351,64.847734,87.885907,208.126982,604.612329,20.299448,0.315421,6.8,8.060665,3505.64841,cooling_system_fault,1,1,100,1800,-3.145693,0.39221,-0.081053,28.281705,-0.640543,0.28202,0.003854,0.175664,0.626211,192.155
1570,descent,3919.264572,49.113383,63.973801,88.598571,207.344118,599.302009,19.90645,0.303758,7.009027,8.712971,3501.020764,cooling_system_fault,1,1,100,1800,-2.450959,0.481771,0.37575,28.441569,1.111888,0.078713,-0.005344,-0.021876,0.625702,192.15
1571,descent,3894.004352,48.576326,64.528067,87.151897,209.049061,605.463272,20.095651,0.314051,6.8,7.950386,3487.872127,cooling_system_fault,1,1,100,1800,4.153733,-0.064166,0.085111,29.861108,0.651664,-0.046264,-0.004125,-0.084061,0.625192,192.145
1572,descent,3898.609688,45.688037,64.390216,89.032652,206.398916,602.578971,20.473905,0.319097,7.042134,8.822238,3580.12228,cooling_system_fault,1,1,100,1800,-1.919903,0.10081,1.331429,26.991005,1.630277,0.172517,0.002932,-0.050695,0.624682,192.14
1573,descent,3904.652788,46.618318,64.497031,89.05643,208.062549,603.810622,20.14461,0.310078,6.8,7.650775,3356.302516,cooling_system_fault,1,1,100,1800,1.969328,-0.525871,0.120337,26.913487,-1.688669,0.050264,0.001132,-0.001763,0.624172,192.135
1574,descent,3909.10406,48.38409,64.730794,87.264361,206.886923,599.667717,20.285517,0.311612,6.8,8.740926,3671.559347,cooling_system_fault,1,1,100,1800,-3.582006,0.196634,0.432646,28.492596,-0.809047,0.011778,-0.003182,-0.044199,0.623662,192.13
1575,descent,3915.028402,48.169319,64.805012,88.543232,208.992471,607.664974,20.096934,0.318207,6.8,9.031069,3446.247065,cooling_system_fault,1,1,100,1800,-1.304175,0.335987,0.630386,28.661805,1.997353,-0.132682,-6.6e-05,0.01384,0.623151,192.125
1576,descent,3920.843255,47.006936,65.019838,88.510189,207.743217,604.665357,20.052882,0.318738,6.8,8.887192,3438.27673,cooling_system_fault,1,1,100,1800,3.510191,-0.502959,-0.340924,28.901399,-1.442756,-0.003728,0.000488,0.041553,0.62264,192.12
1577,descent,3867.388262,48.075436,65.446628,87.88576,207.242016,601.307762,19.975817,0.30892,6.803667,8.912384,3698.606091,cooling_system_fault,1,1,100,1800,-1.346194,-0.272387,-0.683072,29.723725,1.396766,-0.185478,-0.010436,-0.040136,0.622128,192.115
1578,descent,3925.662022,48.206783,64.308191,88.029,209.830059,606.192549,20.499504,0.310555,6.8,6.781898,3358.611493,cooling_system_fault,1,1,100,1800,1.714302,-0.005432,0.37758,29.246428,-0.698908,0.05183,0.001439,0.05542,0.621617,192.11
1579,descent,3907.832981,45.930019,63.842485,88.134876,208.028047,610.063326,19.865888,0.306592,6.955517,5.967156,3447.222935,cooling_system_fault,1,1,100,1800,0.046189,-0.128212,-0.618727,29.232923,0.971202,0.200506,-0.006035,0.041483,0.621104,192.105
1580,descent,3899.25695,48.584458,65.085557,87.268351,208.575497,602.824011,20.434386,0.315096,6.8,9.45033,3520.655221,cooling_system_fault,1,1,100,1800,1.498006,-0.340619,0.327866,28.770978,1.078372,0.283955,0.007428,-0.002563,0.620592,192.1
1581,descent,3917.388284,46.424857,64.623679,88.350931,208.267093,603.10705,19.635746,0.310567,6.8,7.167222,3706.91455,cooling_system_fault,1,1,100,1800,3.135054,0.204578,-0.29191,27.037344,-2.693566,0.059257,0.002629,-0.081811,0.620079,192.095
1582,descent,3890.409062,46.632646,64.261825,87.869072,208.847013,608.500575,20.475428,0.319998,6.941273,7.061673,3389.569608,cooling_system_fault,1,1,100,1800,1.791197,-0.144101,0.514372,29.408563,-1.505178,-0.292102,-0.011031,-0.073827,0.619566,192.09
1583,descent,3909.065799,47.581056,64.643906,88.821644,211.301484,601.76386,20.172039,0.325301,6.8,9.473975,3517.634963,cooling_system_fault,1,1,100,1800,1.290762,-0.296374,0.398488,28.372004,-1.976148,-0.128499,-0.003963,-0.071185,0.619052,192.085
1584,descent,3922.488782,48.151546,63.828463,87.927896,209.874426,604.940055,20.077391,0.309352,6.938711,8.492715,3504.016135,cooling_system_fault,1,1,100,1800,-4.12104,0.451163,-0.214912,29.120718,-1.362117,0.101044,-0.000455,0.107627,0.618538,192.08
1585,descent,3903.640682,45.800515,64.488897,88.399962,210.487925,604.255903,19.890046,0.299469,6.923675,8.375339,3641.927512,cooling_system_fault,1,1,100,1800,2.212759,0.644608,0.123326,29.996587,-0.321421,0.128923,0.000842,-0.069982,0.618024,192.075
1586,descent,3923.596988,44.730178,64.606462,86.98356,209.765813,603.954467,19.778373,0.320099,6.8,6.863752,3518.885288,cooling_system_fault,1,1,100,1800,1.798345,-0.040259,0.22865,29.047345,1.571514,-0.072255,-0.005022,0.120841,0.617509,192.07
1587,descent,3900.177812,48.745212,65.341928,87.818561,207.779933,603.915443,19.895298,0.304638,6.8,8.388501,3645.950851,cooling_system_fault,1,1,100,1800,-1.762558,-0.035652,-0.068732,30.069546,2.545133,-0.152507,-0.004399,0.090474,0.616994,192.065
1588,descent,3873.41608,47.530897,65.001227,87.884896,209.020639,604.24597,19.992926,0.312858,6.8,7.82844,3635.214799,cooling_system_fault,1,1,100,1800,4.352273,0.231447,-0.187481,30.438333,-0.234772,0.083771,0.004171,-0.012628,0.616479,192.06
1589,descent,3889.68516,45.918935,63.923153,88.052297,210.233644,604.838412,19.971561,0.320069,6.8,7.678248,3533.738557,cooling_system_fault,1,1,100,1800,0.713954,0.458823,0.382572,29.223864,3.227904,-0.144128,-0.001274,0.028902,0.615963,192.055
1590,descent,3905.7409,46.841884,65.285179,88.173631,208.199409,607.777632,20.034564,0.31013,6.8,9.235309,3633.634664,cooling_system_fault,1,1,100,1800,2.497699,0.153303,0.260484,27.572996,1.597687,-0.026162,-0.008987,0.009132,0.615447,192.05
1591,descent,3912.217325,47.128305,63.690318,87.929287,208.748883,600.507256,20.078654,0.312518,6.863885,7.261084,3494.76688,cooling_system_fault,1,1,100,1800,-0.703654,0.334941,0.540508,28.904445,0.228283,-0.141556,0.000816,-0.018278,0.614931,192.045
1592,descent,3898.311577,47.567611,65.231518,88.714359,209.279558,600.782054,20.212864,0.312747,6.80047,9.139437,3556.22049,cooling_system_fault,1,1,100,1800,-1.934917,0.584482,-0.020953,29.302163,1.415964,-0.045107,-0.000633,-0.029336,0.614414,192.04
1593,descent,3889.345323,46.348259,64.412025,88.030996,209.624534,603.872226,19.997861,0.310247,6.8,7.190866,3501.097267,cooling_system_fault,1,1,100,1800,-1.301572,0.322617,0.143986,29.645916,2.112297,0.099772,0.001515,-0.048599,0.613897,192.035
1594,descent,3907.401237,48.461843,63.301589,88.416598,209.841766,605.953803,19.669936,0.319332,6.8,9.48713,3578.440399,cooling_system_fault,1,1,100,1800,-2.350152,0.485777,-0.231998,29.958027,1.003758,0.120518,0.003577,0.012493,0.61338,192.03
1595,descent,3916.425806,46.143531,64.910998,87.693895,211.467192,602.552851,20.245004,0.321503,6.8,7.245234,3623.491615,cooling_system_fault,1,1,100,1800,-0.610076,0.103914,0.697619,28.491545,0.152979,0.002492,0.005418,0.063905,0.612862,192.025
1596,descent,3907.394469,48.243269,64.602484,88.046559,209.692946,608.501754,20.089269,0.312025,6.920255,7.120632,3445.735736,cooling_system_fault,1,1,100,1800,1.800688,-0.350655,0.703585,28.860023,0.124998,0.112436,0.002241,0.018229,0.612344,192.02
1597,descent,3899.970439,47.329523,64.106961,88.783849,209.555581,611.120683,19.895707,0.314994,6.81124,7.775835,3525.375119,cooling_system_fault,1,1,100,1800,-1.405387,0.402767,0.088423,29.656044,0.464397,0.194596,0.001718,0.144067,0.611826,192.015
1598,descent,3909.718232,46.347289,64.313078,87.247368,208.199707,606.544246,20.006503,0.308818,6.829941,9.408597,3406.746354,cooling_system_fault,1,1,100,1800,-3.936949,-0.028706,0.918769,29.467899,-0.483811,0.113754,-0.004535,-0.001471,0.611307,192.01
1599,descent,3902.098968,46.974343,64.885683,87.479178,209.023134,601.066102,20.142,0.303763,6.870086,9.472871,3574.27228,cooling_system_fault,1,1,100,1800,-1.914758,-0.407356,-1.050198,29.794165,1.596667,0.115338,-0.00647,-0.215401,0.610788,192.005
1600,descent,3892.706267,48.412212,64.093742,88.448776,207.98032,607.217886,20.071502,0.311778,6.8,8.811,3362.330637,cooling_system_fault,1,1,100,1800,-2.609292,-0.356052,-0.223178,28.143966,-2.501809,-0.077058,-0.001697,0.094563,0.610268,192.0
1601,descent,3899.752777,47.898844,64.185973,88.543113,207.542028,601.898985,19.788183,0.307657,6.8,7.735346,3524.084734,cooling_system_fault,1,1,100,1800,-3.139735,0.241569,-0.230953,29.452496,0.358877,0.150633,-0.0049,0.00956,0.609748,191.995
1602,descent,3908.502266,46.307998,64.352827,86.280769,209.29247,602.852646,19.837872,0.315765,7.013783,8.633103,3525.167886,cooling_system_fault,1,1,100,1800,3.740323,-0.503265,-0.015025,29.412651,-0.954232,-0.0192,-0.005282,0.005905,0.609228,191.99
1603,descent,3877.555748,46.421545,64.893496,87.735875,210.737858,605.084111,19.994957,0.317435,6.8,6.8094,3379.013486,cooling_system_fault,1,1,100,1800,0.045914,-0.870509,0.343144,28.634551,-2.026233,-0.093903,-0.005578,0.02945,0.608708,191.985
1604,descent,3906.184106,49.065516,65.173321,88.205006,208.998609,601.677789,20.222916,0.313868,6.8,7.930157,3436.830135,cooling_system_fault,1,1,100,1800,4.883476,-0.071399,0.030287,30.392879,1.620686,-0.046907,0.004981,-0.092012,0.608187,191.98
1605,descent,3912.922902,48.535824,64.311584,87.22521,210.215824,601.388026,20.121268,0.313182,6.8,9.825851,3389.192193,cooling_system_fault,1,1,100,1800,-0.579595,-0.749039,0.433832,28.321302,1.83742,-0.062467,0.008406,0.068986,0.607666,191.975
1606,descent,3923.190887,44.496069,64.294172,88.146547,211.90859,603.930747,19.749398,0.314108,6.8,7.839409,3246.393667,cooling_system_fault,1,1,100,1800,-1.6205,-0.663337,0.734212,28.941543,0.580541,-0.102181,0.005709,0.024164,0.607144,191.97
1607,descent,3880.236794,47.836125,64.123306,87.847231,209.28681,607.549248,20.050521,0.308273,6.8,7.120787,3344.771936,cooling_system_fault,1,1,100,1800,-1.53965,0.008726,-0.130055,28.904906,-2.514632,0.229528,0.002694,-0.074762,0.606622,191.965
1608,descent,3926.49741,47.211813,64.336931,88.317732,208.661771,605.438317,20.074099,0.314418,6.8,7.676829,3630.467601,cooling_system_fault,1,1,100,1800,3.808452,0.181442,-0.040726,30.174354,-2.660317,-0.221393,-0.009671,0.032086,0.6061,191.96
1609,descent,3893.839,44.977464,64.551202,87.069094,209.239338,604.716307,20.164945,0.315623,6.851509,7.904155,3469.902735,cooling_system_fault,1,1,100,1800,-3.021883,0.080192,-0.299732,29.978353,2.133288,0.18409,-0.0012,-0.115549,0.605577,191.955
1610,descent,3928.198101,48.372669,64.344151,89.113194,211.051821,601.406183,20.054486,0.316607,6.8,8.255671,3482.815419,cooling_system_fault,1,1,100,1800,0.282659,-0.051864,0.756734,30.402383,0.920443,0.02518,0.008613,-0.064225,0.605055,191.95
1611,descent,3917.264,47.296537,65.543235,88.337567,209.359906,603.784549,19.749227,0.316136,6.8,6.011031,3509.116906,cooling_system_fault,1,1,100,1800,0.24332,0.44687,-0.725151,29.458718,1.392714,-0.015246,-0.007578,0.006703,0.604531,191.945
1612,descent,3892.877096,48.767733,64.576079,88.175499,209.600837,602.469509,20.041836,0.31315,6.8,7.939306,3462.96256,cooling_system_fault,1,1,100,1800,0.385243,-0.25267,-0.431556,30.756322,0.771587,0.091929,-0.00729,-0.061406,0.604008,191.94
1613,descent,3880.823714,44.719841,64.138365,89.363103,209.211398,602.202299,19.962436,0.311999,6.8,8.996176,3676.209179,cooling_system_fault,1,1,100,1800,-1.588639,0.546815,-0.213572,30.725866,1.846216,0.09601,0.005105,0.055388,0.603484,191.935
1614,descent,3906.065218,45.767576,64.299064,87.992625,210.868743,604.623783,20.254326,0.315613,6.8,8.034485,3700.002823,cooling_system_fault,1,1,100,1800,4.793658,0.080902,-0.06192,30.134958,-0.5748,-0.046269,-0.000313,-0.033811,0.602959,191.93
1615,descent,3913.966511,47.272127,64.593107,89.157805,210.282607,601.007336,20.094781,0.310861,6.816495,7.287417,3452.482862,cooling_system_fault,1,1,100,1800,2.025087,-0.219949,-0.711126,30.360931,0.188811,0.087744,0.00486,-0.071306,0.602435,191.925
1616,descent,3890.021884,46.704949,64.906474,89.050544,212.041085,606.552535,20.104323,0.317064,6.8,5.599567,3572.898746,cooling_system_fault,1,1,100,1800,-2.180146,-0.16573,0.458356,30.959146,1.411541,0.281711,-0.002175,-0.0921,0.60191,191.92
1617,descent,3923.494442,48.151021,64.719024,88.910433,209.850583,603.688112,20.000567,0.32725,6.8,7.914694,3557.614296,cooling_system_fault,1,1,100,1800,0.154961,0.602725,-0.173912,31.428727,-1.982,-0.24684,0.00312,0.019877,0.601384,191.915
1618,descent,3913.06487,46.404043,64.645759,87.91058,210.26288,606.784208,19.929655,0.310253,6.8,8.370512,3533.719254,cooling_system_fault,1,1,100,1800,1.140001,0.169859,0.106716,30.58528,-0.907589,0.037204,0.005018,-0.078133,0.600859,191.91
1619,descent,3899.717764,46.743126,64.909409,88.758026,208.292489,605.7035,20.180117,0.313305,6.8,9.523058,3598.33487,cooling_system_fault,1,1,100,1800,-0.158634,-0.387601,0.129678,29.576528,1.778817,-0.170785,-0.004461,0.071783,0.600333,191.905
1620,landing,3853.797895,42.983908,64.965266,88.555245,206.577441,591.42527,18.892584,0.306392,6.8,9.23035,3336.451213,cooling_system_fault,1,1,100,1800,-3.370285,0.218783,0.552492,30.617123,-2.027118,-0.043776,-0.000622,0.068191,0.599806,191.9
1621,landing,3868.227489,44.040636,64.730156,88.55141,203.019828,592.790012,18.826546,0.311142,6.8,8.116196,3429.98979,cooling_system_fault,1,1,100,1800,3.248192,0.359665,-0.492309,30.119402,2.143857,-0.240603,-0.004815,0.030903,0.599279,191.895
1622,landing,3815.137247,42.818358,65.135643,87.995822,203.644271,596.107789,19.188023,0.323976,6.828516,7.389494,3588.736423,cooling_system_fault,1,1,100,1800,1.713923,-0.225284,0.509491,29.949437,-0.280603,-0.248519,-0.002841,-0.012804,0.598752,191.89
1623,landing,3871.36536,41.494892,65.344173,87.322364,205.112326,600.628343,18.91743,0.314049,6.83102,11.317306,3458.8053,cooling_system_fault,1,1,100,1800,-3.172944,0.423773,-0.188952,30.975059,0.364309,0.053143,0.001734,0.08497,0.598225,191.885
1624,landing,3869.339045,41.245584,64.841415,87.779145,204.977112,594.92389,19.328307,0.311903,6.8,8.540583,3469.072515,cooling_system_fault,1,1,100,1800,0.475761,0.137688,-0.342377,30.274674,-0.483602,0.04989,-0.001255,0.013774,0.597697,191.88
1625,landing,3877.368021,42.596583,64.340118,88.247461,205.389861,593.01308,19.273758,0.31851,6.839943,8.913241,3469.796742,cooling_system_fault,1,1,100,1800,3.939864,0.867529,-0.219462,30.562485,-0.061459,0.218012,-0.003843,0.147568,0.597169,191.875
1626,landing,3839.387967,41.671882,64.465964,87.57077,205.483344,597.416269,18.973685,0.317611,6.8,8.934577,3474.500668,cooling_system_fault,1,1,100,1800,1.793206,-0.405693,0.514695,31.870343,-1.273253,-0.291609,0.000118,-0.084327,0.59664,191.87
1627,landing,3894.165916,40.767401,64.336176,88.133389,204.16623,589.446888,19.055063,0.311483,6.8,8.666954,3575.644373,cooling_system_fault,1,1,100,1800,-4.348925,-0.062671,0.582368,30.14568,1.092699,0.037472,0.008928,-0.085852,0.596112,191.865
1628,landing,3874.03607,42.881115,64.409064,88.043775,205.711261,592.652723,18.956922,0.317377,6.8,8.751413,3527.304413,cooling_system_fault,1,1,100,1800,-3.19875,-0.583487,-0.599863,31.686628,-0.491123,0.032604,0.002751,0.012679,0.595582,191.86
1629,landing,3855.619262,42.759684,64.488338,88.501769,205.2167,595.944394,18.976908,0.313975,6.8,8.151157,3501.803973,cooling_system_fault,1,1,100,1800,-3.469736,-0.27835,-0.081419,29.488242,1.274864,-0.164673,0.000518,0.013784,0.595053,191.855
1630,landing,3865.413447,40.852114,64.754834,87.522885,206.53676,597.973871,19.050795,0.315968,6.933289,7.99739,3392.626611,cooling_system_fault,1,1,100,1800,-1.336194,0.285368,-0.187758,30.647733,0.327071,-0.005277,1.9e-05,0.051478,0.594523,191.85
1631,landing,3863.781371,42.236931,64.752682,88.117226,207.107271,596.158872,19.035836,0.315274,6.8,7.348259,3535.899831,cooling_system_fault,1,1,100,1800,-2.791055,-0.301973,1.012104,30.137249,-0.931173,-0.021707,0.00549,0.081426,0.593993,191.845
1632,landing,3867.527039,41.14195,65.147453,88.32853,206.840732,593.702565,19.06594,0.309285,6.8,7.035412,3419.426067,cooling_system_fault,1,1,100,1800,1.617012,0.491977,-0.55792,30.67239,-1.907934,-0.151527,0.004729,0.038048,0.593462,191.84
1633,landing,3843.401531,40.940793,63.956602,87.725269,207.248644,593.82571,19.210641,0.311233,6.8,8.409182,3452.887679,cooling_system_fault,1,1,100,1800,-2.226545,0.058636,-0.67199,31.587601,1.174375,-0.285449,-0.002729,-0.031343,0.592931,191.835
1634,landing,3836.622598,42.015276,63.898341,88.342141,206.371454,595.760908,19.123142,0.311004,6.8,8.177418,3395.585072,cooling_system_fault,1,1,100,1800,0.452429,-0.468623,0.527979,30.433519,1.144053,-0.078249,0.003325,-0.100715,0.5924,191.83
1635,landing,3871.477715,41.398553,64.686703,87.610235,205.097393,595.060512,19.194145,0.317834,6.8,9.080095,3546.011352,cooling_system_fault,1,1,100,1800,1.290343,-0.346448,1.146091,30.606587,2.643185,0.22482,-0.00231,0.039625,0.591869,191.825
1636,landing,3837.649118,43.469468,64.155436,88.426962,207.027022,596.683459,19.147111,0.317861,6.910964,6.403783,3500.815336,cooling_system_fault,1,1,100,1800,3.46146,-0.26162,0.732024,29.74324,1.156575,0.086797,-0.005547,0.108135,0.591337,191.82
1637,landing,3857.516744,40.984894,64.536695,87.609617,206.007374,597.674321,19.023536,0.313022,6.8,5.739507,3394.477033,cooling_system_fault,1,1,100,1800,0.680714,-0.051129,-0.326801,31.062657,-1.491966,0.124253,-0.004598,-0.12495,0.590804,191.815
1638,landing,3852.280826,43.133574,65.418966,86.807554,206.105045,599.754654,19.048623,0.32619,6.84817,7.38015,3537.47984,cooling_system_fault,1,1,100,1800,0.619908,0.512206,-0.198486,31.594977,0.970304,0.403544,-0.002403,0.017924,0.590272,191.81
1639,landing,3841.839514,41.720823,64.645521,87.798941,209.027875,594.931125,19.070215,0.301149,6.814257,6.874155,3574.490595,cooling_system_fault,1,1,100,1800,-1.402928,0.173861,0.332347,29.766579,2.360078,0.120285,0.003803,0.154791,0.589739,191.805
1640,landing,3855.389107,42.244207,64.535643,87.929613,207.112016,599.59926,19.055039,0.322441,6.8,7.866083,3359.510738,cooling_system_fault,1,1,100,1800,0.549498,-0.146874,-0.009656,31.699102,0.520594,0.025957,-0.001924,0.113429,0.589205,191.8
1641,landing,3861.842121,41.717016,64.635999,86.976341,208.106109,593.697741,18.868847,0.312248,6.8,9.734517,3593.126387,cooling_system_fault,1,1,100,1800,-4.577943,-0.082222,-0.109306,31.318999,-0.42357,0.363714,0.000948,0.182759,0.588672,191.795
1642,landing,3863.999263,40.911388,64.406245,87.724274,207.2826,598.474869,18.887626,0.315112,6.8,8.228715,3541.7362,cooling_system_fault,1,1,100,1800,-2.977894,0.98393,-0.55869,31.121847,-2.46774,0.212892,0.004191,-0.081697,0.588138,191.79
1643,landing,3838.031701,40.954455,64.882407,88.146279,207.033029,595.417942,19.236054,0.305602,6.8,9.127681,3666.647476,cooling_system_fault,1,1,100,1800,2.830399,-1.186797,-0.368194,31.565751,0.395686,-0.4034,0.009071,0.060433,0.587603,191.785
1644,landing,3853.227034,43.170313,64.259591,87.758599,207.323732,596.348511,18.80468,0.311583,7.023232,9.118967,3394.432681,cooling_system_fault,1,1,100,1800,-2.725475,-0.428107,-0.215034,31.060525,0.795906,0.007726,-0.00403,-0.064625,0.587069,191.78
1645,landing,3872.319493,40.77276,64.674606,88.210896,205.886991,590.554089,19.154738,0.307021,6.8,8.159102,3536.787914,cooling_system_fault,1,1,100,1800,-3.389758,-0.376652,0.381866,32.441914,1.194172,0.296909,0.002507,-0.009523,0.586534,191.775
1646,landing,3840.260659,42.472933,64.540496,88.446266,207.997449,593.875425,18.983948,0.306247,6.90967,7.487007,3340.040329,cooling_system_fault,1,1,100,1800,-1.197956,-0.042471,-0.474431,31.137215,-1.03971,-0.262684,-0.011883,-0.203375,0.585998,191.77
1647,landing,3830.244555,41.756434,65.035409,87.466352,205.501531,590.999293,18.602056,0.324177,7.140213,7.58321,3410.934846,cooling_system_fault,1,1,100,1800,-7.947826,-0.357767,0.211999,30.839467,0.412945,-0.03784,0.001816,0.189657,0.585462,191.765
1648,landing,3823.589971,42.18804,64.30323,88.555367,207.410767,595.52071,19.029332,0.309438,6.888641,9.884845,3329.675967,cooling_system_fault,1,1,100,1800,2.427717,-0.458404,-0.195466,32.202558,0.586261,-0.236923,0.004182,0.039223,0.584926,191.76
1649,landing,3831.967106,41.572215,64.430969,87.903955,204.890399,591.99807,19.050068,0.320103,6.893122,8.410685,3590.414554,cooling_system_fault,1,1,100,1800,7.273277,-0.07272,-0.538901,31.39928,-0.798496,0.046662,-0.000163,0.001207,0.58439,191.755
1650,landing,3837.022565,42.311716,64.190949,88.558147,208.362829,593.342684,19.042522,0.307202,6.8,8.896866,3488.526647,cooling_system_fault,1,1,100,1800,-2.960461,-0.092116,-0.510987,31.370519,0.038781,-0.044682,-0.002516,-0.062413,0.583853,191.75
1651,landing,3853.545472,42.04762,64.246086,88.102031,205.300695,596.119328,18.880658,0.313494,6.931559,6.227986,3518.850735,cooling_system_fault,1,1,100,1800,-2.801817,0.196306,-0.279047,32.677777,-0.864989,-0.09418,-0.000297,-0.068707,0.583316,191.745
1652,landing,3831.744413,42.406439,64.368608,87.593568,206.110021,596.381967,18.622978,0.313518,6.8,7.226626,3483.17603,cooling_system_fault,1,1,100,1800,0.908005,0.309526,0.388564,31.715787,1.775252,0.186523,0.003289,0.075374,0.582778,191.74
1653,landing,3865.15684,40.575128,64.667953,88.439501,206.427596,600.270785,18.80696,0.305508,6.8,6.134316,3468.739714,cooling_system_fault,1,1,100,1800,-2.136047,-0.47751,0.606227,31.218652,0.350887,0.161799,-0.004656,-0.041156,0.582241,191.735
1654,landing,3830.608371,41.362478,64.11042,87.679986,206.740416,593.934297,19.018203,0.310631,7.056352,8.169694,3529.820646,cooling_system_fault,1,1,100,1800,1.600644,-0.589,0.815958,31.42491,1.781374,-0.160256,-0.003697,-0.010321,0.581702,191.73
1655,landing,3850.156712,41.25808,63.770286,88.384105,204.404305,594.719547,18.932667,0.317487,6.8,8.436099,3579.436397,cooling_system_fault,1,1,100,1800,-1.702423,0.228349,0.169192,32.313603,2.078342,-0.072724,-0.001656,0.092628,0.581164,191.725
1656,landing,3862.860554,42.752566,64.823625,87.537889,206.614776,596.213224,18.846788,0.312244,6.8,8.848061,3467.412105,cooling_system_fault,1,1,100,1800,0.690363,0.358169,0.467138,32.754051,0.055528,-0.015159,0.000111,-0.07163,0.580625,191.72
1657,landing,3830.491576,41.496271,64.452318,87.863807,205.599475,592.904765,18.761237,0.312028,6.811946,7.181157,3591.281049,cooling_system_fault,1,1,100,1800,-0.607734,0.057847,-0.366112,31.832183,0.907454,-0.128249,0.003593,-0.068506,0.580086,191.715
1658,landing,3882.011004,40.266988,64.719596,89.053018,206.856497,594.632534,18.844895,0.317796,6.813701,7.480389,3465.0562,cooling_system_fault,1,1,100,1800,1.237185,-0.204306,0.199955,31.366079,-0.809592,0.031965,0.002521,0.080887,0.579546,191.71
1659,landing,3854.502839,41.761806,63.916805,88.186737,206.406094,595.976744,18.947036,0.315028,6.8,8.863038,3425.614111,cooling_system_fault,1,1,100,1800,-5.548169,0.020657,0.32152,33.391745,2.690776,0.422927,-0.005742,0.004235,0.579006,191.705
1660,landing,3853.108199,40.580022,64.917022,89.023635,205.409532,594.957232,19.028137,0.314976,6.8,8.521504,3531.933854,cooling_system_fault,1,1,100,1800,0.532368,-0.080097,-0.10155,30.581419,0.157875,-0.216291,-0.014226,-0.056437,0.578466,191.7
1661,landing,3859.219632,41.125258,63.995439,88.114788,207.80486,596.83165,18.935128,0.321523,6.964281,9.451871,3575.679218,cooling_system_fault,1,1,100,1800,-3.188976,0.360679,0.313473,32.994664,-1.568917,-0.10437,0.006348,-0.055015,0.577926,191.695
1662,landing,3869.30515,40.679679,64.947204,87.614909,208.211778,590.899079,19.127249,0.319358,6.8,7.283892,3411.549254,cooling_system_fault,1,1,100,1800,1.031075,0.225564,-0.392096,31.798143,1.254453,0.252248,-0.006948,0.20069,0.577385,191.69
1663,landing,3841.755479,43.404011,64.674376,88.299519,207.968668,594.979018,19.166331,0.315226,6.8,9.033831,3592.916604,cooling_system_fault,1,1,100,1800,-3.044323,-0.008043,0.413461,31.128234,1.330996,-0.036581,0.001804,0.010042,0.576843,191.685
1664,landing,3846.225026,42.1305,63.828492,88.294334,207.069858,592.340829,19.132274,0.309254,6.819098,7.267997,3679.621957,cooling_system_fault,1,1,100,1800,2.267215,-0.314003,0.811857,32.133439,-1.132386,-0.07205,-0.000694,-0.062132,0.576302,191.68
1665,landing,3833.785658,42.167938,64.654041,87.726118,207.679914,592.519029,18.869432,0.316904,6.8,8.868848,3459.038308,cooling_system_fault,1,1,100,1800,-0.320142,0.045059,0.006641,31.981821,1.185211,-0.028559,-0.000767,-0.005794,0.57576,191.675
1666,landing,3884.436909,42.438304,64.526393,87.50889,207.203051,593.348247,18.810946,0.305563,6.825012,7.605198,3624.042837,cooling_system_fault,1,1,100,1800,0.884871,0.212427,-0.088586,30.834373,-1.180971,0.072176,0.004251,-0.059052,0.575217,191.67
1667,landing,3851.488718,42.99599,64.324871,88.356444,208.843064,591.706029,18.905272,0.316248,6.85207,7.078365,3345.075183,cooling_system_fault,1,1,100,1800,-0.605247,-0.491759,-0.752199,32.829672,-2.521035,0.17771,0.006625,-0.088882,0.574675,191.665
1668,landing,3829.309124,40.136669,64.429431,88.04621,204.941719,593.502051,19.047317,0.320283,6.881055,8.077957,3448.653453,cooling_system_fault,1,1,100,1800,-0.919618,-0.495,1.016439,32.235286,1.461722,-0.019152,-0.005322,0.062603,0.574132,191.66
1669,landing,3856.167088,41.410092,64.934621,88.009869,206.78313,596.121035,18.979427,0.310231,6.8,8.183171,3590.22909,cooling_system_fault,1,1,100,1800,-0.983866,0.442601,0.058464,31.124615,0.628927,0.046879,0.007373,-0.076401,0.573588,191.655
1670,landing,3854.507205,42.44446,64.44036,88.130469,206.402514,593.549793,18.880957,0.310813,6.8,7.179716,3541.368344,cooling_system_fault,1,1,100,1800,3.611321,-0.04573,0.173687,32.200975,-3.646622,-0.182539,0.006296,-0.076022,0.573045,191.65
1671,landing,3844.2967,43.008412,63.774549,88.72961,207.498085,592.922226,19.253921,0.313644,6.898404,7.590862,3384.216166,cooling_system_fault,1,1,100,1800,-4.486989,1.084569,-0.00355,32.667304,-0.719728,-0.107345,0.001409,0.161175,0.5725,191.645
1672,landing,3857.553399,42.349976,64.921792,89.180759,208.299842,595.161938,18.690707,0.318228,6.8,8.594504,3451.632902,cooling_system_fault,1,1,100,1800,1.291203,-0.294425,-0.49338,32.149521,-3.148798,0.092444,0.005162,0.017641,0.571956,191.64
1673,landing,3869.881238,39.789344,65.110633,88.68284,207.054033,592.522951,19.13505,0.321439,6.8,7.64907,3261.34389,cooling_system_fault,1,1,100,1800,3.439763,0.185941,0.322674,31.959564,-1.07506,0.017404,-0.014987,0.018872,0.571411,191.635
1674,landing,3848.173829,41.123849,65.182178,88.416523,207.8347,594.225154,19.21379,0.322031,6.8,7.739183,3503.892907,cooling_system_fault,1,1,100,1800,0.607225,0.008163,-0.138686,33.155129,-1.321928,-0.142576,-0.003605,-0.009164,0.570866,191.63
1675,landing,3861.093018,41.007573,64.906438,87.208478,209.066967,596.422809,19.371779,0.320285,6.8,8.740326,3492.198694,cooling_system_fault,1,1,100,1800,-8.262917,-0.086727,0.206775,33.750204,2.011262,0.033712,-0.002843,-0.086897,0.570321,191.625
1676,landing,3878.155028,42.170524,64.510661,88.542428,208.958162,596.603004,18.818623,0.310195,6.878054,6.623078,3630.660424,cooling_system_fault,1,1,100,1800,-1.385911,0.349964,-0.695762,33.494965,-0.284175,-0.093514,-0.002201,0.031386,0.569775,191.62
1677,landing,3858.276943,40.982174,64.903981,88.329906,208.785568,592.588331,19.043744,0.308929,6.903055,9.328761,3496.940339,cooling_system_fault,1,1,100,1800,2.068456,-0.131263,0.211972,32.112165,-0.806723,0.050274,-0.002577,-0.133136,0.569229,191.615
1678,landing,3827.058046,41.691334,64.456021,86.952419,209.526699,589.03843,19.160464,0.312877,6.8,6.315851,3409.351204,cooling_system_fault,1,1,100,1800,-0.357882,-0.397418,0.383533,32.421213,-1.021396,-0.135545,-0.004507,0.213229,0.568682,191.61
1679,landing,3840.551365,41.636433,64.886914,87.407947,206.776671,596.04601,19.167231,0.30679,6.8,7.96177,3457.422464,cooling_system_fault,1,1,100,1800,-3.016642,-1.042029,-0.212068,31.79658,0.705771,0.107012,-0.003514,-0.017315,0.568135,191.605
1680,landing,3835.185846,40.197574,64.712761,88.521968,205.391601,595.642523,18.935993,0.309243,6.805858,8.322771,3556.971291,cooling_system_fault,1,1,100,1800,0.016951,-0.3996,0.040871,31.865363,2.274721,0.323144,0.001428,-0.025867,0.567588,191.6
1681,landing,3830.440967,41.305491,64.511219,88.279686,209.063031,597.886599,19.126302,0.315047,6.8,8.661055,3480.587623,cooling_system_fault,1,1,100,1800,-3.753176,0.004778,0.370438,32.835153,1.99553,0.024059,0.000171,0.060319,0.567041,191.595
1682,landing,3879.377557,42.575775,64.122288,88.580081,205.54243,593.854175,18.95242,0.310548,6.802855,7.800859,3334.869182,cooling_system_fault,1,1,100,1800,-0.89818,-0.135227,-0.218219,33.707697,-1.049817,0.176447,-0.003633,-0.011918,0.566493,191.59
1683,landing,3852.203611,41.959808,64.17141,88.12056,207.126069,597.763669,18.909439,0.315462,6.8,7.399869,3463.482542,cooling_system_fault,1,1,100,1800,-0.227997,0.388378,0.264089,31.798757,1.682377,-0.026462,0.005387,0.141616,0.565945,191.585
1684,landing,3862.868331,40.51244,64.458333,88.617795,207.693802,591.369664,19.247823,0.310327,6.8,7.310463,3503.832879,cooling_system_fault,1,1,100,1800,-5.52077,-0.21223,0.41785,34.087617,-0.986038,0.051309,-0.001129,0.003627,0.565396,191.58
1685,landing,3867.954076,41.715757,64.317405,88.103132,207.817854,593.111397,19.071581,0.316494,6.804978,8.270183,3373.687437,cooling_system_fault,1,1,100,1800,-0.681091,-0.044776,-0.330139,33.140375,0.502093,-0.052183,-0.00162,-0.035456,0.564847,191.575
1686,landing,3858.823328,41.236638,65.318313,88.349466,209.321211,592.261582,18.90912,0.306916,6.8,7.840075,3342.79743,cooling_system_fault,1,1,100,1800,-0.974987,0.046589,-0.083397,32.19325,-0.65105,-0.00717,-0.001003,0.011591,0.564298,191.57
1687,landing,3872.523005,40.284147,64.471419,88.218718,207.04711,593.762742,19.357869,0.316705,6.8,8.874592,3326.706989,cooling_system_fault,1,1,100,1800,1.731008,0.034821,0.559607,34.274043,-0.355266,0.139843,0.001395,0.07483,0.563748,191.565
1688,landing,3824.542104,41.967389,64.614435,89.418984,211.496964,593.757872,19.113917,0.310217,6.8,7.942063,3538.916686,cooling_system_fault,1,1,100,1800,-4.894757,-0.20038,0.393931,33.916344,-1.689927,0.140939,0.000333,-0.024136,0.563198,191.56
1689,landing,3848.656671,41.403139,64.616894,87.19483,209.674928,593.755518,19.064818,0.314598,6.806782,10.426216,3530.560264,cooling_system_fault,1,1,100,1800,2.22646,-0.147216,-0.127404,31.832429,1.273856,0.022661,0.002182,0.006631,0.562648,191.555
1690,landing,3846.336801,43.21084,64.925274,89.354554,208.417804,593.668748,18.997541,0.315004,6.8,9.198198,3544.180119,cooling_system_fault,1,1,100,1800,-3.3935,0.375625,-0.421653,32.30008,-0.305285,-0.213369,0.006413,-0.004018,0.562097,191.55
1691,landing,3867.734566,42.447809,63.953227,88.578651,209.599246,593.741509,18.869515,0.317235,6.8,8.168018,3398.947705,cooling_system_fault,1,1,100,1800,5.475203,-0.490123,1.119385,32.875821,1.558755,0.080458,0.004656,0.025281,0.561546,191.545
1692,landing,3840.888976,42.458466,64.122178,88.500907,207.367689,593.703635,19.077527,0.316011,6.8,7.393773,3520.986367,cooling_system_fault,1,1,100,1800,-3.703509,0.120948,-0.78665,32.743789,3.279147,-0.126963,0.007721,0.054873,0.560995,191.54
1693,landing,3859.501219,45.007691,64.756377,88.238972,209.427944,599.934216,19.064019,0.305277,6.8,7.594842,3620.6258,cooling_system_fault,1,1,100,1800,9.078899,0.493251,-0.443713,34.003769,-2.507242,0.056499,-0.006228,0.058426,0.560443,191.535
1694,landing,3874.056684,41.220405,64.180739,88.421269,209.681965,591.525684,19.005233,0.323299,6.8,8.915241,3408.181129,cooling_system_fault,1,1,100,1800,-3.878518,0.248232,-0.007137,33.482509,1.080105,-0.126126,-0.006307,-0.009963,0.559891,191.53
1695,landing,3852.012094,43.338603,64.674386,87.908112,208.331661,591.666589,19.125258,0.320379,6.931691,7.810956,3416.096778,cooling_system_fault,1,1,100,1800,0.034756,0.123024,0.758647,32.481251,1.113482,-0.360213,-0.001973,0.067575,0.559339,191.525
1696,landing,3868.168009,43.642263,65.20447,87.775526,210.129576,594.955141,18.909698,0.316969,6.8,7.547511,3613.548871,cooling_system_fault,1,1,100,1800,1.180418,0.239657,0.219297,32.71849,0.113963,0.006962,0.002997,0.097072,0.558786,191.52
1697,landing,3858.115982,41.360226,63.850429,88.198238,208.953419,595.323765,19.321502,0.307325,6.896145,7.012135,3394.023804,cooling_system_fault,1,1,100,1800,2.255244,0.321571,-0.379494,34.800048,-0.155065,-0.029988,-0.005966,-0.073133,0.558233,191.515
1698,landing,3832.136568,41.214276,64.987096,88.536148,208.291581,597.349539,18.786723,0.314351,6.8,6.918358,3590.907188,cooling_system_fault,1,1,100,1800,1.774003,-0.417553,0.132092,34.633658,1.566003,0.002245,0.007861,0.031929,0.55768,191.51
1699,landing,3875.313752,41.659126,64.405048,87.691572,208.642782,592.000341,19.404053,0.311099,6.97934,6.896767,3460.61077,cooling_system_fault,1,1,100,1800,-2.411271,0.334843,0.438624,33.443894,-0.971203,0.234377,-0.00306,-0.020556,0.557126,191.505
1700,landing,3850.039126,42.389165,63.347727,88.678957,209.814093,597.399173,19.111103,0.316808,6.831583,8.884647,3435.130398,cooling_system_fault,1,1,100,1800,0.268397,-0.744318,1.08436,34.994369,0.127486,-0.072705,-0.007121,-0.188211,0.556572,191.5
1701,landing,3859.413801,42.154834,65.230438,87.547449,208.739627,596.780726,18.688627,0.316364,6.8,10.785947,3587.086212,cooling_system_fault,1,1,100,1800,3.751113,1.067134,0.135516,34.496109,-1.141218,0.094296,0.002711,-0.034171,0.556017,191.495
1702,landing,3827.687117,40.585784,64.672147,87.820251,209.401275,594.904918,19.009699,0.314429,7.020637,7.940813,3626.563897,cooling_system_fault,1,1,100,1800,0.993168,-0.279096,0.404,33.587435,-1.762811,-0.285625,-0.00158,-0.022067,0.555463,191.49
1703,landing,3875.250302,43.31028,65.246384,88.001153,211.027297,591.229251,19.185871,0.310478,6.8,7.736286,3481.688781,cooling_system_fault,1,1,100,1800,-1.993295,-0.13623,0.149989,33.61096,1.471829,-0.043541,-0.008039,0.023175,0.554907,191.485
1704,landing,3830.37201,41.482537,64.597118,86.75152,210.698419,596.516273,19.107341,0.309316,6.853513,6.573362,3529.678637,cooling_system_fault,1,1,100,1800,-2.390523,-0.347389,0.410659,33.732143,0.304727,-0.20199,-0.001576,-0.044118,0.554352,191.48
1705,landing,3854.272379,41.480403,65.222815,88.096686,207.525614,592.784782,18.887964,0.310694,6.8,6.811894,3583.610072,cooling_system_fault,1,1,100,1800,2.399717,-0.608809,-0.39736,33.036015,-1.446056,-0.056088,-0.006401,0.021951,0.553796,191.475
1706,landing,3874.802609,41.965137,64.940101,88.888444,209.148545,595.411888,19.037604,0.315999,6.8,7.932155,3507.911734,cooling_system_fault,1,1,100,1800,-2.613687,-0.082147,-0.639707,33.878546,-1.672736,-0.073146,0.000497,-0.168751,0.55324,191.47
1707,landing,3850.296495,43.01527,65.383588,88.811471,209.579648,595.634573,18.695301,0.319521,6.8,6.786258,3479.115074,cooling_system_fault,1,1,100,1800,-2.25502,0.23511,-0.717916,34.567889,-2.48571,-0.074421,-0.007287,0.10537,0.552683,191.465
1708,landing,3873.038951,41.162477,63.989843,88.835715,208.706222,596.291988,19.094768,0.316566,6.8,8.090281,3401.892038,cooling_system_fault,1,1,100,1800,3.819553,1.111734,0.102566,33.485047,2.552163,0.00556,0.001248,0.30617,0.552127,191.46
1709,landing,3871.585109,42.653877,63.891923,88.37971,209.365185,599.508656,18.64227,0.31651,6.912185,6.71853,3496.14387,cooling_system_fault,1,1,100,1800,1.457037,0.478523,0.267304,34.615471,0.030106,0.502527,-0.001456,0.005241,0.551569,191.455
1710,landing,3880.651971,42.395137,63.936847,87.853389,208.723547,597.313146,19.148676,0.308561,6.8,7.629599,3681.15246,cooling_system_fault,1,1,100,1800,1.787872,-0.272078,0.20998,34.596393,-0.368015,0.015766,0.002368,0.047933,0.551012,191.45
1711,landing,3842.920733,40.414283,64.969894,87.290662,208.48543,595.999431,18.813884,0.315087,6.838409,9.477947,3690.383416,cooling_system_fault,1,1,100,1800,0.840629,0.814753,-0.050193,33.155552,-1.073322,0.11821,0.003066,-0.030417,0.550454,191.445
1712,landing,3860.521906,41.115906,65.02346,88.025544,211.181863,592.501299,19.061899,0.318689,6.8,7.57787,3558.821202,cooling_system_fault,1,1,100,1800,-4.276577,-0.492752,-0.463062,34.37808,-0.840799,-0.07134,0.003544,0.037412,0.549896,191.44
1713,landing,3816.72559,40.512324,65.458191,88.329917,208.072988,594.587395,18.955803,0.306095,6.8,7.055449,3458.147069,cooling_system_fault,1,1,100,1800,1.014304,-0.098845,-0.533402,33.994702,1.04696,-0.16171,0.000475,-0.034567,0.549337,191.435
1714,landing,3855.297434,42.81653,64.412071,87.856067,209.785381,595.902995,18.970759,0.31049,6.8,7.929954,3658.021602,cooling_system_fault,1,1,100,1800,-2.002449,0.337163,0.244156,34.92907,-1.957454,-0.237402,-0.005181,0.057394,0.548778,191.43
1715,landing,3835.566871,41.975158,64.715713,88.356167,208.854533,592.296204,18.646829,0.309814,6.8,8.296989,3428.297262,cooling_system_fault,1,1,100,1800,2.4053,0.046087,-0.153952,33.453428,0.5634,0.011352,-0.000881,0.142874,0.548219,191.425
1716,landing,3873.554133,41.620564,64.937169,87.981132,209.127003,595.021549,19.012295,0.309228,6.841125,7.784298,3470.106001,cooling_system_fault,1,1,100,1800,1.924263,0.134503,0.152844,34.015283,0.668989,-0.08405,-0.001108,-0.107279,0.547659,191.42
1717,landing,3846.976369,43.603752,64.698171,87.761523,209.557256,594.896279,19.071649,0.317002,6.87642,8.135882,3525.878621,cooling_system_fault,1,1,100,1800,-1.959785,0.286991,-0.029786,34.395312,0.075978,-0.17664,0.001897,0.18844,0.547099,191.415
1718,landing,3876.481657,41.93812,64.876739,87.235545,211.484502,594.175574,19.06457,0.303706,6.913197,9.318683,3316.049124,cooling_system_fault,1,1,100,1800,2.373791,-0.499999,-0.565551,34.350892,1.101401,-0.005074,-0.009247,-0.156286,0.546539,191.41
1719,landing,3865.7132,42.421206,64.517902,89.17589,208.484394,591.430183,18.965275,0.308034,6.977968,6.219139,3425.290085,cooling_system_fault,1,1,100,1800,0.694059,-0.140042,-0.857258,34.883589,0.097266,0.057471,-0.002877,0.009672,0.545978,191.405
1720,landing,3842.76764,41.268499,64.275437,88.822578,210.476614,597.856545,18.848175,0.312803,7.057018,7.061381,3452.001046,cooling_system_fault,1,1,100,1800,-0.442235,0.431995,-0.036331,34.167438,-0.037701,0.027116,-0.007575,-0.021491,0.545417,191.4
1721,landing,3868.01265,42.049603,64.210664,87.965007,208.708021,591.522871,18.835039,0.305652,6.8,8.563244,3456.83721,cooling_system_fault,1,1,100,1800,1.256676,-0.465116,0.648562,34.087884,1.082084,-0.059461,-0.001661,0.168864,0.544856,191.395
1722,landing,3833.53234,42.472207,65.307684,89.628249,210.085815,594.057583,19.225808,0.316624,6.967521,8.759208,3381.937723,cooling_system_fault,1,1,100,1800,1.1563,-0.860773,-0.042255,35.055169,-0.568256,0.014767,0.002494,0.041404,0.544294,191.39
1723,landing,3852.89435,41.257348,65.111871,87.887904,209.934949,591.158666,19.029921,0.314386,6.8,8.072596,3371.488653,cooling_system_fault,1,1,100,1800,-2.681605,0.73645,0.442942,34.680777,1.870174,0.000256,0.001958,-0.000738,0.543732,191.385
1724,landing,3855.134207,41.16478,65.107107,87.761069,209.902878,592.402549,18.820519,0.31855,6.8,9.069419,3631.227413,cooling_system_fault,1,1,100,1800,0.324629,0.166707,0.481809,35.346513,0.950969,-0.193039,0.000799,0.130072,0.543169,191.38
1725,landing,3831.643948,41.950769,64.072753,88.477838,208.524492,594.40202,18.930657,0.305799,6.8,8.211744,3525.379391,cooling_system_fault,1,1,100,1800,-2.742299,-0.274372,-0.371171,34.587425,0.542696,-0.031961,-0.007457,-0.025582,0.542607,191.375
1726,landing,3862.257029,40.680596,64.302801,88.009207,209.336767,592.386348,18.993651,0.31365,6.88249,7.974229,3430.659748,cooling_system_fault,1,1,100,1800,1.375396,-0.826794,-0.250817,34.799812,0.480481,0.025363,-0.00999,-0.052192,0.542043,191.37
1727,landing,3843.395961,39.67864,63.766987,88.647997,208.181059,593.07651,18.995553,0.319402,6.8,7.843085,3475.965669,cooling_system_fault,1,1,100,1800,2.176521,-0.447317,-1.055892,36.032045,2.389651,0.068141,0.002901,-0.084435,0.54148,191.365
1728,landing,3875.921313,43.013106,63.999793,88.473369,210.689935,589.661664,19.188301,0.315792,6.894305,8.185027,3599.929877,cooling_system_fault,1,1,100,1800,-3.665529,-0.045424,-0.801337,34.586868,-3.239972,-0.132375,-0.000543,-0.062501,0.540916,191.36
1729,landing,3843.231145,41.723319,64.183256,87.157624,209.672628,595.920739,18.874583,0.315111,6.84559,6.584232,3468.501253,cooling_system_fault,1,1,100,1800,-0.763864,0.167981,0.561919,34.562804,0.751141,0.389265,-0.005134,-0.088691,0.540352,191.355
1730,landing,3858.740619,41.238454,64.075315,87.812474,208.535519,592.87012,18.605744,0.319547,6.8,10.056697,3632.523449,cooling_system_fault,1,1,100,1800,1.711933,-0.240872,0.033874,34.267212,1.842528,-0.058748,-0.003073,-0.036477,0.539787,191.35
1731,landing,3873.369113,43.400036,63.758609,88.223588,210.737725,593.488403,19.145672,0.312176,6.8,7.010206,3377.419383,cooling_system_fault,1,1,100,1800,-2.917335,0.268386,-0.449878,35.74727,-1.113811,-0.064982,-0.001691,-0.06278,0.539223,191.345
1732,landing,3866.90379,41.762653,64.84085,88.143822,210.452414,590.877286,19.205777,0.309841,6.8,7.122964,3366.833073,cooling_system_fault,1,1,100,1800,0.641291,0.195305,0.146813,34.5619,0.738031,-0.155462,0.004072,0.114661,0.538657,191.34
1733,landing,3827.249789,43.826242,64.852772,87.872474,210.611275,598.451362,18.977755,0.322008,6.8,8.549392,3578.237324,cooling_system_fault,1,1,100,1800,3.518252,0.4289,0.528608,34.548454,-3.907912,-0.155408,0.002565,0.118082,0.538092,191.335
1734,landing,3884.75396,42.836348,65.138737,88.251887,209.57455,594.887105,19.190552,0.316997,7.10956,7.495318,3499.183626,cooling_system_fault,1,1,100,1800,1.638074,0.099342,-0.0325,35.594999,-0.879746,0.060789,-0.006781,0.054333,0.537526,191.33
1735,landing,3874.996713,40.132668,63.955782,87.522455,210.143124,592.226176,18.98913,0.307168,6.8,8.003614,3503.912748,cooling_system_fault,1,1,100,1800,-3.389005,0.450547,0.150654,34.87556,0.214263,0.100568,5.5e-05,-0.142576,0.53696,191.325
1736,landing,3878.748824,41.253637,64.829445,87.514897,211.876417,593.748524,19.28751,0.311141,6.8,6.970116,3367.555222,cooling_system_fault,1,1,100,1800,-0.470155,0.005259,0.334073,34.021829,-0.286187,-0.137223,-0.000562,0.087565,0.536393,191.32
1737,landing,3870.217088,44.066344,63.348851,87.610045,211.627554,594.266487,18.97248,0.312883,6.852786,6.820232,3595.134461,cooling_system_fault,1,1,100,1800,3.625029,0.091073,-0.108303,36.047336,-1.41686,-0.267492,0.003205,0.118801,0.535826,191.315
1738,landing,3870.060839,44.009392,64.944046,88.541101,212.885743,591.833186,18.910042,0.313428,6.8,8.836827,3527.786039,cooling_system_fault,1,1,100,1800,2.708538,-0.618368,-0.35861,34.860146,-1.654233,0.062275,-0.001629,-0.059739,0.535259,191.31
1739,landing,3870.043969,42.769846,64.80567,88.13544,209.369396,590.619615,18.991277,0.320486,6.912876,8.19865,3307.333977,cooling_system_fault,1,1,100,1800,0.514988,0.190877,0.081802,35.554746,2.487667,-0.093775,-0.000196,0.049339,0.534691,191.305
1740,landing,3845.819968,44.218871,64.644346,87.553102,211.17615,596.597065,19.128073,0.324085,6.867393,9.046818,3565.67429,cooling_system_fault,1,1,100,1800,0.777238,-0.155966,0.195843,34.716449,0.839955,-0.292353,0.003599,0.062334,0.534123,191.3
1741,landing,3851.513628,40.922374,65.064787,88.035458,209.239113,595.137599,18.881173,0.305398,6.8,9.034456,3527.304709,cooling_system_fault,1,1,100,1800,0.280134,0.212541,-0.265094,36.05435,0.883024,-0.107388,-0.003237,0.047536,0.533555,191.295
1742,landing,3863.297894,43.684074,65.049163,87.864122,210.286721,595.214665,19.136519,0.322834,6.8,7.400544,3546.752786,cooling_system_fault,1,1,100,1800,1.065488,-0.08067,0.070858,38.026787,1.922015,0.046698,-0.006038,0.065926,0.532986,191.29
1743,landing,3845.007254,43.119561,64.88289,87.524643,210.531871,593.485977,18.817617,0.320968,6.8,6.353201,3421.96731,cooling_system_fault,1,1,100,1800,4.029652,0.037632,-0.589544,36.377421,3.29975,0.016018,-0.003508,-0.083705,0.532417,191.285
1744,landing,3867.390225,42.290839,64.992286,88.041191,211.23492,590.467967,19.050719,0.308819,6.8,8.598275,3654.121785,cooling_system_fault,1,1,100,1800,2.308069,-0.009696,-0.077284,34.297953,-0.716108,0.007804,0.010543,0.108661,0.531848,191.28
1745,landing,3857.466744,40.136802,64.529144,88.196986,208.006032,593.439251,19.203285,0.311063,6.8,8.783987,3337.326027,cooling_system_fault,1,1,100,1800,1.352198,-0.119134,0.565472,34.074141,1.126217,0.052983,-0.009813,-0.004009,0.531278,191.275
1746,landing,3829.052642,44.442635,64.434254,88.198529,210.652942,594.820102,18.944341,0.32048,6.802714,7.98295,3312.507498,cooling_system_fault,1,1,100,1800,-2.242915,-0.322513,-0.821982,36.907768,0.876001,-0.114523,-0.00319,0.039474,0.530708,191.27
1747,landing,3871.673488,42.1432,64.731788,87.051195,209.546995,592.316193,18.874186,0.31598,6.930527,6.966648,3603.787278,cooling_system_fault,1,1,100,1800,3.274295,-0.642462,0.626004,36.672325,0.972298,0.040916,-0.005128,0.096036,0.530138,191.265
1748,landing,3855.375566,41.090215,65.175295,88.032881,209.845966,591.495597,19.204804,0.328274,7.070537,8.469814,3548.685412,cooling_system_fault,1,1,100,1800,3.943919,-0.431634,0.257969,36.290319,0.767335,-0.076569,0.002969,0.020139,0.529567,191.26
1749,landing,3846.491733,42.213255,65.151345,88.984265,212.797075,595.983826,19.270465,0.314509,6.8,8.031252,3420.002453,cooling_system_fault,1,1,100,1800,-0.358633,0.115738,-0.346581,35.56494,-2.448224,-0.082775,-0.007433,0.035799,0.528996,191.255
1750,landing,3857.910648,40.36558,64.255654,88.166287,210.071918,594.325004,18.771424,0.316946,6.8,8.367626,3385.099052,cooling_system_fault,1,1,100,1800,1.258689,-0.129257,0.680669,36.823134,0.937598,0.018662,0.009041,-0.046751,0.528425,191.25
1751,landing,3889.955018,41.37632,64.725164,88.391909,211.358116,592.490771,19.077583,0.312665,6.805657,7.922771,3671.200669,cooling_system_fault,1,1,100,1800,0.402681,0.24034,0.266601,34.775815,-0.625514,0.121409,-0.004036,-0.089329,0.527853,191.245
1752,landing,3850.3831,42.173384,64.485161,89.462611,211.086015,589.261432,19.094453,0.311075,6.801076,7.902978,3308.22384,cooling_system_fault,1,1,100,1800,5.84145,0.65958,0.562323,35.515897,1.012845,-0.177521,0.01276,0.008719,0.527281,191.24
1753,landing,3839.306447,42.32242,64.589113,88.503619,211.70635,593.753397,19.302812,0.31419,6.837564,9.006056,3423.235636,cooling_system_fault,1,1,100,1800,-1.008321,-0.49042,-0.320555,37.009225,-0.824589,0.140247,0.001635,0.0444,0.526708,191.235
1754,landing,3824.477523,41.223584,64.114592,88.624584,211.836714,591.711416,19.111045,0.323892,6.8,9.399135,3367.364136,cooling_system_fault,1,1,100,1800,-0.167977,-0.156979,-0.459601,36.289392,0.933704,-0.013598,0.008172,-0.050197,0.526135,191.23
1755,landing,3829.384233,40.833322,64.476597,88.063243,212.019874,588.064196,19.131619,0.313937,6.8,9.036342,3506.915908,cooling_system_fault,1,1,100,1800,-3.497778,0.352726,-0.251334,34.131387,2.190243,0.060978,-0.00132,0.030935,0.525562,191.225
1756,landing,3884.764456,40.49327,65.122859,88.542801,211.094373,601.098981,18.839555,0.306371,6.8,8.067358,3750.832876,cooling_system_fault,1,1,100,1800,1.106518,0.888279,0.606715,36.41998,-2.293117,-0.126159,0.002736,0.007078,0.524989,191.22
1757,landing,3852.236898,41.774959,64.428905,88.039639,209.462411,596.568377,18.784241,0.313849,6.8,7.400018,3602.956029,cooling_system_fault,1,1,100,1800,0.192447,-1.011944,-0.273969,36.720311,-1.175018,-0.031335,-0.003096,-0.002274,0.524415,191.215
1758,landing,3877.538867,40.929302,64.879693,88.599532,210.167011,595.186262,19.151806,0.305726,6.900374,9.252787,3496.171597,cooling_system_fault,1,1,100,1800,-2.925787,0.108642,-0.447065,36.105929,1.854841,-0.124045,-0.000239,0.047546,0.523841,191.21
1759,landing,3880.372919,42.951938,63.897197,87.98825,210.610271,595.538784,18.592162,0.315494,6.8,7.03492,3451.23511,cooling_system_fault,1,1,100,1800,2.094974,0.377919,-0.146121,35.768891,-0.555267,-0.293006,-0.005144,-0.140301,0.523266,191.205
1760,landing,3874.199416,43.466377,64.39577,89.0841,212.216414,593.148016,18.701485,0.315638,6.894593,9.386209,3616.036135,cooling_system_fault,1,1,100,1800,6.661649,0.129856,-0.318433,35.86691,-1.586526,0.190502,-0.000868,-0.069557,0.522691,191.2
1761,landing,3863.984549,43.666937,64.752703,88.860907,212.972235,595.855705,18.887253,0.313781,6.8,7.261467,3408.857483,cooling_system_fault,1,1,100,1800,3.028577,-0.065645,-0.400369,36.954346,-0.62012,0.037492,-0.003897,0.067446,0.522116,191.195
1762,landing,3830.786781,43.570928,65.08371,89.017597,210.739389,596.540978,19.096462,0.313994,6.8,7.677578,3406.433599,cooling_system_fault,1,1,100,1800,0.025752,-0.345298,-0.151814,37.960045,-0.08473,-0.191927,0.001422,0.111588,0.52154,191.19
1763,landing,3854.634143,42.300592,65.553423,88.017517,211.680993,597.14331,19.03307,0.307435,6.8,6.905954,3531.714429,cooling_system_fault,1,1,100,1800,4.394402,0.382831,-0.063981,36.981413,2.461644,-0.088857,0.007828,0.011531,0.520964,191.185
1764,landing,3877.439928,42.164365,64.236234,88.190119,211.455141,597.667206,19.152194,0.310717,6.8,9.855277,3717.720622,cooling_system_fault,1,1,100,1800,2.025604,0.176813,-0.309515,36.053385,2.823082,0.229223,0.004693,-0.074593,0.520388,191.18
1765,landing,3862.17077,42.560195,64.255203,87.746868,212.507745,592.637765,18.948006,0.312217,6.884373,8.390123,3350.262823,cooling_system_fault,1,1,100,1800,1.671543,0.021481,-0.156195,35.304873,-2.831052,-0.311614,-0.004311,-0.057356,0.519812,191.175
1766,landing,3880.207871,41.775342,64.286774,87.788852,211.767882,593.339827,19.252238,0.318925,6.867001,8.868056,3507.58534,cooling_system_fault,1,1,100,1800,-0.154308,0.150047,0.02717,36.205663,2.244408,-0.200245,-1.4e-05,0.003797,0.519235,191.17
1767,landing,3877.574996,40.779377,65.066104,87.541798,210.163396,596.799854,18.685802,0.316212,6.994378,8.039871,3522.867383,cooling_system_fault,1,1,100,1800,-1.599899,0.309824,-0.059965,36.225789,0.180051,0.048572,0.002161,-0.265944,0.518657,191.165
1768,landing,3862.107353,41.189846,64.096748,89.318715,211.319614,597.302634,18.88141,0.306051,6.8,8.894517,3549.581566,cooling_system_fault,1,1,100,1800,0.437048,-0.341862,0.028689,35.520271,-0.125893,-0.097642,-0.003085,0.06567,0.51808,191.16
1769,landing,3879.390404,41.25102,64.102939,87.934895,212.977366,594.486443,19.446232,0.318366,6.8,7.755582,3477.936206,cooling_system_fault,1,1,100,1800,1.805099,-0.484045,0.404532,36.57321,1.893724,0.027354,-0.00341,-0.013638,0.517502,191.155
1770,landing,3909.658488,41.832934,64.928575,89.238722,210.47343,595.503046,19.294732,0.318125,6.872934,8.185952,3447.234546,cooling_system_fault,1,1,100,1800,-0.223275,0.554569,0.371704,35.474558,0.087143,0.122795,-0.007463,0.014058,0.516923,191.15
1771,landing,3858.085715,42.028004,64.698691,88.069264,212.329219,594.433763,19.142089,0.317275,6.8,8.582981,3463.375315,cooling_system_fault,1,1,100,1800,1.683392,-0.087408,-1.433642,36.687858,-0.780525,-0.035116,-0.006533,-0.00532,0.516344,191.145
1772,landing,3861.373399,39.257607,64.092487,88.589914,213.488087,592.656416,19.244981,0.314311,6.8,9.508243,3555.872964,cooling_system_fault,1,1,100,1800,0.880357,-0.80394,-0.158124,36.862408,1.489823,-0.008036,-0.00713,0.071537,0.515765,191.14
1773,landing,3869.045429,42.318608,65.342868,87.60368,211.863608,597.569642,19.017779,0.30943,6.861698,10.393361,3586.22875,cooling_system_fault,1,1,100,1800,1.82405,0.086255,-0.662012,36.988239,1.24707,-0.053323,0.00458,0.058796,0.515186,191.135
1774,landing,3843.328986,41.166694,63.603785,88.578307,213.792023,589.991051,18.884369,0.320889,6.8,7.178332,3377.626555,cooling_system_fault,1,1,100,1800,2.244025,0.127368,-0.090089,36.974189,0.249645,-0.14574,-0.001276,0.023518,0.514606,191.13
1775,landing,3877.62217,42.372973,64.443532,87.999595,212.557602,590.751977,19.203388,0.306402,6.8,7.556467,3506.724977,cooling_system_fault,1,1,100,1800,2.115973,-0.16978,0.472771,36.407032,-0.595061,-0.20887,0.009591,0.050717,0.514026,191.125
1776,landing,3870.699407,42.515101,64.122144,88.906024,210.814825,595.782553,18.711412,0.305997,6.906851,7.511877,3444.843202,cooling_system_fault,1,1,100,1800,-0.723032,0.12094,0.662581,36.442831,0.264013,-0.261907,-0.002075,0.133787,0.513446,191.12
1777,landing,3881.870438,44.113217,64.021105,88.243144,212.560921,592.960299,19.037566,0.311563,6.8,8.868579,3507.637083,cooling_system_fault,1,1,100,1800,-3.73815,-0.89782,-0.336637,36.832989,-2.464686,-0.042088,0.007336,-0.0085,0.512865,191.115
1778,landing,3877.408714,40.744909,63.864667,88.795278,212.251537,602.963913,19.03198,0.31602,6.817932,8.385004,3493.664123,cooling_system_fault,1,1,100,1800,-0.384959,-0.041203,-0.803109,38.462787,-1.296279,-0.016491,0.002807,0.046639,0.512284,191.11
1779,landing,3856.172502,41.792178,64.72925,87.970326,211.640419,592.239618,18.808128,0.31897,7.083088,9.07398,3437.953742,cooling_system_fault,1,1,100,1800,1.54506,-0.284527,-0.678968,37.866411,-0.537624,-0.02519,0.002062,-0.092138,0.511702,191.105
1780,landing,3867.9402,41.0175,64.386977,87.889336,213.129366,596.836821,19.289126,0.319066,6.8,8.579337,3421.523243,cooling_system_fault,1,1,100,1800,-1.520192,0.344374,-0.503793,37.70103,0.707796,-0.156649,-0.004446,0.007198,0.511121,191.1
1781,landing,3851.380444,42.263282,64.780238,88.186232,210.872748,599.641673,18.805699,0.312585,6.8,7.766775,3518.701538,cooling_system_fault,1,1,100,1800,1.577445,0.057532,0.396065,37.088523,0.385211,0.131304,0.00502,0.069646,0.510538,191.095
1782,landing,3856.039613,43.657486,64.65939,88.103804,210.262033,597.421182,18.678281,0.324453,6.8,9.100649,3419.167913,cooling_system_fault,1,1,100,1800,4.917398,0.102189,0.944087,37.635189,-0.670696,-0.365714,1.7e-05,0.02667,0.509956,191.09
1783,landing,3872.889228,42.886838,64.452743,89.269581,211.90888,595.137035,18.906608,0.314006,7.111779,9.527591,3372.599214,cooling_system_fault,1,1,100,1800,-1.654861,0.509829,0.779797,37.680202,0.476312,-0.078293,0.005648,-0.069303,0.509373,191.085
1784,landing,3850.785406,43.117993,65.383342,88.803646,213.692814,596.076189,18.715105,0.313509,6.8,7.421033,3486.518712,cooling_system_fault,1,1,100,1800,0.373551,-0.400696,-0.29607,36.444206,0.753743,-0.182827,0.005758,-0.00311,0.50879,191.08
1785,landing,3827.023282,42.88066,64.423535,87.694737,213.352254,590.502012,18.720909,0.314311,6.8,8.077646,3437.819625,cooling_system_fault,1,1,100,1800,2.924146,0.768194,0.335952,38.004891,2.25296,-0.019754,-0.000949,0.107374,0.508206,191.075
1786,landing,3832.359502,42.362375,63.972327,88.794572,213.336167,596.732133,18.942983,0.317285,6.8,7.505848,3665.379877,cooling_system_fault,1,1,100,1800,5.604558,-0.228266,0.819317,37.71752,-1.618321,0.274361,-0.00812,-0.028265,0.507622,191.07
1787,landing,3800.441284,41.11755,64.22496,87.529675,213.582573,597.039481,19.108968,0.31781,6.8,8.454548,3488.213123,cooling_system_fault,1,1,100,1800,3.888342,0.19774,-0.684322,38.522859,-3.297109,0.013704,-0.000376,0.022465,0.507038,191.065
1788,landing,3878.393957,41.639232,65.352218,88.14234,212.849944,592.104778,19.339513,0.3198,6.849241,8.087894,3471.781097,cooling_system_fault,1,1,100,1800,-0.097316,0.041759,0.554637,37.759106,0.601483,0.035965,0.00169,0.006861,0.506453,191.06
1789,landing,3866.742622,42.511839,64.996434,86.833981,212.200169,594.836327,19.05754,0.315069,6.8,8.051041,3437.523485,cooling_system_fault,1,1,100,1800,3.84221,-0.050748,0.602588,37.281444,1.291044,0.050161,0.003026,-0.026268,0.505868,191.055
1790,landing,3853.135837,41.374923,64.504492,88.190827,213.065553,593.755928,18.822041,0.32042,6.954392,8.196849,3611.027492,cooling_system_fault,1,1,100,1800,-0.569382,0.135733,0.380731,38.985899,1.545048,-0.13727,-0.007005,0.065764,0.505283,191.05
1791,landing,3875.366879,42.393388,64.283336,87.889088,213.508662,590.596948,19.141054,0.310561,6.8,9.91481,3428.322101,cooling_system_fault,1,1,100,1800,1.20172,-0.425013,-0.205301,38.678428,0.466773,0.21765,0.00043,0.007703,0.504698,191.045
1792,landing,3851.837131,40.172941,64.147202,88.7809,213.424871,595.173427,19.075706,0.3157,6.80319,8.556293,3579.118948,cooling_system_fault,1,1,100,1800,-0.19981,-0.285735,-0.118891,37.513914,2.090898,-0.098789,-0.006222,-0.023207,0.504112,191.04
1793,landing,3847.892921,41.758134,64.565992,87.518268,213.521719,599.580082,18.839394,0.309223,6.810555,8.170524,3591.314256,cooling_system_fault,1,1,100,1800,1.824381,-0.03283,0.43546,35.481139,1.344277,0.164619,-0.005501,0.059001,0.503525,191.035
1794,landing,3852.640411,42.575368,64.235895,87.634542,213.380906,596.013105,19.103487,0.312746,6.8,7.810512,3656.503738,cooling_system_fault,1,1,100,1800,-1.659864,-0.172288,0.104948,37.552602,-0.057996,0.013669,-0.000355,0.065596,0.502939,191.03
1795,landing,3832.782915,43.193213,64.679858,88.115615,211.003533,594.190757,19.083529,0.308054,6.8,9.120591,3523.86084,cooling_system_fault,1,1,100,1800,3.051548,0.255708,-0.176279,37.281927,-0.273466,-0.053097,-0.001832,0.057115,0.502352,191.025
1796,landing,3875.226005,42.473538,64.81202,89.055705,214.948813,595.734935,18.950582,0.313015,6.872566,9.436451,3496.261009,cooling_system_fault,1,1,100,1800,-2.655956,0.228986,0.353626,36.590212,0.788995,-0.043241,0.005457,-0.07709,0.501764,191.02
1797,landing,3864.927751,41.075909,64.612493,88.188647,214.151088,594.601404,19.157768,0.318055,6.880892,8.012211,3411.391068,cooling_system_fault,1,1,100,1800,1.582114,0.045825,-0.658648,36.199559,-0.691354,-0.185449,-0.000482,-0.021066,0.501176,191.015
1798,landing,3866.45842,43.317726,64.457915,88.989919,215.259391,593.374622,19.05581,0.308265,6.8,9.981402,3524.619558,cooling_system_fault,1,1,100,1800,9.068296,-0.758855,0.458699,38.284453,-0.359875,-0.217018,-0.003205,-0.116558,0.500588,191.01
1799,landing,3859.407315,41.762543,64.745914,87.787553,211.836414,591.964207,19.048122,0.319491,6.8,6.424356,3574.472725,cooling_system_fault,1,1,100,1800,1.102377,-0.732425,1.036083,37.917061,1.003716,-0.263985,-0.002459,-0.146907,0.5,191.005
