timestamp,mission_phase,rpm,throttle,oil_pressure,oil_temp,cht,egt,manifold_pressure,vibration,fuel_flow,ambient_temp,altitude,fault_type,fault_active,fault_severity,fault_start_time,fault_end_time,residual_rpm,residual_oil_pressure,residual_oil_temp,residual_cht,residual_egt,residual_manifold_pressure,residual_vibration,residual_fuel_flow,health_index,baseline_rul
0,idle,3900.978547929601,42.36382518888702,66.0897095714281,90.22360465419335,212.87664575745828,729.4383254022315,21.92049532430217,0.3159484404949142,15.504598114415417,45.62465392937996,3383.3124758348126,healthy,0,0,0,0,0.40299618067095694,-0.5444670737280068,0.6372043902018655,0.5876526425462532,-0.01806375687459586,-0.471785996833242,0.11884780845475373,0.5660754521043239,1.0,200.0
1,idle,3908.0444485481585,46.62615159575318,66.37452103853813,89.81040243873066,211.92640211631226,734.5868601249099,22.10684665048978,0.31259093260513693,15.435072837129932,42.12189548751448,3463.9905551626416,healthy,0,0,0,0,0.5645549114423076,0.372210352950404,-0.380268531643299,0.13715938776918254,-0.8379525958992008,-0.2634117686843522,0.3207477835849024,-0.12746630326954672,1.0,200.0
2,idle,3894.903303182408,43.546695557179675,66.54487376259131,91.34044505391908,214.19811967591767,732.7904992583824,21.915005109205648,0.30515634768067745,15.360479962772287,40.843417595789326,3572.571366635195,healthy,0,0,0,0,-0.06078675405364028,-0.3904671708807663,-0.0884051449642685,0.2260787063561977,-0.00938929765790311,0.3093087181061465,-0.4509808996712622,0.17895821631183276,1.0,200.0
3,idle,3883.9316956544426,42.552573834454385,67.10556646767297,89.42353532260006,212.51161898695085,736.4354205638984,21.734866123047986,0.31517190059729794,15.385987231886762,41.639085576295926,3376.8429258959654,healthy,0,0,0,0,-0.7253416050935484,0.733104402578267,-0.9689862543790182,-0.5143288153212562,-0.3859893227792602,-0.3179798100031999,-0.4349125928538097,0.561197305746375,1.0,200.0
4,idle,3869.7526326069737,46.45790605720545,67.11396843869582,89.98637439139134,213.43837697920924,728.1736746142823,22.021889923708095,0.3104206409560282,15.594139790165437,42.756358803516434,3529.4421635824465,healthy,0,0,0,0,0.025109599094550735,-0.04900413016867309,0.5258245537407057,0.37953796979645393,0.529087762104939,-0.984903277582286,-0.5187954553548714,0.6389654969059957,1.0,200.0
5,idle,3939.728911660577,42.480835224691326,66.55312528904483,90.03148904263459,214.18806038077523,730.8823155126978,21.76085035407978,0.3066111701907653,15.281188466354363,40.98437923533133,3617.5901779977276,healthy,0,0,0,0,-0.38750127245247845,0.6752798722991964,1.2149255900600937,0.11674385866740421,-0.6819382550493823,-0.9146849076247938,-0.20724578831035234,-0.4004538184056635,1.0,200.0
6,idle,3896.681721973234,44.57582434828645,67.36194696546256,90.84640851651619,213.11906556859284,730.592711606491,21.850503578441145,0.3131055382820034,15.223197870331033,42.829114922939375,3318.104620227757,healthy,0,0,0,0,0.658635405785917,-0.19044128775650085,0.08443958932463234,-0.2997325239331707,0.22344426776631784,-0.4477973258890158,0.061666805235843426,-0.14766117047060617,1.0,200.0
7,idle,3929.7692409838005,45.87797754508302,67.02040159817865,90.71356696536131,215.02361586917286,731.4464431069708,21.46689263635823,0.313931748167232,15.394888241955154,42.75788216381876,3489.498613383611,healthy,0,0,0,0,-0.0211193813694668,0.383521797041309,0.15252062627905208,0.2091900258106018,-0.38971093699757187,-0.17027808342279874,-0.21069292731770134,-0.5342426510925492,1.0,200.0
8,idle,3899.823872567893,46.6936878014968,65.7591244982963,90.47442621216874,214.1654403201286,734.308512057252,21.890435874527647,0.3137273398763849,15.20197440029648,42.40714204003063,3482.2873242394085,healthy,0,0,0,0,-0.5586880710442209,0.3079249098817347,-0.3858290480343698,-0.42529512771663014,0.0016932070805587764,-0.10047779316349091,-0.21237901559744793,-0.7481883950680245,1.0,200.0
9,idle,3952.474157289883,46.958991828121995,66.07124295067312,90.45796708755242,214.30232338773874,728.6666845968743,22.047127204044823,0.32341213365422034,15.462527286215177,41.886219213837435,3468.0400259149474,healthy,0,0,0,0,-0.30409518976737226,0.059117071452096936,-0.39688355630832234,0.1481988766841712,0.6656496002566871,0.20581806623484358,-0.2472272839309053,0.41828847886938203,1.0,200.0
10,idle,3894.814743607848,45.39666017813329,66.9784711280044,90.80014515358316,213.3468033316507,735.3569744817811,21.76078663540218,0.3157980083910987,15.343396904652046,42.98240507535368,3395.894111487795,healthy,0,0,0,0,-0.26556298106136683,-0.27307662486120343,0.4719069071301039,1.107268294166908,-0.26666908418263535,-0.15164111854359308,0.697366490300688,-0.21308501220449053,1.0,200.0
11,idle,3920.646290035282,43.804432059863316,66.4821739857498,90.08403872000952,213.82886015396184,730.6475482976902,21.843583715538088,0.3096978207001811,15.25719450496832,42.48208401404351,3537.592839644882,healthy,0,0,0,0,-0.4512581784456297,-0.23901297232898527,-0.632387606070124,-0.5126588477019293,0.3931148446376994,-0.14907665607348777,0.018185868622366687,0.020494023167199296,1.0,200.0
12,idle,3928.3089020141433,49.316853607182544,67.41915077726618,90.85150092087366,213.57130223770494,735.6192291398536,21.981431894483165,0.30295930146538164,15.268432820452448,43.34738136613503,3507.2408308535387,healthy,0,0,0,0,-0.4850145885276548,0.23020659279925154,0.21989101954762513,0.03231210776498553,0.20763093607957367,-0.0690141972003323,0.20603571722876948,0.5201805213880807,1.0,200.0
13,idle,3905.691800116599,44.2572601141635,66.84969689040523,89.76764462899523,213.53524459434277,736.6476410189225,21.782954611353922,0.3082085375767963,15.347931615971778,41.96214380961118,3531.1108873832104,healthy,0,0,0,0,-0.09287475401395676,-0.3568246160551792,0.43778220577394483,-0.456685413803026,0.23578230051983176,0.16347639462782476,-0.2510498809340741,0.6912260619265824,1.0,200.0
14,idle,3931.621516630851,49.07640071821369,66.69097273235899,90.88548539061684,214.07238361199438,737.6733603319781,21.99883421569167,0.3170645380458345,15.406832649049678,42.12679409710065,3675.6671728612373,healthy,0,0,0,0,0.634981483688852,-0.49789365493267645,0.9596786600670907,0.49108071848332113,0.7115886372465106,0.7264605360895912,0.3103446558079252,0.4283408419059731,1.0,200.0
15,idle,3924.4818804838324,44.564172808672645,66.44230424905228,90.2569477592421,214.06558695041053,729.1046973977635,21.949605400021763,0.318089188145138,15.13795450084198,43.65861778307048,3568.6226199044286,healthy,0,0,0,0,-0.2803684247164458,-0.7007470276093856,-0.3627192271389323,-0.48376043747771097,0.22867465852583307,0.5029102155851253,-0.9329550847565757,0.40284904179715936,1.0,200.0
16,idle,3927.6982229482255,47.791794141924306,66.08197117539788,91.23832920619658,213.36899181957588,731.0151919614993,22.181359316525047,0.3228793684660182,15.034482108851376,41.1677453279843,3524.6707878183765,healthy,0,0,0,0,-0.7659274436773523,0.0007512837595174973,-0.4038627838540608,-0.5123425702691037,-0.6597566714280786,0.20924886272884496,0.6330037449674852,0.43519432200328867,1.0,200.0
17,idle,3915.1825387224567,47.60915383314096,67.11795143110649,89.82729173789906,213.6964980065129,734.3873395601878,22.021326886228593,0.32481791853824554,15.366417033875438,44.47254485942081,3543.488469882278,healthy,0,0,0,0,-0.4389388935752504,0.01083623054044425,-0.8870570966821362,0.2623911993070096,0.7956458785808331,0.07396579526948481,0.15734438500217313,0.28062520680909486,1.0,200.0
18,idle,3955.298412453955,43.3781542604869,66.75579061659857,90.28920020950649,212.34276063445577,734.9753762643404,21.96611741720916,0.31460409255818644,15.099871079347539,43.85026439395201,3624.4131548511054,healthy,0,0,0,0,0.2663618333541429,0.09348447272278101,-0.09474887579097428,-0.7954989257963411,0.41492110156862255,-0.009532055607002887,-1.0454415744184764,0.8798477505725705,1.0,200.0
19,idle,3923.637947295632,46.17979176925315,67.50019841869194,90.06875885799263,213.3014779304361,730.8677898355376,21.95894606786183,0.3147126495358221,15.23417200993021,42.81536952815358,3535.924778465495,healthy,0,0,0,0,0.14248364647186518,-0.8079752256387643,-0.6448086568777349,0.2519801319635172,0.24695802682287127,0.666907213030399,0.025321245342302175,0.4172863291996292,1.0,200.0
20,idle,3939.8608550901545,46.9800068136224,66.29737985503809,91.1254334239258,213.0599650534124,734.5618087935087,21.66818729545048,0.30925685059850117,15.19033602564828,42.787492399805366,3533.6732753587953,healthy,0,0,0,0,0.26537670545861064,-0.5923077348054109,0.45986312467202495,-0.19163457424442315,-0.2474359771348476,-0.3932018259112769,-0.6679512753030276,0.20859709658422967,1.0,200.0
21,idle,3894.4301015164765,46.87118699828718,66.76409332789827,89.71452600075136,214.47079920437383,732.3150345100886,21.971243407857894,0.31377725282510927,15.460816370880355,45.10675199071053,3430.5186522829044,healthy,0,0,0,0,0.6084623853799411,0.11384033804489432,-0.20160044945931616,0.08970505074086327,0.2627415841071919,0.9770328113934393,-0.07822676058107254,0.1662244657456065,1.0,200.0
22,idle,3900.0209571587097,45.0713478546729,66.44103310875614,91.09179075792392,215.07466844381003,730.4904000810023,21.88401248613527,0.3150812902449134,15.283051369986717,41.34524503248969,3600.0949473478136,healthy,0,0,0,0,0.25140695098997407,-0.5326695140825514,0.16658490620735594,0.3904007240901113,-0.08602980523875017,0.20512171550195238,0.22909006743136592,0.4041662770553394,1.0,200.0
23,idle,3936.2384047844316,46.07314284605298,66.4332885892714,90.83923241458065,212.2088151886707,730.3319097039024,21.95590201586801,0.30733864967852126,15.392471294777721,43.84369034903034,3544.709668897707,healthy,0,0,0,0,-0.33945840256465576,-0.7484272255392166,0.0062125170560427085,-0.08590362734455306,0.34431844218437757,-1.0910485652204926,0.33451401973794925,-0.18905394753609175,1.0,200.0
24,idle,3912.67364120088,44.67984339324958,66.9886854910438,90.90088600411426,213.74508814169795,735.8493810163775,22.11209292115634,0.3015011702646066,15.351479428840781,41.746191875917006,3415.8184551474833,healthy,0,0,0,0,-0.7984603079462194,-0.9676588262341129,-0.06999056882486979,0.35199515925120844,-0.3825327711976776,-0.06623384519950792,0.1277347086581511,-0.4775259938018141,1.0,200.0
25,idle,3920.1923023896356,43.12559599679845,66.30422177591579,90.14840649651913,214.08465438611324,731.8351433830177,21.99887463479304,0.3141890387851165,15.236986029737633,43.022222149352366,3447.492197168464,healthy,0,0,0,0,0.3408639946367563,0.635373987540153,0.3232664511765483,-0.5305351067425363,0.44203497611113407,0.2996916142082135,0.9134514588678689,0.19554007912166202,1.0,200.0
26,idle,3934.4903693934143,47.437247229121176,66.85831077749486,90.84650639122356,213.1047252361151,731.0379115604903,21.805786901875265,0.3235672049037595,15.385798289625814,41.668996657740216,3459.41996147175,healthy,0,0,0,0,0.7656417247928852,0.03218750515700452,-0.26891935873581313,-0.6240233961562971,0.12380255209308277,0.7587236827297783,-1.0489316960129744,0.4853824880605793,1.0,200.0
27,idle,3914.7943372891477,44.34985991140358,65.76513777987215,91.61173516376408,213.34512122925327,737.8221831888147,22.12080389266215,0.3099461003535018,15.36457757504004,43.058958038443656,3585.568397624587,healthy,0,0,0,0,-0.05232450841249309,-0.5771952438448252,-0.38041762672081275,-1.2214731582162424,-0.4452856632995806,-0.4429701856396886,-0.39497898418374044,0.06433598504918953,1.0,200.0
28,idle,3896.261229411718,48.22873913845313,65.82188590003561,90.14651695782517,213.12346462338968,732.7065226721097,21.575365983919962,0.3170871311681518,15.618866342070225,43.71631539744214,3539.495415320247,healthy,0,0,0,0,-0.44292010508884044,-0.20584129861820763,-0.383941087903563,0.36347246158016605,-0.24235923782739824,0.25964775434336934,0.7575663669314855,0.14469292148993787,1.0,200.0
29,idle,3896.832408167068,46.674124557719914,67.34029221924169,90.71321580972511,211.00463637339465,728.4414125040612,22.00845472946786,0.3146540246125921,15.307807002304822,40.81447922656016,3446.78121217549,healthy,0,0,0,0,0.864765501399555,-0.06826594013504168,-0.6779987742707003,-0.07408476214816033,0.06884377191801384,0.48451668213491494,-0.4842136954902008,-0.21274003281411163,1.0,200.0
30,idle,3895.8568734643977,43.68392940821492,66.0754542103717,90.40345332909222,214.1011251566769,732.4598778023933,21.71301333150244,0.3199580888284638,15.314511429340266,42.851334516098674,3420.600356884388,healthy,0,0,0,0,0.4827478707478272,0.3467588792677402,0.20246004114827806,-0.33374181336026437,-0.185942543352433,-0.5343153185534121,0.18671520658446375,0.8870429302360164,1.0,200.0
31,idle,3930.147686278115,45.146826116158216,65.67651508294341,89.9010942431673,213.84075443543026,731.4789565750816,22.07382276776323,0.3046702959246413,15.295418470773468,43.65191977389595,3605.746943788218,healthy,0,0,0,0,-0.08378221913549774,0.5372430449689166,-0.6039440416792783,-0.05069176245910924,0.23894150061160538,0.5652831587581509,0.6900970657613988,0.09067695212552647,1.0,200.0
32,idle,3915.772172836562,44.896452924450344,67.22598937256969,90.06640552448091,213.82250083427954,731.1248061823654,22.252718075401003,0.29844816569277355,15.298656415565711,41.22601292531213,3558.5166425057064,healthy,0,0,0,0,-0.8003230734433645,-0.11466681208152062,0.3240741413791606,0.13248522683930905,0.20196265217229353,-0.7814701919486019,-0.41556611538741933,0.5592479067058503,1.0,200.0
33,idle,3882.2489188026666,43.72744745593677,65.90233334352101,90.87621264800474,211.33356304415778,733.0734462743184,21.907370160881925,0.31872357277078595,15.203325519397927,43.043863363778364,3489.6130683511697,healthy,0,0,0,0,0.3983543299265103,-0.31671992599357424,-0.03055860955281303,0.1878164121152077,0.48907197702375055,0.9947738355659441,0.0967893630966351,-0.3363572284443257,1.0,200.0
34,idle,3919.0852646313733,46.472081935027354,66.52089613217368,90.53407254683684,210.5711316348261,725.3485412717919,22.370532702048752,0.32109529393452024,15.327882363777874,42.69770324064906,3551.3685941724657,healthy,0,0,0,0,0.2977583492062584,0.20625470282385783,0.2789348872828703,0.3662530067424877,0.30499216317297273,0.08989860794349169,-0.7993827609815279,-0.013442452627493648,1.0,200.0
35,idle,3904.5886677478316,44.511994607518325,66.04584296879779,89.08955016317438,214.86283177189873,732.8493662449313,21.892683767363764,0.3026088746155139,15.100768254385018,43.07319341752161,3416.9441088186313,healthy,0,0,0,0,0.0809861108250743,0.977770040716304,-0.4676425701301605,-0.24154922351011152,0.6458432117014898,0.37427108746352383,-0.12275780152050134,0.3908316189368138,1.0,200.0
36,idle,3922.536365583246,48.73260578250229,65.6381706865335,90.88067498868762,213.88710938440474,729.152844114145,21.86507025000727,0.30766532534105745,15.214652771577764,42.68389020786799,3536.3052010529536,healthy,0,0,0,0,0.20924240229514673,-0.17491122203013829,-0.29613711890864136,-0.23973218429236598,-0.21910208191093836,-0.8482051425053961,-0.02623214525682992,0.45703466133951326,1.0,200.0
37,idle,3895.208506969412,47.19100523727755,67.17608428548174,90.37074848415662,214.17161238473426,733.7358157703181,21.67646519782712,0.30841943294325197,15.233362812512135,41.50069113536735,3386.9447657209257,healthy,0,0,0,0,0.12579673800102528,0.3972386543973562,0.44152542623559055,0.0514898199071289,-0.22845422162849985,-0.06931151211182274,0.07691692523269912,0.3349307408356354,1.0,200.0
38,idle,3904.822299625346,43.708844626157536,66.69401464504574,91.1119503479791,213.01586490049684,733.85567148461,21.763187990496935,0.3052507959732228,15.253852099251594,42.950461567842844,3570.5920676438373,healthy,0,0,0,0,-0.17808041830061103,0.3497237312292267,0.2640309284114263,-0.4249097731025259,0.9659422785971622,0.8133600114263538,0.25084476381345555,-0.7856518966305734,1.0,200.0
39,idle,3923.1502522945966,45.43122171214606,66.06741242315968,90.17512158071348,212.84460780026112,724.0891003697503,21.895587344244866,0.2965078540564362,15.723355912373336,41.47224839967942,3557.0416105358354,healthy,0,0,0,0,0.10134282323797619,-0.0803071394308361,0.4195311379173104,0.14618694778019467,-0.16339296354022304,0.3288044423639298,0.10229225370252801,-0.5451293792712405,1.0,200.0
40,idle,3950.8585272540377,45.01570237090152,66.32975076448881,91.9454584452374,210.74899200922053,733.6131162634761,21.93166511063681,0.305769697891888,15.127231120010666,43.66471991739332,3430.8214661902553,healthy,0,0,0,0,-0.4908400319584048,-1.063725100186246,0.04343252222339559,0.35757973910608165,-0.11946701922878479,0.13265948085849008,-0.560802027452574,-0.22075004911467835,1.0,200.0
41,idle,3902.0629298731233,42.3402070476183,66.78215634324867,89.99205252964924,213.57837353841842,734.0700553722979,21.889318267561496,0.3047138795048519,15.033849328305532,44.30154507549876,3317.935626973007,healthy,0,0,0,0,0.018897319817199113,-0.0049475491413225915,-0.9443975642691071,0.3026305000025529,0.1911013313859575,-0.5114224546767301,-0.44939129172252706,-0.7206505722642667,1.0,200.0
42,idle,3905.4060602374425,47.33173411277693,66.08383912655437,91.02103779526715,213.0663590298278,732.8435876462453,21.84467136246942,0.31315625572841727,15.35113814773011,43.25826144390953,3327.066595590111,healthy,0,0,0,0,-0.9840858053560224,0.798433171533836,-1.109397409609306,-0.017530687387045777,0.6143712695954618,0.320223398340689,0.18941735070048651,-0.2066563918425144,1.0,200.0
43,idle,3914.8069252647942,47.368840385663354,66.95375166531636,89.91602619093271,215.0299367531158,729.8625796942182,21.737562913616937,0.32419148772847367,15.417962377599999,42.78165894872962,3551.358996246207,healthy,0,0,0,0,-0.07249466810760659,-1.2800243581297694,-0.5485559670122011,0.04683912223850386,0.26700875333148455,0.2880404262139696,1.0039992765035115,0.44487490169792787,1.0,200.0
44,idle,3957.8625796425536,47.320225184645466,66.47185758280285,90.67827544972864,214.6397129121318,735.8754302106373,22.137025007182956,0.3221632155976653,15.225012746018999,42.839454949282526,3537.56831895604,healthy,0,0,0,0,0.4336228182627729,-0.14784242222645175,-0.30855825224108396,0.4505284960997986,0.14354909189000722,-0.1222534038958764,-0.07837984843436578,0.3021564894438299,1.0,200.0
45,taxi,3925.9724185204445,44.555247040053615,66.47448922941439,89.87279604625017,213.4223086753847,734.6952882419415,22.36168620345749,0.31034521430231615,15.19603684383734,42.27119054787045,3429.06812583121,healthy,0,0,0,0,-0.4279467980931538,-0.4949044690142555,0.06824758524181893,0.25089368186596867,0.41982838544346035,0.1972047272048064,0.016069324729469408,-0.3238054210941932,1.0,200.0
46,taxi,3930.689689314468,47.60719469847853,66.78636553669524,91.31421133296188,213.29780311389584,729.2820672510773,22.0974443434847,0.30884891128038,15.49977806010298,42.691229286988936,3366.847567291032,healthy,0,0,0,0,0.4590465597608103,0.14844854747071567,-0.5556690957033648,0.8181689083823671,0.7268868271714061,-0.387061229039787,-0.9357471417803285,0.006114518870272542,1.0,200.0
47,taxi,3917.4797241988613,45.049716884395586,66.56165728357755,90.54863978921682,213.1281493616014,732.5444087148143,22.17185963127814,0.31248338871050835,15.167228593308801,40.601121248149596,3512.334880453932,healthy,0,0,0,0,0.35157134241629057,0.3761100751885716,-0.3716143745500334,0.6806919355351533,-0.17272626119045614,0.4537082362825734,0.3491768535177985,0.4375204250936991,1.0,200.0
48,taxi,3934.1666901994363,47.33951831442284,66.63556304507891,91.45816359037188,214.6689825378492,736.332173621635,21.963348229946536,0.3115382661492312,15.091105839513538,44.610311173321406,3646.657659696459,healthy,0,0,0,0,0.4041745738742749,-0.3298904943315934,0.9740913409893427,0.31508381931649354,0.6038608033280564,0.1740551007073592,0.10343592926325228,0.27448279846996243,1.0,200.0
49,taxi,3920.700616259279,49.094278385475775,66.37937703917542,90.50293057367374,213.37605910958135,735.590972780234,22.169613684967242,0.3086003457773699,15.336871275510743,43.1878787592046,3379.0481930685983,healthy,0,0,0,0,-0.0003211049132554568,0.15430648637366437,-0.10107201203498929,-0.3086810911451055,0.40276520360291834,0.4502200014686495,0.007283920348247454,-0.09839046778214,1.0,200.0
50,taxi,3908.699773102456,45.7494425178502,67.01932596415303,89.58668670295516,213.41527299343954,735.4132663135247,22.217494234672845,0.31163352703784414,15.48954136561758,43.214920339069025,3506.418467271554,healthy,0,0,0,0,0.20243750338030514,-0.31502843530249197,-0.06633710587898622,0.547989666043668,-0.4481348445827762,-0.38123155288880517,-0.6326023383419632,-1.0361959726750916,1.0,200.0
51,taxi,3942.0230056600763,42.63092520095172,66.83041833563789,90.055431682799,210.84113418906483,731.7224036116755,21.996381853584403,0.321814003284545,15.36341753541531,41.40987508444639,3413.581967043606,healthy,0,0,0,0,0.3566868117201766,-0.6339029414018629,-0.11441752111138014,0.5217962762651966,-0.2393379924630932,0.6934513198013604,0.08713334565440232,0.42341513935015723,1.0,200.0
52,taxi,3941.988000448981,44.835420362184,67.07348856440498,90.32600069566617,214.8334419656525,735.6962314222363,22.034731107669934,0.3060222111385796,15.20725853397499,42.83996713646147,3547.0721512135547,healthy,0,0,0,0,-0.34281738754489477,-0.38610965881257625,0.0979648481889654,0.43684024613481887,-0.12151048193830918,0.28049405830783974,-0.2233760855024909,-0.6063195569691909,1.0,200.0
53,taxi,3901.8685218740825,46.751194488007705,66.59928988588844,91.39020173020558,212.68662810837586,736.8100797135625,21.67742055228668,0.30785935517662727,15.350017382836159,43.2379177180992,3532.899237764771,healthy,0,0,0,0,0.9416756588247832,-0.3436955249918782,-0.23992078076805026,1.3268543431521223,0.9688864813379425,0.7951732549167705,0.3323439574829142,-0.29107921845316714,1.0,200.0
54,taxi,3928.7878879809623,47.908971513301935,66.06994546176209,92.19897936212176,212.95203251037063,738.2914291835112,21.776112537441673,0.3141323900699811,15.364169385076698,43.320293232116846,3330.623040865414,healthy,0,0,0,0,-0.1608958908079521,0.2870495956141075,-0.06355162681020853,0.5298949230157618,0.7845097553171981,-0.5002417623984913,0.5814968310360167,1.2247755254456507,1.0,200.0
55,taxi,3923.9591913995537,43.201638684453535,66.69410298749288,90.49280784005295,214.32792941974193,734.2022792079684,22.140580969193778,0.3123968798105647,15.421610840591953,44.488329313734944,3524.6245822850315,healthy,0,0,0,0,-0.8610706970503147,0.6685449184348186,-0.7945986673145863,-0.2956714558723315,-0.6633527323227589,-0.2633123539547932,0.02053189540356656,-0.6513788323877018,1.0,200.0
56,taxi,3944.3626587864564,45.08812615991779,65.72301843968349,90.75211219742438,214.13850734341332,733.4665528875377,22.313274697828398,0.30841960860349527,15.255929063306889,42.707283657979154,3517.2159669429943,healthy,0,0,0,0,0.17681911328423325,-0.3614417539410059,-0.2003872343529837,-0.16097963228951748,-0.03712539460637873,0.23617899149210794,0.5757444906348096,-0.10811307455738993,1.0,200.0
57,taxi,3930.496326197875,45.93590100776094,66.85032232357302,91.31136941658593,212.10709539688932,733.7886528292443,21.978695390233945,0.30687002677492387,15.40799507302756,43.367567403492075,3553.255962995205,healthy,0,0,0,0,0.4266859055996937,0.38528194509480307,0.003202736162438221,-0.5456609907269047,-0.6434348874438613,-0.5629877199331607,0.6945625245774385,0.4092880468682844,1.0,200.0
58,taxi,3891.190750646605,46.33921940376638,67.47818711140145,89.87651708774071,212.07149564078685,731.8885847477267,21.919555085789227,0.3113097377112657,15.29218017517003,40.120543770937026,3575.192567879866,healthy,0,0,0,0,0.5010571771162878,-0.2090355949446747,-0.12374743446587948,-0.08918133834755633,0.45413692121724963,0.3541200819542316,-0.09751650436352975,0.14977553290241344,1.0,200.0
59,taxi,3900.057126401628,47.290069961246864,65.55182914303391,90.37194015521366,213.7335150252873,732.2388319765815,22.324362882911302,0.30856802907209946,15.392488114691734,41.226711256255506,3511.052059143653,healthy,0,0,0,0,-0.8731695733951517,0.4424629984532625,0.3404967705489047,-0.5068411623352305,0.7924061941529672,-0.7062996192920266,0.4282895900586028,-0.18944565100449207,1.0,200.0
60,taxi,3913.6900132635874,43.5723434423331,66.90268804855567,90.96305769840173,212.5581529721533,732.201471763484,22.071398133850863,0.299794782394461,15.224458466074212,42.79793100169043,3565.272682521941,healthy,0,0,0,0,0.3828499646087778,-0.780705024794072,-0.17471950531947697,-0.08520779867830486,-0.23971414878254435,-0.6130180064800131,0.12575452204820217,-0.23073691186061848,1.0,200.0
61,taxi,3935.3659251134545,44.62226616078962,66.54832780591097,90.7731820335399,215.05719906993414,730.6455287195275,22.32382113858196,0.3215477857354757,15.045617059128066,41.803892314287936,3610.2897449422535,healthy,0,0,0,0,-0.2792429617682185,-0.4533812689029209,0.020450213892450646,0.3026149188194716,-0.2577021560013507,0.5330868727042022,-0.1886376034435638,0.11367976123452143,1.0,200.0
62,taxi,3918.6270164574694,47.48515571044185,66.12393349838804,90.51070856123711,215.33426624754935,732.1258861991911,22.33675156371349,0.30731594440721255,15.270612745825037,41.17886910161331,3634.072876713787,healthy,0,0,0,0,-0.32987052971227293,-1.0122688786527885,-0.3681470235139258,-0.05489966455619014,0.4043670247911626,-0.3528980241775607,-0.5583314717345018,-0.3633037498002139,1.0,200.0
63,taxi,3921.586780171335,46.25389257748931,65.4640887992636,89.97486165484102,214.19488587014396,731.6655695095155,21.718097082917946,0.3166238877447698,15.49396141520118,41.54863435773218,3363.693142756923,healthy,0,0,0,0,-0.045251348341222596,0.28278749083948446,-0.11807802690005939,0.19570049107602264,0.06680223868370548,-0.36588051031282015,0.36571218133407957,0.0033736260364682306,1.0,200.0
64,taxi,3899.4124687775834,46.365984056804066,66.59248081736013,90.62381606637827,214.93876186329388,733.4956480370145,21.576452500895805,0.3075240967983854,15.521788210319936,41.933342354462546,3451.350613176102,healthy,0,0,0,0,1.174942406067398,0.46203933824038385,0.040434036877722214,-0.4288536096305935,0.1965101002241143,0.9818298385512284,0.32605406599724723,-0.11010309878353569,1.0,200.0
65,taxi,3922.584581616743,47.7198697525692,67.03076637583355,90.98902846052832,212.6011103003831,731.7829778033044,22.18409971650206,0.3020551138693351,15.469998092377331,43.49875187891552,3492.2696019689347,healthy,0,0,0,0,-0.02804826524382076,-0.17290290948837603,0.29822111320432154,-0.2275847776798785,0.35513837460999104,0.12448200027376694,-1.4532595817952,0.38568400710948014,1.0,200.0
66,taxi,3915.6188692362134,45.677329534658874,65.82489610106154,90.13024950671344,211.30698679965658,733.3011707030246,22.02717447007468,0.32019909806538405,15.307332658071504,43.91422930796775,3563.081204484868,healthy,0,0,0,0,-1.1789370688091798,-0.1647191163706914,-0.57542061024038,0.23668901481292995,0.6350671148608219,0.6679053446012727,0.3162483998633295,-0.22857240780902605,1.0,200.0
67,taxi,3929.6137632353,46.52522959938437,66.91781779650914,90.60598833780853,211.41332667439153,733.5127538723685,22.100148374711623,0.3076917690610338,15.498965290235923,42.98031083426708,3500.6533881631385,healthy,0,0,0,0,-0.5902757824973208,-0.24545455505073452,0.13215659927279236,0.14238138059910066,0.23377852414468003,0.2613527935601448,-0.15888184905761224,-0.45150631284849935,1.0,200.0
68,taxi,3880.753533443475,44.84009503140612,67.65250541722233,91.8151466310844,214.7329460987576,732.9956719900655,22.035719097342966,0.31391965689226986,15.676336178490468,42.219879799914644,3760.503291356691,healthy,0,0,0,0,0.8889177059750878,-0.3568444254942432,-0.1154376699866966,0.36595382162170115,-0.6137652640404697,0.8581879898650062,-0.3581223641360839,-0.040449802272012454,1.0,200.0
69,taxi,3947.9709762370985,42.77920271470394,66.34725665790272,90.84770407666882,212.42470620015183,739.2412793580284,21.82005653369413,0.3165505623962388,15.557052346220972,42.94817707574277,3379.933299705476,healthy,0,0,0,0,0.8930820108241437,0.1281163382819622,-0.45354137310273585,0.767626459092935,0.04710283309475711,-0.8671724195819328,-0.24395364373094713,-0.07943226144774218,1.0,200.0
70,taxi,3923.523153253882,42.878706984678516,66.44034609475469,90.9171762206803,213.33865802510414,735.0925265027975,21.877811470047618,0.3151477800855044,15.46765724704953,43.37834159791893,3485.917629115938,healthy,0,0,0,0,0.7766799766948688,0.470661960511781,0.37851015159438917,-0.4972688806316528,-0.4503246444573297,-0.19878057356234663,-0.5729046937860601,-0.668590230551607,1.0,200.0
71,taxi,3912.78374624056,45.61786386260596,65.96510703482713,89.93958894101957,214.4597335530113,727.3975926645749,21.941370744389914,0.3147565877270022,15.324164169188185,43.35990755890817,3472.143181396769,healthy,0,0,0,0,0.547408519858427,0.12203254036091686,-0.21108368838909497,0.5780836463868889,0.22250684357473755,0.2988012311467018,-0.4411868800233676,0.14362595364489958,1.0,200.0
72,taxi,3886.0875233346774,45.07010131924826,66.50144316751418,90.23077669109254,212.19591125966016,728.338705609934,21.939427796705484,0.30362588929510914,15.309989209621877,41.19100414757915,3559.7157527503373,healthy,0,0,0,0,-0.42051834091346046,0.2850031713197736,-0.13356490331375162,0.02162726010311237,0.5531221900603579,-0.45709646837366635,0.827362006928303,-0.4100185718715502,1.0,200.0
73,taxi,3937.9260172455456,44.160016418190736,66.35031538255927,90.37082237849987,212.5698314890272,734.974084932964,21.73942587559162,0.32371518259661247,15.342373999341827,42.48547904628849,3354.735760965686,healthy,0,0,0,0,0.6290912800498872,0.5981735437076696,-0.6606374275493605,0.2870908424111397,-1.3149517526587682,0.04888205600419108,-1.351582061984599,-0.26142217638213916,1.0,200.0
74,taxi,3937.229514314165,46.10525134807903,66.34635885146649,90.05809563618998,212.0784353257366,735.4325243732064,21.793170191400325,0.3142938896858508,15.216132209250251,41.35814270524552,3601.433363204352,healthy,0,0,0,0,0.5552896356258105,0.589945104905015,0.7966492520483649,0.05337578371137771,1.0207696768294074,-0.49285569313507704,-0.19597568635550114,-0.45722811528599216,1.0,200.0
75,taxi,3918.438737581466,43.688679651024195,66.27035251582163,89.83584180566979,211.40930346938273,731.2554342890658,21.84335154645643,0.3079627500178734,15.254378468924516,42.15710580530471,3515.1214555221136,healthy,0,0,0,0,-1.3161195998511448,-0.6434261103657782,0.8235359142682547,0.07657834351141424,-0.36960607981101007,-0.47180270349549064,-0.5455294230152118,-0.3765179690494411,1.0,200.0
76,taxi,3931.3738012188082,45.691897288006636,65.98308141244334,89.6218371739064,215.76025863948354,732.8295857448087,22.029360637503576,0.3099142198858912,15.209452593473946,40.93933268228293,3522.383129006646,healthy,0,0,0,0,-0.4132211527177393,-0.7819638882424489,0.5835141970901239,-0.05669636767841725,-0.6278423334011005,0.4944755304556318,0.8187752153304646,0.9708163989081523,1.0,200.0
77,taxi,3912.0079065116465,45.43017763860015,66.3766469527567,90.43657417817316,213.4266895517415,732.0088973045995,21.583894094105172,0.31151373085926465,15.106814340224002,42.9654306418642,3543.687185196576,healthy,0,0,0,0,-0.5343343103121723,0.6011884625672921,0.18004852546502959,0.8183855774528196,0.04953279878603219,-0.1442452399764101,-0.4751204030058611,-1.1053321169378163,1.0,200.0
78,taxi,3915.9914061464797,43.7892449260162,66.48494863345944,91.06099332696773,210.8035444583971,731.6345710558788,22.42890286711457,0.30243507789763624,15.166438762358508,42.134402760777085,3211.9235931504395,healthy,0,0,0,0,0.017293274621985617,0.053219502310260576,-0.15251998973815292,0.26479888325773165,-0.1511833780645901,-0.5053456701362581,0.06583095444664598,-0.07531544993243852,1.0,200.0
79,taxi,3917.2845828420245,40.87281099416499,66.53575995156557,90.93137041900309,211.7438580054647,734.4531279966875,21.908884814483063,0.3085791200529549,15.672672526129853,44.66913007807302,3346.7506852451033,healthy,0,0,0,0,-0.2355737960390256,0.6960930657941261,-0.2141721128522592,0.08942620689254055,0.4442060998094263,-0.49970003717780487,1.1584369868267765,0.3978700153880089,1.0,200.0
80,taxi,3921.0667858115075,48.38227752818625,66.32431057213732,90.96707098723623,215.434466293275,729.1789210564137,21.887826975517424,0.3118309283053235,15.232262766184862,43.71401202057559,3444.9749458103233,healthy,0,0,0,0,-0.459422222521382,-0.46161559765272625,-0.5936766377471,-0.6909415845815499,0.18970628528867814,0.3491595857751154,0.8144986792939782,0.47048859918647457,1.0,200.0
81,taxi,3926.121049533224,46.10249722664861,66.43239719065413,91.10855419574531,211.13346328341865,729.9969370562072,21.752070715170927,0.31046590034726995,15.347853042746596,42.59817722507851,3476.5283782365486,healthy,0,0,0,0,0.38136979929010056,0.6377868311400721,0.42412955411595815,-0.08733866224620623,-0.33844381767978887,0.3322510791925981,-0.04131416627210143,0.6077960952192736,1.0,200.0
82,taxi,3909.0366412641824,40.140970876716416,65.9971760732552,90.04600819040938,213.26357185820785,734.2095443731585,22.226939946501627,0.31710763214736964,15.236185847104075,41.616208550385345,3466.5363963836526,healthy,0,0,0,0,-1.0927727931545759,0.017049994495189732,-0.49424300563638945,-0.514640739908475,-0.13397690891268188,0.04320652744304712,0.4540972209867375,-0.3045522250956397,1.0,200.0
83,taxi,3920.6433530349696,44.61636551997365,65.37238461796217,90.15133964980646,214.01667957608262,729.9754674530799,22.03824018945324,0.3081156749108337,15.2857370746921,41.08722963179981,3383.902904995919,healthy,0,0,0,0,-0.2591378320927019,-0.05658884878351198,-0.4660477818139631,-0.22908260339071618,1.4194889137131186,0.797008757583807,0.3981392149699343,0.03906136494481389,1.0,200.0
84,taxi,3933.1717637031393,46.25679821773933,66.38888736239893,90.41995068968666,215.60088035792452,732.2412199141643,22.180207479222226,0.3060305095393245,15.484774730572163,44.5333529673957,3577.2775592461694,healthy,0,0,0,0,0.5236397315974403,-1.0059935917482812,0.17309638637592045,0.02350200119138516,-0.048943707042548745,0.22300936420889364,-0.40128705706822715,0.07471773758191695,1.0,200.0
85,taxi,3933.272708473118,45.01294137383978,66.62715428132653,90.02654749750758,213.95584283638064,733.1535794365108,21.888599014507253,0.31512071177320433,15.314466902898657,41.161083574148016,3562.0367801030757,healthy,0,0,0,0,0.09074655644690822,-0.6579632223869696,-0.19045721154964138,0.11710370843819463,-1.1392092750960123,-1.0221380222551044,0.1491663632644237,0.3879591284950929,1.0,200.0
86,taxi,3921.240045330724,46.62988298044715,67.25339537865091,90.71110468977882,213.8062445655602,726.1164345998026,22.097336507659282,0.3070243894965594,15.360292277219308,40.863042859925976,3479.0412538085293,healthy,0,0,0,0,-0.03721949422735792,-1.3252840703682844,0.17868652245442654,0.18945613225565291,-0.413111462946954,0.34090897255596836,-0.8123661548247252,1.6469746814567123,1.0,200.0
87,taxi,3925.457587795584,43.522687584742215,67.01434131331918,90.1634085820772,213.92318581756498,734.2837962586293,21.94612966721124,0.3162191167229477,15.356022408492317,42.292008952423664,3452.8467516419305,healthy,0,0,0,0,-0.17220213846266202,-0.8396547099983926,-0.0239746422754994,0.18774482443216517,-0.3095298494614315,-0.15715360919722218,-0.330600650489031,-0.5785288628292976,1.0,200.0
88,taxi,3928.660508378083,45.81955821367683,66.48228037907444,91.22967372598319,213.53999305321625,732.1378860177812,21.78549718374609,0.3170306745602397,15.366489351879187,41.72431226458359,3426.193857210323,healthy,0,0,0,0,-0.3170491945014786,-0.3730473210890209,-0.13945186036723337,0.6327973125018096,-0.4730701081011357,0.6954472449137333,-0.009587906574872199,-0.8369257486209272,1.0,200.0
89,taxi,3908.8178543489385,45.36225536977038,65.78803148833182,90.0345911553374,214.08119292261614,737.8287701366896,21.684028728635763,0.3099684117711731,14.925821589400801,42.85391714836988,3494.376716478929,healthy,0,0,0,0,-0.22190882487003052,0.8908154744953217,-0.1623942412303575,0.4548446052485567,0.02776794681289727,0.5818628879122283,0.22436765292187372,-0.4917277893798817,1.0,200.0
90,takeoff,3962.9593267512328,45.103098781316746,66.3864389933267,90.89882715096964,213.7953042983448,739.6413052449707,22.167032456240573,0.3076238853630232,15.431710413504407,42.0478764749107,3478.7187332528606,healthy,0,0,0,0,-0.25914528389909824,0.4692201368687692,-0.46853486622346696,0.021787752524054294,0.8051356976865268,-0.14976741276305716,0.18264762646327443,0.803880779471794,1.0,200.0
91,takeoff,3950.7919457864996,45.02716495166402,66.52894799199821,91.56855832055112,214.31737399497095,727.5495227131303,22.330706510224918,0.31279707078890373,15.095890775813569,41.753357866897744,3659.4536021758,healthy,0,0,0,0,0.36733386341117324,0.7595562122433747,-0.4472050780104086,0.2913975846180833,-0.4847428933380922,0.1182813020063063,0.5170646222649737,-0.32850746832128447,1.0,200.0
92,takeoff,3929.5382341207746,45.86874186562595,66.30328125534749,89.83216682997602,214.38993378372015,732.2321807616845,21.92265856920613,0.3107679899475983,15.297085314877522,42.20883374551706,3513.3805640289493,healthy,0,0,0,0,-0.4460315937935398,0.34115477183093246,0.1436926538531902,0.5770937617054867,0.6393216637602565,0.5261370965057276,-0.6895480510257572,-0.6932205631818698,1.0,200.0
93,takeoff,3884.7947284468073,47.33466558261688,66.50701743020582,90.23050819418789,214.81912498657232,730.812306039488,21.529629054729558,0.30565283695569756,14.852286858912553,40.655390286321364,3492.546968038121,healthy,0,0,0,0,0.34931045705427505,0.27918431765381513,0.5657993758692733,0.24920588840023622,-1.340636067527078,-0.13511919799732058,-0.03061911099861991,0.1336957359726105,1.0,200.0
94,takeoff,3918.2239594605303,44.40898315484059,66.86927528587967,90.10040699503023,212.76732771419327,731.7772391323391,21.881871595027686,0.3107761070774767,15.7020765539687,44.42801666660918,3560.7266486191907,healthy,0,0,0,0,0.6473652667209825,0.9043275380646627,0.3889376788653048,-0.13033699713813238,0.5761644374266787,0.7128273418567325,-0.3370473289985551,0.3821433960940312,1.0,200.0
95,takeoff,3926.2704205020295,44.65474270721683,66.4523139771384,89.92513778955951,213.09395285289776,728.8626247059802,22.0027212012537,0.3100975464941236,15.51892877134146,40.66303618694726,3503.727657122574,healthy,0,0,0,0,0.3038965545057257,0.5655489572237191,1.0306977761366387,-0.4416878926597832,0.9286936998165468,-0.5314024697899581,-0.08235050402516064,0.7349181195586976,1.0,200.0
96,takeoff,3930.718734510916,45.790352738725716,66.10648665582407,90.71771516940083,214.7802068299397,728.7805338726141,22.25947955185738,0.30945025694021655,15.555693664458015,41.25527318769187,3462.303570792792,healthy,0,0,0,0,0.37197111486468126,-0.1802581084029077,-0.063114330780523,-0.40056103479809446,0.07175580671045993,-0.014335333470482225,-0.3839404429385603,-0.740514836875941,1.0,200.0
97,takeoff,3905.1127981008863,45.228922803983195,66.38903488038895,90.86149379254671,214.46588579975855,726.2723031920364,22.094844854807285,0.3121491673361312,15.3021532005195,43.105972113451365,3514.749357007123,healthy,0,0,0,0,0.40160842477190006,-0.3208520654447271,-0.4557099218686269,0.20557941300974342,-0.4903998553024604,0.08185739811635154,-0.7937699067003128,-0.3398552601598034,1.0,200.0
98,takeoff,3937.003029497652,46.24042733992935,66.50009222432767,90.12161761852305,215.7909145907164,730.1065295432328,21.845975520277015,0.32526290106156197,15.244829166445339,45.56615263645797,3562.545916570367,healthy,0,0,0,0,0.2754020063874274,-0.4721309250061972,-0.18202073028873939,0.13574111994639462,-0.6923423273715871,-0.1650928226171345,-0.07818958491928125,0.45727249851385815,1.0,200.0
99,takeoff,3910.8585898897923,46.90580422674938,67.03758117963591,90.25381250554612,214.29072046821238,733.5775689700328,22.097503891342228,0.30337006428790364,15.312253883835377,42.95634303765862,3625.5339418508447,healthy,0,0,0,0,0.9857649609168382,0.5005185540850681,0.005204336865456922,0.39044301844330614,0.5295544550973371,0.4082146202279235,0.3634478606744002,-0.49186055026769265,1.0,200.0
100,takeoff,3924.3387715644344,48.05160056094245,66.53987029123842,90.70674853231043,214.6984706244846,733.3449359757394,22.23740902921553,0.30814363760885755,15.319722469828317,43.65528944391324,3390.5210726703767,healthy,0,0,0,0,0.660939616537119,-0.2761537526137738,-0.02140307215299147,-0.3077607591782668,0.466105631296635,-0.2272207339216689,0.6392378878025944,0.1835328267072666,1.0,200.0
101,takeoff,3949.1721455916745,45.236334458697364,66.44235646650388,90.74967912662792,213.1521440495492,740.296633687191,22.133272951492394,0.30827895892221535,15.53222480235649,42.11061390580311,3460.23379390954,healthy,0,0,0,0,0.4632088673725922,0.26538323547234555,-0.2709764332456045,-0.6754706214852212,0.2971259327030286,0.13751451339740775,0.04262949621887118,0.11789075642733222,1.0,200.0
102,takeoff,3912.2584573442764,40.91462676191996,66.45731935628554,89.89447832147,214.62727593620022,736.4901053934141,21.90984671198564,0.31950722034060774,15.1185919647302,42.98938499131803,3381.822736094296,healthy,0,0,0,0,0.5686193651280401,-0.434193372997284,0.552653593833957,-0.16839519424402605,0.28860093770081663,-0.42499981968482137,0.23508528258552497,0.8074103816063788,1.0,200.0
103,takeoff,3910.205439038532,45.32997367633043,66.49250471214528,91.94228278252321,213.56793888919438,729.022854050178,22.137638077647484,0.31274900613840656,15.314978201864399,45.149286176507886,3425.489877396587,healthy,0,0,0,0,-0.6082395883440058,-0.3399190782349813,0.2243421020084002,0.06219598899630541,0.7758093511538408,0.6169252232717358,-0.0319936253045122,-0.8193697660670232,1.0,200.0
104,takeoff,3926.773888824554,46.17696360900637,66.66602882008243,90.42123745155598,213.66834392621166,731.6709845709757,22.07507272804419,0.3144320310712917,15.148692518215805,41.98868816136881,3505.455080868057,healthy,0,0,0,0,-0.5367805466280424,-0.8177724466397457,0.48339828433321874,0.09334901481366857,0.22126674076788794,-0.13275573157807488,0.20401023646659186,-0.17277228002271522,1.0,200.0
105,takeoff,3951.803465260432,45.095312722175194,65.81061174034576,90.61417390353189,215.51539211636708,736.4593194349677,22.325237108962583,0.31845287660339144,15.300169188385036,44.271999877937155,3519.0755694546247,healthy,0,0,0,0,0.5478416823384286,-0.9278824220757773,0.7097741919124327,-0.17150346667840632,0.13575009611681674,0.05510504296031503,-0.2220497455628752,-0.33892869422084815,1.0,200.0
106,takeoff,3918.4014008011586,45.16275043170651,66.24374469989652,90.18446067325942,214.18720750576176,734.3407982955857,21.72297402587169,0.3002718170343352,15.228932125531887,40.8126625197925,3457.095085640019,healthy,0,0,0,0,-0.12352300073316252,0.36586968536180675,-0.03372982079864304,-0.5144693357088372,-0.7188415850547151,-0.22654617485548495,-0.10965731846343234,-0.5477538327466377,1.0,200.0
107,takeoff,3926.486832522993,40.604205729946464,66.94391101458896,90.40608481919608,213.87874490244926,732.8224814651778,21.710317252395605,0.3255034632535277,15.26353746047086,43.8781466730592,3574.4204924968153,healthy,0,0,0,0,-0.3096126125919578,0.05498184847460724,0.957581833367692,-0.28067165120045784,-1.057469371799588,0.4448603689953663,0.6987507215924931,0.29686178008603586,1.0,200.0
108,takeoff,3904.0149042566045,46.48519142847145,65.8880353461469,90.01872889760858,213.1059593152933,728.8382417751604,21.94951536124326,0.3177953660418489,15.170388229746566,42.86515292284451,3445.242869710464,healthy,0,0,0,0,-0.06254052117328474,0.8766466186544425,-0.13238283808438722,-0.3310538386277356,-0.5306941844129788,-0.3444399547214844,0.645058687511707,-0.005774567760808193,1.0,200.0
109,takeoff,3901.439865601891,44.82115809720068,66.61863093685909,91.53824530566538,211.8748459272244,731.7546973373072,22.149124622059567,0.30002324339837977,15.565583217714716,41.29419967196222,3208.4973819135175,healthy,0,0,0,0,0.2371393591924287,-0.737846236697235,-0.1506225293552242,-0.20023938843823197,-0.46859318987034954,0.3254542191923419,0.5269935424928759,0.4353598761362557,1.0,200.0
110,takeoff,3901.4687505258958,42.44706953942029,66.77351445470994,89.45298957432558,213.15756972609137,725.287151136862,22.051918636652253,0.3236596318622613,15.56423594819976,41.5851366783887,3523.835394849312,healthy,0,0,0,0,0.03405937799180181,-0.38555718003912,0.6803360628673834,0.08333984505456553,-0.23474955217145688,-0.2819488381998345,0.2017923373569288,-0.11933815038489491,1.0,200.0
111,takeoff,3929.473260645165,43.72637862405078,66.1148003161935,90.45033246217197,212.24957205239235,736.3813634762466,21.96707407586476,0.31227213546441024,15.4692412525147,42.5987232760992,3471.4702173202063,healthy,0,0,0,0,-0.6448624938449382,-0.761655891105555,-0.5493433734884341,-0.6592663713165363,-0.044339623627384105,0.5692539026737126,0.5588007518330452,-0.3126743439115366,1.0,200.0
112,takeoff,3925.5732461779407,43.73956287230952,66.23915312043862,90.9579707589383,213.8707938844626,734.2408760741538,21.61407342712034,0.307592784623775,15.143608743811399,42.483098454553456,3394.9189829518245,healthy,0,0,0,0,-0.18167704063449713,-0.9317193537313626,0.09917979424447666,-0.30344170194472403,-0.5310428321144275,0.39347290321517575,-0.7408218389528903,-0.5632477510323283,1.0,200.0
113,takeoff,3918.5021967144926,46.6867209199241,66.12506473957102,89.60297353430005,212.79179316380961,734.0340947639869,21.72925749054791,0.31466681241184996,15.439040771497291,43.12815164001292,3515.055099605182,healthy,0,0,0,0,0.5928010582600994,-0.28377992385179807,0.3186496288359024,-0.461813025550917,-0.19851047468364916,-0.5658135196544366,-0.17125083168795557,-0.00396138676394564,1.0,200.0
114,takeoff,3907.958632637112,46.592498948287506,65.87541290835082,90.83791165910061,213.46070660054312,731.4361827805934,21.93145700694225,0.3201216472141625,15.245011024010195,45.90422760858183,3478.0495107051565,healthy,0,0,0,0,-0.8132830072912209,-0.34055985763655605,0.32583898535557976,-0.1912025536802374,-0.646029301944684,-0.12964953904614748,1.0135107547663378,-0.46509413144026096,1.0,200.0
115,takeoff,3929.1050775241756,48.498723520205196,65.76501315112645,91.35120592247995,214.0173594078951,728.3993098372182,21.825570203191045,0.31718936461194674,15.400660421814472,42.47278323807451,3373.7614352543355,healthy,0,0,0,0,-0.47853483864388563,-0.4536820782472213,0.08906856038781333,-1.1282580993285167,0.16841764210696902,0.05939219302969097,0.10116183391134702,0.2434597696828192,1.0,200.0
116,takeoff,3964.726120992282,46.76507237986653,67.14234339583392,90.73912388392266,214.3111404311454,731.8307463818138,21.926231460909975,0.31324336745801906,15.406766557487627,43.70783091024008,3435.3926628052195,healthy,0,0,0,0,-0.13317976101686468,-0.4726017302097493,-0.1037312154136005,0.9778957798462118,0.9167120515159339,0.725202392235402,-0.6259627722973842,-1.391687231915827,1.0,200.0
117,takeoff,3914.5443381181626,42.765923984605344,65.78101397660181,90.56130658818745,215.50021931747045,734.2321621926594,21.93177019328211,0.31039797952183595,15.181566302238608,43.78241075699031,3357.085640756654,healthy,0,0,0,0,0.24429379505384327,0.9380452714186032,-0.5326683674396104,0.1339697373674994,0.2648359651708261,0.37875728541438436,-0.00017538691695440228,-0.5296973081533076,1.0,200.0
118,takeoff,3910.5381312374116,42.650804202296314,66.05651963117384,90.54077560079914,213.69727000745638,736.8725929126898,21.761713740095676,0.31888046943175435,15.38355979585053,41.20092649323138,3534.739898454209,healthy,0,0,0,0,0.21154846871503885,0.24684517466101155,0.5295511357888761,0.572678525968827,-0.5414876376865777,0.06901858533917772,0.558405587677305,-0.3340519033833666,1.0,200.0
119,takeoff,3923.2370893241823,47.73067346429895,66.62613323793796,90.3924024885243,215.20684739204108,730.8210678793789,21.88925468281733,0.30298666020788206,15.362269070122522,41.80598630870458,3530.0413324080823,healthy,0,0,0,0,0.32431029046142135,-0.12896028117895073,0.049453837674566264,0.42502670659887437,0.07233253318228479,0.22153563512877017,0.22729564481981449,0.17897816585264884,1.0,200.0
120,takeoff,3966.254570930609,48.60259515743298,66.80466849878131,90.90940866768226,213.41867418793305,727.6282834468208,22.190117784477877,0.31009071102542846,15.62475471798834,43.970884957356226,3531.9509181834183,healthy,0,0,0,0,0.8840481859118724,0.1800666470506955,-1.1162795244018406,0.5433076237488872,0.011367591159664936,-0.7977774139960742,-0.33048663821789404,0.03828763997104205,1.0,200.0
121,takeoff,3910.6995309528165,44.993726558949966,66.07156636888713,90.04318612294388,213.90712311178345,733.9435350319659,21.744781404214823,0.31351364031386897,15.11513887391443,43.06638388314789,3464.6463522924673,healthy,0,0,0,0,0.3011241663591062,0.40510552781731096,0.11472772139693707,0.2120317287464677,-0.04148779182570198,0.17671131852262906,0.4922292217755278,0.04973016944716604,1.0,200.0
122,takeoff,3880.7207493028895,46.586828731610915,66.26702275324537,90.75738991804121,211.2734195247748,735.1251795218334,21.87080468540788,0.3097744021911686,15.256022890593083,41.765967683483886,3494.167921355806,healthy,0,0,0,0,-0.007167204572502738,0.26202179864939185,0.7760220658099398,0.280574729243052,-0.5939201965133746,0.04054968783357862,0.29876204868389455,0.2165647692672645,1.0,200.0
123,takeoff,3930.706994704005,42.45944018768167,65.20872502961676,90.35818664576975,211.601574022068,732.01588232462,22.14216646918936,0.3067150246427819,15.327769613511093,44.994435010076025,3565.0183761639973,healthy,0,0,0,0,-0.506668255024387,0.48019262442584876,-0.391848537151506,-0.295653199743044,0.7168371295226543,-0.046174712068138564,-0.07989306064501642,0.9313934621448888,1.0,200.0
124,takeoff,3917.6626552660423,41.58137923857712,66.37704868927314,90.21232837069566,213.42534465081752,734.0711177843901,22.23214831193029,0.30612389166258036,15.62741831773651,41.886133486293545,3417.608587503354,healthy,0,0,0,0,-0.5329293855989293,0.30462675642794934,-0.646260064070341,-0.5812386772664969,0.09566747124674208,-0.15677996908333275,0.41602127582197385,0.7388273749054302,1.0,200.0
125,takeoff,3920.9474088535007,43.121175402155004,66.3355740234914,89.86747672547821,213.026870906478,737.6855667638187,21.803126181184947,0.30571351841652256,15.247514357842526,42.14197821255664,3463.78789598794,healthy,0,0,0,0,0.5832397397534191,-0.14388025256515738,-0.32618281287648304,0.6514246631462594,0.13377432872952896,-1.1789289130265295,-0.2745679688999403,-0.6480509301420666,1.0,200.0
126,takeoff,3935.171027914743,44.75484770403466,66.37118471448512,90.96601901245835,212.7658347138137,731.0314780317325,21.848724924309565,0.3084588885199979,15.13930397396363,44.208010637005124,3694.6404467846273,healthy,0,0,0,0,0.0859989318715646,0.581371973108456,0.49888752234499556,-0.3196039134097264,1.1588807764298903,0.9713673572465779,-0.13732231032681672,-0.16754884392376643,1.0,200.0
127,takeoff,3874.3253083724294,44.426469984424614,67.15470807615489,90.2069148535936,212.177251962706,734.0187784611815,22.074435692387954,0.3099753405428938,15.491416112779785,41.498558845793234,3657.3015622894163,healthy,0,0,0,0,-0.5400512466699832,-0.588898736008623,0.5412271540969916,-0.21116972176259527,-0.5080157680759709,0.5782557011337036,-0.2676972525212803,-0.8463447811193069,1.0,200.0
128,takeoff,3933.358948227557,45.00899462833816,65.95101950797212,91.20781407017506,214.61282816510848,733.6252846619934,22.14747801006699,0.3137154831930119,15.37943467636391,42.576016373923245,3648.2962540751237,healthy,0,0,0,0,-0.554511034261888,-0.3096817686105532,-0.2431915953534536,0.2557413744005943,-0.7350117495340557,0.18270935477290323,-0.07825271068843052,-0.07978840438208283,1.0,200.0
129,takeoff,3940.705430901052,44.48719388984247,66.71387114067555,90.54447482950131,212.01703026744454,734.2207540797456,21.9252065790893,0.30463436265467286,15.399195150580027,41.82275274521823,3464.19530362613,healthy,0,0,0,0,0.29476252755624827,-0.3864516134728122,0.27697704971659437,0.8238050882989155,0.2380137854784932,0.1974015977515182,-0.33405585033928153,0.3006375167734459,1.0,200.0
130,takeoff,3912.932393419512,46.82782504514002,66.50943635849681,90.55944673808017,215.95885356845847,732.8794763137815,21.94071285042075,0.2956495358990889,15.45370327369464,43.19397758778749,3408.4908016225154,healthy,0,0,0,0,0.5598760174847289,-0.4200256070367233,0.3268000417755884,-0.3152627546231365,-0.41596477258857834,-0.0895692590915221,-0.49136135303382183,0.4822789360949015,1.0,200.0
131,takeoff,3914.805115485424,48.32431665789538,65.83565169072156,89.9025784553159,211.98987391491661,735.2955320220251,21.8523946651081,0.3100277351789733,15.176899105977064,42.490190613744815,3493.7261534204235,healthy,0,0,0,0,-0.019901343660343063,-0.7894329945716875,-0.6262965902785409,0.11009920404875419,0.41930643013707336,0.19386558424167694,0.04890244860660134,0.07022388290890787,1.0,200.0
132,takeoff,3945.3116592328756,45.54161768076156,66.33878154060768,89.96123264888669,213.8252314711467,731.853357033004,21.685671762528862,0.3174338009651768,15.318432441298917,44.07283292917123,3348.951793975368,healthy,0,0,0,0,-0.2993164725570095,-0.22470067837880645,-0.11571603685843468,-0.5242618991931014,0.5684740205379901,-0.2848464934850584,0.6716741442285449,0.0846713280816383,1.0,200.0
133,takeoff,3888.6891046690735,49.529217730121616,67.30854257234589,90.88950101864198,213.8365986913765,727.4170303954791,21.862139509447694,0.31163112327732734,15.30446786659833,41.59488345363114,3291.453615341715,healthy,0,0,0,0,-0.18533493235549436,-0.14327022653604388,-0.5857586896631177,0.3960580212182662,-0.10381315718771823,0.2024410314870196,-0.22899274739439143,-0.18178820013947494,1.0,200.0
134,takeoff,3930.492273849971,44.200413334639,66.65474050165462,90.5035894649113,211.75788763015635,733.1075262037058,22.061019624718355,0.3069482679833963,14.96733286670315,39.86675170708324,3484.332626938023,healthy,0,0,0,0,0.5935250922979406,0.3400406370223087,0.5178615358160673,-0.6038512474411599,-0.4165318532865759,0.5100798781042073,-0.34333726542300436,-0.704282498826168,1.0,200.0
135,takeoff,3901.576116235996,44.41901596736282,66.89597227484921,90.59654753922135,215.94131361559113,733.3163373555974,22.179668521154678,0.30811271574263616,15.28377471077781,44.010534679503394,3540.9859453323247,healthy,0,0,0,0,-0.3560052474138555,0.5955451182941673,0.2852966197059085,-0.5660973721267942,-0.3085778092766109,-0.5620397963020868,0.6030046625100168,-0.03730495402382878,1.0,200.0
136,takeoff,3915.1444639972274,46.244692080726594,66.06235403875924,90.95191078423969,212.63949749846327,731.8862902552384,22.340174708133073,0.30560620774487807,15.42943790846051,43.02025088341816,3385.1688090943503,healthy,0,0,0,0,-0.1346291306987335,0.6418552592449365,-0.1892836015775942,-0.12244944727555968,0.36345325388751626,-0.1493485536158972,0.9981727244887275,0.3143255366794229,1.0,200.0
137,takeoff,3913.626524237539,44.759625231219346,66.08415862815276,90.8744089827231,213.27963138295456,731.01509777761,21.92852594645253,0.3177392909760053,15.176556233916338,41.778549180267326,3559.0040149963975,healthy,0,0,0,0,-0.2903071805003739,0.1564860221400334,0.26140983350561214,-0.09265892678995954,-0.46880516260860805,-0.6139017793899736,-0.29494821372033003,-0.40717643660880276,1.0,200.0
138,takeoff,3906.199112086696,47.823327266793974,67.14100766777116,90.34780269859343,210.60786559640317,732.9705825999707,22.018006348973824,0.31908642721878,15.207539367525458,41.754733666128594,3307.8693931856437,healthy,0,0,0,0,-0.44105360939811405,0.6525946640421438,-0.0803974877915754,-0.24680191639803736,-0.5044290681791816,0.042952649881100875,-0.1977938583288106,0.34211036186873117,1.0,200.0
139,takeoff,3927.7809569618717,44.18700712484492,66.14030890737983,92.29793379583084,212.50927752288797,727.7348460363424,21.895310837348323,0.3151325535026051,15.176656317563841,44.84033722425408,3486.5113724993234,healthy,0,0,0,0,-0.614263340408521,0.2199918150138966,-0.13487109884945125,-0.3939397451036982,0.09361309844375784,-0.3426733252399107,0.3196597589280977,-0.5696669265836873,1.0,200.0
140,takeoff,3924.847657797081,48.11461072545797,66.18558255604373,92.44233048490744,214.16161213331694,736.1251015774226,21.97531079075807,0.3238439976033311,15.158857099494831,42.34647394084202,3545.5040180571496,healthy,0,0,0,0,-0.4793765159232587,-0.16489029267579133,-0.13639770544919735,-0.4230310887326585,-0.03196097832288437,-0.29883662472580313,0.17956111020622811,-0.6131114701351426,1.0,200.0
141,takeoff,3961.260302185875,45.857572787828246,65.69746919240978,90.82548994632504,212.79453715783166,731.2762264833417,21.588690958981008,0.30538903194241007,15.581043661874457,42.16773409254267,3574.758713341639,healthy,0,0,0,0,-0.568007261962788,0.3079804843137593,-0.21225041466891753,0.07653581532583438,0.07438245587296638,0.3271818614041843,-0.19942662706416928,1.5523311419841568,1.0,200.0
142,takeoff,3913.7771121811597,50.60012831667425,66.9309300127447,89.69778546542825,211.88938098659298,731.2721241877132,21.39451716125102,0.3166623648933893,15.280423832027276,39.96236234676683,3568.688039145495,healthy,0,0,0,0,0.6570510585207984,-0.045389332451838654,0.13340611154966533,0.5831448615338883,0.06813149319633074,-0.006325965211244779,-0.6601762269043159,-0.4047684904062086,1.0,200.0
143,takeoff,3922.845567858103,44.54099294394428,67.5681013070859,90.02513599605106,211.29048565324547,731.1245350489679,22.073870005625572,0.3123521342417212,15.360895511386,44.83787414716094,3577.3384220491134,healthy,0,0,0,0,-0.24045139111639313,0.09068165525537335,-0.37615161955531073,0.6146706446729422,0.5691801205284143,-0.15369847030762335,0.5420065709178867,0.4932803625454448,1.0,200.0
144,takeoff,3919.1832578042695,45.06383493982577,66.05030103722898,90.91034565423644,210.8490570207494,727.9378448497225,22.039426204393394,0.30640202747301265,15.037233926216583,40.86512676373577,3456.148203007168,healthy,0,0,0,0,0.2289513255174094,1.3948512913644997,-0.6329923900903077,-0.4370092820928039,1.3844583288557986,0.2424689040892062,-0.823883560493467,-0.005968494365562996,1.0,200.0
145,takeoff,3913.0313463958946,45.76052638981367,66.35324099942376,90.21533794888218,213.82622785126713,733.1236226310918,21.78228100511238,0.31673763400327,15.272972949722632,43.55696826094854,3689.8073194484987,healthy,0,0,0,0,-0.19439529230154362,-0.09323464183386754,-0.25533243248345283,1.4323089974310061,-0.8128540330169186,-0.11455696561166151,-1.1953680611445725,-0.09710135250310711,1.0,200.0
146,takeoff,3921.6786506771173,41.107166821076795,66.22446318135933,90.5122807198091,214.6469786192574,732.7547093999938,22.240410053287725,0.31584122864544845,15.149208543575131,44.33026239394301,3473.0666521323647,healthy,0,0,0,0,0.23597105991682593,-0.018515016448392305,-0.7080028090856993,0.5338214225174163,0.2584173160624258,0.07383321045873963,0.280475222877516,0.6758162341518791,1.0,200.0
147,takeoff,3920.1298699752238,46.67375301031777,66.59618141176485,89.36325475750388,213.6094969980759,735.1039607282479,21.75152410046316,0.30515793533032676,15.33561459741284,41.76962275740444,3391.5217453257433,healthy,0,0,0,0,0.11552017972189396,0.5862585478157398,0.038144945114669246,-0.47558761081071793,0.5829842230496903,0.1005507071429472,0.13314702190244018,0.11659926840080673,1.0,200.0
148,takeoff,3928.896507761116,46.43091498177103,66.4090553748335,90.82301099039522,212.4524509254927,732.6211253240679,22.140153800940197,0.31502419730730935,15.466242459976316,44.42169304796687,3592.3174655328144,healthy,0,0,0,0,0.44596242043505846,-0.17242425938710726,-0.35404271567496937,-0.07340470352057157,0.24900870916633044,-0.7477836809182616,0.11709529097352045,0.1966023547077545,1.0,200.0
149,takeoff,3890.010850394494,45.68785948305156,67.40202573519534,91.28636764336362,214.27500904333797,732.8869356022752,21.73970737058597,0.30341906066995955,14.876719871666426,44.45454555225752,3441.174442408523,healthy,0,0,0,0,0.2341412002749448,0.33504624769768737,0.5766040342561103,0.8322522917158863,0.17416262503529625,0.5317053775818018,-0.10366494909280916,-0.18496101393328845,1.0,200.0
150,takeoff,3933.633298094081,42.3804311924673,66.05312302807421,89.83267806276884,214.17092472624435,737.9331360957937,22.209929932537413,0.31309275834494443,15.440494957681148,43.39483840508106,3448.7090476754665,healthy,0,0,0,0,-0.05248847374993005,-0.49784097071648264,0.17213171668968277,0.590620918362473,0.32473589819506654,0.08333330189192643,0.23665134513040417,0.233557132493713,1.0,200.0
151,takeoff,3919.286365512276,42.37610067530338,67.2598962547612,90.3552020654945,214.18237098783084,731.3906318125912,21.81287792567332,0.31039102514576483,15.011138649284314,41.387593151667,3505.3596079708136,healthy,0,0,0,0,-0.2506575266500974,-0.21274337481728683,-0.21596678087553603,-1.0788464825629351,0.14236055688364121,1.1658232997087763,0.33033715862019236,1.7318661487125322,1.0,200.0
152,takeoff,3892.1670903972827,46.64245979244238,66.77307968372706,90.345889716523,212.7267877843789,732.6437253830142,22.19384263765531,0.3163020008391884,15.481690258509255,43.200799856129535,3423.538248089084,healthy,0,0,0,0,0.8906796303516193,-0.13393598168911477,0.35103606093143286,0.48238644530870756,0.654640483005,0.4778010368843659,0.20257504719812883,0.3661699164790767,1.0,200.0
153,takeoff,3949.0116661994234,47.819580130355405,66.7848120509164,89.07036483572172,214.69189976239397,730.4701537833572,22.005651682143984,0.3086010680093089,15.528661217582954,42.165793880770146,3579.3651413565835,healthy,0,0,0,0,0.4267528573572413,0.39178438045080705,-0.48997407923370123,-0.05519970233446481,-0.4092722111080694,-0.3166693708622587,0.31959933539397567,-0.4586937950638995,1.0,200.0
154,takeoff,3966.5103928650697,48.65815201888513,66.23634683577478,90.27591203450037,215.3714347267897,731.0643067130649,22.160385372274767,0.3137428040793414,15.227953114263528,40.82460924689827,3502.177281290209,healthy,0,0,0,0,0.4711373541847093,0.6010135187408611,-0.05617540486653106,-0.7297757744664508,-0.17718116812023987,-0.931656246118324,-0.39261402358979935,0.16371887212506664,1.0,200.0
155,takeoff,3910.375507771507,43.678339707340854,66.02841337834201,90.21980334740738,214.88109636333564,732.0358148763374,22.004557112045415,0.3025501026349114,15.294552328393566,43.17593545626579,3634.1728509335976,healthy,0,0,0,0,0.1546626053449681,-0.538892282264032,0.7013542740809641,0.37822442140974316,-0.5035238632247392,0.2258682233190874,-0.5982705835718654,-0.47845600351340695,1.0,200.0
156,takeoff,3932.564935084117,43.407626699723124,65.85290039166456,89.72516790067131,215.2061027700609,727.6935115477078,22.10795807997623,0.30939809900963167,15.708634130127766,40.27101638362018,3543.214010161319,healthy,0,0,0,0,0.6169139880922974,-0.7820217773629922,-0.05948400298811001,-0.11622155906721605,0.3320890057061365,0.5067183852375003,0.41206849209073865,0.03787503203501331,1.0,200.0
157,takeoff,3918.8290282993303,44.92534515587159,65.76122088589152,90.036577768441,212.2602246658853,731.4356196901159,21.84222512711401,0.3036550163017986,15.26196928687367,41.974089444147,3617.570533103482,healthy,0,0,0,0,0.09677894464977767,1.0814369989933585,0.6762233092457534,-0.3188865910945864,0.08142756011268965,-0.7681779126237411,-0.3100547723385024,0.20561420651633125,1.0,200.0
158,takeoff,3913.290055215067,41.51776247149302,66.19589287612882,90.7094140435061,213.72596006486302,733.7406669802489,21.72621453309898,0.3088870815140082,15.508152117535163,42.286927454165244,3617.4480656791648,healthy,0,0,0,0,0.4343257120329352,0.2864678507288207,1.0129789224475148,-0.07035260509496755,-0.5736251391872884,0.249081225842531,-1.319142057283908,0.6947624988866204,1.0,200.0
159,takeoff,3931.8871760864376,44.291360403153206,66.5095946112534,90.76613550909993,214.09226756227952,735.5115695453749,21.88927936632229,0.310715038369026,15.593418716224413,42.74352564763743,3482.090350695466,healthy,0,0,0,0,-0.12866677135065072,-0.4155093197126116,-0.7373132290312091,-0.13711499370565414,-0.5244544248535442,0.19102262821403226,-0.21760940545435625,-0.161374971260353,1.0,200.0
160,takeoff,3908.6384433751086,47.17280203027133,65.91942259871611,90.75622321219767,213.66555742285587,733.9181100300503,21.958931568399993,0.31357260254954816,15.514225611903086,40.733962581730836,3500.877122568714,healthy,0,0,0,0,-0.2627962596037741,0.3429765914052591,0.45639408827671984,-1.0860900568697567,0.28009011739849404,0.7195087202524911,0.2182067328867166,-0.3660921896424743,1.0,200.0
161,takeoff,3917.121213843867,48.73842775797952,66.76483631712809,90.21573076316255,213.89676854878198,738.0553526365775,22.30887991439411,0.3081799677330274,15.470880988843668,42.540306194334406,3493.543394241009,healthy,0,0,0,0,-0.45248766958255365,0.3303544539227633,-0.12849667271956006,-0.11331284140891983,-1.2035746627380974,0.10940070737304144,0.02249018266404502,-0.7261407946413359,1.0,200.0
162,takeoff,3900.3508593810852,46.027533662510024,65.82060456060589,90.06635936915568,214.11721993217225,734.337752013096,22.504393835538956,0.3191878623519579,15.369582255786202,41.53881972815952,3473.95268069821,healthy,0,0,0,0,0.23016254824970586,0.04968071954521116,0.9263522184321785,-0.5510766016055948,-1.0975943564132467,-0.9114117465923441,0.5699508217331481,-0.8436628223198442,1.0,200.0
163,takeoff,3909.4348268773133,48.75033005235123,65.36546298764453,90.6485348661249,212.5472549414033,730.4106905414985,21.90450142232129,0.3091438155098008,15.51454366303274,40.46779540837563,3645.6492801010454,healthy,0,0,0,0,-0.3810137840401719,0.05407606433766161,-0.27277544951656796,-0.7131339662692385,0.193277120917143,0.3699601857444348,0.5797648323473106,-0.4901443741208735,1.0,200.0
164,takeoff,3906.1495549117617,46.29096863123883,65.87061549896242,90.32541678571889,211.45938908130566,731.6533681174657,22.14365951788511,0.30497712863452664,15.174165487814994,42.713835336272744,3528.6407513417953,healthy,0,0,0,0,-0.07514827793801147,0.24657916073111835,0.26612065965181536,-0.2852599561185804,0.49872527628784996,0.47237371707774173,-0.593947435415563,-0.17274934474939307,1.0,200.0
165,takeoff,3938.694357315237,45.85195058551853,65.69324292703443,91.18315228720618,212.426724244464,735.1709135205928,22.012202728727004,0.3206781204231086,14.938182229295997,42.40863968255595,3408.6057727075804,healthy,0,0,0,0,0.13654246801174777,-0.45279344598868465,0.35664937662885143,0.5842414376962922,-0.43322714219064035,0.25255088196297776,-0.004757527394076462,-0.4509985331935044,1.0,200.0
166,takeoff,3919.4581264157596,45.126340380285626,67.55912413151307,91.25988726912888,214.2706003976582,737.5318020896915,21.975388463287615,0.31525670249229215,15.096066543975066,41.29256138828657,3532.907121273602,healthy,0,0,0,0,-1.1293125723721542,0.7508756124829267,0.3278826862726176,-0.19928757314251494,-0.11261829557768616,-0.7214429285733541,0.2854174269178179,-0.7778056427412211,1.0,200.0
167,takeoff,3930.094809850898,45.84309684678468,67.05220843227748,90.27773420510358,214.24358269719744,735.8861110587146,21.75986384094861,0.31134153542712517,15.453055155043922,41.901431590025936,3662.1701664479374,healthy,0,0,0,0,0.00976958374070505,0.8553077818033895,-0.26892815812635606,0.7550123791821208,0.2132271747949721,-0.027149889706395817,0.6725650851505633,0.12331183965339637,1.0,200.0
168,takeoff,3915.2389057488435,44.95951686075291,66.26347176239936,89.58120990566034,215.32086778501653,734.023597381689,21.96869445579334,0.3112529687498326,15.37059451918773,41.6661266257802,3561.5660835767976,healthy,0,0,0,0,0.37901191417414887,0.4244908242461984,0.24937031540992483,0.42769234453424454,-0.36706405287961874,0.3869414972285467,-1.2548488893076442,0.9119594653426324,1.0,200.0
169,takeoff,3935.039437620727,45.187401250460375,66.19796021915032,90.67131793873608,213.69501733766194,736.8494372385045,22.006462945923836,0.3153522982072281,15.43685994745885,41.027693807803765,3505.182714205376,healthy,0,0,0,0,-0.4479344930999572,-0.3424147454288523,0.3004221537387645,-0.44282587608016283,-0.13486212126042058,-0.49010355506620074,1.3303412448251395,-0.3589527851144539,1.0,200.0
170,takeoff,3945.0717378520912,44.145439085361346,66.88036600469322,90.15996478107931,211.6023443178995,733.6160494575499,22.03919104225401,0.3173231036695121,15.276347078671737,42.963495097386,3413.9092287674134,healthy,0,0,0,0,0.18031581396200475,-0.25744690262165093,0.09419506533590516,0.6252935603182656,-0.5029916285816795,0.5329276101053061,0.022293155841035018,-0.20787842608972873,1.0,200.0
171,takeoff,3921.375655697479,45.9872865588247,66.20457595922785,91.05468032304604,213.586014269334,733.5366309939506,22.195360622990442,0.3164343921127518,15.176445645221687,41.72232372679223,3418.5309730191907,healthy,0,0,0,0,-0.765702676414234,0.06750426633884668,0.2539047841228957,0.47968634605594856,0.2648077847219669,-0.028174369908588282,-0.30426303279611266,-0.08114656595070227,1.0,200.0
172,takeoff,3915.3500155434617,45.498119585276264,66.55844392601911,90.98136179149292,214.88164261595583,735.147153318962,21.723693614140608,0.29383410550097044,15.283534687980985,40.764040615792794,3546.503182925402,healthy,0,0,0,0,-0.26989335282022625,0.40733356606345916,-0.06759088896958727,-0.15046492565218664,0.011291609288418797,-0.07810702391385177,-0.9492859355777332,-0.10114440394553559,1.0,200.0
173,takeoff,3880.2624922211503,42.51006268600847,65.88032495524763,89.93093646534786,216.32883244811728,732.5878771561754,22.14803408410623,0.3148965630564054,15.0989861512721,41.049466306366895,3490.637979455362,healthy,0,0,0,0,-0.5082265431206172,0.13933531547837605,-0.05843498743539267,0.16842154738003942,0.06362225292034453,-0.31889530277150996,-0.9226485324516844,-0.41847195923558056,1.0,200.0
174,takeoff,3912.9007564691865,44.98782175173672,65.51936485352543,91.19024041647155,213.1509650125699,730.9836384408679,21.86666687095903,0.3086678314563134,15.312405270423778,41.67423216370714,3513.81140391383,healthy,0,0,0,0,-0.29277227678152706,-0.5791801797743855,0.031600213020538885,-0.4156815777913118,0.5742992737020928,-0.9896484155998901,0.4577975632701227,0.22218835354540528,1.0,200.0
175,takeoff,3917.8651135471714,43.7578799704517,66.88336133472437,91.39666848500998,215.00609486036066,728.1525619706041,22.103958176610536,0.3200525656822144,15.316875523124748,41.552864546713145,3553.1943339871436,healthy,0,0,0,0,-0.5483958898424727,0.36501889867118886,0.6482725102004679,0.5572730956431993,0.7685570695711608,0.017092630277766106,0.4820563844656371,0.6076926959200821,1.0,200.0
176,takeoff,3888.93079252891,41.37282183775914,66.6476682091558,90.79303641059397,212.9932296466616,729.7340624013817,21.84648813890853,0.3061233882584054,15.198876006459766,40.166847255008,3531.815701518355,healthy,0,0,0,0,0.36852664881972935,0.6976536198468016,0.22666898315429793,-0.13465928717719916,0.8668937217650311,-0.6304161992320216,-0.6316893946324329,0.08665663545611373,1.0,200.0
177,takeoff,3956.615815235219,46.43699005392334,66.411885216396,90.92738970284498,214.09533785504578,732.9335964206263,22.022071551628926,0.3113870662104238,15.265080146129625,43.24840791565586,3403.133808475405,healthy,0,0,0,0,-0.21490815392367735,-0.1982630144948573,-0.6281669539449648,-0.8470968231553261,0.29778894868757844,0.03872279733002531,0.6123799278805713,0.052782331527924234,1.0,200.0
178,takeoff,3905.1416163119657,48.586599264285454,67.47261269440641,90.24874525374294,211.16241410237558,731.640899489894,21.96565674824335,0.31077970329830695,15.328695151617964,43.43013167179629,3756.591023448567,healthy,0,0,0,0,0.1803699303396628,0.22583723651607657,-0.3229567896184898,-0.3721687127637604,0.5639143770866452,-0.07261750408492969,0.8267057769088455,-1.2527588425236973,1.0,200.0
179,takeoff,3936.7863335023735,50.2086831333705,66.82002902388015,90.04580584195388,213.97973091996275,737.563847609349,21.893468186413084,0.31680032799526975,15.24276054697126,43.78974368575279,3552.849096641689,healthy,0,0,0,0,-0.2784350611687872,0.3723342003469898,-0.1966462352107559,0.17135060434148952,0.8119917045869404,0.0062736759144887255,0.27773029338292426,0.7990350851229043,1.0,200.0
180,cruise,3920.6840860910656,48.59406181422662,67.57417232373021,91.3142342037101,211.9902581308977,729.5713994393197,21.93484892917413,0.30723207867951097,15.127637711844004,41.239199414723466,3475.934900500181,healthy,0,0,0,0,0.10873294512594929,-0.46931643234557346,0.2715619108516658,-0.007405690814116781,0.2697582357610735,-0.09509524870153155,0.050714424372662596,-0.03399054834560574,1.0,200.0
181,cruise,3935.501864558596,43.72761965002457,66.40003383460831,90.70596755108299,214.32540725178347,725.6784997755611,22.058675236599004,0.3123440604906772,15.398404240400799,42.92154695508497,3394.0110714877005,healthy,0,0,0,0,-0.022680602165545523,0.37291354382625835,0.14593829445603443,0.0469188957375519,-0.38449444903564506,-0.2964083907661815,0.300028555766433,-0.11100244005892602,1.0,200.0
182,cruise,3927.685444358566,47.819712740656804,65.94394878890984,90.50629696107427,212.16083528881052,728.2243009781686,21.89883467723656,0.3023056795910198,15.226682413348563,41.79382007575174,3515.3671860320796,healthy,0,0,0,0,-1.1206296034388858,0.28891727252901794,-0.464747040251946,-0.17789362285720084,-0.015097594082077543,0.12647397822857392,-1.0654587125461124,-0.5418556044921394,1.0,200.0
183,cruise,3905.31934394081,47.70902076235297,66.62574076371261,90.51994706915663,213.56373254667642,730.1515339684319,21.941782294403566,0.3123451647704643,14.999658375118601,42.84469708286724,3474.7737291322414,healthy,0,0,0,0,0.7360586594925177,0.5760321303407739,0.27964173255467323,0.2000037504298108,-0.2980252663049402,0.5103075121815209,1.023478802116191,0.3207894129399273,1.0,200.0
184,cruise,3905.8112663348315,41.49356369245145,66.22800595348629,91.01295896003882,212.57650875247862,729.2053822954055,22.2070490783069,0.3178449922900402,15.201794760746907,42.821741339982744,3594.4651503539717,healthy,0,0,0,0,0.33712709630445464,0.2742754820425652,0.4743260638482599,0.35834264675043714,-0.19323360521143457,-0.854692947038031,0.9396298264553448,-0.08952072869834178,1.0,200.0
185,cruise,3919.837468320748,47.191799786023594,65.45960573673743,90.43191132112925,211.57603542818475,730.6697261140637,22.157399194109814,0.29902602677751283,15.134893087483647,42.89134992050476,3413.293444246921,healthy,0,0,0,0,-0.2527325060430838,-0.14464402087220388,1.2710484016494534,0.04402391929929414,-0.9598719104966281,0.1237448276310401,1.090629942228227,0.09391434846682568,1.0,200.0
186,cruise,3952.374023781584,46.723576826023745,66.3035453514982,90.26224534020342,214.15698006837445,732.8060956570231,21.942409428686805,0.3078691536146052,15.4621288042979,41.4987169683809,3442.133500302368,healthy,0,0,0,0,-0.10114547248246208,0.21167399173972634,0.014108978734282693,0.8879246694035132,0.023722955056580494,-0.4670913993552321,0.4726172018442744,0.2444528620738284,1.0,200.0
187,cruise,3901.2665298732354,45.79483925585428,66.01795916297918,90.37845591736783,213.8255820497876,731.2856201910962,22.14766066432972,0.31605751714567215,15.133195396744009,40.11738747316089,3472.918349224232,healthy,0,0,0,0,-0.29529257171497536,0.4451809246195361,-0.30653702382488873,-0.7343138262138934,0.050617491900760966,0.5289458469677508,0.010437747912833296,0.375893145631637,1.0,200.0
188,cruise,3915.7875633857648,46.046456186594305,66.74833351415691,90.46380376024068,215.50491491973145,730.805138784582,22.03618481869485,0.31101470886040034,15.21456490286513,42.38383444503203,3502.5642459853584,healthy,0,0,0,0,-0.1733107358884719,0.592881336166398,0.29856472542846596,0.13738043517380474,-0.5474446009243064,-0.566879344481044,-0.16972020175922548,-1.017545764040786,1.0,200.0
189,cruise,3921.7905405363717,45.58583752072886,66.25184213881879,90.26941926961378,212.79459523738396,732.7814912390298,22.135430277358164,0.3220146160610506,14.959200161818147,43.482406125520356,3884.172179072729,healthy,0,0,0,0,0.434694972634966,-0.15302561822472796,0.9429120186692324,0.1766265771466059,-0.7006562313088858,0.5847321905845564,-1.3552857018809261,0.32201710553164575,1.0,200.0
190,cruise,3918.5174537004004,48.73309445255075,65.88359876399115,90.61427146725387,215.34521667278898,730.9522411777024,22.37607922826512,0.3048475290862292,15.411011011200605,44.11718258015563,3392.545261247691,healthy,0,0,0,0,0.3647961445102764,-0.07180758173284157,0.9925206304164506,1.0534667219953397,-0.5052432505530118,0.8135432072699835,-0.314795223677748,-0.24179690150071506,1.0,200.0
191,cruise,3923.7880999929257,44.66564508757692,66.1296535006458,90.26634290472877,213.1003550592499,734.2634806127203,21.899124762498207,0.3052791856945518,15.078425862609592,41.8323535282139,3641.4527176155757,healthy,0,0,0,0,-0.1875491404606323,0.7777564447289091,0.21492135127623443,-0.27004437418645616,0.017577519740659305,-0.2823805040238793,-0.2968767828716174,-0.5371572646235508,1.0,200.0
192,cruise,3922.583537224391,45.06934396879814,67.31425944292286,90.2883453752814,214.28363579919818,732.3407247433173,21.871366723661602,0.31097974124334693,15.142087062710436,42.96866465233478,3426.3417746741598,healthy,0,0,0,0,-0.8464130977980093,0.024635234230044167,-0.6873828421796588,-1.183561438094495,-0.1354530596345365,0.3106813752973633,-0.23952060485234114,-0.4991085966359245,1.0,200.0
193,cruise,3941.5013223510837,45.484000722653064,66.04620165056882,91.75322559949099,212.76965863965168,731.4624809119653,22.280982036577715,0.3111395584300038,14.960799610957073,43.41330482966897,3419.0853918920884,healthy,0,0,0,0,0.3301600852250905,0.1821381760788733,-0.23396074089144206,0.3497445760516425,0.5744562467810841,0.05853558613728414,-0.10694305544070731,0.2579703556724835,1.0,200.0
194,cruise,3888.412032431644,46.02055090554084,67.00194668698715,90.56565837124622,213.10453535240103,733.611628096915,21.874533171142275,0.32246124351549094,15.338471624722873,42.955216445622426,3483.9192954157784,healthy,0,0,0,0,0.23211692495010064,0.3751933821340439,0.04706615045956765,-0.5990375951483732,-0.042760537772342504,0.25937688523318697,0.1465661012528199,-0.9826962028786714,1.0,200.0
195,cruise,3934.1108627408403,41.94272315325823,66.8796921098194,91.58609378940598,213.25389991465698,729.5419654204484,21.816946076234714,0.31857677281398494,15.093507570233403,41.924679408320316,3468.33609747,healthy,0,0,0,0,-0.22595947097817412,0.30673519126784404,-0.24659043354120083,0.7801117812140385,-0.11290705999552318,0.3659326363344898,0.47975496698351133,-0.04627881863641184,1.0,200.0
196,cruise,3947.159017529484,48.24517037433863,66.92829203474044,89.95844331609052,213.3767217705978,730.7493531244967,21.64249119834912,0.3135924614591988,15.51269902136081,42.92697919746054,3553.0871252118,healthy,0,0,0,0,0.2193854771813136,0.07671931379076843,-0.6608559265396802,0.3758818206549407,0.28309889948142347,0.3490455451915182,-0.8926215273187486,-0.0018900954973194008,1.0,200.0
197,cruise,3927.4886835324537,45.92162226892701,66.61215621044869,91.01419212142336,213.47575051905818,729.0762466360068,22.035068457374688,0.3022996998031088,14.94887153677762,41.75514369357228,3548.0666631990402,healthy,0,0,0,0,0.34247626026416106,-0.040881202022885435,-0.2607422964298702,-0.11740444052860213,-0.047221591457377296,0.22252546079805785,0.32964488567403105,-0.588188900625074,1.0,200.0
198,cruise,3925.328229786742,46.60747194689025,66.73244450800543,90.56809288512969,214.69540113318337,731.0342437278584,22.008212650319873,0.31279841812342773,15.623900676018017,42.881749798928034,3495.676320034741,healthy,0,0,0,0,0.5339243974478379,0.598851267786935,0.024106967138811938,-0.2217348389956786,0.521507631061852,-0.5465559253187757,-0.023500855204495574,0.5767195164263381,1.0,200.0
199,cruise,3928.6897553755243,45.86385473873627,66.04236002183285,91.57590809184566,214.5371919255949,730.1738533009553,22.15515026201025,0.31309656020579935,15.35056146778145,40.340017048776474,3505.139161742709,healthy,0,0,0,0,-0.7248657880378543,0.3423418922643257,-0.8296501890630673,-0.07523374621120171,0.9271808873830572,0.4270769452139401,-0.5366952495279879,-0.6176847399174241,1.0,200.0
200,cruise,3932.2112574369467,45.09634021267293,66.6145214980833,90.28219027257816,212.51574845075584,731.8249747509421,22.110128725930156,0.31075172022146946,15.137998776877494,42.870062071357566,3398.602645762643,healthy,0,0,0,0,-0.34811833326411257,-0.13894467603170857,0.13144917839047246,-0.3710361605698306,-0.14867376516807734,0.8533536354386244,-0.9184863706492028,0.3767063583581633,1.0,200.0
201,cruise,3925.275808221993,44.75873972824677,65.67527028275741,91.63669587446641,213.46024897075603,728.9078981449238,22.05466367084911,0.2958222382488195,15.219959499921531,42.35530500060554,3574.9527328255626,healthy,0,0,0,0,1.330709091564916,0.005350649739250008,0.04021665674288732,0.8155454474848404,0.07366206974694853,0.011972665800835322,-0.3226933366974854,-1.4748817001878118,1.0,200.0
202,cruise,3940.3787413487007,45.66145103991973,67.12126844752339,90.2081144217557,212.10281939116075,728.6739861739287,21.834127860501113,0.3152199214990254,15.299035237969147,40.109260475746005,3642.939980725967,healthy,0,0,0,0,0.010224248562025865,-0.9964006693872021,-0.5882854830892421,0.18097053890325795,-0.741139673027069,-0.24236365293198342,-0.4238060873792292,-0.23282529199077145,1.0,200.0
203,cruise,3892.7722091501905,45.773327437107554,65.93705452318767,90.56587854978243,213.604454610808,737.0598285222692,22.14236716207185,0.32154093253192995,15.44748944691857,43.6051487691372,3612.0225346858,healthy,0,0,0,0,-0.23093729188004583,-0.6958070273410397,0.4676346628846552,-0.25278971536798833,0.31172946593752815,-1.648464717687853,-0.3631829408613267,0.7921981647642362,1.0,200.0
204,cruise,3873.887899499156,47.779746266077,66.50824917720342,89.8676505209314,213.87595149211077,738.8607638562011,21.98511194954093,0.3144086126865327,15.35594829996561,41.58355897038794,3492.0581959538017,healthy,0,0,0,0,-0.0980743854820952,0.33858144234214166,0.9622000626649402,0.16776417756180087,0.5431869765744821,0.6849103883577989,-0.8992212495006005,0.1175480744956976,1.0,200.0
205,cruise,3899.0486522156452,46.16133824781004,66.08285593850445,90.54057138988195,215.07242775930993,736.8362881311028,22.08999524639712,0.30801091328666635,15.351319035826796,43.9878129278464,3436.1833251601474,healthy,0,0,0,0,-0.773729409858682,0.5585992232093259,-1.516061579676607,-0.30328133800153456,-0.7765751292862443,-0.8733300943978223,0.2393587836564171,-0.47564546073755204,1.0,200.0
206,cruise,3882.8872496230106,45.202245416508575,66.51236761383748,90.43720821867176,214.29834134367516,732.5668797673815,21.849014492370618,0.3157951718494598,15.522945493482588,43.409417459375526,3599.319586453662,healthy,0,0,0,0,-0.04126143962530088,0.10302209530497944,0.2057193072537824,-0.1937140817823405,-0.3496158675688757,0.9391507627041809,-0.020475720546983503,-0.04272638649872128,1.0,200.0
207,cruise,3886.120463341938,49.442352977125495,66.98227103580831,89.89567058722469,212.32921273271387,726.0918261146339,21.98415491989838,0.2999774728807087,15.43913368822002,41.99365742345138,3487.9712789880123,healthy,0,0,0,0,-0.28349780505420674,0.6287850657445334,-0.4048039141197066,-0.9083280482716793,0.16511495282669555,0.7168822892731249,0.49854158166088997,0.12786641419229808,1.0,200.0
208,cruise,3937.1698552648304,42.91037044261365,66.16011860374438,89.45370414956793,214.94597192197315,734.90165067458,21.970396178092017,0.3153887285271733,15.328409432505934,42.883781433062204,3431.796247427408,healthy,0,0,0,0,0.0386812254332192,0.2332870374212369,0.9448053357238186,-0.05241660419647137,-0.5086845807455042,-0.33873922356688657,0.1950031845942735,0.07378955511780175,1.0,200.0
209,cruise,3886.8436907081423,42.788804403433694,66.74976981760781,91.0991462462642,212.01884819662763,732.0120719311558,22.422581914244763,0.30651706887706526,15.482232385504107,42.26621845392623,3392.284506710688,healthy,0,0,0,0,0.10876354078127064,-0.17828289314074341,0.5290003052519937,0.36240445621913414,-0.3445130232588897,-0.6877132346962721,0.3585954074018184,-0.5905275737301442,1.0,200.0
210,cruise,3925.2374237631666,46.17842685946635,66.33501526198425,90.85838462778482,213.38732508950704,730.8940410084474,21.565870222879827,0.31045114983639444,15.587214258896324,41.134043505517376,3548.1679724627465,healthy,0,0,0,0,-0.3119664683765466,-0.1135100263769388,0.67497546418155,-0.22092432393577885,0.43587482934665794,-0.453725748063676,-0.8835898304631975,-0.9220273817032862,1.0,200.0
211,cruise,3915.812537865007,45.04447618425945,66.62630903254683,90.14349897057352,213.53132786686166,733.7108541035655,22.248595979243582,0.32565866925623943,15.24059073125851,41.596714139677275,3353.720163014094,healthy,0,0,0,0,0.45308966241900783,0.09520761819087811,-0.6435155455929854,0.44687588665319483,-0.02463720222978099,-0.2178925867915122,-0.2866131816287587,0.35665510511614096,1.0,200.0
212,cruise,3896.4427949950464,41.92003077879102,66.41466493252574,90.49722589897307,212.31763440246596,733.8284988184259,21.558668653753447,0.3159607271362993,15.213452992800507,43.321532956907724,3608.04491516059,healthy,0,0,0,0,-0.25229382512000464,-1.0494512955454471,-0.2682167511080061,-0.04837754339611021,-0.09845702879096066,-0.060636348970260504,-0.5045643029876543,0.7847974454082512,1.0,200.0
213,cruise,3929.160811313231,44.84476343248507,66.15726627199568,90.12617977345644,213.50430810070313,736.8317703406226,22.120529646680865,0.3116358741435262,15.350076254900147,42.91297808069031,3573.848825009342,healthy,0,0,0,0,-0.4517775763214787,0.5029410231053717,-0.6662320191486517,-0.4249683553223619,0.5896617706749238,0.14241265434846911,0.49805670326113877,-0.6471898508271366,1.0,200.0
214,cruise,3879.6929954694006,44.047911213879125,66.69948604553885,90.47845728704705,211.8639458290776,738.4109597914297,21.75310560433379,0.3131958654595002,15.241029334869415,42.351875119939926,3543.2123870968107,healthy,0,0,0,0,0.06531634253174348,-0.25870726273236966,0.6354934443168071,-0.3226344951073804,1.1169964054887225,-0.8998976212610207,-0.09957730206204035,0.0849598764663968,1.0,200.0
215,cruise,3899.555595374834,47.73147995609062,66.4966592876987,90.71132769410393,214.77689024689568,733.1356617766694,21.86225407452318,0.304553829779342,15.419644770243854,42.524311369583636,3402.1950570825047,healthy,0,0,0,0,-0.7130509132422383,-0.4068396457629557,-0.3527805648183605,-0.21653941736322982,-0.3388078230180734,-0.08115445519721351,0.5324888416011645,0.13286512722583552,1.0,200.0
216,cruise,3922.9332705536817,44.2267192143802,66.34251836801721,90.77317147509677,212.94161594496447,730.253428303958,22.339170093238295,0.3157787571457442,15.391843905429516,41.73724984754059,3306.1605385366524,healthy,0,0,0,0,-0.7961149121748158,0.037174842998662305,-0.8314278470094092,-0.45190685681093296,0.5449924631879814,0.4016911662552215,-0.30940176037290495,-0.04658843656712883,1.0,200.0
217,cruise,3921.6520837075514,47.57045205297524,66.23998694251202,90.26071595668509,213.64222219026865,732.727200470805,21.851800251198572,0.31287208333268307,15.281137267677199,41.46542205033187,3208.720972528377,healthy,0,0,0,0,0.44857266134018836,0.6362333598784581,-0.3464300608426277,1.0401230160832597,0.207817781867522,0.047005021720671,-0.30903666699321053,0.8419450908496265,1.0,200.0
218,cruise,3922.582686295065,46.38878615566106,66.3505333958005,90.4354194546624,213.39417489075993,728.1729828470452,21.938721334752902,0.31693781600275794,15.418053798989346,42.88343412205653,3607.7817713414906,healthy,0,0,0,0,-0.09501625081977845,-0.047948346092162655,0.15107867542069833,-0.6180519836765376,0.2678740504798092,0.2860783224453459,1.1512245972204909,1.1124665002891991,1.0,200.0
219,cruise,3930.822638425407,45.05656093115093,66.04000344262923,90.87097221153469,214.80172480426475,731.0461798048102,21.82032552991109,0.30531108538280016,15.42521123433522,42.26597050745692,3683.9882134305794,healthy,0,0,0,0,-0.46358045815866866,0.022472625089977608,-0.1319670647295338,-1.0056150786237719,-0.4527299949256056,0.5986097158175683,0.3021344676060951,0.20376735022788334,1.0,200.0
220,cruise,3898.6624839589017,45.51156641241699,66.52814005986178,90.16570621025667,212.70549463176062,728.961085401899,22.276332034691958,0.30371468904391064,15.314145777259453,43.03620245702475,3581.631111667858,healthy,0,0,0,0,0.08584722951842905,0.2980077299827557,0.4981259203095631,0.055524308532431024,-0.18090155741133163,0.30701593524034254,0.046943411828886394,0.18406858714547275,1.0,200.0
221,cruise,3899.9852563911695,46.326540234508464,65.5438032834502,90.22796781158026,214.29768177839728,734.9612563163137,22.098930745160356,0.30291934493481404,15.155645599338927,43.45317894443417,3459.668714626045,healthy,0,0,0,0,0.3588009578686107,1.1847873192574907,-0.3068209984810811,0.14880054945897753,-0.016354110736674924,-0.3450868429620428,0.33172622963506343,-0.2417698830431212,1.0,200.0
222,cruise,3918.8371761374096,40.85314572798409,66.76152462172114,90.61041220601311,214.87454051006412,735.9684056509874,21.904018371127275,0.30994619686220015,15.434105191064404,41.79252539779397,3476.812696946034,healthy,0,0,0,0,-0.5774880551485067,-0.0556677475175571,0.5904068798094818,0.27074433389535335,0.6064856880977971,-1.0222601386927321,-0.15292335214898797,-0.7772671586290028,1.0,200.0
223,cruise,3940.266054101207,46.12335957037943,66.36638477851658,90.8581594300111,212.59653404110406,731.3885412243646,22.140359347623335,0.30787584636597565,15.276277832916897,42.26987551128151,3467.204658348028,healthy,0,0,0,0,-0.1351786548116403,-0.43155847662174995,0.07048950761307253,0.06255332678564682,-0.043247277448587494,0.1018954506426845,0.6823892924429507,0.10451712579864908,1.0,200.0
224,cruise,3923.4576541518286,44.710983533639016,66.68585257143828,90.30693223011063,213.23125145008467,733.6107850173101,21.932419880380362,0.3221772473414385,15.33727703596107,42.90351695147122,3656.944446066095,healthy,0,0,0,0,-0.21408309654834407,-0.554980630328187,0.7672844236993022,-0.5082063162186645,0.14024072160205353,-0.2569847681064458,0.10188572560827196,0.16688611894827574,1.0,200.0
225,cruise,3943.848361333931,49.065061488016916,66.64331740924146,91.03922056004656,214.83341711122742,733.3164252918567,21.986941231737486,0.31397317621388804,15.389972323423219,41.797560463140066,3475.9616307811334,healthy,0,0,0,0,-0.4033935031375902,-0.40292764718803004,-0.5021644775081544,0.2473607004314521,0.4810532145243335,0.17567032993702494,-0.3099480517257079,0.4572902027400709,1.0,200.0
226,cruise,3919.855508382958,44.08668484171637,66.57478196564703,90.51926361125706,213.63259631849994,734.5250750199242,21.860196057573138,0.33181174937176305,15.17569460245418,41.91843472880129,3561.010701668616,healthy,0,0,0,0,0.38270007994699295,-0.01349993012950335,1.077436831964541,-0.0049079782189231135,0.38885046011310526,-0.30729203516055487,0.021636380672461077,0.1706884237808605,1.0,200.0
227,cruise,3951.769698170958,47.75435059525114,65.9514906002071,90.1576565626722,214.3346121525639,732.0275581173325,22.16307069153368,0.31026443432199036,15.132928882711774,42.86819854649851,3571.798224175171,healthy,0,0,0,0,0.17893793529974686,0.7743735620006048,-0.4406788009986307,0.29468567437788745,0.972652068755785,-0.6456033247496602,0.028113631922845828,-0.3075756806810672,1.0,200.0
228,cruise,3924.53738023353,40.439373506429135,66.68027966209212,90.61795132520243,213.39514789222085,735.4019965540955,21.846995873376645,0.31328116698774305,15.270777367896152,42.00925806826629,3536.6200946706963,healthy,0,0,0,0,0.18987788304382555,-0.31221140295762456,0.017738925707403506,0.23444114353934595,-1.0953839519238056,-0.13993688806763377,-0.8066365308725706,0.14289799702051242,1.0,200.0
229,cruise,3946.587118233777,47.09847278520927,66.30671878513375,89.68728790443787,212.72628715700725,730.5682006546308,21.723551729864475,0.30734211574219483,15.412527674494884,41.80785100838344,3433.161931643161,healthy,0,0,0,0,0.5356783810059702,0.513251141122149,-0.15563167042284154,-0.35247501444713514,0.9143176675284533,0.6663731787704787,-1.189035095944996,0.013309229183538064,1.0,200.0
230,cruise,3875.418660907267,46.021428263087245,65.80436121402444,89.45976265608019,214.0712812850308,735.2966850691238,21.90121582532342,0.3020829735977299,15.174956387060407,41.80494614974512,3361.644293568542,healthy,0,0,0,0,0.7663229108173186,-0.2517296349238159,0.17528955869643453,-0.5568252986100483,-0.02271485676682882,-0.07131481094168603,0.11796764980271017,-0.3094405014055246,1.0,200.0
231,cruise,3907.953453393446,44.975189773469225,65.62740484035955,90.76471715862104,212.6009217282993,735.8122758104581,21.841269544249265,0.3103943276717872,15.251851747474928,43.18934037202736,3509.256550839825,healthy,0,0,0,0,-0.58025372341597,1.0636827905003485,-0.0003330869207929973,0.5252261535184658,0.04555719840606585,-0.3249550594958942,-0.2343340286085569,-0.8123697239362654,1.0,200.0
232,cruise,3913.442112306906,45.22744413426802,66.22122617434873,89.49550807699438,212.12348007471863,732.0443455084315,22.050944375551275,0.31261713938064195,15.393795520042437,42.458559208498805,3591.885171586863,healthy,0,0,0,0,0.3106753913793148,-1.360578354290119,-0.01371604455679487,-0.06897367046770146,-0.5689654460707981,0.10193784145387871,0.008453307466691384,-0.4703497673836569,1.0,200.0
233,cruise,3904.3596768016373,44.94810157399599,66.33269226077707,90.0801338309337,212.7837406604032,733.5035286265445,22.058817724059498,0.31810395612094383,15.330753669345917,42.790789022201366,3349.571478290157,healthy,0,0,0,0,0.6802505433678719,0.1360344437488089,1.3365653298199442,-0.10889139669722507,-0.17125487142168466,-0.358081064558908,0.5544238072806855,0.02787853175306334,1.0,200.0
234,cruise,3926.514548060313,46.31522917440724,66.29294112614457,91.16050443419434,213.89666284270524,732.4228339601109,21.738285312253396,0.299826540613965,15.600219137178518,41.09819607701109,3431.1867021097796,healthy,0,0,0,0,0.15845681182925497,-0.6189221546008944,0.5078059042641114,0.7155790191592363,-0.6298844903443924,0.23196373215522945,0.16852518253441573,0.36477995365748883,1.0,200.0
235,cruise,3907.3307444126403,45.200725625980056,66.09944694302797,90.76031851941157,213.9299613857111,733.9393299475429,21.577421908870665,0.31227048262571666,15.487770308953626,43.507147143578464,3476.484888793224,healthy,0,0,0,0,-0.24497437339644862,-0.40154902024160033,-0.1469862399110404,-0.6348959880496625,-0.6697201318080442,0.16496972237940308,-0.1945809989869309,-0.451687001146431,1.0,200.0
236,cruise,3924.539693418513,41.89374733840501,66.04531180062779,90.05132196001702,212.21296692908166,734.1736440156225,21.858630137413858,0.3105753133018972,15.16394052497838,40.410380720095226,3629.8758194424377,healthy,0,0,0,0,0.3381694948200975,-0.3211595088925768,0.6185183567129279,0.5770860312625404,0.23060462295260967,0.9008760046113443,0.7131899636050719,0.1281120067977702,1.0,200.0
237,cruise,3931.982974228331,45.097601041680036,66.90382585039927,90.55230782365754,211.4286940505655,732.9258901214484,21.7769192083681,0.31225260458449566,15.420460744076237,39.869377509448874,3529.4907185264333,healthy,0,0,0,0,0.2187023224994023,-1.4232603011846299,-0.4405941331114673,-0.26917524043014485,-0.3070620078326318,0.25023316582609684,-0.2208198987810726,0.17207985615196503,1.0,200.0
238,cruise,3893.25285159183,49.938666230492466,66.40478560147567,89.7009646440049,214.02032868141384,731.4724168325615,21.831248839393844,0.3042301646162069,15.329905510943785,43.594752079052036,3435.3346637389823,healthy,0,0,0,0,-0.0756196183012702,0.5539629530456939,0.13320545609067247,0.6003619894905716,0.18592716004645587,0.4609213585230432,-0.5507530799716949,-0.18919793389548692,1.0,200.0
239,cruise,3921.8942293947093,45.562915164957296,65.87454706512601,89.87778789240933,215.42497914159648,734.6194887016212,21.943601458530964,0.3141616639321742,15.069552163624557,41.852766946242305,3535.3392334103723,healthy,0,0,0,0,0.2835600386904952,-0.11675647711890345,-0.195786049633975,0.19892349650260477,-0.5782243957880884,-0.5272422099918316,-0.9125610875568083,0.4073206172435696,1.0,200.0
240,cruise,3875.077192719719,46.0507986481781,66.87852411616302,90.46061122291238,213.4788760336313,733.5314159711379,21.9587293100547,0.318776448721157,15.01023169374123,42.497352128546346,3449.225304457123,healthy,0,0,0,0,-0.7741856254729058,0.6321453595448745,0.4543446759531016,-0.3771042919497474,-0.07838419615347884,0.19481475984252875,0.18135389617670392,0.2529543434079042,1.0,200.0
241,cruise,3908.0493920158156,44.593113740265444,66.92691086783589,90.91377181171066,215.05834579160756,739.2927733164662,21.545764828312368,0.30774875081826425,15.26909543555561,43.28536111476269,3513.315920846992,healthy,0,0,0,0,0.5255494624708626,-0.6685930303337766,0.3867250967391341,-0.5298727513163871,-0.6392168232638276,-0.5855575828503532,-0.5619964122647996,-0.15155679577131465,1.0,200.0
242,cruise,3926.433196555691,45.81733168756415,66.31583435798058,90.54106436825431,213.54335366635578,728.9134492168893,21.96629204263518,0.30568431293281106,15.1732834572103,44.2554839373503,3624.6902928271134,healthy,0,0,0,0,-0.4789946100351288,0.860059302140474,-0.24256529578969468,-0.03593736626026914,0.6199034945228291,-0.7299531223495299,-0.5396606462426394,0.14368724057538418,1.0,200.0
243,cruise,3889.0504401511776,45.825113871163914,65.38052734615795,90.51072552059132,215.3669502660926,737.9835220886524,21.940053951629324,0.3084947524244076,15.481923229009512,39.30578312186398,3520.8841085350005,healthy,0,0,0,0,-1.1399234574062416,-0.32476147537948824,-1.0980964373383304,-0.1593142895372044,-0.03087094501298337,0.08255946464019752,-0.21122276997279563,-0.5034032912737048,1.0,200.0
244,cruise,3927.99966265407,44.94681891632767,66.67670833346574,90.1710954826925,211.92052605398015,733.4019567963636,21.83641603089019,0.30646774137454574,15.29513711775169,42.75843206997386,3469.9704737006523,healthy,0,0,0,0,0.2547343952455445,-1.5504652365556866,-1.0054004238560006,0.07595222910252747,0.5829853548112958,-0.12489305715455327,-0.5556290551049633,0.3241910473765106,1.0,200.0
245,cruise,3912.0717043961818,47.195749553115526,66.66183062147827,90.60601302637276,213.80835814137845,734.5603599311647,21.838882841692925,0.31722965505340894,15.110874987851176,44.23494659009983,3453.837004194121,healthy,0,0,0,0,0.7082391015586778,1.099973962686271,0.12454958027224992,0.16863431840633347,0.27594130967693964,0.10412806060068919,-0.7017082145882501,0.3072215747473343,1.0,200.0
246,cruise,3912.5194551907334,43.62306684107203,66.3978733006328,91.038912770139,211.78894912623744,730.299751940702,21.86057364941075,0.3149945610914123,15.272283479855625,41.12222067440407,3382.785451057912,healthy,0,0,0,0,-0.1425773336473037,0.10747410330121746,0.12353101473792245,0.29203622931765,0.6631967268750003,-0.7469524795441558,0.48009094100616767,-0.2793756626611509,1.0,200.0
247,cruise,3924.615842302057,45.20883233883734,65.58683846914558,91.22355089493163,213.7233777812289,730.939198532513,21.89619138792991,0.3141721320536546,15.441649056245891,42.359462566535655,3462.266971396066,healthy,0,0,0,0,0.467995059486939,0.4611240427146046,0.36063942122128695,0.14290988579248098,0.051013774852302615,-0.7331374682068269,-0.09835505270286299,-1.445715163085074,1.0,200.0
248,cruise,3914.7081096194156,46.47933025982489,66.67413142045119,90.76696612746721,212.13119752329374,733.2338295758187,21.722472893441243,0.3181755494566749,15.124623493949096,43.24143048082619,3438.879221600604,healthy,0,0,0,0,0.42743941447046224,0.4653640001619313,-0.2795845832747901,-0.4428424064080344,-0.17995939367504735,-0.44048617760203396,-0.13994917739184728,0.273415522054851,1.0,200.0
249,cruise,3914.0896026787304,44.935214396556866,66.2884525058067,90.6344889942191,213.6836571243189,732.2379296275095,22.021018538345142,0.3105337587028422,15.52874138398377,42.04854334428453,3498.008068357638,healthy,0,0,0,0,0.06518447036900206,0.2150204195141878,0.7051248119867228,-0.032794103999059736,-0.575365345739615,-0.08404453088606782,0.7069494047919886,-0.23829820505787805,1.0,200.0
250,cruise,3952.409975518136,43.0214634540902,68.16119970388213,90.77440568753694,214.15937589049597,728.0057680971423,22.141503514927088,0.3139264334571483,15.331235381784708,42.472907290353504,3496.592534680785,healthy,0,0,0,0,0.5132113366858333,0.571354992186698,0.08347963611898104,-0.1494976210289238,-0.8050546809872031,-0.11024769682883201,-0.033433766374482594,0.2379233427584584,1.0,200.0
251,cruise,3916.957629031036,46.585751192375966,66.68011338377299,90.87651820566012,212.65958774326333,732.3860541038879,21.738185764228096,0.30543424348557063,15.320273438030073,42.060035395638394,3476.219349461241,healthy,0,0,0,0,0.35453890496177365,0.7517242106540525,0.20569083841842412,0.5920475331252136,0.8865408358512392,-0.5203756650611642,-0.8531830704169608,-0.08303013954165345,1.0,200.0
252,cruise,3903.6928020577657,43.50490083918336,66.52209574496788,90.27223625641527,213.24288097408785,732.4103998521707,21.72424985240945,0.30667198447132815,15.215782531812629,41.91081043507726,3454.0428305867877,healthy,0,0,0,0,-0.43845110471831417,0.3187773959060298,-1.2085621835099276,-0.23662588658949507,0.11413342864350623,0.5114573990965177,0.4313651576517714,-0.29165610344974213,1.0,200.0
253,cruise,3901.585284485862,44.57460643173394,65.54561589753779,90.3398349312808,212.7168560489462,730.7715405276576,21.972401062825337,0.3136970674296079,15.231916696208366,42.518894694341974,3417.073678424538,healthy,0,0,0,0,0.7846417646125812,-0.08090900956490986,0.845008773931935,-0.5224726293361817,-0.1398395297272992,0.13265708199258577,0.07815764263464103,-0.6058063716547509,1.0,200.0
254,cruise,3911.7227911200225,43.81292757686415,65.81453637534764,90.1632350964411,212.47460730185995,735.2378287647713,21.761625827393896,0.30447244575730154,15.40215196341824,43.52516082727238,3533.0580925482177,healthy,0,0,0,0,0.3080831485219326,-0.6606142377976236,0.5988372490876867,-0.7945088117881599,-0.020535128781179638,-0.917181022300606,0.3054645236182443,-0.061756461404676936,1.0,200.0
255,cruise,3939.1676492833512,45.2477659271585,66.01109813767968,90.18402242497267,213.10888580797962,735.8134642929223,21.97208550459632,0.30786757013503147,15.521538968602568,43.67616009097301,3434.0483394766334,healthy,0,0,0,0,0.09550208465124571,-0.5540656859049375,-0.6614065966961158,-0.5624065469518211,0.568311913903181,0.4465928911085573,0.4797858065943796,-0.08888347310152996,1.0,200.0
256,cruise,3890.047274335945,44.61045080881467,66.49250084834105,91.69111980264842,212.88058917036932,729.701861511278,22.036802668616254,0.313418778314125,15.223378936117612,43.32487082923113,3531.3575943865176,healthy,0,0,0,0,-0.6588038430210801,-0.7813287057702274,-0.14192453580437114,-0.35816839094358,1.0868138340286408,-0.6432642897741804,-0.3737035497083248,-0.5037526747386621,1.0,200.0
257,cruise,3928.840059738212,44.520043021081875,66.03764827880202,91.03226471423186,211.6105759334284,731.2400871491498,21.837737077291923,0.31771858046463225,15.461964242153472,42.79773909260266,3515.32953602654,healthy,0,0,0,0,0.0396680975938719,-0.6703591520864826,-0.2271380726628069,-0.5610545224940824,-0.1709366838117157,0.4415876661418304,0.7172690713662108,-0.20563186707551784,1.0,200.0
258,cruise,3917.781106122713,46.831180609868795,67.76287381748362,90.15045825745054,212.01182970501864,730.4766909011902,21.780009314959095,0.3021699827948529,15.163829661456148,43.645380997827786,3426.4644215303374,healthy,0,0,0,0,0.4684990270280187,-0.7656437860121783,-0.25425301411327356,-0.3011111658324928,-0.3921594690862775,0.13770532209304592,-0.9454424868920882,-0.7045900424890716,1.0,200.0
259,cruise,3897.9675243276547,48.99444055807399,66.43238822512424,90.58669214839932,215.02838395391768,732.6840585500584,21.91470891208179,0.31414158863469444,15.45676140372766,42.68360194936183,3464.894503748333,healthy,0,0,0,0,-0.2873925016203386,-0.5240793103885962,0.5371843442998077,-0.09651588066082802,0.10058711898462902,-0.17181446938973327,-1.1624429409857016,0.2696513793367128,1.0,200.0
260,cruise,3893.0015316436666,44.75419432720267,66.08347716871711,90.74579560244486,212.80979181301555,735.2353988226041,21.72717453973185,0.3203487673557825,15.52431850186386,43.03416470980622,3520.5724684276506,healthy,0,0,0,0,-0.9795328648976406,-0.7256154009913865,-0.47226773535633787,-0.9766963807659257,0.39030958706366714,-0.2844441030534791,-0.673761800421381,0.14399250903223923,1.0,200.0
261,cruise,3915.4411251245438,46.51453310343694,66.23949594744134,90.50732702134195,211.9720249967151,733.4753143843158,22.009875572267266,0.3155728456695271,15.23136209304322,42.06107632230323,3438.8816376210643,healthy,0,0,0,0,1.0288296381122801,0.19760420761689454,0.7521749208873975,0.33285724131614075,0.21047521472279504,0.36300846957219013,0.0791578817717996,0.33638775626537565,1.0,200.0
262,cruise,3932.8198716066977,44.758395774256414,66.668418062618,89.98304944450838,213.6897080644832,731.6494911064154,21.86549922577945,0.306066316587517,14.94873046501903,43.95535633356412,3464.0309132668885,healthy,0,0,0,0,-1.0974338033602338,-0.15583947641915624,0.08734433812012686,-0.1483212723743351,0.5417797854931302,-0.3819199871568975,0.3584726250973575,-0.20325443818556982,1.0,200.0
263,cruise,3960.7455548539197,45.66710724730569,66.15504979092759,91.42921926628783,213.50456529505828,730.6236350379319,22.113222868266295,0.31038966502371873,15.20499040258755,41.65915431076042,3681.0030375943256,healthy,0,0,0,0,0.31578864199994544,0.5479551913255059,0.7439774251289547,-0.3011746666420277,-0.5903943636735791,0.5055306512131525,0.9766144642236562,0.6345093585027244,1.0,200.0
264,cruise,3898.488184790066,47.724725445141154,66.08256682364363,89.8482473178354,212.12151682078306,736.7192632660143,22.27194528338643,0.3117649410660495,15.534004041480792,43.2573193937746,3527.6148265519078,healthy,0,0,0,0,-0.015283007739556837,-0.1445900312176885,-1.3428215781935673,-0.3682539007607367,-0.6576417133272274,-0.4334430086666665,-0.11363925521009614,0.37282051752820605,1.0,200.0
265,cruise,3925.0589099971353,45.56980923329479,66.75290334760624,91.08230630955082,211.7778092427222,736.0630402289321,21.981352293746518,0.30611259598231566,15.737133230549592,42.42575540886716,3435.4067805525165,healthy,0,0,0,0,-0.2473616708415084,-0.4993626574079905,0.5520121402776755,-0.7024667388400406,0.2566496614474331,-0.02745030126596154,0.7012975527352812,-0.7314168106817159,1.0,200.0
266,cruise,3901.1041438546604,43.8381280528312,67.33007790782997,90.59372425466138,212.22899203695727,733.6265855060659,22.3380780778158,0.31880005162967545,15.321887284659159,43.754870917091814,3471.2915394153492,healthy,0,0,0,0,0.07325299861737371,-0.21917461033208285,0.32269354323199606,-1.421408096972193,-0.1994031783020296,0.6957963936615424,0.684554508140289,0.2553448283635663,1.0,200.0
267,cruise,3931.4266544656875,44.00936953066542,65.67986700816513,90.07321899791697,214.74947948719714,728.5154394102815,22.459571838341397,0.30385088708790275,15.672324268310126,42.38957764412253,3494.8670111242923,healthy,0,0,0,0,0.22802159978971778,-0.7332490151984579,0.45286545773013237,0.03195591051180396,-0.19456570490072791,-0.05619242003151334,0.11368369946585302,-0.4822153974439999,1.0,200.0
268,cruise,3946.8542379773503,44.23572990511836,66.61784361498647,90.46439961212532,214.86709862682156,735.1027088620983,21.884347198851806,0.3129960865775025,15.146998771655078,43.45801902237979,3384.2875723500997,healthy,0,0,0,0,0.7217112026828576,-0.5615337179901906,0.7798210648668505,-0.5065240125094884,-0.20580427165918294,-0.22202081918023955,0.19017422388831626,-1.1103732887848932,1.0,200.0
269,cruise,3919.0455454520848,45.4426143126257,66.27533196269911,89.45100260118609,213.91523616995212,732.5857786289932,22.08937593570292,0.30575131128904337,15.509277133362922,41.25084942985041,3437.596380433593,healthy,0,0,0,0,0.00664569483280157,1.0486906216720042,0.2847484250699971,-0.10076697753376007,0.11348053660745631,0.30122172582121337,0.05520885579422524,0.2571727289077552,1.0,200.0
270,cruise,3938.986767380802,47.185245659422854,67.19635686527525,90.726285622519,213.8356498965985,729.2220642563997,22.00384128039207,0.317682032988706,15.34802889204541,42.66125376638075,3494.020370446589,healthy,0,0,0,0,1.1775141816805037,-0.04787898968251337,0.8474643099883924,0.5663508146658381,-0.5428142922771063,-0.22185859469054925,-0.6488107821309911,0.23338611674701884,1.0,200.0
271,cruise,3919.325112823822,42.75162907303683,67.22643971159896,90.9983808447968,215.54982594288464,736.386425942827,21.76095326818416,0.30551977691807997,15.3156399479761,42.649772441881964,3714.7601692183785,healthy,0,0,0,0,0.058986047712540485,-0.4335204330771899,0.9956856049407876,0.09378035264281093,0.14112515146882185,-0.18299940247852675,0.22240669072958316,-0.2854143545948639,1.0,200.0
272,cruise,3943.470619965175,43.394644416530724,67.0113102902909,90.2432655082359,213.47117447348202,733.7701004197792,21.895527522449623,0.315094094072325,15.256309166708835,41.75462003965024,3760.763458814109,healthy,0,0,0,0,-0.18324770778670443,-0.9232067220122633,0.32709115942724254,-0.445063269340386,-0.6438756678920081,-0.4642848842257934,0.5059822501890299,-0.6349329789055214,1.0,200.0
273,cruise,3936.6851793101405,43.620140332088596,66.56249029032367,90.74001683765871,213.7068690774215,728.1188192916371,21.806016559478152,0.311261947656057,15.337882554235177,40.45387975092983,3684.2711634142092,healthy,0,0,0,0,-0.8280546891019916,0.21426725266907368,0.03873564445683134,0.3696579482571533,0.19066159318785963,0.6056962808388305,-0.5145941662227168,0.1584343820083024,1.0,200.0
274,cruise,3942.1658039756903,41.97041191178225,67.3775851953614,89.06196551602825,212.01016447282868,731.3898187820387,22.044479466190896,0.3194675500600267,15.387073408532865,45.14736190663932,3418.6200707791113,healthy,0,0,0,0,0.302747956254596,-0.8760329612288795,-0.04898403101691468,0.14280599535084496,-0.18853951151435935,1.283004708623364,-0.40933050145889543,0.5441562325613826,1.0,200.0
275,cruise,3926.2734455298246,48.12106812221766,65.99201983654682,90.24246475599297,212.9184261676591,731.7096095953806,21.941230217902408,0.30631622437097644,15.2079536572266,42.69392031571295,3410.6419297395105,healthy,0,0,0,0,0.09014820181660105,-0.19836766540267803,-1.0617114843350992,0.2103293653842608,-0.0432609180551246,0.012481257422487254,0.10406840224318491,1.0088426130401877,1.0,200.0
276,cruise,3898.721340254822,45.3964654677125,66.57926678234429,89.75886112677568,215.19664812374592,730.5526367513714,21.857226888728814,0.3212029331592999,15.406369136193593,41.413423368723144,3385.8874260011225,healthy,0,0,0,0,-0.26721751822899886,0.30166280052376937,0.7914086619583006,-0.30805793970046613,1.0096464421475366,-0.26828943346711104,0.4595235450544901,-0.5888431704639062,1.0,200.0
277,cruise,3934.669774200622,49.27078139468834,66.75344216466434,91.11647764295256,214.05605401966469,734.0327082951284,21.516803144623967,0.3159100943627824,15.402836107378652,41.307658826380234,3569.166519487378,healthy,0,0,0,0,-0.37034091471657027,0.44437905875600375,0.11039738054373772,0.5550087019156997,0.15467752889547381,-0.5615910294275823,-0.3513009913887025,-0.6548103078653499,1.0,200.0
278,cruise,3931.7414016826137,42.62055540487869,66.92744284761017,90.67788999319932,213.45994466495708,735.2984970401965,21.732171491969314,0.31387940291020816,15.6366828370583,40.291411351804356,3506.123057460624,healthy,0,0,0,0,-0.1624674427138014,-0.29424125234851095,0.4581345707061872,0.2952657627922743,0.20512964175467416,0.40213009943135086,0.3247942327776938,-0.20686126707558708,1.0,200.0
279,cruise,3889.9947653352415,48.05758738175904,65.71838850954568,90.53295953375427,213.17657816506966,731.0480625522877,22.145901389660235,0.3007954064749855,15.073045660635966,42.75733685966271,3399.4050329634224,healthy,0,0,0,0,1.0057729296196307,-1.193390535032188,0.5111685999937445,-0.21757605124482604,-0.6177809289235132,-0.30868617787228814,-0.6505913779510463,-0.6688021800609558,1.0,200.0
280,cruise,3939.506512781191,44.06592569091276,65.79714036376838,90.44776486202846,213.97112394453302,738.2422906402696,21.893253487640006,0.29950372190693003,15.285410776807131,41.0419319944174,3312.6257122514494,healthy,0,0,0,0,0.527092356512059,-0.37992222161559447,-0.9544829964701314,-0.06548009039507174,0.7218552505368421,-0.3772453049271253,-0.16120928686440555,0.017285047831549945,1.0,200.0
281,cruise,3905.293942464971,44.654483384891925,65.90676902132083,90.41556904932291,212.04258062727504,732.9473927026712,21.80041501691451,0.3062842714078363,15.477441599875077,42.672178363073655,3454.1677310304035,healthy,0,0,0,0,0.31819559824113386,0.0754478267550119,-0.016656376944974606,-0.2571739441819661,0.527975901097026,-0.30336218252591696,0.04736579162130108,0.16510582395004042,1.0,200.0
282,cruise,3946.2219523401586,43.49129384105762,65.91793718011414,91.03233956774396,211.8932204652984,737.5985102978854,21.84430562511731,0.30994829431420295,15.336447849778661,42.43997471544415,3532.73085618272,healthy,0,0,0,0,0.7063974311668206,0.7558280473167903,0.060173052514990125,-0.5072891411724846,-0.30302686689074454,-0.02861282552105497,0.4348315424456616,-0.41964550201311934,1.0,200.0
283,cruise,3911.460446929639,43.56949503626537,66.64880572511669,89.93625039792336,215.57601105823727,733.5851527081436,21.771424502753984,0.309206858374549,15.471969853714743,42.054294697283744,3573.9650049099782,healthy,0,0,0,0,0.436117570106208,-0.5817551746909497,-0.3542507974647057,0.035248598098382516,-0.5918831963044113,0.0866239032911018,-0.20890729150409854,-0.46989832237388063,1.0,200.0
284,cruise,3925.75426012595,42.821731932783585,66.80824409929949,91.1206539572079,212.23240099742114,735.2623397163471,21.821544594916272,0.31019238221620976,15.47743318783342,42.37646677148652,3583.097159904655,healthy,0,0,0,0,0.057791438566935915,0.12246284362052552,-0.02951422088368562,-0.5903302139430606,-0.3046306683419669,0.10901815944257442,-0.2657509307147041,0.5097197888772583,1.0,200.0
285,cruise,3917.7864375040817,45.90188867048164,66.45969665365178,90.98105541778305,214.20537386001104,736.5181024222326,22.354382993933562,0.3000881674662487,15.441045190470492,41.76591742726918,3424.1302762662995,healthy,0,0,0,0,0.30063926758014975,0.8448716990364737,0.11685698142921624,-0.5520266355863915,0.5389177922921335,0.07456629990059478,0.6321188995160143,-1.1581053750263424,1.0,200.0
286,cruise,3946.823544705481,42.84082069018705,65.87024846695047,91.17975467949229,213.32390248617367,730.4160296318273,22.191863819332763,0.3076367385694511,15.457744081573676,41.49224910083636,3523.454049335097,healthy,0,0,0,0,-0.7077465988130643,-0.8855628647518562,-0.22056501881063803,0.8272905188507047,-0.9268350725192094,1.1113960794584086,0.18652089270216843,-0.2283174233017398,1.0,200.0
287,cruise,3968.977818924352,44.985619024594946,66.24601516135795,90.35254007979822,214.51440291375306,735.4967035504884,22.02717608893588,0.31066802676576627,15.272636398027428,41.78604376169229,3339.0798547843538,healthy,0,0,0,0,-0.14537402491368948,0.0401805227943828,-0.5308423481724539,-0.11467110202072196,-0.7716344647196498,-0.18904867215276547,-0.19343315413724438,0.40668587068712353,1.0,200.0
288,cruise,3909.763692418362,45.450819666753894,67.08271000640049,91.21019363316083,213.5671372108366,729.680365248663,21.952006894003414,0.3072597520705712,15.275465541070588,40.98145755725074,3338.50753337665,healthy,0,0,0,0,0.1499054866452375,0.47134357977671976,0.23624767943587283,-0.5248008728453724,0.924625356052145,-0.056826671339538545,-0.5407293886836656,0.11751758399507291,1.0,200.0
289,cruise,3898.6833147602156,46.80244412605291,66.41374236016296,91.16177363631938,212.73453384043611,732.0387084352317,22.496627377839644,0.312233448597681,15.29788768093638,42.073063211939655,3579.9938197602296,healthy,0,0,0,0,0.27918668451496426,0.4726330914700749,0.9684688663803744,0.11496623738642614,0.23276957630307213,-0.523194285148328,0.38471662176662236,-0.6695180189980654,1.0,200.0
290,cruise,3936.1023323461786,45.670006200039786,66.62884227977692,90.83106069600308,213.87366733399725,732.5161939540058,22.05737634705724,0.31326553938959595,15.39248295743922,41.28137077654215,3368.455873712963,healthy,0,0,0,0,0.45943405309031327,-0.09217202885391684,-0.07937968012840492,-0.09810301682393772,0.40096514200277733,0.2024688511523422,0.005866776625008971,0.12249935985856808,1.0,200.0
291,cruise,3909.9944684414827,46.11187442216587,66.63605558088932,91.23502392833193,211.14285392607553,734.7184255489252,22.068398329042367,0.3104221893294517,15.370674049432532,42.724220359329195,3479.310854149552,healthy,0,0,0,0,0.09346981103072773,0.16789319403787958,-0.3877072213529449,0.8353381523905825,-0.8053778552441299,0.417637045550271,-0.15032283046869804,1.2218391944236482,1.0,200.0
292,cruise,3939.0399278582577,46.49804587637334,67.20693848341982,90.29652109464513,211.45250626120946,726.9516550275067,21.967948049335302,0.3176764504590268,15.297952418899605,40.905602000952676,3487.4402786802393,healthy,0,0,0,0,0.40079423163893274,0.1498243510069023,0.9717173434311243,-0.40843977994525515,-0.4312711587767024,0.23107518783194395,-0.22556363904010446,0.2602742398636688,1.0,200.0
293,cruise,3939.2400605596163,45.434721024721256,66.44457903341878,90.5174133456765,210.07195533938724,732.701221228965,22.140218162044917,0.31829146353647253,15.434109998538545,41.81278984713222,3479.048772545881,healthy,0,0,0,0,-0.0769133229734487,-0.9338433053066645,0.3186617819290763,0.7354916112734722,0.18790645756448454,0.07746352714586116,0.08272994072554929,0.46050765319535697,1.0,200.0
294,cruise,3912.0647209672547,46.195918592389226,66.64439136571166,91.36986182863205,214.39843708588722,732.0853153021083,22.09719332376478,0.3182507550205969,15.131653627189062,43.15412345057033,3598.6061488340692,healthy,0,0,0,0,-0.17044751133815764,-0.7195759333876502,0.29795000567196434,0.46762563256734313,-0.0047415256616854294,0.2367034265927245,-0.39441802510658436,0.2855443036576582,1.0,200.0
295,cruise,3890.4535114936803,43.509782372350735,66.06357305168116,91.77173630898659,213.6263521358129,727.279998940688,22.269997390587186,0.3010982892220422,15.200936125948072,43.46394011123776,3513.6473223996622,healthy,0,0,0,0,0.0004062876677460039,0.3347949393040924,0.5649223684568278,0.18029323021502242,-0.07980774792167362,0.18547193372054943,-0.9121733712873429,0.14389256037392958,1.0,200.0
296,cruise,3920.3292677530776,43.91828188583285,65.76943614966954,89.57332121190754,214.04515457937754,726.9568619144211,21.824091224040586,0.31455904323360917,15.411014768716228,40.806918922559554,3488.6571265687403,healthy,0,0,0,0,0.07701982020705317,-0.30513242857661543,0.550285905735008,0.18088858440162645,-0.1584402436330829,0.05033524537031256,-0.4538068661306774,-0.5153417390739973,1.0,200.0
297,cruise,3917.572891898767,49.264244369519396,66.44246311372927,91.12352814299025,213.07205464549116,731.319807269016,22.249682175950703,0.31503325792859027,15.323865100820376,43.786786151212475,3463.0169918429233,healthy,0,0,0,0,0.1985369699949412,-0.583299038897479,-0.32242460268622375,0.046303566877328076,0.11616193030612766,-0.4450432595397282,-0.010695019667589307,0.14091350318152662,1.0,200.0
298,cruise,3904.0239293150594,45.44575432648758,66.4038450872042,89.80643252913386,213.06473898657487,727.6411405912668,21.763257968858042,0.3126215526798575,15.070931388260894,42.71893507529055,3427.72059517722,healthy,0,0,0,0,-0.3522793231526231,-0.20033844618831606,-0.3658931542191387,-0.18865914575704223,0.6893474334656025,0.5487897240363828,-1.0164512448932037,0.19049078634037736,1.0,200.0
299,cruise,3901.7657575221824,44.04822140590678,66.5481354683955,90.68747698172488,213.70024073311092,733.0546586203992,22.14732056297473,0.32121606551047405,15.32787146447681,44.86004898097039,3479.8508104494063,healthy,0,0,0,0,-0.10955452330282653,0.1822131206496906,-0.41179308690029526,-0.5694603504672705,-0.7224448226888343,-1.4945037760600373,-0.49268165627566934,-0.8579836048499272,1.0,200.0
300,cruise,3934.66930795281,48.22898255738259,67.13308116375559,90.20856321935386,213.0559552479843,728.9097254761832,21.667630519288206,0.30650199098215714,15.50965395056573,42.092813106881664,3627.423331570876,healthy,0,0,0,0,0.04540220406049033,0.03529075642841067,-0.3655741458683528,0.742156159327124,-0.08118393965514764,-1.5010098986314353,-0.11560578127787853,0.3340828534323142,1.0,200.0
301,cruise,3900.2455597844505,45.155537534211156,66.85276380592555,90.6847155052854,214.84053069785472,730.8281407612014,21.9712044296668,0.3156281619481667,15.494790109562357,43.45986358236779,3490.261892498019,healthy,0,0,0,0,0.8850992281198499,-0.33502707608256604,-1.004951403208963,-1.349977033490271,0.712497364352752,-0.5166894912595494,-0.40674636605096876,1.1031399789147405,1.0,200.0
302,cruise,3903.45138670874,44.176240701672704,67.47509862690833,90.38235889121702,214.43934170723995,730.3208158622564,22.005388762538505,0.3195788305829248,15.611371165460575,42.94019486153419,3538.5608106378554,healthy,0,0,0,0,0.2590747900524352,0.23028646276964465,0.4460970205913432,-0.7155396890054718,0.7966941214897589,0.2309104271049644,0.5547828195200478,-0.022741597405952257,1.0,200.0
303,cruise,3915.704220479704,42.5712396581966,66.9587952064239,90.79774615189888,212.1665917800087,732.8605965956334,21.7899308434171,0.31187209666081406,15.54042481383245,41.067453245403144,3422.582138833025,healthy,0,0,0,0,0.5006619402228302,-0.04595178436688771,-0.03282477721538698,0.5176432761484474,-0.09244415281766476,-0.9696661198106488,-0.6663983627633728,-0.37337479510930927,1.0,200.0
304,cruise,3887.3412737885574,47.028206487345116,66.29057494738595,90.95114889522998,212.94752191643877,733.3891544331101,21.641303656458728,0.31156354666713,15.307669047204465,42.736397037396834,3468.9202493635416,healthy,0,0,0,0,0.13792005505835833,0.984557154525442,-0.46975087054776543,-0.16692233350616972,-0.4478896688461073,0.14101183616492624,-0.6716458011923592,0.15053541649466576,1.0,200.0
305,cruise,3917.899550843506,43.29662094081891,66.11408007809496,90.35240859147903,214.18617706637264,725.8575014170932,21.943493513126747,0.3006071925743301,15.26168739680039,43.32482749575129,3569.0484576352287,healthy,0,0,0,0,0.4315098819554932,0.397749413446227,0.9333425623036629,-0.20071171957464315,0.41429183571440886,-0.23287397012914066,0.45195076794167854,0.546511069967739,1.0,200.0
306,cruise,3904.19532138915,44.39115759520062,65.59252751066363,90.96244011846198,212.25246240309477,725.8276257774246,21.748563295701512,0.3075597346954591,15.291324350068958,43.06285993563724,3441.6600675573773,healthy,0,0,0,0,-0.5235733199735572,-0.23838054074004347,0.29847334948220183,-0.2527946480723377,0.6776679698083335,0.1522545032330822,0.6509836894414129,0.5047014206166488,1.0,200.0
307,cruise,3935.9203527155437,46.75742273112657,67.19953320836603,90.38875670495212,213.02253859015977,734.5085426843575,21.937396154780526,0.31277830001142076,15.23813583556995,43.031804370888324,3418.872077145522,healthy,0,0,0,0,-0.2700892162718948,-0.0746281857767892,-0.20281336048514628,1.0391013509761728,0.495818642494219,0.7570422416892196,-0.6155134406023748,-1.0523534537658232,1.0,200.0
308,cruise,3918.527092410415,45.836489903756934,66.92564533101658,90.97219375495987,214.22853061892158,729.0511373975378,22.067850854860968,0.31309063003822063,15.266097254933866,41.963647214236744,3524.9492900850128,healthy,0,0,0,0,-0.047885279364992185,-0.418250994627349,-0.01968235078135114,-0.4318051743560277,0.1654543012686674,0.6581500087750254,-0.6655452060724717,0.662367088783425,1.0,200.0
309,cruise,3909.412288926744,45.296369007557075,66.68212340885749,91.26777471718889,214.52948933324078,733.4696754923701,21.974799463068834,0.30492180162798915,15.359971295874647,41.99271298292328,3449.738821851441,healthy,0,0,0,0,0.13364422231041956,0.31949199205346535,0.047641602848625196,0.16578318281209112,0.6975540709248851,-0.49622484682163387,0.38494175147434634,1.1912452415191157,1.0,200.0
310,cruise,3909.646997165238,45.04124719211764,66.7552432026853,90.66035313112283,214.7324462170113,733.1952754160704,21.50326693791493,0.30522778725903393,15.284674885770029,42.45918178962821,3512.0584859029054,healthy,0,0,0,0,0.6408815991055845,-0.014976306185162849,0.5402027046606842,-0.3015104385965643,0.7041659246220654,0.4006818969851965,-0.2429939253502705,0.021777100628556936,1.0,200.0
311,cruise,3938.3343525734253,47.76107746350934,66.39450720348468,90.70116966267472,214.88468578416933,732.6987177667568,21.765269474791353,0.30994890409089043,15.450369577789436,43.88291762565126,3555.242835543558,healthy,0,0,0,0,-0.0644034909782402,0.21185052896184936,0.2903153854723444,0.6326384442637475,0.13425683468206223,-0.20061642184638712,-0.30145531543763904,0.37946333359984236,1.0,200.0
312,cruise,3918.50505818952,49.92977105084405,67.10432163874447,89.47966885059998,211.7332282256371,732.2986586126814,22.211352729991127,0.3150435080419132,15.401345202932033,43.227189955752564,3369.1573040716385,healthy,0,0,0,0,-0.9883532333766099,0.28599635664268314,0.13439124524814072,-0.3226871919465763,-0.8191341346214635,0.13921068470911419,0.17565101610999515,0.8970243646186253,1.0,200.0
313,cruise,3950.2808980991795,44.37170109693592,66.72653008358752,90.0981677938964,214.5059951708538,733.4240121251735,21.9018776000572,0.31662321100023755,15.204278247594475,43.524814607004565,3574.4999582121013,healthy,0,0,0,0,-0.09178821949750701,-0.8371840146994162,-0.02687103712317152,-0.25082316958337425,-0.20356184563866833,0.2721656138610544,-0.9450453512524492,-0.4395623824644629,1.0,200.0
314,cruise,3928.337091213402,46.607030936246126,67.94730681925688,90.18770813378131,213.0093710467913,728.6659973266677,21.77443032616359,0.31114952077366853,15.548996972155471,41.89037187286049,3410.1156079938523,healthy,0,0,0,0,0.4823716721417037,-0.11274065323693422,-0.3853912365460855,0.42859519782442485,0.22569397278804362,1.0471114112893047,0.2801391879621365,0.4801354346310052,1.0,200.0
315,cruise,3918.030578060461,49.326823365948925,67.17073117396747,90.47090631237168,213.37781540248173,732.5351824224041,22.01204982675834,0.31986948215582434,15.240443888692699,43.22130687892591,3515.339511861767,healthy,0,0,0,0,0.1926287654622917,0.06907614307001024,-0.15507734412938068,-0.3296926758644875,0.09525929280644174,-0.032670752783835695,0.04685522991575761,0.8503914782453236,1.0,200.0
316,cruise,3910.918540713165,47.627336865142155,66.06280995320125,89.72128834871664,213.76960961371142,733.4223928857539,21.74152864774908,0.3091285436832652,15.504718252640542,44.37369735729041,3428.5322790895084,healthy,0,0,0,0,0.867165249484516,0.16079830217567023,0.7165528796023264,0.12772364996328908,-0.4631144414922842,0.18268491147023094,0.0984395879361346,-0.5526802562539294,1.0,200.0
317,cruise,3953.537480351937,44.095559503683916,66.28046635535563,89.78066243360021,214.13173874329675,734.5286645279914,21.93433971666232,0.3094606149426658,15.19158262275483,44.40803634529396,3319.774201302361,healthy,0,0,0,0,0.3765068201718405,-0.31588290064967345,0.8073562340047776,-0.011266548293783492,-0.17004548052506477,-0.19398081235963283,-0.7042882362882026,-0.6639668396994842,1.0,200.0
318,cruise,3909.7781274990457,44.60786150109279,65.82474279751897,90.51503790673426,213.14653893354057,734.1850588029495,21.80949718140396,0.3135718284770883,15.391175172424788,43.37479318742431,3534.256024648448,healthy,0,0,0,0,0.09252485006016598,-0.18281116722883511,-0.5801157333914884,-0.13131999794808183,0.35103023707132835,0.46622284413068193,-0.07860338025335767,-0.2971397305795925,1.0,200.0
319,cruise,3912.9904713090123,44.27328567024021,66.20685060305517,90.6859972412425,214.1470086678227,731.5988629306871,22.04066981530187,0.3070382295738412,15.292705346994161,44.22265462701195,3537.3870553170977,healthy,0,0,0,0,-0.4886295798377121,-0.12610171936099623,-0.7944630146878559,-0.6444724574484388,-0.4316834473477001,-1.0981945910274713,-0.8712557864522207,0.880585672210511,1.0,200.0
320,cruise,3898.1688932981388,43.64233593593115,66.56017674824102,91.15301963781867,212.37775942633456,732.7415274185013,22.020630130385257,0.3109842335733951,15.450189563153389,42.72585918835017,3494.563159234877,healthy,0,0,0,0,0.5618583840805481,-0.3048796026922963,0.11970726564020279,0.1709697297905229,0.21698323029326622,-0.1599591966814588,-0.34795163879964575,-0.11050747750468118,1.0,200.0
321,cruise,3913.580005313513,44.22141244990337,66.39286851150831,91.420955936828,213.11716122600708,732.7708249243273,21.867277396060313,0.3001528970398003,15.220241552859665,42.35030748020215,3411.1053468572272,healthy,0,0,0,0,-0.31611597206872577,0.7909472950332724,1.2782338582194628,-0.03180031359109122,-0.3250867219124234,0.2947462825332345,0.051312719051064735,0.12457457592667938,1.0,200.0
322,cruise,3940.5065529815147,45.99297371312137,66.70751190297386,90.87825718056388,213.50204639924667,730.0048777309067,22.271389553359697,0.31177469388269463,15.474530554698696,41.77473161863842,3482.8714700405135,healthy,0,0,0,0,0.6936295065252448,-0.5111548088289749,0.25789453459897355,1.0118872745150864,-0.035110564086481354,0.4760214926143924,1.0043247577078127,-0.08454024515720773,1.0,200.0
323,cruise,3927.392641304921,44.295164744931085,66.58547471095036,90.3406628959603,214.3829239383798,732.5627039615335,22.006831245046936,0.3176092415240833,15.291083036946576,40.932968941781716,3553.0847808731414,healthy,0,0,0,0,-0.018365709466329285,-0.061652767302749475,0.8444157582487103,-0.6614623295104458,-0.056197624533334066,0.4999072796811727,-0.2762571558671646,-0.9544321780660416,1.0,200.0
324,cruise,3937.6757525274074,47.22162248054141,66.50573153600868,90.9763345964764,210.0490624744611,732.8344576569089,22.0276957813596,0.30664861910453295,15.425924580094602,43.99683044272425,3502.3672396756792,healthy,0,0,0,0,-0.7309253887074912,-1.2517731949580602,0.2524060215630033,-0.7604817721751169,-0.08502241743456289,0.12652784201050502,0.6099153335089172,1.0865303013381977,1.0,200.0
325,cruise,3932.2905773768257,45.71573368238628,66.56065296688556,90.08229403189578,210.68139898357256,730.9967876829668,22.04117800320031,0.3141827906068609,15.060162353435706,42.64937924823653,3326.9574423003723,healthy,0,0,0,0,0.2093359341824147,0.2321267480711004,0.18273405745275714,-0.6115928891334454,-0.072129671805283,0.10377698846217057,0.2875061584637649,-1.281582528317205,1.0,200.0
326,cruise,3936.0872836208314,44.67497138952841,66.32826293853024,90.68959271720348,215.19260828563407,732.5492800663912,22.103580381130687,0.3171057094313254,15.343862896472535,43.97772002949299,3459.032521300558,healthy,0,0,0,0,0.13412207248910843,-0.35135264018836426,-0.32728197496705386,-0.20579880182677307,0.4789007079475023,1.060427396715961,-0.6312489094036903,-0.11520226368082549,1.0,200.0
327,cruise,3908.337189702474,47.24140259565468,65.49996446313918,91.63528763857853,216.18868658502836,735.6559412011603,21.75840436874257,0.3104558246566821,15.279771513162661,42.97611518608756,3538.636515478933,healthy,0,0,0,0,1.0053634195462908,0.5624361138698765,-0.23986737290931123,-0.5795966020323219,-0.1684577238426931,0.90301290665125,-0.19585492406520072,0.11278245349362447,1.0,200.0
328,cruise,3942.0442861400056,46.107166406681614,65.63206602092735,91.44544644016011,212.66708737723405,730.4348202550543,21.993916342133918,0.31440161304336783,15.448941982335857,42.425514446113255,3569.6661495309645,healthy,0,0,0,0,0.13096708535463825,0.06384983349011385,-0.4651057987956777,-0.6832799112404188,-0.17181888941909493,0.3684417898188752,-0.14514447372666248,-0.40511290831497987,1.0,200.0
329,cruise,3911.521037226402,45.99895800681224,67.12897758556603,90.37987083949561,214.7634515110124,739.2263127228922,22.094550300576795,0.302882415953552,15.346813489707547,42.27760421381639,3643.869603604218,healthy,0,0,0,0,0.7277389441391614,-0.27834806545009777,-0.7852029904651192,-0.04903882668919216,0.24221507034733697,-0.3565662353893347,0.2085855785154051,-0.09101984768890062,1.0,200.0
330,cruise,3897.117185398828,47.54929966430965,66.65870430986011,91.14352030353623,212.89649715432665,732.6353780217265,22.069434685777665,0.3081164461021584,15.304001103791368,40.606030426019345,3497.6554447096996,healthy,0,0,0,0,0.40456860072745265,0.8479996418317077,0.16356748654016895,0.6240826323340127,0.19450387478089692,0.8585092268852632,0.8162857541115476,-0.31182432516041975,1.0,200.0
331,cruise,3924.0832664320405,46.61575365229077,66.78260081690819,90.32855186853908,213.93557947609642,734.0381930470679,21.804173544757894,0.32169791989520913,15.370704045812323,42.39220436274825,3617.496482638789,healthy,0,0,0,0,-0.24948447570346385,-0.31788118714960883,-0.6873668199557736,-0.46342914805148966,0.5573630152877754,0.3537587348750998,0.38029208904075407,0.04165454017085298,1.0,200.0
332,cruise,3915.6045467364115,45.25142582156461,66.40389065343649,90.19223847462224,213.93382532191444,735.1566159091174,21.773799281820796,0.30616405539032543,15.46379788454623,39.85618125774804,3506.703072761335,healthy,0,0,0,0,-0.5803639925529771,-0.16945424957153477,-0.6610475768684503,-0.2972424398436085,0.6972118197679004,-0.17713945984253598,-0.10582666542306868,0.05878002169459808,1.0,200.0
333,cruise,3902.1932829242933,47.34433244097619,66.67073763176583,89.59569966022228,214.08098870573664,733.1571508750355,21.48254864428271,0.31113210177641487,15.128203212245717,42.81351039287156,3619.1443566631665,healthy,0,0,0,0,-0.6509059115172692,-0.1789260235617047,0.8644283599242454,0.17335907473838927,-0.2727750261532464,0.2519967972369626,-0.6308440312939637,-0.6903978928672947,1.0,200.0
334,cruise,3905.251503774879,46.08785835965001,66.45234559436243,90.8834361787202,213.66374654285943,730.2852176577486,22.12022903816244,0.30234208045590827,15.196928707408448,42.53323734016239,3547.751942977265,healthy,0,0,0,0,0.14663079855269795,-0.5176673414769357,-0.13576514813965634,-0.5292364558375077,1.3730378762826307,-0.1980462978865944,0.38260477295516093,0.4162584421577695,1.0,200.0
335,cruise,3945.5513533508797,51.30384028098691,66.83422967055594,90.74486655135424,215.30518768494173,731.6485664448383,21.890723161550127,0.31591599701542294,15.240293024408038,43.295578899429124,3634.0712606986294,healthy,0,0,0,0,0.37241951005961726,0.7027257566019669,-0.015515228862595267,0.2600315848176864,0.4306975626190826,0.4361358564354715,-0.011904070016702876,0.18226948815327484,1.0,200.0
336,cruise,3910.746265829264,47.666599757334936,67.13005612820963,91.15199849115774,211.66354383782604,734.2035203997386,22.247402952646183,0.3106862900547415,15.157561010844114,44.85456073037804,3496.086692468259,healthy,0,0,0,0,0.08247671362677184,0.4779530127146749,-0.6485190214148985,0.16138218249689634,0.2662350185274192,-0.16472176802198993,-0.5009018020361109,0.4257769323768543,1.0,200.0
337,cruise,3949.5824811178036,47.775647997990134,66.86687403932142,91.04485536931656,213.14346455832398,733.5811088677614,21.942356745633855,0.3125055428877107,14.835659761333066,41.06456035311218,3503.2477637305938,healthy,0,0,0,0,0.3064896978461736,0.3147160428739675,-0.3295339153137902,0.1359287024431662,0.40149633800950113,0.3472522528160636,0.1257302931373758,-0.14822441468947725,1.0,200.0
338,cruise,3893.0719074088893,48.05120949849767,66.26202601914247,90.38158988054808,214.57138865505715,723.984660684914,22.020248517762877,0.31639387860731083,15.36288067871691,43.82761085959132,3465.799063503152,healthy,0,0,0,0,-0.4130397073532971,0.04601303140263051,0.5441587071659267,0.38145691374815444,0.3012314315318372,0.23842199863781502,-0.24028572942198845,0.4405867157016876,1.0,200.0
339,cruise,3862.504725860301,45.628901977753266,67.08922495992117,91.07916304671298,213.5920920521185,737.2472113636863,22.240077225205308,0.3175048357214904,15.323699461728939,42.98321106365961,3572.502309327835,healthy,0,0,0,0,0.4185623594605639,-0.24999525189955257,0.13563957338998037,-1.0113078272227352,-0.5633837666431057,0.9866380001270267,0.14712585185649468,-0.4740216583038085,1.0,200.0
340,cruise,3945.1089544129877,48.09501357830015,67.12549618366494,91.68974053362916,213.65084367493705,731.2613888859098,22.280501445501034,0.3097797705735522,15.466239630600253,45.23131590112014,3496.3491117133935,healthy,0,0,0,0,0.37704719030824757,-0.596605364614016,0.4994037817308815,-0.04919036610866371,0.08741580422296776,-0.4304934897344302,0.48190277568054346,0.12761585642131934,1.0,200.0
341,cruise,3914.6135657329282,45.51593681038001,66.36218708083842,91.94207233798201,211.29606569787066,730.2464031357479,21.78108377585301,0.3093058413196077,15.6454359774539,44.02488843696938,3394.05328689724,healthy,0,0,0,0,-0.4229019389782405,0.016242736833678332,0.08276197582748562,-0.07293057527294465,0.5951794599061332,-0.2171273717749825,-0.5402318226015075,-0.25018603210228063,1.0,200.0
342,cruise,3933.6665676697485,43.80687594886989,66.58643209123527,91.02477556359409,214.44871865657902,733.9164277073725,21.775774597889626,0.3149225669129671,15.313313861063945,43.363255366918835,3550.3236906608963,healthy,0,0,0,0,-0.05387572895309793,-0.23912690922182436,-0.11159000452950021,0.6407286288043272,-0.9338363298547039,-0.40155342590037024,0.9290264893864424,0.5540852851042108,1.0,200.0
343,cruise,3913.0074521715073,44.34124983842038,66.52734169028602,90.73438761381394,212.11069473292446,729.9056669715728,22.080562959278872,0.30761920766905343,15.192907908546244,42.427766642397394,3552.194168854768,healthy,0,0,0,0,0.2995167230117781,-0.10197935013447726,-0.23116925801919447,-0.07768380418267026,-0.08320667881750667,0.7733269853758823,0.48071957941221927,0.2359575939280665,1.0,200.0
344,cruise,3922.9564885143027,46.52512386390577,66.84496913910338,90.7945005330201,212.21380489869503,733.5980238313963,21.84481758828477,0.3141732408561477,15.32529846581367,43.43761498550853,3618.6409607213523,healthy,0,0,0,0,-0.6752028989051934,-0.16911838763183723,-0.22961039696932242,0.20715521770427398,0.25717738282471697,0.17861398831440875,0.30119680726841314,-0.5272091219221448,1.0,200.0
345,cruise,3898.276259204363,42.34698297392332,65.99712489954597,90.6113358820463,213.88296015450317,729.4706309615813,22.06886483038927,0.32924067144966135,15.20522217800781,42.85080384469662,3356.110698026854,healthy,0,0,0,0,-0.7093346545946149,0.18278946796443654,0.32558175806087847,0.375669355841985,0.4608763917427645,-0.11962876586833078,-0.23448502846479807,0.17333887223583042,1.0,200.0
346,cruise,3917.4422303024153,45.8859285981492,66.77372372190507,90.21596075086092,212.3871159076354,731.9192980792526,22.131135288800397,0.3147071505656416,15.574293233929076,41.856699031869965,3425.9734351063735,healthy,0,0,0,0,0.43142684065231174,0.20787861744034095,-1.01444310665186,0.6119177262609814,0.32338226146159754,-0.471899349691075,-0.37542794348783004,0.34888614538723717,1.0,200.0
347,cruise,3911.695265199802,44.01252258434595,67.19852930850433,91.50767692197391,213.52878073778743,732.1175268016109,21.89352892841543,0.31352016935027466,15.49460808658182,44.47257065271196,3511.898506021957,healthy,0,0,0,0,0.576860228169745,0.10511805243147111,0.4820354532555319,-0.6594045611291578,0.17681283240335416,-0.4348456936711316,0.6514958127615973,-0.5462946494746895,1.0,200.0
348,cruise,3909.585702209755,46.9056555203644,66.29433743689415,91.0188059628399,214.29835700279105,735.0217569124625,21.654031061695648,0.31027982198090637,15.096946977591179,41.35926904206104,3593.10358137432,healthy,0,0,0,0,-1.0951613663081339,0.034600319939718155,0.028012753097654542,-0.18147398631002062,-0.02094050735330561,0.16608835412508532,0.4056501030680002,-0.38581783059868163,1.0,200.0
349,cruise,3908.873858703624,43.976875333925996,66.7366548206125,90.64920010067489,214.32335699549736,734.1321779146514,22.06311141996311,0.3075406299548936,15.425645598149252,42.92221108620875,3643.8276483956693,healthy,0,0,0,0,0.21905206160606905,0.5880229481009804,0.5937421771783782,-0.08494763249465567,-0.08886655581227919,-0.36625449189618214,-0.5948881551365299,0.07977273484640926,1.0,200.0
350,cruise,3932.5826866897473,49.21382927979135,66.43424775925862,91.45387466186249,213.2441128529925,731.2619709353346,22.01441833749073,0.3171281110070479,15.359801892358133,43.14632244660969,3481.5594801174466,healthy,0,0,0,0,-0.11393817280934204,-0.43658570658037843,-0.11780033743448139,-0.5647508410645286,-0.5292746865389502,0.5984440963430763,0.4488368522579457,0.8891617782405805,1.0,200.0
351,cruise,3921.719084980809,47.00485901322242,65.4046782753795,91.0651409661224,213.51955984160634,725.8554747602817,22.087168038646396,0.30874692445997215,15.253599947537007,41.40112461340461,3439.8255375884,healthy,0,0,0,0,-0.6308188529656684,0.8125003022559921,-0.4113094350746549,0.03664792319992236,0.4012491883053628,0.3792054402607701,0.07748344855722171,0.8326764317500438,1.0,200.0
352,cruise,3925.623911257249,42.9315048368931,66.70412935733063,89.80753515357414,212.46776902732722,729.7853217898071,22.004216893669007,0.3125135645103994,15.259357090968832,41.22835512336856,3646.7694719990604,healthy,0,0,0,0,-0.2132484794498771,0.5875785781638249,-0.5498143476158183,-0.06331963820890564,-0.2929984807821635,-0.07177031404211119,0.4191606454925141,-0.11904990041490458,1.0,200.0
353,cruise,3921.893635691409,48.986741455408364,65.51573713762873,91.30328534084727,214.62690033352192,733.4346625010699,21.973833139856026,0.32071484485600504,15.378073347369112,43.518172492291974,3458.443547213557,healthy,0,0,0,0,-0.5032649622424051,0.36380252758531645,0.28402771807882826,-0.2598937883221877,-0.5989844757802377,-0.12979455110989985,0.024482396243909358,-0.10432233908982992,1.0,200.0
354,cruise,3887.750063720581,45.014717736520005,65.93763472798074,90.31564332370571,212.44083200997866,734.3903085921534,22.06181485457007,0.30895493414004466,15.464935055371315,42.21688426641162,3651.811831032524,healthy,0,0,0,0,-0.5444207905749456,-0.18979692177648996,0.25688856650743636,-0.8810106222877451,0.5109384634121084,-0.1794841160533337,0.7239943994296878,-1.017346066669979,1.0,200.0
355,cruise,3905.422459845094,44.01427053580109,66.81701972661418,89.77075285792986,212.43083305378872,729.0382830232637,22.148997312339002,0.3116818045161424,15.448201920385335,42.12053969880985,3506.9983157023576,healthy,0,0,0,0,-0.2776036057692331,0.07999049134260479,0.2016792174334914,-0.6450786286775165,0.3697214287851893,0.3319834309750637,0.4354850523312953,-0.99291231367065,1.0,200.0
356,cruise,3909.7890859300696,43.4216241225883,66.58674121037207,90.7352177217504,213.51523675581814,732.568666000102,21.925844845303814,0.30345589593103667,15.323470356842972,43.488700313321075,3537.975820434187,healthy,0,0,0,0,0.04741596174465145,-0.050156507674996686,-0.2752231159052352,-0.03300700392393422,-0.6543002972321834,-0.5670118523344861,0.7689884389928667,-0.794216857623876,1.0,200.0
357,cruise,3923.4235850210457,46.604752234552,66.46628984654167,90.37518394065464,213.78111330407148,731.3460904352783,21.833631214060542,0.31650450943771447,15.169797740491672,42.97884005029031,3589.175657099594,healthy,0,0,0,0,0.01694757297627283,0.20848979434028797,0.0462234499664946,0.4178868048659058,-0.053692194542075175,-0.6536754655990191,0.14881282773103766,0.7097287884962027,1.0,200.0
358,cruise,3932.4996849181944,48.478266488570036,66.39479853450237,90.11461839782095,214.51559905619328,736.5652029540548,22.451088676284506,0.31706889293316387,15.563805239064509,43.76060573066791,3590.1289521924136,healthy,0,0,0,0,-0.13278378685039466,-0.12496740220478623,1.2104607840010593,1.6588968122660122,-0.36869552090528485,-0.1612457436197189,-1.0366811483345326,-0.0491796092490392,1.0,200.0
359,cruise,3905.5890623383343,44.312368810177404,66.44139694773294,91.51143045585867,216.24784560395395,735.8498173471319,21.978924084417766,0.3107205077409817,15.270755549303757,40.30715226889635,3470.49476748978,healthy,0,0,0,0,-0.0489751759188741,0.02150001512739156,0.3223203647126011,-0.16367131352762657,0.1872370044048637,-0.004562421076064556,0.4702363016229393,-0.4282220568434124,1.0,200.0
360,cruise,3921.972175743839,43.47398107156459,66.47679362418944,90.59713538611646,213.4284182221475,733.4120097518012,22.240745108287538,0.30982108373683365,15.330448312838952,41.193105668311965,3469.490032860222,healthy,0,0,0,0,0.26972297078586865,0.15781470764571712,0.08597235309991884,0.4585122241533069,-0.3581795276892447,0.5590685006993291,-0.45865287811604116,0.6427677782656921,1.0,200.0
361,cruise,3882.6961943039596,43.18982257917513,67.14393042466546,90.52996768796052,212.75537835794583,726.2579166304006,22.138253310287443,0.31018724323959923,15.241745379298296,43.06534424984192,3391.388510533642,healthy,0,0,0,0,0.020186760771410604,-1.0198195929153773,0.6915513358563224,0.12084221756106742,-0.7477588815434906,0.7911045426830131,0.3722520602731822,0.9629685954590345,1.0,200.0
362,cruise,3928.763463079683,48.46203337796112,66.81950655955634,90.4104829934785,215.8541250696576,731.5023023798432,21.9982437615629,0.320617003040004,15.159215456294122,42.89955850318428,3662.280247788771,healthy,0,0,0,0,-0.8368776805067258,1.0967475951014956,0.410879577241249,-0.878462100065679,0.1696009495879655,-0.00045729450889294175,-0.575350514518776,0.3013860239006877,1.0,200.0
363,cruise,3911.7187623739205,48.81068119866254,66.39197481652583,90.32551268111301,214.01941813338505,730.8891868000824,22.13940668208574,0.3176019107482595,15.251687213717622,44.191235654520554,3601.6620747575485,healthy,0,0,0,0,-0.14043354979086503,0.7379407815102423,0.2935943383865527,0.8765575798174744,0.15083325049892896,-0.1737264837328436,-0.7088846561033219,-1.2781761869536064,1.0,200.0
364,cruise,3897.4163726231004,44.7722804750021,66.10424981088217,90.67456960305007,212.66614586493412,732.3095491535316,21.78159655745226,0.31249362194157454,15.16655746487737,40.49907857000687,3499.1920042341953,healthy,0,0,0,0,-0.09385162302106972,0.9573499064760559,0.8263616059072711,0.5597601005581001,-0.609188855898439,-0.3492915070982877,-0.18881402974555242,0.6393544930096164,1.0,200.0
365,cruise,3877.6253320490296,46.54463293012247,66.38518708229827,90.3686158349564,213.53521620805154,727.8222286912667,21.953820306660344,0.31637181498382067,15.404633459196438,41.86602238274517,3412.3660599182094,healthy,0,0,0,0,-0.863288383908661,-0.11855844977226203,0.9654671830827604,-0.10693971546194987,0.3173690938951762,-0.5684116646404304,-0.31130720061145745,0.2674638527187659,1.0,200.0
366,cruise,3931.4371819494304,45.46341185468961,66.10216779328259,92.50430799890613,214.96870134286496,735.6960853730391,22.12564440935432,0.3018349819090923,15.224336758085045,40.01574664544981,3509.023462120755,healthy,0,0,0,0,0.27757365862708855,0.11996558559578543,0.06046785284890053,0.1847699386840333,-0.5875757397807978,0.014745859752196023,0.5793744623995453,0.20146582647194305,1.0,200.0
367,cruise,3917.425756805158,45.34796215068221,65.84449911099843,89.92867705930827,215.6857820327682,736.8416956511094,22.09300069975153,0.3269018715160597,15.457247641278945,42.94744577954497,3605.9140142195774,healthy,0,0,0,0,-0.23754783979957111,-0.09450902015785792,0.47040973161372907,-0.030678407241315556,-0.35050144743693906,0.3553528278918778,-0.12572310157717376,0.7757944051065491,1.0,200.0
368,cruise,3876.4072833938144,47.39726801967553,66.10588628310227,90.6316479901219,214.91512612922054,731.4876274544956,21.442112791438646,0.32083160483978246,15.479550810784184,41.36360934316264,3441.1349151199256,healthy,0,0,0,0,-0.2165154170138453,-0.40457523502708914,0.2879587395492235,0.49691533176499364,-0.17667832513032014,-0.05850777029179931,0.21011078312990328,0.6479150587455471,1.0,200.0
369,cruise,3922.168860014791,46.35113475660158,66.75917456600905,90.27913811431516,213.66475510928902,731.3920953956011,22.15126238739613,0.3267525422361963,15.562088988944563,44.923828053268124,3385.7690749632643,healthy,0,0,0,0,-0.5237310107924492,0.1541015544457975,0.19692604988020423,-0.14098473250198248,0.5304440616762143,0.3455564975493774,-0.3018033460837463,0.13025363148564847,1.0,200.0
370,cruise,3920.6394291357183,46.12820268876365,66.98595159793747,90.13977775601995,216.05832123679028,730.9309559855076,21.99157570212393,0.3187023362533448,15.172856378428651,41.439919962628665,3658.817347974865,healthy,0,0,0,0,0.10163123986283754,0.08079185640011718,0.38252769154756944,-0.4334582795374049,-0.5073978966653332,0.1963926062738106,-0.46168318258927865,0.6466768879256988,1.0,200.0
371,cruise,3939.24521219263,44.884064884520875,66.37430837776684,90.16053897097304,212.1599631050021,732.1375387734216,21.825862247575575,0.31956491955681465,15.464217564563505,43.406804226989394,3689.5000984229578,healthy,0,0,0,0,0.14394726733943922,-0.5401866003816087,0.4415761410494163,-0.28525922911291457,0.14174738793822003,-0.17497656767626382,0.29754552277319,-0.2325752932714932,1.0,200.0
372,cruise,3907.7095820365985,47.10042347466245,65.99456211788785,90.57789511306927,213.04750383256402,733.9463782763189,21.90846341001412,0.3115659994983027,14.98556446985457,42.76159900200983,3299.7285748185595,healthy,0,0,0,0,0.18892732979784765,0.30619299876858724,0.5625543271068939,-0.8094699363110565,-0.6219035612541307,-0.16296023048243788,-0.2094481385257653,-0.3773692015678732,1.0,200.0
373,cruise,3954.595998728812,44.90521095041877,66.510196500539,91.12001890725398,212.8261168961648,736.7482140547448,21.933902132913502,0.30357253746317164,15.33774786017827,43.36483718702467,3213.020740786491,healthy,0,0,0,0,0.3280880391727987,0.20133464707957632,-0.38115892514835026,0.3244868297645798,-1.377909655171091,0.051848701119803366,0.881840176197475,0.3662008652625628,1.0,200.0
374,cruise,3888.2803592472887,45.56906773137641,66.84193978758888,91.27800592846968,213.86834167474572,732.2958160480933,22.150983245152158,0.31054628063291195,15.31269945318021,43.330291149416084,3545.005707459214,healthy,0,0,0,0,-0.14298242808043404,0.2854599540476624,0.11831856150572907,-0.02919043679731989,-1.0854930671505412,0.7367294948955929,-0.38056087913419046,0.18446307147003452,1.0,200.0
375,cruise,3934.5911211965113,45.908177742791565,67.0313236343112,90.97928699569417,213.0532501437076,732.1577695156101,22.14374931841846,0.30351625878330235,15.116318305237387,42.56772877655484,3601.3847075840986,healthy,0,0,0,0,-0.011738761742398641,-0.028664658383781808,-0.967449516505684,0.527742195412196,-0.22139291714942136,-1.1686827310695953,-0.14118888088759732,-0.06992211022672368,1.0,200.0
376,cruise,3917.531255415918,43.06691144473379,66.91761428260769,90.30709301858992,212.56772062121266,736.362619672852,21.74084893170062,0.30891606788862064,15.351069395817856,42.858856406104266,3509.4854957234515,healthy,0,0,0,0,-0.23312952926112515,0.28290702199188683,0.2657449273525044,-0.8601845608893419,0.37512473018374687,0.4645724802622644,-0.4779375755860215,0.5967854734673809,1.0,200.0
377,cruise,3913.7666917848724,44.8710328217184,65.93042616325702,91.71434498160481,212.455446295796,728.6364322554336,21.87640638129295,0.3142545069923492,15.462903987719711,43.08772345417437,3462.7555301138777,healthy,0,0,0,0,-0.007244994825543973,0.007613045321650944,0.2862557965132717,0.1565331830062437,-0.030615563668460362,0.2473210894915217,-0.45217277318106897,0.2608414589685029,1.0,200.0
378,cruise,3920.6166558126915,44.84401672791055,66.66535794505297,91.62794223872959,214.23099198859634,735.1420595378312,21.788418580538536,0.313425785390409,15.456193023979564,43.18799194134828,3400.1819971157224,healthy,0,0,0,0,0.2802403860959161,0.9324462459766009,0.2909495179297256,-0.24264401516873768,-0.28327462801528297,0.059069290905408404,-0.8096334177490085,-0.32113128782189365,1.0,200.0
379,cruise,3877.7697447578325,45.67162892823733,66.88085750666656,91.61919705098444,212.54946744248687,735.1632718446497,21.97581765882163,0.3026361484454365,15.667049996536672,40.85078139019275,3422.7277079581054,healthy,0,0,0,0,0.47949577542198885,-0.3818308530572876,-0.5604880932677986,-0.20275762799365993,0.6225424516145391,-0.3952553465346038,-0.27187343005088677,-0.03598339094698493,1.0,200.0
380,cruise,3914.174620738512,43.24558657368965,66.16102094949267,90.27843018503273,213.0792767230459,734.1149675463158,21.943810958217956,0.3035909068457716,15.38807858607784,43.01779063919844,3517.7787514736724,healthy,0,0,0,0,0.1657008039881723,0.2600107782197369,-0.1841123262880275,0.010149421604341579,0.03640375073737204,-0.5396828355799014,0.07720498678636137,0.7054624842819756,1.0,200.0
381,cruise,3933.14800181786,43.09611935335067,66.04813780016906,90.93416286649978,212.26793387924337,730.2916232013218,22.274000302675184,0.3054336904309015,15.23521748371427,42.478415180317434,3422.4420921068327,healthy,0,0,0,0,-0.6013555361345495,-0.07081741453180439,0.625638763940903,0.08621489169973166,-0.13379022680001365,0.6685687958880561,0.5891642488578617,0.3159829662468279,1.0,200.0
382,cruise,3903.3434421148218,48.716146961826865,66.79022214740006,90.98745465033936,214.3678000986636,734.0044814399009,22.1601383218533,0.31104152953803255,15.61494391055845,42.61793771520854,3581.1560451414134,healthy,0,0,0,0,-0.24466863934411215,-1.2416588309513243,0.35187853553848,1.0646239466221805,0.303265135777339,0.06571796217431485,-0.27824969895850227,0.022745338469575587,1.0,200.0
383,cruise,3890.1759158292907,47.78210996802799,66.68236080080273,90.91226172070488,213.0613417992007,733.9138939202624,22.094014076259917,0.31196269643759506,15.263388632365798,42.23902307917377,3402.670584152563,healthy,0,0,0,0,0.49217425704702683,-0.6548850040775464,-0.05102627959269172,0.07482915644412665,0.092203307834831,0.2704693906909637,-0.18158955072137475,0.28953267156720325,1.0,200.0
384,cruise,3913.4075210695237,47.2473014686449,65.80163959458345,90.90255495846603,211.91733032757796,737.365405000892,21.911038795021668,0.3039795362122923,15.396658284129948,42.71373111009056,3356.9520970489157,healthy,0,0,0,0,0.8714411458466323,0.8776417823800006,-0.20254005124485397,0.4894687789796761,-0.05364963454619296,-0.484370638411132,-0.9001917750595642,0.7189700735715685,1.0,200.0
385,cruise,3914.637865227124,49.118860328420666,66.64399468041363,90.89071570549532,214.92589848647924,731.6361562295598,22.317441090038354,0.3091650753421717,15.453303090827413,43.13485161965525,3676.0199807775653,healthy,0,0,0,0,0.3052644230024133,-0.8342267381418337,-0.7209216949184097,-0.17593509606797506,1.0388060408997917,0.03556457672137383,0.1391630094446444,-1.6023607807383462,1.0,200.0
386,cruise,3902.506192871857,46.30841323033981,65.94023937059202,90.37984320434154,213.4164430790023,734.1493088063846,22.408462578413737,0.3168369970393741,15.322131342455746,42.39488870561796,3532.952822638371,healthy,0,0,0,0,-0.0835472217056344,0.718240055690182,-0.6996408927268424,-1.0537899832239213,0.23789614170278908,0.19956506617107528,-0.0171993328512294,0.4640569517999337,1.0,200.0
387,cruise,3895.6975332200795,45.28706528538633,66.34561163842561,91.28569229915483,213.2658229024535,728.8192196821461,22.145551785141855,0.30702416720978365,15.516802972145749,43.3129697449174,3481.0598673993136,healthy,0,0,0,0,0.4195643434370326,0.38340807372883506,0.5998851840288291,-0.12639884614487093,0.7983469667974,-0.265477805446647,0.6953440372265369,-0.4355623393578753,1.0,200.0
388,cruise,3924.7197146653407,46.43357425210761,66.5277816911935,91.3879020505936,213.5079675051843,732.9093392002204,22.122002411405607,0.31420368603099463,15.292449764770778,41.16281418986057,3487.392355226441,healthy,0,0,0,0,0.43608850686994893,0.047142883163235866,-0.48377299953185116,0.5070649121465616,0.22027933227957228,-0.310885568389024,0.15825781868007055,-0.67177786799076,1.0,200.0
389,cruise,3893.644839153181,41.710648772340356,66.56130570388147,90.94307243886546,214.03681026692897,732.056861164056,21.710377361267728,0.3056430913102659,15.206127624778448,42.30617329677921,3399.902589744445,healthy,0,0,0,0,0.046940144456662655,0.478246549070407,-0.18389360573891153,0.2638310905381401,0.7167002115312846,0.002446819495120384,-0.5411706179975033,-0.19326739356838768,1.0,200.0
390,cruise,3942.0815404815744,43.27305646439863,64.97160474013523,90.59448049295413,212.511809871877,730.3651413302617,21.965724337844016,0.31707286463810563,15.423944219045074,43.458900665837064,3531.1504217324614,healthy,0,0,0,0,0.5717304253246612,-0.3573848557413614,-0.33741334302400516,-0.4845697319486926,-0.09501406913013537,0.20769216418163258,-0.2758520153832852,-1.090723091537525,1.0,200.0
391,cruise,3910.176820645882,46.98649688128359,66.79937610194968,90.80479235100258,214.9789772348203,731.1730081161636,21.965183669787706,0.3056892961800099,15.217803438239443,41.2070064689447,3514.0188633686153,healthy,0,0,0,0,-0.46842861986057177,0.4085608452178994,-0.07652630618290447,1.4347941797765988,-0.08409036767460792,0.09714538970168791,0.4029867625382597,-0.07256833880190003,1.0,200.0
392,cruise,3928.6538365852316,45.534453721554044,66.32431229176512,91.31037645064703,211.72401869770303,737.9026217942486,21.599548778243022,0.31238524984491384,15.44107668247529,42.014295620866676,3648.597547446848,healthy,0,0,0,0,-0.49572243962797163,-0.036809039232867956,0.22153612793176164,-0.2303586634603014,0.3975155068546065,-0.147056273231783,-0.4342921721029071,0.028587047131743325,1.0,200.0
393,cruise,3898.8796764353156,42.91395008507823,66.14716228934319,90.48481311430155,213.23417429392504,733.6351260761829,21.954476033928604,0.30865669157290154,15.604334666586706,43.62512718529832,3558.837634922684,healthy,0,0,0,0,-0.11002221743624442,-0.5558899994956723,-0.10925064527628596,-0.08820415632671763,-0.1592518736760888,0.8156630942396695,-0.39840608529892385,-0.028289764967461082,1.0,200.0
394,cruise,3925.6505995755206,46.78629649836029,66.61070535115705,90.98096348081548,212.95596340459502,732.5002932511962,21.77883986643102,0.31236647794076633,15.228675163501073,41.792568663485554,3349.0802218935933,healthy,0,0,0,0,-0.4862739089902125,0.6779153458893,0.031645892041335104,-0.5504800546556848,0.0818004458503083,-0.0916998796185282,0.7767188262365184,-0.22942217650563787,1.0,200.0
395,cruise,3886.8361568404434,47.46702605322726,66.28039782316154,90.12015180483772,214.71653915113836,728.8325529697282,21.97209687181855,0.3086227153505407,15.535441520464234,40.29141107368961,3454.9680083573935,healthy,0,0,0,0,-0.13794725431946378,-0.9345402354695875,-0.3299151007841818,-0.15764153640936748,-0.11958669373545122,-0.20399046225540057,0.39640940512687856,-0.16767919993892266,1.0,200.0
396,cruise,3907.2953460871904,46.80498187796936,65.71005989169564,90.78883174047127,213.95195270070207,730.6533810997302,21.651125883087527,0.3191002350991189,15.5590383479354,41.61359379128924,3585.808170504586,healthy,0,0,0,0,-0.1365399831186152,-0.42283054237989093,0.4030045329814418,0.4654917253663349,-0.21447094358890803,0.5876028234396076,-0.034258147088780805,0.3134478638860865,1.0,200.0
397,cruise,3913.706591478879,45.40862919636307,66.5947990811587,89.7965049885427,212.92167484932142,733.0832972296797,21.858824256487868,0.3064694688606711,15.178674287745208,41.93513818885253,3573.919294749575,healthy,0,0,0,0,-0.8025588373880059,-0.48881133986401665,-0.4618873048960656,0.12209083094567327,-0.09648680508601289,0.03678366700304901,0.8574809500797956,0.8452482001485571,1.0,200.0
398,cruise,3931.002968907149,43.797123795135924,66.10239680046182,89.87915378761302,213.5254420965513,732.8229701537973,21.727529861805916,0.3199308124104155,15.543607911162981,42.71560010594664,3478.9317289344704,healthy,0,0,0,0,0.5630070000712356,0.2694925498975683,0.1339259847620739,-0.39390898392336193,0.3405658454564152,-0.060715538210745774,0.43883492690891757,-0.8088168405136549,1.0,200.0
399,cruise,3893.9178772203672,45.68441263157772,66.04689986821356,91.81439116358416,213.17768283496994,736.533801927674,22.03056437631525,0.29873251730806105,15.296175006199942,43.654660196595856,3673.5148040481804,healthy,0,0,0,0,-1.143649920336084,0.1424470611820077,-0.463374211104387,-1.1998764180379071,0.6690220223913952,0.33175002238166984,-0.41821088993053873,-0.7614218846015338,1.0,200.0
400,cruise,3988.4891861796177,46.32307141289206,66.0128970013495,90.64029017119884,213.64376171725235,732.2202665306851,21.980402769210002,0.30775587006817107,15.375778228812038,43.38640112944791,3546.784152834404,healthy,0,0,0,0,-0.137900995211899,-0.3132492616714131,0.4083904212731524,0.07836313266707856,0.8180471107420927,-0.31937741911632184,0.6143348959265507,-0.9516973791335188,1.0,200.0
401,cruise,3906.687116111672,44.75204515991008,65.69216730124059,91.22353097167283,213.47169912877834,731.7281001878106,22.078226493665838,0.30631876671131975,15.149160961024796,40.59559880037287,3650.1091738769546,healthy,0,0,0,0,-0.5935069013507631,0.32879999569141566,-0.48933068380414435,-0.2808727807892311,-0.5575767164254668,0.6645187547299424,0.019069662416968933,0.7858007503681064,1.0,200.0
402,cruise,3922.442006980042,46.67529457549409,66.98968264040852,88.9551972550462,213.94536046188176,732.0934859459413,22.048344142761803,0.30764627604144396,15.112893613897574,40.68223837372125,3467.1240338608095,healthy,0,0,0,0,-0.5387840307148755,0.08473778098628446,-0.43301474987570254,0.29726393021452535,-0.05780079709057743,-0.7928382095378251,-0.3830285611207574,0.4705213398491776,1.0,200.0
403,cruise,3892.090995760812,46.09808662274563,65.88356096992028,90.41868300265332,212.4728374131338,732.4356023128761,22.006624777822424,0.3112712340123544,15.22096814897899,42.819029856612595,3571.5712929463116,healthy,0,0,0,0,0.7808232969423627,0.06677258605118766,-0.5806789547716011,-0.30604598953198214,-0.15522690982863196,0.023648146857544454,-0.43832342985606165,-0.12833746583106603,1.0,200.0
404,cruise,3923.8105466728084,46.13545185618369,66.43748080588114,90.4558321249997,214.22183582906897,731.9589458404278,22.01377977714192,0.3101656186634744,15.465709667571458,42.44078834597286,3625.666126512001,healthy,0,0,0,0,-0.17326510131235337,-0.3746789078293702,-0.027865201736217995,-0.3013071268850077,-0.30565762051243606,0.47568048237128596,0.2613301268369047,0.005746878877978359,1.0,200.0
405,cruise,3918.3679442636744,41.40414317759752,66.38243620933862,90.22635895652463,212.92122351443086,732.6474374729152,21.53990108712616,0.31832257962352717,15.191197874135405,42.879343968649735,3464.6615471156438,healthy,0,0,0,0,0.3958924087058251,0.6208967196657442,-0.37227875758531653,-0.11527328740530951,-0.30993956541987744,-0.14815089218894628,-0.33230667602367064,-0.26063454756836196,1.0,200.0
406,cruise,3921.0781259112737,47.631408741282875,66.16001887557731,90.64509542179539,213.52210161483234,734.1061969699637,21.872175857191372,0.3090605493920668,15.148942668638504,43.595620893182826,3634.784746248545,healthy,0,0,0,0,-0.16736787965165242,-0.08762515773730015,-0.6956548277377288,-0.3271781048900264,-0.525987245753385,0.6081912116975194,0.39529371962570686,0.4099720352000191,1.0,200.0
407,cruise,3934.058106780324,48.918006195144464,66.83157793323619,90.04149492979181,212.8359149392122,736.0517601907999,22.03485538730317,0.30933066778990725,15.215745030855912,41.26261306189555,3523.6714644647623,healthy,0,0,0,0,0.5709274375460363,0.9715984304869763,-0.5109950835827946,-0.5124077653460962,0.31724237777992415,0.044124374915338015,0.07681276974728331,0.03412133039963738,1.0,200.0
408,cruise,3915.4059253084297,44.66428750610146,66.13022167339172,91.31481876690705,215.16897739797986,730.9139668207168,22.280641686667213,0.31107879265747945,15.300861926467467,42.60556779605129,3479.3761261947475,healthy,0,0,0,0,-0.5155860727541327,0.4977449380479164,0.0091737798150182,0.34640160078811083,-0.392516718475319,-0.5793496482823081,-1.0885044313542325,0.2215297284979459,1.0,200.0
409,cruise,3902.4697023171784,42.51542479286973,66.17690939926196,90.9566618136507,216.0013033344591,728.1512225435073,21.79525897162788,0.30493264439852474,15.46522210426787,44.22395870995478,3485.2073878128026,healthy,0,0,0,0,0.18314668178608307,-0.5904400366173157,1.3397172026154838,-0.4608821632605599,0.3078015690562699,-0.08277435378756479,-0.8616506155041173,-0.27594386855439723,1.0,200.0
410,cruise,3922.1185849392873,46.74708139408031,66.31458209940708,89.87468863685578,214.5101730124178,733.9965254611523,22.00496257105855,0.31160507256667824,14.972853087176013,43.052148867100755,3499.684204393468,healthy,0,0,0,0,-0.40061486809929525,0.28678513781365367,-0.05195516914940166,-0.03646671498166471,-0.07924242408782674,0.04686308568351272,0.2452678281571584,0.49918255872925243,1.0,200.0
411,cruise,3915.6864491715132,44.53790329037303,66.6962036158522,90.8520949114591,212.93380202205802,736.8520367988015,21.876945147607724,0.3176635666414279,15.424740879000133,42.01651664190975,3516.833852553794,healthy,0,0,0,0,0.03712536695740281,0.47728360217383486,0.7162328895206014,0.09577171223147625,-0.044454005800493274,-0.04082310583061851,-0.07149047988717042,0.1631989749206683,1.0,200.0
412,cruise,3929.877497926538,43.535198013224274,66.06701514233012,90.75001402271367,213.03909888380366,731.8982138651738,21.89661113426999,0.3116172732302319,15.273241530459941,42.89583441817009,3349.6933936635482,healthy,0,0,0,0,0.06862955769628802,0.32361308630774177,-0.18222529781762678,0.13619231099620419,0.0981977735769372,0.8110549592889518,-0.0959047255800955,0.47442576514884194,1.0,200.0
413,cruise,3927.6269401667114,47.9046552669914,66.90493568247055,91.52783096728432,213.50034555074558,734.1901170014423,21.927199963737568,0.30351743274087006,15.291679706071804,43.40831609405912,3413.3424549689926,healthy,0,0,0,0,0.34586275449974146,-0.27549424834617786,0.47762631301006425,0.2406333924596726,0.5544475695062475,-0.6329392772435027,-0.3242627586849134,0.44467357773609184,1.0,200.0
414,cruise,3945.9446329745297,42.70246405026837,66.24875593129738,91.19482324216453,213.1443939975401,729.9671519747029,21.914666931418562,0.3146271162009541,15.353447863867702,42.10719687199301,3407.9358486808387,healthy,0,0,0,0,-0.08571913580481996,0.2701118660530906,0.2486940162583982,-0.09501689664272889,-0.32711677861968846,0.2598902598975504,-0.775910857674342,0.7648385919546739,1.0,200.0
415,cruise,3939.753795136361,46.90407999931481,66.59139557777083,89.89031017872698,211.91578537191134,732.7576741345111,21.848594583210875,0.3108976963562953,15.123675648116478,42.22234673119408,3535.703062937473,healthy,0,0,0,0,0.25264245047599543,0.26351549818234704,-0.0672436775420101,-0.6541446930291207,0.21812016228169104,0.749173655185756,0.9331695119940066,-1.0534417088701966,1.0,200.0
416,cruise,3910.641959762653,42.97375451342905,66.65487563701954,90.09499688768756,213.21573509295456,730.814854982583,21.97958518890041,0.31723087062168287,15.564440448530348,43.07440121753233,3468.963645634471,healthy,0,0,0,0,0.0924890270037491,-0.7447232824981667,-0.5184967817154696,0.3143030024529859,1.0321811412252326,0.5967434965020728,0.6779723665289488,0.06534292753013851,1.0,200.0
417,cruise,3916.7190620755405,48.39375872079164,66.39822286102883,91.15796308226825,212.98014184991177,731.1962325192491,22.22512284840919,0.3002145697617309,15.418692159841802,41.56086856806692,3498.3993281591693,healthy,0,0,0,0,1.1335771064932367,-0.7581877166689929,0.07766578909710743,0.4325532240410235,0.5478498751071136,0.2991276528781469,-0.4612754430865996,-0.1850957255634169,1.0,200.0
418,cruise,3914.6398180421556,46.50232768732543,66.81509382563092,89.7683940538438,214.71503614980202,730.3103688990213,21.73409219634283,0.3130377478105938,15.314335886494264,43.338010336081055,3731.3250254562527,healthy,0,0,0,0,-0.49804891357717607,-0.36292509758365693,-0.07364618547696526,-0.365073525197687,0.42449931491186166,0.5338979055708505,-0.5595539553691599,-0.5479694117608698,1.0,200.0
419,cruise,3872.854727369592,44.954432762227036,66.54556901851416,90.92124330591976,214.3477671810265,730.9236359377715,21.885065347290652,0.29512283445208304,15.198734804594068,43.98074038193679,3461.397013193715,healthy,0,0,0,0,0.1386017280649246,0.07886895992694977,-0.6416963079739868,1.128881152077418,1.1562389508694437,0.2212763757249588,0.28122539539515795,0.898730714332796,1.0,200.0
420,cruise,3912.2896905642233,45.76796267147047,66.48956289379159,90.15429324065833,213.869437927639,731.0370305474585,22.089468756380615,0.3098823165421741,15.436885328778265,42.6572286530879,3484.731210279389,healthy,0,0,0,0,0.3488024447406101,-1.088978704402458,0.08636243180348616,-0.19240211198563334,0.11587235113877158,0.7659841619971349,0.7813119158338632,1.1325614050306596,1.0,200.0
421,cruise,3951.7305278303065,46.633397530207375,65.91268130566607,90.8666691245661,213.8341925510318,732.6864463119426,21.924866940921383,0.31471783006567466,15.470962960943295,41.662841875917145,3455.108733280926,healthy,0,0,0,0,-0.14249597140628617,-0.17686266243887513,0.9034766655890448,-0.5511805125214888,-0.30698817979577936,0.46882708507666276,0.7853816036206415,-0.3726179803234081,1.0,200.0
422,cruise,3894.7195713263804,47.12901151010291,66.00460492932625,90.88426097245376,215.01952312448398,732.5496986155254,21.657648024678483,0.30579147832877884,15.506036564754947,41.752777213426825,3432.7522536829556,healthy,0,0,0,0,-0.20812386878443775,-0.7296920141725841,0.3591602311099688,-0.03230912154807631,0.34905891329230365,0.09247045788194463,-0.3897787643274282,-0.17919995195732547,1.0,200.0
423,cruise,3914.4002096833483,47.12480561182516,66.73057807134725,90.78602227510139,214.72056170190552,735.0503409350521,22.084924220656,0.3170860590803109,15.447534395364944,43.317981670023414,3537.854392249574,healthy,0,0,0,0,0.10290613959635556,-0.3508690999164327,0.41158470501464817,-0.8772464760345066,0.0014260530348836255,0.6859179185117777,-0.3072798459236542,0.14966054881252022,1.0,200.0
424,cruise,3903.812398493514,46.56268328707355,65.81462028909517,90.11321173646114,214.289219479868,731.8615243721273,21.426433599077665,0.3166065749336604,15.03514775113272,41.724279860735955,3544.6967482967048,healthy,0,0,0,0,-0.543624383417013,0.04659163498092684,-0.4002469614772538,0.00043233058446665143,0.24195645510690542,0.17782677546381814,0.018252520153389858,-0.30370917448971213,1.0,200.0
425,cruise,3894.1095460123825,44.51445943077537,66.93367024404392,90.58142480124364,213.59214344041177,729.3015908016787,21.81733282721306,0.3156061128351865,15.521837602885519,42.04214376503969,3604.45620210611,healthy,0,0,0,0,-0.2254498612914055,0.03867648710887831,-0.21839922705471523,-0.2769554728964628,-0.4609854043180697,-0.24991167813396714,-0.4636813582014088,-0.3729291083708029,1.0,200.0
426,cruise,3949.605750910378,46.79738185029544,66.48329040689406,91.29343556782071,214.42724198977794,731.4415978825632,22.175814250850635,0.3056384714536361,15.05166246757748,41.15268990853573,3499.1881334393706,healthy,0,0,0,0,0.006659616806017409,-1.0762119961231358,-0.08004140116900264,-0.3354603336375897,-0.02015223119136208,0.06069816140789375,-0.43810239170385745,0.8178537565272824,1.0,200.0
427,cruise,3920.0767387798624,42.8465739912217,66.38190505435354,90.4505421812999,212.64802750583146,728.8703046822255,21.710834389274716,0.31237881407845636,15.262169932902982,40.86519998270562,3447.4583351876845,healthy,0,0,0,0,-0.4109444614168858,-0.3065712063434559,-0.5017389635938707,-0.6715374571713261,0.014981701330989477,-0.2877375164133838,-0.4075085162490231,-0.06128285350035421,1.0,200.0
428,cruise,3895.8563002125807,47.477408964443676,66.0514612205962,90.82930669823392,214.6637087740956,735.1360036814788,21.853067646038667,0.3125287613657676,15.45805922408398,43.317410246577,3674.7322436475706,healthy,0,0,0,0,-0.24152290799017923,-0.21025173962705634,-0.2554331054141539,0.9249965452597811,-0.7483398097519101,-0.09110115018212477,0.41718303485825525,-0.2087088461794564,1.0,200.0
429,cruise,3914.9830350056086,47.21523442987176,66.23905093933392,91.55055075789902,213.45879593860207,735.4039173116606,22.203022047225726,0.31472155246045797,15.274420381649042,42.24800976107144,3716.4846931767897,healthy,0,0,0,0,0.18553795368455667,-0.9293984384442956,-0.3115565115955831,-0.8688534619457279,0.13760457936756082,0.045010341071762675,-0.42034677346361865,0.05095421983849335,1.0,200.0
430,cruise,3917.976400434507,48.257384840241556,66.74440022271615,91.70701929578625,215.07901027434718,728.2473959183467,22.073350113490804,0.3149131642186639,15.20308234679568,40.447352251303414,3411.999241373908,healthy,0,0,0,0,-0.36911190924709064,-0.5077999933046938,-0.03670240875354401,0.06098526019504643,-0.8209440030509819,-0.18368415428264676,-0.4390350211172352,0.5976931915602637,1.0,200.0
431,cruise,3877.424491010821,44.291663540903656,66.62948762799012,91.4941157656642,214.45754427023093,728.231676276325,21.956200055885866,0.3063879956938439,15.339730354558618,42.757823586530556,3626.8136299190483,healthy,0,0,0,0,0.08040699881298931,0.1442952285769898,0.21324511179979036,-0.2770897870593907,0.2033958597232136,-0.14009965551846348,-0.15795718072631953,0.27721851465756187,1.0,200.0
432,cruise,3939.394302492236,45.8416461521799,66.32922662925836,90.64696868473517,216.9893359653413,735.6921423510721,22.146664400950353,0.3157491061380395,15.519650641254712,41.492924792853266,3532.212363017628,healthy,0,0,0,0,-0.05019274654217611,-0.6083008843807833,0.011240380329492329,0.40164928828431873,-0.2436289406373739,0.1578475083492825,0.5821111697832642,-0.2798883191229812,1.0,200.0
433,cruise,3931.4192003597054,47.18579475700511,66.62943879652411,90.6229840949961,213.73960684658596,730.8559117151996,21.776355924079112,0.30662212175623804,15.471945290243232,43.56793953541858,3514.8382411042517,healthy,0,0,0,0,0.21088188786788264,-1.0207173181728044,-0.35176239711515705,-0.7324299621638696,-0.608043129548265,-0.6080553029598139,-0.45922655109977234,-0.11107470892169637,1.0,200.0
434,cruise,3944.5722052502956,46.104938513445205,66.01638281438687,90.45534200617352,214.94961080458748,732.3917310734192,22.060621349028896,0.3251527025357715,15.065554183723775,41.63621137303302,3375.669848173447,healthy,0,0,0,0,0.75248547838167,-0.007349508258244828,-0.3786062273204788,-0.4895941872293128,-0.36297884631657573,0.25211313724425416,-0.5295717864095312,-0.718920058904131,1.0,200.0
435,cruise,3918.717943250572,44.61588818716379,66.58057138861119,90.25406153140233,212.76227575298452,725.7259366779617,22.101554398328773,0.3144466201224366,15.148621667170751,42.71555072693699,3503.665400179757,healthy,0,0,0,0,-0.0747523747836104,0.504623692019878,-0.34902630269143103,0.5424503114751628,0.20434166331729176,-0.16719104971650559,0.08788067197254655,-0.026310780463136445,1.0,200.0
436,cruise,3906.8060820549476,46.08388488933481,66.61475527622329,90.46293195292014,214.4390972908372,735.8850785803959,21.904520855575228,0.3158031380303011,15.347300683140249,42.32154598144103,3491.7524383221844,healthy,0,0,0,0,-0.6570608170454078,-0.1814110534993976,0.14386243077424546,0.39829614922390566,0.09125736955557548,-0.19782092686693928,0.836121391119506,-0.048207812424605145,1.0,200.0
437,cruise,3954.6239026762505,45.60528682457752,65.85475281627113,89.71472249788792,214.71367892143707,737.5604105386444,21.682907718481616,0.30924332941353416,15.174902971231628,43.15326271729262,3461.193872091418,healthy,0,0,0,0,0.05472763623831713,1.1464102480530927,-0.26108359790200153,-1.2210755225122114,-0.5474599918699202,-0.37722636953689476,0.12950550023903462,0.004574636303016977,1.0,200.0
438,cruise,3921.7565355078427,47.4606306380617,66.04914715321445,90.9081170470958,213.54728260997825,733.0951218256664,22.25894400071332,0.2985006974346381,15.384336796408757,42.4849192078326,3514.000400905161,healthy,0,0,0,0,-0.8408264222972743,-0.26398838545384923,-0.9192843869131782,-0.07777164920773663,-0.14270413541020296,0.11703531269307575,-0.054850219537002434,-0.942445831693097,1.0,200.0
439,cruise,3930.6256002862615,44.21229764973111,65.94702738851144,90.39052098920126,213.8652375131315,729.2297833823152,22.31322465437418,0.31674150020705427,15.297591700038263,41.98926960370736,3665.5070415064624,healthy,0,0,0,0,-0.1061257586162922,0.7111578318672354,0.04505704651389167,-0.1353252607675265,-0.26656286399233964,0.26890553404055956,0.10156670730904283,-0.5573390153134237,1.0,200.0
440,cruise,3916.89592419738,46.148198366378665,66.25254778204852,91.24006100333484,215.2987118308321,737.084767096013,21.942175519226318,0.3035739376873677,15.395348279154472,42.17969542721226,3527.695693734424,healthy,0,0,0,0,0.22100713525233734,0.18015984736423407,-0.572903752256229,-0.5684559974231334,-0.030167453789518815,-0.6810587027053939,-0.026809229032374895,-0.5340159493758238,1.0,200.0
441,cruise,3913.0160070177208,46.055085006601836,66.2395285990858,91.19130414381263,215.03885666238196,732.5836667851181,22.059044155292636,0.3127831079251698,15.48046411998644,43.03973482734537,3451.020692802342,healthy,0,0,0,0,-0.07477300974907132,-0.6230017201356246,0.41567173704594484,-0.31318966480769667,0.16316488227164416,-0.4168203013431114,0.6921590120524878,-0.30846842502914035,1.0,200.0
442,cruise,3921.2182677542023,46.98387900383482,66.88836643296841,91.39711153299794,213.33835204260814,731.417192462909,21.495293436245664,0.3095106902211824,15.376660597133874,43.42359400706353,3634.61161928654,healthy,0,0,0,0,0.4840909420467341,-0.11464258251362619,0.192830517035171,-0.0930964020362893,-0.4445731236878496,-0.13801044508030474,-0.34243894601023583,0.04693964824540602,1.0,200.0
443,cruise,3921.5855458517017,45.32343826481694,64.91904410085871,90.09521644569608,213.42308367160578,738.2164625306971,22.11859233698692,0.31281990095626777,15.338006396344916,44.96595496816794,3450.611006412126,healthy,0,0,0,0,-0.3454095305139618,0.06900329065617432,-1.319064314365743,-0.44858230030295837,-1.0533787987082128,1.1948965096097937,0.4792730098931594,0.086581916844689,1.0,200.0
444,cruise,3943.842678333816,45.72385202638487,66.5436922586284,90.42529686540745,214.29516335481313,729.3974883012984,21.83006456689459,0.3170541861515772,15.040836496835789,41.35333649406179,3295.002949765876,healthy,0,0,0,0,-0.8567466824266103,-0.18012536802315623,0.30299653389591513,0.12224962196312386,0.3078077166213881,0.9939240513758378,-0.5033985065971063,0.5487431765264671,1.0,200.0
445,cruise,3940.0528184065506,45.327323405438975,66.47149080860648,90.12317438725337,214.60013291301433,734.083907011112,22.426948210953395,0.3106892261404551,15.397767003171042,42.465389502627055,3585.3687046684886,healthy,0,0,0,0,1.0333129327300823,0.1509101758618001,0.10566204426606607,-0.07547800588435787,-0.7663483510323501,0.035588449005645034,1.2795623584103368,0.1469810182704389,1.0,200.0
446,cruise,3884.572425984638,45.5373544803484,66.65370387433325,89.62584498337043,213.9099546841357,728.5447109475986,21.15679944411209,0.3233760365575085,14.918770195293842,43.25330836444863,3472.812127436159,healthy,0,0,0,0,-0.6672235950553245,-0.923252875706879,-0.13683678236999414,-0.03900154527495465,0.4514992521170154,0.1532032613955553,-0.6997653736382282,0.0203357615726661,1.0,200.0
447,cruise,3928.299124227208,45.48594108075566,66.20381149146026,90.15918029939274,215.79584847189406,734.4958656000168,21.838000585558476,0.3207694317283259,15.291117715722189,43.37551364424405,3555.4319910609715,healthy,0,0,0,0,0.33917951656414386,-0.7211951747393724,0.32731881145400166,-0.1671536353051568,-1.0010630319989726,-0.584833343155849,0.66662797497031,0.7222477965603443,1.0,200.0
448,cruise,3954.9378324425697,44.81573365247718,66.66443661440432,90.0856577111606,212.80155905555023,730.5307520253382,21.812895093138675,0.30996418716807894,15.252272775500188,44.527153145227366,3553.826815398365,healthy,0,0,0,0,0.524671468606384,-0.37977045221959516,-0.15046624791883653,0.560077162809841,0.26757255158636456,0.08338188812954317,0.5633317096890295,-0.2848173203193903,1.0,200.0
449,cruise,3930.386283337808,51.12382234335999,67.1434635559997,91.23966518727273,213.6408773176843,728.49323183068,21.831178608211555,0.3123848878525504,15.725564675559788,41.58628040804297,3599.4388306041874,healthy,0,0,0,0,0.3699510654392939,0.49747577638126256,0.12258727489829375,-0.5854286427740131,-0.07407235149510344,-0.2903986318168916,0.029756209288748,-1.0334347579701582,1.0,200.0
450,cruise,3935.8912926538287,43.78139977936509,66.95263217862166,88.91781703747642,213.4898879346306,738.1830449303295,21.679624282965612,0.3189805414746313,15.464891219365441,41.76260726291546,3395.1072158706497,healthy,0,0,0,0,-0.2281670089943636,-0.45063046986547056,0.08592928467689134,-0.6869352802240675,0.15701898142750495,-0.020493127532212375,-0.3027210525122293,0.9232079453937567,1.0,200.0
451,cruise,3909.1964684138034,43.12240294257651,66.42403645623546,90.86749106775069,211.68199161545905,732.4400753755532,21.823772582746585,0.3096126781303055,15.097447989769366,43.51607508416066,3541.532305641618,healthy,0,0,0,0,-1.104134291091971,0.04850537965221104,0.40364459706708183,0.049513127033273804,0.6006793342516314,0.33829834402986575,-0.26099160705164204,0.2575155493891581,1.0,200.0
452,cruise,3929.408901462803,43.877969529662444,67.35445235380092,90.40913048835534,213.2479790480159,729.3167607931044,21.77440809587117,0.3146532348126397,15.628013292402791,43.174112501222375,3595.0443607404263,healthy,0,0,0,0,0.3920918876375945,-0.3383736657618611,-0.8293862664254273,-0.5991847906703028,-0.4118611108811543,0.057529714316159726,-0.44151214940002803,-0.005075826974206108,1.0,200.0
453,cruise,3901.748161909158,44.04911765725459,67.36301923409918,90.28670448024545,212.46935582371515,727.568620019848,21.831608780976893,0.31412228767844136,15.171490763446128,42.967797307993585,3402.4753022197788,healthy,0,0,0,0,0.1272058480220342,-1.0690312344729198,-0.5227454534720609,0.31205706444210346,-0.14751637329800224,-0.20478804866084505,0.6839405303448776,-0.04208979719030254,1.0,200.0
454,cruise,3936.3197502834064,45.49209589755153,66.27799629784592,90.37768018281221,213.5829163861769,729.8909530729517,21.667945791410375,0.3194511434223932,15.50001817675033,40.0113098188369,3539.2753987660735,healthy,0,0,0,0,0.14578969883487258,0.4062560598915774,-0.11415350846370509,0.5527202327551847,-0.7853002473984567,-0.0348616286092923,-0.47259018412786125,0.5775938245243457,1.0,200.0
455,cruise,3902.192920537098,48.33108835092597,67.02600306265752,90.84075661430927,214.29323755221145,735.6039710773848,21.890364530339873,0.30988997086028663,15.461845815061922,40.69714847201123,3375.00176718979,healthy,0,0,0,0,-0.08053977796403423,0.38336504112258246,-0.6973135555578079,0.058510886436849305,0.41883065499504063,0.1599086543838614,-0.21983084757192006,-0.07453269346280461,1.0,200.0
456,cruise,3943.3938301249295,48.8459903212307,66.55320148564213,90.50251669052948,212.2907764215069,731.8660302637896,22.290543812652146,0.3098407369494902,15.3998242222025,42.55717503882166,3507.351702586373,healthy,0,0,0,0,-0.03499256639226714,-0.5040103817245317,-0.6454225336583036,-0.3250349363769095,0.21139532007316075,-0.24581401915222223,0.47183547690198707,0.19642610949295627,1.0,200.0
457,cruise,3910.828607275527,45.94387148316708,66.05207205805121,91.98824585331583,215.27707663317517,728.8098646699299,21.874608500339956,0.3096504794599778,15.332463417865561,40.64653599264359,3506.7349342085613,healthy,0,0,0,0,0.015401852372711525,-0.2531837229932169,-0.290652403516716,-0.6701718844274874,-0.157403150181054,0.9053566107367389,0.4070270148291165,0.39971061300668254,1.0,200.0
458,cruise,3893.365228196014,40.47279732672137,66.44133785663952,90.67940953969523,213.91889020262704,736.8045463519196,21.897755601255106,0.3085633888380229,15.52904097509064,42.47558987666061,3419.392896682242,healthy,0,0,0,0,-0.15051538039404327,0.37876037738286733,0.2653317040438732,-0.841073741921788,0.7933766191586112,0.004414365753089473,0.07533837962772776,-0.04178942211244833,1.0,200.0
459,cruise,3904.919974728922,46.23794146139001,66.37202131798352,90.27879609492831,213.7690594635411,729.061781174355,21.92592975916879,0.3078296944374483,15.283681686321911,41.80361195050238,3417.844742865557,healthy,0,0,0,0,0.5964095823661222,0.1449602646475823,-1.4385045739193802,-0.6718801899569222,0.14864309939394807,0.4221513642977621,-0.13381246829985852,-0.0630518356393678,1.0,200.0
460,cruise,3901.942516599538,42.8479136239899,66.66213210939428,90.24349685955991,213.4640894112222,731.9293352589513,21.80581971835605,0.3083898068975202,15.345874190190786,42.66149269372722,3539.3135522266566,healthy,0,0,0,0,-0.2215137961950902,0.10767348733835734,-0.3416323238575618,-0.9133136174478537,0.45060543868797204,-0.4894476429989364,-0.14273271378052554,0.0391447245977553,1.0,200.0
461,cruise,3938.0846854466927,44.46781960486568,66.24607076866462,90.43159667200472,214.5409829853638,733.4810508069853,22.040935986127238,0.3101939517905676,15.033246913773871,44.39768834818665,3541.373784147665,healthy,0,0,0,0,-0.4675689169233275,-0.46372991755144577,0.6153900879763742,-0.22643866724265121,-0.4141975614536425,0.6586999335192101,-0.9235992116281723,-0.3581968770617205,1.0,200.0
462,cruise,3935.139304609816,43.16977717895841,66.46687776955096,91.51563611880276,214.41678638266959,731.7788976567704,22.419648415708256,0.302436865507663,15.003669030789755,42.61046679911009,3583.6292095445547,healthy,0,0,0,0,0.27694292841693297,-0.7764081599998163,0.2585644214868032,0.42371614754913023,-0.17089179171961746,0.2638422284364637,0.5317514742911984,0.7327590056610173,1.0,200.0
463,cruise,3934.307219012143,46.32046791446277,65.69802730790778,90.88717031372272,214.6590302570945,732.7170219073075,21.630634869852628,0.30675983642786164,15.26298506024361,44.52563921414205,3491.1263304652452,healthy,0,0,0,0,0.4554744527720911,-0.4637532317735406,-0.534070449166466,0.6642709480163266,-0.7369932665803738,0.054740457989599166,-1.4586894721758514,0.5758927379838732,1.0,200.0
464,cruise,3903.428349902726,44.21600786604659,66.72201740351238,91.38752455484813,212.78937171043165,725.3279975805368,22.17787462164729,0.3086075310375599,15.195982242517951,41.42539134793803,3513.357917178114,healthy,0,0,0,0,0.36846008412528203,-0.22676016569654558,0.7207786299421819,0.6479247543823766,-0.28254109575057546,-0.5700808083791287,0.27597856650493424,-0.5468894790018736,1.0,200.0
465,cruise,3903.774722947291,47.01346211012209,66.9633768165048,89.80277549646091,213.56518171445032,723.4009782057138,21.957212958820275,0.30622546273244977,15.337580114750224,40.903133019896536,3610.3230959328844,healthy,0,0,0,0,-0.24835892810969237,-0.2115950583919623,-0.026921053538112565,0.6519844248346938,-0.352672386872394,0.07829948264585396,0.3950915758988864,-0.21958314446686147,1.0,200.0
466,cruise,3909.0725075723612,46.42382754802446,67.33268437344817,90.26901673281638,216.65597082609662,733.3172805149579,21.86821653050902,0.3238187485908954,15.221909144713617,41.771541115568766,3324.6549153931564,healthy,0,0,0,0,-0.06256183917125517,0.633069444460687,-0.14342543288759,-0.03452049532986628,-0.5072559327701456,-0.14822477000201634,-0.3325376301465057,-0.2329325543311229,1.0,200.0
467,cruise,3910.327360272971,44.98908362173511,67.00313632396373,90.60307920260203,213.50673286874203,728.647259479334,22.07462570925168,0.31133201105104436,15.146992640461153,41.406527126251945,3566.70185968058,healthy,0,0,0,0,-0.3696209238574381,-0.1615966149098127,0.26229038804652566,0.17970019721800454,-0.3088747545441115,0.6629048368130533,0.001075610259208627,0.6260972129673169,1.0,200.0
468,cruise,3911.2662291575407,45.63034349644487,66.03745676163632,90.44099718123091,212.58004415455713,734.5800443695872,22.21024517803651,0.3106788700920353,15.319470116469262,42.346172968170556,3534.945125610544,healthy,0,0,0,0,0.8190389016196693,-0.3494181742514439,-0.25026550262399655,0.3723989278962933,0.4543857546431974,0.25525328736334557,-0.09210621663404059,-0.049032842514252106,1.0,200.0
469,cruise,3915.5274406024464,47.30406228804517,67.05944593515484,90.9830858454243,214.4422288740281,729.2559286202455,22.15899473147946,0.3001958402609254,15.404358361069944,42.785263456645055,3442.722253031874,healthy,0,0,0,0,0.16576310533654287,-0.5468958927557863,0.001442954613395806,0.24994711343267778,-0.6125940165377451,0.13184740786948482,-0.6418227454579948,-0.614079194242532,1.0,200.0
470,cruise,3923.5536022381993,44.72495892348845,67.17626890360954,91.19220251128603,211.70687847759768,727.4405940639839,21.75706841498119,0.31342877176647355,15.34213911518859,41.14738328044523,3489.578969579564,healthy,0,0,0,0,0.38528962747646717,-0.21957266196210554,-0.042708885554572716,0.03584988797642651,0.258788336618973,-0.24231068112171267,0.0379016019953152,0.8644980366820977,1.0,200.0
471,cruise,3902.4639560050814,47.30046052622716,65.69659975534161,90.34162812479342,212.46211144282466,731.6886327748789,22.314510437785405,0.31228219967845394,15.41137018545728,42.00616594851523,3546.503585141603,healthy,0,0,0,0,-0.7206157524509165,0.35269212712352194,-1.1046718413002592,0.48312500681075826,0.22621296313971456,0.2027035766242024,-0.08771298354905699,-0.22118009138393438,1.0,200.0
472,cruise,3902.853364149541,45.43059074186554,65.91269744523682,88.83807193068235,214.2441899387006,730.8473322279956,21.945521284976728,0.30972429322182254,15.35015704401299,43.74830154263639,3628.950908272917,healthy,0,0,0,0,-0.25641747854209523,-0.27736473245727816,0.011376668611001282,-0.1839476529285131,0.1651570592779622,0.26055997574819745,0.4680332129911782,-0.3136924377763679,1.0,200.0
473,cruise,3904.020133377652,46.00801766085041,66.7644570112279,90.00761056855387,213.5398707264268,732.0371872754286,21.87751315868067,0.30615985218720904,15.268535758112959,41.15106129071513,3478.822572616174,healthy,0,0,0,0,-0.7371885892145762,-0.7441919401119141,0.567281426973943,0.09087143089808097,0.5684339500879558,1.2205513728942354,-0.3066488778443021,-0.460714258421908,1.0,200.0
474,cruise,3921.6852908340056,47.067704497511734,66.26160677942636,89.84099709849443,212.88641198172496,736.6829347784377,21.952044081186813,0.3135820712354236,15.495695342954495,40.60992293439366,3358.2338815385842,healthy,0,0,0,0,0.3131189573686568,0.007764122317866058,0.058708424417755325,0.5823168033393039,-1.1439313003045082,-0.4364615793650353,0.5178341906678102,0.0667570192475151,1.0,200.0
475,cruise,3926.231716529579,48.13228780239855,67.03630614027396,90.91081441484386,213.3254315432815,729.8164914055731,22.21427730225137,0.31439144247533446,14.938883744344158,41.18008960765556,3513.6905823279967,healthy,0,0,0,0,0.9894730731013759,1.3094182980634195,-0.29190452430190805,0.45521841291345183,-0.7253514381715345,0.4336508130100131,0.056838570172994284,-0.05202012156790603,1.0,200.0
476,cruise,3880.387838537996,46.51084715299617,66.63964027698486,91.7873840688134,213.40767600631773,731.3291685591822,22.080575131121893,0.3039966611806275,15.34579532012535,39.91352767167739,3440.495437897146,healthy,0,0,0,0,1.042040534807968,-0.4301837632607249,-0.9219700433630524,-1.2056909626973284,-0.5844182066155542,0.39356007778774105,-0.0006902074655656627,0.2886816709771313,1.0,200.0
477,cruise,3927.120211560449,45.58596652316669,66.51775144409038,90.7671469720236,215.88118988395112,735.2034130221185,21.799619537979183,0.3073092322593153,15.340958251214946,42.480178095267384,3579.038724730903,healthy,0,0,0,0,0.11690623706007912,-0.1935200401360672,-0.2557216460863773,-0.10350550285711448,0.2385235755983468,0.7851861767530434,0.04808516231023685,-0.0807431063718304,1.0,200.0
478,cruise,3912.3287105408035,46.91059462476503,65.48696990735948,91.6531659325806,212.64296946534427,730.8387440523404,21.860524083716626,0.31130887195867135,15.491423631366246,42.421187061085405,3501.5536559781126,healthy,0,0,0,0,0.3204141205354834,-0.2987952016079955,0.9220730084610731,1.094357222938821,0.21790329753583376,0.1910431725069397,-0.583447914797743,0.40703641009362546,1.0,200.0
479,cruise,3941.3143272907314,42.378327480401104,66.9210578886441,90.76411222792491,211.46459861526202,729.0981053567658,21.897519974410596,0.31349990361071495,15.165448545192017,40.006046926076486,3550.5904958544465,healthy,0,0,0,0,0.06249968299013249,0.34500215797342104,0.5764978562972368,-0.6558733047250271,-0.09060707079865384,0.613464430404628,-0.17686263116650433,0.9445762540889457,1.0,200.0
480,cruise,3921.305634021974,48.74714596154861,66.4878257485598,91.23508693457748,213.75819578259078,732.7022050481303,21.62149621722521,0.30783361900793776,15.413040898154609,40.77753662709686,3504.0970552314207,healthy,0,0,0,0,-0.23196099996489197,-0.3940360568542135,0.49490700477982097,-0.187097494563225,0.12769086567574925,-0.22513501834583485,0.39319458298744414,0.36015891356971363,1.0,200.0
481,cruise,3925.8252736883073,42.81824022385072,67.66780738878361,90.75576991828034,213.79502774681683,733.8339341178544,21.832025914170668,0.3015364255221587,15.036449224731214,43.74189543549927,3464.1869034313586,healthy,0,0,0,0,0.3521267512153499,-0.2011817424477012,-0.21724135680025095,0.556560172575946,0.19289061568989357,0.5630978690618936,-0.13780151701909485,-0.5322401647490886,1.0,200.0
482,cruise,3895.548501344583,47.2766416216766,67.31594476815614,91.01452668138108,214.09653189396056,724.8875546835703,21.94188081435194,0.3135811683966488,15.30346722856701,43.03641922987748,3537.7778040159196,healthy,0,0,0,0,0.5718756474075233,0.35360015474860496,-0.2941604753880499,-0.055000234663702345,-0.7509740456447364,0.1671172961751765,-0.7803595953162697,-0.6831960429408119,1.0,200.0
483,cruise,3915.7599460249317,44.340894894149926,66.29627279401977,90.00510659642912,212.36506101480023,729.9940150284187,21.9732644521164,0.30856790705447834,15.371318753478423,42.91563949390268,3568.12451242683,healthy,0,0,0,0,0.10868488376420957,0.05070923689315225,-0.768027138497663,-1.2030401928737338,-0.8563521685721912,-0.6686199699203429,0.2400160394409118,0.012858939233540291,1.0,200.0
484,cruise,3910.687347202251,46.48372592431944,66.4501096846073,90.37524521434142,212.34692671032042,733.8696022848513,21.636875069179528,0.3150576005161317,15.334599988013862,42.08386616725927,3635.941701347365,healthy,0,0,0,0,0.11382430642155764,-1.1767138136061028,-0.1006407261029643,-0.555940261723562,-0.9252118593540765,-0.4648271322319931,0.1337288533748835,0.37029757932598856,1.0,200.0
485,cruise,3889.646797990348,45.2360879071272,66.87237909074287,91.46616902383886,214.80743864685144,733.5866834097127,21.783902172595667,0.3101728030261851,15.168265461741566,43.52671431751014,3617.0394353906363,healthy,0,0,0,0,0.5818244815046051,-0.4401044236956578,0.012327043784385781,-0.31696286488625297,-0.14875995288214605,0.47460729219567543,0.6962645117015076,-0.38460751320854986,1.0,200.0
486,cruise,3895.459730939258,46.07640227337825,66.54053805202588,91.11912760366666,213.56307390163505,733.2548134831161,22.10177903047334,0.3039054653894739,15.333593957065641,41.22706956866227,3442.28430412154,healthy,0,0,0,0,0.1226815225073865,0.6050878449136265,-0.0011131063706389828,-0.43615666876348846,0.9865900198462818,-0.6398691077940711,0.0821201260539208,0.8393846937086736,1.0,200.0
487,cruise,3911.174493329704,43.86764867610716,66.05140404947784,89.7481878245853,213.3892653948329,731.6571312277481,21.825188504980986,0.3127151934764834,15.276179472844287,44.46559064464933,3459.2243985521495,healthy,0,0,0,0,0.890487766619915,0.22888220313261964,-0.605181807053826,0.5933301393912673,0.7837164089998561,-0.2825341227636505,0.4280172349640259,-1.1248222162266155,1.0,200.0
488,cruise,3900.690217939996,41.14796674664136,66.12535431796057,91.20637149595707,211.644059973534,728.2369513883864,21.85450647771291,0.32130859297505626,15.301626050209073,44.2598562586598,3466.8706743496796,healthy,0,0,0,0,0.36899507440081897,-0.1124419868358516,0.6006785862263254,-0.02779723123514797,-1.3063832695268403,-0.2886673368213829,-0.08088585033182909,0.7521082619763122,1.0,200.0
489,cruise,3929.054545533511,46.282534053937766,66.90650226343033,91.30030368757674,215.30967866724245,731.5681287193692,21.72265334796184,0.3036190391448365,15.510849103894092,43.663939423136824,3667.3000454209687,healthy,0,0,0,0,0.018726185523248777,0.1731942248012849,-0.9093130723485602,0.7488520127271322,0.041514701486855037,-0.8749601890436077,-0.53854635907351,0.20193908627978463,1.0,200.0
490,cruise,3942.537767109647,44.26821407799213,66.43712619687587,90.39594072267327,214.45555200797085,737.1266912187237,21.966373190113323,0.31111115937178047,15.485590434810414,41.73434222119426,3512.490661539797,healthy,0,0,0,0,-0.7402612509291532,0.1456427956847602,-0.4460005598877844,-0.36797365919414454,0.36807065409553674,-0.2568581735469251,-0.13928170405662518,0.007797256605452405,1.0,200.0
491,cruise,3931.4597599471863,44.17195122003754,67.23681903309077,90.76172822229438,214.62162960675184,734.7506121591654,22.098705211988232,0.3137355639665019,15.380197170916151,43.23896936499833,3432.2409981182986,healthy,0,0,0,0,0.6355311301241491,0.3165152608619569,0.24387837547500593,0.9729149077387241,-0.3384117698500445,0.26890420345822486,-0.4155731895238612,-0.8113168348158307,1.0,200.0
492,cruise,3926.246256460055,44.0185764816766,65.89235626402413,90.21686586426911,212.0798671584104,726.098970418071,22.179309289670517,0.3126919763866045,15.302391974427076,41.68445289273983,3535.077291538423,healthy,0,0,0,0,0.17988801621309974,-0.2557517774299076,-0.13288269294901295,0.881171961410277,-0.15217271209381988,-0.19829695014534013,-0.27236534092531206,-0.45585229067575406,1.0,200.0
493,cruise,3890.591445407409,49.438045253010934,65.90449737734495,90.7463404380971,214.17451287496982,729.1537601397284,21.750548025355407,0.3138255960290745,15.160641871302174,43.10610852024704,3567.6478250965765,healthy,0,0,0,0,0.3897791144149762,-1.0952735221031116,-1.2196184279312159,-0.3066599032848679,0.5072098063354139,-0.4839950167308107,-0.25564178414478084,-0.13477143041968653,1.0,200.0
494,cruise,3931.592715623045,44.304837878988025,66.49160379061564,90.65557187790974,213.88415371783915,729.0417225822555,22.101221060073254,0.3127863717548275,15.377341752390038,43.917403267250904,3528.7470612418324,healthy,0,0,0,0,0.19213701524025062,0.19146840288599323,0.7461966108576794,-0.778604643800912,-0.006784303597594773,0.21559151250069153,0.7440036828018748,0.6113003331278072,1.0,200.0
495,cruise,3943.2634837276,46.1228487134788,66.17907461532153,90.33012033211698,214.19659618114807,734.783038120397,22.050035483332724,0.3044147090988703,15.474365855237124,43.98843421215004,3544.6053953088935,healthy,0,0,0,0,0.4885931682726595,-0.1611710064594008,0.21398647712993685,0.7875557238631673,-0.5762941554380928,0.529696737841247,-0.22701546765282304,-0.5652286184329106,1.0,200.0
496,cruise,3884.8608765932936,43.14833636750182,66.50643241082783,90.5369856389764,213.01980888668655,734.2819894453589,21.880254012895566,0.3156463466869121,15.452503035283318,42.36964241504022,3634.0042635024142,healthy,0,0,0,0,0.3336776896148066,-0.3781277832247856,0.394923735793112,-0.42440877918847475,-0.5862190505335176,-0.6820275257420653,0.14738039327303948,0.23438311461269593,1.0,200.0
497,cruise,3932.2956138517275,48.51541618309666,65.97921498959134,90.2357796607112,213.26816652327,737.4610364843862,21.709052898553928,0.31167240634438226,15.510643664007011,41.63233469670669,3497.890186939761,healthy,0,0,0,0,-0.8102568150503211,0.4575416660484529,-0.9638734500639897,-0.23705300215276348,-0.658719887507668,-0.4856246752434489,0.6029972233270081,0.6897433603472446,1.0,200.0
498,cruise,3945.4019762967405,44.35668681800816,67.10887286091831,90.97468395169801,210.29038024802864,735.8828440906985,21.839502632252138,0.3137104442974343,15.39198406352361,42.812624735605326,3494.299253726101,healthy,0,0,0,0,-0.5542894428258399,0.11151804253833365,0.5350933199476713,0.30736686083181114,0.243465804049071,0.40408374661440516,-0.569954833472404,0.7086365630982698,1.0,200.0
499,cruise,3909.5354640969167,40.2679391370145,66.99531124283338,90.17476628908535,213.42086236150755,728.6535982554975,22.106043307632795,0.3227437459614185,15.493150269905557,42.85873392603752,3629.6979362780544,healthy,0,0,0,0,-0.5520612996271882,-0.08841140479321609,0.7160620150204651,0.9562697344241687,0.2831873874815114,-0.11950791852794611,-0.5759358154584348,-0.3998003395503511,1.0,200.0
500,cruise,3908.5556618859555,50.893122503031,66.41951718699119,90.77372758344933,211.75369612102767,732.32919765133,22.272599524364843,0.30536152234368813,15.405148585293299,43.3632610772089,3391.2187954946576,healthy,0,0,0,0,0.6789987369877569,-0.07086650675434136,0.23013424881233652,-0.15162349866892427,0.06852797216078005,-0.7181989523688076,-0.39502772810153136,0.9057319028552535,1.0,200.0
501,cruise,3892.1846444462867,43.272925490126255,66.44946280599991,90.72978825805396,215.43130518596644,730.4150948903504,21.950871399880214,0.3027949289685436,15.162985828143597,41.237880449330945,3389.1339718847435,healthy,0,0,0,0,-0.3158000011241843,0.6951941604401951,0.0223374043234044,-0.3750294172271103,-0.41594208718357706,0.05073012936881162,0.19458532484958765,-0.01764248613121592,1.0,200.0
502,cruise,3907.3014860154767,48.087087423803695,65.75841930291013,90.08841302959836,212.86240316563564,727.3656654594187,21.7164621119179,0.31154032279825933,15.218647464554147,44.34585810576661,3438.1309267926704,healthy,0,0,0,0,0.02581131504896879,-0.0685311775936564,0.36158329394641997,1.0803138805272965,-0.20262258040825376,0.4580338878572367,-0.24636407000854146,-0.07890241098005125,1.0,200.0
503,cruise,3912.393919937557,46.935367876325586,66.24792415939595,90.32201495501015,215.1699222559872,734.2915317389916,22.05824811961555,0.30971668444240663,15.317822169709656,40.29569847276092,3223.5132434358306,healthy,0,0,0,0,0.2972881198316172,0.5487263811510218,0.6810693667153311,-0.07046282327213102,-0.2165334343730911,-0.2368017058902374,-0.03180529679480497,0.6313159859859341,1.0,200.0
504,cruise,3912.0932045078744,46.77358202687075,66.4066906075894,90.74881023624165,212.40369980875357,734.9190297555826,22.050171535433506,0.30720393007895697,14.943382210769517,42.92455564798068,3378.113114702798,healthy,0,0,0,0,-0.018595758015133905,0.2800402732836344,-0.28840117302599233,-0.26764469362520077,0.18842416487510433,-0.29453840006179666,0.03324316811931279,-0.12793483054185834,1.0,200.0
505,cruise,3932.381338784186,45.00625309449904,66.73174223930351,91.38595689169557,214.75566743179184,731.0460342226005,21.96878105120499,0.2976572436512207,15.55679046130625,40.447969422001016,3376.334530472349,healthy,0,0,0,0,-0.8050748284275242,-0.923492126710601,-0.2658319440858262,0.1487032074103718,0.04334072360154192,-0.04480181035982052,0.5948875853043694,0.10072154806303084,1.0,200.0
506,cruise,3904.484711753758,45.84762025889089,66.71397573531283,90.17700060710582,211.73256611191627,736.7093610296935,21.849886021403716,0.309141022351026,15.385961953744069,44.13449673910513,3474.7959708096005,healthy,0,0,0,0,1.1952847988590225,-0.132384556302652,-0.20948597651638812,-0.017490123551506753,0.2540304015293074,-0.8109161292482666,0.8421009043139647,0.39638094171513283,1.0,200.0
507,cruise,3982.433318703531,47.91709477307449,65.56247881041374,90.48698916997543,213.63547592993493,736.0383389857369,21.82616314991901,0.3158830213331318,15.461816045245563,42.27317729208082,3504.5763280174892,healthy,0,0,0,0,-0.9650023394999112,-0.8469814502527307,-1.004791861628919,-0.40477469026839,-1.0252882245875603,-0.46906329373820677,-0.8357327177349062,0.3835675173346867,1.0,200.0
508,cruise,3910.8811927046117,44.867361322841894,66.65709248529085,90.44955061468798,212.96174606765928,731.3839326707707,22.23868404862418,0.30938921835008826,15.195285165134734,43.31240241847425,3392.794018268665,healthy,0,0,0,0,-0.3619947477165622,-0.17970724085555567,-0.14774038515526472,0.11532095661011081,0.43025509494780495,1.012159749960003,-0.16345491049839328,0.16240779127466026,1.0,200.0
509,cruise,3909.3270276767366,45.971842019413245,66.69329681765439,89.50925793302845,211.56812449310377,730.997086805159,21.893083809658368,0.3072093177939253,15.216067156201614,42.96094119925427,3518.3849986446035,healthy,0,0,0,0,-0.31116773474777215,-0.2240478624353591,-0.3961435529588211,0.47832342009372214,-0.6778628149684421,0.8996198256326793,-0.3099573757133644,-0.11647910447671947,1.0,200.0
510,cruise,3917.325787609654,47.32580318509083,66.13673960729307,90.47256989949543,214.94527544022645,735.0636881429879,22.04839159433961,0.3148561479328997,15.317694948697557,44.444171007094376,3585.9049897682494,healthy,0,0,0,0,0.20892911244483733,1.2227638231107203,0.33542843002161227,-0.408659724554344,0.6622785863127352,-0.8974353881843184,0.16652647902443823,0.8996355314642052,1.0,200.0
511,cruise,3900.769609820881,45.63600042971251,67.3760402270941,91.01245460968704,213.3599511986561,735.3536167777187,22.074952275896763,0.31371361677007287,15.18154980463222,41.90771008945393,3395.374251476579,healthy,0,0,0,0,0.3753384250997552,0.049989589864265875,-0.310154803107053,0.3925539860325309,1.0226880979355084,-0.3345235982475531,-1.0238570665677595,0.08430458253378934,1.0,200.0
512,cruise,3901.265963653878,44.619256365043775,65.95776201702547,91.03009338664785,214.42891835885922,730.5112307351685,21.653130452818818,0.3214291550429049,15.481600178071007,41.95507472085987,3475.0465583916043,healthy,0,0,0,0,0.2566543756403017,0.277821274791372,-0.04920760303549437,0.07460559806442889,-0.9701878406299441,-0.5683806712721796,-0.04746476193041839,0.40345140140855285,1.0,200.0
513,cruise,3890.7377082302655,48.37258057187656,66.81312184546157,90.27328123900828,211.64557664371932,731.9552618345373,21.86681039432168,0.3092689503863612,15.03265274976682,44.48911423717473,3435.7061196147765,healthy,0,0,0,0,0.4532849444740153,-0.09484794641784704,-0.43362090988827373,0.22900677848180154,0.521754768185746,-0.35686082342771336,-0.6301754109085976,0.9226442046291812,1.0,200.0
514,cruise,3920.9941923277675,46.15259995298647,66.93753415186482,90.88272793947064,210.96093155797277,734.8259315323758,22.231146073779616,0.30812905256079376,14.953679647741415,42.459938132627045,3548.3139447930594,healthy,0,0,0,0,0.08607902083859832,0.9837326594595023,0.3793538164547878,-0.11880140195556475,-0.3618125068402341,-0.593767262657014,-0.49595464474622997,-0.48808515581158,1.0,200.0
515,cruise,3911.6078920573054,45.21887742606663,66.10599549748257,90.4119909878282,212.05293425578054,737.6582229272956,22.39237011349118,0.30814508449399236,15.366192763731604,42.7690635695628,3430.9917159547463,healthy,0,0,0,0,-0.21885706877220848,-0.3884146920444049,0.153392812543298,-0.01270766829903721,0.26552984087731796,-0.9049242688641725,0.31978297533360384,0.005811395458140757,1.0,200.0
516,cruise,3922.646948354235,43.91743310729696,65.76892499799857,90.77582113839853,213.25867599968294,733.8985105367938,21.74323010154773,0.30277708530033204,15.100006861019068,42.51364561931303,3475.632638753857,healthy,0,0,0,0,0.9748463743045358,0.09723536026161173,1.2770125395393244,-0.6944351848421764,0.06257357838696809,0.24286631316735402,-0.017833175514040445,0.14105535959175172,1.0,200.0
517,cruise,3891.941589832136,43.458028311328746,66.30420671272448,91.12288702563329,215.22282017383782,736.9581136659749,21.81275057941516,0.3038164846750286,15.558199421664312,42.22305305239123,3484.164271102293,healthy,0,0,0,0,-0.10773105710975295,-0.4199621588333484,0.25656408059904573,1.154324667820411,-0.6321390964337025,-0.4168004026505988,-0.6524097645722378,0.9555918104894943,1.0,200.0
518,cruise,3919.484505680445,47.256790966002775,67.15425521582671,90.16305087780421,213.75157901757245,733.8443141820147,21.681811587770184,0.3141556888512695,15.07960754410385,40.836880259132016,3519.9973103966195,healthy,0,0,0,0,-0.2454026239702054,0.5838481864488348,0.10901498904874855,0.46314623116948733,0.05316960347314385,-0.12045365769029223,-0.5994474140611075,-0.29450434642813267,1.0,200.0
519,cruise,3889.630008986286,47.367758927707456,66.93164060708406,90.84914423236023,213.45332472473342,729.8165115898071,22.23877308553262,0.30036931097703395,15.291754883317727,44.628556738338524,3599.118505234965,healthy,0,0,0,0,-0.08647283489931612,1.253903851076019,0.5270220387372949,-0.5422342299636183,-0.1542251622274992,0.7718241048697323,-1.1287595724485187,0.29138579941091064,1.0,200.0
520,cruise,3903.673639775292,41.12780063708655,66.36082799282576,89.57739882408742,214.3002234074241,735.399141022511,21.545341830845203,0.30523374403167225,15.222027614933513,41.58061757207289,3648.3595755120086,healthy,0,0,0,0,-0.06888192360749977,-0.14898662945251928,0.23147553453441724,-0.5739693042031093,-0.5975212862570803,-0.2046135511413115,-0.07784709007934854,0.27692818426068266,1.0,200.0
521,cruise,3926.1763345519043,44.23823947638918,66.86942596817781,91.14650524869779,212.08569452997997,738.8704433407668,21.67263759469741,0.3152774612892145,15.273271300390045,40.614567664148744,3422.333190254487,healthy,0,0,0,0,0.007159605257483858,0.3432847552253368,-0.49292680195901145,-0.2760067599095456,-0.4613169758857559,-0.5791528202097282,-0.535215467757032,0.7250145392654377,1.0,200.0
522,cruise,3887.779600380782,47.398999028979944,66.74066522146475,89.63382157256456,215.40338395503397,729.3702091069193,21.837910236108666,0.3079750573336313,15.439390042467947,42.27777413388258,3565.960371146893,healthy,0,0,0,0,-0.7650035585861085,-0.2658281730517848,0.36703527374339073,-0.32932322382420165,0.7860684055693762,0.5093749229462368,-0.5478919863075308,-0.2495425394968377,1.0,200.0
523,cruise,3922.293714372816,50.31783599376972,66.48930274170934,90.523063448026,212.69630692613143,735.5311446440232,22.00210720986175,0.3060983870585592,15.431334779754957,41.18793535165683,3424.3485373971052,healthy,0,0,0,0,0.09676747128074308,0.598784704918629,0.5809932095527376,-0.5399715831325631,-0.005152218477954529,-1.2482219620061101,-0.056695312397274406,0.1552016411555211,1.0,200.0
524,cruise,3933.1039132384053,49.76993037042648,66.08658646280213,90.44751588550147,214.50279582158345,728.7581011520291,22.115457456357902,0.3108670616092912,15.562192390659192,43.76607865236575,3423.302996872751,healthy,0,0,0,0,0.35871950495172483,0.43084797792379964,-0.5210091448871661,0.6236971311498444,0.49670259211558543,-0.00029659258405361014,-0.4602064641772815,0.3371895093405609,1.0,200.0
525,cruise,3935.7213454315224,47.352955105724945,67.03875388217139,91.07830431492025,214.32166014937002,729.9702620915359,21.95832324689766,0.30944628967393994,15.154989668453414,41.500820296369916,3480.1392383005746,healthy,0,0,0,0,0.21666183070040726,0.4441058297905653,0.18294808162854254,0.15472584512087392,0.33748898625407503,0.605483070965078,-0.9296862112473206,0.07569133215778338,1.0,200.0
526,cruise,3922.1515872372042,48.215887665492914,66.50700155269834,91.63481333612745,212.44489977791642,734.0151885841342,21.953898415524634,0.3197638481131511,15.373778612675748,43.52316571490679,3485.72033650849,healthy,0,0,0,0,-0.2081213938726615,-0.36584537797389827,-1.5914000137719682,-1.0570033020430245,-0.3005723127066399,0.6875386540653379,-0.2695821213022011,0.4729526154645361,1.0,200.0
527,cruise,3912.4382430554347,44.414383841306694,66.04172318080616,90.4484929336027,213.4576665777585,736.4583743500103,21.68640049385558,0.3059081012343204,15.29159383372868,42.16242220681902,3566.620104253423,healthy,0,0,0,0,-0.16618510411118861,0.857569339623801,-0.5990653636472543,-0.05114815620406108,0.4911455793152979,-0.12274794867815937,0.3379686626950185,0.016682672258213984,1.0,200.0
528,cruise,3875.3892317358404,47.018291802298656,66.18556672775657,90.56645524712567,213.65778113832587,732.966900486233,21.651861151096313,0.3037046818171051,15.241918137222244,42.93155752381245,3395.530798307974,healthy,0,0,0,0,0.2872644713148844,0.5080225583525566,0.22460717540410594,-0.5167483233957048,-0.019629136672459246,-0.10909913837546481,0.6126502256462273,0.7249050169220197,1.0,200.0
529,cruise,3942.361340926872,42.99489335337793,67.13934490198577,89.92611389109072,212.30899387144132,730.6310679138056,21.959221007280966,0.30574840457774266,15.442094009766196,43.16819539936706,3436.8921364514526,healthy,0,0,0,0,0.25044334951681085,0.6422917181131705,-0.8025322980147966,0.21820879743173013,0.5284342573415365,0.6021196628668062,0.47047211680439666,-0.7420413685259168,1.0,200.0
530,cruise,3933.124094468202,44.34547006270297,67.23613054852001,90.90040690631277,214.368969504676,735.4644879458739,22.19913144266794,0.2988492868951673,15.574461348417914,42.530487171667055,3374.642104217875,healthy,0,0,0,0,0.4793946791134862,0.6866525343275883,0.06359387081491778,0.024318657596641858,0.100156291461738,-0.1469745411132228,0.08623342168449433,-0.8477513819680742,1.0,200.0
531,cruise,3936.228133331742,46.111164921778226,66.68349059007042,91.16008842350902,213.494059886767,734.224387272713,22.03569894480412,0.3183496587333744,15.425664718818528,42.88072258604709,3574.579812134999,healthy,0,0,0,0,0.08215128224628457,-0.10022198385442484,-0.5800779433660206,0.6808834044183678,-0.8982970540634837,-0.4083524859424606,-0.8869141141688587,-0.3822540846059296,1.0,200.0
532,cruise,3925.7209937758316,49.80509689534101,66.54565223727384,91.26724468243857,213.37701439822416,733.2465919567215,21.97731443947617,0.30855658756736765,15.31530039093721,42.85723162132654,3524.7762658021743,healthy,0,0,0,0,0.039040089351128016,0.3352651836644532,0.5913692524205084,-0.2577121533521003,-0.7632541948955768,-0.2604094450614654,0.6097937941269184,-0.1594376545484104,1.0,200.0
533,cruise,3930.626247934998,46.96514941391636,66.76759898126254,89.96365124472683,214.58804063455833,727.5222406834898,21.644097842037127,0.31534862579534073,15.491853792230877,45.462380737840874,3458.9365166647526,healthy,0,0,0,0,-0.12857654633170792,-0.46808219123623546,0.13730816863653855,0.18753483830909973,-0.20900646737475825,-0.6195771808792043,-0.47385352168514655,-0.009192802587764561,1.0,200.0
534,cruise,3954.3996850798767,46.01687693657383,66.12260423961906,90.0372086156038,213.8403278031166,732.4973337822463,22.248360143491414,0.3027783759640162,15.227205389773786,40.678432746208365,3498.2358820302843,healthy,0,0,0,0,-0.4169986539586805,0.24205951807170759,-0.5363529638395023,-0.23329204972535555,-0.1188722168252162,-0.16514752371957653,0.7795773786982071,-0.23024378416927554,1.0,200.0
535,cruise,3920.0361103806977,45.12905562986899,66.30540865287915,91.10407379508226,211.8005597596749,729.7271284234029,21.941210784884998,0.310921370100054,15.335695326313916,42.67260388577561,3374.537177482424,healthy,0,0,0,0,-0.24784891538431245,0.1411661955833282,0.6890352396709968,0.005838643683956995,0.021424194806057607,-0.5899105670683816,0.6355774909819669,-0.7416735553801214,1.0,200.0
536,cruise,3905.64884303905,42.8243368125562,66.36119795818284,91.1248056839889,214.73278572902143,727.4366253040564,21.843382910423358,0.3106228273421163,15.26980764370257,44.61678918683557,3428.658507998256,healthy,0,0,0,0,-0.16034508955786805,0.7072137093284415,0.0617457033111809,-0.38662021174302863,-0.0070637906362479835,0.6286041258114575,0.14101359710954567,-0.2681429945879706,1.0,200.0
537,cruise,3942.5207624310356,46.67494875981538,66.21320948668614,89.3313061437505,211.8734168601703,731.2451106102286,21.965985499685974,0.30596317030426434,15.34432562657637,44.57814080104328,3568.015911158115,healthy,0,0,0,0,0.4516191788531238,0.5804321705534838,0.20385297627327073,-1.276312555425186,0.5597364603791084,-0.5835116054133801,0.28417899271396796,-0.43223293087359904,1.0,200.0
538,cruise,3932.0366740064774,44.77103536207423,67.10689019777351,90.07136520174858,214.94226240962425,737.92329035198,22.182293880205957,0.3000796957428794,15.11149969311362,42.70242779060676,3552.831972519714,healthy,0,0,0,0,0.06487278533004208,0.6692216748890821,0.1754752878722709,-0.30891855718099653,0.6813560903297462,0.3707765602764626,0.8720028439461812,0.49820808399322775,1.0,200.0
539,cruise,3933.216775172508,45.94731216650158,66.9948673216663,89.24436649263293,213.53789074483342,734.5979129981822,21.77749465748971,0.311052412799347,15.086257520363006,41.63236730103526,3536.3941090250514,healthy,0,0,0,0,-0.07379428796853217,0.009176013484447793,0.004185931631167302,0.2339435297318627,-0.41789311615425745,0.04502223330197663,-0.7225685728423051,0.29422164374693116,1.0,200.0
540,cruise,3888.2599072802673,43.69056092729166,66.69707527458677,90.44659192725997,213.01228986129064,732.2659854859173,22.329117392488794,0.31655760659565785,15.421977689149136,41.126598316909394,3714.305056919056,healthy,0,0,0,0,-0.5645260629452381,-0.2172501765209888,-0.31932395012320075,-0.1613189923193211,-0.20956865431159172,-0.9275532458928898,0.2073812940226319,-0.5151453210505349,1.0,200.0
541,cruise,3950.203056864987,45.71173266264785,65.54051879241256,90.64631550650968,212.7914991837019,732.3214552123071,22.038769133601566,0.3085131920670249,15.400750116928045,42.418674999748845,3404.500676843523,healthy,0,0,0,0,0.9063051902837786,-0.4212790489630749,0.9877588243547889,-0.47325693649945366,0.03931467918470823,0.42370677674019336,0.4646955256133862,0.9817174673484357,1.0,200.0
542,cruise,3923.2434561332548,42.39516502136157,66.56430271421357,90.77078245234951,215.50146294795982,732.000833887411,21.883313197287254,0.30740590338367113,15.421619750229254,42.122541551016376,3432.9428409943894,healthy,0,0,0,0,-0.18613148214396996,-1.116565402654601,0.11104226813882094,0.4900621964809194,0.01058161269212204,0.410943289522136,0.07017777198811949,0.1757046143026444,1.0,200.0
543,cruise,3921.336294582096,46.4770351936201,67.2815379245826,90.83254361284288,215.05304857697138,733.3401820405685,21.870143329016386,0.31181056023915676,15.383735622685526,42.29001364995972,3635.2328819149443,healthy,0,0,0,0,0.17799514399512759,-0.4898190865842386,0.3394937812792005,-0.35093961592068523,-0.11320894079482025,0.43941621042651363,0.4252903152876238,0.022511065740869272,1.0,200.0
544,cruise,3907.527047860951,48.108674579184544,66.89322657433503,90.95565946823693,214.51769968803168,731.3438974621887,22.34742998871624,0.30009962068348606,15.43541339268398,43.36864819380668,3417.5024816927908,healthy,0,0,0,0,0.1271872734519078,-0.21298383643832502,-0.24047650036189844,0.020984071305224533,0.5843684683489725,-0.23826734843043323,-0.4666180928736375,0.18351613393864163,1.0,200.0
545,cruise,3910.4951800060844,47.297124384998924,65.74337525024842,90.50086551566872,213.24534275627437,728.9523780110264,22.067054008333468,0.31194358797015365,15.347114071319456,45.24881457978011,3578.5882224053485,healthy,0,0,0,0,0.8230369174103744,-0.09344100715177689,0.7823233476706688,-0.2902516099833604,-0.1055119322308555,0.3502228273313833,0.2520328381441265,-1.2701256176680678,1.0,200.0
546,cruise,3902.8196743149297,49.69687027347958,66.88394866882534,89.65417299800286,213.68767548312218,730.2771442353912,22.14190797995574,0.3143786215721792,15.311071868224436,43.090155378370746,3541.5526519088926,healthy,0,0,0,0,0.26106549259047995,0.4564876774963929,0.7449992779227337,-0.10203351614633976,0.14127036923752118,0.1699790549313925,0.9319256970802087,-0.6589704416926729,1.0,200.0
547,cruise,3896.9484645030375,46.11832978709884,65.83188797650585,90.68956336337855,215.1020090011638,734.0333491411582,21.896789373378606,0.305816115912861,15.470376012892817,44.43091359223589,3636.209136857543,healthy,0,0,0,0,0.13334602397830023,0.20795018585766675,0.4088130447461361,-1.0042696498701653,-0.5643889145659331,0.7504283324304681,0.2965411615297249,-0.40547209177160504,1.0,200.0
548,cruise,3919.3069632335605,46.4799496382658,66.67724102689898,91.01200232812104,211.48391808552952,733.5921951538576,21.933558157516458,0.3087875123724855,15.514242740394137,44.00606073178799,3608.6137547115104,healthy,0,0,0,0,0.9229971153095528,-0.20512517663119012,-0.5362623280887372,-0.29468742595459985,-0.11454835570024186,-0.23563337572501705,0.4929106958472564,0.5398233576820863,1.0,200.0
549,cruise,3937.297117873308,46.49895243095238,66.98027928673176,89.7138267737742,211.63581736510017,728.9256284310121,22.01472452379069,0.3038187678724602,15.318462751380299,42.52644347799856,3384.767788400361,healthy,0,0,0,0,-0.2893144475958354,0.27393593902407914,1.0709416439825086,-0.994428805136749,0.5012931859435453,0.6817296878461655,1.1069235961012165,-0.29825180580515476,1.0,200.0
550,cruise,3902.621310841077,43.709763152016244,65.57273278564487,89.98063176941096,212.77383680146454,731.7828981286004,22.02514965285209,0.3163386706685261,15.4264023413425,45.38651091709201,3445.257110214948,healthy,0,0,0,0,0.23178692396985348,0.1373661671392218,-0.022169740928427075,-0.47465636150586393,0.20331050557958394,0.33091648244795685,-0.03210076906325736,-0.8390573926798117,1.0,200.0
551,cruise,3908.528875795461,49.775689693766594,66.77503926987137,91.28202732676512,212.9384588139461,733.9258730162718,21.97364042530095,0.315025598342985,15.306603486955062,43.54141725042617,3324.2558489756766,healthy,0,0,0,0,0.7804899150971812,-0.14708880210509953,-0.19926702677328376,-0.3516937145390047,1.2993538318302433,0.3221166114123869,0.3400340117699041,0.7080372074493592,1.0,200.0
552,cruise,3933.423381353113,47.44637892405789,66.6608437978801,91.53939324090791,209.85572602879594,729.7548355080405,22.189535676074954,0.3054084969167308,15.165296204870543,42.56052609210123,3420.8451256837884,healthy,0,0,0,0,0.1480446853971801,-0.08254201170839305,-0.8976141683124143,0.4002127558827288,0.22735837178279525,0.5413184998122182,0.02490033431448662,0.42513794383919823,1.0,200.0
553,cruise,3886.7955467785782,44.983569912292324,67.18971153161932,90.28226692523401,214.27919554611418,737.0436494699011,21.91907785705522,0.31302903872642474,15.188597933061873,42.95796727226098,3305.1355769970255,healthy,0,0,0,0,-0.10291753736375288,-0.14893204277912475,0.47158809861843043,0.5415681683760795,0.25187131926180334,0.4749791130682486,-0.04275414276461591,0.44451849777325286,1.0,200.0
554,cruise,3907.519861796868,43.66355927023313,66.25763607247418,89.77871757275837,213.6327342436002,729.471144423088,21.699857430165633,0.30653902513062115,15.282697750344248,41.49190573207642,3506.800998715818,healthy,0,0,0,0,-0.5633655306048369,-0.4258993459985333,-1.1087528173736108,-0.13698228329526946,-0.17569651575625045,-0.01421028340584733,-0.5703370834972212,-0.8086815035455357,1.0,200.0
555,cruise,3877.8318559919917,46.632241321723605,66.05859459486828,90.20228760605669,212.57421109345418,731.0505870058773,22.160778235727673,0.31120185685861185,15.257420311553284,44.444741533319345,3490.6385828711327,healthy,0,0,0,0,-0.8900006790079196,-0.17899108406368788,-0.3929258028102321,-0.1653705922446091,-0.41798967444555246,0.32839312882498617,-0.12789361885163744,0.5155643837890731,1.0,200.0
556,cruise,3942.17490935299,47.18431786242148,65.76248293248211,90.06392889038779,213.36362429751526,737.1902369500555,22.530231763646473,0.3181814257311809,15.390561408427635,41.405818968964745,3615.4631271164235,healthy,0,0,0,0,-0.7210913739962628,0.6213701522289767,1.2985651097008375,0.11307018410272354,-0.42820434277935165,-0.4819285128533567,-0.23899140436417882,-0.2880339921099583,1.0,200.0
557,cruise,3912.7383545782263,45.74499249106035,66.01726350521359,90.28696547257475,215.77576507307467,730.9200739051863,22.174928307541574,0.3140011735495779,15.33383322976251,40.40997847239139,3452.3115219856036,healthy,0,0,0,0,-0.04516958772799233,-0.07774188185423235,0.22829498356575773,0.4464686357116628,-0.11670124891890196,0.06781503618714128,0.37369317034672234,-0.08598263630558946,1.0,200.0
558,cruise,3879.6278271100573,45.8413717894674,67.53342594675748,91.05495870413296,213.72329350780234,727.7097151131832,21.930579390321892,0.31171739995120185,15.36579139099501,42.40233234995672,3462.6289938056816,healthy,0,0,0,0,-0.13559045145051654,-0.4587030750346995,-0.26676807012141435,-0.18126553926346972,0.10947831640498086,0.3895825677892407,-0.12177815073804152,-0.05474520051987901,1.0,200.0
559,cruise,3899.172820260246,45.09298908837876,65.95014166943277,89.40804974603915,212.3225625249643,729.7127094826083,21.919511650614897,0.32048373846559786,15.100259309675195,43.30968930095886,3362.4952915540334,healthy,0,0,0,0,0.24467568537010054,-0.5710825158160137,-0.07757702928124705,0.12688925474706872,-0.3378118973478104,0.4414749925016694,0.39893914756542415,-0.8747388877992139,1.0,200.0
560,cruise,3895.102661409761,45.46372796378475,66.12693371592287,89.33517260536561,213.22395208268338,730.0273631024284,21.877896993823605,0.30222343655750955,15.365985193527191,43.075983416021785,3560.8816897309584,healthy,0,0,0,0,-0.5368798132671737,0.21299918226622866,-0.7431342131359474,0.1212899726047959,-0.4038446366700385,0.2683109792887019,0.07724573011156456,-0.27360750396249267,1.0,200.0
561,cruise,3930.7922581144544,48.139505410677955,66.07645495015173,91.72707441698977,212.58116770464562,734.8607763261377,22.067563550267018,0.31589085942274353,15.485107022359736,43.27387440155893,3467.043089481789,healthy,0,0,0,0,0.46350855587252177,-0.1926005145030323,0.23242120688118803,0.6337799348691574,-0.5170187447555322,-0.7474020070413696,0.77105601692256,-0.3237099595854581,1.0,200.0
562,cruise,3878.076866250638,48.27045852685007,66.30113929617187,90.0786403820555,213.14389352582435,733.0107413066365,21.968092168261943,0.31237957595667815,15.249639348693838,42.462308415261056,3451.4585234882707,healthy,0,0,0,0,-0.07521730596400529,-0.43946084791053197,0.47348853620013015,-0.8311122741626702,-0.16893649837226768,0.2582685672954525,-0.5444112259778409,0.565035785740806,1.0,200.0
563,cruise,3910.1355056321195,42.46886898825111,66.12985708612554,91.27149675091665,212.16037335035162,731.707992481116,22.004147396302507,0.3150928466970102,15.431041135493144,41.29273511840062,3627.2839288025675,healthy,0,0,0,0,-0.4243048297565051,0.6120380151967276,-0.0781800266081351,0.27769964727065655,0.5724196817044058,-0.1610572222844562,0.06631535567409254,-0.5443000772142605,1.0,200.0
564,cruise,3935.1211781983875,45.746980504313036,64.56326427584686,89.45415152129078,211.70279553381624,731.9222482082757,21.804540329303375,0.30796484824795606,15.354511874805729,43.87102875131636,3584.1569914273477,healthy,0,0,0,0,0.6425093320881072,-0.08245238925014053,0.4639517324668459,0.9197619525746492,0.869797949732425,-0.2484773939530963,-0.41426034387273786,-0.49509353073771645,1.0,200.0
565,cruise,3923.1063238256033,43.06102005590129,65.99245670745341,91.07646444208261,215.05227168090173,732.6672344701021,21.988789253349342,0.310677484405293,15.296277884466809,43.55516756891933,3559.793115293861,healthy,0,0,0,0,-0.6299257590962443,0.2818694303364019,0.20538120519107428,0.3271811604987263,0.5617773258680518,0.4739184970992375,-0.22164046569616366,-0.63123154127974,1.0,200.0
566,cruise,3946.128392293186,42.797831851843476,66.68833729268874,89.71293799563033,213.2478094789039,736.142963568561,21.934958544471886,0.31058575280298195,15.472474510493281,45.26782529759264,3592.513641606543,healthy,0,0,0,0,0.16582097506776486,-0.32071930166087115,0.23471791146318227,0.37407890915811765,-0.4291664252499311,0.9388683976708896,0.5571846990832829,-0.03848782558226285,1.0,200.0
567,cruise,3911.6694136417395,46.641128328279706,66.44039440063177,89.96889155269291,214.55498348942928,730.986875710464,21.7267528139042,0.30574568287970544,15.388338501621133,42.5561667018455,3622.257648339535,healthy,0,0,0,0,-0.397944608657583,0.21209804226685788,-0.6930497917635626,-0.06577807879437722,-0.4571270037871863,-0.053770327312488826,-0.720502395174435,0.08262886240630306,1.0,200.0
568,cruise,3957.9561775466877,43.78608407928772,66.57543313887524,89.72330596457728,213.8900372875374,729.7982627241536,22.249763658162504,0.3073928378297011,15.098342227601117,42.50404926501733,3719.525461801919,healthy,0,0,0,0,-0.8489666035985372,0.9158844317703515,-0.2692727907659823,0.349323253460169,0.16529589911705764,-0.3189582241572841,0.09653534380263908,-0.37527239962116726,1.0,200.0
569,cruise,3905.7464431157887,39.162507854858596,65.73588573863303,90.88813757913228,212.3679644209082,731.2905501573426,22.130652546471374,0.30729798631531635,15.47727664169359,43.54276281924994,3373.759468443106,healthy,0,0,0,0,-0.5673149956599973,-0.1081526953158783,-0.9611333578563523,-0.03897461441564899,0.6433963355017981,-0.7864750852464207,-0.41214705514690814,0.29383292159669805,1.0,200.0
570,cruise,3913.165586526775,46.759528061497846,66.71762561676832,89.93658594435331,214.7124631008385,730.962238334815,21.533698880505842,0.3140305052550302,15.360037034356322,43.158319198461825,3356.509164603486,healthy,0,0,0,0,1.2972091693220527,1.474558626083091,0.7626005922346307,0.11899722029845085,0.01358751594442072,0.03031262794783638,-0.2992012285676026,0.07801350583699772,1.0,200.0
571,cruise,3895.8371780786283,48.03350641541933,66.44508723396964,89.9622484879493,214.26200715293473,733.0666225194892,21.81422431582233,0.3089896153896266,15.398648655849117,43.32679404020359,3619.261868133285,healthy,0,0,0,0,0.3697833945516949,0.25113737995430313,-0.476152911679378,-0.07760583111719374,-0.5719489255616839,0.9175093872784957,0.12035282735360453,-0.01151265689217585,1.0,200.0
572,cruise,3921.113117302139,49.54677703439781,66.24080430472638,90.96549409698545,215.82883778523396,731.0024992691634,21.98289910845984,0.3254008106429067,15.356193295469344,43.94847223414224,3539.746151498561,healthy,0,0,0,0,0.06230833831887888,0.8418905790925602,0.5284606679328993,0.20932807252037575,0.13273635093380334,0.20155497207968304,-0.3427848904501203,0.6757134756985311,1.0,200.0
573,cruise,3932.8975952710516,44.67663617155541,66.73904169674448,91.50203925942108,214.04180412758674,731.187389196713,21.8241664835347,0.3003544602000383,15.361464879406876,41.88039402592271,3538.06351773681,healthy,0,0,0,0,0.11758968085823741,0.34960906406252723,-0.43614583899128084,0.6879547936357974,0.08971570537218337,-0.36683667650069945,0.6442652294463723,-0.25829494976328665,1.0,200.0
574,cruise,3917.5804734527965,48.360113371266486,65.85182792071764,90.81889479159516,212.15391261902377,730.0211278421768,21.529060660661802,0.30626085866257197,15.395342031121965,41.920187451510266,3304.922457937161,healthy,0,0,0,0,0.5138116407221568,-0.6202092022519493,1.0233303191238334,0.37152456239983817,0.3451882464043311,-0.7225163440147399,0.15751982053494396,0.06570664686273335,1.0,200.0
575,cruise,3948.716897636851,40.227199483624695,66.3570730646644,90.7179268827135,214.99629765544424,729.9113134358681,21.748917799636416,0.3124069913533078,15.207882905547784,41.01950716619605,3648.309240509826,healthy,0,0,0,0,0.16874796871019826,0.7748940537332639,-0.0435308106166607,-0.13479471725441006,-0.30224928642140303,1.1587775398421265,0.02624005741245299,-0.10079942923343195,1.0,200.0
576,cruise,3941.5867437327506,43.38242354143332,67.1927905655827,91.02921172330655,212.16426901999768,730.7083928934546,22.121499216303768,0.30704624747585224,15.507549746914433,41.7031868983939,3418.7054284182746,healthy,0,0,0,0,0.12782691663946325,0.35760072402148213,0.31058088984849086,0.10776951676506279,0.4449562831239237,0.3486921019398019,-0.0600452478838211,-0.16571233453981854,1.0,200.0
577,cruise,3916.882713098793,46.507161498057386,66.5414274463102,91.56196902045004,215.52759190384432,732.9477605907082,22.009619331124888,0.3087662543193169,15.455343104938581,43.63079706174189,3545.925050342599,healthy,0,0,0,0,-0.45333301403321424,0.12250369199312759,-0.2504734136707288,-0.5519427911291918,0.4091185137054174,0.47064606222303945,-0.02571437240987216,-0.33923158211447024,1.0,200.0
578,cruise,3919.4471749386325,46.412291291415265,67.47428711751124,90.4123106845784,214.16100227766356,734.0574719234078,22.19156870738485,0.3090239030904889,15.331359629209517,43.906301638860654,3429.758356677101,healthy,0,0,0,0,0.17838204088924148,-0.10562312765349609,-0.4006922884439014,0.3941632078609619,-0.584508818502657,0.6462282176932673,0.8289035602508915,0.6505213586875017,1.0,200.0
579,cruise,3902.717251527883,48.11005858070433,66.85889253867101,89.97459388970037,213.69503987136378,732.9276939620779,22.34511616325957,0.3090397959801628,15.209538413240795,42.3180594351416,3522.5799399179673,healthy,0,0,0,0,-0.16508981907341014,-0.040387256070655665,0.13138285321532794,0.40042137114561427,0.3558160469064111,0.2383355611385194,0.13056422827151898,-0.0676809072061537,1.0,200.0
580,cruise,3917.5822560951,47.38260173450482,67.07359573669167,91.66715878383874,213.76815103022756,727.7571845196337,21.793864063435393,0.30452351227779156,15.634668078721898,44.05158830601829,3446.1196900319164,healthy,0,0,0,0,-0.2957756529671616,0.012153624635121913,-0.9857315663892726,-0.7184115100769579,-0.22457673151615143,0.05589250829659907,-0.16620642571813887,-0.6257564104631957,1.0,200.0
581,cruise,3930.911012562538,45.30608271593729,67.08433527105097,91.41024277296638,210.12462869102006,735.6410078298857,21.893873126793927,0.3086343193451097,15.32847079341392,42.63900435759296,3478.772948661185,healthy,0,0,0,0,-0.8171022387367178,-0.035537740996824906,-0.8420950544705108,-1.1800191559109605,-0.8119840009238009,0.21066059808685328,-0.6745923694984001,0.16682453868576855,1.0,200.0
582,cruise,3925.350334793631,48.52771848204356,66.82107631016068,89.83282455334269,214.48765829351015,740.7077472021348,22.412511535289337,0.3236294331050214,15.16686188617743,42.43637998201632,3438.6757787981587,healthy,0,0,0,0,-0.1214833958833625,0.11749777337518695,-0.341678184054177,0.28202198705420944,-0.26986042204187993,-0.014696394560357623,0.10253819743816323,0.2673049165381691,1.0,200.0
583,cruise,3909.7086919601284,46.84218803550399,66.99851619119829,91.04925895728958,211.30916055047788,731.2620781285276,21.995429765897015,0.30220585878902845,15.128494844007088,41.35064519955817,3497.0842123224306,healthy,0,0,0,0,-0.18287219377865735,0.32274512427019736,0.6931905365155103,0.009443999185875447,-0.9253357600337789,1.250141748625466,-0.9012666019672683,-0.726509010157533,1.0,200.0
584,cruise,3933.857958448476,48.90340022135334,66.12653464722084,90.80581168482003,212.970983987684,729.0157827843462,21.85710906656345,0.31322431630796294,15.25280449709269,41.16596368765319,3678.070093650036,healthy,0,0,0,0,-0.1170834206373228,-0.2647855314462405,0.2248905839793397,-0.09433591605961324,0.18528817471996162,0.17825050744555748,0.32819246664128854,-1.7291253275731278,1.0,200.0
585,cruise,3896.190666701472,43.860668769794266,66.71041518321422,90.51869556250426,214.3169064384135,732.8316781217868,21.832525618021624,0.3183850929223662,15.505262996896608,41.87975224428345,3520.34539157126,healthy,0,0,0,0,0.539113574160438,0.6648540311557506,-0.46362953232931187,-0.1290774400437491,-0.19429990267692102,0.0016900027232555127,0.2988865079852087,0.22892833790948416,1.0,200.0
586,cruise,3929.86650290351,46.06973010788107,66.21173948408989,89.86987715907655,213.5615659114921,735.6415317019149,22.091995227875227,0.31117176279770975,15.232188353391882,42.11853093221942,3480.8233698977206,healthy,0,0,0,0,-0.5133332029221843,-0.02551015431966951,0.09110776375830576,-0.2414536186811568,0.2970535635991428,0.3417971232188246,-0.47125531386083347,0.49467450313933853,1.0,200.0
587,cruise,3918.174165501509,44.61003140744004,66.60978125361542,89.71480292280373,214.98970785482146,730.719911913619,21.78464684280437,0.31623826116938925,15.023284432475318,42.21973728336405,3651.0643426986403,healthy,0,0,0,0,0.574856959294541,0.12189089353032205,-0.7107431848141119,-0.054623826471430006,-0.13996665678057818,-0.04274912976728685,-0.3088826729112091,-0.17181197953326152,1.0,200.0
588,cruise,3938.52709933133,47.08104936991787,66.44624132931797,90.23276393426627,212.96641179721428,734.287160151351,21.923329517437487,0.3054610378455833,15.480342472420608,43.42901575636067,3344.16380058272,healthy,0,0,0,0,-0.049261712428010626,0.3470706103282497,-0.25056355426797516,0.46469016837018595,1.3681589344529153,0.16535854273603337,-0.24186075199298132,-0.7537843258959035,1.0,200.0
589,cruise,3924.9333860683787,45.030118421052364,67.23947105726486,90.51807831056435,211.74975461201873,732.2400344911812,22.214500095018636,0.3237699959857484,15.193523366207232,45.40553709301596,3444.64109297134,healthy,0,0,0,0,-0.16186815362683452,-0.10667538906799022,1.1802633025973148,-0.45614905302307746,1.1221692198626574,-0.10807948645026702,-0.061433138191144085,-0.15155064439629023,1.0,200.0
590,cruise,3912.435173300809,44.965518360740525,66.79984852812208,91.54593160008838,213.64375203826512,736.0736768761909,21.87081293853139,0.31289622229590003,15.131752866910034,43.203932619166125,3502.9924998978336,healthy,0,0,0,0,0.13807626440807705,0.22658114828610487,0.006983432941200078,-0.7165163295197187,-0.45140789469610315,-0.9463126002062663,0.31808353292301655,0.24940653605747493,1.0,200.0
591,cruise,3906.1323281256946,42.816243459687115,66.04413177565908,89.72194708886286,212.7484806846699,733.7729131498475,22.095236016525636,0.31434689504520924,15.301218945215313,42.413368971221985,3620.0857004998716,healthy,0,0,0,0,-0.5499714709833274,-0.14079812319004426,-0.30462560046783527,0.7858108232306055,-0.3310152520291273,0.2915731430954468,0.5675483871371062,-0.13330496304988246,1.0,200.0
592,cruise,3922.335224491602,46.08563102291349,66.8310746389206,91.17223597609782,213.10044144549357,733.2598608404516,21.980859398128544,0.3180181275431993,15.167079466695569,44.831580898690845,3494.934796752586,healthy,0,0,0,0,-0.45657249990289306,-1.1181179594866666,0.5085179622016573,0.3672240094976865,0.38818051344310733,0.06430616994743349,0.3133096453395519,0.23902115177495006,1.0,200.0
593,cruise,3921.769181341383,47.70020150343031,66.29623538283762,90.68904735292783,212.68166856661523,727.4057088371766,22.29856988989981,0.3133713456617715,15.212134858607852,42.87596225879896,3394.2599785365037,healthy,0,0,0,0,-0.325172016153457,0.7364413624318018,-0.04676268790676243,0.2288331453611998,-0.2950395807289849,0.2540844257037309,-0.9801065263119385,-0.600464060024053,1.0,200.0
594,cruise,3884.831579414724,47.48561397706122,66.50763776455786,91.05085738564357,213.47132686355573,730.9567581024615,21.68770064807678,0.31236876395946656,15.60848977182316,43.51002459718616,3606.0294798625046,healthy,0,0,0,0,-0.23156620264023747,-0.7298494503658062,-0.07381428395711569,-0.08881797739695577,0.1983344385983963,0.06631992062434595,0.32140537192441093,-0.061250918515607204,1.0,200.0
595,cruise,3909.092286921255,39.437158784822095,66.50988516508474,91.774847545379,212.08060038027455,733.2068513603643,21.890911552743805,0.31650887570596287,15.222626206085955,41.17176359611054,3492.56091614716,healthy,0,0,0,0,1.628045046030405,0.49752431445668,-0.0887060167685306,0.08147958576592779,-0.16662477512106563,-0.5348451565864301,-0.1684783989034904,0.19357795181050708,1.0,200.0
596,cruise,3914.960453481551,42.229931367599384,65.52474680574613,90.2951589523023,214.76445079058567,738.9314801988728,21.936541009126167,0.30764500034129544,15.135913903218157,43.105544499674835,3498.0884644257067,healthy,0,0,0,0,0.94113460753147,-0.28145562220673853,0.0997113218529779,0.2486876097066561,1.020672604857797,-0.9627509825949304,0.2704337414596897,0.014321323012209604,1.0,200.0
597,cruise,3945.2092878231406,49.479503806333874,65.9471386340291,90.64404669434276,214.0069597990362,734.6155216590442,21.94725949673905,0.30483230769071373,15.391065731219749,42.49308930475156,3464.3683146950225,healthy,0,0,0,0,0.2587451565277483,0.8490745781388489,-0.8121762743113483,-0.024322447796220174,0.4858935281455738,-0.1135717131260556,-0.4132918143649238,-0.1431300507734875,1.0,200.0
598,cruise,3916.60979177643,45.09397005701824,66.6131567217349,89.55228257539339,215.303074804355,733.6287992592981,22.076652773246018,0.3112805455606343,15.430085066511479,41.211019407133236,3502.669302359708,healthy,0,0,0,0,0.19550085069491815,0.06707217681008829,0.45363743273745194,0.3110749377534529,0.21940311665559087,-0.5949935047025084,-0.20809475300841185,0.7450752132661196,1.0,200.0
599,cruise,3936.327366606321,45.17134029695174,66.38651633209464,90.15940087026823,213.13377214448013,728.7511863438529,21.67140550106707,0.31639193411575567,15.086744731820813,41.09782050211974,3595.159738951082,healthy,0,0,0,0,-0.3338506091001246,1.5554551053222516,-0.07051514857815722,-0.5345345491038299,-0.11220901611723108,1.059906240148592,-0.7570755668148492,-0.3763472120458193,1.0,200.0
600,cruise,3912.04739396599,47.799893637519105,66.81851300470866,91.49833412360071,213.92634923662305,731.5390608406155,22.12228081466803,0.311207759950998,15.287213244664851,43.50285202493318,3465.4452980581646,healthy,0,0,0,0,0.14310120072205992,0.0681012400863924,0.4432112816486101,0.14092849806185634,-0.15681852151016706,-0.10166336595606429,-0.0663655893127414,0.1264435024544919,1.0,200.0
601,cruise,3938.815336117047,45.862513345174506,66.41237083413881,91.77610162291717,213.56470779650826,726.0246192282904,21.698704252158244,0.3186863098909743,15.500771429340544,41.064709829153664,3411.130469073666,healthy,0,0,0,0,-0.7728364263084465,-0.22307369921935916,0.39798444632967517,0.13136899814622915,0.14076886875525968,0.04862805153470791,0.8847520554249111,0.2498113691033839,1.0,200.0
602,cruise,3898.913391515275,44.20404247046155,66.3372904048025,90.66160954980415,213.63250623542135,727.5142577609611,21.97735979572362,0.31204872810620565,15.221919963299694,40.82749563539401,3401.5735603631774,healthy,0,0,0,0,0.25462538715037286,0.48771018589633786,0.26448612973501157,-0.22474700472837916,0.1279801363446824,0.10610080602252833,1.000149122102819,-0.07597269313450898,1.0,200.0
603,cruise,3949.5905346029176,45.049528858186854,66.60017767792017,90.52998215894213,213.2817579980415,728.9950132176155,21.780294387547507,0.3079997297128801,15.156722250992084,41.96522546368706,3334.2689226333982,healthy,0,0,0,0,-1.1203968794553025,0.5080420577053262,0.5745608871332833,-0.21072052206064648,0.5333509166392281,0.6376242315800768,-0.2589861214342043,0.21306911031176576,1.0,200.0
604,cruise,3889.417460743287,49.263544130012455,67.37714878049307,90.83779947150055,214.01493515512615,729.5970264750941,21.844827875033726,0.320197822166799,15.506546586077134,43.1681702216108,3555.483346894496,healthy,0,0,0,0,0.677168821966035,0.41214482170874805,0.23199511632348593,-0.073657777793564,-0.6090591551425939,0.02451897909206808,-0.47933746505045727,0.7556131505506495,1.0,200.0
605,cruise,3917.5325753018747,42.70644044899695,66.85825334205906,90.73951804035642,214.09590883384936,730.6603366095314,21.955254378580694,0.3191304793222547,15.49836613085109,43.48117933189709,3574.348453964529,healthy,0,0,0,0,-0.07023024009030099,-0.07257830141465804,0.5887724260521479,0.6047814735272872,0.1768765437349909,1.186345276323426,-0.14739347991784066,0.3805044196235652,1.0,200.0
606,cruise,3944.8074194069964,48.07167243069902,66.93252381000565,91.91283391731122,215.3303656473067,728.762184261458,21.91024939909317,0.3094721284326493,15.247640877222016,43.21225507700864,3513.541287101241,healthy,0,0,0,0,0.7262601359141789,1.0132139670505604,0.49048827862445155,0.09639923595232797,-0.3918145863998632,-1.091270960760567,-0.1561023409445571,-0.07577106537993793,1.0,200.0
607,cruise,3923.10565806143,44.84443852485782,66.2312971899805,89.95505611163452,210.38988828065493,732.4184107769753,22.009326785996493,0.3076370938701482,15.111552608941581,42.3038691852027,3401.4243371786165,healthy,0,0,0,0,0.8313849518648703,-0.27903206695540106,0.7820080784262415,0.5075987390672303,-0.8003484474888779,0.06753581175632045,-0.27287110507651285,0.1094987616984126,1.0,200.0
608,cruise,3946.3574866050335,44.92676532500017,66.5363512779484,89.55032961156309,213.18837440067145,728.4798482332404,22.147591515538227,0.3144041510456092,15.5001776595473,43.31660498549236,3643.284925751546,healthy,0,0,0,0,-0.1935327749817142,0.005270492021851121,-0.6487604211898059,0.7429221879937682,0.24030780151703068,0.228102361466176,0.0936932643599941,0.49789515698859976,1.0,200.0
609,cruise,3917.733718161362,49.195048934787636,67.41871833009756,90.11431018083876,215.35853163957884,734.2000229676382,21.606677419610538,0.3106521598327325,15.48368973732989,41.044981434158125,3439.6581504667283,healthy,0,0,0,0,0.006857888064834683,-0.33529469032865694,-0.21244182418881316,-0.11363472380195772,0.7706753517010263,-0.9025515341522337,-0.32203108347737774,0.48620003824749897,1.0,200.0
610,cruise,3937.33730463072,44.18347556540143,65.29723357071549,89.73464902276557,215.13380759505174,729.6723450361956,21.878976974703253,0.3064503180733924,15.375351949917501,39.70176563701923,3329.8734577344135,healthy,0,0,0,0,-0.8963721741386704,0.12096708904076497,-0.23050401409894095,0.1476117913825278,-0.46074114623213736,-0.27341857267026054,-0.26259134176958354,0.9059998790718868,1.0,200.0
611,cruise,3931.3355930766647,47.13933948596299,66.45276235796901,90.62943508364359,213.6926147268554,731.5540439890096,22.103685729394947,0.3123039958170798,15.172384783036913,40.7096010449787,3487.39424786217,healthy,0,0,0,0,0.6616434177740743,-0.25671486228731366,0.04879294237798081,-0.6952098054179351,0.20345643465963242,0.3562246141887756,0.04769309393554124,-1.0534340843837315,1.0,200.0
612,cruise,3951.6655521045795,44.74311585365131,67.00463437781549,90.59510831754216,212.33373827685588,731.272436327587,21.91599467382886,0.3095126908536487,15.36145091638284,40.781902169740746,3301.583913412614,healthy,0,0,0,0,0.20929982204130296,-0.386279235278886,-0.149583321050512,0.45237436610400916,0.4212956042070319,-0.7871354401807633,-0.003715357995688651,-0.20833392893185598,1.0,200.0
613,cruise,3895.09772183521,42.60508870294288,66.62729601738272,89.6653374942577,212.42891904762374,729.4826826191771,22.234920498546803,0.3193635898741651,15.481138389115625,44.593119206487664,3423.0108559194987,healthy,0,0,0,0,0.6279989658346475,-0.1640866639276665,0.49645805034872603,0.010318713065816566,0.26509636785474655,0.49160851750130186,1.0001325847270546,-0.05168539153660252,1.0,200.0
614,cruise,3906.1794530741627,45.13718301585136,66.84231263618443,90.54153694776353,213.7845938330183,733.6973772513753,21.643848066063708,0.3048892241962573,15.50180566144812,41.62493794509006,3480.1671571855704,healthy,0,0,0,0,-0.44821675747893935,-0.11474054810601983,0.92122208289782,-0.17924555427226968,-0.10950389011063283,0.18128347302629405,-0.132334003671322,-0.053508362108501246,1.0,200.0
615,cruise,3897.536955058466,47.807075503896435,66.22871545501894,90.38503591305447,211.73337749819035,729.771252075956,21.885339232252008,0.31527604333082376,15.1930843357095,44.08801260478243,3530.8785827044617,healthy,0,0,0,0,0.8308600257093064,-0.09986035449221461,-1.089651371926066,-0.7049012736064431,0.1128572091748929,0.2893358585401773,-0.41481557219697585,-0.05089762932046055,1.0,200.0
616,cruise,3910.3426433940253,45.0974383999962,66.48556196784733,90.70522498023159,211.27577794369518,733.2584028862874,21.789436389910033,0.31404680812640884,15.078298113344058,43.47766063983881,3494.816614366477,healthy,0,0,0,0,0.5203448340243169,0.07048501701140258,-0.6945853245989236,-0.17896762332725866,0.28034557686946415,-0.025902049944430412,-0.3982227406651852,-0.24108605635567146,1.0,200.0
617,cruise,3893.0867418639964,46.56806640920105,65.13153486065538,90.17673960768805,213.53652231268805,730.3994338315889,21.952870274737606,0.311498765801596,15.416280138254935,43.41761613742607,3434.2819465298985,healthy,0,0,0,0,-0.14573345060714576,0.11155987426538022,-0.9844258761285822,0.7304655809747473,0.511340330870727,-0.32803641997423605,-0.08893125015600377,-0.13703914276404872,1.0,200.0
618,cruise,3906.5415868832943,45.84632938580102,66.0080751528442,90.3209976623204,212.56474154358273,732.1201049750634,22.210765113044573,0.30848414573707206,15.345325449623106,42.35602161840267,3494.6717630838248,healthy,0,0,0,0,0.53265912830263,0.4669669655889573,0.08541546085586756,0.7508759784208752,0.04863823705428631,0.5725729821053094,0.14620144071338273,-0.3113500278713394,1.0,200.0
619,cruise,3887.906215895072,45.562885471235575,66.90916060877328,90.38857520448413,211.64593593979947,730.4113570934908,22.258836598681377,0.3147618256188793,15.546728568355258,42.99010492298987,3521.3983112293517,healthy,0,0,0,0,-0.16662172704782133,-0.1322382796320148,-0.8747914723954648,-0.1758387274706899,-1.0056850812547509,-0.05448045662484374,-0.6907991208369924,0.19883822142521365,1.0,200.0
620,cruise,3936.9290506255325,44.63422710977237,66.58170831172839,91.3586494727745,215.31244158623406,737.0490074117517,21.30301508720279,0.32423775205339966,15.338360988379803,43.32223468561308,3637.2734792316555,healthy,0,0,0,0,0.9428492677178929,0.5276468124587113,-0.18408489613310478,0.7549970193523994,-1.1234642243194508,-0.2170722697896063,-0.6032598836235689,-1.059068771281865,1.0,200.0
621,cruise,3910.0662658120864,45.73278735627574,66.70334099042961,89.88026715987728,213.71221328284614,734.8302075881464,21.89853374878046,0.3022659864655754,15.484395709108654,42.443285920445476,3607.5744084946873,healthy,0,0,0,0,-0.07878038246560116,-0.36740498553169887,-0.5340888746597622,0.833804867056719,-0.29746276218025247,-0.25382735169709036,-0.3524236717916713,-0.44425637444350397,1.0,200.0
622,cruise,3889.1896161723826,41.4034358512411,65.74558315322166,90.2118059414548,212.12299593510926,740.3370108905658,21.89605783778458,0.31575680948892776,15.309116028639377,40.33287266296688,3427.1019668669833,healthy,0,0,0,0,0.19376031960568477,0.2999586883900342,0.6169109432314324,0.5394323370387699,0.7267698950304449,-0.3454435241249981,0.17452157126815737,-0.6862649504885819,1.0,200.0
623,cruise,3930.4447007417116,44.57257944399078,66.84920093847364,90.60020682944058,213.05202195090737,728.0205352319305,21.804062740001562,0.31210474089606666,15.483623661771047,43.075873587216854,3606.568857418222,healthy,0,0,0,0,-0.10466017944944292,-0.26262685987609335,0.013399963710649151,-0.15051819302477915,0.3341634403087958,0.482243082276191,0.07487741135395783,-0.42572990490972534,1.0,200.0
624,cruise,3910.649652028823,41.86133550460889,65.93513913196782,90.51773002683863,213.99500917226817,737.4481093711236,22.02333835924689,0.3161432150217889,15.53986124219988,41.7464362796827,3514.5195154673174,healthy,0,0,0,0,0.7577807970475237,-0.15146530637828742,0.023512190277637915,0.6015137921345406,-0.15829607553404357,-0.6694136048076903,-0.30955437955623627,-0.11017920981594251,1.0,200.0
625,cruise,3944.8498926208663,46.008620448860235,66.9010406393393,91.25509956690769,214.2451025415017,733.3752348858476,21.625763653581462,0.3039337147604737,15.370493867370222,41.63464374774012,3417.550510171297,healthy,0,0,0,0,-0.5634858923345892,-0.1966202943823338,0.5855071333896451,-0.1948089326066438,0.5138329506759425,0.9205070251504389,-1.047105703003352,-0.4597460425467489,1.0,200.0
626,cruise,3889.3872858880504,46.17854372803253,66.57651277366175,90.3793018489299,213.6993919038923,734.0132668577079,22.206629424387163,0.3092388013647346,15.550970000795013,43.99560811573911,3503.27436312668,healthy,0,0,0,0,0.9220635026308576,0.16335080475409194,0.13859993886926786,-0.6975660353497061,-0.18450758427604283,-0.06993529196924426,-0.3835595995327663,0.45722112412562577,1.0,200.0
627,cruise,3893.82162907646,43.87709225625004,65.85424610093789,90.7691912744844,212.07996752591671,732.1776453092755,21.913602647076583,0.3129584122757895,15.015985920069184,43.4137185179239,3457.121794421225,healthy,0,0,0,0,-0.25657944481009953,0.7631015215828182,-0.3190367986371888,-0.911214092830079,-0.9348409989915851,0.44344405523991837,-0.38988230782099026,-0.35486882015428983,1.0,200.0
628,cruise,3895.5635285237063,47.071837972155556,66.43701588466618,90.58095706320357,212.18417415540034,732.3600563367329,21.962281785274847,0.2964137282434302,15.323123301000981,42.38093468099263,3577.1601324915955,healthy,0,0,0,0,0.5728810931013343,0.6557120519349307,-0.39541227521070266,-0.5389153397558065,-0.7445066311803592,0.3730930052745271,0.06679491697882664,0.1779975849238944,1.0,200.0
629,cruise,3935.3286292286134,46.26088385751299,67.3944296646049,90.04897343639304,212.36050513671915,731.2369696818971,22.3515681174562,0.3158933590257138,15.481091454699833,41.19983534763549,3554.9601839096545,healthy,0,0,0,0,-0.2449745443354175,-0.9832229654775965,0.14046192537335017,-0.24918721297022314,-0.2907347406863947,0.5969932690343243,-0.05634374186099703,1.2664596480764019,1.0,200.0
630,cruise,3904.883040225318,46.05636692973721,67.24702580596016,90.37686603848381,213.48690149808948,734.9745720120592,21.648178831489627,0.3068964472218356,15.435245092330007,42.21281336105453,3583.2880097113043,healthy,0,0,0,0,-0.8846314159027858,-0.21372255242304786,-0.015130585082890434,0.5111029537002143,0.49846520771571334,0.5666507061048278,0.12888670832097562,-0.035974607597301964,1.0,200.0
631,cruise,3935.302273467138,44.74641503417041,66.36615978444156,90.54405561744404,213.03794124859087,732.1012059837299,22.28021476656669,0.3114096121938252,15.351050198757113,42.5383251860932,3558.1226351736864,healthy,0,0,0,0,0.9915325421178192,-0.7699735524482849,0.4934346933343545,-0.05386352111724795,-0.5308560415363406,-0.32528946477903997,0.3658556924345662,-0.32634266001969614,1.0,200.0
632,cruise,3900.6888733274827,46.41480876261017,67.52164990924089,90.08188056120923,213.41363929717474,734.5536251368626,22.111523323534367,0.30590710081531686,15.379302708152185,42.94282847635346,3327.3988416668517,healthy,0,0,0,0,-0.9930640864610922,0.038783389492148164,0.9810027712769358,-0.2166641591997698,-1.2438994814011757,-0.7234748627045786,0.17082953130929815,-0.1676054857030889,1.0,200.0
633,cruise,3976.6850312061974,47.577636826512226,66.43646100966903,92.11905423622174,211.37756710043897,733.125209009966,21.805052593023113,0.30633520021514343,15.403808003256993,42.20435364757665,3487.2964995185107,healthy,0,0,0,0,-0.0666318968042403,-0.1670904863367156,-0.3419034969204601,1.0715677233355956,-0.18994141950841473,0.42722056694969823,-0.26781353508330324,0.774770146398265,1.0,200.0
634,cruise,3923.82752835944,44.14833637372038,66.29496831763248,90.69536995758055,213.3691770914608,737.8773476362418,21.936186788350383,0.3091451474088076,15.466937064388745,43.83334062744161,3372.1807953434627,healthy,0,0,0,0,0.15954357095747704,1.2253023022255132,-0.3055795430764695,-0.34018084890739614,-0.1728128224018472,0.6786496858905493,0.022006330326541156,-0.41481271285103366,1.0,200.0
635,cruise,3891.85542090409,43.835533903520314,66.3466007791627,91.1886425080571,212.27037610352437,733.2397032405507,22.030028501419473,0.31222600970574516,15.420279079191532,41.7837173514271,3342.980892734332,healthy,0,0,0,0,0.41967004456141266,0.015259328348274372,0.36970741530158713,0.246243713963324,-0.02234751270482616,0.7073166690976774,0.1250532300724009,-0.5035978387993612,1.0,200.0
636,cruise,3914.5144096269587,47.847244269357475,66.79593635213493,91.56076413742014,214.84995751412805,735.7706230361441,22.253427692498217,0.3109351732593703,15.288157941190816,41.209535354971884,3505.8240849119516,healthy,0,0,0,0,0.46792895171829096,0.30433767403267453,0.5129635065062107,0.08370687722195926,-0.12401136447863781,0.09233768488598083,-0.7378051309419486,-0.16589035173476302,1.0,200.0
637,cruise,3935.5536579428904,40.83236579986588,65.65417735801174,91.76392804312366,214.004154319748,731.17481010524,22.148929104386085,0.3131015413519523,15.193781277122383,43.067223749928196,3414.1897918296195,healthy,0,0,0,0,-0.005751725747305026,-0.16488933516326607,-0.06523574424657229,0.69904798285442,-0.096487358824626,0.3715847563667565,1.3723167761375532,0.28820924012694876,1.0,200.0
638,cruise,3912.9274851161936,40.23464256646482,65.89894202283374,89.47943944153617,214.34956111193378,730.093909880273,21.790714993677213,0.313713118195248,15.509829156038876,44.55808949467092,3523.120308725146,healthy,0,0,0,0,0.962755134954561,0.6209478196990388,0.2939408012672878,0.27776891007711324,-0.4411342229154368,0.5696935136978983,-0.4772743246744909,-0.3401817863790633,1.0,200.0
639,cruise,3924.8377370189846,41.83976858010617,66.25825631391754,90.17669345805392,213.29833334163368,733.1123111836104,22.155100246533017,0.3158400954991968,15.352090290511738,42.94027546557623,3596.5643608724545,healthy,0,0,0,0,-0.15309742811769164,-0.5830437913012884,-0.13116190246650103,0.3738483833842934,0.081994573338532,0.7210492353403699,-0.46132278699045554,0.10553794859602338,1.0,200.0
640,cruise,3948.803817639414,45.832704814899756,65.62493823077088,89.72053773195795,212.20550297281864,731.8021434893091,22.030076128536987,0.31222264503586644,15.40129089788102,43.28064146397672,3609.2990584111544,healthy,0,0,0,0,1.5053436517889025,-0.18076217854376525,-0.09898141051315663,-0.30665322649718213,0.5366643936346189,-0.2576657124920661,0.6370127085086795,0.22925539203969464,1.0,200.0
641,cruise,3935.979426967895,45.7739711698785,66.1316701187685,90.26691567010148,214.26787086588448,731.7839449709826,21.86085874069451,0.3061093196321189,15.209555571828645,42.962982895559385,3664.4513415949004,healthy,0,0,0,0,0.20327087198842725,-0.17253089804977192,0.517541943401224,-0.33165293305244337,-0.5947703119542159,-0.40308108324559627,-0.39938049799054054,-0.2169741914254993,1.0,200.0
642,cruise,3930.2654931288325,46.46223283195725,66.45027674522639,90.34736571841329,215.22482616741837,731.2157523549947,22.344422650958926,0.30055673551793155,15.604533318592983,42.1207350163081,3349.2209267205835,healthy,0,0,0,0,0.42284496889875756,-0.5612948701625748,0.35012413981759555,-0.40772928702346906,-0.831576424510362,0.17910124786669332,-0.5537268761201143,0.8698478908026377,1.0,200.0
643,cruise,3914.506814768827,45.621177336086134,66.38611535673323,89.67823006215487,213.7938247865389,730.8378957334378,21.85366345006872,0.31516215686174187,15.55954048664368,43.39328358475365,3517.8757062725963,healthy,0,0,0,0,-0.27358537033455466,0.34703384245297064,-0.21916457261777333,-0.30607387807391123,-0.2933462114808626,0.29706708534124926,-0.3904155525393051,-0.3872579950814068,1.0,200.0
644,cruise,3940.2625180284863,48.543982370702686,65.57364496772229,91.22750480682542,213.18046017563418,737.5705949874733,22.004127797160983,0.313061308574558,15.443271305227356,41.810736901625845,3606.017320595388,healthy,0,0,0,0,-0.15675861025506846,-0.29980946487845983,0.5352274439295088,-0.3726085316959405,-1.2534667381511369,1.2959912964275278,-0.532785692958867,0.06774631823164823,1.0,200.0
645,cruise,3903.9811407271836,48.62078964696502,66.8357960025015,91.32615710920501,212.63765800845638,729.709237036638,21.87255012254345,0.3089733103510656,15.293985565091063,41.176977141359586,3341.8977157119384,healthy,0,0,0,0,-0.4455373607692673,0.2595813370349364,-0.9018724430113928,-0.7204919542894374,-0.10059636124781669,0.01829879128276154,-0.037211196631052997,-0.3401932018482602,1.0,200.0
646,cruise,3907.071400645272,47.787244032966605,65.7496008361601,90.13697142625514,214.19763154128415,732.9037163530411,22.102355015987346,0.3128812299537532,15.483301508256657,40.88889337246066,3536.7406241860826,healthy,0,0,0,0,0.4247426139308015,0.16972549580051738,-0.2831913653247398,-0.18419932879278808,0.2721671623699368,1.1814592151225427,-0.7070581990839735,-0.80930706220228,1.0,200.0
647,cruise,3896.54349632854,43.15762221226562,66.63453875174724,90.96960691376697,211.3704982225937,725.8651717376367,21.89596286413657,0.30502362674874467,15.525115945051168,41.07611951963091,3400.910815966735,healthy,0,0,0,0,-0.31402872645723295,0.8023113653963067,0.3955750265991977,-0.06887199221956032,0.18606369274754256,-0.2855605420162818,-0.4123435594730595,1.0166545506233648,1.0,200.0
648,cruise,3925.937475984895,46.19637852722158,66.27021126241885,91.07373258521143,215.28657376867076,734.669112606486,21.930048219192937,0.3287307847874466,15.42954499129683,41.781040950490556,3367.9743911878354,healthy,0,0,0,0,0.2780736472903638,-0.05230780740680509,0.1785215509536001,0.5696779654124602,0.15537821915698222,0.40263050212414314,0.7030321371766551,-0.6218072301623995,1.0,200.0
649,cruise,3902.404820991672,43.73681739383881,66.33724029395519,90.95823554663941,213.53849480018584,733.6879344285501,21.724029187751796,0.32625412414532645,15.239477506848486,44.81511726757488,3512.8656832501792,healthy,0,0,0,0,-0.6569311355339159,0.4546623480815837,-0.47618164521063694,0.033021009610570404,0.2365049347461194,0.29387202011934094,0.6159291478338247,-0.3141981302060964,1.0,200.0
650,cruise,3938.31707170205,44.46780202405364,66.75104819197445,89.7464412042776,213.85106644656227,735.166624647346,21.656108252923403,0.3083612303713388,15.901088653689948,44.15192832085532,3421.971035873226,healthy,0,0,0,0,-0.14232718091005642,-0.016338354380774744,0.6230520377833373,0.9589405199381819,0.4213143695613395,-0.2149953309782701,-0.8500409422766576,-0.23803919860021322,1.0,200.0
651,cruise,3939.538342050568,43.422498352267,66.13585952856917,92.02852890658353,211.92753727149565,730.1590323715217,21.824401581871214,0.3104288091282807,15.04566315971137,42.34684772141109,3373.630602485778,healthy,0,0,0,0,0.19747856809187994,0.3867948774516765,0.4808786216167319,-0.20342771940799195,-0.5324387593847354,-0.02354376322380962,-0.4351099928167333,0.3001954355947557,1.0,200.0
652,cruise,3933.873680399939,45.490647608496154,66.21000913714516,91.81363032630772,212.76768450430455,727.4745356546808,22.016943686111862,0.31373591945769,15.309031647622147,42.89904462251926,3435.0412782136,healthy,0,0,0,0,-0.48750063758266315,0.017072981783508016,-0.3849841425489702,0.770216106727712,0.33112668960471336,0.16561960358203134,1.0885661506741375,0.5398728335740619,1.0,200.0
653,cruise,3895.4183062985107,46.5574709224158,67.3436045003794,90.26776084761116,216.01150183566799,731.1681619280483,21.876786127170295,0.31053023058706136,15.196854290418557,43.787546487319126,3541.636252529838,healthy,0,0,0,0,0.6030538774873617,0.37334934278199944,-0.883411197814651,0.05994448130372847,-0.5208491112644155,0.30330546235459405,-0.19700128751262405,-0.028865292447560097,1.0,200.0
654,cruise,3908.9829161728253,45.626606854922066,66.51308303093103,90.28339159962965,213.98026349264532,739.3528052763814,22.020382771010663,0.31080452472511544,15.394113051327878,43.070922238470985,3456.1679924426803,healthy,0,0,0,0,0.6452377259944257,-0.3905162670550944,-0.39816880795505105,0.3128069143206631,1.157560815862825,0.527483056197632,-0.023435173312787147,0.06159206227980448,1.0,200.0
655,cruise,3887.9277314507935,43.08248537451484,67.19643530524054,89.7628405515547,213.5352104471397,731.7772616155005,21.97649726508974,0.3150738550160967,15.460218839249011,41.133246747009004,3610.097821922558,healthy,0,0,0,0,0.5945176740830597,0.6220758591318225,-0.046936953700139394,-0.21006745690076545,0.16982561672071286,-1.115313335759009,-0.5152549970504351,0.32980591814124055,1.0,200.0
656,cruise,3887.818083907507,42.417152379275485,65.98907613808359,90.93020354429403,212.6881132697739,733.2353591270524,21.903665357385364,0.31370733689369007,15.38450887055505,46.455751302254896,3566.1194692747054,healthy,0,0,0,0,-0.6177854148843711,0.0012667448923877824,-0.35794965570906423,0.1050058388006774,0.4449033140860923,-0.25954612947474764,0.4305572218654595,-0.06785851748691742,1.0,200.0
657,cruise,3891.1714122044064,43.94505314475043,66.36120306250237,90.55938653835743,215.13349761543586,731.2967945241663,21.924313179020675,0.32113840159543333,15.123912074409407,43.46999014593706,3631.001689019544,healthy,0,0,0,0,0.4344984823714748,-0.32604277290429895,-0.05781565689611872,1.3372884850877578,0.847636498457742,0.14633620762204652,0.13732245845384058,-0.4805548806265808,1.0,200.0
658,cruise,3920.250893262095,43.9139460404888,66.29697950145172,90.85050579478411,215.5340918245491,734.7436004713938,22.322121855434915,0.3126844633189366,15.330844659134257,43.45982933899818,3516.0391844807477,healthy,0,0,0,0,0.15718782134807363,0.07049239110358121,-0.23333156931800997,0.518068192529174,-0.09280551906536665,-0.16120078172524915,-0.6455925947362047,-0.37228721997254344,1.0,200.0
659,cruise,3906.1726319061695,47.03776908945486,66.7653738928029,90.30864134358899,212.83431318182687,729.1742450255952,21.923026083571603,0.31365992681055477,15.439193126654054,41.303494221030554,3482.034287278686,healthy,0,0,0,0,0.4010629703334068,0.12999267622433405,-0.923440576675338,0.4790255375313182,0.4785127079788158,-0.8098876510215098,-0.15209536262156448,0.1522618908412123,1.0,200.0
660,cruise,3933.657205971725,44.83066103774406,66.52599134963722,89.80389395063644,213.77487599338943,732.4570687815806,21.85569245239534,0.3076834948589623,15.314243896320855,42.65999087348875,3630.0402120865356,healthy,0,0,0,0,-0.24030715036513176,-0.3749740070543224,-0.3709170360646848,-0.2847162796735775,0.11927333291493986,-0.5823345618813137,-0.6987103025484436,-0.16919031054569322,1.0,200.0
661,cruise,3947.38377113665,45.091890077430456,66.48325783495808,89.98474986013228,212.58393767729905,732.9350272129301,21.859299480643624,0.31049231542277816,15.380542026517832,42.32650375876089,3565.168847439269,healthy,0,0,0,0,-0.3031532399834082,0.008734427157319802,-0.4418002399308188,-0.63139829911355,0.7192991436709704,0.8241167198076332,-0.20562966824913897,-0.026153552321733622,1.0,200.0
662,cruise,3896.27395817491,45.15535262127504,66.03645945440373,90.19093715797074,212.30776316349818,735.9722683827883,21.977529554479393,0.30789842971712894,15.458357100938011,40.96795696833267,3695.345508254774,healthy,0,0,0,0,-0.13751269778201414,1.2737050502049523,-0.03287794902552945,-1.0680485505122916,0.6364164930116191,-0.1514878827587654,-0.4180655727693128,-0.4505230982099151,1.0,200.0
663,cruise,3926.3451781385857,47.66291905095298,66.64800388025408,90.65083851007844,214.05673830863847,737.27075571973,21.938195771321432,0.3172867361219888,15.249341679352664,42.46335358051933,3599.4028468456613,healthy,0,0,0,0,0.4825518809139714,-0.4527615342139241,-0.26650122129564363,-0.7077912741091611,0.14352567280124787,0.24236484751646328,-0.3682709139205303,-0.9220094597875216,1.0,200.0
664,cruise,3917.9839452625206,48.7414529995606,67.38112682155081,90.4247659042892,214.40077170577044,725.4198430314153,21.75496220347184,0.33009681326196455,15.283555469262811,42.56060910426572,3510.6381239578677,healthy,0,0,0,0,-0.2838711299147442,-0.23404594667540166,1.0093817096529452,-0.2992519740444389,-0.21070491942711325,-0.5515969860326609,-0.6967561063460297,-0.30250316570458036,1.0,200.0
665,cruise,3893.232917783441,46.32333982958905,66.7732108214723,91.02865757795617,214.45306531332915,731.4275861551918,22.43780448231004,0.30877506463718857,15.38530388871224,40.796458500377376,3421.057511669786,healthy,0,0,0,0,0.002922613406127111,-0.654275084407659,1.3170910397112185,0.2867276017303562,0.5336423032286867,0.44412650909175444,0.2740536853426632,0.45956409959005545,1.0,200.0
666,cruise,3913.486561156381,44.97261108886685,66.53464691268215,90.96820001997729,214.2816478816846,727.5784456639849,21.91021283150286,0.3043499574735075,15.435694928582441,42.17871899753114,3543.419617067792,healthy,0,0,0,0,-0.11256317696754338,0.6630722375554319,-0.3165577491413245,-0.734032736961808,-0.36298124676113674,-0.09448337138362788,-0.32229119349509217,-0.2623994095615163,1.0,200.0
667,cruise,3921.2206508500326,48.27422580781197,66.13360539288264,91.12171524634675,211.32879409099596,729.9443547337448,21.998061415580683,0.3117345211088336,15.5832196433298,42.695633610001146,3384.156750893582,healthy,0,0,0,0,-0.731165651478876,-0.5442429767452376,-0.3139910352674693,0.28575948181966154,-0.31070257707275617,1.1838794715278247,-0.2807332684950494,0.3722947752789276,1.0,200.0
668,cruise,3869.069138894246,46.34570554127576,66.86454949682634,90.7392705507352,214.8055086119108,734.1455465486691,21.761053664682375,0.3032664184683322,15.4522018118731,42.07481755020044,3482.1811259483,healthy,0,0,0,0,0.21118625226324272,0.14569715180222725,1.100064677936795,0.861809173398614,0.030523718809171253,0.10847233347748286,0.3414385241743867,0.7443881380111534,1.0,200.0
669,cruise,3891.9477219105684,44.627028985109064,66.29991348544274,91.6748846371052,214.09406712744345,735.609712982112,22.080759237802887,0.3031514245121858,15.499597702637033,44.152705539169915,3555.250649848393,healthy,0,0,0,0,0.8996665425241639,-0.0342307026068526,0.33959467681822825,1.0044172882974522,-0.22928034505952033,-0.1350165166397989,-0.2526460864059782,-0.1957049342601308,1.0,200.0
670,cruise,3892.04013159313,47.49037017783577,66.79544614063478,91.84769362886465,214.21159900496616,735.8563110156837,22.173992216078204,0.31010079210262015,15.293072094317974,40.81255595071003,3488.0705315749738,healthy,0,0,0,0,-0.14697142334061047,1.2784179791052113,-0.1445038049082513,0.7108873638640536,0.2847997674322592,-0.36956416086962673,0.0208592074208662,-0.0804920876530423,1.0,200.0
671,cruise,3916.821935667943,45.8836826472637,66.6562761998352,90.26646747711855,212.222539362157,726.5016995845949,22.25538994206386,0.3151278430850693,15.555854204330336,42.509223575165066,3358.935534809719,healthy,0,0,0,0,-0.4072490778050813,-0.3204439816662513,0.19237871087653008,-0.03432352240966443,0.8970162719506636,-0.020370612626870625,-0.11719856779358233,0.4903042390928605,1.0,200.0
672,cruise,3892.0527215348234,42.601161297336525,66.11371070468957,89.92673651881448,213.08259749722455,728.1123847454014,22.25485673420699,0.31349504018387125,15.208703273492926,43.30138351156069,3619.596381385657,healthy,0,0,0,0,0.864687460817919,-0.23819062611331326,-0.39239988642789575,-0.4659713404009225,-0.009767995283999598,-0.4930591798865677,0.4456305435803685,0.17652482322626717,1.0,200.0
673,cruise,3900.500289081385,46.72303536718128,66.30461651353392,91.02147116121527,214.9465121713233,728.2835196194033,21.885647159293313,0.30962376295551347,15.176304348348983,42.56955044315579,3625.701763247233,healthy,0,0,0,0,-0.4271931960439316,0.37780333473625466,0.007734105856240304,0.2810960883357823,0.6037738936108102,0.051755984741642135,-0.08142205948299226,-1.0208440256889262,1.0,200.0
674,cruise,3924.898790651472,46.06887315879128,66.26510960093177,90.91370790832225,217.5609316246554,729.7954639585671,21.96641900491447,0.3194042898993342,15.46545250502126,41.53382372179527,3512.626597013543,healthy,0,0,0,0,0.29516447809707286,0.27053466946397375,0.6309831425456504,0.2650952656983647,0.2746484430193187,0.9943737437419571,-0.7183522494601854,-0.9565436439533164,1.0,200.0
675,cruise,3926.0578808817413,41.75593991079256,66.8502510351559,91.04281808931196,211.66505127999193,732.0572626767427,21.919402714665843,0.31133714903655135,15.250511447171647,42.43047060076702,3304.951157010549,healthy,0,0,0,0,-0.11083869890552747,-0.13395302055616035,-0.35991137082816366,0.09769150765046737,0.40484429842543085,0.2136945774923848,0.45253002324141595,0.40961377278629973,1.0,200.0
676,cruise,3955.3416539353116,41.16713644483278,67.38683104309241,90.26264389159766,213.00040028550433,733.5579382396481,22.0027664914121,0.30872200493034596,15.711357455600663,44.165271391815665,3508.018979916845,healthy,0,0,0,0,-0.04476146320381089,0.131902025082122,0.05535589358899291,-0.4153507729704354,-0.03860339347098671,0.250253002762096,-0.4411434978004816,0.6598087289968672,1.0,200.0
677,cruise,3890.753260898118,45.741824765981235,65.9631800909962,89.94672183342597,216.77724428671448,731.980592132213,21.945146703900523,0.3132161232251051,15.55244169081958,43.988054420695015,3554.5477392855396,healthy,0,0,0,0,-0.18119295306623218,1.502793585055681,0.6046144816619787,0.4167774163244032,-0.055512219025317465,0.5189539762456956,-0.7065212771990871,0.8197384812615239,1.0,200.0
678,cruise,3917.6573893323434,46.83593526439923,65.7749907873293,90.46731299040711,215.02693230759434,730.9343189301669,22.298473972794508,0.2988625048170338,15.457530450770815,41.68112840998774,3357.1139885261,healthy,0,0,0,0,-0.1322797811241228,0.6980798811915765,0.16740284568341526,0.45571652800220463,-0.4341390579493422,0.018994148440053208,-0.6280103252511198,-0.36471915882975353,1.0,200.0
679,cruise,3893.589277391465,46.686382855496085,67.39318098370532,91.60323605552783,212.0452207448096,735.8805103137613,22.1421599300871,0.3126007090853106,15.245971054310315,43.86917706616925,3450.7134905097073,healthy,0,0,0,0,0.47032613727499645,0.24078326503736888,1.0699463042992121,-0.036711989840321174,0.13133981397798425,-0.23353813600848428,-0.28134619018242246,-0.32401437774305036,1.0,200.0
680,cruise,3932.250004251065,42.74726320743158,66.00276309432121,90.43998949656576,213.7482915511716,729.2140095565125,22.04351203424498,0.31759020818138955,15.438169912991613,41.74801247983435,3447.869259962529,healthy,0,0,0,0,0.2975957539145624,-0.8754781851541382,0.7749528789995186,0.09161934227075441,-1.0581914674191863,-0.23449259094706346,-0.5649005410931054,0.2715024505031619,1.0,200.0
681,cruise,3908.4245308038658,44.775202857017526,66.32885795708444,90.97895150254372,215.3232541710623,731.3067701628,22.227093915407412,0.3154025566518662,15.388160885384753,42.42493703406183,3457.4189598192334,healthy,0,0,0,0,-0.19121881677899497,0.7762402821769585,0.4074642369998786,0.5837947659275621,0.7357887483031532,-0.3855780142608144,-0.9627185183281826,-0.5667026095503678,1.0,200.0
682,cruise,3939.4348072003663,46.80240259329787,65.68934713328501,90.22355964468002,215.25382731874106,728.5680477108749,21.949711196342758,0.3076994810979471,15.400168240785788,41.76180273119161,3380.397323819409,healthy,0,0,0,0,-0.7118311249204825,0.42845996722208285,0.7194666523028485,-0.07380794893185082,-0.07159414999046669,0.21641681890766548,-0.0355659693024428,0.9662069929368544,1.0,200.0
683,cruise,3945.8366072205613,42.39771833765691,66.56869070006769,90.03345435829375,213.27335824504596,730.5073961262717,22.20934596300964,0.3014644381337731,15.280961802343082,40.116632617538485,3667.600687362627,healthy,0,0,0,0,-0.41366936095683005,-0.16055911719335783,-0.31136332186665355,-0.09089738550173801,0.9929689274822817,0.334263458780137,0.17655278677490394,0.49199119680138714,1.0,200.0
684,cruise,3915.356433234627,45.63978871959898,66.8622617936449,90.08098777668472,211.2803671383462,734.016826324934,22.06335813057858,0.31323241312361577,15.499406338647137,41.80294782342443,3694.2535515695035,healthy,0,0,0,0,0.6227688354849867,0.6461263201413106,-0.4058529001588351,-0.15661995285895444,-0.20886021490254436,0.0975019319706773,0.3466695183637902,-0.770961990044116,1.0,200.0
685,cruise,3895.7721418113406,45.895881294036,67.0416790971677,89.21035381733157,216.6083443393294,726.6181239399882,21.755428180713743,0.31406016483107463,15.269015958043207,42.759599860716975,3654.7241952341974,healthy,0,0,0,0,5.136674267956615e-05,0.018983231923406813,0.46803547438064885,0.4109754706081606,0.26398615755590404,-1.1011999142775635,-1.3232336229092643,0.11742746656503586,1.0,200.0
686,cruise,3897.427750960757,47.31673469336862,66.12408480030705,90.16801310047089,212.1689679907622,730.1484947952694,21.965999538320983,0.31735942851798654,15.703503215507627,43.6437868442387,3752.704882734875,healthy,0,0,0,0,-0.6962818527771648,0.4158768401127734,0.38977099175270885,-0.015592773207250747,0.050268295930442936,1.244450430230186,0.046134604056386974,0.9896994068701308,1.0,200.0
687,cruise,3925.184645709932,40.56143889457816,66.82597289698342,91.09136738808688,214.8257126021426,730.300488492996,21.982972929942836,0.3056468290057332,15.5601636874957,41.45085778637201,3431.4425851170417,healthy,0,0,0,0,0.08423843634571158,0.12172070003759443,0.01628435241006563,-0.8138713533153626,0.13201580368808954,-0.580540819762628,0.308564495182569,-0.2877765256760782,1.0,200.0
688,cruise,3935.5570052912935,45.75919740924291,66.45826814200397,90.58729434893912,215.95755133296393,730.8640498283736,22.090395342709677,0.3117308313034991,15.28131317683016,43.5767060901904,3460.7021272488932,healthy,0,0,0,0,-0.820647785830254,-0.3961738132727727,-0.42068324039318866,-0.7020320578176308,0.40521386189934705,-0.46400458463272404,0.6638395450233396,1.246748233446419,1.0,200.0
689,cruise,3956.294518531686,49.50546645992142,66.22024170750043,90.05369754797161,214.86396971324166,732.1175154167521,22.1755424944055,0.3088093200092704,15.193632803026267,40.81877092430407,3480.7748777765555,healthy,0,0,0,0,-0.257986452799238,0.19762653343022785,-0.29345068926368506,0.6227065502737589,-0.3787797077982422,-0.3552631840562923,-0.1032573104253674,0.23570692539369453,1.0,200.0
690,cruise,3867.117362365618,44.226808077658546,66.7962287343572,90.52914888070075,212.7895187388544,730.684070092206,21.73746541555489,0.3146537904982978,15.275661914838865,41.09731529207072,3545.678984199252,healthy,0,0,0,0,0.045431484915088964,-0.7640823914598163,-0.7533771067483738,-0.2021250078986537,1.0143815220315848,0.6771480144799661,0.09439742832975269,-0.639544883474029,1.0,200.0
691,cruise,3895.2923607769226,44.83674409997625,65.43618196289557,90.71719020965934,212.6029888787859,730.191776725999,21.983445878332788,0.3171548015639401,15.071690938570827,41.61983561022175,3513.3710633342816,healthy,0,0,0,0,-0.03814994606883844,0.036731696777317,-0.13475706450690042,-0.4375024902724817,0.5714910959230999,-0.29099808725575843,-0.21833606827924745,0.15696428192751166,1.0,200.0
692,cruise,3938.7248181615337,47.37720721567739,67.02228456093842,91.0607014881417,211.57756583925325,731.8505263096188,21.918548812454265,0.29905307872792053,15.334333265344869,42.75919228889765,3550.722649745439,healthy,0,0,0,0,0.04622446926129866,-0.058699906981453186,-0.5753246153175882,0.025220927031621914,-0.05926768058496921,0.6171693716219017,-0.15901679706754165,0.30415898586873796,1.0,200.0
693,cruise,3923.1780571512536,43.94293755307534,66.7665756221416,90.1225021527021,214.1026688011861,731.6409973618335,22.206473540604726,0.30415245176324535,15.156507762928193,43.99684171025498,3337.20699428468,healthy,0,0,0,0,-0.7583118984187764,1.181962784342334,-0.08160093687574077,0.2399208884913444,0.4902796404005336,0.8493850280777625,-0.19024887699366008,0.3363324535477764,1.0,200.0
694,cruise,3926.672848720951,47.783132524436745,66.57179815376243,90.55674983000925,212.64712563490636,727.3314479095542,22.05888095063359,0.3093488550502802,15.270584988879412,43.73347240397366,3552.0278468703295,healthy,0,0,0,0,-0.573282474567514,-1.135559318444748,-0.2882513392566809,0.603284208849463,-0.43760659670994934,0.21118287480585934,0.03222749411884991,-0.15815292224263347,1.0,200.0
695,cruise,3947.5602291310515,46.550289077729914,67.05463798452938,90.76103443439207,211.9461568225236,726.8068757918853,22.244333754843947,0.3143163716010316,15.4736151751218,44.50133547420257,3618.0664452423885,healthy,0,0,0,0,0.6093527367071917,0.40424832040012026,-0.36787675204418957,-0.27716122512712277,0.6875679368772917,-0.2916847545873079,-0.010174396052665685,-0.21029710566936283,1.0,200.0
696,cruise,3910.1429924514923,42.32107590497323,65.83989645250287,91.19338765272597,212.68212645302808,730.4267918350153,21.829211093709564,0.3051296612682508,15.252961187827495,43.76447312865832,3477.7727496015723,healthy,0,0,0,0,-0.828416644886401,0.31352743508089087,0.40179027990571187,-0.18723919205491246,0.6519921560300642,0.6047496981564008,-0.5697016992341984,0.7219539991021177,1.0,200.0
697,cruise,3890.2615510270602,45.670409590600144,66.66975282084844,89.81089524301795,213.49800751596254,734.2443130829897,21.862425002054565,0.3095255534868127,15.193149646203263,44.1261005239552,3447.466830867467,healthy,0,0,0,0,0.7787376828348174,0.07844835037326896,0.485655143979733,0.9253337663522193,-0.8578087936296688,0.5051386914534264,-0.18366390388450088,-0.3135261479955516,1.0,200.0
698,cruise,3922.3271495714635,42.55125883726674,66.19234833615322,90.37781350384164,212.83761136043486,731.5543561835633,21.865487674095736,0.305503033295204,15.26725397496699,41.71574758911607,3584.278057331104,healthy,0,0,0,0,0.6365023507827665,-0.9891689931946677,-0.6168788691657406,-0.4868018584333515,-0.028949077447946444,0.6553728037454901,0.2935251698878524,0.0551658078779698,1.0,200.0
699,cruise,3900.185137623434,47.37431839210368,66.25027083415057,89.48199900460617,214.0720307553716,729.9051191460163,22.03423378162099,0.3145129334557732,15.36568008514393,41.36612901454517,3634.777137557068,healthy,0,0,0,0,1.147036006161439,0.2741068320868962,-0.18146634729809796,0.47958427826745176,-0.45523892239859914,0.29428094080733075,-0.06810522325167931,-0.20861752735084999,1.0,200.0
700,cruise,3920.0708821608127,42.10787380969807,66.03661948163949,90.05751226360115,214.62085546999305,734.957719355454,22.05937657631946,0.30651699917012587,15.44109135583502,43.56380003471459,3407.063255400491,healthy,0,0,0,0,-0.028830654778043755,-0.13383797804135433,-0.5344892637703251,0.08650645890084507,-0.7540992637625314,0.20258057266880503,0.5842442801213944,0.05987850025555614,1.0,200.0
701,cruise,3910.445993663913,41.845715325802416,66.33337995109916,90.76358262628202,214.05065728758294,724.2682712471033,21.901017543364762,0.30486192736728596,15.560803569213558,43.8125546852394,3599.0825420115134,healthy,0,0,0,0,0.16045977975453266,0.4354727714823549,-0.23482541217826258,1.0480348246797155,-0.3451904415243477,-0.17906566307898972,0.1594109108147796,0.27580184218117537,1.0,200.0
702,cruise,3895.0971375517843,43.19461393269247,67.59767136410642,91.58682669923438,214.89547211901257,734.3829694602714,21.89468363091203,0.3152409065526129,15.177204506673535,42.38806963975964,3475.754948273866,healthy,0,0,0,0,0.20251315056742883,1.088851644021785,-0.2799966379842019,0.36119637409265,-0.3568087143537302,0.4132670753136938,0.6161994784065705,-0.4951863707405154,1.0,200.0
703,cruise,3947.4403636289485,43.863077422933735,66.5615865854923,90.41839106912568,213.56779731052356,734.1668050039183,21.854738736987976,0.315928062419217,15.515516399075265,43.90451461327006,3598.209947318348,healthy,0,0,0,0,-0.07976610563109351,0.710953124978694,0.06939619071456396,-0.3649485678065767,-0.6385864685014616,-1.1499079938400711,-0.2698116206291772,-0.6426248343783028,1.0,200.0
704,cruise,3928.8999427517824,48.099104330276745,66.29852453832697,90.32034541366907,215.54235438624332,735.1872774569591,22.548783828834154,0.31476168650064196,15.247063591604393,43.2961758587319,3434.625729194858,healthy,0,0,0,0,-0.13876843895729016,-0.6461792463484972,0.8401170082992798,0.9810512077876385,-0.17970521647467802,-0.1909178844265445,0.003731624455934918,0.8547919488564089,1.0,200.0
705,cruise,3902.027928362859,45.4327076848926,66.05454110959572,89.96162470971932,213.81150686423393,731.9023322591286,21.992045270089605,0.3068793233594911,15.353410859403041,43.41462829687488,3530.5547999691676,healthy,0,0,0,0,0.19949453652003632,0.902781352794977,-0.1849270846404342,-0.4355790740544338,-0.4374490384521538,-0.016801877231976292,-1.4480588257305158,0.3800421935085244,1.0,200.0
706,cruise,3939.233835710745,46.051231839981476,66.49293648336376,89.741228260132,214.1198203988777,731.4795317537687,21.96017871670003,0.30238967462058497,15.437152204887619,43.736956381756144,3570.1900842586674,healthy,0,0,0,0,1.021479492224517,-0.6233723542566525,-0.34959885318787953,-0.8024983921515304,0.21584547396118134,0.16579160475877297,0.49480233329013207,-0.2304953494084012,1.0,200.0
707,cruise,3905.0157256550838,47.6190222523309,66.08337373233167,90.04427253070259,214.0215907309957,730.2053976261462,22.03747853063238,0.3053854015436321,15.342815309880532,42.51949495145823,3529.9012782018017,healthy,0,0,0,0,-0.13819633870855794,-0.06849958663999584,-0.25771455844230523,-0.03802473137620817,0.08732688908585948,0.15625819716403372,0.11313287036854223,-0.11175059876007228,1.0,200.0
708,cruise,3978.3078968614436,44.07360295498723,67.06984451347488,90.93373258568833,214.32503043154583,736.2667289298244,22.112560530108883,0.3129560726675024,15.36939791974605,41.79931001040259,3494.445768538505,healthy,0,0,0,0,0.7478449856522855,-0.05693653269365169,0.40829358490104756,-0.852390454064201,-0.5939569718402486,-0.3039436129871669,-0.364644499592884,0.5250915160187003,1.0,200.0
709,cruise,3888.1354527958474,44.31257132120112,67.25078174125453,89.30378205858617,213.82988031196174,729.4057433740662,22.035673884880815,0.30310316434805246,15.009271199422535,41.997418746938095,3509.6412950095873,healthy,0,0,0,0,-0.281017963987988,-0.2854765998123852,-0.3498866769120674,0.014938447835031253,0.0975811224144541,-0.09922180722244074,0.27852042905559526,-0.30500139737333815,1.0,200.0
710,cruise,3918.4037238567894,43.77431767954127,66.18347263614427,90.43766704428704,214.05367184976518,733.5836084897528,21.82608671502118,0.3169064073130856,15.562261621511665,41.79151849110149,3668.6862114623623,healthy,0,0,0,0,1.2260802945437617,0.04945167337018565,0.038767783534914495,0.867907820554259,0.43890534061229874,-0.03819901143290034,-0.29028727835194074,0.059975673697828906,1.0,200.0
711,cruise,3912.5050241791664,47.039032050015436,66.80958816453531,90.15140725470549,213.66616481155773,734.3715752183074,21.8910395968049,0.3114945309800419,15.019918617496764,43.530203554730015,3475.664365714216,healthy,0,0,0,0,-0.05893504030148209,0.209702070002536,-0.4274293275085346,0.3211086760274662,0.6674085317737767,-0.4397934497291958,-0.4098131911265068,-0.13930560561113453,1.0,200.0
712,cruise,3892.7431237329774,48.73577517439877,65.71367423023769,89.93399663274835,214.57853152014957,732.8391186373676,21.87946967709755,0.3202411504352067,15.298436320669367,42.272394716455516,3571.546674108295,healthy,0,0,0,0,-0.8094828987364363,-0.12585388911655454,0.10975756609340609,-0.20331830781444116,-0.14892821428121358,-0.01852469913642829,-0.5398965539793,-0.41841901854440994,1.0,200.0
713,cruise,3903.63219556109,45.986707743865225,66.92296153432622,90.70403228788952,213.85696845227022,729.423583740656,21.773745109602828,0.31362512707228785,15.233490573620545,41.190712153461995,3528.469865398274,healthy,0,0,0,0,-0.15219531058201524,-0.1304725646834976,-0.5068289014386185,-0.6459080593708151,-1.1522553245767428,0.3367304878736874,-0.39179890722401295,0.3152143516486336,1.0,200.0
714,cruise,3877.113666398957,44.22266276781766,66.33835110453698,90.08594229700769,211.42156058848195,739.5903106871647,22.184614741924392,0.31915703478682356,15.191648519187476,42.963232955343365,3539.863888553202,healthy,0,0,0,0,-0.07204616923383049,0.42717117045885145,-0.9857454889575376,-0.013590046181218465,-0.14502287083400614,-0.26515937120114497,0.9427638706036862,-0.6732268010972253,1.0,200.0
715,cruise,3894.572013165179,44.428500700967305,66.1922519475524,89.90874040964233,214.7340936811378,732.8243333405147,21.81576707326871,0.3133524438025182,15.33582727069624,44.021739909152274,3458.7554884870315,healthy,0,0,0,0,0.0020500428184004643,0.9312748912862508,0.1240512268570193,-0.23079490234216304,0.15806839149289237,0.2538632108185539,0.1928141117158379,0.48848531070273005,1.0,200.0
716,cruise,3924.997973010009,43.244594174827874,66.21479163905695,90.21115639352465,213.1359375158424,731.730726248818,21.99151318798096,0.31089755444495776,15.57532648043866,44.90282788148765,3552.9863727868137,healthy,0,0,0,0,0.056440330339139366,0.4973623995959277,0.40219547471414147,0.7302620519687403,0.5663101009642991,-0.29976860521026666,-0.8954189013398715,-1.1192130285124304,1.0,200.0
717,cruise,3916.5194603353757,46.93151349435782,66.61510474891656,89.63460980216308,215.03683233893258,730.5198272305568,22.089379733716523,0.31219226515835485,15.299717536366064,40.4372377400835,3488.45523917667,healthy,0,0,0,0,-0.4485290752181948,-0.15296650734781,0.15122998752521125,0.8096172946115344,-0.44709730186757324,0.15627757763795203,0.1573931692522543,-0.1190698885596859,1.0,200.0
718,cruise,3942.1418595243204,43.34336523049599,66.1655763402149,89.57453079511819,213.71085969759935,729.7306989600589,21.796732581665303,0.32181744362388426,14.993193696098537,41.91812833801065,3493.3338131531204,healthy,0,0,0,0,-0.17749252724494824,-0.3093214717813334,0.624679417392281,0.748583743968205,-0.008696868402381564,0.47685424137010257,0.590762767031885,0.36021992335932757,1.0,200.0
719,cruise,3904.6069996822484,44.95995662430949,67.05877233568324,90.08330463105436,214.8408201380448,734.9363571141089,21.758594795770303,0.3132120657287807,15.15352072257961,42.14384402978799,3477.679250213717,healthy,0,0,0,0,0.1063255964077508,0.09289316486574199,-0.9878280978811351,-1.0288052434856052,-0.793023710754495,0.23488748481160984,-0.35346407335489594,1.0431751951841521,1.0,200.0
720,descent,3936.5040616534866,43.13130006564223,66.464937929132,89.8742000144901,213.62418972303675,736.7736705870689,22.027099328921736,0.3123697256460805,15.315049420522698,42.065610223201965,3538.577986144738,healthy,0,0,0,0,-0.19090815034743147,0.002982669509884848,1.3391038674839388,-1.2385799796371906,0.3610194876882464,0.7083406191242324,-0.6095031886446319,-0.5719794771445796,1.0,200.0
721,descent,3919.663842761583,41.670296555997794,66.91121368566236,91.09597479526145,211.99301806561795,736.2898356578299,22.199792630419534,0.3059877212055395,15.585706640296047,41.457194386377914,3440.1190124754307,healthy,0,0,0,0,0.07706738016155516,0.21597158606810868,0.8929271501686034,-0.2537739206389397,-0.11034626081737776,-0.7436801545552816,-0.23592967674789406,0.06347672758263437,1.0,200.0
722,descent,3891.610012658304,40.38931194862934,66.3101668582849,90.51215439221515,214.49600404022914,731.6444686839886,21.737805612839974,0.30784256473302213,15.409807598805296,41.775187389974086,3441.07218926714,healthy,0,0,0,0,-0.5073734878852114,0.32894170905613046,0.5799623960567624,0.8497136029917741,0.9120498531585696,-0.10867879965140026,-0.29478184682343167,0.21873154483810747,1.0,200.0
723,descent,3902.537888558676,43.68929973459862,66.68260920553028,89.86286814209701,210.76339245979887,727.1687263347523,21.99983673092263,0.30420870797978317,15.564730821879534,42.24206999878322,3417.4480291047157,healthy,0,0,0,0,-0.6045570711626044,-0.4682742403210675,-0.3549761430970477,0.04304257696344281,0.447181632752404,0.775711009654473,0.647282822371432,0.1059030468680811,1.0,200.0
724,descent,3918.5602660610552,45.90537975081303,65.76962337524864,90.49768475655765,213.30667478218965,730.4814274851012,22.07453692962822,0.32097513329072164,15.10436007424013,42.59421985009776,3670.423350615233,healthy,0,0,0,0,-0.35581299080235995,0.6740606611002578,-0.12607366720505198,0.3837035037511153,0.03457774333983785,0.10771718064250688,0.3569562928487851,0.07897780052138817,1.0,200.0
725,descent,3929.3144084325395,44.83359162261113,65.77149191405329,90.98198183716123,212.35841280673338,733.6645253726429,22.244696456601808,0.3092255249803966,15.373942422446413,40.900553409906195,3474.938324449077,healthy,0,0,0,0,-0.5039655116599256,0.3288812892613849,0.0964715512392047,-0.3056633995107705,0.08218655512106023,-0.42797442747662034,-0.26722476193630246,0.00313081068881907,1.0,200.0
726,descent,3917.5531706275196,45.02207298033025,66.32766535576697,90.90714321537541,216.26934151773548,732.6019023934452,22.13666698533556,0.3030107601962289,15.436415702899453,42.07407014053723,3419.1188659952136,healthy,0,0,0,0,-0.29202398368555393,0.5341234893724001,0.5000799501116917,0.5632456205314251,-0.05320541304169714,0.22255429440745567,0.506837591965985,0.08350340526311432,1.0,200.0
727,descent,3902.980482981953,43.32646299446729,66.13098922349748,91.5900951368187,212.34956851081049,731.0273315453596,21.666680798383002,0.3073917575040182,15.35233258788146,41.79521376167131,3463.7621202714517,healthy,0,0,0,0,-0.5641682737368977,-0.49753986193692157,-0.37037820868124305,-0.6598521447723582,-0.6751270105491822,-0.32813223605387953,0.2262688052729528,0.2207181080718591,1.0,200.0
728,descent,3918.40166635088,43.60585963092142,66.25280442515248,90.07971104935726,214.63256597292667,728.7933368479283,21.8472553814934,0.3168070450052966,15.426856099027079,42.401991265557925,3678.7369324347333,healthy,0,0,0,0,-0.04075422733929565,0.44482307387526626,0.7974482896917401,0.25732281166300364,0.31828738838404447,-0.6314708457929571,0.6664554435350137,-0.24032982831725463,1.0,200.0
729,descent,3907.932848914816,43.333818069451986,67.50548232109213,91.33106155375707,215.56139700365907,730.8610307680309,21.789651455685565,0.30669390277763486,15.583801999287596,42.58434672596972,3528.519437780293,healthy,0,0,0,0,-0.2024572947392859,0.2075372208682149,-0.5593598441059484,0.15018881558550196,-0.7822145718853251,-0.132467079152266,0.7126878114452534,0.9282244497740263,1.0,200.0
730,descent,3926.250582910172,45.891690077560774,66.29034580268176,90.33984009728671,214.1508756209349,734.9620263846714,21.817636692589623,0.3096612841320891,15.293439511110103,41.18135553778311,3622.0445842771887,healthy,0,0,0,0,-0.3446161242838498,-0.16982527685590432,0.498283520721529,-0.11706068617482539,0.6955305059423228,-0.05925908835287703,0.07155623972544015,-1.0250452013324298,1.0,200.0
731,descent,3894.5049051258843,49.56453242952781,66.76518411125538,90.60710646344664,215.39454365079135,729.382345222589,21.78870135668721,0.3131482533369409,15.369454978454987,42.397430966940604,3397.559714922583,healthy,0,0,0,0,-0.6395909661298309,-0.1831415990739749,0.030669515609105365,0.5590739065132148,-0.31161183004236,-0.4136257636290043,-0.4912059724437096,-1.1275748998847956,1.0,200.0
732,descent,3952.9293767989066,45.1964777357277,65.78626531276558,90.046232752189,213.273914223907,730.8165629307489,21.928649724509373,0.31184330136038935,15.153784233472233,41.56207468621691,3589.7302042332317,healthy,0,0,0,0,0.35761581713917073,0.29983732098745297,0.522384730072201,0.3708732273436419,0.3831564189344506,-0.4802713862417099,-0.3839184538121032,-0.3575839751528,1.0,200.0
733,descent,3908.7258016157757,42.730661944814045,65.91739558811322,89.93839989507472,209.9419890645911,734.1864360289485,21.95856637665862,0.31412072917586226,15.496373311263026,42.552183302741604,3534.2372152238477,healthy,0,0,0,0,0.44488769966063496,-0.7751560744230129,-0.6769454482327767,0.029619345026326283,-0.47024830346869234,0.1308612642721319,0.22937683946995402,-0.011867635042824566,1.0,200.0
734,descent,3916.45168552509,48.01446941782968,65.80161291646638,91.65136883253504,211.79610393296423,729.0359535389059,21.934983945305397,0.2981594623218423,15.451788260797203,43.76861471681772,3524.354746566715,healthy,0,0,0,0,0.014821852312347021,0.18259471272773123,0.8328972033972355,-0.06485801836844873,1.6216387507694685,-0.14577000232903384,0.5101027676946277,-0.4772653040223819,1.0,200.0
735,descent,3947.7081269666537,43.47208992566228,66.58064506998399,91.69607448581206,213.06882175950292,726.8911353226233,22.24059712789075,0.31012144218191695,15.450538009681011,42.10786029883448,3452.2409625269647,healthy,0,0,0,0,-0.42483554517499755,0.3234096059169979,0.2569888087759024,-0.2583154345363351,1.1431431382142225,0.1678031347297524,-0.606892395667839,0.09258332926396198,1.0,200.0
736,descent,3893.248627224499,46.584288037995336,67.10091043540146,90.73882627236094,213.1885659980323,733.7469041840053,22.240323371905795,0.30458394485301676,15.504175172275643,41.69239280694033,3510.890352590918,healthy,0,0,0,0,-0.3985698264973683,-0.3890340663988257,1.147220718281393,-0.9821829767043133,0.5862271886323371,0.44702126344852094,-0.2914700278903314,-0.3177545791595656,1.0,200.0
737,descent,3918.964464975243,44.58391193590039,65.57591795771074,91.06191588620793,211.6480978643888,734.2439730546324,22.40441623844511,0.32076184673113955,15.1862239196579,43.294361453472455,3639.1050399643773,healthy,0,0,0,0,-0.2773195581816254,-0.14184473254858812,1.0374733845085014,0.07202459961658975,-0.7062074902709564,-0.4404589284949305,0.005947431329646164,0.08582506269567641,1.0,200.0
738,descent,3897.4199456149604,45.63138916683655,66.48947807300867,90.69017127013387,215.2124060064929,732.7829681671109,22.25076987580039,0.3234387021292685,15.236191449378767,41.3796640001315,3552.7923940661153,healthy,0,0,0,0,-0.3267886405421551,0.20674822685961852,-0.6826968373811511,0.18004700391735162,0.18810097110335003,1.085940155066168,0.6728720282566002,0.6276719721099118,1.0,200.0
739,descent,3909.8666596828125,52.334549618831815,65.99038522351451,91.51048996993003,213.05945221467806,727.8151127410343,22.136369229189185,0.3044601634635108,15.439026830058463,42.8104630986493,3601.223494741059,healthy,0,0,0,0,0.22766146347925795,0.07102898376252051,-0.3049050389043784,0.38100982198569705,0.35065167043145035,1.1743248212298736,-0.47302596171190986,0.64480910358448,1.0,200.0
740,descent,3913.449746357938,43.97417021808149,66.22805674183958,89.49282932937591,215.61745852235867,731.767582913002,22.163821461887004,0.3034857770376174,15.355756236493388,41.993874201108646,3537.8125629605065,healthy,0,0,0,0,-0.2425768697625159,0.00027872687218997907,-0.5378577948522297,0.27164580467848864,-0.7083254549113337,0.5540434034918047,0.11994020314966618,0.09691066631053626,1.0,200.0
741,descent,3952.282060662657,44.29586187584578,66.09337958272415,91.53939336188238,212.49441119593772,736.8735438594331,21.902363823574376,0.30013467907325125,15.23312421223331,43.81607241090196,3579.265665213572,healthy,0,0,0,0,0.12977559704511551,0.2705627822993745,0.7234029902027055,-0.6804203465888645,-0.01616614327444191,0.2652199213520512,-0.4300402345871983,0.013352677463526435,1.0,200.0
742,descent,3936.852128467219,46.219693657445845,66.61941970714838,89.55322947259599,213.92117926264885,727.8348598771962,21.995925564024645,0.29837088594987526,15.302869050405477,41.31273094215751,3667.3949531274684,healthy,0,0,0,0,0.6600129619570089,-0.45771107353582047,1.052439093028654,-0.13180743130810982,-0.4382898279938092,0.3410547518737177,-0.18865363591025167,0.4049273873159541,1.0,200.0
743,descent,3914.395724072039,45.425329227578146,66.90487079680304,91.52073253830181,213.0116050746806,732.9764531147089,21.88134406815269,0.3171832218690595,15.405122174183663,39.840845775387024,3551.48576497933,healthy,0,0,0,0,0.5450898553832271,-0.20264485632210852,0.5731776124843656,-0.47812294232744973,0.14029170134539704,-0.6598100879803004,0.46316636224664737,-0.4723790584087155,1.0,200.0
744,descent,3867.7020598345484,44.65708095284972,66.51810127735472,91.84525314375448,214.71146390368838,730.450638943385,22.057496704653364,0.30974993371605897,15.060596900353985,42.37473020557939,3315.6319124812035,healthy,0,0,0,0,0.28071863638711836,-0.311334835028644,0.47457167346839724,0.6630507572504373,-0.9333300762496047,0.30391578968413613,-0.35670679965055446,0.5297285383607621,1.0,200.0
745,descent,3932.005711587704,44.092407668903505,66.69451002438919,89.80943053256598,214.26747211883998,732.775169821941,21.569173219897227,0.319314677362545,15.249026279641512,42.16749648292992,3494.232854355222,healthy,0,0,0,0,-0.08722240437617985,0.31199919455004055,-1.3196673114058872,-0.2393292000529544,-0.08370115753095275,0.5896763228381577,0.18733875062916283,-0.8320368184717285,1.0,200.0
746,descent,3911.1771184456106,46.6502104876413,66.45821422941508,90.1360055826635,215.14185169396774,728.5060386477741,21.802182778815393,0.3138988424904931,15.178986609144857,42.21878979534655,3367.3208250894345,healthy,0,0,0,0,-0.35142217039331086,0.938292009611833,0.5159570281237408,-0.0467711037589042,0.12383340350388512,1.1154533176653407,0.17098881019030843,0.12469201797164822,1.0,200.0
747,descent,3913.8658415525665,47.623975890493455,66.40258767228407,90.55391746324942,212.03080107219225,727.0933721805098,21.76107961525638,0.31181343598026273,15.420054467268777,43.408544200901616,3398.683291955104,healthy,0,0,0,0,-0.49104804202469965,-1.0679369978120774,-0.17248385727091295,-0.05430939233713363,0.34185222299939333,-0.06060847131887673,-0.5678880322903874,0.04418369945529972,1.0,200.0
748,descent,3909.3180267820503,43.565054611943054,67.79565325437423,91.06208962396235,212.66535149491386,733.7912920014076,21.74162334617649,0.304174588280116,15.473952268557316,43.503253940133185,3296.1359021865287,healthy,0,0,0,0,0.41404087264704503,-0.3989188771000956,0.06474610782075524,0.31014433863264146,-0.18791502293218898,-1.139667247645779,-0.5804442815924612,0.8874320627879113,1.0,200.0
749,descent,3915.6921532542824,43.1963565526053,66.14690342199808,89.25979501867187,212.65401387700624,732.5437438057953,22.190834944655684,0.29554175217479267,15.463421644251746,40.77793802230235,3561.4837424820403,healthy,0,0,0,0,-0.4493246281832355,-0.8781114358805233,0.47026911390914977,0.37328538470596956,0.232700350253649,0.24230750627967249,0.05538680709890341,0.5965726367604695,1.0,200.0
750,descent,3917.6499090952557,49.12903523133501,66.64178312206514,90.46708079446053,212.5020229820208,732.8445732858427,22.32776919559353,0.30504552037192745,15.585330754843868,42.06651332208612,3438.955015404281,healthy,0,0,0,0,-0.025246238593816757,-0.13022981786725513,0.0576684248929322,-0.6616227531190711,0.8675679760480338,0.12496307002932726,-1.0742448193781275,0.4326708916340117,1.0,200.0
751,descent,3879.656285902485,42.618910410715934,65.69847847441523,90.96102876767702,212.41071720482654,727.6912537233362,21.946968264687055,0.30545945686107573,15.283656202081042,42.77206191464818,3606.852959553823,healthy,0,0,0,0,-0.5670198775887207,0.7352365874975209,-0.44723260992118896,0.023994490707700572,0.19923840374348303,0.5100304528133577,-0.6922821467896704,-0.3094403598288453,1.0,200.0
752,descent,3917.005901323194,46.89988965345024,66.54780117978183,91.0326914282174,214.90231658748982,733.4401283037461,22.306785549197183,0.31295349124203065,15.39954101412494,41.63620193427179,3496.026666394235,healthy,0,0,0,0,0.11121023525521526,0.63937958267238,-0.543283602234586,0.6081876375555594,0.9539662176966708,0.34275720869080434,0.18743853441677474,-0.16343917074957956,1.0,200.0
753,descent,3958.2254800127025,46.3474775016783,65.22404006883164,90.95141890671823,213.07503562765478,735.9480300185256,22.011822939724112,0.31022823537879435,15.17737052793604,43.35770311686419,3486.240559447556,healthy,0,0,0,0,-0.9395915815307121,-0.21669940935466528,1.0066080444604917,-0.029596451712690833,-0.9764058601254825,0.09943559268877349,-0.461112083249186,0.5657422211481306,1.0,200.0
754,descent,3906.9287046144345,43.26328365739195,66.24951924239953,90.28978719539172,213.65233072096763,730.5233139745626,22.26562435058077,0.32110016513096384,15.252543247477677,42.22059112145283,3521.727810711692,healthy,0,0,0,0,0.09317074139689385,0.04855838585264208,-1.276023736295297,-0.9064948863376593,1.4951793125388837,1.2899822068739952,0.47679427908921246,-0.6031171978157531,1.0,200.0
755,descent,3924.8696211408605,46.988209941230885,66.2746823019676,90.31472797235648,214.07818585122897,733.1539469284479,22.005778837756644,0.30445601833758734,15.04375486712711,42.33522835306974,3428.208085866342,healthy,0,0,0,0,-0.10026437856245024,0.3714609293747193,-0.10313451051215214,0.22588603780354824,0.08468055120291047,0.13538673041921367,0.40665815512847575,0.5368985640222217,1.0,200.0
756,descent,3913.3375920715507,43.26279006269452,66.08063112722074,90.22294091638882,213.1964278546503,730.6430380610489,22.136748542743184,0.31282252755594253,15.175371821766019,42.14333398970046,3398.5768468746087,healthy,0,0,0,0,0.04973311234159235,-0.31845804718435694,0.1855815000629083,0.44542760660535485,-0.4842367742370468,0.16038062195628175,0.01467812648377309,-1.2775681972418547,1.0,200.0
757,descent,3901.784534768134,43.29012055831461,67.05227825197142,92.07877881620664,212.20949925463339,734.8162339097988,22.122199540008275,0.3106819739878164,15.242003869387222,41.678231583318926,3552.1703743750854,healthy,0,0,0,0,0.39764671701278625,-0.34271753414020256,0.3095935637138707,0.2988007962528909,-0.027255087391227957,-0.5677482872244981,-0.44356744317451,-0.009025768012946552,1.0,200.0
758,descent,3905.668342287024,42.69012227829966,66.91298315059542,89.9428676737364,213.2526545580387,729.6649815644786,22.050703832226795,0.3077308001753397,15.641039865802526,43.145711946053574,3552.6777138255416,healthy,0,0,0,0,-0.180886649057623,-0.42936721804313593,-0.3318583373776654,0.6903050303957282,0.7003502300989746,-0.1270539658729785,0.3116260356200902,-0.2153303026739366,1.0,200.0
759,descent,3927.9572750806515,47.13778916574421,67.4461496620864,90.70684659086365,214.00938200614573,731.7688376310966,22.02706709048945,0.3147982547674093,15.257060089247627,42.39130033536502,3407.8291368563214,healthy,0,0,0,0,0.09932285385686315,0.8174582315298075,-0.34630109094687,-0.3393814288253376,0.6936004694107105,-0.6555179960621014,0.42728325144103274,0.8323300170700327,1.0,200.0
760,descent,3901.7130972031086,44.570531060135906,65.76954789865701,90.3710952092563,214.21509425881226,734.7152311931627,21.58600479224026,0.31357255759440944,15.228805364466567,43.50354598427574,3494.159612761705,healthy,0,0,0,0,-0.05226032292089914,-0.7341785298275986,0.3762434728890457,0.29073120511610173,0.7703975311816463,0.6001399220447166,-0.6497432692167207,0.23026382471762416,1.0,200.0
761,descent,3936.570584151568,47.639725395980584,66.33485754136956,90.46306080427061,213.67659793274723,733.5299632443147,21.53478515423737,0.3119225161204926,15.309659757250333,40.43976092878169,3649.9491544190955,healthy,0,0,0,0,-0.61458954642864,-0.4335422176696816,0.26316229915819617,-0.07218808397581349,-0.5428226526692593,-0.41958597218742294,0.2533857595382398,-0.5462830528098117,1.0,200.0
762,descent,3884.186871723126,43.848942693953276,67.1767204774375,90.75394580400312,213.51207762250576,729.2964335066172,21.885288336681008,0.30607824096573394,15.319587779916912,42.26729966880576,3497.0371610276625,healthy,0,0,0,0,-0.3157019303659337,0.29941086208302553,0.21700283842052245,-0.30224365561859884,0.22834537823281156,0.2546038299028917,0.8334330381118222,-0.4380623943838451,1.0,200.0
763,descent,3889.040294539001,46.698547927491404,67.15272970787291,90.21229671355208,209.64629271374048,732.027942535962,21.85678936225521,0.30312871192749363,15.489122398629377,41.83024223227964,3503.6956202419733,healthy,0,0,0,0,0.18064559727617938,0.3280205757615132,-0.1665105504172927,-0.6296738515449082,0.0036561255759293863,-0.30707408764503774,0.005612192462474307,-0.12198681542277962,1.0,200.0
764,descent,3905.8753585257396,48.28404394455647,66.76135576770238,90.58385735628482,213.51041312293998,739.2616645765924,22.154603765728908,0.31469855402125885,15.250911077316529,44.34906426915307,3491.979217226932,healthy,0,0,0,0,0.1661646510782251,0.7151897208560122,-0.028047501687575124,-0.0992122451412018,-0.06253320802802545,0.40275056903377515,-0.25253980773282314,0.5957785940883163,1.0,200.0
765,descent,3921.1614542286948,45.297195729054415,66.60746241741421,90.2918935673625,214.57614268557148,731.8476641001772,21.791076288008714,0.3043106774791415,15.54590349115812,42.28690831803665,3424.387453531404,healthy,0,0,0,0,0.11992265505575195,1.1878853933643392,-0.3860666920934473,-0.2656828196097484,0.22805475578601436,0.01273456531785863,-0.7024205978801132,-0.7165557188239412,1.0,200.0
766,descent,3923.3394483581174,43.2183172627403,66.75085220025659,91.00127875111183,214.82758586475686,738.9480521515883,22.06772290601951,0.30955838118337636,15.183176688851876,42.9002194293928,3488.6352892179843,healthy,0,0,0,0,0.06214856107553007,0.33884729740929637,-0.6757666873232977,-0.25895267622565965,-0.14740250442268485,-0.04854201137713208,-0.3264729644173622,0.7637865074631225,1.0,200.0
767,descent,3900.948275241299,44.78408087061594,67.10372372128191,90.32091066583189,215.60065402300893,730.932633506031,21.819950385974543,0.31592089489273306,15.180099813913555,41.69964337980667,3445.257664461613,healthy,0,0,0,0,0.0810406366012633,-0.0981237715791088,-0.8583988488116899,-0.22426124046220963,-0.25984144589970715,0.426988688801864,0.9037227640663866,0.05273309284649145,1.0,200.0
768,descent,3883.72723832679,47.98269769700336,65.80532107350125,90.5958613573831,213.93465921571462,730.3633901022417,22.108573233899747,0.3093195427673874,15.271857365890877,41.58264515478818,3584.859983807382,healthy,0,0,0,0,0.18661403890176012,-0.26860610952842195,0.2177020169014089,-0.9051710898476344,-0.36700283352777013,-0.22321734436523655,0.40537230612355957,-0.766375176816324,1.0,200.0
769,descent,3898.9131003122975,46.94741042772594,66.70332323739689,90.56443044606168,212.19677072760143,733.1245025117197,22.000942347502388,0.3062905829457557,15.347285297656454,42.56811122996739,3426.83297755092,healthy,0,0,0,0,0.4795514615499049,-0.3537083742078708,0.07397518637542017,0.36312915228399545,-0.23648099553644775,-0.5676829051315435,0.22556653581099534,0.6469075663716755,1.0,200.0
770,descent,3920.181713495688,44.6972465681832,67.00999801004231,91.6922812800415,212.52001476829727,735.6848178340861,22.15895470736468,0.3197543436396013,15.576567483929523,43.13420099502863,3335.4523434266666,healthy,0,0,0,0,-0.45536326599292754,0.26443942849105645,-0.7443580396714056,-0.49349002546485676,-0.4859832962058994,0.03839075485086818,0.7043072813018417,-0.5348848862695108,1.0,200.0
771,descent,3917.392824760354,41.98047800613291,66.72977504145996,91.67366914451422,213.00637430392118,729.3624937698211,22.18402864891385,0.31590165714119606,15.172558780573622,42.3758565548658,3367.654557396425,healthy,0,0,0,0,0.17983484166140765,-0.2066136837594697,0.23447336489322942,-0.15787175746760065,1.031576771607739,-0.13412174895922396,0.4905886377939272,-0.22811954670041437,1.0,200.0
772,descent,3927.264920661103,46.90029632535413,65.65782423377391,89.84166460094991,212.6591873309103,731.3263369583478,21.972551524612662,0.30711422788577647,15.449248454564946,42.37568950745747,3432.012495597429,healthy,0,0,0,0,-0.9986674372050538,0.5791943369598141,1.1848776204386084,0.3178401684786609,-0.30741820108700074,0.5951012689506666,0.5191257340314019,-0.2728698238818984,1.0,200.0
773,descent,3934.1849274210886,48.731035263401445,66.67632955613237,90.08219289069308,212.22819035370642,737.6427930370035,21.807760357727883,0.31245972784525633,15.391912977503381,44.24160059157186,3426.278960719865,healthy,0,0,0,0,0.866000798548528,-0.4474998935683001,0.2579919899697891,0.14157296901700503,1.3909981177089235,-0.5841891713072411,-0.894056659169961,0.2698685415714765,1.0,200.0
774,descent,3916.0872046214754,48.76641090934286,67.14275876669853,89.68463038778602,213.33637443639057,731.4028516956761,21.81316642897222,0.3165305012219959,15.234447854458407,40.87917295630315,3478.835084349871,healthy,0,0,0,0,0.4268200491877014,-0.3913449248472132,-0.6973787310520216,-0.147816237535013,0.606533939620452,0.1578588002704819,0.35057800535562644,0.5442325085904536,1.0,200.0
775,descent,3901.5700998594916,46.33480315450977,66.52430099919022,90.32791793178869,214.78980587659686,735.7753451831971,22.16822609718434,0.31232277522745244,15.411264644328993,41.54920483852052,3759.795654217055,healthy,0,0,0,0,-0.3865559281673734,-0.2988813675538626,-0.6113122170858829,-0.16998062591300533,-0.2760058831932217,0.20875982936305953,-0.36649939529145403,0.35893766853330655,1.0,200.0
776,descent,3927.5747993203067,45.08716441244148,66.56093994986011,90.4846502675122,215.358617837629,738.356051555286,21.585332681802914,0.3164574547262405,15.134315245920302,41.609579752649196,3531.2194665746024,healthy,0,0,0,0,0.7466544120067273,0.04757852359951868,0.16401938106394445,-0.05110786533183962,-0.5480836162862098,-0.4044308372561884,-0.32214141602412116,-0.027389556994408107,1.0,200.0
777,descent,3913.381758147813,43.89698021476036,67.74604202493042,90.12242718526298,213.22836409250937,726.1764702953826,21.967294669207305,0.30076796767113567,15.46574248116441,42.29849219372829,3460.5438627838607,healthy,0,0,0,0,-0.21087818236072417,-0.19188097421025754,0.0881205094787886,1.369374851896154,-1.0701915378305684,0.3877305526826609,1.0078603904185115,0.2892717137928825,1.0,200.0
778,descent,3978.1976485018226,44.324019120619425,66.73083582899184,90.74842701907825,212.14484643083804,732.4190555971497,21.6534969195529,0.3116294366028344,15.284778813022506,43.069603290893475,3556.7875770005944,healthy,0,0,0,0,-0.013943316935706601,-0.136819272304482,0.9817166557040417,-0.5394450324679203,-1.2767198248915759,-0.26619851090584207,0.5668205450741741,-0.47608618539953257,1.0,200.0
779,descent,3900.921511689957,42.169722147211345,65.42288663266797,90.23121554338123,214.74537394888807,725.0152762796835,21.908531765979326,0.3045056063481733,15.28755378902293,42.55669863984745,3429.9677239304206,healthy,0,0,0,0,0.15396446759492904,0.11343426425962154,0.33590482431981306,0.18009343381229226,0.62365734021157,-0.3160205240976009,-0.32237054963433154,-0.2729594438122952,1.0,200.0
780,descent,3914.4775507021814,49.738325873066024,66.26773906833432,90.50672323933924,213.60774385239952,726.6898156468063,22.09244622215109,0.31028155460183915,15.348125018808743,41.79097921830936,3352.4072480104687,healthy,0,0,0,0,0.5578533175342985,-0.36584652131080403,0.44854575297156274,0.09727285083178865,0.02138781473427886,-0.18164526490395996,0.5280852963168077,0.25173509479496264,1.0,200.0
781,descent,3935.8681151191367,45.41529397667463,66.49588120202144,89.41967199964812,214.5191557255535,731.4483953275511,21.987940993358816,0.3113129996764771,15.357395128506013,43.720840191228234,3503.9874389301535,healthy,0,0,0,0,-0.06722620901465694,0.03382294116712997,-0.8526614374137276,-1.1842096276344278,0.2148494132452187,-0.5116710012895795,0.3006719404310077,-0.3427987368429866,1.0,200.0
782,descent,3909.9501898649096,50.238033032176446,66.33364112641195,90.92132142422467,213.49131330812395,735.9149093798644,21.906923777352308,0.30696458137145194,15.488087305057025,42.95596381376612,3486.4268322334087,healthy,0,0,0,0,0.1567786163090425,-0.03962080538172014,0.8138158074056805,-0.43836676120676843,-0.06724180914447933,0.0327100417520786,0.08984422652572147,0.6179979503913886,1.0,200.0
783,descent,3927.842296550084,45.32022792449432,66.58854840307285,89.95521889373757,212.6838268916082,730.2775346228761,21.680449043892043,0.3087348490013371,15.192625446391567,39.39319091520324,3586.2432795219615,healthy,0,0,0,0,-0.1853384023403988,-0.20690830593206486,0.45844436551748197,0.04700163597946996,0.07195198882957632,0.3542346113985509,-0.7339349767213743,0.4629905761232878,1.0,200.0
784,descent,3898.8334784344456,42.23258689202074,66.45017137866066,90.26785145528851,213.33867302094566,736.6141372043704,21.86463416681258,0.30348776643140585,15.379153442237625,42.012734963879,3417.481038183366,healthy,0,0,0,0,0.5901531678881753,0.6888586150893748,0.18752376240090896,-0.04104386765458021,0.6738709825506977,0.27585541731330276,-0.575078416020426,0.19271126853789972,1.0,200.0
785,descent,3893.052641750873,49.19235295979567,66.22555226100509,90.9085248847731,212.48654338122392,731.9183039160249,22.049021546096007,0.30631916609320664,15.488977561933536,42.76304453997044,3517.3065494082925,healthy,0,0,0,0,-0.06417445860022442,0.7016695377588245,-0.43195758094857084,0.36871946753257234,0.20180434874032585,0.5018391366859927,0.3472077958329008,-0.006928082207030483,1.0,200.0
786,descent,3887.353136541301,43.74956870750568,66.6902119828804,89.6803108848878,213.88861579481878,733.0064668442294,21.930457640688697,0.32066614130157134,15.352743576763245,41.30314072720954,3506.8816137903436,healthy,0,0,0,0,-0.4993155132936839,0.4755114240810951,-0.5109139575136551,-0.16677275112960066,0.025599909552931403,0.11976450417322246,0.07515587304223123,-0.23874384693431702,1.0,200.0
787,descent,3922.0642435427994,44.593406333209714,66.69117831807165,91.15568083513328,211.6384140573173,732.1138434255262,22.124626138811255,0.3103991816407298,15.42783176809354,42.3318419652605,3413.259176852041,healthy,0,0,0,0,-0.5864493753100605,-0.1270903090844972,0.19737174910364355,-0.36674874989721834,-0.6501842631136168,0.19148757582148274,0.2670098866869246,0.539589004283182,1.0,200.0
788,descent,3899.627631779835,48.76632493523191,65.2295981657673,90.70064216960175,214.9230170394365,735.5999081541917,22.127875000665362,0.3079434177883594,15.30987443193968,40.811450409331655,3446.9320718420504,healthy,0,0,0,0,-0.5394959126197596,-0.6227346847008494,0.47133925499356577,-0.5931468399500278,0.17815079436408754,0.2954758726624539,0.07932251659051454,-0.7671978313153753,1.0,200.0
789,descent,3925.3698402500763,48.386769176773235,65.91933078213118,90.69411123062878,213.2110947029074,731.9032685809351,21.6106296006203,0.3121615005924526,15.167342394464791,44.26501132005964,3660.9453906108347,healthy,0,0,0,0,-0.17088072962039016,-0.4093720110634913,1.5036255120623425,0.045881503420417795,0.3996463890299154,0.20252113060445456,0.6127021533628575,0.6891992182495711,1.0,200.0
790,descent,3905.165836183807,41.41680992357298,67.21447646612349,89.69714301116608,212.080044744395,735.9474989187244,22.116267357249924,0.312243881689298,15.412104166518995,41.40275702448746,3562.34547488492,healthy,0,0,0,0,-0.08107966355334095,-0.4058134204618864,0.033622294925639416,0.40049589263090846,-0.4088471348234172,-0.4511365340188403,-0.10156723615621092,-0.19040181299821068,1.0,200.0
791,descent,3889.654998010714,45.47133229512435,65.5736411556571,89.73825126706419,212.62908803257713,729.545814196346,21.85197086381117,0.31786584145568686,15.470768740082693,42.144945842794144,3482.280257806824,healthy,0,0,0,0,2.030164767116297,0.029979512560980096,0.7628530251016064,0.013764716045940912,0.25079801015538966,-0.01124263759074345,0.3829117634043148,-0.0978865138834294,1.0,200.0
792,descent,3935.644777357191,43.29015274503774,66.90661066207333,90.58198677071017,213.40866351500813,729.563482843853,21.780551728245168,0.311836579779636,15.440210457553148,40.132297905821275,3251.7537309056897,healthy,0,0,0,0,1.2698050587470062,0.38982653899036374,0.3727227142585434,-0.48419756250041285,-0.36134976999294943,-0.4566642518419558,-0.19636234546705078,-0.4624022176421989,1.0,200.0
793,descent,3968.658067009649,46.54749919938182,66.82160416168837,90.36001373129773,214.31813934375654,731.622936285944,21.890411665419347,0.3010462858245763,15.605066932439124,42.64156258669435,3310.7706800856145,healthy,0,0,0,0,0.3008024421948478,0.4763891930872007,0.17882129423973028,-0.27969756222055114,0.18103710689772742,-0.6278774070966288,-0.10714420993907355,-0.2078611577492556,1.0,200.0
794,descent,3921.6778435398332,49.09357693843073,66.86171798062777,90.19167660506055,211.75858502489018,728.7219787264099,22.095440351634664,0.31643812016246725,15.294847388015963,41.185535303160464,3381.6387410071593,healthy,0,0,0,0,-0.6711561376247602,-0.2538145638036024,0.1771231488890361,0.3628507300583778,1.080279513053039,0.8573467291254883,-0.006861229487338642,-0.4870148520284004,1.0,200.0
795,descent,3880.874800940441,44.43424311031674,67.44106910619449,90.46583126104522,213.8026855230421,728.7629653144771,22.127689708905926,0.3048433009228265,15.267810609419294,41.398180611775004,3522.7052528376776,healthy,0,0,0,0,-0.6083130758748522,0.1888504047854218,1.337389058256188,0.1051912696575075,-0.3528327171843968,-0.1043097073698514,-0.28988822571757655,0.2468867650953747,1.0,200.0
796,descent,3930.4244086327217,48.4556683565488,65.60961025743894,90.00290088954743,213.05155665457414,733.8973537029821,21.687941896143197,0.3192877025558233,15.407118286150958,43.8190754326972,3390.9157176253293,healthy,0,0,0,0,-0.2363826878487009,0.5272596847327317,0.6176445944961833,0.7322099052266873,-0.029333121300325483,-0.6060905111202922,-0.02616143262079424,0.6374190083177026,1.0,200.0
797,descent,3877.6529210924127,43.61193420448199,66.05132049765395,90.45122939525744,212.98605191664873,732.7791114413316,21.629281500750437,0.3142429382907099,15.383982996071822,42.81132040496079,3672.532839205414,healthy,0,0,0,0,0.13184991762130538,0.1881459743461261,-0.5955482352051714,-0.21307318257459262,0.06591378039859572,0.1501823813502076,1.0100213170407417,-0.718150832571394,1.0,200.0
798,descent,3892.5935330077436,49.81376378688361,65.96906276990586,90.86251346452433,214.03753177727964,729.0539192097335,21.761839580503196,0.3080043910744876,15.764180257903549,41.94570368664036,3471.0531501874366,healthy,0,0,0,0,0.3993915398714672,0.11202492318238397,-0.3646298584163003,0.2667509236386539,-0.04793434526701441,-1.05729941810952,-0.9401413134928419,-0.13688952407219354,1.0,200.0
799,descent,3940.715488247892,43.81791497337963,65.94467167027821,90.00471966690878,215.5770091309762,735.7017503591811,21.75707761493012,0.3112953863201757,15.32469421839411,42.699571193898294,3297.601775163862,healthy,0,0,0,0,0.033172625683144635,0.0864566994230995,-0.5923038010725631,1.302349472910071,0.19598246414072298,0.417131768002695,-0.8891719423468836,0.9547398995100034,1.0,200.0
800,descent,3902.9587720446902,44.54254681956803,67.01836906996839,90.0342746371206,214.17789167325438,730.4468651932681,21.8980786595174,0.30761548114536963,15.106899618210898,41.19653636676948,3517.806681999013,healthy,0,0,0,0,0.8984586035580027,0.7063848141120781,0.19680138611833317,-0.38170051102141733,0.6360124005425017,0.24516838037131597,0.08948549069700536,0.23296758895605604,1.0,200.0
801,descent,3939.1819272665625,46.06313749075531,66.85179070445487,90.46618702032205,214.33759440409045,732.8919318795713,21.99414752243951,0.3151485601239112,15.57466823191963,42.812998173345285,3411.0036219163853,healthy,0,0,0,0,-0.006706552123292346,-0.2987676763170265,-0.07272553833269871,-1.3971362454966214,0.4079826364012048,-0.7963287655720365,0.25290624544274715,-0.0725372817187746,1.0,200.0
802,descent,3922.9507733108844,42.66803386190339,65.78206405039643,90.26042839307864,215.99461013377953,728.6081238567933,21.770190491888595,0.3127766552560557,14.941450256840652,41.52149828758818,3433.4666177913778,healthy,0,0,0,0,-1.044584099639862,-0.3234523190539885,-0.36391146258782225,0.053622539693909496,0.1465225829541078,0.6672943343823176,-0.1911029491793634,0.17865254729577826,1.0,200.0
803,descent,3926.204067518103,48.568440461663215,66.71200945096012,90.48993059919827,214.4405494277145,730.7239754648747,22.418885258384158,0.30225557441085404,15.399091858487045,42.191824518929266,3425.2895332815574,healthy,0,0,0,0,0.14483124903769973,0.7257098831746255,0.6392291324034158,-0.5148202536292723,-0.6840587305858112,0.4856927337514977,-0.3780385565601973,-0.06557629752510788,1.0,200.0
804,descent,3913.336328242756,43.32918894698247,66.77103689945613,90.57556356226756,211.30514459666878,735.3374949038232,22.26527826801395,0.3137307386013836,15.400414491497326,43.36803268236163,3314.5257868460167,healthy,0,0,0,0,-0.7761239189985952,-0.25008451533832493,0.37320481968477304,-0.7225927222161905,-0.5954402810683026,1.3403627001210647,-0.6303561761689496,-0.20147660367662826,1.0,200.0
805,descent,3948.7371463282393,46.69712588340034,66.12323594069642,89.50096882055382,212.75859388155106,735.9469908826787,21.815161742431254,0.3098517602291003,15.077884935494032,42.48520106299322,3261.089211663758,healthy,0,0,0,0,-0.2601050153325978,-0.575792142319066,0.6855124947011334,0.4040762052180366,-0.007080542459358321,-1.0465254194536686,-0.39887824443827075,-1.1339598258442178,1.0,200.0
806,descent,3913.673710025237,42.890962676290854,66.85688508367623,91.486159784127,214.25045099908868,728.909572412019,21.927837634378673,0.3126805014907907,15.257942047386363,40.93578329094844,3452.0675961987313,healthy,0,0,0,0,-0.5064810430726473,0.286180830771476,0.16173006951393035,0.8442984140457833,-0.4460784247386932,0.8226993284844669,0.08594433325379167,-0.9135675304240872,1.0,200.0
807,descent,3915.733203659741,45.688788647465394,66.1372293550458,90.41491137385833,212.63422589082188,730.6563707714424,21.901250456909903,0.31356295057439865,15.568240446960566,42.0700430257094,3464.298083814853,healthy,0,0,0,0,0.34075142928343427,0.5815708863223367,-0.5001477955604597,-0.029317198079899232,0.3885660681348773,-0.5427807452533632,0.4860134073441515,0.4159220309902816,1.0,200.0
808,descent,3938.4951390350107,45.44817040439867,65.99151651687036,90.58332947800005,213.67973064547832,730.7549701648444,22.06467173974275,0.3162764349348733,15.599030256150911,41.747783999868425,3325.4112693664683,healthy,0,0,0,0,-0.5074051214863502,0.17893333001203413,0.16467179966685086,0.33807713907127523,-0.170927878936909,0.053533074896236044,0.1566612251337891,-0.2703080283328635,1.0,200.0
809,descent,3941.4580628716812,44.69274094126228,66.88239905380667,89.81617411750997,214.2120609701805,730.3305862777298,21.783921822469257,0.29853595664918375,15.578328889755591,40.2850948209491,3575.0328377110645,healthy,0,0,0,0,0.4754035986591355,0.0027205394369212645,-0.6457266885997911,0.41419382564090446,-0.14614731895480762,0.14480890095775623,0.5595149696260788,0.08145421278370223,1.0,200.0
810,landing,3946.8056533959452,46.44766114275368,67.53210904289509,90.38091001839706,214.69656843045075,734.6065400981109,21.94597793657018,0.31272456501873835,15.579529713579221,44.32962117326326,3413.1649907845526,healthy,0,0,0,0,-0.9529977722939443,-0.12035400280318012,-0.3613422895534023,-0.18063463917722616,-0.5054447828543289,0.15461498434024468,-0.29989154483540287,-1.2176042887226652,1.0,200.0
811,landing,3909.28903520133,43.23555824076819,67.15112473451323,90.3531264604642,213.58254791492502,731.0017554250834,21.688187568430788,0.30494176116290844,15.289064401583282,41.53843062566639,3602.029007986907,healthy,0,0,0,0,-1.0488906848629358,-0.5173383104578957,0.08682956707326178,0.2257502703939256,-0.5653783425064204,0.26781260627850456,-0.00477833551536097,-0.118540999895371,1.0,200.0
812,landing,3905.7410514081907,48.512954288575685,66.32481293048743,89.91009001364738,213.38905328065073,736.0929460825969,22.146612268170337,0.32224387740540095,15.395608202338167,44.39658154300301,3550.9831637708858,healthy,0,0,0,0,-0.7329666885778164,-0.5109139701300205,-0.12298358763438445,-0.3256206902385871,0.0482070116605733,-0.534268671207062,-0.07579302834307389,-0.3851344354323849,1.0,200.0
813,landing,3917.904801422251,45.87411746906865,67.35317800254093,90.39561748000847,213.2790393340277,727.2424740641973,22.053200254425857,0.3212215366863188,15.445623104786124,42.414430155603704,3245.9873307071343,healthy,0,0,0,0,0.09774311578484848,0.7594174123466155,0.8200885602261805,0.3844869394907256,0.24860833434503027,-0.09881190031667952,0.2800679037732947,-0.13095830503126463,1.0,200.0
814,landing,3911.420243430535,39.88633467939703,65.64499264103759,89.60291578303922,213.04554133565188,733.5775072421468,22.161075646163862,0.31177526954038287,15.365113706223344,42.034975407354665,3382.996333628,healthy,0,0,0,0,0.36517057576262435,-0.14664595998671906,-0.12330099648419121,0.6187450073689235,-0.1565293500956968,0.5132965261893032,0.03212732961296967,0.5535352432779131,1.0,200.0
815,landing,3910.3491045164037,49.480345907016655,66.06100539806437,91.89559457008542,213.36603534892768,735.0827202094071,21.82506989476935,0.31632870634665855,15.372854696164481,44.12273384235402,3606.9807904084473,healthy,0,0,0,0,-0.0063370025058140786,-0.7008260354395921,-0.16645762153162666,0.07965067325531976,0.25004963407279335,0.27839185024941426,-0.09348657427309393,0.5127348857142882,1.0,200.0
816,landing,3908.854628369873,46.37464999971342,66.31942184861258,90.66150556620535,214.32259680090922,729.7027273789056,21.866272446707335,0.313039976138966,15.678736385752224,40.90054202771494,3612.950003537809,healthy,0,0,0,0,0.5947220312160912,-0.3413528424138999,-0.02540350072578846,0.30159329941373997,0.2755111459367626,0.14838547535259355,-0.2513330745229206,0.32044358894941355,1.0,200.0
817,landing,3914.023938150742,48.576353198364906,66.37321722574889,90.82189592637245,213.51166365113374,731.2041421899298,21.90059254674129,0.3019115509425181,15.380124841724788,43.200755212205756,3544.0921980504736,healthy,0,0,0,0,0.5256807771950799,0.5008199952471641,-0.6081163761070391,-0.5587826916592362,-0.8465540679216613,0.18563560328057035,0.6796952611846696,-0.01581702435486999,1.0,200.0
818,landing,3922.7042160631145,45.11534964078995,67.14965030817464,90.69968638245236,213.6748133904059,728.719432071052,22.01711190156988,0.3145772249278161,15.578059935411815,42.54440759074256,3534.6096184038256,healthy,0,0,0,0,-0.17844578959986587,-1.1553192379981558,0.11530968757641309,0.292789755117361,-0.5750262720528998,-0.20345536043228113,0.2820928138758703,-0.6304905669227095,1.0,200.0
819,landing,3966.5447972804122,40.94399210254949,67.05467861675027,90.0485535339343,215.18057140872523,729.7971162188113,21.769828309636843,0.3161139137969947,15.352533953700599,43.54891231631096,3488.5138295400993,healthy,0,0,0,0,-0.487972264405602,-0.5968349344941987,0.6289256627299825,0.4118700514084748,0.19630519943672392,-0.7223609545137931,0.4396627678965625,-0.5797953137730469,1.0,200.0
820,landing,3894.215559005863,44.62978701541502,65.95889792660259,90.57420189130974,214.7625260887754,729.0994665048021,22.173685090239093,0.3120725611809633,15.177408191610978,41.76448375570658,3613.330950176367,healthy,0,0,0,0,0.38025520454128153,0.335346638310724,-0.848109740587281,0.5856420590779846,0.6258251003382607,-0.7286422195563964,0.1724417135717948,-0.7183480697679487,1.0,200.0
821,landing,3956.6242184069824,43.01708283276126,66.3861948835939,88.9350658365742,214.2712193096242,735.3591227409129,21.961331651771594,0.3064243840059885,15.306817121062014,40.23388156289804,3555.877531048592,healthy,0,0,0,0,0.295739231534402,-0.5296176358841961,-0.1542282654253545,-0.32557158541979964,-0.641807717275009,0.8240534053589602,0.28602379845898257,-0.3849341749037996,1.0,200.0
822,landing,3913.9018664433215,45.392257830671134,66.66903393730361,89.9212215487429,212.40545451566877,729.5888771325754,22.193075638618446,0.3171499290620423,15.450183259606817,43.80622031753346,3553.1459350438854,healthy,0,0,0,0,-0.0769477217811941,1.049314206254866,-0.5941893331179608,-0.3412787898415134,0.4871156217493844,0.05106025500336345,-0.11363770668373348,0.08753622092303544,1.0,200.0
823,landing,3940.6365289296887,44.503769030509595,66.48082138152408,90.8786225932782,212.33610376558462,737.3302203175057,21.609121870611748,0.33117717885695397,15.501945862858392,44.10377514906516,3505.511438870146,healthy,0,0,0,0,0.7673780576459641,-0.7007208258676588,-0.38230283325553016,-0.07673758052404295,-0.5833397371439185,-0.2558658445612287,0.23065132558049453,0.6413730290095013,1.0,200.0
824,landing,3937.766955535406,45.88724731538077,65.29357357750499,90.37496388511124,215.4209406971647,735.6583126083771,21.772058760781007,0.30497071690972644,15.42012763460465,42.43392622968429,3311.0395452468288,healthy,0,0,0,0,0.28440701797563556,-0.21001562799403328,1.1320799146744447,-0.10134118415470274,-2.096820125920562,0.478707609840826,-0.4580011988144886,-0.3837610901584008,1.0,200.0
825,landing,3927.054088058378,41.94040659397926,66.46298489241522,89.22726449169721,214.6498553501031,730.299651470845,21.907486757873855,0.311959519454322,15.409499197860512,42.207357853921124,3480.322761712716,healthy,0,0,0,0,0.18187533522041216,0.4201686122135068,-0.5172328226381765,0.7214913024004233,0.22221371430104028,-0.039645086710111396,0.6082198473356291,0.36559345306979124,1.0,200.0
826,landing,3938.2702116148107,45.57678756409485,66.9181511786996,89.66320603422042,213.52200457728418,731.5947817295659,21.818986146066337,0.3060963442226541,15.2354942248702,42.96575402590087,3678.4648533194604,healthy,0,0,0,0,0.16544553794145195,-0.4011251289372654,-0.2877910808333712,0.12094364509223433,-0.3261669187160414,0.1133629918229175,-0.05288754321241381,-0.4684509612742145,1.0,200.0
827,landing,3912.44669932062,44.55005908889596,66.1547521042849,91.04201815262824,212.0712888981752,728.1393076651004,22.111597237108814,0.30549694728745874,15.646455422925321,42.68909627545253,3453.990674444171,healthy,0,0,0,0,-0.1775906068714311,-0.2378029873945787,0.03267753774490144,0.19840576992722372,-0.0305878818360565,-0.08501623912402145,-0.016755313130880634,1.2133057171896149,1.0,200.0
828,landing,3915.945243975627,46.73624049679788,67.14605271364456,89.47851394959427,213.27994979793095,726.9028448629999,22.1579776801187,0.30417554212043996,15.066983682054815,43.291020392591385,3453.6135829700074,healthy,0,0,0,0,-0.6573268736264555,0.37183235712133755,-0.28102193833692085,0.09878947142585569,0.41327148813893794,-0.5019713094443771,-0.46395620520821007,0.6668752931619619,1.0,200.0
829,landing,3900.267687715663,42.08461765753992,66.5367387412288,90.57486275817898,213.49762410194978,734.5926692758057,22.089562887666414,0.31026770416609334,15.050007651809874,41.72856691154921,3462.2019886251314,healthy,0,0,0,0,0.5757385789107689,0.3498326980908664,-0.2202516652438715,0.6953662336044688,-0.022455945258055367,0.7123403045490444,-0.7971891605325881,-0.5461020041873548,1.0,200.0
830,landing,3923.5227456944317,44.61908080372952,66.01047601219551,89.43938575699974,214.87141945152015,733.5731659736857,21.983311393594164,0.30192305361774824,15.084641610861825,42.15280446502131,3575.369779069239,healthy,0,0,0,0,0.35338781314234735,0.6298443897992714,0.11909461719888358,0.12349238175750725,-0.14534422700821498,0.25586580740491105,0.06348347847026306,-1.0038366578847173,1.0,200.0
831,landing,3908.1016100887928,48.78602143485654,65.42197349708641,91.07626658654144,210.52504889858298,732.8497097217554,21.615447882561977,0.32424530647117256,15.461793033151707,43.786418172966165,3437.8244311928624,healthy,0,0,0,0,0.32274978044995595,-0.2491536634075797,0.47639273414203687,0.7212920252731999,0.10685053870658133,0.3130632022273672,0.6031646292153885,0.8713926945698758,1.0,200.0
832,landing,3884.8088150928647,43.1070969597651,66.27215836446761,90.85358609492373,214.20666532527085,736.4305532189559,21.844963179577334,0.30998802430677674,15.380103600063862,43.76964709951147,3665.299040239847,healthy,0,0,0,0,0.46100472263090925,0.361642742692015,0.4352335805050373,0.0900414087069427,0.37571955863910433,0.5845755129211316,0.26823966972654484,-0.21597083654289517,1.0,200.0
833,landing,3915.3458518902894,46.9453301259593,66.59321106742573,91.09451616472582,213.82015804888232,732.2747111684989,21.948230738796557,0.3132851051075736,15.430723285243891,41.291905133884526,3422.8952133418084,healthy,0,0,0,0,0.27290293504391916,0.017733833754997704,0.4058244781776002,-0.6126244527812035,-0.18618420960290338,0.38986993144979004,-0.15793391959954262,0.1773298914066488,1.0,200.0
834,landing,3923.333591204105,48.13023498563041,66.92146812595946,90.33534866400382,213.2720986747303,731.7637916061803,22.125432805020083,0.31128500515748825,15.142874087257207,42.81616971251036,3570.934353460664,healthy,0,0,0,0,-0.6861360691766526,-0.4542313913351859,-0.6159979136361794,-0.14854689897180012,-0.4022668329335302,0.23646579388509925,-0.15777291452322773,-0.7821407634277617,1.0,200.0
835,landing,3918.54074483289,45.449043218527635,65.48085253008503,90.76789455626269,213.07315314860034,732.2482692867632,22.091656665522034,0.3037100124661776,14.939191688441227,42.38059688568942,3485.459740765027,healthy,0,0,0,0,0.0031178424902934183,0.14313743290211178,-0.17100945985829022,0.40116228254156927,-0.49837495699154283,0.050973826155419774,0.7222080397613032,0.16008710185240946,1.0,200.0
836,landing,3931.8239495018233,47.44624403967897,66.78036886330369,90.66966518282457,211.26725693581753,735.6989345567252,22.288086508721396,0.2961717414203072,15.222931269484405,43.298768526864094,3525.4606236381005,healthy,0,0,0,0,-0.29127911746763596,-0.2893705314840397,-0.7103402583846483,-0.02733922968006251,0.8670933117253541,-0.5090230254313394,-0.16796225252339259,0.04787987049964116,1.0,200.0
837,landing,3911.2501065393544,47.552102023994976,66.23092671895171,89.76042010485098,213.7669843063059,728.2159019530003,22.01682101480096,0.3140824526712742,15.32772125619867,40.02667923356311,3571.8605444150994,healthy,0,0,0,0,0.6215615380213555,0.4002280836964049,-0.4130264958416831,-0.37132435654928264,-0.46805811536467745,0.02326067010855414,-0.8057323379172705,-0.8667898009624946,1.0,200.0
838,landing,3886.7409807573513,48.60873377506508,65.98286361555327,90.59830956274409,213.83242393421236,731.584068954332,22.36652123009395,0.3126917685024318,15.254278018814484,42.60951151052656,3568.7167526265007,healthy,0,0,0,0,0.22976775822483975,0.2250580366991622,0.07468023408020892,-0.18697676838431518,0.015624782601398764,0.13369160122683235,-0.2498497858985514,0.3132976944699751,1.0,200.0
839,landing,3909.525256377949,44.73355835250892,66.49821545506444,90.13481290880456,213.41372424736738,738.0524539882706,22.189538159236015,0.3019341948393406,15.289522379324481,42.23348367364591,3594.1748576075224,healthy,0,0,0,0,0.27185236575049954,-0.509064256804999,-0.01924119609446615,-0.13047600839598097,-0.5910460909357661,-0.08739110217424187,0.628841423820583,-0.4141059671385641,1.0,200.0
840,landing,3920.3109829517293,45.24462458846601,67.08726302534598,89.81057573317142,213.45205619311434,732.5946710229357,22.06695053174394,0.3091512411609914,15.529301637845176,42.60350884436456,3276.715209687803,healthy,0,0,0,0,0.19693958621972552,-0.38514984538723773,0.36041470860097524,-0.34686158611664186,0.08488016741588386,0.24581409864842838,-0.3638937864926034,0.7472074084282886,1.0,200.0
841,landing,3924.892425515575,47.07746845728164,66.55132634778025,89.85993832479475,215.97966841402405,730.5722803250388,22.239300318179787,0.3151112162091746,15.28292141681092,44.02648592315745,3475.865496527649,healthy,0,0,0,0,-1.1771829986435103,-0.5137150800179177,0.3540732956349874,-0.8056609782680781,-0.09909932165432839,-0.20956914715997874,-0.10851356962883937,-0.33978982275271663,1.0,200.0
842,landing,3933.443089477159,43.97793465590023,66.61284362380239,91.21814113481182,216.37388903265517,737.4984729679869,22.35102161846103,0.31061009461118033,15.336346194852089,40.49987069365599,3535.589446774331,healthy,0,0,0,0,0.9330434795570888,0.5474647315836769,-0.7397558427259363,-0.5186028526041083,0.3230146375611469,0.047247896041500065,0.3756842242569833,-0.5818903810702779,1.0,200.0
843,landing,3948.5380767665497,45.56532416857362,66.66757423607054,91.04740264251161,211.73568766102497,732.2401984193036,22.105417797836896,0.3157633089236582,15.421350870184524,41.132533519681644,3392.886437858749,healthy,0,0,0,0,-0.11622889885884065,-0.8910323214955174,-0.16416646185019612,0.43935688663497163,0.0578387855590425,-0.6921378089240823,0.7229902441238035,-1.5869399720614432,1.0,200.0
844,landing,3898.8624649315666,44.07208143114099,67.44166935513681,90.32907168080123,212.4570067525726,735.5083387870964,21.89848278497191,0.3185602035295817,15.517832132382196,42.30875078501102,3410.8469625737603,healthy,0,0,0,0,-0.030021627100833448,0.3032750071638036,-0.9618033913496783,-0.11988044907219063,-0.533178250571574,0.2821762672501814,0.17786995292617375,-0.13115151571213643,1.0,200.0
845,landing,3934.1367225646964,40.81114051038668,67.07039804949291,89.31759322579398,212.82791143160506,731.0472610579806,21.90606213793412,0.3047409495457154,15.240877309458577,41.45702213559849,3542.931414414952,healthy,0,0,0,0,-0.36552948127179585,0.35515572111216526,0.023020079300140606,0.19808069294790578,-0.5757464482839568,-0.5421134977356269,0.494061185355453,0.27531836941344207,1.0,200.0
846,landing,3941.5589178362325,46.13905304277481,66.6570337898989,90.9025205381735,215.9428936414523,734.4840074699962,22.052505872344298,0.3128839015058071,15.327670113871612,42.49177204365515,3539.5106485449073,healthy,0,0,0,0,0.0062715589133083335,-0.059351728936217804,-1.0459314380631788,0.4718631683747388,-0.44311726874054364,0.22271434649621827,-1.006123568201375,0.5568707927206468,1.0,200.0
847,landing,3924.859062686693,48.87408284905658,66.99745714056769,91.24940051838803,213.7074906734583,730.9065114904502,21.913203595617436,0.3028682533342143,15.428307268318115,43.16605664148327,3419.734019642495,healthy,0,0,0,0,0.74114688975408,-0.13722625586905007,0.09013099662093671,0.04698627278025173,0.3209991137007625,0.217803481431112,-0.8311173503096395,-0.19247799842333657,1.0,200.0
848,landing,3924.4369284393692,44.725093393220774,66.79548625322882,90.93353692956023,211.7649068718422,733.7079860948544,22.266427040736755,0.32719604760154103,15.391503174035687,42.21043708078361,3566.7525599383976,healthy,0,0,0,0,0.08846527939812092,0.6987510417019446,0.14864238282085476,0.14161224392268595,-0.1533014768515981,-0.8754195399144507,0.2638591520923282,-0.4928902914380835,1.0,200.0
849,landing,3938.4778407130125,45.637817537061274,65.9704981566223,90.40286418463405,213.58447447675277,734.9739448259679,22.2092321097773,0.3103968460321267,15.105554505702488,42.74979734956339,3620.555870568034,healthy,0,0,0,0,0.13466487362610555,-0.6745466539484472,-0.32504669852669077,0.21280479782556566,0.5305060584226591,0.4822098434997878,-0.1421632768508858,0.9284786991043507,1.0,200.0
850,landing,3884.32116431433,44.563012852484825,65.618140991059,89.70197902602008,214.1142601822629,728.4881554941388,21.753809222229233,0.31437621484688943,15.382233739252777,44.04386713611584,3488.186893759885,healthy,0,0,0,0,-0.361374911762318,0.8492627481614272,-0.2706019780342997,0.3265054696275824,-0.34570657386561904,-0.004285370516468598,-0.017653650769249973,-0.39490248062947675,1.0,200.0
851,landing,3921.0867643856886,43.98729607002797,66.58492609594819,90.50123677883587,213.5834090682715,730.1459439065535,21.796304659590394,0.31683030567758497,15.26420456476106,43.94829824405499,3489.5122344775536,healthy,0,0,0,0,-0.15273649073094234,0.6044644215283563,0.009557235539602093,0.45004779690672564,-0.524616806653909,0.22727192635913288,0.0949227618052136,-0.2354435883357639,1.0,200.0
852,landing,3931.1206466836907,45.74143168301164,66.85896725754874,90.01412380633502,215.11738997528647,733.5617564857114,21.70045162022125,0.309269972906898,15.503016755503701,40.794056763769404,3190.960279799404,healthy,0,0,0,0,0.06330122042895023,0.012944731431210483,1.2816106279077597,1.005918787544001,0.06252218450445667,0.4444791472425933,-0.2634469689637072,-0.06277853037510413,1.0,200.0
853,landing,3909.269868793687,47.61508495123428,66.64832631036548,90.07848668524964,211.79229239589628,734.1283478808666,22.061876733171882,0.3150529909603385,15.43619840654304,41.81728919589809,3562.7891261384566,healthy,0,0,0,0,0.6505881008929543,-0.621669414444951,-0.1319961390155008,0.2761117319227699,0.18058973318872265,0.5540286958507,0.9493252257614198,-0.42968539822738033,1.0,200.0
854,landing,3903.2690977852963,49.90090942693653,65.97290446745006,90.5060894210257,212.26243486693394,731.058407114702,21.6191229697118,0.3069569146162151,15.243169633298528,44.7510942650859,3485.9007433193824,healthy,0,0,0,0,-0.08854903183368144,-0.31246615121859317,0.683619416806873,-0.43638689452698903,0.011399180571701148,-0.4072803264711234,-1.1831832030994527,0.13281260258220212,1.0,200.0
855,landing,3914.5486439600886,47.122175869377564,66.0012760233476,90.17096890810093,213.68770516898562,734.7748991551346,21.950535582390383,0.3078351375281487,15.361483089938595,42.04690831420933,3554.706974545734,healthy,0,0,0,0,-0.3949080864553356,0.7187461992289375,0.9442856978194032,0.4678763642112578,-0.7450694982271509,0.438228173887603,-0.276141616934833,0.5941743339319338,1.0,200.0
856,landing,3914.760909283401,43.546495150117785,66.43662549998183,90.59621834196982,213.2875749012715,737.2266288906003,22.167638197410522,0.3049009627786917,15.211489307144609,42.15184167091902,3395.266570734756,healthy,0,0,0,0,-0.8794928910336131,-0.37054065184098933,0.11127711863496836,0.01083877183956106,-0.27056569308210454,-0.7714557560384985,-0.046516363255943015,-1.012128383710297,1.0,200.0
857,landing,3920.048178400956,42.61519149781744,66.43431340359137,91.10974588903281,214.23656971940423,731.0153952793603,21.877154394444524,0.3088961851977582,15.296170480349264,42.87543127465315,3492.1502607642747,healthy,0,0,0,0,0.06553574094505583,0.05137231824988397,0.2615409071147949,0.062004582423650846,-0.8586549023658953,0.04804352390631304,-0.03843711116907294,-0.44961536482721537,1.0,200.0
858,landing,3967.415659057172,48.08288392677559,67.13054328381479,89.65095704031498,214.5173348912978,729.3845510024306,22.226659622740975,0.3068316249035871,15.265532212607805,41.78849898153274,3597.8765691035746,healthy,0,0,0,0,0.7036454491907774,-0.15736493350540462,0.17032259163662677,-0.33272998355797456,-0.044803927482031,-0.4128555736728382,-0.5024960844879801,0.7478361147774311,1.0,200.0
859,landing,3910.241113349254,46.10265273831804,66.3547378644427,90.71288089250062,214.3111206294354,733.3358100631449,21.78998146239141,0.30793149785381074,15.441442661793191,42.27554832946959,3520.828267435147,healthy,0,0,0,0,-0.0661137982865525,0.5705138636837292,0.4293889126864387,-0.6443986330734021,0.5953534241202622,0.3273654752859499,0.3905039027729534,0.41885151619111805,1.0,200.0
860,landing,3962.668827423918,44.24829626835586,67.3537013965064,90.8000216908154,214.23624324712685,731.9283517724743,22.083038968876224,0.3081859931639088,15.483703510331349,44.48998768645167,3611.546710866725,healthy,0,0,0,0,0.5230960475356795,-0.16867179922495945,-0.27379487713221473,0.06944084093534444,-0.7035981326695547,-0.8748506021207841,-0.23608556376876325,0.5559430224245845,1.0,200.0
861,landing,3926.993642638022,43.356878482429074,66.23086943659172,90.3791749176714,212.12664433978213,732.7604260090093,21.778060074571318,0.307601845176363,15.09870743314792,43.76739049402361,3345.457228016956,healthy,0,0,0,0,-1.0219375617988968,-0.18443904532924174,0.07073222172001563,-0.2549070679163992,-0.6639407344031996,-0.5175906792634992,-0.0475907176304539,-0.7077891944863967,1.0,200.0
862,landing,3908.0826679631364,43.853778021850566,66.14634229938733,89.32791610668626,211.88842095408341,735.5406697903207,22.296190566309036,0.31198087093661403,15.395736097090428,43.979815059627626,3476.7118172039713,healthy,0,0,0,0,0.3103907197512402,0.6223418472960619,0.2228734120338077,0.15489680200828315,-0.21962470005835136,0.420040680588716,-0.2423278200424476,0.07266257107838366,1.0,200.0
863,landing,3931.5902112018016,47.93607257383922,66.46138726894827,90.02675117971714,213.588350238101,731.2442310015321,22.076327796919262,0.3059419013158142,15.446818704359366,42.527523722541154,3529.2353150663084,healthy,0,0,0,0,-0.9915851805283334,0.6550698535978794,0.2759502088808596,0.05335525888474724,-0.4763316049872839,0.2373310791448459,-0.24599873797703417,-0.4223739495176814,1.0,200.0
864,landing,3920.4911712052776,45.424504011195,66.398001933974,91.9211020733152,213.86799448124026,734.9820754837386,22.094126392817923,0.30864726241394774,15.329870356710902,41.220818337163514,3481.5316905887626,healthy,0,0,0,0,-0.3883628499192265,-0.054773562640762205,-0.2910185827284568,0.02080496580316224,0.44018905623927956,-0.3072150389456415,-0.5585206402108097,-0.8317778392351256,1.0,200.0
865,landing,3936.6896847370012,42.66828280099189,66.3512479171588,90.98682520128635,215.59839069582014,735.0501959580075,21.952616083771233,0.31738966211056224,15.045961380900554,42.32234533090629,3387.074652444728,healthy,0,0,0,0,0.052428540970881066,-0.3282371697577209,0.44708462583001873,-0.021650454360715977,-1.337922868018,-0.7219717539646908,0.40934304647876313,0.07877750798080274,1.0,200.0
866,landing,3911.454826014954,47.21438073470414,66.92850827243016,89.83403309196932,212.99667745205787,730.4111355523605,21.92708289310613,0.31294255072735344,15.40183822075261,40.895344604023904,3460.485299257675,healthy,0,0,0,0,0.42141980394687706,-1.0019143507045913,0.045155420899857704,0.1910228489457556,0.6630020777671409,0.9923051496982146,0.24073231187849242,-1.227420892150778,1.0,200.0
867,landing,3909.1729230427795,46.08942794750409,65.9538066226982,90.32205010109826,211.81038411909935,727.2459454011789,22.236931826604337,0.3148780063232373,15.535446963586557,42.66532366057612,3500.6031551152937,healthy,0,0,0,0,0.18636208750673725,-0.31936141780916405,0.06852439160700863,0.8470772647775678,-0.2276768816798561,1.2640556112017107,-0.2734793163579956,-0.2618349286516457,1.0,200.0
868,landing,3888.2360758390755,44.88695841365202,66.30174801672811,90.2908395759562,215.1774192439576,726.9152474733182,21.907951479153184,0.317001619971228,15.556297883744973,42.473112356599245,3472.2796485172744,healthy,0,0,0,0,-0.6255273446179702,0.4307943957222105,0.17550766348403063,-0.16689857937107463,0.225982647165372,-0.26168845201001056,-0.7836598395076817,0.29492590477484676,1.0,200.0
869,landing,3927.6261199208,46.68465325218527,66.52912720983662,90.61071996491341,213.75408438190757,736.3684229548354,21.949854476098313,0.31593253759968415,15.22331476375679,40.06022920154714,3582.9823014963404,healthy,0,0,0,0,0.060705690561401834,0.7488632390007185,0.2759253826338918,0.4518117565905681,-1.1008633007715578,0.16680127218406798,0.43229908275373685,0.06843277921565008,1.0,200.0
870,landing,3923.5434692646318,43.81385484069469,67.0933892061996,90.73420513818789,213.64302936808727,741.5405641422067,21.75901619506917,0.30472219494037683,15.234295351176717,43.48736487730039,3422.427165427215,healthy,0,0,0,0,0.21788008672219078,0.2753084599264773,-0.21872320705374995,0.45717049956455236,-0.2673340455187273,0.10040221109515239,0.8620616999279949,-0.21288719920461405,1.0,200.0
871,landing,3939.032119044966,47.397031950124614,66.1542032385971,91.03301156539372,210.98499221643726,733.535913260073,21.94971231485586,0.30390381525972526,15.11751804357626,43.298206375706535,3546.003263774484,healthy,0,0,0,0,0.08030759755159338,0.3777146015667668,0.04825532240017726,-0.3020925045184364,-0.04739874813837903,0.07490916397808345,-0.4701024786042865,0.5541217209208971,1.0,200.0
872,landing,3915.1014684661113,42.61950095193196,66.55427199691916,90.62903677287099,213.8639457137844,733.8079589404649,22.0031399254077,0.30593703224775526,15.271347474587381,41.836418462797596,3632.9055984771708,healthy,0,0,0,0,0.3113311440735331,-0.02688354010579134,0.7046702308478134,-0.4299063954123644,-0.21460608686336605,0.0015836320905716836,0.23883225374349834,-0.7100887273932434,1.0,200.0
873,landing,3922.7911392954697,43.6623373025217,65.97366567563434,90.02673415798347,213.11564612633526,734.5421233901988,22.253131561126022,0.3109188471934594,15.167813862386703,42.8483463053209,3554.940462034498,healthy,0,0,0,0,0.8424816419134034,0.142282698293883,0.7316224150597705,0.7126225930717409,-0.7559189335606323,0.18857856528284692,-0.1513202237914283,0.4741741684202522,1.0,200.0
874,landing,3949.6969845559042,42.71545667322895,66.78499745771057,91.09133154097016,213.4404181091803,731.383697207887,21.884690109625893,0.30789903417579484,15.128846461500082,42.650373744275754,3584.418656720438,healthy,0,0,0,0,0.23451742347289922,0.33698553441663565,0.3819658332244674,0.08786502496948412,-0.6640967938516905,-0.683526656075758,-0.03146156171298668,0.16716283576976212,1.0,200.0
875,landing,3948.5877877339417,44.63610463549289,66.63840854387418,90.08864302684317,213.7967901009361,732.4075468610172,22.08046081955092,0.31011341952340427,15.12091740397187,42.67140832707882,3553.6800402781378,healthy,0,0,0,0,0.718504516255167,0.0924304849777778,0.3912516581501544,0.2839899624526345,-0.2161750386821595,-0.05179016388837377,-0.786298383325327,-0.581325351501151,1.0,200.0
876,landing,3905.2452844048466,43.95432068843438,66.7982752415391,90.88224391256115,214.1415987517713,730.1616199738129,22.02358466697031,0.3183379516180252,14.923020953727963,41.686137383778124,3437.566757143276,healthy,0,0,0,0,0.1519555365102725,0.32160360411165156,-0.09802797600962368,-0.21225302876983715,0.009243171477356581,0.45851373519475386,0.2207991214500706,0.5390797322881615,1.0,200.0
877,landing,3920.113081320799,44.743930917705846,65.67959546446242,91.64227210961351,213.1620486293307,733.7931863319493,21.856267799861946,0.3037845573431711,15.319116207573385,43.013425024550756,3447.5006503869777,healthy,0,0,0,0,-0.7979840343035589,0.6091224404776027,0.13630282108960168,-0.3918552334157918,-0.308133730551528,0.5235338012980806,0.41524943288353583,0.37380976201867294,1.0,200.0
878,landing,3889.484009592709,45.47875841879332,66.93081182941889,90.63500435580526,212.49567238887198,734.4602749612793,22.065288963273545,0.3125555068666331,15.289067355082484,41.1783582376787,3464.2613687456246,healthy,0,0,0,0,0.0036761958140886304,0.19461870612742097,0.14950679430427627,0.6252306505805524,-0.025020120664643628,-0.4661910746864751,-0.02425164717573425,-0.5265629701553987,1.0,200.0
879,landing,3920.1282346895555,46.57772783505821,66.83557486806876,89.5516994026696,213.2371956804902,734.220239157067,22.198095498779622,0.30901555397125496,15.27526668843126,41.53192907309278,3582.1952212098367,healthy,0,0,0,0,-0.3971502489670848,-0.3070941242016292,-0.5601828707047684,0.42128601776589847,-0.7106868026570149,0.04707976080167322,-0.1704439865812394,0.3579637541635835,1.0,200.0
880,landing,3928.833238768829,45.76228690077084,66.87615977590353,90.92526306708818,213.38803013797934,728.814448326467,22.092799063923763,0.30346973563233215,15.49763729970806,41.70733178011726,3628.131340399056,healthy,0,0,0,0,-0.6017983362950516,-0.00357075286885593,0.08174011709244977,0.2532499906301289,-1.032707609414359,-0.4074067086837232,-0.04392491491225308,0.1484275402359145,1.0,200.0
881,landing,3912.1645417576897,45.9729421617477,65.69263144894293,90.79033560075531,212.12338472632123,736.1406290970851,22.225474076326247,0.3147575190434061,15.219406657555991,42.471509444233845,3513.7997711122885,healthy,0,0,0,0,-0.7427704634744077,0.6419734356571389,-0.38564575067561224,-0.13624221608986994,1.1081173341433435,0.3019458440020934,-0.17583938400741564,0.46687125836625654,1.0,200.0
882,landing,3938.70130156118,48.677870641473376,66.29726421782797,89.91770301790261,214.21463915871354,734.0908438775588,22.008661796668786,0.3111627563658168,15.431521418133624,42.10102956833368,3475.799569823268,healthy,0,0,0,0,-1.0846324234662437,-0.5767100610110005,-0.20816409038138153,0.2456670589185224,-0.3980508309521529,0.45696030927673537,0.2599296893604517,-0.168802320488861,1.0,200.0
883,landing,3922.4155690235134,44.93624163342851,67.10046383622677,90.92937586646819,214.23976643813637,732.1426617764874,21.715073457143326,0.30201885538132317,15.438077996690144,41.2604622159907,3373.5607757087823,healthy,0,0,0,0,0.08728895757745157,0.3000449321881036,0.25920656148347954,-0.22678696203850074,0.8101621732413213,0.30817250923442296,-0.5748343690463737,-0.3157449954402875,1.0,200.0
884,landing,3940.727774668944,42.55255087651277,66.6486491251039,90.58783728327333,214.2983178164364,732.5308800419756,22.032476941715608,0.31249502209624686,15.272333492633262,41.21583321047457,3388.788018757132,healthy,0,0,0,0,-0.34985234003793336,-0.08759827500013065,1.1108695200553598,-0.1995260855873906,-0.609759742446603,0.7146585552729505,-0.18622479841225392,0.15989394151566833,1.0,200.0
885,landing,3924.7141920856425,47.37198638020058,66.76147089251589,89.90673140320072,214.18969258592224,728.6099804162368,21.88127120508161,0.3151218039587622,15.3510075081895,43.28140197406366,3458.061750878701,healthy,0,0,0,0,-0.029233868684510313,1.2806636898227415,0.2370403129252921,0.2157884796848734,-0.3779260689046096,0.2524053774274923,-0.2691927799973809,-0.9355764001865269,1.0,200.0
886,landing,3909.8760653416916,49.14096184632055,66.1960537614898,90.65751015462905,213.42611902735462,731.9221624480725,21.895294294550272,0.31178965788512014,15.309952973266034,43.071485024092304,3557.757026881606,healthy,0,0,0,0,0.4106093092813353,-0.055046710842910955,0.6311380205436888,-0.7418593925150668,-0.4430283322959393,0.37889624114635934,-0.7785430784886106,0.11366502213691103,1.0,200.0
887,landing,3932.1703837138148,45.843800143520006,66.33154139976497,90.45209932467344,213.26340916509784,732.0056176236831,21.91781265428388,0.30335149784410115,15.230014967800052,46.2190738166161,3425.1924271098223,healthy,0,0,0,0,-0.009440609081300313,0.5936686405938612,0.7741809650050416,0.8030725433449291,-0.6287193253693864,-0.06356939369225927,0.40616945139356736,0.7170062578967905,1.0,200.0
888,landing,3924.4402639693726,47.14829120081312,65.97088163060518,89.45047103947498,213.5830680066343,735.9152261900604,21.95932898432978,0.3174873125574502,15.134258996331239,43.6045308704574,3547.265856031823,healthy,0,0,0,0,-0.37108495609991754,-0.136826811433449,-0.2318105827722862,-0.6302855738322537,0.8022245013685491,-0.42010450154706486,-0.06564834322042959,-0.05991204232887907,1.0,200.0
889,landing,3904.3831570149537,44.157989380948,65.70547391641985,90.68722758088992,214.45401083957555,732.3126762238106,22.065927482927876,0.30988356735882217,15.192417495384356,41.64019198085311,3454.673573280376,healthy,0,0,0,0,-0.5827739723485261,0.13786546531890034,0.5667593634213874,0.49002864515264855,0.02578565102541647,-0.40122309368857634,0.10270426140254607,-0.29496780944714046,1.0,200.0
890,landing,3896.1319925335392,45.840573462758464,66.23017485246031,89.59726055313723,214.4234519984873,731.7672799878668,22.1130411115289,0.310212147122911,15.31996749794871,41.92669755562133,3411.9349618957967,healthy,0,0,0,0,-0.06789965582014289,0.015793180228606544,0.06547432328451881,0.7947019456237356,-1.0068927741001084,-0.19974028669552057,-0.3159151652869144,0.7930091017465406,1.0,200.0
891,landing,3913.683485287418,46.74327339283041,67.58623894109509,90.8356849411152,211.44986934461897,732.2926140970492,22.373064832782486,0.30974153915136676,15.190374861219826,42.58122648552471,3484.977010716608,healthy,0,0,0,0,0.524671335334671,-0.060878247276114364,0.600617658945484,-0.25736049670936473,0.8012077805862916,-0.37721348404336436,-0.8051257244238998,0.05864371028088056,1.0,200.0
892,landing,3907.689910426027,46.22637390883235,65.97908509126742,89.69221306154962,215.50962887216295,732.2958765832878,21.899770906237695,0.3131886502863612,15.351490666628095,42.51618250176597,3461.6287899307176,healthy,0,0,0,0,-0.23005792182779633,0.5692036112892129,-0.17332784104803578,-0.3533517045839533,-0.34896037178709893,0.24032098858766426,0.04026938795026188,-0.5000139032436333,1.0,200.0
893,landing,3918.828828376727,44.38982744961432,66.93258319447396,90.83535312064367,214.66115549911484,730.33676605048,21.695779191611667,0.319290410103899,15.207194897124833,43.42863935797058,3515.5824419542246,healthy,0,0,0,0,0.301546497407173,-0.1234659744187975,0.7569468610030757,0.2394505660744758,-0.579315307363413,0.12297444864678701,-0.06801166463856943,-0.25245788692962456,1.0,200.0
894,landing,3928.916698785988,48.730482339518765,66.26148280271137,90.62107290891517,214.6992057359198,733.4474515242766,21.911273634624756,0.3085891395976602,15.504200322744081,42.93614150284087,3561.1945336541653,healthy,0,0,0,0,-1.3418918645423985,-0.3715303608659773,0.3647210603880312,0.027301985282880654,0.4615839498087009,-0.09937175406255942,0.7236511845582022,0.8439787455544309,1.0,200.0
895,landing,3904.652156315424,45.81485492344801,65.90640682458204,89.65389813421034,213.7757352642222,729.8898809519859,21.96676203085728,0.3185208446140796,15.520623320944589,42.845426656866124,3405.7890018083604,healthy,0,0,0,0,0.3686076081189196,0.2899954625377041,0.0901312745308753,0.6552274390232808,-0.13626429240917476,-0.4615605312800924,0.5390377146521534,-0.23268837804196635,1.0,200.0
896,landing,3883.5514216073534,47.329619166321464,65.47519268844404,90.82769562020097,211.86050136241022,731.0209554261503,22.265346499641737,0.30932635259897084,15.55461383442144,41.0533129874364,3649.0695176471795,healthy,0,0,0,0,-0.4193318840034001,1.1547541168292912,-0.2990267403592933,-0.5387459598935923,0.17241181874183173,0.06356107327365243,0.17501536423022815,0.3292660632161653,1.0,200.0
897,landing,3930.3098843292973,46.280780728497795,65.67896351805831,91.17850262047514,212.67927729393563,727.4184339996273,22.017054474031085,0.3020926585221364,15.415043118834022,43.62111671509656,3461.652890527227,healthy,0,0,0,0,0.005267401245182049,0.3550165318475008,0.23967267327891673,-0.2784675617610578,-0.9202344198253631,-0.674058293335321,0.6010152949085311,-0.7800379279089049,1.0,200.0
898,landing,3917.2817638394927,47.216571200574705,66.35604050253937,89.60932844862259,212.89354147956857,733.0583138317229,21.911533669413995,0.3170633146773895,15.439500556657872,44.7324293167992,3410.006605039402,healthy,0,0,0,0,-1.237359794716475,-0.6666037256790621,-0.28912707325048687,-0.6815253061683468,0.17336034890961555,0.5483253709122075,0.4748929770040172,0.17207301504815908,1.0,200.0
899,landing,3932.6726456917804,47.335729348412684,66.67388300581528,89.9825298775781,212.72404575062114,732.3770060317054,22.251793357689362,0.30324680000713017,15.230991626609306,41.59579025629093,3350.1571533472306,healthy,0,0,0,0,1.5441440844684315,-0.716993387811688,0.5489392815418652,0.4128788420706994,0.11719173087294729,-0.3776127773867749,-0.6326455396335244,0.35918091948464537,1.0,200.0
