timestamp,mission_phase,rpm,throttle,oil_pressure,oil_temp,cht,egt,manifold_pressure,vibration,fuel_flow,ambient_temp,altitude,fault_type,fault_active,fault_severity,fault_start_time,fault_end_time,residual_rpm,residual_oil_pressure,residual_oil_temp,residual_cht,residual_egt,residual_manifold_pressure,residual_vibration,residual_fuel_flow,health_index,baseline_rul
0,idle,3325.225819,45.27531,50.601311,97.479093,193.270425,599.099479,13.036585,0.206455,9.747675,40.659279,4360.046357,healthy,0,0,0,0,-1.82416,0.28326,0.048737,0.80215,-2.152544,-0.156623,-0.00345,-0.08355,1.0,200.0
1,idle,3334.266658,43.436146,51.137993,98.697742,193.813088,597.355536,13.120289,0.209666,9.936615,40.942233,4492.79073,healthy,0,0,0,0,-1.233743,0.175972,0.608749,0.897467,1.151432,-0.117211,-0.007777,0.008317,1.0,199.995
2,idle,3300.905843,47.60693,51.541758,95.304064,194.472464,599.436463,13.202378,0.214926,9.855666,40.388777,4560.71449,healthy,0,0,0,0,-1.455562,0.005845,0.084868,-0.626663,1.355186,0.063636,-0.009873,-0.043391,1.0,199.99
3,idle,3314.429222,48.327017,51.524778,98.902468,195.450285,597.568212,13.078009,0.205999,10.187013,43.557053,4460.097034,healthy,0,0,0,0,-4.461134,-0.2452,-0.053743,1.201286,0.89642,0.113538,-0.001875,-0.109875,1.0,199.985
4,idle,3307.953528,46.705477,51.26603,97.810612,192.542593,590.935585,13.285657,0.213183,10.117477,40.44395,4395.901507,healthy,0,0,0,0,-3.537147,-0.299338,-0.013906,-0.918672,-0.222756,-0.005656,0.010187,0.007047,1.0,199.98
5,idle,3304.000324,42.027392,50.675084,97.481291,196.139707,605.370368,13.254809,0.207675,9.654572,43.258946,4476.808125,healthy,0,0,0,0,-0.617211,-0.038664,0.18993,0.870949,2.82882,0.233798,0.003632,-0.043367,1.0,199.975
6,idle,3329.055549,43.051445,51.071127,99.357642,193.79137,596.155958,13.442406,0.215207,9.895389,44.000154,4481.156258,healthy,0,0,0,0,-8.140573,0.159216,-0.444061,1.306669,-0.672865,0.124063,-0.001218,-0.026596,1.0,199.97
7,idle,3341.45716,44.866562,51.745941,99.105203,197.073057,598.201517,13.567368,0.204142,9.776905,41.446816,4384.147921,healthy,0,0,0,0,0.013362,-0.12692,-0.23352,-0.184097,-0.707054,-0.083257,-0.009169,0.006231,1.0,199.965
8,idle,3329.63528,44.249894,50.491266,97.523003,194.26589,598.051608,13.0,0.210484,10.0457,42.06595,4526.438781,healthy,0,0,0,0,7.237286,0.171639,0.863011,-0.892936,-1.078444,-0.195503,0.002161,0.082088,1.0,199.96
9,idle,3333.842764,48.029129,50.728923,97.510559,197.125718,598.299679,13.528039,0.201326,9.899881,42.748111,4501.825282,healthy,0,0,0,0,-5.703744,0.002982,0.031808,1.037022,-0.001977,-0.049208,0.00432,-0.016478,1.0,199.955
10,idle,3299.195059,48.726415,50.832559,99.136649,196.093477,596.465306,13.019019,0.20528,9.999717,41.22034,4525.724561,healthy,0,0,0,0,-1.399701,0.411662,0.232684,1.342101,-2.125643,-0.005182,0.000779,-0.076571,1.0,199.95
11,idle,3324.329211,44.982753,51.06271,99.522822,196.547518,604.462671,13.169431,0.203444,9.754306,39.747512,4489.042855,healthy,0,0,0,0,0.184098,0.101736,-0.041491,-0.727331,-0.581483,0.091157,-0.001559,-0.011063,1.0,199.945
12,idle,3332.514473,40.072312,51.335353,95.047841,194.620252,599.975084,13.389689,0.207118,10.01448,40.676743,4470.284184,healthy,0,0,0,0,-0.15517,0.346424,-0.505479,0.798399,1.568211,0.027767,0.001025,0.013859,1.0,199.94
13,idle,3325.835218,41.837093,50.350685,96.53477,194.816573,606.50941,13.341637,0.206074,9.647038,41.73859,4387.668177,healthy,0,0,0,0,-1.533353,-0.453593,1.010916,-0.335209,0.485202,-0.192624,0.003125,-0.05422,1.0,199.935
14,idle,3315.806898,38.707994,51.529456,99.190774,198.243209,600.941138,13.587557,0.203558,9.811989,42.999174,4510.045861,healthy,0,0,0,0,-0.990148,-0.010458,-1.029736,0.419647,-3.194435,0.184901,0.001243,0.150857,1.0,199.93
15,idle,3319.265003,45.646687,50.685053,94.563181,197.128404,602.851715,13.187463,0.207387,9.809819,42.028746,4450.618495,healthy,0,0,0,0,4.951037,-0.510196,-0.400148,-0.678808,-2.549557,0.00224,0.001616,0.048865,1.0,199.925
16,idle,3324.521482,40.031588,51.082913,95.297058,191.194443,596.10606,13.333223,0.208174,9.899891,41.27437,4560.86304,healthy,0,0,0,0,4.202169,-0.518504,0.356616,0.703718,1.424388,0.035825,0.00475,-0.012194,1.0,199.92
17,idle,3318.666254,39.017185,50.218041,98.728381,191.304817,597.997166,13.163406,0.201883,9.863317,42.144726,4449.222547,healthy,0,0,0,0,-6.34613,-0.142285,0.688779,0.04612,-2.99536,0.214861,-0.006723,0.038868,1.0,199.915
18,idle,3371.966842,44.545038,51.107649,98.001564,192.881578,602.035105,13.367826,0.211298,10.057096,43.44712,4410.825772,healthy,0,0,0,0,-1.69352,-0.074487,-0.765005,0.671277,0.025404,-0.021171,0.000808,0.07397,1.0,199.91
19,idle,3315.926428,41.382436,50.449956,99.061908,197.039535,594.994322,13.401524,0.190262,9.886356,41.558364,4375.462814,healthy,0,0,0,0,-2.203239,0.155101,-0.112748,0.531124,-0.709875,-0.075604,0.002787,0.045732,1.0,199.905
20,idle,3318.114632,40.609319,51.111062,97.26304,194.552903,597.871397,13.436304,0.201302,9.874561,41.765733,4501.92054,healthy,0,0,0,0,4.381143,-0.50071,0.127711,1.647408,3.110042,-0.031715,-0.003974,0.11522,1.0,199.9
21,idle,3316.204851,40.051471,51.027547,95.396646,195.58749,601.422255,13.130846,0.211604,9.895446,43.216838,4566.048583,healthy,0,0,0,0,-1.705097,-0.22929,0.539202,-0.665107,1.440024,0.018269,-0.003967,-0.051946,1.0,199.895
22,idle,3313.255714,42.466023,50.912555,101.564838,193.976032,601.544617,13.257962,0.200836,9.854225,43.016186,4715.982403,healthy,0,0,0,0,-1.306463,0.192036,0.029177,0.210443,-2.794842,0.049337,-0.001385,0.003695,1.0,199.89
23,idle,3326.277356,48.413262,51.351679,95.089487,193.042377,602.8002,13.072138,0.199401,10.223961,40.380347,4398.216372,healthy,0,0,0,0,-2.589934,-0.779203,0.358196,-0.057029,-0.052274,-0.070275,0.005775,0.036991,1.0,199.885
24,idle,3328.691454,44.760843,51.500355,95.723924,194.718345,607.205396,13.469137,0.212383,9.592002,44.242743,4462.29664,healthy,0,0,0,0,3.420784,-0.687688,0.339514,0.647659,1.139298,-0.177428,0.012337,0.002105,1.0,199.88
25,idle,3313.96615,48.014275,51.514805,99.463196,193.997098,605.739911,13.246965,0.207743,10.076828,41.715182,4568.10562,healthy,0,0,0,0,5.630161,0.77138,-0.325486,-0.15259,0.381008,-0.097323,-0.005056,-0.065026,1.0,199.875
26,idle,3303.178365,39.010336,51.480093,98.210205,194.085548,607.854167,13.695724,0.213096,9.839468,43.395256,4446.871272,healthy,0,0,0,0,3.20919,-0.322775,-0.623509,0.231417,-0.987037,-0.10108,0.001942,0.072854,1.0,199.87
27,idle,3335.396773,42.384867,50.676087,94.459729,194.068738,588.684214,13.443887,0.206679,9.976017,42.393694,4655.80705,healthy,0,0,0,0,1.440829,-0.294688,-0.193833,-1.17108,1.778207,-0.155204,0.004476,-0.026922,1.0,199.865
28,idle,3336.103062,41.891221,50.449397,95.79112,192.689768,594.348411,13.264125,0.203068,9.659553,42.38106,4623.13595,healthy,0,0,0,0,4.287882,0.470069,-0.335434,-0.071995,1.239408,-0.153798,-0.003073,0.043994,1.0,199.86
29,idle,3326.413626,41.689401,50.993083,93.991247,195.679186,608.885772,13.071064,0.207163,9.967326,42.654023,4504.961011,healthy,0,0,0,0,-2.076849,0.325121,-0.184089,2.221478,-1.2342,0.121681,-0.006131,-0.028309,1.0,199.855
30,idle,3343.54911,45.60258,51.403235,96.065104,195.477892,596.864426,13.314708,0.206404,9.916496,40.518964,4561.729936,healthy,0,0,0,0,-1.706035,0.024397,0.897719,-0.179794,1.257384,0.198934,-0.00348,0.107561,1.0,199.85
31,idle,3347.05921,49.680954,50.727566,92.42966,195.958702,597.700793,13.227716,0.216603,10.361502,43.419391,4502.741502,healthy,0,0,0,0,0.379679,-0.218799,0.844632,0.519042,2.034404,-0.025059,-0.003233,0.084155,1.0,199.845
32,idle,3297.787102,45.422238,51.375352,97.525179,196.528259,598.725419,13.210124,0.201629,9.88604,42.512922,4623.021079,healthy,0,0,0,0,-4.408741,0.058165,-0.140405,-0.072593,0.099989,-0.043641,-0.006717,0.139308,1.0,199.84
33,idle,3315.525906,47.044458,50.228719,95.945602,194.674504,596.027206,13.236439,0.194499,9.8604,42.28434,4560.194877,healthy,0,0,0,0,7.304645,-0.225964,-0.120829,0.888115,0.597287,0.430526,0.011254,0.019354,1.0,199.835
34,idle,3320.052668,43.252162,50.49503,96.010138,196.044484,603.049964,13.240968,0.20727,9.84301,41.335519,4558.388239,healthy,0,0,0,0,-2.145547,-0.663017,0.353075,0.031049,-1.470558,-0.023999,-0.001868,0.028959,1.0,199.83
35,idle,3342.939573,50.209744,51.092375,96.682169,192.851974,599.678837,13.243869,0.216288,9.937414,43.846786,4545.292651,healthy,0,0,0,0,3.870895,0.05615,-0.099441,0.521187,-2.741676,0.137283,0.001402,-0.073724,1.0,199.825
36,idle,3316.80751,40.442905,50.142668,98.013573,198.941402,602.325742,13.174164,0.205852,9.908245,41.706003,4488.141412,healthy,0,0,0,0,1.894499,-0.070083,0.607581,1.626875,1.396846,0.059996,0.002393,-0.101345,1.0,199.82
37,idle,3313.951194,46.524686,50.999473,95.979072,197.945807,604.139656,13.0,0.211759,9.964162,41.73813,4521.656468,healthy,0,0,0,0,-6.22645,0.792638,-0.81229,0.808838,-1.54636,-0.001496,0.004732,0.099946,1.0,199.815
38,idle,3301.618238,46.274586,50.460317,96.175111,194.424362,604.048525,13.296533,0.207036,9.851748,39.798112,4490.132676,healthy,0,0,0,0,1.301557,-0.060263,-0.421553,-0.129763,-2.320605,0.232821,-0.003035,-0.051287,1.0,199.81
39,idle,3307.300763,39.913084,50.746464,100.928889,197.102376,596.863016,13.233798,0.202523,9.975986,41.472763,4368.752104,healthy,0,0,0,0,-1.425091,-0.348171,0.138061,-0.93009,-0.087174,-0.0986,-0.002355,-0.044963,1.0,199.805
40,idle,3340.299256,45.791079,51.169458,99.654584,191.152694,597.579241,13.646553,0.199999,9.884064,40.529736,4489.211716,healthy,0,0,0,0,1.488062,-0.064872,0.412003,0.600438,1.455282,-0.146332,-0.001325,0.000525,1.0,199.8
41,idle,3313.544034,44.545056,50.440054,98.39181,193.638665,599.495097,13.133062,0.219632,9.741666,42.109631,4601.73364,healthy,0,0,0,0,4.411406,0.388817,-0.309533,0.886352,-1.150145,0.060366,0.002638,0.095017,1.0,199.795
42,idle,3335.533696,45.872235,51.924657,97.858343,195.555795,604.155784,13.478701,0.196325,9.842499,40.717453,4501.195558,healthy,0,0,0,0,-0.534057,0.433802,0.570806,-0.051768,-0.00566,-0.175867,-0.001429,0.083716,1.0,199.79
43,idle,3346.756547,46.996488,51.198183,95.828308,195.97711,588.229889,13.322559,0.203768,10.007796,42.852763,4520.419251,healthy,0,0,0,0,-2.323236,0.149237,0.769623,-0.754536,2.978057,-0.063588,0.001777,0.122248,1.0,199.785
44,idle,3355.124215,46.660409,50.964834,97.533283,193.662862,592.38566,13.677917,0.210913,10.143044,42.419655,4416.893349,healthy,0,0,0,0,-1.376475,0.541521,-0.274047,1.72157,1.564377,0.017913,-0.002412,0.065228,1.0,199.78
45,taxi,3531.196651,63.409063,51.260496,98.9663,202.042324,636.999751,14.841287,0.204708,12.013329,42.424484,4360.121664,healthy,0,0,0,0,-8.564148,-0.438557,-0.569222,0.503935,-2.135739,-0.076359,-0.000666,-0.202711,1.0,199.775
46,taxi,3547.370475,56.751973,51.203407,96.608207,206.880316,642.066077,15.187826,0.206885,12.018602,43.161219,4483.584187,healthy,0,0,0,0,-3.273365,0.18642,-0.252941,0.65625,-1.781579,-0.060984,-0.007266,0.020591,1.0,199.77
47,taxi,3499.833489,54.864623,50.766938,94.897311,204.48225,637.797741,15.458496,0.211123,12.042996,41.145634,4636.075987,healthy,0,0,0,0,2.528742,-0.327743,-0.661914,-0.655236,1.081037,0.034064,-0.001632,-0.086664,1.0,199.765
48,taxi,3506.873633,59.825862,50.962328,99.05685,202.8168,633.441936,15.341072,0.207184,11.935957,42.648082,4483.984964,healthy,0,0,0,0,1.712668,-0.303523,0.783626,0.938399,-0.624456,0.13063,-0.010869,-0.022408,1.0,199.76
49,taxi,3527.357137,54.757555,50.67724,96.204285,207.53083,636.950545,15.192033,0.210588,11.689089,42.502874,4357.387312,healthy,0,0,0,0,2.54373,0.107002,0.050097,-0.007251,0.317193,-0.024891,-0.006088,0.093298,1.0,199.755
50,taxi,3519.822021,59.645104,50.590617,97.489891,201.53879,635.597603,15.38926,0.215167,12.288012,42.266342,4474.106448,healthy,0,0,0,0,-2.948417,-0.020984,-0.036561,-1.175829,-0.069517,0.017152,-0.006431,0.029741,1.0,199.75
51,taxi,3554.076535,64.159726,51.703294,99.065472,205.812738,634.848144,15.12542,0.219232,11.699425,41.747355,4565.596368,healthy,0,0,0,0,0.793425,-0.779675,0.169886,-0.876985,0.585027,-0.061392,-0.000601,-0.030342,1.0,199.745
52,taxi,3554.352885,57.000172,50.312617,97.2155,202.810528,637.31518,15.271703,0.197222,11.771479,41.961117,4586.042817,healthy,0,0,0,0,-2.587285,-0.667626,0.44363,-0.066233,2.019354,0.164572,-0.005901,-0.125697,1.0,199.74
53,taxi,3524.117424,66.052704,50.694861,95.596223,207.184458,636.143115,15.273003,0.202186,12.132091,41.789295,4413.01205,healthy,0,0,0,0,4.770104,-0.270863,-0.19699,0.624655,0.574527,0.006789,-0.004355,0.123267,1.0,199.735
54,taxi,3522.067664,59.894347,50.39342,97.085571,204.494345,647.464132,15.495772,0.204213,11.906092,42.897446,4275.139585,healthy,0,0,0,0,3.131924,0.159967,-0.495038,1.081473,-0.657846,0.218603,0.00037,0.072376,1.0,199.73
55,taxi,3531.547569,58.483789,50.593309,98.017526,205.04863,643.375326,15.394022,0.206881,12.121883,41.191442,4515.582651,healthy,0,0,0,0,1.889524,0.342402,-0.094976,-0.074207,-0.476008,0.275421,-0.004611,0.008648,1.0,199.725
56,taxi,3512.00216,63.445852,50.829053,96.997438,205.552853,635.19749,15.541718,0.208747,11.930367,41.74672,4558.833724,healthy,0,0,0,0,-0.404474,-0.143858,1.183657,0.372449,0.366315,0.120833,-0.007365,-0.039324,1.0,199.72
57,taxi,3518.440316,58.395329,51.028196,97.284899,206.808543,642.878332,15.222542,0.210593,11.931108,40.14319,4472.600489,healthy,0,0,0,0,2.315706,0.213072,-0.005564,-0.442607,0.524167,0.156882,0.00161,-0.065461,1.0,199.715
58,taxi,3521.973068,54.596812,50.308769,94.86219,207.098548,636.924523,15.414997,0.210031,11.756427,42.984962,4553.027519,healthy,0,0,0,0,4.901939,-0.52196,-0.314689,0.063388,-2.434798,0.343777,0.002515,0.021082,1.0,199.71
59,taxi,3499.168916,59.980649,51.323364,100.062631,204.839246,640.788655,15.374752,0.219063,12.02246,41.5152,4491.365692,healthy,0,0,0,0,-2.004679,-1.0149,0.183971,-0.899425,0.450987,-0.101005,0.00399,0.006526,1.0,199.705
60,taxi,3534.596773,58.348062,50.06635,97.626051,210.779542,636.20512,15.270995,0.209884,11.896677,42.340006,4613.550645,healthy,0,0,0,0,-2.306747,0.152281,0.711032,0.48695,2.701588,0.102961,-0.004342,-0.014051,1.0,199.7
61,taxi,3521.62767,59.295646,52.052976,98.058843,204.453289,630.691497,15.416334,0.200841,12.041879,41.826194,4493.585602,healthy,0,0,0,0,-3.763248,0.215772,-0.48755,0.25814,1.774887,0.14056,0.008351,0.029272,1.0,199.695
62,taxi,3536.5492,58.721834,51.026958,97.191658,205.024888,635.96602,15.471429,0.213284,12.101883,43.356287,4322.996544,healthy,0,0,0,0,-0.956855,-0.012189,-0.501793,-0.85948,0.752159,-0.057081,0.001654,-0.008113,1.0,199.69
63,taxi,3544.175229,58.965445,50.26105,95.99997,204.278535,631.898215,15.541664,0.209597,11.937773,42.415763,4444.301406,healthy,0,0,0,0,3.869547,-0.597191,0.373992,0.038099,0.162752,-0.272251,-0.002705,-0.047725,1.0,199.685
64,taxi,3516.7151,61.07434,50.984806,98.217206,204.941752,645.829038,15.242094,0.200887,12.089141,42.8517,4563.778835,healthy,0,0,0,0,-3.63149,-0.524227,0.136264,1.175623,0.582462,0.049741,0.00445,-0.012976,1.0,199.68
65,taxi,3543.011035,60.571274,50.424059,99.735148,203.566822,633.239594,14.903091,0.207222,11.798412,42.48445,4482.658979,healthy,0,0,0,0,4.721009,0.047815,-1.185481,0.194309,0.753443,-0.020738,-0.004428,0.009253,1.0,199.675
66,taxi,3517.824294,54.166249,50.994967,96.357775,207.398001,634.738727,15.408557,0.199387,11.968632,44.289201,4396.525366,healthy,0,0,0,0,0.537711,0.34744,0.550033,0.433281,-0.243755,0.065993,0.005623,-0.00811,1.0,199.67
67,taxi,3515.973493,57.792413,51.480311,96.229546,205.487111,630.10014,15.233601,0.201533,11.911557,42.351553,4473.04722,healthy,0,0,0,0,-0.336009,0.248735,-0.368677,-0.153813,-0.614464,-0.001126,-0.008523,-0.070223,1.0,199.665
68,taxi,3510.729631,59.346216,50.526485,93.585952,208.691875,629.718871,15.172809,0.207026,11.566774,42.459077,4598.819755,healthy,0,0,0,0,1.35353,-0.373461,0.078232,-0.209159,-2.732212,-0.011705,0.000968,-0.015122,1.0,199.66
69,taxi,3558.337291,54.879446,51.350438,101.814518,209.327754,650.716512,15.352015,0.207934,11.860974,38.263447,4507.658482,healthy,0,0,0,0,1.944123,0.165911,-0.807055,-1.209904,1.878206,0.036017,0.002313,-0.003506,1.0,199.655
70,taxi,3540.105004,64.391068,52.188871,97.122325,207.674496,646.916383,15.149485,0.206484,12.050748,43.869575,4658.962993,healthy,0,0,0,0,-6.132256,0.122812,0.203864,0.985874,-1.863294,-0.105792,-0.002856,-0.028167,1.0,199.65
71,taxi,3530.897798,61.01718,51.128671,96.822391,205.268655,636.479471,15.184517,0.198048,12.092073,41.780806,4545.520278,healthy,0,0,0,0,5.285062,0.039457,0.7187,0.554799,-1.229886,0.052931,-0.00312,-0.080246,1.0,199.645
72,taxi,3534.817815,59.858187,51.020608,99.962362,203.153355,634.463963,15.233389,0.202928,11.756747,39.390427,4408.139596,healthy,0,0,0,0,0.118658,-0.532123,-0.235295,0.959821,-1.112565,-0.180288,0.004294,0.012523,1.0,199.64
73,taxi,3547.7291,62.006938,51.086101,99.308156,203.782828,634.936456,15.568563,0.208747,12.037413,42.723349,4537.971281,healthy,0,0,0,0,3.677081,0.062856,0.272041,-1.009654,0.110931,0.021161,0.004779,-0.010005,1.0,199.635
74,taxi,3558.270357,57.046059,52.02297,97.787172,205.122131,641.729637,15.322627,0.208059,12.079836,42.32132,4523.71905,healthy,0,0,0,0,-2.725752,0.234241,-0.547402,-0.475624,-0.33233,0.31768,0.001544,0.047742,1.0,199.63
75,taxi,3516.827751,58.83451,50.957043,99.363149,203.012929,637.871087,15.543601,0.212713,12.067796,41.725782,4392.328064,healthy,0,0,0,0,1.291333,-0.343769,-1.300398,0.328609,0.289681,-0.314403,0.000153,0.053331,1.0,199.625
76,taxi,3530.418226,64.628533,50.749719,97.425199,204.577711,655.522704,15.340446,0.201518,11.95294,41.748044,4490.718975,healthy,0,0,0,0,-5.55569,0.443153,-0.648054,0.315333,-1.974652,0.118845,-0.001999,-0.003012,1.0,199.62
77,taxi,3525.353314,65.583027,50.361403,102.060722,207.581323,644.52209,15.308374,0.210141,11.906117,43.997788,4562.973406,healthy,0,0,0,0,-1.511889,0.470402,0.525093,-0.236707,-3.94063,-0.077866,-0.001777,-0.025785,1.0,199.615
78,taxi,3519.207182,57.378292,51.209659,96.27882,202.400471,643.524044,15.232677,0.19567,11.864798,41.633572,4545.732678,healthy,0,0,0,0,-2.926008,-0.338289,0.454757,0.12817,-0.842641,0.118402,0.002285,0.015148,1.0,199.61
79,taxi,3511.795208,55.190472,51.163388,99.804808,205.09301,634.562539,15.116144,0.20747,11.769947,42.302173,4545.32989,healthy,0,0,0,0,-0.238909,0.459941,0.029522,0.649463,0.158557,0.055242,0.003112,0.139665,1.0,199.605
80,taxi,3512.976145,57.527249,50.552541,95.607248,209.571552,640.524093,15.057325,0.196525,12.301986,42.754273,4566.926761,healthy,0,0,0,0,1.18249,0.08555,-0.289107,-0.754635,1.841647,0.263801,-0.006953,0.034259,1.0,199.6
81,taxi,3490.279169,60.107864,51.563772,97.002021,206.678305,642.101051,15.203166,0.218569,12.001734,40.933942,4503.185928,healthy,0,0,0,0,1.631636,0.054353,0.130357,-0.061044,-2.228087,0.002803,0.003157,-0.062253,1.0,199.595
82,taxi,3492.424153,63.468032,51.365819,99.23602,208.784495,636.03107,15.360948,0.203019,11.853414,42.466832,4610.536594,healthy,0,0,0,0,-3.039793,0.653201,0.239234,0.178883,0.035128,0.02534,0.010893,0.066677,1.0,199.59
83,taxi,3552.254882,61.904523,51.374225,100.926406,203.659388,643.290353,15.28038,0.207585,11.98184,41.559977,4545.902534,healthy,0,0,0,0,1.977293,-0.874972,0.291626,1.138558,1.470325,0.274673,-0.000123,0.137125,1.0,199.585
84,taxi,3536.495744,60.031996,50.883852,96.898493,207.809992,645.261606,15.410766,0.213595,12.096307,40.95812,4605.776139,healthy,0,0,0,0,5.383888,0.120459,0.08445,-1.372615,-1.012842,-0.009753,-0.006281,-0.047167,1.0,199.58
85,taxi,3501.523342,57.360943,51.018086,98.66658,203.133916,633.666995,15.189509,0.20789,11.923428,41.21647,4381.834379,healthy,0,0,0,0,-5.130028,0.454214,0.363546,-0.595519,-0.683404,0.315079,-0.000643,-0.014527,1.0,199.575
86,taxi,3512.624378,55.544656,50.544431,97.325104,204.675213,629.495122,15.335923,0.198918,12.005381,41.055726,4612.781369,healthy,0,0,0,0,-2.168701,0.312354,-0.645044,0.453756,-0.078275,-0.039363,-0.010817,0.088877,1.0,199.57
87,taxi,3534.639802,55.110592,50.790757,98.23901,208.128999,644.645857,15.365881,0.205012,12.017586,41.554701,4565.561989,healthy,0,0,0,0,0.169077,0.407979,-0.092617,-1.314713,3.923265,-0.075271,0.003716,-0.028954,1.0,199.565
88,taxi,3527.750274,61.336356,51.537394,98.457649,202.183723,644.550875,15.365752,0.218706,11.823344,42.074478,4359.239973,healthy,0,0,0,0,-0.709861,0.602086,-0.144441,0.965641,-1.675898,0.179213,-0.006899,0.12046,1.0,199.56
89,taxi,3500.770167,64.005104,50.800526,100.863071,205.467647,633.361844,15.110983,0.220864,11.822687,43.361961,4376.105213,healthy,0,0,0,0,0.264214,0.190122,-0.57757,1.157055,2.778496,-0.072476,-0.001235,0.067302,1.0,199.555
90,takeoff,4117.16091,86.439922,51.065304,96.356105,237.867954,736.051832,22.486486,0.195932,17.854288,40.016483,4553.466219,healthy,0,0,0,0,1.400399,-0.408252,0.41028,1.811558,-0.949633,0.12519,0.0017,0.092132,1.0,199.55
91,takeoff,4152.027487,89.608379,50.960798,98.516902,235.978433,734.427633,22.155189,0.203282,18.080098,41.802962,4578.183619,healthy,0,0,0,0,-2.409138,0.523804,0.338618,1.187792,-1.721971,0.097948,0.009803,-0.179943,1.0,199.545
92,takeoff,4133.255895,87.002924,50.545447,97.201892,231.731258,741.45163,21.859536,0.205946,18.158947,40.676921,4609.506497,healthy,0,0,0,0,2.964726,-0.47979,0.516847,0.480124,0.54669,-0.073014,-0.000437,0.026833,1.0,199.54
93,takeoff,4092.455227,88.094242,51.077417,98.243911,235.824103,746.405524,22.494634,0.202386,17.923512,42.737859,4334.135407,healthy,0,0,0,0,-1.136022,-0.397159,0.238769,0.254705,0.34928,-0.112541,-0.002191,0.043227,1.0,199.535
94,takeoff,4124.676491,93.451196,51.110581,98.65903,231.799855,742.256825,22.161157,0.200665,18.168158,41.078878,4411.51542,healthy,0,0,0,0,2.747268,-0.147429,-0.237777,1.177525,0.175844,0.264497,0.002205,0.052316,1.0,199.53
95,takeoff,4124.52195,91.569854,51.002825,97.360528,236.684604,736.917606,22.686088,0.21136,18.200633,43.157835,4666.441256,healthy,0,0,0,0,-3.409478,0.120684,0.738731,-0.085336,0.313266,0.045958,-0.003057,0.010814,1.0,199.525
96,takeoff,4133.340835,85.610629,50.979135,98.251351,235.009732,731.263674,22.277461,0.207474,17.667687,40.956114,4413.074925,healthy,0,0,0,0,3.854065,-0.137683,-0.112062,-0.099689,-1.43678,-0.027164,0.001194,0.053455,1.0,199.52
97,takeoff,4164.005858,86.366836,50.331654,98.982497,235.119835,742.114647,22.27336,0.197899,17.792135,41.126672,4651.92352,healthy,0,0,0,0,-2.431933,0.162307,-0.214976,-1.386922,3.236353,0.141963,-0.003465,-0.026936,1.0,199.515
98,takeoff,4133.564732,85.824104,50.724452,98.180621,235.489615,740.725173,22.207982,0.204515,18.12271,41.680347,4563.091829,healthy,0,0,0,0,6.8582,-0.430956,-0.581841,1.636176,0.596517,-0.097913,0.005115,-0.084158,1.0,199.51
99,takeoff,4142.270576,88.152574,51.266456,100.00539,237.099986,737.969494,22.242464,0.2045,17.827518,41.482724,4437.199594,healthy,0,0,0,0,-3.354818,-0.54244,-0.06028,-0.414788,0.62217,0.012979,0.003961,0.049894,1.0,199.505
100,takeoff,4158.671058,89.444318,50.644761,96.25239,234.299879,735.651423,22.131318,0.202837,18.13263,42.973135,4503.308797,healthy,0,0,0,0,-2.073458,0.349694,0.168042,-1.101026,-1.516035,-0.046831,0.006045,-0.008575,1.0,199.5
101,takeoff,4092.823188,86.710586,50.449945,100.621522,230.627293,737.986396,22.323945,0.2037,17.899226,42.450673,4414.951581,healthy,0,0,0,0,-3.077064,-0.047566,0.595015,-1.470567,-1.332809,-0.009384,-0.006474,-0.054563,1.0,199.495
102,takeoff,4165.572282,88.230865,51.273093,97.913596,235.157858,736.147,22.521041,0.203535,18.075635,41.842348,4395.879057,healthy,0,0,0,0,6.686331,0.115293,-0.25795,-0.409723,-0.564752,0.248793,-0.006127,-0.064574,1.0,199.49
103,takeoff,4141.950546,86.296037,50.86884,98.331202,237.180141,731.377712,22.158149,0.214607,17.897855,42.06003,4559.762036,healthy,0,0,0,0,3.394078,-0.50963,0.962426,-0.213433,-2.125146,-0.012525,-0.003486,0.010067,1.0,199.485
104,takeoff,4122.764047,96.641166,51.072436,101.414057,233.999748,730.918522,22.129021,0.208392,17.800503,42.845118,4579.519037,healthy,0,0,0,0,-0.991417,0.453388,0.267554,0.6477,-1.765453,0.046964,-0.000693,0.095148,1.0,199.48
105,takeoff,4147.855105,89.863383,51.14369,100.546103,233.039834,738.067868,22.656703,0.204893,17.802669,42.106582,4605.265017,healthy,0,0,0,0,0.388923,-0.516511,-0.596379,-1.310527,-1.955574,-0.138455,-0.00168,-0.077159,1.0,199.475
106,takeoff,4121.853744,87.179694,50.520576,98.141692,232.201652,738.465315,22.49489,0.205518,18.226323,42.305176,4359.657078,healthy,0,0,0,0,-4.527336,-0.235725,-0.414277,0.005919,-0.156832,-0.046009,0.006366,-0.079365,1.0,199.47
107,takeoff,4133.240575,89.39319,50.990769,97.239653,233.930325,738.240828,22.707801,0.205716,17.987678,41.63566,4527.085214,healthy,0,0,0,0,1.908804,0.059404,0.694648,-0.03197,0.422575,0.023555,-0.00735,-0.045793,1.0,199.465
108,takeoff,4094.220672,89.060746,51.076045,96.241072,235.373023,738.966655,22.528176,0.20821,17.919104,42.037533,4481.246113,healthy,0,0,0,0,0.833339,-0.119356,-0.539055,-0.573379,1.412179,0.211101,-0.001333,0.116176,1.0,199.46
109,takeoff,4167.142908,90.382799,50.600915,94.65708,235.746833,740.531037,22.210446,0.203187,17.885085,42.228836,4601.459879,healthy,0,0,0,0,1.282405,0.668497,0.410984,-0.828093,2.428097,0.162281,0.009092,0.084931,1.0,199.455
110,takeoff,4093.745634,89.993571,50.913722,96.7889,233.489837,739.270186,22.367902,0.202559,17.846446,41.856715,4507.307648,healthy,0,0,0,0,0.822909,0.122809,-0.244208,1.16517,-2.830988,-0.012708,-0.002469,0.057041,1.0,199.45
111,takeoff,4093.966684,89.904017,50.935438,99.433768,233.49573,746.916906,22.272796,0.213433,17.806566,40.285681,4513.209694,healthy,0,0,0,0,-0.556098,-0.06332,1.009042,0.712011,-1.122453,-0.04582,-0.000329,0.025938,1.0,199.445
112,takeoff,4134.964878,88.466614,51.889,98.258395,236.21887,743.796802,22.079444,0.206185,17.835935,43.934828,4504.961118,healthy,0,0,0,0,3.561834,-0.654777,0.483599,-0.284738,1.499861,-0.162682,-0.011059,-0.032527,1.0,199.44
113,takeoff,4146.32495,88.585193,50.530519,95.374512,234.593679,732.189938,22.550956,0.210602,17.923882,42.986094,4411.115297,healthy,0,0,0,0,-1.918836,0.234502,0.613064,-0.733977,1.299748,-0.058365,0.001488,0.04641,1.0,199.435
114,takeoff,4137.302126,85.674642,50.735265,97.266191,238.011296,738.896236,22.359235,0.212509,17.878182,41.266705,4525.632168,healthy,0,0,0,0,-5.727073,0.209109,-1.032793,0.121254,0.761503,-0.209814,0.001031,-0.009208,1.0,199.43
115,takeoff,4131.492085,92.749367,51.497766,97.943614,237.766388,732.745834,22.435191,0.199762,17.904059,41.894624,4477.44407,healthy,0,0,0,0,-1.004153,-0.403988,-0.506835,1.423582,-3.139128,0.235487,-0.003216,-0.007209,1.0,199.425
116,takeoff,4136.599714,90.406555,51.882092,101.728708,230.773934,737.838762,22.39843,0.214107,18.084882,41.815897,4406.508421,healthy,0,0,0,0,0.128926,0.302571,-0.248902,-0.563234,-1.045063,-0.120659,-0.003829,-0.029427,1.0,199.42
117,takeoff,4152.196189,89.320054,50.569652,97.864761,233.017664,735.165901,22.399245,0.212421,18.171642,41.89074,4633.034438,healthy,0,0,0,0,2.071409,0.674056,-0.48196,-0.872785,2.09571,0.151349,0.00279,-0.110502,1.0,199.415
118,takeoff,4132.16443,87.260464,51.36389,95.547108,234.507538,731.951417,22.140446,0.204612,17.683656,41.158319,4385.640021,healthy,0,0,0,0,-2.891879,-0.702535,-0.153757,-0.229202,0.582653,-0.032779,0.003005,-0.019437,1.0,199.41
119,takeoff,4136.521651,90.68669,51.008738,94.769475,236.436195,743.211143,22.290311,0.210176,18.104421,43.482536,4567.501655,healthy,0,0,0,0,-6.050155,0.521143,-0.325576,1.055259,2.191645,0.088975,0.002332,0.083014,1.0,199.405
120,takeoff,4152.851349,91.958909,50.974431,96.669051,233.063486,743.552547,22.513124,0.200622,17.992786,42.295965,4604.342709,healthy,0,0,0,0,-3.601099,-0.175789,0.506854,0.338827,0.990429,-0.167759,0.000401,0.018714,1.0,199.4
121,takeoff,4123.253582,94.050651,50.703468,101.035108,234.365103,739.571662,22.804949,0.20228,18.049702,41.434153,4352.000951,healthy,0,0,0,0,-0.735266,0.292005,0.020666,-1.599983,3.066278,-0.050267,-0.005885,-0.049088,1.0,199.395
122,takeoff,4175.958045,93.722496,51.118937,100.61514,236.568342,736.696593,22.364902,0.21071,18.409533,42.194943,4602.95327,healthy,0,0,0,0,1.791438,-0.751094,0.126264,0.213536,-0.455689,0.013454,-0.000707,-0.030653,1.0,199.39
123,takeoff,4135.196485,91.438997,51.08263,103.313185,232.719428,737.427504,22.268574,0.20373,17.867003,41.825804,4366.757909,healthy,0,0,0,0,-3.344601,0.010632,-0.369091,0.552669,0.071324,-0.06322,0.002476,0.043244,1.0,199.385
124,takeoff,4140.983259,87.533443,50.839662,101.022518,234.901881,742.876831,22.138517,0.207843,18.024925,41.740345,4594.398423,healthy,0,0,0,0,0.928296,-0.43368,-0.711264,1.047946,-1.326606,0.155351,-0.007128,0.048927,1.0,199.38
125,takeoff,4156.451957,87.138835,51.519009,97.882463,234.807339,734.774159,22.416385,0.209191,17.832542,41.344189,4526.892864,healthy,0,0,0,0,5.501383,0.504808,-0.279427,0.532079,0.023396,0.099862,0.004638,0.085549,1.0,199.375
126,takeoff,4115.116118,86.933402,50.65247,98.31321,237.162136,737.870763,22.389107,0.21583,17.937827,40.906645,4491.242082,healthy,0,0,0,0,-1.574678,-0.750947,-1.376909,-0.525777,0.951592,0.048575,-0.009117,0.078871,1.0,199.37
127,takeoff,4128.287638,89.405889,51.000015,100.66516,236.04986,734.690063,22.414314,0.194221,17.915123,41.930297,4551.09901,healthy,0,0,0,0,-4.081355,0.529697,0.056172,0.299936,-0.217476,-0.041044,-0.003355,0.16574,1.0,199.365
128,takeoff,4125.288835,84.345891,51.784152,97.248847,232.73278,741.837043,22.286163,0.213907,17.854912,42.273876,4490.871973,healthy,0,0,0,0,-2.147905,-0.929681,0.61392,0.347634,-1.19987,0.121818,-0.000505,-0.113007,1.0,199.36
129,takeoff,4117.86944,88.190971,51.225752,95.93167,239.170018,739.327464,22.128692,0.201929,17.963368,41.715983,4719.608193,healthy,0,0,0,0,2.022123,0.147125,0.208464,-0.986255,0.600143,-0.081778,-0.003141,-0.053429,1.0,199.355
130,takeoff,4091.626177,91.912651,50.8508,99.735885,234.915967,732.780522,22.174443,0.203416,17.940461,42.812015,4514.641186,healthy,0,0,0,0,3.402067,0.796073,0.47842,-0.577503,0.684345,0.262416,-0.003306,-0.039652,1.0,199.35
131,takeoff,4126.38003,93.166274,50.990257,98.502263,234.430865,738.156156,22.47294,0.215018,17.987175,42.120323,4456.206549,healthy,0,0,0,0,1.952377,0.192926,-0.396736,0.571631,-0.803706,-0.194188,-0.013481,-0.055184,1.0,199.345
132,takeoff,4127.334676,94.074152,51.263781,96.741697,238.558153,729.834946,22.314363,0.212145,17.822077,43.374087,4640.008734,healthy,0,0,0,0,-1.179369,-0.100963,0.389491,0.950209,-0.359769,-0.103419,0.000913,-0.112213,1.0,199.34
133,takeoff,4129.954962,88.005726,51.678963,97.031041,237.974718,731.273609,22.346399,0.206336,17.971521,44.006205,4374.070955,healthy,0,0,0,0,0.775076,0.445289,0.000302,-0.923454,0.799414,0.225351,0.008545,-0.158411,1.0,199.335
134,takeoff,4105.459799,94.974817,50.748877,99.265964,236.886844,732.208489,22.727248,0.206545,17.862903,40.108394,4683.504591,healthy,0,0,0,0,-1.674873,0.076042,-0.345895,-0.480175,2.256268,-0.122053,0.000929,0.034574,1.0,199.33
135,takeoff,4127.134205,86.940338,50.82934,98.761548,234.220135,744.755457,22.254731,0.205682,17.858772,40.111032,4419.262884,healthy,0,0,0,0,0.890047,0.130258,-0.397327,0.195289,0.414182,0.107959,-0.001933,0.11103,1.0,199.325
136,takeoff,4126.063176,82.010888,51.246932,101.374785,238.887518,745.259879,22.193169,0.20496,17.742382,42.246348,4472.358613,healthy,0,0,0,0,4.509795,-0.240151,0.19987,0.1425,0.525514,0.015691,0.005523,-0.073961,1.0,199.32
137,takeoff,4123.82325,91.016317,51.44182,96.514914,233.19298,735.312913,22.02524,0.206907,17.923373,42.316712,4458.135374,healthy,0,0,0,0,0.740879,0.011259,0.922107,0.069616,0.89976,0.028888,0.008486,-0.052158,1.0,199.315
138,takeoff,4128.281451,86.132444,50.552865,96.984576,235.877767,740.932516,22.428467,0.203434,17.775743,41.074245,4414.733742,healthy,0,0,0,0,6.595512,-0.736417,-0.318581,0.12482,-0.3317,0.31245,-0.002131,0.017119,1.0,199.31
139,takeoff,4107.319597,93.374338,51.322376,99.267926,233.354692,742.501774,22.241592,0.208349,18.046408,41.671654,4343.273849,healthy,0,0,0,0,-1.206111,-0.23129,-0.246787,-0.073732,1.31343,0.014189,0.000532,-0.160906,1.0,199.305
140,takeoff,4113.306205,88.133013,51.232532,98.039676,235.91916,733.72185,22.116883,0.206745,17.931372,41.466369,4567.147173,healthy,0,0,0,0,-1.48633,-0.064944,0.069164,0.967776,0.032086,-0.092375,0.000182,0.069302,1.0,199.3
141,takeoff,4130.623112,92.063025,51.491068,95.019113,232.049001,731.257243,22.213367,0.201019,17.948592,42.091334,4517.550517,healthy,0,0,0,0,0.807941,-0.410609,0.247515,0.175827,-0.587581,0.164979,0.004251,-0.003591,1.0,199.295
142,takeoff,4128.055981,89.202934,51.19269,102.089262,235.588875,739.566827,22.00457,0.201951,18.013081,41.770972,4563.158494,healthy,0,0,0,0,-0.539284,-0.394507,0.981067,-1.02465,-1.253462,0.097085,0.004055,-0.121646,1.0,199.29
143,takeoff,4108.979997,86.581747,50.639354,94.181303,237.084388,742.842837,22.137557,0.204611,17.932676,40.995824,4454.025473,healthy,0,0,0,0,3.708653,0.418139,0.241971,-0.097984,-1.523047,-0.027689,0.001941,-0.041517,1.0,199.285
144,takeoff,4099.520851,92.519058,50.660287,98.773781,234.927375,730.468991,22.146585,0.205233,17.91525,41.545984,4475.50177,healthy,0,0,0,0,-4.7627,0.464786,-0.002825,0.322789,-0.308989,-0.218157,-0.000144,0.069591,1.0,199.28
145,takeoff,4119.517433,90.295258,49.968736,95.57171,234.784127,732.689709,22.51929,0.211802,17.890297,42.450173,4472.364486,healthy,0,0,0,0,5.013532,-0.484164,0.549741,-0.767475,-1.225849,0.099841,0.006702,-0.015204,1.0,199.275
146,takeoff,4127.534061,95.439926,50.828953,98.925874,238.715416,736.385506,22.333658,0.204855,17.925232,42.051,4511.793618,healthy,0,0,0,0,0.196173,0.06645,-0.247793,0.866006,-1.211229,0.223632,0.001573,-0.01244,1.0,199.27
147,takeoff,4157.294048,88.382626,51.030331,102.331941,229.108706,729.52032,22.252127,0.21074,17.944803,41.424107,4467.054404,healthy,0,0,0,0,0.394914,0.718432,-0.072652,-0.749059,-1.993303,-0.052424,0.008711,0.089227,1.0,199.265
148,takeoff,4183.528028,93.308267,50.862579,96.631117,238.47751,735.2968,22.219767,0.210758,17.988434,41.64332,4442.012703,healthy,0,0,0,0,1.540587,0.320132,0.784528,-0.417425,-0.394697,0.077754,0.001253,-0.085491,1.0,199.26
149,takeoff,4173.223349,92.498123,51.15309,98.506563,236.582514,753.16483,22.17825,0.211076,17.887737,41.094864,4415.623024,healthy,0,0,0,0,3.230887,-0.433935,-0.645303,-0.004788,2.258793,0.093838,-0.002352,0.157809,1.0,199.255
150,takeoff,4114.919216,95.502807,50.995118,96.539633,232.22211,734.241907,22.347869,0.210293,18.12932,43.996748,4683.664106,healthy,0,0,0,0,3.286035,-0.365149,0.585908,-0.761609,0.471203,0.023043,-0.001898,-0.007185,1.0,199.25
151,takeoff,4146.084202,88.318196,50.716982,95.833494,237.925269,733.734756,22.356835,0.216564,18.019973,42.035199,4451.530457,healthy,0,0,0,0,-1.461602,0.343005,0.384044,0.028768,-0.714166,0.106999,-0.001467,-0.03979,1.0,199.245
152,takeoff,4132.81088,84.814647,50.834103,95.344112,234.295342,733.227555,22.365503,0.213384,18.027644,42.568598,4495.76293,healthy,0,0,0,0,-4.258813,0.462555,0.466788,1.030634,-0.009354,0.194161,-0.000148,0.074498,1.0,199.24
153,takeoff,4146.23786,88.656202,51.212295,100.139651,238.561601,744.542847,22.212982,0.199889,17.83033,42.297713,4482.668783,healthy,0,0,0,0,-0.355895,0.129725,-0.368451,-0.607901,-0.371783,-0.057914,-0.003026,-0.121526,1.0,199.235
154,takeoff,4144.39465,85.340149,50.961963,95.19167,235.295941,746.292963,22.333122,0.203139,17.955421,43.473184,4396.260973,healthy,0,0,0,0,-4.175124,-0.412883,0.373721,0.822407,-4.039613,0.161812,0.001253,0.139005,1.0,199.23
155,takeoff,4118.227838,90.474036,50.641739,95.724291,236.100506,741.378636,22.128236,0.209104,18.184167,42.602374,4482.622266,healthy,0,0,0,0,-2.195411,0.270151,0.245666,-0.56777,1.790414,-0.236073,-0.00101,-0.001086,1.0,199.225
156,takeoff,4132.573446,87.320026,50.962232,98.32978,238.347621,730.454906,22.255602,0.20595,18.110527,39.918732,4482.893363,healthy,0,0,0,0,-3.788685,-0.401314,-0.440639,0.366745,-0.651696,-0.066506,0.00259,-0.011857,1.0,199.22
157,takeoff,4153.88158,87.140064,50.906679,101.430549,236.33464,740.436218,22.116412,0.204457,17.874741,42.612199,4587.787164,healthy,0,0,0,0,0.227489,-0.024771,0.555279,-0.179303,-0.80378,-0.136618,0.000382,0.168945,1.0,199.215
158,takeoff,4125.629527,87.615387,50.617827,99.256001,232.896671,733.550819,22.249799,0.198339,18.036972,41.908016,4450.268817,healthy,0,0,0,0,1.121818,0.172923,0.189378,0.487303,-2.770571,0.340918,-0.002541,0.033891,1.0,199.21
159,takeoff,4131.608338,88.089331,50.556469,96.713806,236.100032,736.699715,22.349151,0.20583,17.649376,43.484588,4578.788582,healthy,0,0,0,0,-4.645786,0.22684,0.162821,1.178476,-2.122646,0.194548,-0.005954,0.034519,1.0,199.205
160,takeoff,4131.720436,89.000484,50.533007,101.939615,234.913145,753.306345,22.450377,0.198531,17.839152,42.084504,4383.210819,healthy,0,0,0,0,0.781125,-0.107358,0.950245,0.537254,0.850322,0.029405,-0.00077,-0.07206,1.0,199.2
161,takeoff,4136.791532,83.780752,50.745139,95.918327,239.07784,739.726042,22.121336,0.211682,17.942756,42.677445,4508.497375,healthy,0,0,0,0,-0.232352,-0.378967,1.036774,-0.063034,-0.28503,0.051032,-0.006743,0.042282,1.0,199.195
162,takeoff,4133.756465,89.528278,50.668723,100.76753,237.007388,736.441825,22.45501,0.206111,17.857558,41.559392,4560.411585,healthy,0,0,0,0,-3.298933,0.152748,0.24612,-1.123341,-0.790859,-0.018842,0.00166,0.008827,1.0,199.19
163,takeoff,4155.046658,90.328523,52.266778,98.646841,235.66923,736.785622,22.202183,0.211805,17.940673,41.139139,4551.848105,healthy,0,0,0,0,1.511324,0.132874,0.689977,-1.052827,-0.032124,-0.067166,-0.004451,0.003459,1.0,199.185
164,takeoff,4140.166041,86.609386,51.571573,95.479386,239.319989,736.560726,22.218668,0.208827,18.060331,43.004914,4449.817565,healthy,0,0,0,0,2.259728,0.4118,-0.111258,-0.593568,0.28342,-0.063945,-0.002936,-0.044515,1.0,199.18
165,takeoff,4120.653479,85.541508,51.012317,95.337637,233.01828,748.733054,22.33484,0.205549,18.122292,41.682019,4475.765546,healthy,0,0,0,0,5.686154,-0.21688,0.393554,-0.060651,-1.97265,0.195721,0.004807,0.108928,1.0,199.175
166,takeoff,4153.104023,88.106996,50.678415,96.896111,234.838101,734.293975,22.516948,0.205185,17.899655,40.122151,4442.509347,healthy,0,0,0,0,-0.594636,-0.205506,0.103644,0.101694,0.81649,0.094574,-0.007449,-0.031194,1.0,199.17
167,takeoff,4137.035356,90.570077,50.453241,98.691951,235.138008,732.514054,22.190318,0.200756,17.941726,41.582599,4548.121399,healthy,0,0,0,0,3.165827,-0.047896,-0.151116,-0.059551,1.243439,0.072177,0.007438,-0.112911,1.0,199.165
168,takeoff,4143.88755,84.261345,51.243211,98.432264,239.059563,738.14229,22.69058,0.19817,18.049993,42.982935,4421.691273,healthy,0,0,0,0,2.192292,-0.104284,0.106478,-1.248283,-2.500959,0.112639,0.003394,-0.078065,1.0,199.16
169,takeoff,4101.856797,82.614703,50.389181,99.676576,236.185282,725.729566,21.926475,0.213413,17.808439,40.858616,4411.638395,healthy,0,0,0,0,0.253098,-0.338756,-0.086598,-0.883159,-1.477691,-0.007076,-0.002199,0.008437,1.0,199.155
170,takeoff,4128.668497,91.858254,50.811404,102.158451,234.963042,742.731226,22.522061,0.203016,17.882238,42.288848,4338.072667,healthy,0,0,0,0,3.285328,0.23415,-0.051869,-0.303861,0.634712,0.248597,-0.003251,-0.007288,1.0,199.15
171,takeoff,4115.734964,91.905615,51.339315,102.504513,234.046609,745.56456,22.411475,0.21026,17.828567,43.863911,4487.557371,healthy,0,0,0,0,-2.145377,0.426178,0.016598,0.678053,0.580782,-0.110808,-0.001569,0.054089,1.0,199.145
172,takeoff,4112.050056,91.555278,49.986194,100.850743,240.201212,742.302645,22.536431,0.205323,17.90268,39.174746,4632.153689,healthy,0,0,0,0,3.125495,-0.19476,-1.001336,-0.423574,0.416939,0.00766,-0.000996,-0.031139,1.0,199.14
173,takeoff,4141.7412,91.97226,51.355807,95.132144,231.735704,736.299368,22.542239,0.202578,17.865375,40.936263,4439.984598,healthy,0,0,0,0,2.055226,-0.416009,-0.199762,0.218901,2.593983,-0.219553,0.003107,0.009537,1.0,199.135
174,takeoff,4138.96572,96.849515,50.630195,100.299295,233.384988,736.067969,22.334646,0.202771,17.77549,42.713053,4444.911817,healthy,0,0,0,0,-0.310718,-0.355544,0.418201,0.389226,0.162989,-0.240681,-0.008596,0.043708,1.0,199.13
175,takeoff,4122.558544,90.905962,51.335205,95.582347,232.325897,746.982186,22.163185,0.202809,17.72178,40.913128,4427.438847,healthy,0,0,0,0,-6.807303,-0.39633,-0.773992,-0.856465,0.359462,0.063607,0.003704,-0.039378,1.0,199.125
176,takeoff,4138.788998,93.69933,51.720879,99.300435,234.083455,739.000718,22.416674,0.215315,17.847935,42.159934,4354.75774,healthy,0,0,0,0,1.365545,0.578073,0.575888,-0.816175,-1.718534,0.02183,-0.001025,0.075315,1.0,199.12
177,takeoff,4134.474878,86.733536,51.778518,97.665869,235.255556,734.391539,22.13746,0.211,17.991704,41.513777,4531.780762,healthy,0,0,0,0,1.539493,0.752523,0.695589,0.412565,2.798691,0.016343,0.003155,0.145659,1.0,199.115
178,takeoff,4097.679701,87.785002,50.960836,96.953164,235.86508,743.450576,22.333473,0.211266,17.981952,41.330491,4438.047707,healthy,0,0,0,0,-3.795483,-0.107328,-0.383575,0.241178,-4.055644,0.131106,-0.002342,0.045346,1.0,199.11
179,takeoff,4162.478529,86.143292,51.152546,97.809162,237.000927,742.422466,22.07798,0.206511,17.773104,41.69778,4571.445607,healthy,0,0,0,0,2.85815,0.160995,0.011197,-0.158308,-0.859962,-0.067618,0.006686,0.030842,1.0,199.105
180,cruise,3739.864199,69.538119,50.442533,100.040673,216.46064,675.725916,18.209633,0.211952,14.283576,40.735826,4504.644473,healthy,0,0,0,0,3.830777,-0.225411,-0.159117,-0.538335,-1.474918,0.294964,0.009303,0.067324,1.0,199.1
181,cruise,3725.438815,70.163971,50.267408,98.552605,217.684651,684.796737,18.464289,0.197051,14.11127,43.666398,4476.751947,healthy,0,0,0,0,-2.206791,-0.620423,0.115296,-0.231302,2.212911,-0.047715,0.000418,-0.024057,1.0,199.095
182,cruise,3742.875107,69.969444,51.778082,96.975622,215.348451,678.123122,17.957176,0.213193,13.690171,41.951285,4526.815569,healthy,0,0,0,0,0.308734,-0.338045,-0.121452,0.354033,-2.324883,-0.129625,-0.003628,-0.07708,1.0,199.09
183,cruise,3705.060929,72.138424,51.521817,97.614307,213.629661,673.928647,18.098967,0.203122,13.822794,42.15983,4411.783436,healthy,0,0,0,0,0.137043,-0.174286,0.501492,-1.343788,-0.986306,0.218032,-0.010049,0.004961,1.0,199.085
184,cruise,3739.405771,67.821755,50.791681,97.561326,214.440733,680.931197,18.146969,0.21084,14.030272,44.707042,4492.483617,healthy,0,0,0,0,1.381649,-0.291135,-0.086488,-1.03522,1.049231,-0.134088,0.003179,-0.102246,1.0,199.08
185,cruise,3749.372741,66.186916,50.753686,91.915529,215.774608,675.958652,18.296817,0.203005,13.940536,43.484959,4640.53367,healthy,0,0,0,0,-0.607101,-0.03288,0.51785,0.325778,3.000095,0.019499,-0.002532,0.09448,1.0,199.075
186,cruise,3734.592124,70.760005,51.672574,98.584729,215.633554,679.390371,18.364505,0.217757,13.896389,41.452911,4605.349677,healthy,0,0,0,0,1.153543,0.737086,-0.395177,0.125128,1.801912,-0.031349,0.001562,0.092402,1.0,199.07
187,cruise,3709.91508,71.758542,51.174922,101.630626,215.087958,676.301622,18.178866,0.202586,13.913468,38.424198,4568.688284,healthy,0,0,0,0,3.965773,0.526323,0.403271,1.23003,1.410498,0.042641,-0.003028,-0.109895,1.0,199.065
188,cruise,3711.826083,72.426314,50.881641,99.46677,218.482683,685.800517,17.920738,0.20642,13.879533,41.642433,4652.212061,healthy,0,0,0,0,0.862413,0.057253,0.392513,-0.678183,-1.25554,0.265878,1.5e-05,-0.054851,1.0,199.06
189,cruise,3742.68336,67.772549,50.986831,97.757765,216.025618,681.5944,18.476354,0.202202,13.889104,42.913085,4445.179621,healthy,0,0,0,0,-1.194645,0.0493,-0.403447,-0.177354,1.9392,0.250081,-0.002253,0.051605,1.0,199.055
190,cruise,3733.072007,69.574939,51.257459,96.460647,217.435352,682.523826,18.51105,0.211037,13.925578,41.855394,4522.563686,healthy,0,0,0,0,-0.695975,0.11472,-0.002003,0.368387,-2.119974,0.173831,-0.003055,0.036219,1.0,199.05
191,cruise,3733.387606,70.406957,50.350544,97.506026,217.577418,677.613757,18.267069,0.215187,13.968143,42.885817,4325.308174,healthy,0,0,0,0,-5.213055,-0.335317,0.342295,-0.536961,0.232483,0.199831,0.003166,-0.113043,1.0,199.045
192,cruise,3721.628401,70.198703,50.571637,99.693495,211.356853,674.281189,17.945394,0.206621,14.098898,42.244213,4565.535237,healthy,0,0,0,0,-0.178864,-0.934345,-0.608885,1.206244,1.594771,-0.16323,-0.005266,0.011286,1.0,199.04
193,cruise,3731.030164,63.412357,50.277734,99.084352,213.378904,669.376286,18.386606,0.208846,14.035772,40.929038,4501.537698,healthy,0,0,0,0,-3.674735,-0.049343,0.098408,0.430103,-0.395923,0.331465,0.004908,-0.042944,1.0,199.035
194,cruise,3727.000135,67.938047,50.487344,98.787652,214.120507,677.762822,18.232796,0.205953,13.908513,41.613252,4543.844983,healthy,0,0,0,0,-1.522717,0.342058,-0.407573,0.631571,0.972774,-0.177269,0.001563,-0.103659,1.0,199.03
195,cruise,3713.454556,69.921634,50.289201,96.037192,214.762917,674.187124,17.950934,0.20397,13.663584,42.908328,4464.460121,healthy,0,0,0,0,2.586696,0.137449,0.299107,0.504141,-0.24629,0.15822,-0.002054,-0.051923,1.0,199.025
196,cruise,3716.279985,73.091558,50.882505,99.486766,215.52401,677.761137,18.585647,0.208425,13.847209,41.355382,4448.519866,healthy,0,0,0,0,0.565096,0.282742,-0.617285,1.146871,-1.28779,-0.15977,-0.00089,0.156861,1.0,199.02
197,cruise,3729.925934,68.681021,50.771419,98.131691,215.097426,683.014165,18.080485,0.203264,13.880564,43.042309,4479.352679,healthy,0,0,0,0,-4.76466,0.05559,-0.390371,-0.930775,1.286296,0.158951,-0.000567,0.053061,1.0,199.015
198,cruise,3696.64372,68.422169,51.006853,97.666317,216.502853,674.089253,18.623939,0.203886,14.047338,41.61493,4632.336649,healthy,0,0,0,0,5.295241,0.264368,-0.148425,0.347518,-2.593252,0.120032,-0.005094,-0.083338,1.0,199.01
199,cruise,3747.67686,72.32107,51.246232,98.309154,213.170644,683.772135,18.380045,0.211576,13.709785,41.761619,4568.784926,healthy,0,0,0,0,-0.246372,0.214788,0.362142,-0.025053,1.036298,0.015657,0.005662,-0.004964,1.0,199.005
200,cruise,3725.678713,68.904205,50.078255,95.584326,213.404786,680.81943,18.514118,0.210372,13.864392,42.907588,4456.736432,healthy,0,0,0,0,-0.002398,-0.563271,-0.159854,-0.227192,-0.685281,-0.139858,0.002095,0.059043,1.0,199.0
201,cruise,3732.374952,65.606484,51.31677,98.003485,218.264907,679.343842,18.508932,0.204952,14.129585,40.586132,4554.017457,healthy,0,0,0,0,1.680882,-0.784549,-0.265752,1.081275,1.62761,-0.247381,-0.002645,0.055951,1.0,198.995
202,cruise,3722.177859,69.571812,50.94038,95.243693,215.980706,673.44496,18.116061,0.209082,13.891192,43.434184,4565.456931,healthy,0,0,0,0,-1.320098,0.074348,0.43996,0.231527,-1.459643,0.115855,-0.010102,-0.081674,1.0,198.99
203,cruise,3739.47808,68.198486,50.718207,98.72097,212.85128,676.183576,18.339484,0.208913,13.964715,42.086967,4555.268665,healthy,0,0,0,0,2.683325,0.331147,-0.438862,1.110492,1.690114,-0.248721,-0.001825,-0.030047,1.0,198.985
204,cruise,3748.577846,70.196866,51.005073,96.560667,214.875347,680.293016,18.438529,0.203027,13.921619,42.342875,4568.253037,healthy,0,0,0,0,3.164682,0.62964,0.054928,0.504327,1.045038,0.128611,0.000797,0.008027,1.0,198.98
205,cruise,3737.961436,66.313527,51.110625,99.445886,217.402315,686.043917,18.478484,0.209875,13.904762,41.074782,4501.119893,healthy,0,0,0,0,-0.743406,0.266035,0.182058,0.016221,-0.650592,-0.306258,-0.001995,0.097725,1.0,198.975
206,cruise,3738.30956,70.467226,50.493516,101.350398,214.530255,681.316351,18.735823,0.209296,14.105322,41.261128,4301.244613,healthy,0,0,0,0,1.698179,-0.362216,0.077625,-0.265603,-0.332644,0.043683,0.003569,0.017061,1.0,198.97
207,cruise,3728.171537,63.206259,51.643062,98.022675,216.719798,679.94505,18.312271,0.200021,13.659778,42.868168,4371.188773,healthy,0,0,0,0,2.533135,0.283941,0.272924,-0.262596,-1.985148,-0.171342,-0.006776,0.115368,1.0,198.965
208,cruise,3710.7276,70.479049,50.999489,99.458484,211.751983,683.389537,18.549668,0.206258,13.680814,41.914359,4359.352897,healthy,0,0,0,0,0.408581,-0.213728,0.548508,0.964647,1.944958,0.15314,-0.003264,-0.140157,1.0,198.96
209,cruise,3728.69926,70.862743,51.017411,97.889745,218.484664,678.541936,18.466274,0.205758,13.67678,41.827702,4523.665568,healthy,0,0,0,0,2.504048,0.458164,0.229927,-1.247549,0.867542,-0.089364,0.00397,-0.055889,1.0,198.955
210,cruise,3734.150427,67.866594,51.339632,94.753571,217.039164,673.169075,18.014229,0.215026,13.790108,43.179392,4380.954101,healthy,0,0,0,0,6.210572,0.415692,-0.603498,-0.546233,1.197539,-0.124934,-0.0027,-0.025603,1.0,198.95
211,cruise,3756.007747,70.011254,50.652563,99.877749,216.789118,677.776673,18.479984,0.200975,14.013294,41.194968,4612.195012,healthy,0,0,0,0,-1.085744,-0.373848,0.046688,-0.04769,-1.094766,-0.172026,-0.004466,-0.123968,1.0,198.945
212,cruise,3727.021017,67.236361,50.451621,99.751882,213.131235,683.093108,18.492423,0.209109,14.066241,40.16192,4498.450601,healthy,0,0,0,0,-3.538294,-0.331484,0.122258,-0.661164,-0.015424,-0.145232,0.001409,-0.030479,1.0,198.94
213,cruise,3738.873308,71.886755,50.746736,99.922734,214.043747,677.477008,18.202287,0.208184,13.961037,40.998826,4522.399763,healthy,0,0,0,0,-2.672954,0.259849,-0.283159,-0.351985,-1.289304,0.043418,-0.000323,0.080427,1.0,198.935
214,cruise,3735.269429,71.197414,51.551448,98.077728,216.88115,675.287727,17.979913,0.204817,13.583647,42.643492,4489.897075,healthy,0,0,0,0,-4.324593,-0.449392,-0.611258,-0.238928,-0.431824,-0.163769,-0.003739,0.0818,1.0,198.93
215,cruise,3721.585868,73.652653,49.934431,100.160934,211.297317,674.020067,18.081832,0.20839,14.102691,41.936426,4518.704305,healthy,0,0,0,0,-4.973096,-0.184593,-0.473577,0.455457,0.708429,0.06809,-0.006013,0.136006,1.0,198.925
216,cruise,3749.33472,65.832496,51.332964,97.920973,217.043429,678.359924,18.200731,0.201878,14.022446,41.670941,4420.657127,healthy,0,0,0,0,-5.345653,-0.643405,0.129794,-1.740804,-0.337517,-0.054389,-0.001227,0.159095,1.0,198.92
217,cruise,3723.957077,68.650819,51.543499,100.633214,217.631061,675.679385,18.378066,0.20877,13.991508,42.741218,4464.008117,healthy,0,0,0,0,1.529692,0.078203,-0.669693,0.961429,1.420849,-0.020503,-0.002711,0.047452,1.0,198.915
218,cruise,3760.277487,68.866194,51.529032,100.701656,213.983922,671.542426,18.387017,0.202934,13.706013,42.963182,4599.333173,healthy,0,0,0,0,0.196626,0.101548,-0.867144,-0.847656,1.322127,-0.133905,0.002613,0.09772,1.0,198.91
219,cruise,3732.791098,66.333099,50.340313,99.836209,216.227019,675.995343,18.313096,0.214334,14.109844,43.314337,4487.247289,healthy,0,0,0,0,-2.709246,-0.193012,0.334006,-0.908776,1.098011,-0.10602,-0.006723,-0.110215,1.0,198.905
220,cruise,3719.201744,69.527655,51.672957,99.767398,217.320316,674.174165,18.209873,0.207607,14.0371,42.482897,4613.098517,healthy,0,0,0,0,1.787616,-0.380694,0.045231,-0.125,0.01451,0.173328,0.004542,0.031333,1.0,198.9
221,cruise,3750.001316,73.328025,51.042364,98.213306,214.00255,671.308615,18.599982,0.214771,14.174448,42.067029,4534.046082,healthy,0,0,0,0,1.288687,0.393277,-0.071292,0.322418,1.657806,-0.150097,-0.004717,0.055937,1.0,198.895
222,cruise,3726.093814,70.380102,50.632206,98.67851,217.276867,675.975054,18.144733,0.213579,13.749113,41.792385,4547.990583,healthy,0,0,0,0,1.22046,-0.53753,0.157257,-2.239199,-0.125136,0.096201,-0.003721,0.003153,1.0,198.89
223,cruise,3759.80488,74.785478,51.166039,99.943081,216.767206,680.015435,18.400068,0.211145,13.688846,43.746009,4671.797949,healthy,0,0,0,0,-2.556449,0.211416,-0.429381,0.269007,0.779956,-0.098677,-0.010534,0.047493,1.0,198.885
224,cruise,3735.71236,67.419659,50.684516,97.307202,216.379381,672.985678,18.320185,0.207462,14.122228,40.198943,4455.840734,healthy,0,0,0,0,-3.134254,0.612822,0.16495,-0.359955,1.071051,-0.131585,-0.003315,0.103523,1.0,198.88
225,cruise,3735.553235,69.828546,50.567823,95.614861,211.601544,677.454919,18.315505,0.197058,14.101221,42.184133,4342.571152,healthy,0,0,0,0,-4.648356,-0.958891,-0.791931,-1.044347,-2.527097,-0.021029,-0.006091,-0.060075,1.0,198.875
226,cruise,3762.245636,66.397739,51.257513,96.664101,214.588787,690.290791,18.400633,0.197498,14.010195,41.832389,4464.38725,healthy,0,0,0,0,-0.39437,-0.586156,-0.542295,0.696328,0.157816,-0.015976,0.006343,-0.046744,1.0,198.87
227,cruise,3718.910948,68.395957,50.730515,98.683843,216.194565,672.158193,18.474982,0.205676,13.956206,40.686254,4445.406946,healthy,0,0,0,0,0.073138,0.354036,0.381582,0.392778,-0.132756,0.211043,0.002514,0.041641,1.0,198.865
228,cruise,3718.78304,66.097517,50.98252,98.040691,211.451311,681.266221,18.525767,0.199282,13.942983,43.318788,4515.316513,healthy,0,0,0,0,-1.844961,0.022866,-0.954288,0.320668,-0.811068,0.143297,-0.001132,-0.065255,1.0,198.86
229,cruise,3752.057509,62.447311,50.510688,96.899102,220.066024,681.247288,18.263639,0.204148,13.720737,43.693218,4539.884619,healthy,0,0,0,0,-0.006716,-0.603835,0.01971,0.638743,-0.329258,-0.143039,-0.005661,0.007416,1.0,198.855
230,cruise,3730.063249,68.300811,50.335785,99.244581,214.209219,681.427477,18.452635,0.207125,13.756692,43.087662,4505.249964,healthy,0,0,0,0,-3.682969,0.507609,0.598097,0.099951,0.774884,-0.216835,0.002316,0.047732,1.0,198.85
231,cruise,3737.417642,69.629355,50.299415,96.877435,214.883131,683.447894,18.404222,0.208623,14.040801,40.763015,4389.734288,healthy,0,0,0,0,3.384427,-0.196589,-0.571919,-0.768421,-1.068128,0.150092,0.007138,-0.049537,1.0,198.845
232,cruise,3732.097471,70.791779,50.908375,96.346314,210.74311,673.01455,18.298605,0.205994,13.800941,41.244326,4354.966486,healthy,0,0,0,0,-3.275176,-0.428043,-0.635687,-0.594976,-1.083763,0.037957,-0.002459,-0.130722,1.0,198.84
233,cruise,3722.756098,69.408466,50.637766,97.407216,212.78445,688.246839,18.162323,0.214973,13.938555,40.710466,4418.606509,healthy,0,0,0,0,2.943253,-0.474732,0.116617,-0.085773,0.147956,0.053827,-0.00308,0.083117,1.0,198.835
234,cruise,3718.480963,67.589562,50.78644,97.036642,217.737385,678.79741,18.442845,0.208717,13.972029,41.990875,4434.405519,healthy,0,0,0,0,-0.492247,0.259056,-0.002125,-0.606762,-0.831855,0.007926,0.00022,0.144666,1.0,198.83
235,cruise,3721.523214,68.730283,50.847319,96.525789,215.370925,674.660777,18.477425,0.210282,13.837661,42.574436,4559.815429,healthy,0,0,0,0,-0.943033,-0.058194,-0.988336,-0.036953,-0.466451,0.044124,-0.009772,0.069865,1.0,198.825
236,cruise,3715.964649,70.436875,50.81152,95.186523,218.457595,672.914489,18.464896,0.198593,14.027446,43.166039,4485.877354,healthy,0,0,0,0,-2.12282,-0.464154,-0.797399,-0.297071,0.842612,-0.100981,-0.001363,0.008033,1.0,198.82
237,cruise,3759.077286,67.874641,51.298285,99.10839,213.929809,673.56242,18.112869,0.208439,14.147743,41.112091,4680.370074,healthy,0,0,0,0,-2.26099,0.235735,-0.33299,0.230961,0.087301,-0.100792,0.001256,-0.057898,1.0,198.815
238,cruise,3773.324341,68.953868,50.959676,97.473072,216.10205,680.998588,18.424014,0.203807,13.707192,40.406453,4479.902357,healthy,0,0,0,0,2.953288,0.121258,-0.53295,-0.594476,-1.859351,-0.161128,0.002242,0.093255,1.0,198.81
239,cruise,3712.008447,69.502179,50.969885,97.957292,221.54277,676.932242,18.483583,0.202349,13.878641,42.175842,4564.918369,healthy,0,0,0,0,1.323495,0.209401,0.289285,-0.068487,0.863034,-0.110042,0.00412,-0.05467,1.0,198.805
240,cruise,3751.755186,64.810291,50.924218,95.968165,216.161875,675.208777,18.334678,0.206546,13.762996,42.786624,4478.374996,healthy,0,0,0,0,-3.688963,0.296338,-0.133268,-1.284157,0.422058,0.195704,0.003995,-0.093642,1.0,198.8
241,cruise,3729.386029,73.042495,50.22976,98.294674,215.986357,678.256922,18.366563,0.210465,13.778358,42.237026,4529.319223,healthy,0,0,0,0,0.219182,-0.014121,-0.032496,-0.568,0.28097,-0.170835,0.002202,-0.015526,1.0,198.795
242,cruise,3676.463774,71.391534,50.341225,103.280097,214.711913,677.716017,18.199608,0.207694,13.654704,42.62755,4456.678453,healthy,0,0,0,0,-0.082187,-0.542733,-0.055368,1.300987,0.51415,0.179573,-0.000525,0.003953,1.0,198.79
243,cruise,3742.385117,62.828035,50.767517,98.62205,214.586134,677.045768,18.256412,0.206693,14.001928,43.890751,4456.176148,healthy,0,0,0,0,2.370861,0.030834,-0.08708,-0.194166,1.578584,0.015936,-0.003982,0.105545,1.0,198.785
244,cruise,3728.408643,70.984833,51.511665,96.110768,209.820848,672.711485,18.515552,0.195918,13.853993,41.714382,4454.593792,healthy,0,0,0,0,0.560739,0.09514,-0.447855,0.590624,0.430926,-0.038879,0.00544,0.064254,1.0,198.78
245,cruise,3696.925208,71.090642,50.975287,98.778815,216.28664,670.045137,18.548843,0.20608,14.018375,43.849662,4543.964723,healthy,0,0,0,0,3.241884,0.572582,-0.292422,0.764844,-1.174642,0.137705,0.001862,-0.023605,1.0,198.775
246,cruise,3742.710623,70.660932,50.678291,100.705475,214.1463,675.462352,18.094549,0.199876,14.041019,42.459217,4465.706479,healthy,0,0,0,0,0.956308,0.164823,0.038762,0.138507,2.523022,0.039154,0.003421,-0.083538,1.0,198.77
247,cruise,3681.542761,71.711736,50.911667,96.016435,215.814719,675.953942,18.191717,0.207918,14.124703,41.384011,4513.944634,healthy,0,0,0,0,0.999045,0.360547,-0.813484,-0.843441,-0.697207,0.111178,0.000284,0.0276,1.0,198.765
248,cruise,3748.567442,66.282036,50.953256,94.973597,214.215684,684.181171,18.160037,0.210834,13.942832,39.634286,4452.169134,healthy,0,0,0,0,-3.721533,-0.591803,-0.307233,-1.963596,-0.137599,0.235415,-0.001902,-0.064533,1.0,198.76
249,cruise,3714.711516,70.533286,50.62506,95.81766,218.160145,680.096422,18.109093,0.206443,13.724092,42.30165,4480.036412,healthy,0,0,0,0,-0.441417,0.274588,-0.387025,0.090038,0.881135,-0.252915,0.000739,-0.05055,1.0,198.755
250,cruise,3724.282272,70.125575,50.288636,99.061604,215.543343,685.383035,18.462777,0.197863,14.006583,42.35544,4573.2946,healthy,0,0,0,0,-3.66524,0.49345,0.509999,1.228082,0.761946,0.041067,0.01145,-0.024141,1.0,198.75
251,cruise,3774.019202,71.181797,50.385416,99.736166,216.441347,677.989572,18.460914,0.210787,14.128861,43.031682,4445.35207,healthy,0,0,0,0,-3.890302,0.384434,0.709295,0.925677,-0.806516,0.167893,-0.000354,-0.011117,1.0,198.745
252,cruise,3737.4616,64.755923,50.49691,92.886358,215.747092,681.623266,18.134974,0.200755,14.083399,42.715282,4380.206472,healthy,0,0,0,0,2.576564,0.361898,-0.996302,-0.940538,1.371489,-0.155506,-0.001486,-0.026406,1.0,198.74
253,cruise,3745.785432,73.977145,50.814876,98.662853,210.395368,677.345267,18.079125,0.210203,13.723616,42.055853,4567.364842,healthy,0,0,0,0,2.841237,0.113116,0.358863,0.631631,0.118461,0.17827,-0.007106,-0.039644,1.0,198.735
254,cruise,3745.455027,73.555018,50.636034,98.453036,213.819121,675.114085,18.421357,0.19992,13.872949,41.766831,4504.908607,healthy,0,0,0,0,0.841119,0.056612,-0.476454,0.182546,-0.079795,-0.138244,0.008629,-0.083394,1.0,198.73
255,cruise,3728.283721,67.367329,50.440721,101.587268,223.197104,682.381203,18.276608,0.211383,14.024791,41.755029,4447.252935,healthy,0,0,0,0,-3.074673,-0.30677,-0.087083,-0.384595,2.029015,0.193826,-0.001928,-0.12968,1.0,198.725
256,cruise,3756.985806,69.338024,51.145305,97.606655,215.093089,672.00868,18.36452,0.201725,13.977814,41.937124,4678.856999,healthy,0,0,0,0,-4.229533,-0.537322,0.264858,-0.178886,0.490408,-0.018157,-0.00726,-0.016971,1.0,198.72
257,cruise,3740.328868,70.02397,50.54689,99.735128,215.166687,683.349304,18.31935,0.203805,13.893524,40.799003,4588.75789,healthy,0,0,0,0,-9.38498,-0.514337,0.070051,-0.686929,1.671837,-0.131078,0.004738,-0.063929,1.0,198.715
258,cruise,3701.786395,70.200538,50.590161,96.533027,217.733638,682.368506,18.452009,0.206237,13.969829,42.031097,4566.601351,healthy,0,0,0,0,0.609386,-0.166269,-0.767041,0.572372,-1.703273,-0.287225,0.001685,-0.012305,1.0,198.71
259,cruise,3765.241743,68.967493,50.74944,98.837188,214.870482,675.99224,18.397568,0.198665,13.882756,42.147706,4427.707791,healthy,0,0,0,0,3.894948,0.218598,0.40902,0.447802,1.420518,-0.088202,-0.000692,0.041963,1.0,198.705
260,cruise,3740.099979,66.476194,51.044158,96.612104,215.592449,676.956281,18.185019,0.211348,13.921547,43.152693,4499.532159,healthy,0,0,0,0,0.139022,0.44337,-0.200988,0.009705,-0.280173,0.077232,-0.001461,0.09077,1.0,198.7
261,cruise,3768.916468,66.145639,51.497582,96.908196,215.931272,667.688252,18.141368,0.211989,13.978052,40.844314,4363.63669,healthy,0,0,0,0,-2.819097,0.130807,-0.629365,0.631585,-0.130331,0.121878,0.003126,0.065313,1.0,198.695
262,cruise,3739.697986,73.634964,51.060613,96.271529,213.63584,678.259338,18.308072,0.204716,13.860073,42.562669,4393.449738,healthy,0,0,0,0,-1.711698,-0.134445,-0.424109,0.136345,0.650952,0.059429,-0.006302,0.219551,1.0,198.69
263,cruise,3710.053761,70.247088,50.678506,97.760136,217.872339,668.149714,18.221407,0.208843,14.052375,40.50026,4509.415475,healthy,0,0,0,0,-3.223183,-0.210265,-0.638172,1.586583,-1.20597,0.273585,-0.005094,0.048625,1.0,198.685
264,cruise,3742.611813,70.114322,51.372332,101.106924,218.561632,686.16819,18.347989,0.20328,14.038212,40.831333,4319.443745,healthy,0,0,0,0,-1.551775,0.421389,0.105992,0.19827,0.395728,0.082268,0.001362,0.051961,1.0,198.68
265,cruise,3711.95435,68.950717,50.995292,98.629664,216.332146,677.774225,17.906787,0.208613,13.930281,42.966289,4539.900984,healthy,0,0,0,0,-2.663162,-0.112609,0.296939,-1.069207,0.743522,0.117837,-0.006305,0.121436,1.0,198.675
266,cruise,3712.080011,63.427895,50.94621,97.353382,217.05288,679.319729,18.489827,0.211037,13.982047,42.265201,4400.327425,healthy,0,0,0,0,-1.909731,0.376405,0.60993,0.336824,0.901269,0.017734,-0.009144,-0.089282,1.0,198.67
267,cruise,3688.184628,67.697256,50.74374,96.436732,215.513778,678.999477,18.621697,0.196625,13.957009,42.412259,4575.580942,healthy,0,0,0,0,3.277679,-0.018852,-1.146561,1.281257,0.303842,-0.124966,-0.008559,0.080531,1.0,198.665
268,cruise,3708.858052,65.291279,51.243229,99.917757,215.7426,674.594728,18.234524,0.204309,13.833675,42.233771,4447.519488,healthy,0,0,0,0,-2.478815,1.29736,-0.532315,1.014875,-1.139894,0.122712,-0.0062,0.058578,1.0,198.66
269,cruise,3731.234528,68.807429,50.967757,98.344514,213.507764,684.069031,18.205156,0.210962,13.800793,42.276991,4469.601383,healthy,0,0,0,0,5.200365,0.17304,0.875556,-0.212358,0.843779,-0.178762,0.001196,-0.158618,1.0,198.655
270,cruise,3749.964656,65.680036,50.776738,95.686638,215.649865,674.131521,18.512445,0.212027,13.89033,42.187601,4506.179704,healthy,0,0,0,0,2.165704,0.253715,-0.483367,-0.191843,-1.90511,0.267671,-0.010608,0.058508,1.0,198.65
271,cruise,3753.023793,75.861586,50.036072,100.862598,214.266277,679.061307,18.176181,0.198795,14.10195,40.420361,4436.08069,healthy,0,0,0,0,-0.931304,0.006814,0.191782,-0.186112,-0.532844,-0.237658,0.003205,-0.0734,1.0,198.645
272,cruise,3761.795416,69.487704,51.333408,95.234117,217.353251,677.190232,18.338861,0.211404,14.138383,41.768144,4523.011779,healthy,0,0,0,0,-2.688904,0.232627,-0.076893,-0.851933,0.405206,-0.214982,-0.005288,-0.097312,1.0,198.64
273,cruise,3730.960158,69.680338,50.522724,97.759498,212.633771,673.440427,18.536004,0.201113,13.952093,40.797516,4406.703231,healthy,0,0,0,0,0.382402,0.206826,0.300138,-0.335183,2.423995,0.17129,-0.007987,0.018496,1.0,198.635
274,cruise,3710.738044,64.833039,51.707268,97.189481,214.37068,680.003733,18.400463,0.202488,14.112203,42.258462,4556.81757,healthy,0,0,0,0,-0.433867,0.243814,-0.578786,-0.754795,-1.676548,0.013652,-0.007026,-0.097362,1.0,198.63
275,cruise,3723.84464,72.59767,51.80052,98.700936,213.176405,676.44981,18.364423,0.20851,13.825764,40.711866,4378.923591,healthy,0,0,0,0,-2.353283,-0.727239,-1.246974,0.186025,-0.278227,-0.192173,0.003633,-0.063795,1.0,198.625
276,cruise,3692.332183,66.809444,51.040122,96.39896,216.932948,669.921733,18.271781,0.201004,13.957605,42.832823,4506.845293,healthy,0,0,0,0,3.15599,-0.496931,-0.398197,0.472491,0.054831,-0.068461,-0.000163,0.033069,1.0,198.62
277,cruise,3731.478977,68.806145,51.159146,97.890122,213.9851,673.690047,18.679043,0.218191,14.036305,41.466249,4438.432238,healthy,0,0,0,0,0.330018,0.472525,-0.61701,0.093713,0.317061,0.17942,-0.009073,-0.05196,1.0,198.615
278,cruise,3716.45488,65.662228,49.802234,101.180612,217.228407,682.501036,18.495391,0.203264,13.775829,41.906166,4584.79558,healthy,0,0,0,0,-3.983033,-0.10399,0.002769,0.989648,-2.108104,0.079518,-0.00705,0.030273,1.0,198.61
279,cruise,3693.309491,73.903294,50.934237,102.859599,212.818761,685.058025,18.049575,0.202474,14.061364,40.802822,4421.655996,healthy,0,0,0,0,-3.60879,-0.194309,-0.714067,0.574416,-0.114172,-0.09988,0.003827,0.058341,1.0,198.605
280,cruise,3730.310485,67.940192,51.312559,93.915803,215.535179,674.547828,18.409826,0.208471,14.121541,42.554242,4599.473207,healthy,0,0,0,0,2.293834,-0.38367,-0.56044,0.669832,2.070876,0.246136,-0.003263,0.150848,1.0,198.6
281,cruise,3681.810271,71.163304,50.157696,97.503553,212.94399,683.156064,18.150774,0.201791,13.925232,40.593849,4492.68725,healthy,0,0,0,0,-1.59194,0.063831,0.621534,0.184495,0.21302,0.127127,0.006673,-0.028492,1.0,198.595
282,cruise,3736.386681,70.057261,50.8839,97.178857,217.709662,687.966274,18.036108,0.216951,13.886371,41.351502,4575.592822,healthy,0,0,0,0,4.934895,0.637125,0.964513,0.47355,-2.740513,-0.042505,0.00945,-0.082628,1.0,198.59
283,cruise,3735.943978,75.696972,51.325982,100.276743,212.679882,670.312937,17.999106,0.216859,13.994484,41.907757,4401.262024,healthy,0,0,0,0,-6.525773,-0.028642,0.521142,-0.470739,2.742694,-0.024738,-0.006771,0.001806,1.0,198.585
284,cruise,3730.552611,69.422744,51.071803,93.27054,217.363016,674.620584,18.4769,0.20707,13.76556,42.84726,4326.616932,healthy,0,0,0,0,-0.041243,0.3109,0.519023,-0.205742,0.940298,-0.023203,-0.00507,-0.056546,1.0,198.58
285,cruise,3743.774964,65.719498,50.620295,97.519408,218.426579,677.948654,18.433807,0.214907,14.235479,41.200151,4554.924501,healthy,0,0,0,0,3.713588,0.406138,0.507523,-0.068176,-1.033086,0.175549,0.002588,0.050765,1.0,198.575
286,cruise,3708.734936,72.25843,51.138683,95.04658,216.851659,673.812796,18.229831,0.205686,13.997722,42.299421,4559.414281,healthy,0,0,0,0,-0.255726,-0.227601,0.763263,0.585824,-0.667677,0.315691,0.003936,-0.076595,1.0,198.57
287,cruise,3705.179771,70.617803,50.604347,96.275706,218.67881,680.456324,18.196869,0.202332,13.822173,41.319878,4463.216692,healthy,0,0,0,0,-0.547103,0.099513,0.308885,0.339778,-0.110718,0.088977,-0.00666,0.228334,1.0,198.565
288,cruise,3712.637595,67.723971,50.782701,95.497467,217.063422,674.235252,18.213208,0.201377,13.835945,41.235667,4556.353951,healthy,0,0,0,0,-1.8973,0.224634,0.861071,1.754789,-0.663903,-0.089304,0.006033,-0.120758,1.0,198.56
289,cruise,3736.09287,69.257741,50.757576,97.925577,218.842679,674.99659,18.424418,0.208965,13.597482,42.153863,4648.672373,healthy,0,0,0,0,-3.419716,0.25843,-0.136775,-1.306117,-0.536757,-0.208028,-0.000493,-0.111774,1.0,198.555
290,cruise,3732.138216,62.56553,49.234088,96.513983,212.888731,678.95058,18.228081,0.202402,13.934441,44.825568,4433.872311,healthy,0,0,0,0,-2.441295,-0.216974,0.882173,-0.331438,1.189882,0.132584,-0.004017,-0.237761,1.0,198.55
291,cruise,3734.383698,69.994992,51.066904,96.36189,215.465711,677.741958,18.316319,0.205387,14.034471,41.684074,4454.985406,healthy,0,0,0,0,-4.50387,-0.18002,0.126302,-2.249925,1.006477,-0.089521,-0.0009,-0.103237,1.0,198.545
292,cruise,3724.769474,64.855766,50.983017,98.818036,217.174261,681.671871,18.388801,0.217744,14.026107,41.974833,4328.704852,healthy,0,0,0,0,0.176541,-0.9348,-0.529966,-0.767343,1.008739,0.048208,-0.001031,0.072217,1.0,198.54
293,cruise,3719.45855,75.18881,50.624748,97.738139,218.650373,681.116952,18.356569,0.198833,14.024836,43.196931,4407.882769,healthy,0,0,0,0,-5.174654,-0.042729,0.816715,0.232464,2.773118,0.035692,0.004158,-0.054825,1.0,198.535
294,cruise,3727.875055,70.799401,51.032124,100.789046,215.012384,685.72936,18.485418,0.213625,13.917542,41.798883,4560.261143,healthy,0,0,0,0,-0.453946,0.181407,-0.037101,-1.724178,-0.529143,-0.223002,0.005941,0.00993,1.0,198.53
295,cruise,3744.219116,76.278963,51.017017,96.803877,217.553814,685.158077,18.098632,0.201821,13.819674,41.331709,4592.176281,healthy,0,0,0,0,2.528,0.997135,0.169037,0.077818,0.660859,-0.039305,-0.004011,-0.052354,1.0,198.525
296,cruise,3747.403694,68.884267,50.660102,98.079682,219.39475,672.441802,18.128505,0.208897,14.165862,42.648117,4529.937226,healthy,0,0,0,0,-0.566896,0.034981,0.793965,0.181622,-0.142108,-0.03112,-0.004535,-0.05334,1.0,198.52
297,cruise,3737.537364,70.005406,50.590486,99.632176,218.012168,684.123897,18.32646,0.206157,14.141662,42.656386,4299.014721,healthy,0,0,0,0,0.805149,0.332492,-0.357277,-0.022336,-0.867016,0.034277,-0.001222,0.151156,1.0,198.515
298,cruise,3766.777471,68.726244,50.372384,96.794027,218.664344,686.81642,18.03774,0.206082,14.103096,41.306717,4719.493798,healthy,0,0,0,0,0.946732,0.1524,-0.219647,-1.183098,0.862774,0.204379,0.003728,0.020142,1.0,198.51
299,cruise,3724.686899,69.096307,51.128472,96.153178,211.889866,681.744835,18.151553,0.203713,13.792146,42.895534,4545.616731,healthy,0,0,0,0,-1.717497,-0.106955,0.323801,-0.331328,3.657312,0.094061,0.0047,-0.196306,1.0,198.505
300,cruise,3732.070173,69.349921,50.809267,95.794281,214.381456,681.82728,18.35882,0.209247,13.909216,40.447449,4604.266648,healthy,0,0,0,0,-3.855654,-0.234529,-0.240126,0.166179,0.752493,-0.179457,-0.00122,0.148196,1.0,198.5
301,cruise,3714.6448,71.415391,51.398822,96.234738,213.94322,672.746383,18.31498,0.203479,14.062831,40.741861,4662.980686,healthy,0,0,0,0,5.010732,0.565503,0.616823,0.187488,-0.841614,-0.277704,-0.006358,0.084294,1.0,198.495
302,cruise,3740.615573,66.95882,51.000811,96.728816,211.707342,676.212817,18.242957,0.207137,13.801951,41.972703,4530.829938,healthy,0,0,0,0,-2.782828,-0.467531,-0.392598,0.049541,-1.369336,0.011114,0.005236,-0.028374,1.0,198.49
303,cruise,3704.490297,69.493561,51.471101,98.4358,213.095622,678.282668,18.327233,0.211155,13.961822,41.601885,4537.999247,healthy,0,0,0,0,4.803602,-0.140497,-0.246508,1.213549,-0.469691,0.081286,-0.004083,-0.033642,1.0,198.485
304,cruise,3716.215905,66.609938,50.497717,99.521218,216.38115,675.985872,18.204511,0.212638,13.7499,41.43986,4408.108564,healthy,0,0,0,0,-2.565895,0.57271,0.383975,-1.265197,0.639657,0.054565,-0.001993,-0.050941,1.0,198.48
305,cruise,3706.658351,69.610471,50.1255,97.313571,214.761282,678.767666,18.481727,0.203859,13.688956,42.111282,4423.71392,healthy,0,0,0,0,2.724758,-0.112726,0.014702,-0.767127,1.230968,0.119202,-0.00825,0.16635,1.0,198.475
306,cruise,3720.822428,68.827847,50.362625,97.435649,216.656214,678.860479,18.553586,0.206135,14.05661,41.32577,4613.862583,healthy,0,0,0,0,1.489854,0.223628,-0.012032,0.134376,-0.33169,0.062152,-0.001061,0.070118,1.0,198.47
307,cruise,3733.676041,74.3231,51.200522,100.355014,214.428679,683.606683,18.437178,0.199748,14.199786,41.692732,4547.11343,healthy,0,0,0,0,0.617715,-0.062149,-0.44846,-1.341149,-1.378508,0.269773,0.001007,-0.026462,1.0,198.465
308,cruise,3752.925328,66.0879,50.875983,96.693468,217.147247,678.637736,18.213078,0.207527,13.961568,41.329912,4451.567137,healthy,0,0,0,0,0.021053,0.35235,0.53783,0.170493,-1.413515,-0.011133,-0.000754,-0.07346,1.0,198.46
309,cruise,3716.790866,66.326202,51.432743,97.399958,221.465884,676.477714,18.440496,0.212194,13.974323,40.019273,4525.734942,healthy,0,0,0,0,2.536424,0.211447,-0.114437,0.502301,1.082509,0.049035,0.007176,-0.008394,1.0,198.455
310,cruise,3753.37836,64.890692,51.657055,96.483264,212.808704,679.687682,18.545402,0.214978,13.588805,41.068278,4534.535397,healthy,0,0,0,0,2.078552,-0.107821,0.429408,0.746262,0.391159,0.062718,-0.003663,-0.088745,1.0,198.45
311,cruise,3700.526199,65.886861,50.346147,97.492979,219.799568,672.227355,18.044541,0.20451,13.956777,41.004978,4573.604325,healthy,0,0,0,0,-5.958298,0.125735,-0.15774,0.479746,-3.145104,-0.283205,0.003453,-0.233452,1.0,198.445
312,cruise,3729.155374,70.576822,51.759865,103.499342,215.869532,679.983535,18.349482,0.203359,13.87439,41.969559,4498.145988,healthy,0,0,0,0,3.38535,-0.407215,0.655306,-0.650132,-0.694955,-0.014393,0.002503,-0.028538,1.0,198.44
313,cruise,3731.936444,71.724725,51.736229,97.441528,212.157816,685.06152,18.007775,0.204279,13.779518,41.786244,4479.735413,healthy,0,0,0,0,-3.250095,-0.254687,-0.131535,-0.443038,-0.901646,-0.042879,-0.002305,0.011791,1.0,198.435
314,cruise,3739.662795,72.878563,50.662332,95.760658,218.26589,677.741599,18.142821,0.2062,13.964399,39.621631,4491.002376,healthy,0,0,0,0,3.30399,-0.703336,0.583135,-0.753899,2.198578,0.514583,-0.002595,0.043287,1.0,198.43
315,cruise,3688.493731,69.852986,51.026147,96.375718,215.297688,683.968392,18.291025,0.205267,13.850321,43.130461,4488.558848,healthy,0,0,0,0,-1.26279,-0.066051,0.088077,-0.698726,1.108243,-0.156161,-0.003601,0.051169,1.0,198.425
316,cruise,3701.080887,71.304076,50.799057,98.186595,214.720789,669.73356,18.065757,0.21411,13.972629,43.163375,4608.223574,healthy,0,0,0,0,1.090875,-0.324473,0.34839,-0.105449,-0.367821,-0.13376,-0.000775,-0.078812,1.0,198.42
317,cruise,3714.611538,73.241896,51.147444,96.556719,215.599624,676.270611,18.427642,0.207669,13.795565,42.091756,4509.722475,healthy,0,0,0,0,1.421377,1.163016,0.221918,-0.677701,0.947192,0.078504,0.007078,-0.129238,1.0,198.415
318,cruise,3739.016775,65.620691,51.012667,94.524306,212.465696,679.239331,18.664656,0.202494,13.952866,39.910693,4528.658127,healthy,0,0,0,0,0.425495,-0.562389,0.474337,0.747354,0.566797,0.035723,0.003897,-0.0197,1.0,198.41
319,cruise,3734.798715,62.643416,50.348685,95.400209,217.393015,679.955709,18.398584,0.204617,13.969204,42.29159,4574.844326,healthy,0,0,0,0,-1.669913,0.405657,0.14418,0.643529,3.069636,-0.130219,0.000145,-0.062094,1.0,198.405
320,cruise,3723.196521,67.752151,50.550349,94.731926,211.412721,667.690221,18.539999,0.211849,13.949871,41.301542,4389.34396,healthy,0,0,0,0,3.03853,-0.067297,0.249156,0.63772,1.544491,-0.228892,0.000931,-0.163705,1.0,198.4
321,cruise,3738.532541,71.396902,50.780817,100.281835,216.542636,680.207819,18.10697,0.203776,13.977137,42.667945,4654.714456,healthy,0,0,0,0,-2.097561,0.225725,-0.307903,-0.154286,2.149947,0.02761,-0.008069,0.140028,1.0,198.395
322,cruise,3775.315307,68.308576,50.54852,97.768608,216.137839,682.709719,18.214127,0.209974,14.056742,41.722736,4390.670986,healthy,0,0,0,0,-1.296755,-0.84607,0.656286,-1.0059,-1.768942,-0.061537,0.003848,0.063684,1.0,198.39
323,cruise,3726.234869,70.644045,50.262165,96.873596,214.986875,681.64776,18.42442,0.200597,14.050862,42.366334,4408.332496,healthy,0,0,0,0,-5.17228,-0.298815,1.252316,0.245677,-1.450409,-0.169926,-0.003818,-0.00035,1.0,198.385
324,cruise,3708.569346,67.377092,50.858251,98.527155,211.159796,687.14524,17.95196,0.214683,14.075179,44.979794,4615.104036,healthy,0,0,0,0,1.867757,-0.051291,-0.587938,0.320211,-0.843964,-0.101722,0.004049,0.028592,1.0,198.38
325,cruise,3743.764115,69.640691,50.660281,98.32331,215.236352,682.730836,18.22559,0.224823,13.939637,39.608518,4523.124603,healthy,0,0,0,0,-2.545845,0.261618,1.298624,-0.354912,-0.331077,0.061328,-0.001267,-0.015085,1.0,198.375
326,cruise,3748.399785,73.328849,50.365879,98.525032,214.553909,679.249174,17.942157,0.198659,13.871576,42.030662,4434.23194,healthy,0,0,0,0,-1.233348,-0.629815,-0.859897,0.619999,0.120247,-0.004321,0.002276,0.069654,1.0,198.37
327,cruise,3728.457889,64.19761,51.301113,99.105307,213.896123,679.686937,18.295142,0.207884,14.037232,41.120677,4496.475242,healthy,0,0,0,0,-1.21645,-0.572904,0.373072,0.656385,0.594646,0.012465,0.008264,0.068897,1.0,198.365
328,cruise,3709.264637,69.329621,50.534975,94.217259,213.961366,674.143509,18.1756,0.202231,14.000164,43.357299,4395.401399,healthy,0,0,0,0,0.114755,0.140794,-0.214615,-0.024381,0.32402,0.135262,-0.005854,-0.019157,1.0,198.36
329,cruise,3721.748798,72.851681,50.920323,101.908886,214.226163,671.037512,18.511045,0.216887,14.01123,42.431556,4483.067836,healthy,0,0,0,0,-0.484232,0.797149,0.039128,0.545078,0.636408,-0.130675,-0.001861,-0.015478,1.0,198.355
330,cruise,3727.840789,72.877539,51.239078,96.852896,216.437868,679.792409,18.200842,0.204549,14.154742,41.419381,4389.873141,healthy,0,0,0,0,-0.779453,0.372181,-0.191033,-0.160132,-0.127704,0.082555,0.00234,-0.002363,1.0,198.35
331,cruise,3752.628588,70.160934,50.977453,98.91729,215.365827,682.07008,18.157155,0.205923,14.160767,41.246199,4540.736133,healthy,0,0,0,0,3.750752,-0.034698,0.042847,0.218909,0.185284,0.217396,-0.002128,0.07106,1.0,198.345
332,cruise,3709.762664,70.06435,50.739275,98.803032,216.364521,676.061693,17.974942,0.217203,13.819632,43.42107,4575.811529,healthy,0,0,0,0,-3.046867,-0.354667,-0.693772,0.432594,0.877971,0.479977,-0.00143,-0.017772,1.0,198.34
333,cruise,3733.073805,67.594819,51.384317,97.838333,213.789073,688.731611,18.105555,0.207727,14.098708,42.704541,4513.225912,healthy,0,0,0,0,3.121469,-0.140576,-0.664335,-0.338176,1.403223,-0.03577,0.000707,0.098029,1.0,198.335
334,cruise,3707.120759,68.072519,51.446726,97.448859,213.92727,685.537349,18.097448,0.208639,13.817367,41.407215,4456.847168,healthy,0,0,0,0,-0.408318,-0.164727,0.529205,0.410176,0.890063,-0.015449,0.001101,-0.014236,1.0,198.33
335,cruise,3742.03787,66.987282,51.226713,97.728347,218.987758,676.475056,18.348988,0.197627,13.944181,43.430346,4504.022306,healthy,0,0,0,0,3.062418,-0.319605,-0.561572,-0.748261,-0.550137,0.084385,0.000723,0.080482,1.0,198.325
336,cruise,3713.805043,67.033076,51.706498,96.111334,217.727193,672.650089,18.304175,0.200067,13.927285,42.726793,4528.536358,healthy,0,0,0,0,2.837339,0.683769,-0.096217,-0.846017,0.000544,0.174708,-0.008203,-0.018907,1.0,198.32
337,cruise,3707.062874,67.592559,51.359141,99.51538,216.424197,670.91671,18.228257,0.215541,13.943581,41.60725,4573.941376,healthy,0,0,0,0,-0.125892,0.024808,-0.094797,0.732405,-0.039318,-0.09974,0.004103,0.015787,1.0,198.315
338,cruise,3734.148782,66.406369,51.717463,98.612934,214.823233,681.967864,18.493578,0.20221,13.613779,42.099286,4357.142108,healthy,0,0,0,0,7.732269,-0.099574,0.80286,0.077517,1.022401,0.010957,0.000877,-0.111152,1.0,198.31
339,cruise,3682.155044,72.95398,51.305308,96.661721,212.6693,677.382735,18.445937,0.205597,14.069111,42.145292,4559.951,healthy,0,0,0,0,-1.547607,0.402624,-0.136069,0.432086,0.40512,-0.031662,-0.006583,-0.063601,1.0,198.305
340,cruise,3727.184089,67.465209,52.11678,94.683856,217.912803,677.112833,18.198302,0.212285,13.896752,43.199999,4536.885256,healthy,0,0,0,0,0.941031,-0.062087,-0.404111,-0.103788,-0.706834,-0.21406,-0.000246,0.073634,1.0,198.3
341,cruise,3732.166209,66.61881,50.363504,101.322488,219.282603,689.696643,18.402706,0.208187,14.062687,40.531561,4571.075569,healthy,0,0,0,0,-2.076641,0.048312,0.026602,0.293921,1.137879,0.047597,0.000103,0.050247,1.0,198.295
342,cruise,3717.723388,67.686074,50.358841,99.998992,214.828345,683.043652,18.23027,0.21023,13.604634,41.712637,4458.947147,healthy,0,0,0,0,1.016685,0.147714,0.074155,0.339738,0.373542,0.107973,0.001286,0.101314,1.0,198.29
343,cruise,3736.979728,69.221407,51.168782,94.070534,215.230341,676.014468,18.196771,0.208505,13.988795,42.584948,4664.973367,healthy,0,0,0,0,-3.299539,-0.175877,0.525838,0.638219,0.534727,-0.350893,-0.000298,-0.128168,1.0,198.285
344,cruise,3749.164234,66.798381,50.290449,98.168244,218.254776,683.048382,18.370833,0.217173,13.858358,41.886809,4453.332822,healthy,0,0,0,0,-3.487025,-0.508224,0.132451,0.119452,-0.521104,-0.134312,-0.00052,0.055289,1.0,198.28
345,cruise,3717.843782,62.689335,50.961886,99.069701,215.545082,670.62881,17.963489,0.201345,14.204377,43.288721,4514.311972,healthy,0,0,0,0,2.800658,0.75196,-0.438846,-1.476862,-0.744333,-0.460881,-0.004409,0.047302,1.0,198.275
346,cruise,3701.872885,66.76633,50.873393,100.198482,216.680025,674.302426,18.201262,0.208067,13.873962,42.522813,4518.488967,healthy,0,0,0,0,-4.049476,-0.275713,0.609984,-0.306308,1.571487,0.062235,-0.00292,-0.027778,1.0,198.27
347,cruise,3739.760708,72.447077,51.244641,94.616553,216.639683,675.552401,18.209261,0.18576,13.852643,40.472087,4512.425876,healthy,0,0,0,0,3.708488,-0.239356,-0.765772,-0.265266,-0.147121,0.193047,-0.011896,0.040857,1.0,198.265
348,cruise,3718.228333,70.570499,50.893733,100.748123,213.879964,688.65093,18.437084,0.208438,14.077733,39.890096,4451.536755,healthy,0,0,0,0,-0.352794,0.0475,-0.554508,0.968575,-1.074438,-0.045364,0.000173,0.103168,1.0,198.26
349,cruise,3751.291621,62.566245,50.967108,94.88371,216.145982,672.201505,18.471243,0.2097,14.380828,41.81694,4527.105663,healthy,0,0,0,0,1.472765,-0.24188,0.159103,1.268309,2.694014,-0.022823,0.000976,-0.131557,1.0,198.255
350,cruise,3724.745146,75.712993,50.857763,97.804439,213.497912,679.631192,17.995136,0.24599,13.971453,41.790986,4384.896327,vibration_bearing_fault,1,3,350,900,3.75833,0.447893,-0.284159,0.944321,0.612453,0.221324,-0.000456,-0.015005,1.0,198.25
351,cruise,3727.671116,65.02399,51.396054,98.660114,212.619694,671.38378,18.200212,0.156486,13.7923,42.948979,4750.381363,vibration_bearing_fault,1,3,350,900,1.81173,-0.783069,0.028816,0.535449,-0.459258,-0.044162,0.011345,0.023105,0.993939,198.245
352,cruise,3733.471915,70.280317,50.787485,100.336709,210.225956,681.137964,18.40772,0.272636,13.85033,39.959719,4439.320473,vibration_bearing_fault,1,3,350,900,-1.766854,-0.034042,0.699675,-0.48945,-2.074079,-0.055656,0.017112,-0.011646,0.987879,198.24
353,cruise,3755.939252,76.847675,51.665689,96.163128,215.496221,678.209121,18.191468,0.32517,13.794358,42.354612,4463.849431,vibration_bearing_fault,1,3,350,900,-1.82322,-0.125087,0.012877,-0.648531,-0.04776,0.047437,0.028847,0.054471,0.981818,198.235
354,cruise,3746.516765,71.018993,50.671647,98.754238,214.750142,683.335969,18.269908,0.262985,14.235786,41.997701,4524.098152,vibration_bearing_fault,1,3,350,900,5.665511,0.712869,0.074609,0.75652,-1.058368,0.041607,0.032395,0.043814,0.975758,198.23
355,cruise,3710.611728,71.852543,51.638988,99.190262,216.47755,677.976541,18.158247,0.20533,14.163255,41.822317,4458.175719,vibration_bearing_fault,1,3,350,900,4.523682,0.374208,-0.076902,0.564232,-1.322525,0.019412,0.046917,0.084866,0.969697,198.225
356,cruise,3727.795826,72.023253,50.689995,103.207975,215.137922,667.265257,18.482962,0.252564,13.648436,43.433576,4427.596216,vibration_bearing_fault,1,3,350,900,-5.271259,0.382213,-0.006089,-0.734702,1.182679,-0.043954,0.050705,0.071889,0.963636,198.22
357,cruise,3703.705441,68.011808,51.147247,99.5258,217.513054,675.152878,18.338443,0.265247,14.044419,44.757037,4480.641291,vibration_bearing_fault,1,3,350,900,0.392913,0.306516,-0.102065,0.522423,2.151449,0.023373,0.059618,-0.036742,0.957576,198.215
358,cruise,3753.56118,71.861471,50.518704,93.818848,215.701507,683.850521,18.092596,0.30864,13.971082,42.375203,4456.865476,vibration_bearing_fault,1,3,350,900,0.724857,0.271816,0.14776,-0.065808,0.612803,0.029244,0.079506,0.025783,0.951515,198.21
359,cruise,3685.678034,67.588756,51.5995,95.804038,212.097294,673.718072,18.328275,0.32503,13.803025,40.403303,4566.484026,vibration_bearing_fault,1,3,350,900,-0.558589,-0.183606,0.88773,0.269523,-2.23724,0.330401,0.07809,0.017691,0.945455,198.205
360,cruise,3694.132798,70.510454,50.313209,98.151273,217.493251,676.03103,18.452364,0.385118,13.814191,40.741036,4353.783745,vibration_bearing_fault,1,3,350,900,1.533549,0.29876,0.82152,-0.762308,1.298319,0.181845,0.085766,0.067478,0.939394,198.2
361,cruise,3743.284634,70.313312,50.625412,94.895644,216.832172,669.242874,18.191122,0.298968,13.870592,42.393562,4448.244347,vibration_bearing_fault,1,3,350,900,4.08472,0.155175,-0.004945,-1.497023,0.879886,0.01937,0.098249,0.115125,0.933333,198.195
362,cruise,3722.704653,72.182303,51.198886,98.361997,215.67621,675.427858,18.380892,0.265836,14.052898,42.222467,4488.679824,vibration_bearing_fault,1,3,350,900,-0.326189,-0.432491,-0.384779,-0.196798,0.604914,-0.255762,0.10314,0.061617,0.927273,198.19
363,cruise,3742.508055,66.580386,50.311198,97.11021,214.559805,670.122527,17.918373,0.290186,13.950854,42.661428,4506.13756,vibration_bearing_fault,1,3,350,900,3.738976,0.212809,0.229672,0.771713,0.150567,-0.285691,0.107273,0.011154,0.921212,198.185
364,cruise,3750.075562,67.103552,51.463345,102.314764,213.876603,685.479629,18.384237,0.257572,13.961331,40.831993,4483.057045,vibration_bearing_fault,1,3,350,900,3.345582,-0.757988,-0.64785,0.530775,-1.724329,-0.142375,0.121729,0.091708,0.915152,198.18
365,cruise,3693.366819,67.392748,50.966494,98.836519,213.712951,679.385619,18.005996,0.352875,13.848232,42.99943,4355.230358,vibration_bearing_fault,1,3,350,900,-0.862002,-0.594167,-0.264371,1.033763,-0.012731,-0.186953,0.131249,-0.118895,0.909091,198.175
366,cruise,3740.088428,62.899835,50.647588,98.855063,215.7575,675.384427,18.220237,0.265523,14.208371,42.995707,4474.57708,vibration_bearing_fault,1,3,350,900,0.949966,0.450295,0.910609,-0.169532,-1.343009,0.124578,0.13113,0.063564,0.90303,198.17
367,cruise,3803.414262,73.012011,50.808436,98.432719,215.487799,685.636755,18.490951,0.281645,13.769473,42.854563,4407.811866,vibration_bearing_fault,1,3,350,900,2.906024,-0.212352,0.009635,-0.75533,2.754714,-0.227379,0.143632,-0.126223,0.89697,198.165
368,cruise,3706.094514,69.255837,49.99183,98.003884,211.413407,677.980652,18.435189,0.357979,14.139262,41.865984,4496.165768,vibration_bearing_fault,1,3,350,900,6.386518,0.46046,0.539207,-0.26267,-1.088007,0.114958,0.155185,0.087416,0.890909,198.16
369,cruise,3711.157787,69.021817,51.074439,95.900639,216.956452,676.965172,18.212021,0.296654,14.150025,43.772875,4556.625691,vibration_bearing_fault,1,3,350,900,3.653298,-0.56617,0.149066,0.947537,-1.866908,0.176614,0.157604,-0.030709,0.884848,198.155
370,cruise,3729.009526,69.384721,50.502564,97.887956,211.370218,680.426097,18.294105,0.314595,13.86431,41.296825,4508.10836,vibration_bearing_fault,1,3,350,900,4.174081,-0.353525,0.739881,-1.125463,0.659385,-0.083071,0.170346,0.04462,0.878788,198.15
371,cruise,3774.849635,70.909998,51.411924,98.490173,217.035622,679.585941,18.040003,0.312878,13.756379,41.002618,4458.408573,vibration_bearing_fault,1,3,350,900,-2.712074,0.52907,0.373146,1.076812,-2.016427,0.096167,0.180344,-0.077368,0.872727,198.145
372,cruise,3705.63222,67.236986,50.929759,96.884302,212.428658,673.104988,18.171037,0.378443,14.074323,41.83274,4379.216434,vibration_bearing_fault,1,3,350,900,-1.812039,-0.007784,-0.235507,-0.366662,0.320087,-0.145584,0.194173,-0.04895,0.866667,198.14
373,cruise,3714.941248,69.93932,50.688874,96.156231,215.587285,680.72431,18.690419,0.445144,13.79958,41.543621,4434.94472,vibration_bearing_fault,1,3,350,900,-0.301816,0.229781,0.778501,1.392786,0.100404,0.036837,0.196012,-0.028599,0.860606,198.135
374,cruise,3781.4246,65.623509,50.902611,99.936776,220.742723,679.306023,18.442921,0.424068,14.064506,43.238015,4639.977954,vibration_bearing_fault,1,3,350,900,3.014022,-0.354301,0.077952,0.546124,1.862108,-0.041333,0.200338,0.05425,0.854545,198.13
375,cruise,3708.831644,65.892393,50.921878,97.535821,212.88001,682.213763,18.004786,0.480945,14.041778,41.91315,4465.758128,vibration_bearing_fault,1,3,350,900,1.180247,0.462633,0.494913,-0.273504,0.374881,-0.075807,0.213103,0.115301,0.848485,198.125
376,cruise,3878.557676,71.549596,50.935708,95.974208,215.740544,683.987586,18.174233,0.35594,13.692435,41.480936,4454.750273,vibration_bearing_fault,1,3,350,900,1.028826,-0.444251,0.594219,-0.009206,-2.439512,0.062985,0.226786,0.04042,0.842424,198.12
377,cruise,3688.422628,72.900971,50.662664,99.904395,216.354904,684.921608,18.346445,0.380917,14.011537,42.214876,4370.712742,vibration_bearing_fault,1,3,350,900,-4.080374,-0.06277,0.019292,0.44611,-1.080606,-0.104761,0.223784,-0.092049,0.836364,198.115
378,cruise,3739.169672,71.677289,51.333099,97.933182,215.973712,687.121396,18.340078,0.414432,13.940848,42.920084,4294.237177,vibration_bearing_fault,1,3,350,900,2.525358,-0.226341,-0.244846,-0.371997,-2.856647,-0.207207,0.231949,-0.026073,0.830303,198.11
379,cruise,3652.827439,61.454199,51.15189,99.996268,217.285211,679.051764,18.12154,0.402657,13.881287,41.151976,4454.391369,vibration_bearing_fault,1,3,350,900,0.585553,-0.352055,-0.110021,-0.529412,-0.601558,0.111713,0.247705,-0.072211,0.824242,198.105
380,cruise,3754.906589,68.370383,51.273891,96.966441,215.170855,677.949577,18.198783,0.484502,14.016751,41.979859,4557.069546,vibration_bearing_fault,1,3,350,900,-0.076974,-0.278495,0.292866,0.411416,1.247639,-0.049707,0.252288,-0.08767,0.818182,198.1
381,cruise,3764.743769,68.542506,50.562326,97.395277,215.666178,675.246328,18.048548,0.567549,14.160233,43.378624,4582.275058,vibration_bearing_fault,1,3,350,900,-2.820899,-0.144402,0.077974,1.029765,1.843014,-0.047549,0.27352,-0.009359,0.812121,198.095
382,cruise,3749.820111,66.903491,49.921696,96.268707,216.168593,679.291656,18.332416,0.504527,13.831705,41.656246,4487.862908,vibration_bearing_fault,1,3,350,900,0.608281,-0.909921,-0.550706,-1.10207,-2.008399,0.137213,0.275528,0.036714,0.806061,198.09
383,cruise,3754.302375,67.824617,51.521854,102.528535,214.392937,678.817673,18.1231,0.515116,14.05628,41.605259,4452.007139,vibration_bearing_fault,1,3,350,900,-4.44285,0.13723,0.306274,-0.163561,-0.70096,0.172264,0.287688,-0.003881,0.8,198.085
384,cruise,3683.674443,70.811824,51.391487,96.922278,215.028143,683.164909,18.214195,0.47043,14.190581,42.442917,4549.849944,vibration_bearing_fault,1,3,350,900,-1.609626,-0.339415,-0.289582,-1.46041,2.826379,0.014193,0.289926,-0.02426,0.793939,198.08
385,cruise,3719.876377,68.866377,50.012635,96.662653,215.341317,678.378372,18.376857,0.573579,13.821055,41.332148,4477.580171,vibration_bearing_fault,1,3,350,900,-4.038409,-0.016125,1.171419,-0.819497,-1.54094,0.05811,0.29896,0.03845,0.787879,198.075
386,cruise,3681.865188,71.455723,50.546169,97.834165,218.460088,674.607965,18.331927,0.464433,13.651355,42.236583,4472.164176,vibration_bearing_fault,1,3,350,900,-0.852873,0.213935,0.399998,-0.117927,1.570217,0.149548,0.308991,0.130453,0.781818,198.07
387,cruise,3786.86846,67.581963,50.854993,95.440607,215.888378,676.724193,18.51502,0.556397,14.045113,41.496127,4437.973376,vibration_bearing_fault,1,3,350,900,-2.672335,-0.333329,-0.88308,-0.03162,-0.721354,0.056143,0.320821,0.097786,0.775758,198.065
388,cruise,3725.152112,67.605019,50.856485,98.6106,213.214507,670.988614,18.261028,0.542577,13.703359,43.134352,4556.468844,vibration_bearing_fault,1,3,350,900,5.903716,0.094724,-0.338972,-2.043461,0.477754,0.097881,0.318561,0.009835,0.769697,198.06
389,cruise,3720.394467,73.480873,50.770784,99.097069,211.312655,684.120297,18.381383,0.48964,13.978112,41.803848,4394.780391,vibration_bearing_fault,1,3,350,900,0.566637,0.71185,0.740701,-0.430796,-0.141976,-0.054681,0.334337,-0.033968,0.763636,198.055
390,cruise,3607.724663,70.732355,50.388111,96.845797,214.622,669.838634,18.117562,0.545587,13.787132,40.648977,4376.724871,vibration_bearing_fault,1,3,350,900,4.022095,0.206693,-0.844206,-0.167485,0.195215,0.116965,0.340644,0.014188,0.757576,198.05
391,cruise,3769.595082,68.748886,51.4279,97.240993,211.505314,672.996194,18.261457,0.546526,13.876063,42.371221,4429.740637,vibration_bearing_fault,1,3,350,900,0.301056,-0.201548,0.247669,0.721988,1.972984,-0.073394,0.352335,-0.041543,0.751515,198.045
392,cruise,3665.655129,72.503675,50.627172,97.259087,215.028415,678.79212,18.21946,0.597096,13.973672,41.403884,4493.279116,vibration_bearing_fault,1,3,350,900,5.218481,0.425071,-0.197881,0.167366,0.681598,0.068986,0.363212,-0.099106,0.745455,198.04
393,cruise,3739.976575,70.550323,51.034916,99.822054,217.129982,670.579674,17.957671,0.636719,13.908918,42.071543,4585.572257,vibration_bearing_fault,1,3,350,900,-1.145165,0.160282,-0.802103,-0.562148,1.444026,0.039027,0.359174,-0.00138,0.739394,198.035
394,cruise,3899.64643,68.617208,51.330622,98.346105,214.542441,681.248061,18.182456,0.641522,14.078424,41.656652,4442.828634,vibration_bearing_fault,1,3,350,900,-2.591741,-0.018899,-1.465528,0.82737,4.374109,-0.251295,0.37967,0.013631,0.733333,198.03
395,cruise,3718.365804,65.076162,51.11429,100.054347,213.499361,676.348237,18.57294,0.638445,13.779156,42.795022,4544.191718,vibration_bearing_fault,1,3,350,900,1.000043,-0.198106,0.268372,0.940298,-0.048745,-0.195662,0.389408,0.097704,0.727273,198.025
396,cruise,3791.890271,65.887152,51.117253,97.133832,218.884419,678.357824,18.307279,0.559602,14.090647,43.502513,4533.550168,vibration_bearing_fault,1,3,350,900,0.405871,0.390348,-0.167487,-0.467462,0.940545,0.068429,0.392777,0.15377,0.721212,198.02
397,cruise,3849.543838,71.926204,50.136095,96.872044,211.779179,679.099069,18.317255,0.529484,13.858442,40.991762,4448.367303,vibration_bearing_fault,1,3,350,900,-2.962983,0.139869,0.105513,0.160769,1.370543,0.164349,0.399116,0.098305,0.715152,198.015
398,cruise,3674.395356,68.159785,50.585795,96.706408,214.64552,679.4582,18.348368,0.62213,14.175131,40.861281,4535.730381,vibration_bearing_fault,1,3,350,900,2.457492,-0.321194,-0.444834,-1.091398,2.159631,-0.05229,0.412852,0.008742,0.709091,198.01
399,cruise,3852.177418,67.307962,50.323457,99.288146,213.890394,674.954317,18.125705,0.550262,14.055679,41.454697,4427.686088,vibration_bearing_fault,1,3,350,900,0.298449,-0.493538,0.798637,0.0833,-1.809956,-0.000934,0.420307,0.009612,0.70303,198.005
400,cruise,3810.650019,71.103654,51.295846,96.115866,214.586951,680.678936,18.448448,0.66618,14.349041,41.644996,4623.928172,vibration_bearing_fault,1,3,350,900,2.926219,-0.190996,-0.073572,-0.431648,0.122698,-0.202332,0.426649,-0.025916,0.69697,198.0
401,cruise,3664.379786,69.620678,51.532452,98.731039,212.891354,681.69863,18.300636,0.718661,13.900715,43.07005,4495.126145,vibration_bearing_fault,1,3,350,900,-1.893154,0.161627,0.216508,-0.759668,-1.093229,0.063747,0.438736,0.039073,0.690909,197.995
402,cruise,3695.456937,73.449153,51.067049,99.483998,213.509616,679.45812,18.30661,0.613135,14.005966,42.085774,4488.017143,vibration_bearing_fault,1,3,350,900,-0.340955,0.197624,-0.148904,-0.295292,0.15178,-0.18967,0.440081,0.081038,0.684848,197.99
403,cruise,3739.738295,66.619404,51.084861,94.827811,212.413647,671.060082,18.462863,0.759544,13.720653,42.466542,4454.042874,vibration_bearing_fault,1,3,350,900,4.019439,0.266169,-0.629932,-0.873521,-0.977852,-0.183567,0.45856,0.000395,0.678788,197.985
404,cruise,3762.508936,67.685222,50.864947,96.64847,218.970263,681.329898,18.316605,0.663527,13.69219,40.203866,4400.584864,vibration_bearing_fault,1,3,350,900,-4.962283,-0.818197,-0.086197,-0.685474,0.218485,-0.306746,0.457806,-0.02158,0.672727,197.98
405,cruise,3671.292192,78.444874,51.42963,98.545662,212.812038,673.747095,18.151966,0.646831,14.028339,40.876172,4547.945001,vibration_bearing_fault,1,3,350,900,0.728099,-0.046555,-0.49403,-1.683164,0.204574,-0.089427,0.476231,0.090092,0.666667,197.975
406,cruise,3676.295581,74.889378,50.302142,98.3329,214.798502,677.990501,18.312048,0.760765,13.894336,43.165411,4282.165769,vibration_bearing_fault,1,3,350,900,1.661074,-0.744286,-0.485826,0.109429,-1.042611,0.01051,0.478215,-0.081721,0.660606,197.97
407,cruise,3914.763795,68.258463,51.162482,97.061053,216.237912,674.881692,18.43434,0.666545,13.659966,40.603425,4460.616589,vibration_bearing_fault,1,3,350,900,2.644482,-0.385226,-0.523831,0.706237,2.014381,0.149081,0.490794,0.054074,0.654545,197.965
408,cruise,4072.335937,67.407291,51.446218,100.59047,212.329451,678.780534,17.772084,0.613069,13.768477,40.444512,4342.813001,vibration_bearing_fault,1,3,350,900,-0.142814,-0.0926,0.094419,-0.2086,-0.057286,0.123937,0.497775,0.111678,0.648485,197.96
409,cruise,3873.1277,73.049761,50.311996,99.572286,213.808485,675.472358,18.292073,0.747854,14.080815,42.152876,4394.230048,vibration_bearing_fault,1,3,350,900,2.914565,-0.455754,-1.314806,-0.833991,-0.775297,-0.05338,0.500627,-0.163246,0.642424,197.955
410,cruise,3700.625868,67.276935,50.961075,104.258285,215.34758,681.529682,18.414873,0.699068,14.026768,42.829871,4607.47845,vibration_bearing_fault,1,3,350,900,-2.412485,0.1048,-0.040763,1.026757,0.308997,-0.043831,0.518964,0.070145,0.636364,197.95
411,cruise,3718.734303,70.519095,50.832261,99.616449,207.977687,666.511742,18.245911,0.73231,13.717442,41.50884,4713.098967,vibration_bearing_fault,1,3,350,900,-2.731436,-0.322772,-0.447771,0.030909,0.816775,-0.053949,0.515414,0.05662,0.630303,197.945
412,cruise,3667.237084,67.931175,51.000963,98.558731,216.248251,689.669128,18.101166,0.748158,14.16721,41.210894,4528.188669,vibration_bearing_fault,1,3,350,900,-2.01839,-0.650581,0.44153,0.807995,0.797384,0.098424,0.528509,0.088254,0.624242,197.94
413,cruise,3923.276509,67.378567,51.291783,97.767502,217.898403,676.171424,18.1446,0.71489,13.662648,41.875918,4492.18955,vibration_bearing_fault,1,3,350,900,-0.093928,-0.161154,-0.090009,-1.946345,-0.559196,-0.075157,0.539052,0.059323,0.618182,197.935
414,cruise,3823.949645,71.776161,50.234774,96.982543,216.356637,675.837786,18.526404,0.795835,13.767542,41.470402,4584.417568,vibration_bearing_fault,1,3,350,900,-1.802101,0.657564,-0.12162,-0.703485,-0.421077,0.091568,0.542101,-0.096045,0.612121,197.93
415,cruise,3871.444506,74.43913,51.065139,99.906032,213.418835,680.425502,18.204362,0.781797,14.13332,42.301471,4748.351753,vibration_bearing_fault,1,3,350,900,3.473599,0.472594,0.421172,-0.58288,-0.606796,-0.041322,0.557378,-0.073565,0.606061,197.925
416,cruise,3732.394029,66.336748,50.975183,97.303818,215.022108,684.098155,17.997919,0.670306,13.847337,41.243932,4529.115311,vibration_bearing_fault,1,3,350,900,-0.906931,0.302647,0.57845,-1.119445,1.746041,0.099174,0.572111,-0.042071,0.6,197.92
417,cruise,3648.882777,71.216197,50.745202,96.884507,217.386706,688.156955,18.459977,0.747171,13.685244,41.912354,4515.691825,vibration_bearing_fault,1,3,350,900,4.680024,0.881717,-0.009348,-0.735104,-0.479104,-0.068348,0.569992,-0.006253,0.593939,197.915
418,cruise,3861.310502,68.125965,51.15876,98.594848,212.37815,677.041568,18.22663,0.759497,13.892536,41.431992,4488.553539,vibration_bearing_fault,1,3,350,900,-3.515857,-0.359545,0.304898,-0.281056,-2.149138,-0.204332,0.578988,0.094937,0.587879,197.91
419,cruise,3489.338367,72.605213,51.22321,98.796782,214.937628,670.509117,18.563124,0.726739,14.050298,41.978208,4561.916537,vibration_bearing_fault,1,3,350,900,-2.072555,0.204974,-0.048381,0.982614,-0.506286,0.156981,0.594969,-0.09062,0.581818,197.905
420,cruise,3678.626046,72.202527,50.20121,99.013868,216.952573,676.157387,18.454202,0.872826,14.064814,42.331894,4406.600519,vibration_bearing_fault,1,3,350,900,1.762969,-1.200455,0.81677,0.602876,1.348465,-0.395546,0.60292,-0.144111,0.575758,197.9
421,cruise,3831.620847,67.582816,51.027369,100.546569,216.202871,677.538469,18.323627,0.813028,13.917115,40.721008,4403.429893,vibration_bearing_fault,1,3,350,900,-0.281864,0.382501,-0.256207,0.465716,-0.253212,0.079739,0.613789,-0.197916,0.569697,197.895
422,cruise,3791.574425,66.876872,50.964876,94.411536,219.472419,679.671569,18.247442,0.813836,13.923361,41.890091,4557.928485,vibration_bearing_fault,1,3,350,900,-2.68969,-0.510762,0.725844,0.442966,0.074786,0.100619,0.619761,0.075767,0.563636,197.89
423,cruise,3706.859971,75.047896,51.285667,98.331894,214.840902,683.504999,18.668871,0.882545,13.665686,40.730832,4402.651047,vibration_bearing_fault,1,3,350,900,-1.213497,0.437399,0.981521,-0.335466,-1.914661,-0.073459,0.626863,-0.168803,0.557576,197.885
424,cruise,3687.072159,67.975994,50.926179,97.02563,217.555576,671.415819,18.385328,0.778132,13.868866,40.560439,4510.421374,vibration_bearing_fault,1,3,350,900,2.01394,0.124614,0.178179,0.499747,3.757904,-0.140527,0.636739,-0.058503,0.551515,197.88
425,cruise,3676.325647,70.611167,50.830185,96.663444,215.875919,673.774602,18.188606,0.839143,14.047886,42.209231,4352.677433,vibration_bearing_fault,1,3,350,900,-1.244172,-0.543949,0.039765,0.331988,2.176106,0.074013,0.650628,-0.059406,0.545455,197.875
426,cruise,3619.14902,68.852512,50.562074,97.563534,216.145653,682.002265,18.19232,0.948945,13.886197,42.999721,4517.280229,vibration_bearing_fault,1,3,350,900,-2.793991,0.343964,-0.000737,1.036376,-0.462983,-0.110753,0.655336,-0.064667,0.539394,197.87
427,cruise,3672.387072,69.115039,51.299084,99.766838,220.784206,685.431021,18.074871,0.944466,14.126867,43.273425,4414.84309,vibration_bearing_fault,1,3,350,900,2.101,0.011285,0.487322,-0.228977,-1.385426,0.09897,0.662565,0.102157,0.533333,197.865
428,cruise,3786.221947,67.030389,50.673552,97.493483,216.629431,675.690836,18.018314,0.856332,13.802326,40.998666,4437.726165,vibration_bearing_fault,1,3,350,900,3.561606,0.015989,1.26174,0.862386,2.623824,-0.062075,0.675299,-0.060327,0.527273,197.86
429,cruise,3914.19803,67.301907,51.627387,101.376063,216.795152,670.939254,18.31074,0.810647,13.886014,40.919943,4453.76662,vibration_bearing_fault,1,3,350,900,2.094462,0.918034,1.077664,-0.51797,-0.020859,-0.080799,0.681317,-0.052078,0.521212,197.855
430,cruise,3518.044582,67.03323,50.977103,97.957408,214.10551,673.763164,18.009256,0.861635,13.901491,43.487196,4500.234931,vibration_bearing_fault,1,3,350,900,-1.29777,-0.151102,0.183384,0.128139,-1.453882,0.048225,0.683604,-0.040722,0.515152,197.85
431,cruise,3730.257386,69.347765,51.285135,100.92654,207.513717,676.177363,18.265441,0.902296,14.09198,41.968951,4492.769618,vibration_bearing_fault,1,3,350,900,-0.298499,-0.253489,-1.050615,-0.428166,0.550234,-0.206513,0.699582,0.041696,0.509091,197.845
432,cruise,3694.741447,68.280097,50.367326,97.143421,216.063361,675.580257,18.231972,0.981192,14.03955,41.780741,4533.90908,vibration_bearing_fault,1,3,350,900,-0.186513,0.326088,-0.404229,0.646388,0.458772,-0.079938,0.696273,-0.089851,0.50303,197.84
433,cruise,3696.952139,72.422294,50.122169,96.653757,215.087945,674.24198,18.147607,0.941629,13.917779,43.661564,4385.077477,vibration_bearing_fault,1,3,350,900,-2.729893,-0.167802,1.128118,-0.32112,0.361456,0.017168,0.709019,-0.01406,0.49697,197.835
434,cruise,3758.434887,64.406072,50.531977,98.261106,215.682663,685.006019,18.130191,0.963411,13.987808,42.568676,4528.650351,vibration_bearing_fault,1,3,350,900,-0.092139,0.116056,0.184748,0.539247,0.063545,-0.055226,0.718294,0.039471,0.490909,197.83
435,cruise,3715.970346,70.425629,51.521679,100.365455,212.675126,680.029317,18.225152,0.921285,13.80213,41.555993,4512.725991,vibration_bearing_fault,1,3,350,900,-3.815383,-0.228874,0.608418,-0.544699,2.62256,-0.11182,0.731692,0.145921,0.484848,197.825
436,cruise,3520.020678,66.681902,51.150753,100.21069,211.891449,680.252134,18.031372,0.872915,13.928124,42.567168,4441.511807,vibration_bearing_fault,1,3,350,900,0.728972,-0.711858,0.116002,0.401718,0.442382,0.037357,0.746528,-0.000931,0.478788,197.82
437,cruise,3983.330699,68.759908,50.104087,96.976719,218.554015,681.094142,18.716158,0.909402,13.683741,42.890927,4487.981306,vibration_bearing_fault,1,3,350,900,-3.743223,-0.553401,-0.35933,-0.536367,0.631263,-0.294769,0.743269,-0.013632,0.472727,197.815
438,cruise,3631.88225,71.967341,51.476942,99.977786,214.697835,683.86784,18.108716,0.993823,13.866689,41.9828,4533.160339,vibration_bearing_fault,1,3,350,900,-0.71247,0.135522,0.009748,0.37815,-2.685821,0.134513,0.756007,0.025996,0.466667,197.81
439,cruise,3861.651532,75.986064,51.245753,100.008786,217.633305,680.619287,18.300891,1.007133,14.202368,41.023931,4512.194889,vibration_bearing_fault,1,3,350,900,-2.09758,-0.539517,0.017562,-0.977366,3.121409,-0.0681,0.769994,-0.108094,0.460606,197.805
440,cruise,3454.01921,66.440903,51.744527,96.856981,215.838499,684.687079,18.372093,0.939597,13.994665,43.234198,4579.1146,vibration_bearing_fault,1,3,350,900,-4.499085,0.48042,-0.249279,0.675705,-0.254663,-0.280207,0.782331,-0.00699,0.454545,197.8
441,cruise,3206.449356,69.93528,51.101458,96.960921,216.150794,685.37108,18.26158,1.005447,14.081525,41.957396,4522.187087,vibration_bearing_fault,1,3,350,900,-1.15169,-0.433214,-0.509822,-0.164657,-2.065664,-0.154976,0.776592,0.081606,0.448485,197.795
442,cruise,3705.246302,69.006746,50.410999,98.837571,218.286946,685.523926,18.201655,0.949184,13.721162,42.612632,4409.126364,vibration_bearing_fault,1,3,350,900,4.822234,1.008916,-0.117461,-0.302574,0.510497,-0.103454,0.789055,0.127532,0.442424,197.79
443,cruise,3748.772739,72.120783,49.767913,96.656771,220.740863,673.361174,17.882033,0.996386,13.942307,42.233435,4524.290431,vibration_bearing_fault,1,3,350,900,1.03551,-0.033681,-0.339422,-0.446092,1.65994,-0.116284,0.796714,-0.016714,0.436364,197.785
444,cruise,3669.052996,63.57434,50.734888,97.447756,215.064236,685.759833,18.278987,1.072784,13.853526,43.540695,4652.61768,vibration_bearing_fault,1,3,350,900,-1.046156,-0.492317,-0.17055,0.529907,-1.069679,0.255586,0.798631,0.129477,0.430303,197.78
445,cruise,3340.032798,70.770862,50.500006,96.549531,219.411151,681.672975,18.223621,1.094487,13.845699,42.3868,4451.534045,vibration_bearing_fault,1,3,350,900,-6.819302,0.108451,-0.716259,-0.153352,0.504105,-0.198489,0.808352,0.041293,0.424242,197.775
446,cruise,3668.276776,69.952934,50.631862,98.025161,218.096635,683.766041,18.295723,0.952609,13.61168,40.96945,4449.188763,vibration_bearing_fault,1,3,350,900,2.638893,0.394815,-0.02978,-0.568296,-0.080039,0.02365,0.82088,-0.025522,0.418182,197.77
447,cruise,3805.508519,70.224098,50.683142,96.502768,215.694278,679.411249,18.344527,0.976689,13.953739,42.253144,4593.365278,vibration_bearing_fault,1,3,350,900,5.560379,-0.580072,0.072979,-1.074428,-0.111761,-0.24663,0.829185,0.043998,0.412121,197.765
448,cruise,3814.377311,69.3093,50.229413,98.041505,215.165322,673.694129,18.119189,0.990294,14.160525,40.346416,4592.887635,vibration_bearing_fault,1,3,350,900,-1.919239,0.872363,-0.799229,-0.656729,-1.994279,-0.238861,0.841125,0.019549,0.406061,197.76
449,cruise,4154.762645,74.306524,51.406344,95.803803,218.95655,681.611763,18.112715,1.021389,14.012126,43.590377,4405.359848,vibration_bearing_fault,1,3,350,900,-0.050424,0.373992,0.204633,0.128494,-0.555557,-0.032975,0.855474,0.095415,0.4,197.755
450,cruise,3640.282511,72.177063,50.757646,96.842057,218.169155,682.011869,18.273037,1.055303,13.929819,41.615576,4551.933466,vibration_bearing_fault,1,3,350,900,4.716681,-0.068932,0.230616,0.193257,0.114138,0.16749,0.854925,-0.019823,0.4,197.75
451,cruise,3669.772143,69.349198,50.376929,101.026969,218.466314,674.181858,18.322744,1.000582,13.982292,43.087035,4494.950113,vibration_bearing_fault,1,3,350,900,-2.473641,-0.194872,-0.453186,-0.772455,-1.744196,-0.03627,0.853238,0.038266,0.4,197.745
452,cruise,3956.80669,71.053013,50.298666,97.81013,210.133685,672.54002,18.481032,1.049804,13.95079,40.901916,4509.674,vibration_bearing_fault,1,3,350,900,-4.243396,0.617845,-0.079481,-1.320865,-3.874231,-0.116936,0.856576,0.095133,0.4,197.74
453,cruise,3797.947825,71.675211,50.185048,96.595547,216.735883,680.89466,18.004137,1.050066,13.881961,42.411308,4326.479925,vibration_bearing_fault,1,3,350,900,5.566517,-0.039479,-0.316377,0.111733,-1.256296,-0.002413,0.853166,0.094608,0.4,197.735
454,cruise,4251.863138,65.906894,51.255704,100.21423,216.910898,672.078607,18.056074,1.151646,13.729473,41.9237,4510.567308,vibration_bearing_fault,1,3,350,900,2.886239,-0.33953,-0.336878,1.533051,-1.120074,-0.04963,0.843684,0.085704,0.4,197.73
455,cruise,4162.208815,66.088601,50.931614,96.529471,215.948962,679.87003,18.387212,1.06701,13.854005,41.420179,4535.754633,vibration_bearing_fault,1,3,350,900,1.564179,0.108317,-0.034595,-0.479338,-2.238833,0.105325,0.85116,-0.01478,0.4,197.725
456,cruise,3789.335551,76.437404,50.504084,97.346818,212.024204,674.000396,18.450917,0.994048,14.08286,43.27565,4411.096247,vibration_bearing_fault,1,3,350,900,2.814014,-0.400789,-0.397868,0.03952,-3.426175,-0.249558,0.846044,-0.145284,0.4,197.72
457,cruise,3671.461379,65.336443,50.570143,102.174963,215.888693,677.399581,18.167614,1.067645,13.762578,41.182798,4505.269316,vibration_bearing_fault,1,3,350,900,-1.566031,0.634937,0.674976,-0.799197,0.979802,0.064447,0.847666,-0.003829,0.4,197.715
458,cruise,3828.46593,67.470532,50.242669,95.860708,214.044433,675.789196,18.248513,1.022644,13.797579,40.194859,4473.118407,vibration_bearing_fault,1,3,350,900,-1.102291,0.253543,-0.860409,-0.594379,2.040935,-0.116074,0.847604,-0.003744,0.4,197.71
459,cruise,3573.730709,68.78206,50.828685,99.599867,215.130525,676.51088,18.536911,1.101049,13.919477,41.519459,4478.438577,vibration_bearing_fault,1,3,350,900,-0.858143,-0.873348,-0.568552,-0.894343,0.000138,-0.148395,0.857349,-0.053697,0.4,197.705
460,cruise,3732.490432,64.777287,51.080705,98.1448,216.143932,670.606245,18.160147,1.085457,13.685564,42.12797,4566.735523,vibration_bearing_fault,1,3,350,900,1.985045,-0.099562,0.007861,0.893039,-1.215981,0.18296,0.848066,0.008718,0.4,197.7
461,cruise,3697.458777,71.994939,51.061769,94.786835,217.829531,675.64914,18.480949,1.069384,14.076739,42.590978,4402.756229,vibration_bearing_fault,1,3,350,900,-2.929208,0.226826,-0.4011,-0.347281,-0.009916,0.016669,0.841164,-0.039214,0.4,197.695
462,cruise,4009.705175,72.570089,50.168207,100.965176,215.139331,675.831819,18.480217,1.038478,13.931506,41.212662,4563.118578,vibration_bearing_fault,1,3,350,900,2.094974,0.444369,0.278148,-0.883516,0.440663,0.027563,0.854332,-0.072169,0.4,197.69
463,cruise,3685.398286,71.149883,51.02188,100.183521,216.278694,675.943514,18.429259,1.065701,14.220367,42.085501,4384.014651,vibration_bearing_fault,1,3,350,900,1.711572,-0.8996,-0.16813,-0.650929,-0.751431,-0.022617,0.854175,-0.072181,0.4,197.685
464,cruise,3742.752701,68.951681,50.840944,100.69878,214.595579,676.116142,18.676182,0.961393,13.929799,41.465124,4419.344554,vibration_bearing_fault,1,3,350,900,1.606701,0.034193,-0.680401,0.759679,1.294164,0.231134,0.846826,0.077771,0.4,197.68
465,cruise,3624.354175,71.858299,50.88298,101.100758,215.720358,663.321952,18.031722,1.114683,14.119094,40.924471,4588.230885,vibration_bearing_fault,1,3,350,900,0.570365,-0.618365,-0.091763,-0.896629,1.271143,0.16338,0.844626,0.071845,0.4,197.675
466,cruise,3628.720201,70.541692,50.473583,97.856133,214.311097,675.077432,18.287014,1.041874,13.880356,42.199293,4614.700519,vibration_bearing_fault,1,3,350,900,-3.475863,0.209704,0.324171,-0.881146,-1.514894,-0.072165,0.838761,0.043501,0.4,197.67
467,cruise,3834.403104,69.190045,51.687432,96.203276,211.930373,677.374281,18.155411,1.03972,13.954279,41.889681,4670.083994,vibration_bearing_fault,1,3,350,900,-1.81994,-0.216601,-0.63896,0.082967,0.571877,0.071092,0.852835,-0.122796,0.4,197.665
468,cruise,3592.208029,70.230512,51.048961,98.613628,217.729774,679.614947,18.255368,1.054861,14.134117,41.17992,4466.34242,vibration_bearing_fault,1,3,350,900,1.444571,-0.001475,0.492175,0.620933,0.624833,0.205048,0.843051,0.071118,0.4,197.66
469,cruise,3410.366745,72.304721,50.796764,96.900619,216.389291,682.606098,18.30225,1.077058,13.81149,42.040241,4542.755239,vibration_bearing_fault,1,3,350,900,-6.426818,0.00208,-0.234765,-0.028931,1.963537,-0.201635,0.83835,0.045309,0.4,197.655
470,cruise,3859.19877,65.95818,51.331605,97.657367,216.312738,682.106443,18.290729,1.108406,13.802099,40.046698,4589.151659,vibration_bearing_fault,1,3,350,900,0.628565,-0.158121,0.065282,0.34041,-0.35941,0.072724,0.847595,0.056745,0.4,197.65
471,cruise,3731.972242,67.699669,51.004255,99.988625,217.944311,680.241994,18.486895,1.151805,13.769126,42.729841,4603.063537,vibration_bearing_fault,1,3,350,900,-0.751617,-0.146167,0.220238,0.364464,-1.339613,0.176048,0.851322,0.049155,0.4,197.645
472,cruise,3551.374861,71.78037,50.777646,97.714196,215.524233,678.369214,18.235942,1.133981,13.812582,41.691878,4551.122894,vibration_bearing_fault,1,3,350,900,-3.96821,0.029813,-0.34475,-1.535884,-1.963498,-0.124893,0.85432,0.016862,0.4,197.64
473,cruise,3730.365481,70.898616,50.678003,97.009358,216.825353,681.29889,18.4035,1.092671,13.779007,40.921327,4685.263977,vibration_bearing_fault,1,3,350,900,-1.976659,0.925527,-0.581379,-1.148414,1.486671,0.005916,0.843719,-0.163921,0.4,197.635
474,cruise,3663.887684,71.571447,51.230362,94.279276,217.839691,678.003666,18.26177,1.026186,13.802433,40.839201,4551.598308,vibration_bearing_fault,1,3,350,900,-3.653979,-0.50645,0.454822,0.305447,1.496431,-0.331677,0.856212,0.056198,0.4,197.63
475,cruise,3772.067835,62.536061,50.498204,96.948791,212.179137,677.521947,18.381967,1.063922,14.095754,42.881513,4304.964854,vibration_bearing_fault,1,3,350,900,-0.094956,-0.30506,-0.070171,0.796463,-2.150679,0.006068,0.841731,0.146441,0.4,197.625
476,cruise,3908.269799,76.814454,51.432105,97.563769,215.154006,679.310087,18.332434,1.01903,13.953901,41.158392,4470.077826,vibration_bearing_fault,1,3,350,900,-1.711866,-0.204115,-0.47693,-0.007472,-2.197818,-0.208856,0.859179,0.019721,0.4,197.62
477,cruise,4003.237374,68.779111,50.64269,97.542767,214.703397,676.943852,18.319162,1.070887,13.891668,42.15445,4493.850384,vibration_bearing_fault,1,3,350,900,-2.292675,-0.402926,-0.32656,0.520567,-3.502635,-0.255337,0.854745,-0.162517,0.4,197.615
478,cruise,3797.899953,71.948783,50.858122,99.365875,213.29428,675.704882,18.458762,0.986697,14.051943,42.077868,4327.258993,vibration_bearing_fault,1,3,350,900,-3.045752,0.623382,0.109077,1.436334,-0.139958,0.04704,0.857196,-0.012784,0.4,197.61
479,cruise,3620.887402,62.87994,50.781246,97.687797,217.793288,678.722046,18.410491,1.016708,13.658272,41.467243,4388.854281,vibration_bearing_fault,1,3,350,900,0.031566,-0.022606,-0.009426,0.21202,1.276533,-0.022855,0.852498,-0.070288,0.4,197.605
480,cruise,3576.692112,70.705443,50.445381,99.511751,216.683796,679.637486,18.771089,1.081299,13.889191,42.720289,4572.108016,vibration_bearing_fault,1,3,350,900,1.724194,-0.059361,0.283378,-0.150743,-0.854779,0.159326,0.847245,0.021462,0.4,197.6
481,cruise,3714.790415,73.096858,50.139741,99.810264,216.651906,681.38169,18.364052,1.101786,14.033175,42.263706,4507.848119,vibration_bearing_fault,1,3,350,900,-1.914251,0.536285,-0.224321,0.065443,0.094405,0.057177,0.846119,-0.059579,0.4,197.595
482,cruise,3660.983299,72.64239,50.678903,95.135337,214.35943,684.322704,18.275933,1.129408,13.816179,40.910656,4502.715507,vibration_bearing_fault,1,3,350,900,0.691126,-0.114259,0.189186,1.556942,0.89158,-0.152391,0.851204,-0.105387,0.4,197.59
483,cruise,4069.67337,65.182839,50.784576,96.830819,214.123761,665.416561,18.230508,1.041374,13.902592,41.076078,4525.777195,vibration_bearing_fault,1,3,350,900,2.481672,-0.175864,0.293149,-0.060873,0.213546,0.263128,0.84943,-0.009966,0.4,197.585
484,cruise,3790.947964,75.697307,50.636507,99.34138,213.444848,682.387972,18.29464,1.169512,13.936603,42.155278,4550.317896,vibration_bearing_fault,1,3,350,900,2.797484,-0.184282,0.471307,-1.490573,1.637978,-0.060048,0.855184,-0.020475,0.4,197.58
485,cruise,4037.274693,71.060925,49.967289,103.912402,213.828189,676.127288,18.467308,1.0493,13.9526,41.330664,4382.801103,vibration_bearing_fault,1,3,350,900,0.429044,0.383937,0.385556,-0.13883,2.117891,0.225552,0.856043,0.075705,0.4,197.575
486,cruise,3818.029212,66.757402,51.916999,96.133407,214.051253,683.854035,18.084704,0.922488,13.931491,42.709884,4586.53147,vibration_bearing_fault,1,3,350,900,3.411432,0.95599,0.745231,-1.114124,1.056894,-0.093414,0.849261,-0.067279,0.4,197.57
487,cruise,3989.411531,71.829282,50.530222,98.767429,210.934755,685.812342,18.369914,1.080066,14.064909,44.075678,4480.599696,vibration_bearing_fault,1,3,350,900,1.087913,-0.326873,0.675264,0.171014,-0.244495,0.071203,0.85732,-0.071544,0.4,197.565
488,cruise,3764.389264,73.814577,51.106879,95.680488,210.370008,678.497269,18.222668,1.010913,13.727539,42.119676,4470.549686,vibration_bearing_fault,1,3,350,900,-1.063038,-0.987685,0.484139,-0.435487,0.244016,-0.054416,0.85415,0.068006,0.4,197.56
489,cruise,3700.380132,72.638081,51.002617,95.639628,214.507673,674.992097,18.264825,1.13433,13.886543,42.112273,4463.807917,vibration_bearing_fault,1,3,350,900,0.872546,0.466742,-0.487337,-0.399784,0.855027,0.213494,0.842675,0.033281,0.4,197.555
490,cruise,3838.508198,64.486772,50.752059,96.939457,216.509813,680.178407,17.958526,1.039569,14.056077,41.224051,4438.493678,vibration_bearing_fault,1,3,350,900,1.780629,-0.17885,0.415113,-0.793868,-0.084619,0.130737,0.854046,0.039669,0.4,197.55
491,cruise,3428.433025,72.146005,51.289325,95.819749,213.747034,678.779539,18.076661,1.111661,13.928839,40.136493,4570.251465,vibration_bearing_fault,1,3,350,900,-2.331241,0.34016,-0.058846,-0.487472,-1.417931,0.2398,0.857908,0.170304,0.4,197.545
492,cruise,3901.370761,69.595055,51.157794,97.920087,213.780371,673.670109,18.332547,1.034702,13.856574,41.986141,4512.691659,vibration_bearing_fault,1,3,350,900,2.435196,0.028452,0.045709,2.109339,-1.320324,0.060122,0.856505,-0.05823,0.4,197.54
493,cruise,3784.385547,68.107439,50.922085,97.368675,215.444788,679.789857,18.153148,1.03758,14.156312,40.059113,4423.379464,vibration_bearing_fault,1,3,350,900,-1.388436,-0.494117,-0.093401,-1.081341,0.476985,-0.232205,0.853098,0.083991,0.4,197.535
494,cruise,3555.093047,72.42038,50.676937,97.87278,212.731064,674.499261,18.55359,1.089881,14.007724,43.5496,4492.670159,vibration_bearing_fault,1,3,350,900,-1.217604,0.388921,-0.084933,0.064964,0.852418,0.15548,0.846731,-0.039392,0.4,197.53
495,cruise,3601.335464,69.47209,50.446944,99.242008,212.31705,677.486248,18.122084,1.086743,13.872168,41.078133,4583.167128,vibration_bearing_fault,1,3,350,900,-1.888652,0.199456,0.484503,0.395426,-0.502544,-0.07212,0.855635,0.208063,0.4,197.525
496,cruise,3547.238559,71.787388,51.350543,97.41888,214.726755,680.941909,18.259334,1.150764,14.073004,41.332072,4407.031449,vibration_bearing_fault,1,3,350,900,0.37122,-0.2526,0.283815,-0.548715,2.312617,-0.269253,0.841426,-0.088718,0.4,197.52
497,cruise,3440.382909,75.19512,50.706274,97.484179,215.751018,686.564709,18.104311,1.020333,13.983805,43.917116,4527.07035,vibration_bearing_fault,1,3,350,900,3.75105,0.012892,-0.427804,-0.027755,1.658911,0.25736,0.848339,-0.045163,0.4,197.515
498,cruise,3800.389235,75.303771,50.077504,97.992258,217.688523,670.023096,18.263947,1.104297,14.135543,42.049957,4382.459414,vibration_bearing_fault,1,3,350,900,2.076228,-1.183354,1.231204,1.453164,-0.89559,-0.056206,0.850164,0.13121,0.4,197.51
499,cruise,3770.476765,68.147531,51.152339,99.970572,214.972873,680.407734,18.491162,1.117771,13.770188,42.009449,4411.29812,vibration_bearing_fault,1,3,350,900,0.698936,0.194846,-0.252159,0.664399,-1.764656,-0.291776,0.849711,0.033428,0.4,197.505
500,cruise,3758.854636,68.746237,50.117776,98.784157,217.484404,682.260098,18.356685,1.133433,13.970889,42.729638,4672.474175,vibration_bearing_fault,1,3,350,900,-1.159566,-0.36618,0.453369,0.087057,1.895457,0.070288,0.849057,-0.023864,0.4,197.5
501,cruise,3624.313936,70.158604,51.228594,100.747137,214.574169,683.061578,18.292846,1.02427,13.959679,41.924185,4549.295693,vibration_bearing_fault,1,3,350,900,-2.067827,-0.079236,0.208479,1.084326,-0.70782,0.004523,0.843628,-0.020406,0.4,197.495
502,cruise,3680.813035,66.151533,51.665167,95.373886,209.803126,671.171341,18.351493,1.005166,13.887751,42.000433,4568.79254,vibration_bearing_fault,1,3,350,900,2.261207,0.029309,0.91237,-1.123249,-2.309013,0.228021,0.846985,0.037199,0.4,197.49
503,cruise,3694.210305,66.708867,50.845508,99.461444,211.321264,676.58913,18.261124,1.022614,13.560151,41.418229,4551.25854,vibration_bearing_fault,1,3,350,900,-2.843048,0.463877,-0.341739,-0.712703,-1.473668,0.086056,0.85296,-0.044857,0.4,197.485
504,cruise,3654.894995,68.470165,51.523578,96.780485,217.684541,681.981536,18.246483,0.997349,14.008645,41.912585,4611.39683,vibration_bearing_fault,1,3,350,900,-10.786356,-0.287674,0.18043,-1.648043,-0.616574,0.199884,0.848656,0.084603,0.4,197.48
505,cruise,3701.098339,65.274777,51.083601,99.217752,215.152816,679.825431,18.256916,1.053372,14.009635,43.411941,4491.810898,vibration_bearing_fault,1,3,350,900,-2.171376,-0.335882,-0.36332,-1.306147,1.011637,0.077055,0.844129,-0.045499,0.4,197.475
506,cruise,3815.63259,65.308361,51.415543,95.765026,218.008579,682.789233,17.872023,1.032928,13.763784,40.586982,4519.019894,vibration_bearing_fault,1,3,350,900,-3.549545,0.17383,0.014786,0.111883,-1.389422,0.210867,0.862846,0.047528,0.4,197.47
507,cruise,3687.175981,71.948887,50.95926,101.483175,216.967855,674.821543,18.243421,1.030231,14.041028,40.291626,4622.411654,vibration_bearing_fault,1,3,350,900,3.34071,0.340446,-1.373504,0.565561,3.259796,0.092543,0.842923,0.034751,0.4,197.465
508,cruise,3927.037852,62.661892,50.472225,95.490827,215.681243,680.546098,18.126433,1.050471,13.995729,39.469308,4435.504855,vibration_bearing_fault,1,3,350,900,-3.829572,0.66094,0.160231,-0.737271,-3.397094,-0.0422,0.851959,-0.073757,0.4,197.46
509,cruise,4057.921275,68.146626,50.675566,102.092348,216.995764,673.634338,18.559583,1.045024,14.1096,42.351686,4332.480838,vibration_bearing_fault,1,3,350,900,3.14302,0.416102,-1.07592,-0.608284,1.657486,-0.075242,0.844034,-0.028869,0.4,197.455
510,cruise,3903.698364,70.229192,50.199121,94.751232,216.894242,677.626944,18.250951,1.028096,13.792426,41.929655,4563.166556,vibration_bearing_fault,1,3,350,900,-3.195087,-0.375373,0.184045,1.018298,0.355552,0.009175,0.845942,0.038919,0.4,197.45
511,cruise,3765.121736,75.234553,51.652468,99.251847,216.923334,673.783345,18.37585,0.969884,13.981126,44.049508,4622.635653,vibration_bearing_fault,1,3,350,900,-1.277567,0.771701,-0.380479,-0.596913,-1.243911,0.023024,0.849213,-0.045616,0.4,197.445
512,cruise,3796.982591,72.110889,50.732582,99.960404,213.051076,682.241128,18.404882,1.07089,14.012652,42.631419,4295.267512,vibration_bearing_fault,1,3,350,900,3.546508,-0.387284,0.248486,0.836217,-0.550879,-0.025771,0.853411,0.026623,0.4,197.44
513,cruise,3509.319718,66.618107,50.677319,95.99679,215.803086,672.09025,18.378623,1.058002,13.875036,40.54407,4493.346292,vibration_bearing_fault,1,3,350,900,-3.930215,0.000272,0.159367,-0.352312,2.157979,0.04284,0.850162,0.00994,0.4,197.435
514,cruise,3600.281147,73.96318,51.569589,99.286393,216.042077,683.801253,18.269499,0.995371,14.059832,42.615679,4342.556378,vibration_bearing_fault,1,3,350,900,-1.755902,-0.061635,-0.40533,0.98963,-0.697877,-0.122034,0.849259,-0.091845,0.4,197.43
515,cruise,3804.880166,67.419797,51.247683,97.302329,215.424861,684.747045,18.469125,1.014419,13.943723,42.692028,4339.476625,vibration_bearing_fault,1,3,350,900,-1.156009,0.533087,-0.589207,1.037474,-2.469456,0.203699,0.847949,0.092177,0.4,197.425
516,cruise,3758.281142,71.947911,50.523309,97.6385,215.635141,688.011979,18.551624,1.040141,13.894703,43.979233,4361.881916,vibration_bearing_fault,1,3,350,900,-6.685626,-0.158076,-0.340362,0.241161,0.352207,-0.077632,0.856337,-0.068427,0.4,197.42
517,cruise,3792.955792,67.29257,50.590191,94.957031,217.923297,671.09685,18.086637,1.02195,13.765022,42.010523,4304.188434,vibration_bearing_fault,1,3,350,900,1.327486,0.356628,0.590365,-0.142981,-0.106369,0.221533,0.850416,-0.062141,0.4,197.415
518,cruise,3773.881969,63.32947,51.368586,95.848646,216.851669,681.168654,17.996808,0.989802,14.144513,43.267945,4471.188832,vibration_bearing_fault,1,3,350,900,-0.221233,-0.38704,0.054419,0.559222,1.38081,0.009062,0.84134,-0.141326,0.4,197.41
519,cruise,4069.793648,70.996959,49.871601,99.448175,223.081948,676.377914,18.262666,0.974871,13.837149,41.545774,4567.312222,vibration_bearing_fault,1,3,350,900,-0.536969,-0.668051,-0.407792,0.042132,-1.903257,-0.093556,0.853669,-0.052594,0.4,197.405
520,cruise,3390.81644,67.409604,49.942698,99.032773,219.716916,670.693533,18.547653,1.094206,13.756293,41.145894,4669.830978,vibration_bearing_fault,1,3,350,900,-3.961103,-0.436864,-0.454707,0.686998,-1.23811,0.112893,0.854572,-0.106516,0.4,197.4
521,cruise,3906.441889,66.710627,50.359202,96.361222,212.352212,678.713437,18.097366,1.096127,14.009733,41.092515,4497.863683,vibration_bearing_fault,1,3,350,900,1.923142,-0.464544,0.15389,-0.8571,1.925694,0.031553,0.846426,0.029149,0.4,197.395
522,cruise,3774.513193,69.623179,51.15346,94.732163,217.033795,676.943802,17.851601,1.057771,14.001319,41.945949,4356.229399,vibration_bearing_fault,1,3,350,900,-1.856289,0.860666,0.266849,-0.052646,2.214311,-0.065007,0.842198,-0.040952,0.4,197.39
523,cruise,3659.807149,73.294968,50.100324,94.656139,215.086242,677.318562,18.600473,1.077899,14.045501,42.059313,4511.193412,vibration_bearing_fault,1,3,350,900,-0.961595,-0.235961,0.314775,0.644698,-0.010843,-0.024959,0.853469,0.067232,0.4,197.385
524,cruise,3754.214862,70.01565,51.758479,94.96643,215.151689,673.707233,18.127979,1.183842,13.989371,41.435545,4496.354953,vibration_bearing_fault,1,3,350,900,1.343063,0.206472,0.325133,-2.276846,1.094911,-0.051994,0.851686,0.002718,0.4,197.38
525,cruise,3325.006043,73.34431,50.958469,94.990564,217.126704,685.342627,18.272237,1.078305,14.021611,39.56927,4636.551795,vibration_bearing_fault,1,3,350,900,-3.54217,-0.082599,-0.875606,-0.19433,0.188375,-0.03009,0.853078,0.011718,0.4,197.375
526,cruise,4048.037191,68.578474,52.299198,100.953161,215.792481,670.473639,18.45293,1.134841,13.697892,42.965049,4613.446038,vibration_bearing_fault,1,3,350,900,0.357586,-0.368956,1.16437,1.146529,-0.815023,0.328017,0.851795,0.084415,0.4,197.37
527,cruise,3412.587587,68.657103,50.755625,96.500038,213.702755,669.798536,18.005451,1.006302,14.162613,41.931601,4568.591371,vibration_bearing_fault,1,3,350,900,3.695509,0.116412,0.208558,-1.057884,-0.783095,-0.119655,0.855666,-0.13158,0.4,197.365
528,cruise,3919.249549,74.273951,50.806663,92.868539,214.714556,675.967496,18.224227,1.020161,14.061682,41.311079,4580.842087,vibration_bearing_fault,1,3,350,900,2.453599,0.516844,0.23962,-0.047902,1.062664,-0.134085,0.847685,0.000843,0.4,197.36
529,cruise,3542.17042,64.697336,50.777101,101.159837,216.217324,688.296206,18.245465,0.997353,13.610023,42.109251,4348.457416,vibration_bearing_fault,1,3,350,900,-2.916998,0.490867,-0.14692,-0.661804,-1.543652,0.1168,0.845074,-0.039093,0.4,197.355
530,cruise,3719.662958,70.261762,50.535565,95.653286,210.611097,672.558356,18.561849,1.074762,13.985342,45.024768,4417.980775,vibration_bearing_fault,1,3,350,900,2.299552,-0.265395,-0.405257,0.628341,-2.31113,0.080322,0.850368,-0.024659,0.4,197.35
531,cruise,3895.463038,68.404911,50.782733,94.742625,212.824225,681.42975,18.161077,1.110546,13.911316,41.092801,4557.734726,vibration_bearing_fault,1,3,350,900,-4.833185,0.006473,0.537412,-0.286396,-0.436463,0.086171,0.859568,0.092499,0.4,197.345
532,cruise,3968.222478,71.720092,50.98003,95.875284,215.321985,683.438103,18.156567,1.076777,13.839371,40.881433,4639.157979,vibration_bearing_fault,1,3,350,900,-1.95613,-0.079738,0.046942,-1.092828,-1.29432,-0.083289,0.858163,-0.100309,0.4,197.34
533,cruise,3457.482008,71.266183,51.027423,97.194391,220.150415,682.269692,18.308586,1.082833,14.159004,42.244658,4498.581516,vibration_bearing_fault,1,3,350,900,3.199951,0.374745,-0.063124,0.287576,-2.81169,-0.111819,0.849631,-0.168371,0.4,197.335
534,cruise,4002.345245,74.204286,51.39473,96.213873,213.804593,678.151537,18.555347,1.033159,13.950077,42.784579,4510.755806,vibration_bearing_fault,1,3,350,900,0.144883,-0.416827,-0.107861,0.298279,-0.927523,0.21141,0.843208,-0.108705,0.4,197.33
535,cruise,3539.343356,70.243804,51.216614,97.811122,215.108367,680.716347,18.82468,1.030646,13.883092,41.483204,4718.311346,vibration_bearing_fault,1,3,350,900,4.923178,0.324248,-0.064645,-1.018389,-0.243651,-0.03803,0.852648,0.071495,0.4,197.325
536,cruise,3498.204531,66.992568,50.815402,95.47239,213.347236,684.107781,18.378554,1.116261,13.947866,43.51154,4577.444011,vibration_bearing_fault,1,3,350,900,0.198783,-0.435471,0.286496,-1.22271,-0.271499,-0.164309,0.843038,-0.253047,0.4,197.32
537,cruise,3708.055424,68.912094,50.727348,95.142959,217.45342,692.377425,18.180738,1.084833,13.812983,43.05228,4354.024256,vibration_bearing_fault,1,3,350,900,-2.309277,-1.064959,-0.876871,-0.389043,0.914225,0.095266,0.845776,0.066353,0.4,197.315
538,cruise,3974.382481,65.366623,50.852709,97.614025,215.982218,680.025257,18.475881,1.127445,14.281194,39.661175,4570.064106,vibration_bearing_fault,1,3,350,900,4.069098,-0.316683,0.451872,0.700158,0.7458,0.232657,0.84733,-0.070358,0.4,197.31
539,cruise,3705.122602,73.016411,51.625011,97.578925,217.324963,683.631744,17.904533,1.009042,14.013503,43.734021,4600.118755,vibration_bearing_fault,1,3,350,900,-2.41296,0.135512,-0.012483,-1.044194,1.264766,-0.253926,0.852204,0.010634,0.4,197.305
540,cruise,3768.715963,67.200158,50.667788,98.240473,215.292865,681.244353,18.48352,1.031748,14.086973,41.37278,4440.746231,vibration_bearing_fault,1,3,350,900,1.697622,-0.298418,-0.526969,-2.266274,-1.442447,0.009259,0.85033,-0.016919,0.4,197.3
541,cruise,3622.878011,72.160292,49.742413,98.736076,215.799329,676.250945,18.351472,1.089253,13.888604,41.816872,4459.812987,vibration_bearing_fault,1,3,350,900,1.475067,0.359281,0.473171,1.448061,-0.944384,-0.073585,0.8465,0.030995,0.4,197.295
542,cruise,3303.8413,68.772653,50.827986,99.064594,216.655719,675.928486,18.162852,1.054575,13.889288,43.041342,4424.210235,vibration_bearing_fault,1,3,350,900,3.214433,0.082551,-1.488849,-0.188003,-1.688854,-0.106479,0.844762,0.041304,0.4,197.29
543,cruise,3728.258011,70.109917,51.04788,97.107295,217.877223,675.951259,18.367622,0.956359,13.981639,41.283682,4618.268986,vibration_bearing_fault,1,3,350,900,-0.356538,0.709526,0.171754,0.191376,0.387438,-0.246184,0.85278,-0.118484,0.4,197.285
544,cruise,3772.840785,68.014521,51.542707,98.376271,217.396234,680.210937,18.315236,1.052033,14.000649,42.445781,4436.234323,vibration_bearing_fault,1,3,350,900,0.052744,1.124467,0.86299,-1.208427,-2.051416,0.003892,0.851388,-0.109051,0.4,197.28
545,cruise,3691.259307,66.38553,51.391608,97.635551,215.122575,679.21041,18.212579,1.061954,13.965487,41.551204,4476.480107,vibration_bearing_fault,1,3,350,900,-2.433263,0.437958,0.135975,0.22934,-1.209577,0.244127,0.843021,0.091612,0.4,197.275
546,cruise,3583.751012,70.360625,51.171748,101.650875,213.49801,680.442506,17.955387,1.132163,13.860205,41.567491,4491.845299,vibration_bearing_fault,1,3,350,900,-0.141319,-0.715672,0.262941,1.21228,0.41322,0.048645,0.843975,0.03882,0.4,197.27
547,cruise,3702.849641,69.207857,50.953943,100.111033,214.312362,675.370768,18.247868,1.056778,13.910769,42.207893,4354.40843,vibration_bearing_fault,1,3,350,900,-1.569276,-0.173003,-0.628382,-0.618156,-1.086541,0.142777,0.85239,-0.068447,0.4,197.265
548,cruise,3480.786139,64.160551,51.825135,96.553966,214.703349,681.210609,18.278917,1.032727,14.099688,42.42134,4539.561674,vibration_bearing_fault,1,3,350,900,-3.628237,-0.447903,-0.007494,1.034052,-1.210851,0.17138,0.849995,0.003713,0.4,197.26
549,cruise,4005.878407,66.906213,51.955364,97.662661,210.625257,674.09503,18.252728,1.102656,14.280327,41.300637,4069.192548,vibration_bearing_fault,1,3,350,900,-3.302016,-0.492261,0.178802,0.909776,0.423229,0.067515,0.84628,-0.072668,0.4,197.255
550,cruise,3592.781867,66.893705,50.519949,98.163461,216.248853,682.553737,18.45259,1.043773,14.049336,42.510519,4457.415695,vibration_bearing_fault,1,3,350,900,1.876402,0.157118,-0.101689,-0.355057,0.644729,0.03701,0.841451,0.047664,0.4,197.25
551,cruise,3583.933158,64.390894,50.204482,94.280637,214.275352,676.121752,18.337643,0.966523,13.901879,42.39127,4597.224739,vibration_bearing_fault,1,3,350,900,1.257739,0.869043,0.454541,0.969993,-0.923411,-0.011769,0.848154,-0.031593,0.4,197.245
552,cruise,3508.928229,70.746719,50.751471,100.41827,211.856077,682.708805,18.199339,1.041251,13.63074,42.464047,4279.655186,vibration_bearing_fault,1,3,350,900,-0.610327,-0.365222,0.125178,1.438396,-0.928652,0.093053,0.851671,-0.154347,0.4,197.24
553,cruise,3503.259992,74.431466,50.804481,98.6789,215.141522,674.839108,18.161727,1.042795,13.911807,41.095347,4586.155415,vibration_bearing_fault,1,3,350,900,-1.004222,-0.2518,-0.086752,0.108296,-2.641395,-0.133728,0.848618,0.086167,0.4,197.235
554,cruise,3667.482263,74.090034,50.838211,97.134001,214.898019,676.706447,18.298693,1.073747,13.977559,42.85224,4526.850924,vibration_bearing_fault,1,3,350,900,1.398582,-0.229826,-0.730173,-0.286026,0.507425,-0.228787,0.844088,-0.101122,0.4,197.23
555,cruise,3905.537508,72.645196,50.032723,96.9353,214.888179,675.498327,18.447759,1.029981,13.987539,41.150459,4629.856959,vibration_bearing_fault,1,3,350,900,0.392311,0.171692,-0.028268,0.139371,-1.429679,-0.202974,0.849343,-0.097871,0.4,197.225
556,cruise,3734.381723,67.741542,50.806474,99.744456,217.079624,678.636045,18.403351,1.062345,14.052377,41.10966,4449.879357,vibration_bearing_fault,1,3,350,900,-0.11971,0.573157,-0.393593,0.274783,1.67438,0.179077,0.83958,0.041633,0.4,197.22
557,cruise,3488.158001,67.810399,50.476414,101.426667,215.179679,678.342053,18.329972,0.98077,13.848487,42.236967,4417.960431,vibration_bearing_fault,1,3,350,900,1.505437,0.300677,0.391004,-0.977467,1.067942,0.046839,0.848711,0.075037,0.4,197.215
558,cruise,3667.452019,72.04807,50.847206,96.523675,218.517205,677.003291,18.372285,1.041428,14.083869,41.829842,4604.928956,vibration_bearing_fault,1,3,350,900,2.809891,-0.225763,0.880119,-0.371238,1.069723,-0.127467,0.845917,0.099202,0.4,197.21
559,cruise,3587.458081,67.447192,52.163915,97.204139,214.835545,674.936921,18.221266,1.077864,13.759268,43.430777,4391.224666,vibration_bearing_fault,1,3,350,900,2.386576,-0.634897,-0.166675,2.129594,-0.608657,0.064093,0.840769,0.148075,0.4,197.205
560,cruise,3770.40725,66.686875,50.917052,96.473184,220.267282,679.378145,18.60654,1.001186,13.939582,40.243835,4541.424543,vibration_bearing_fault,1,3,350,900,-5.155673,-0.233774,-0.220133,0.144104,-1.696625,0.136232,0.848309,-0.078225,0.4,197.2
561,cruise,3636.982779,69.314505,50.496895,98.121983,215.235463,680.625628,18.368358,1.076469,13.813765,40.829623,4494.361708,vibration_bearing_fault,1,3,350,900,-3.191162,0.403508,-0.198861,-0.054633,-1.818154,-0.185322,0.853312,0.079624,0.4,197.195
562,cruise,3479.936182,68.868561,50.95668,99.776923,214.620726,679.033211,18.539098,1.027199,14.158029,42.505706,4442.410926,vibration_bearing_fault,1,3,350,900,-1.043875,-0.063577,0.804347,1.168489,-1.447453,-0.237954,0.850972,0.065656,0.4,197.19
563,cruise,3658.921785,72.22953,50.893966,98.858794,215.092194,681.787444,18.39026,1.121583,13.920143,41.138583,4489.874292,vibration_bearing_fault,1,3,350,900,3.700283,-0.271837,0.684345,0.359575,-0.162272,0.231788,0.855753,0.083638,0.4,197.185
564,cruise,3608.738054,70.168695,51.105558,96.684629,216.857656,684.098936,18.46926,1.087674,13.751062,41.9872,4488.016774,vibration_bearing_fault,1,3,350,900,2.73929,0.005533,-0.113715,-0.256188,-1.913593,-0.274784,0.852197,0.073723,0.4,197.18
565,cruise,3771.625223,68.01795,49.99368,98.436257,215.449306,681.788279,18.300134,1.14729,13.873769,42.561452,4485.314684,vibration_bearing_fault,1,3,350,900,-0.477475,0.31899,0.281686,0.780185,-0.473976,-0.030542,0.856778,-0.007973,0.4,197.175
566,cruise,3526.810513,71.013331,50.990765,98.69361,210.185089,679.820289,18.58383,0.987614,13.942963,40.615386,4477.467061,vibration_bearing_fault,1,3,350,900,-3.650994,0.631529,0.093227,-0.920518,-0.231952,0.077454,0.859733,0.02956,0.4,197.17
567,cruise,3689.034613,72.845063,50.757274,98.851147,218.419851,678.661155,18.265564,1.052304,13.969084,40.065919,4355.579114,vibration_bearing_fault,1,3,350,900,1.326242,0.363944,-0.726942,-1.248126,-0.693115,-0.017645,0.844979,0.005793,0.4,197.165
568,cruise,3607.018234,66.146874,51.078624,96.748003,213.319071,679.875925,18.195547,1.069939,13.894693,41.747617,4475.22465,vibration_bearing_fault,1,3,350,900,0.271414,0.465859,-0.867545,-0.74471,0.840808,-0.06439,0.846973,0.058075,0.4,197.16
569,cruise,3643.596141,70.618485,51.022155,101.375534,215.948298,681.06842,18.069432,1.009096,13.970305,41.824293,4416.424358,vibration_bearing_fault,1,3,350,900,0.475626,0.477459,-0.126959,1.226467,0.062446,-0.094361,0.85233,0.08664,0.4,197.155
570,cruise,3602.951363,70.348912,50.551037,97.404467,212.512472,687.635337,18.255211,1.045653,13.884596,43.931419,4599.655343,vibration_bearing_fault,1,3,350,900,0.08792,-0.446444,0.02508,-0.210925,-0.908275,-0.004879,0.846624,0.1718,0.4,197.15
571,cruise,3852.832926,70.610839,50.477015,96.603072,217.139416,676.545657,18.041324,1.093662,13.865915,42.402562,4512.694003,vibration_bearing_fault,1,3,350,900,2.790459,1.081262,-0.613489,-1.20995,-1.847644,-0.173148,0.851232,-0.094273,0.4,197.145
572,cruise,4010.264841,69.466039,51.320918,100.19696,214.448894,683.862563,18.546523,1.070797,13.738899,41.206175,4574.460045,vibration_bearing_fault,1,3,350,900,-3.590113,0.266138,0.434425,-0.620858,0.940682,-0.200042,0.842915,-0.054287,0.4,197.14
573,cruise,3791.609351,66.708831,49.976819,97.926347,213.813893,681.52848,18.063723,1.107887,14.12572,42.425092,4579.788747,vibration_bearing_fault,1,3,350,900,-0.410287,-0.145293,0.30839,-1.619231,-0.169441,0.124536,0.848839,-0.007266,0.4,197.135
574,cruise,3636.415807,71.92839,51.327525,99.455056,213.964626,678.584725,18.077586,1.048097,13.862185,40.866692,4474.65323,vibration_bearing_fault,1,3,350,900,-0.893351,0.850543,0.508667,0.571587,-0.32396,0.133498,0.851335,-0.192662,0.4,197.13
575,cruise,3765.57181,66.279138,50.909148,97.875452,218.990617,680.097829,18.208308,1.068161,14.027609,41.401966,4298.718266,vibration_bearing_fault,1,3,350,900,-2.915761,-0.008381,0.93532,1.317204,-0.679396,0.182719,0.84782,0.052851,0.4,197.125
576,cruise,3940.688938,78.012814,50.834485,96.705378,213.773647,674.316654,18.419968,1.024585,13.883285,42.724453,4473.82922,vibration_bearing_fault,1,3,350,900,-2.939399,0.679252,-0.445408,0.571025,1.175846,-0.17366,0.853527,0.016157,0.4,197.12
577,cruise,4052.386301,66.375131,50.814474,96.465619,219.714819,683.099679,18.007324,1.02518,13.911833,42.942601,4361.890327,vibration_bearing_fault,1,3,350,900,1.660285,-0.509145,-0.358244,0.541304,2.171616,0.000994,0.852105,-0.017385,0.4,197.115
578,cruise,3538.784107,72.67723,51.664601,98.550621,218.696599,675.707308,18.479126,0.99185,14.267098,41.084315,4613.498904,vibration_bearing_fault,1,3,350,900,-2.279231,-0.408677,-0.701349,1.462046,-0.205405,0.121847,0.858133,-0.129055,0.4,197.11
579,cruise,3671.942708,63.672637,50.529111,95.967219,215.206627,675.714535,18.190461,0.942089,14.005228,40.623296,4504.664008,vibration_bearing_fault,1,3,350,900,5.668415,-0.698292,-0.508244,-0.266034,-0.828019,0.155545,0.856318,0.023574,0.4,197.105
580,cruise,3492.502719,68.067632,50.067444,101.702257,214.074808,671.814593,18.612253,1.048516,13.791267,40.231696,4580.118767,vibration_bearing_fault,1,3,350,900,2.141803,0.498857,-0.085038,-1.331624,-0.019806,-0.120495,0.850371,0.034177,0.4,197.1
581,cruise,3709.198861,71.917197,50.948955,93.515646,216.190086,680.551398,18.81883,1.054211,14.090882,42.151007,4526.220611,vibration_bearing_fault,1,3,350,900,1.252416,0.494998,0.756386,-1.217005,-0.310594,-0.121022,0.853838,0.041338,0.4,197.095
582,cruise,3818.194955,69.809593,51.055027,100.234036,215.4899,676.735403,18.410256,1.069686,14.151067,44.084225,4556.014934,vibration_bearing_fault,1,3,350,900,-0.248883,0.325631,-0.03695,0.035061,0.845752,-0.208106,0.843862,0.051908,0.4,197.09
583,cruise,3715.72857,69.903567,50.968708,99.789615,218.839791,678.260884,18.201376,1.053382,13.711405,42.14034,4463.288928,vibration_bearing_fault,1,3,350,900,-0.457179,-0.047212,-0.41072,-0.531597,0.040694,0.045078,0.843469,-0.138396,0.4,197.085
584,cruise,3861.79062,67.939647,50.691159,98.724157,215.458735,676.281298,18.081687,1.005261,13.597245,40.521537,4474.971748,vibration_bearing_fault,1,3,350,900,0.84556,0.104664,-0.333747,0.990337,-2.483713,-0.082809,0.849646,-0.02506,0.4,197.08
585,cruise,3885.314579,69.064499,50.910936,100.237756,213.656887,680.70143,18.371206,1.048583,14.025689,41.474418,4316.287107,vibration_bearing_fault,1,3,350,900,-1.673008,-0.507251,0.491626,0.252131,-0.555903,-0.025563,0.85134,-0.002485,0.4,197.075
586,cruise,3899.358818,69.634489,50.906038,97.608119,217.879348,681.834518,18.354526,1.103148,14.05256,41.787011,4372.835113,vibration_bearing_fault,1,3,350,900,1.30122,0.022015,0.094219,-0.756244,-0.490497,-0.064038,0.845558,0.074481,0.4,197.07
587,cruise,3541.99282,69.319451,50.871477,98.56102,217.257063,664.243328,18.268596,1.045968,14.004115,43.055493,4570.119072,vibration_bearing_fault,1,3,350,900,1.019076,-0.379969,0.099609,-0.187307,1.61143,0.125165,0.843753,-0.008287,0.4,197.065
588,cruise,3649.871116,69.835476,50.777313,91.794334,212.986576,679.548659,18.380419,1.058079,14.056176,41.954428,4368.266132,vibration_bearing_fault,1,3,350,900,-2.106806,0.173936,0.100673,0.813972,0.027545,-0.17842,0.854239,-0.084727,0.4,197.06
589,cruise,3723.505339,68.648801,50.592135,100.743709,209.379334,679.962657,18.663255,1.070579,13.94633,41.873959,4552.758261,vibration_bearing_fault,1,3,350,900,-6.045558,0.578308,-0.579027,-0.243461,-1.561347,0.00978,0.850947,-0.087026,0.4,197.055
590,cruise,3548.129571,65.265238,50.94961,99.860082,215.387238,679.53529,18.260638,0.980879,14.026687,42.58247,4567.747764,vibration_bearing_fault,1,3,350,900,1.096335,-0.421502,-0.694589,0.998301,0.014994,-0.137057,0.849686,-0.060831,0.4,197.05
591,cruise,3972.190658,69.903288,50.797785,97.079185,215.257615,675.439339,18.301863,1.100014,13.782351,41.04597,4471.486636,vibration_bearing_fault,1,3,350,900,0.440477,0.064561,-0.440841,1.084299,-0.421859,0.311636,0.859114,-0.087543,0.4,197.045
592,cruise,3542.040425,66.316505,51.158325,93.125074,215.212415,679.916677,18.420188,1.081902,13.84249,40.994076,4697.118405,vibration_bearing_fault,1,3,350,900,0.278557,0.116603,0.051712,0.703457,2.921012,0.118219,0.846775,-0.192831,0.4,197.04
593,cruise,3591.275212,68.544325,50.063583,96.484769,213.154358,679.614669,18.235387,0.958872,13.997768,41.246132,4523.027904,vibration_bearing_fault,1,3,350,900,3.788792,-0.701414,0.730565,0.940664,-4.032558,0.051005,0.853932,0.119093,0.4,197.035
594,cruise,3571.948181,76.10645,50.625869,99.213148,213.362793,672.776119,18.613952,1.077576,14.062613,41.571529,4523.5799,vibration_bearing_fault,1,3,350,900,2.937313,0.613682,-0.639289,-0.570291,-0.146749,-0.518437,0.844904,0.033161,0.4,197.03
595,cruise,3829.607528,71.450327,50.795874,98.872856,217.04967,674.047843,18.593497,1.082784,13.955403,40.889992,4409.461974,vibration_bearing_fault,1,3,350,900,2.398234,-0.286801,-0.187869,-0.073277,1.080202,-0.046568,0.848596,0.009741,0.4,197.025
596,cruise,3571.066754,70.610285,51.320346,97.522827,218.723911,679.133614,18.342252,1.055132,14.022414,42.250818,4543.482138,vibration_bearing_fault,1,3,350,900,-0.271505,-0.748829,0.077127,1.166402,-2.377114,-0.057777,0.852377,-0.050527,0.4,197.02
597,cruise,4155.788511,74.658272,51.069406,97.175935,214.918485,685.21264,18.21737,1.094307,13.913571,42.238334,4516.958504,vibration_bearing_fault,1,3,350,900,-4.561845,0.375968,-0.627043,0.662915,-0.138921,0.154829,0.848764,0.062429,0.4,197.015
598,cruise,3488.635227,67.115725,51.610238,98.488067,215.116453,682.274859,18.239574,0.996269,13.997174,40.938403,4624.980877,vibration_bearing_fault,1,3,350,900,-0.427289,0.35799,0.176141,-0.334182,-0.133483,-0.028157,0.854813,-0.179513,0.4,197.01
599,cruise,3742.966661,72.983663,50.780801,101.655467,214.698703,677.242862,18.377835,1.031182,13.828263,42.852671,4534.678374,vibration_bearing_fault,1,3,350,900,3.146041,-0.066757,-0.390522,0.361897,-1.411654,-0.191213,0.849748,-0.020295,0.4,197.005
600,cruise,3963.736334,73.126339,50.685933,100.121829,212.297848,684.897227,18.197385,1.064613,13.833964,41.854067,4481.591702,vibration_bearing_fault,1,3,350,900,-6.305476,0.232848,0.715889,-1.555331,-3.073997,0.062307,0.850525,-0.074802,0.4,197.0
601,cruise,3982.988897,68.499584,50.73506,94.983303,214.526987,681.395289,18.451243,1.10613,13.927199,40.489027,4502.955308,vibration_bearing_fault,1,3,350,900,-2.206232,0.108708,0.695108,0.674148,2.743799,0.090214,0.859399,0.053058,0.4,196.995
602,cruise,3908.121396,68.468067,50.527282,95.292965,217.348089,681.398908,18.393024,1.006288,14.003731,41.697483,4498.506324,vibration_bearing_fault,1,3,350,900,2.071713,-0.175991,-0.39029,-0.662955,1.870302,0.150235,0.853665,-0.013338,0.4,196.99
603,cruise,3635.736098,68.501721,51.124349,98.828633,216.472392,682.522265,18.088304,1.100799,13.750403,42.506915,4423.457287,vibration_bearing_fault,1,3,350,900,0.028483,-0.107619,0.259793,1.355336,0.16183,-0.211242,0.846941,-0.025592,0.4,196.985
604,cruise,3924.394416,71.15067,51.767112,99.931844,212.576781,683.051058,18.273386,1.111201,14.039412,41.58225,4510.650008,vibration_bearing_fault,1,3,350,900,4.937472,-0.225273,0.337504,0.759681,-1.686304,0.148058,0.848286,-0.081282,0.4,196.98
605,cruise,3589.721543,68.280513,50.846357,96.543218,212.161635,672.663761,18.066735,1.062696,14.263808,41.150334,4522.792078,vibration_bearing_fault,1,3,350,900,0.366776,0.246539,-1.124277,-0.23976,0.990334,-0.135434,0.841628,0.109389,0.4,196.975
606,cruise,3795.916755,66.595629,52.408993,97.372922,215.579745,674.426173,18.313812,1.067395,13.929023,44.759021,4397.57886,vibration_bearing_fault,1,3,350,900,-2.662099,0.328953,-1.109105,-0.031237,3.860206,-0.043525,0.855056,-0.001996,0.4,196.97
607,cruise,3822.037889,75.471407,51.211767,95.833553,215.236172,675.343071,18.376366,1.055336,13.821517,41.976523,4460.346735,vibration_bearing_fault,1,3,350,900,-3.823835,-0.219596,0.112554,-0.443608,-0.588888,0.010937,0.84926,-0.12161,0.4,196.965
608,cruise,3934.449691,79.021704,50.573944,96.463689,215.011392,681.446105,18.383155,1.053356,13.898019,43.940206,4402.28195,vibration_bearing_fault,1,3,350,900,-0.471846,-0.638579,0.209078,1.780867,-2.651003,-0.126004,0.850667,-0.040706,0.4,196.96
609,cruise,3813.236514,74.523016,50.677002,98.715035,217.912481,675.056198,18.175719,1.035124,13.810758,41.336919,4562.437313,vibration_bearing_fault,1,3,350,900,-1.584715,0.174331,0.971567,1.44486,1.365736,0.024031,0.847973,-0.030144,0.4,196.955
610,cruise,3787.164576,70.114648,50.286002,95.582215,216.628885,683.076534,18.268185,0.995076,13.922556,41.332902,4438.801041,vibration_bearing_fault,1,3,350,900,0.931731,-0.285275,-0.689461,-0.750862,0.017834,0.217057,0.851197,-0.056919,0.4,196.95
611,cruise,4133.351221,69.721318,51.486963,96.093033,215.978712,679.49049,18.540398,1.019592,14.030524,40.838835,4404.782515,vibration_bearing_fault,1,3,350,900,0.353811,-0.059924,0.009404,0.353866,-1.32098,-0.119257,0.852842,0.12849,0.4,196.945
612,cruise,3830.04155,68.311083,51.592427,98.540453,215.946159,680.877581,18.667272,1.11988,13.876862,43.305635,4537.424995,vibration_bearing_fault,1,3,350,900,-1.173751,-0.051191,-0.917314,-0.208955,-0.956167,-0.144249,0.850123,0.031269,0.4,196.94
613,cruise,3791.903776,73.319794,50.476318,101.444835,215.764917,682.94875,18.337728,1.087456,13.698581,43.118887,4472.171594,vibration_bearing_fault,1,3,350,900,2.755341,-0.346865,-0.444082,0.01083,0.785967,0.124484,0.851564,0.000572,0.4,196.935
614,cruise,4095.757034,73.17831,51.760331,95.096452,215.790974,675.754735,17.84785,1.06981,13.83681,41.491685,4555.331902,vibration_bearing_fault,1,3,350,900,-5.353214,-0.240971,0.221106,-1.394343,-0.336568,-0.415042,0.848405,-0.051946,0.4,196.93
615,cruise,3920.217031,74.135614,51.361971,99.675403,214.976387,676.576715,18.192833,1.053069,13.787004,40.678938,4355.101208,vibration_bearing_fault,1,3,350,900,-0.493167,-0.535421,-0.153559,-0.0257,0.426695,0.158726,0.85179,-0.091039,0.4,196.925
616,cruise,3379.346919,67.508601,50.955815,98.080509,213.689437,670.677865,18.273036,0.958234,13.963474,43.269245,4441.975056,vibration_bearing_fault,1,3,350,900,-5.320326,-0.009463,0.05196,0.091116,-0.593222,0.108154,0.853823,0.022108,0.4,196.92
617,cruise,3601.897052,66.704752,50.836779,99.426195,213.579348,673.085331,18.560227,1.045483,13.782744,41.763912,4489.051472,vibration_bearing_fault,1,3,350,900,-0.137722,0.573115,0.818982,-1.145087,1.47918,-0.178545,0.84365,0.074109,0.4,196.915
618,cruise,3484.439236,71.836318,50.36171,98.322403,214.358968,668.85902,18.122931,0.995765,14.124363,41.652308,4636.174344,vibration_bearing_fault,1,3,350,900,-3.12545,0.480499,-0.065034,0.069221,0.912969,-0.117515,0.843024,0.033408,0.4,196.91
619,cruise,3716.230007,62.58517,51.860811,96.584067,215.16678,675.489022,18.307596,1.036731,13.728251,41.550829,4656.633987,vibration_bearing_fault,1,3,350,900,1.345164,-0.133702,0.469436,-0.62334,0.789206,0.258441,0.851912,-0.063257,0.4,196.905
620,cruise,3654.947895,67.979035,50.392709,97.916203,214.298141,675.84111,18.371104,1.000202,13.839658,41.31053,4554.878745,vibration_bearing_fault,1,3,350,900,2.287428,0.388437,-0.08242,0.621718,0.348533,0.142473,0.853916,-0.058819,0.4,196.9
621,cruise,3869.116458,71.192984,51.360751,94.306342,216.191678,678.558359,18.121292,1.160202,13.920526,40.898113,4623.840054,vibration_bearing_fault,1,3,350,900,-4.202184,-0.556741,-0.48302,0.858093,-0.445565,0.239757,0.849,0.140416,0.4,196.895
622,cruise,3939.68138,73.005571,50.826883,98.895087,217.55809,669.704105,18.37737,1.029954,14.052276,41.720804,4517.087316,vibration_bearing_fault,1,3,350,900,-0.715222,0.247185,0.195291,0.935465,4.057223,0.111046,0.855766,-0.067838,0.4,196.89
623,cruise,3704.788201,70.204949,51.377856,96.875699,215.576444,680.902527,18.481546,1.072643,14.251363,42.598269,4589.037727,vibration_bearing_fault,1,3,350,900,-4.503912,0.332041,0.341824,0.521636,-0.76522,-0.213112,0.849712,-0.026159,0.4,196.885
624,cruise,3731.934186,68.501291,50.754461,96.15066,216.795572,673.266198,18.265363,0.994323,13.99493,41.907765,4513.629017,vibration_bearing_fault,1,3,350,900,2.696703,0.313864,0.41684,1.368782,0.224039,0.065652,0.854356,0.094943,0.4,196.88
625,cruise,3512.637499,68.662448,50.607788,96.461365,213.465492,678.915241,18.227198,1.087292,13.933072,41.13912,4449.415086,vibration_bearing_fault,1,3,350,900,1.515501,-0.539179,-0.20715,-1.127579,-1.899177,-0.135938,0.853297,0.095713,0.4,196.875
626,cruise,3681.390023,66.117954,51.074458,99.097402,216.763422,677.504691,18.046861,1.027872,14.029684,42.436244,4610.916735,vibration_bearing_fault,1,3,350,900,-1.950662,0.022193,-0.808031,-1.661981,-0.77325,0.238226,0.84997,-0.02304,0.4,196.87
627,cruise,3921.427529,68.427677,51.662047,96.975412,215.757251,682.006329,18.287367,1.029677,14.152267,42.379916,4582.317419,vibration_bearing_fault,1,3,350,900,0.7471,-0.646882,-0.059871,0.075981,2.127238,-0.100309,0.848105,-0.06843,0.4,196.865
628,cruise,3935.42659,70.684303,50.125295,98.660107,216.485863,682.813208,18.281211,0.977224,14.157685,43.017323,4693.114987,vibration_bearing_fault,1,3,350,900,2.671963,1.296551,0.518532,-0.746179,0.270554,0.006103,0.844655,-0.133339,0.4,196.86
629,cruise,3525.641595,76.150789,50.575321,96.391744,218.79902,675.17203,18.360667,1.126876,13.836611,41.864596,4464.235367,vibration_bearing_fault,1,3,350,900,-1.596914,-0.055596,0.409881,0.817906,-0.807317,-0.23411,0.864293,0.039422,0.4,196.855
630,cruise,3806.401933,65.135309,51.196302,100.406327,221.143658,685.028821,18.312105,1.069913,14.1104,42.730817,4403.704872,vibration_bearing_fault,1,3,350,900,-0.258479,0.475736,0.424026,-0.841553,-0.482236,0.088164,0.847376,-0.055283,0.4,196.85
631,cruise,3719.239616,68.738579,51.573341,99.202517,213.982605,663.197905,18.421934,1.063293,14.041279,41.413089,4341.694692,vibration_bearing_fault,1,3,350,900,-2.484182,-0.420693,0.144037,-1.045345,0.436672,0.184839,0.859936,0.016577,0.4,196.845
632,cruise,3936.728633,68.344938,51.218925,97.948097,215.562005,677.819747,17.98408,1.07489,13.775368,42.835952,4419.166353,vibration_bearing_fault,1,3,350,900,1.383167,0.101473,-0.400176,0.060548,-1.919422,-0.163884,0.849559,-0.126818,0.4,196.84
633,cruise,3552.686971,69.465963,51.257574,94.380249,213.460318,671.759428,18.104533,1.139947,13.751204,42.108957,4514.088651,vibration_bearing_fault,1,3,350,900,6.497959,0.872262,0.197977,0.511915,-0.4085,-0.32133,0.847888,0.09432,0.4,196.835
634,cruise,3748.481523,70.020925,52.020179,93.273097,214.525846,676.608188,18.661492,1.033591,13.843012,41.618934,4443.743046,vibration_bearing_fault,1,3,350,900,-6.498738,-0.443021,0.390712,1.409239,1.48576,0.029928,0.85058,-0.034788,0.4,196.83
635,cruise,3617.497148,67.18333,51.112104,98.28846,216.900741,673.901879,18.225947,1.015376,13.840853,42.863313,4536.182263,vibration_bearing_fault,1,3,350,900,1.305923,-0.129437,0.28448,-2.17795,-1.539614,0.041731,0.857119,0.049817,0.4,196.825
636,cruise,3836.291097,64.594189,50.850229,97.297476,217.007387,679.642269,18.241976,1.111824,13.809142,41.783621,4584.743386,vibration_bearing_fault,1,3,350,900,2.022601,0.63973,-0.244232,-0.543126,-1.42683,0.022423,0.853686,0.070338,0.4,196.82
637,cruise,3878.46132,75.221993,51.114804,98.549571,212.067609,679.901221,18.243536,1.066968,13.921013,42.67052,4448.65079,vibration_bearing_fault,1,3,350,900,2.264708,0.952886,-0.110251,-0.488828,-1.470553,0.077268,0.849222,-0.038359,0.4,196.815
638,cruise,3764.452651,67.445073,50.832547,99.096039,210.522015,678.259878,18.152225,1.040481,13.977712,40.917519,4479.834895,vibration_bearing_fault,1,3,350,900,0.885033,0.068184,-0.399221,0.171462,-0.375,-0.2697,0.856527,0.024742,0.4,196.81
639,cruise,3562.147253,69.215029,50.668155,96.413799,220.008513,674.807083,18.351147,1.051896,13.880276,41.364282,4552.444371,vibration_bearing_fault,1,3,350,900,-2.638401,0.112721,-0.056857,-0.285333,-2.154353,-0.025012,0.854509,-0.008476,0.4,196.805
640,cruise,3759.810668,63.896852,50.957748,95.228474,217.379296,675.03333,18.418628,0.957319,13.91124,41.596076,4507.868004,vibration_bearing_fault,1,3,350,900,-2.160934,-0.240216,-0.401695,1.291032,-0.095761,0.10876,0.84915,-0.032462,0.4,196.8
641,cruise,4004.813907,58.422203,50.974451,99.73474,216.526661,676.216867,18.587378,1.093398,13.856688,41.609718,4582.308303,vibration_bearing_fault,1,3,350,900,0.730532,0.410271,0.15947,-0.045287,-1.363482,0.006406,0.853127,0.064288,0.4,196.795
642,cruise,3509.129103,69.713232,49.711239,96.492695,216.970569,686.211916,18.088058,0.947239,13.764231,42.542631,4649.866587,vibration_bearing_fault,1,3,350,900,-2.569152,-0.433382,0.287478,0.828992,0.202388,0.285675,0.856956,-0.026068,0.4,196.79
643,cruise,4083.143684,70.66855,50.811601,96.665206,215.014612,673.819163,18.181875,1.121217,13.984164,40.964734,4511.433543,vibration_bearing_fault,1,3,350,900,0.285851,0.484014,0.073495,0.67676,-1.423022,0.198567,0.857937,-0.054358,0.4,196.785
644,cruise,3648.982093,69.038444,52.002811,95.555416,215.69257,672.298886,18.43429,1.068412,14.00908,40.583808,4521.794348,vibration_bearing_fault,1,3,350,900,0.434644,-0.461058,-0.691547,-1.093862,2.014126,0.181057,0.843495,-0.074912,0.4,196.78
645,cruise,3762.69297,61.916909,51.325548,95.555876,214.123301,685.095012,18.379586,1.143157,14.006038,42.427459,4582.54736,vibration_bearing_fault,1,3,350,900,-2.717505,-0.171336,0.591612,0.616268,-2.219097,0.25772,0.858028,-0.149543,0.4,196.775
646,cruise,4017.850623,69.307568,50.915824,95.832223,217.300806,674.495393,18.199794,1.039387,14.101094,42.427743,4534.16455,vibration_bearing_fault,1,3,350,900,-0.6358,-0.123894,0.408724,0.759139,0.845109,0.071533,0.854162,0.038342,0.4,196.77
647,cruise,4032.858371,70.368419,50.432968,93.844818,218.783684,669.467944,17.989386,1.064613,13.958963,40.903386,4436.337549,vibration_bearing_fault,1,3,350,900,2.6651,0.523835,0.254779,-0.890026,-1.376478,-0.084646,0.847764,-0.068404,0.4,196.765
648,cruise,3543.929604,72.139097,51.028135,96.073118,213.035709,678.645452,18.110991,1.035383,13.939161,42.34015,4359.515518,vibration_bearing_fault,1,3,350,900,0.593508,0.321319,-0.32291,-1.186707,-0.224567,-0.079701,0.854919,-0.051999,0.4,196.76
649,cruise,3764.987331,77.479847,50.86191,95.3763,215.89523,680.220171,18.053696,1.069247,13.835489,42.39431,4393.588357,vibration_bearing_fault,1,3,350,900,-0.858983,0.999836,-0.01881,-0.487414,-1.824676,0.067498,0.848283,0.020079,0.4,196.755
650,cruise,3766.546595,68.216005,50.300762,95.963922,212.287469,688.410264,18.132337,1.068973,13.91004,43.214983,4339.879742,vibration_bearing_fault,1,3,350,900,-0.137863,-0.745108,-0.366905,0.167591,-3.723452,-0.026204,0.85218,-0.02419,0.4,196.75
651,cruise,3654.678204,66.503653,50.805775,98.06124,219.157988,676.152236,18.520949,1.088616,13.714719,40.482384,4449.532281,vibration_bearing_fault,1,3,350,900,2.041576,0.332471,0.434472,-0.352263,1.198307,0.036258,0.854567,-0.054243,0.4,196.745
652,cruise,3605.728821,71.650848,50.098102,98.887359,217.004103,676.910408,18.41899,1.01756,13.980582,42.942962,4626.817868,vibration_bearing_fault,1,3,350,900,0.115715,0.252624,0.350039,-0.617256,1.470972,-0.116902,0.842016,0.02536,0.4,196.74
653,cruise,4101.467905,70.842864,50.460807,99.083268,217.627467,676.835501,18.694295,1.063681,13.992098,43.078979,4545.369482,vibration_bearing_fault,1,3,350,900,5.308936,-0.466493,0.128216,-1.401687,-0.44301,0.234084,0.844661,0.025189,0.4,196.735
654,cruise,3871.627475,78.06537,50.174788,97.577337,216.447645,672.597432,18.135072,1.0201,14.017342,42.13553,4701.939876,vibration_bearing_fault,1,3,350,900,4.364582,-0.259577,0.736611,-0.459632,-0.077351,0.095079,0.84455,0.069447,0.4,196.73
655,cruise,4002.945663,74.774558,51.464627,99.233994,213.298192,669.837472,18.571479,1.051438,14.04326,42.694013,4476.185557,vibration_bearing_fault,1,3,350,900,-1.235175,0.06207,0.100127,0.552312,0.348463,0.273265,0.847345,-0.05094,0.4,196.725
656,cruise,3806.874781,69.984532,50.579104,96.476132,214.619542,680.492062,18.311336,1.034901,13.786077,43.894627,4496.860389,vibration_bearing_fault,1,3,350,900,2.783311,-0.167878,-0.160248,1.036649,0.330641,-0.213248,0.851893,0.042995,0.4,196.72
657,cruise,3586.49617,69.196675,50.263113,101.435085,218.562029,676.602022,18.573992,1.137913,13.921398,42.015374,4441.893569,vibration_bearing_fault,1,3,350,900,-3.587083,-0.034846,0.187982,1.190104,-3.721347,-0.13892,0.856011,-0.070913,0.4,196.715
658,cruise,3649.845144,70.945381,50.811565,101.004814,218.303722,672.395084,18.681698,0.987288,14.252416,43.485682,4528.399276,vibration_bearing_fault,1,3,350,900,-6.844991,0.400589,0.454806,0.987252,-1.470763,-0.056042,0.847229,-0.006544,0.4,196.71
659,cruise,3951.253525,66.470913,51.760757,97.62982,212.391819,685.322065,18.46159,1.015897,13.908081,43.711223,4639.221573,vibration_bearing_fault,1,3,350,900,-0.248576,0.83056,-0.290138,-0.893146,-2.756934,0.026511,0.846254,0.01058,0.4,196.705
660,cruise,3663.642421,69.165754,51.020216,98.886313,214.523103,676.980092,18.213014,1.019818,14.147523,41.345996,4435.138842,vibration_bearing_fault,1,3,350,900,1.542004,-0.727331,-0.973877,0.31775,-0.677725,-0.185288,0.84377,-0.027374,0.4,196.7
661,cruise,4119.417369,66.975528,51.185004,97.963592,218.529601,672.019251,18.495105,0.969144,13.887868,42.085269,4551.49385,vibration_bearing_fault,1,3,350,900,-0.835615,0.380726,0.918042,-1.097064,1.870194,-0.126648,0.850189,-0.03201,0.4,196.695
662,cruise,3934.158712,72.766045,50.86114,100.448769,213.103893,676.296033,18.17016,1.067407,14.071662,43.09405,4479.317249,vibration_bearing_fault,1,3,350,900,1.421409,-0.487169,0.879358,0.50342,-0.913014,0.07505,0.854031,-0.018534,0.4,196.69
663,cruise,3788.097868,68.792326,51.490476,96.928604,214.820241,683.565787,18.417905,1.067059,13.906014,42.139307,4342.512418,vibration_bearing_fault,1,3,350,900,-1.320592,-0.554919,0.335862,0.24048,1.70904,-0.10665,0.84717,0.078017,0.4,196.685
664,cruise,3635.649969,69.318991,51.088258,98.488305,216.539868,678.092408,18.356127,1.090763,14.112546,41.336625,4513.000073,vibration_bearing_fault,1,3,350,900,2.166089,0.001479,0.860564,0.359037,-3.146004,-0.132878,0.850991,0.036697,0.4,196.68
665,cruise,3865.11406,68.782037,50.873706,94.66997,212.279517,671.090345,18.017395,1.056746,13.792419,43.031306,4496.446584,vibration_bearing_fault,1,3,350,900,-0.985446,-0.019989,0.445443,-0.918675,-0.974787,0.011118,0.850199,-0.028723,0.4,196.675
666,cruise,3724.676499,67.272577,50.239818,98.100819,215.477236,680.026112,18.216454,1.093015,13.900525,42.128371,4479.096661,vibration_bearing_fault,1,3,350,900,-6.018182,0.146936,0.471471,0.230838,1.870646,-0.065307,0.858133,0.068428,0.4,196.67
667,cruise,4005.284047,71.682941,50.573788,100.462979,217.261447,681.482407,18.629253,1.074379,13.957591,39.118085,4389.727274,vibration_bearing_fault,1,3,350,900,3.625113,0.381278,-0.134117,0.612995,0.422529,0.028804,0.850784,0.032987,0.4,196.665
668,cruise,3857.426629,68.651198,51.180675,99.998326,210.556005,672.914101,18.203951,0.98973,14.023927,42.102163,4521.719166,vibration_bearing_fault,1,3,350,900,6.928579,-0.022721,0.326859,1.200439,-0.473192,0.075904,0.856994,0.028371,0.4,196.66
669,cruise,3844.446634,65.478995,51.378683,96.102295,211.181704,673.709538,18.444794,0.954835,13.840111,42.093975,4499.862136,vibration_bearing_fault,1,3,350,900,9.535589,-0.125289,0.471998,-0.697359,0.626653,0.021207,0.859041,0.103057,0.4,196.655
670,cruise,3462.543654,70.834508,50.143439,95.837329,215.681509,684.096061,18.198832,1.032213,13.900211,42.786852,4500.274536,vibration_bearing_fault,1,3,350,900,-5.930389,-0.150936,-0.865683,0.505531,1.151971,-0.008681,0.848569,0.08578,0.4,196.65
671,cruise,3921.752301,68.502624,50.912065,97.459479,216.132745,677.845408,18.386699,1.06536,13.885067,42.335078,4523.404614,vibration_bearing_fault,1,3,350,900,-2.004674,0.054868,0.309937,0.403899,-0.805219,-0.001415,0.854711,0.033097,0.4,196.645
672,cruise,3284.896104,68.783922,50.370216,96.746991,215.212193,686.756009,18.197726,1.070818,14.008006,42.504978,4523.343464,vibration_bearing_fault,1,3,350,900,-3.004612,-0.355032,-0.035056,0.427366,-0.507033,-0.050711,0.84649,0.089245,0.4,196.64
673,cruise,3638.661428,70.576045,51.074699,99.561126,217.279337,681.42296,18.207202,1.030046,13.692279,43.194401,4511.931927,vibration_bearing_fault,1,3,350,900,-1.879751,0.543163,0.275263,0.673031,-2.825875,0.139245,0.846969,-0.081595,0.4,196.635
674,cruise,3783.109318,70.42891,51.003033,99.005929,216.750954,675.46975,18.035427,1.022985,13.861278,40.892813,4545.862862,vibration_bearing_fault,1,3,350,900,-1.679334,-1.157502,0.355243,-0.343493,1.447714,-0.079464,0.838283,-0.051425,0.4,196.63
675,cruise,3799.718248,72.311833,51.208931,99.179192,218.26985,680.588098,18.62421,1.0949,13.909935,43.080251,4358.470502,vibration_bearing_fault,1,3,350,900,1.013601,0.801552,-0.42654,0.53991,-2.431348,0.12244,0.856163,-0.01572,0.4,196.625
676,cruise,3422.049152,72.435006,50.707773,99.987061,214.688663,673.76856,18.04853,1.125783,14.061205,42.088385,4492.770959,vibration_bearing_fault,1,3,350,900,-1.508859,-0.838867,-0.096316,-0.340914,1.252297,0.087329,0.850469,-0.010187,0.4,196.62
677,cruise,3202.781111,75.119718,51.07482,95.873659,214.553125,677.815229,18.184841,0.989435,13.944641,42.352342,4590.262377,vibration_bearing_fault,1,3,350,900,-1.222308,-0.121006,0.578026,1.137496,0.25476,0.045318,0.844752,-0.020218,0.4,196.615
678,cruise,3542.532936,69.953571,50.790694,97.505997,217.331485,677.246239,18.153354,1.096166,13.736068,42.108947,4516.468422,vibration_bearing_fault,1,3,350,900,3.646598,0.068462,0.290532,-0.140143,2.00044,0.030612,0.847382,0.051774,0.4,196.61
679,cruise,3506.123445,65.611914,51.386736,95.791582,217.080264,678.129999,18.231543,1.09279,13.765518,41.926242,4393.635658,vibration_bearing_fault,1,3,350,900,-1.641895,0.093084,0.101577,-1.312442,0.487261,0.09096,0.836027,-0.119093,0.4,196.605
680,cruise,3861.442914,69.4177,51.515008,95.984851,214.346493,676.184898,18.202212,1.10761,14.205741,43.969917,4305.2342,vibration_bearing_fault,1,3,350,900,4.310609,0.953717,-0.244094,0.714299,0.332842,-0.216382,0.850047,-0.074522,0.4,196.6
681,cruise,3469.216583,68.623143,51.026533,98.98633,218.933907,667.542044,18.14192,1.064509,13.867181,42.714283,4497.697244,vibration_bearing_fault,1,3,350,900,0.439934,-0.076708,0.297916,1.758858,2.95727,-0.011715,0.851152,0.005829,0.4,196.595
682,cruise,3603.272739,69.101326,50.325531,98.019581,215.47752,681.267422,18.416136,1.108404,14.08113,42.65083,4450.328383,vibration_bearing_fault,1,3,350,900,-3.975793,-0.164308,0.216505,0.82023,0.111019,-0.020151,0.850738,-0.004998,0.4,196.59
683,cruise,3701.555653,76.130784,50.827096,97.424035,214.514746,677.466898,18.325096,1.053484,13.779761,42.295328,4669.05317,vibration_bearing_fault,1,3,350,900,-1.098465,0.172486,0.301925,0.724653,1.496328,-0.225314,0.847634,0.09296,0.4,196.585
684,cruise,3286.527325,71.278904,50.192983,97.524256,215.768386,681.04188,18.181785,1.033496,13.830169,42.444786,4526.76392,vibration_bearing_fault,1,3,350,900,-3.322566,0.417129,-0.442716,-2.105866,0.310821,-0.002302,0.840245,0.067194,0.4,196.58
685,cruise,3920.730362,75.53648,51.874054,98.765355,214.794465,682.428731,18.131908,1.015764,13.763953,42.437018,4503.997146,vibration_bearing_fault,1,3,350,900,-0.686737,0.76402,-0.29419,-0.450473,1.697819,0.465872,0.849662,0.028506,0.4,196.575
686,cruise,3674.85369,68.951098,50.497198,101.746026,219.267694,679.626815,18.335763,0.983117,14.011678,42.409207,4285.29281,vibration_bearing_fault,1,3,350,900,0.11143,0.055055,1.003101,0.054758,0.968913,0.192159,0.846939,-0.110502,0.4,196.57
687,cruise,3830.894796,73.406228,50.370747,99.395132,217.187461,675.032787,18.559085,1.035626,13.913926,42.406443,4443.621438,vibration_bearing_fault,1,3,350,900,-6.14081,-0.287323,0.663528,0.700445,2.217361,-0.357141,0.852593,-0.132313,0.4,196.565
688,cruise,3684.990411,69.075592,50.865026,98.758404,218.242209,672.473199,18.510567,0.996491,13.883922,42.895567,4536.13349,vibration_bearing_fault,1,3,350,900,3.734098,0.149225,-0.433841,0.318042,0.952308,-0.014723,0.846577,0.006687,0.4,196.56
689,cruise,3732.79003,68.257952,50.791619,101.67406,217.100831,684.741049,18.215338,1.167928,13.937912,40.105889,4465.57807,vibration_bearing_fault,1,3,350,900,-1.292988,0.424187,0.948515,-0.206727,-0.18912,-0.097425,0.850218,-0.014405,0.4,196.555
690,cruise,3614.790136,71.662031,51.367836,97.060946,216.182876,679.281884,18.287265,1.026651,14.011377,41.485566,4426.781531,vibration_bearing_fault,1,3,350,900,0.10572,0.155211,-0.333654,-0.254897,1.435157,-0.20039,0.846962,0.064763,0.4,196.55
691,cruise,3652.076706,65.811796,50.703523,99.515133,216.963036,678.169315,18.459365,1.014222,13.923661,42.238001,4648.680681,vibration_bearing_fault,1,3,350,900,-4.00453,-0.166693,0.013956,-1.508057,-1.689229,0.147129,0.841428,-0.022089,0.4,196.545
692,cruise,3717.22844,71.771233,50.301739,101.097685,213.639607,684.375812,18.035103,1.027011,13.920115,42.401588,4510.804777,vibration_bearing_fault,1,3,350,900,-0.812023,0.343598,-0.011803,-0.4134,0.792724,-0.064375,0.850444,-0.117312,0.4,196.54
693,cruise,3841.229237,67.887271,50.366432,94.142456,217.067597,687.485008,18.290158,1.065369,14.229891,43.211705,4494.323533,vibration_bearing_fault,1,3,350,900,-0.707699,0.267519,-0.397503,-0.654341,1.649356,-0.085996,0.853491,0.127493,0.4,196.535
694,cruise,3960.845382,66.639921,51.292596,98.740714,214.535009,681.596597,18.418125,1.033392,13.874225,42.639124,4530.436912,vibration_bearing_fault,1,3,350,900,-1.593692,0.669514,-0.128245,-1.647278,0.774079,-0.002072,0.842578,-0.097593,0.4,196.53
695,cruise,3699.23587,65.550023,51.223332,98.142685,216.266531,671.228387,18.185892,0.947259,13.791715,43.038477,4662.590699,vibration_bearing_fault,1,3,350,900,2.643106,-0.570264,-1.722683,0.96648,-2.455831,-0.10837,0.843285,0.05223,0.4,196.525
696,cruise,3548.323683,66.808456,51.195527,96.73144,214.18893,682.2306,18.004455,1.042097,13.994819,41.546319,4355.345295,vibration_bearing_fault,1,3,350,900,-1.809724,0.007386,0.051415,1.009864,0.419173,-0.006264,0.853172,-0.082985,0.4,196.52
697,cruise,3809.097923,65.314137,50.689603,98.438088,216.649973,682.07353,18.613268,1.120805,14.100073,42.225324,4477.072112,vibration_bearing_fault,1,3,350,900,2.204336,0.695768,0.360537,-0.056169,-1.015672,0.185663,0.853965,-0.062174,0.4,196.515
698,cruise,3639.109855,70.57683,50.206403,99.766875,216.769655,679.820084,18.080973,1.058742,14.021085,42.266942,4500.79076,vibration_bearing_fault,1,3,350,900,-3.781343,0.602838,0.809755,-0.768419,-2.183838,-0.006152,0.854942,-0.207002,0.4,196.51
699,cruise,3899.221765,73.203339,50.408685,97.527505,216.534776,676.3668,18.221249,0.962713,13.84596,43.27019,4548.506885,vibration_bearing_fault,1,3,350,900,-6.187196,0.241991,0.654254,-1.126717,1.370553,0.049955,0.852836,0.091231,0.4,196.505
700,cruise,3508.347111,70.424867,51.436628,99.181834,210.425659,675.239573,18.30388,1.123543,13.969797,41.94528,4570.295008,vibration_bearing_fault,1,3,350,900,0.119376,-0.106271,0.339516,-1.71432,0.488515,0.223845,0.844915,-0.107511,0.4,196.5
701,cruise,3617.396051,68.756694,50.049852,97.771318,217.383264,681.67102,18.530175,0.992557,13.741428,41.94558,4303.522826,vibration_bearing_fault,1,3,350,900,-4.718062,0.109323,-0.27435,-0.403427,-0.872277,-0.180004,0.840626,0.026179,0.4,196.495
702,cruise,3442.607606,68.913136,50.485753,96.418595,220.275512,681.330896,18.224588,1.089483,13.902564,42.216417,4636.201357,vibration_bearing_fault,1,3,350,900,-0.599184,0.389503,0.670465,-0.377755,0.461669,-0.121627,0.849933,-0.042247,0.4,196.49
703,cruise,3775.301824,68.009595,50.947555,96.484127,218.986792,679.42537,18.205013,1.177688,13.769137,42.183655,4355.800505,vibration_bearing_fault,1,3,350,900,-0.37388,0.015765,-0.263471,-0.151315,2.282663,0.07271,0.854195,-0.021236,0.4,196.485
704,cruise,3428.473234,68.483349,51.048017,95.498479,218.73012,677.713356,18.290216,1.077126,13.967832,40.745453,4508.689145,vibration_bearing_fault,1,3,350,900,-1.980343,0.040617,0.514801,-0.573468,-0.687572,0.204261,0.850863,-0.090056,0.4,196.48
705,cruise,3776.705874,68.765561,50.963828,97.319097,214.296659,671.755045,18.515584,1.082801,14.028728,41.133534,4425.678048,vibration_bearing_fault,1,3,350,900,3.06592,-0.131669,0.80114,0.412684,1.609747,0.155949,0.858824,0.092566,0.4,196.475
706,cruise,3665.51407,70.738973,50.670439,95.941632,218.932649,683.165666,17.880313,1.120277,13.894111,41.597604,4425.128258,vibration_bearing_fault,1,3,350,900,5.853327,0.208888,0.216317,0.546852,2.189545,-0.036715,0.847549,0.025715,0.4,196.47
707,cruise,3792.005088,69.250369,51.158871,98.846267,215.774051,677.291557,18.329419,1.023301,13.685641,41.425918,4357.107257,vibration_bearing_fault,1,3,350,900,-0.112295,-0.044617,-0.171322,-1.064042,2.082354,-0.05354,0.847468,-0.110754,0.4,196.465
708,cruise,3703.939162,73.278704,51.267174,91.935566,212.840661,680.775762,18.388972,1.110189,13.981605,44.144223,4463.482852,vibration_bearing_fault,1,3,350,900,-1.004779,0.062252,-1.038387,-0.477215,1.780469,0.221833,0.852954,-0.079749,0.4,196.46
709,cruise,3768.290759,75.056231,50.875442,100.557825,217.641826,686.539736,18.43385,1.073571,13.940149,41.205296,4565.320345,vibration_bearing_fault,1,3,350,900,6.037793,-0.116314,-0.150149,1.345747,-1.959006,0.15113,0.847738,0.029644,0.4,196.455
710,cruise,3872.238873,71.373968,51.952304,96.452424,212.807227,672.282949,18.358668,1.103751,14.187785,41.952331,4397.745179,vibration_bearing_fault,1,3,350,900,0.775478,0.360524,-0.084496,-0.286125,0.204593,0.020221,0.852524,0.08783,0.4,196.45
711,cruise,3838.218555,71.13782,50.613316,98.612157,222.567748,678.306545,18.191418,1.107157,13.995586,42.092507,4550.561907,vibration_bearing_fault,1,3,350,900,0.021838,0.31025,-2.060209,0.130812,1.073255,0.186809,0.852119,-0.122441,0.4,196.445
712,cruise,3888.189,68.676429,51.024007,101.576709,212.199892,676.755792,18.237359,1.130841,13.865282,41.449274,4386.066879,vibration_bearing_fault,1,3,350,900,-3.093321,-0.598895,-0.481564,-0.283466,0.152677,-0.171061,0.848479,0.197519,0.4,196.44
713,cruise,3551.711376,64.189715,50.737536,99.236811,215.60421,675.676421,18.068111,1.003787,13.868367,43.459634,4598.113832,vibration_bearing_fault,1,3,350,900,5.755434,0.288047,0.274506,-0.445597,1.740736,-0.111031,0.858301,0.011316,0.4,196.435
714,cruise,3959.962736,65.300516,50.720082,98.971469,216.748897,679.981555,18.681388,1.020504,13.705958,42.002996,4427.086362,vibration_bearing_fault,1,3,350,900,3.96511,-0.695419,0.024027,0.139509,-0.933559,0.049552,0.839111,-0.001948,0.4,196.43
715,cruise,3863.8055,70.810719,51.664967,98.420327,217.871834,676.529289,18.081998,1.044276,13.841118,43.030081,4389.377359,vibration_bearing_fault,1,3,350,900,-5.202118,0.116338,0.369887,0.113461,-0.60636,-0.163511,0.847596,-0.018862,0.4,196.425
716,cruise,3573.094837,68.897194,50.997117,99.900333,213.509451,673.542392,18.674207,0.990997,13.889051,42.180502,4555.428397,vibration_bearing_fault,1,3,350,900,-3.969928,-0.374828,0.316879,0.16986,0.321762,-0.275408,0.850306,-0.085577,0.4,196.42
717,cruise,3510.570936,70.517844,50.952795,97.089635,217.878087,672.329451,18.409909,1.093204,14.12955,41.964131,4575.827622,vibration_bearing_fault,1,3,350,900,1.524782,0.185671,0.001113,1.098136,0.679357,-0.079888,0.843675,0.055286,0.4,196.415
718,cruise,3614.590242,70.088637,51.810047,95.41668,218.655506,675.67585,18.007707,1.061757,13.894838,42.253027,4558.32051,vibration_bearing_fault,1,3,350,900,1.501599,-0.235139,-0.113255,0.284635,-0.117293,0.054343,0.858171,-0.028915,0.4,196.41
719,cruise,3832.269339,75.945292,51.361855,96.986802,215.822136,677.642768,18.856446,1.047103,14.126657,41.446993,4534.108226,vibration_bearing_fault,1,3,350,900,-2.247139,0.321337,-0.274795,1.165682,-1.752142,0.04458,0.846056,0.010622,0.4,196.405
720,descent,3459.931914,44.254962,50.902709,95.429865,205.935689,626.534533,15.31746,1.063026,10.82361,39.314379,4471.667753,vibration_bearing_fault,1,3,350,900,2.037748,-0.457005,-0.543294,-0.446335,-0.224246,0.105238,0.84307,-0.081567,0.4,196.4
721,descent,3340.007396,50.220554,50.212706,97.106336,201.998537,634.611397,15.396344,1.113976,10.772374,41.086771,4321.211523,vibration_bearing_fault,1,3,350,900,2.134206,0.060575,0.695279,1.542998,0.731173,0.440873,0.84712,-0.057065,0.4,196.395
722,descent,3218.240409,49.879709,50.59135,99.613815,202.608089,622.72936,15.363542,1.029882,11.083883,41.997334,4674.780352,vibration_bearing_fault,1,3,350,900,1.415936,-0.194489,0.238356,0.11913,-1.374093,-0.047598,0.850393,-0.074849,0.4,196.39
723,descent,3214.390143,48.932085,50.841763,99.235427,205.58281,631.208711,15.508477,1.094455,10.920823,42.992247,4422.267898,vibration_bearing_fault,1,3,350,900,4.096849,0.300876,0.358679,0.536782,0.682761,0.182202,0.850488,-0.057566,0.4,196.385
724,descent,3432.894786,48.951746,51.571986,99.480164,204.257948,619.247218,14.879461,1.001143,10.718484,42.401359,4557.111609,vibration_bearing_fault,1,3,350,900,3.50246,-0.014258,0.162347,-0.298429,-1.269327,0.052193,0.845089,-0.102398,0.4,196.38
725,descent,3432.102763,41.760591,50.296091,96.88776,202.212477,627.049951,15.152727,1.042363,10.873297,42.492917,4477.620505,vibration_bearing_fault,1,3,350,900,1.762283,-0.689973,-0.362431,-0.371593,-0.376797,0.091371,0.834034,0.044915,0.4,196.375
726,descent,3372.162557,55.198633,51.815711,97.459551,201.1874,628.89864,15.355768,1.076621,11.023466,43.997392,4349.592923,vibration_bearing_fault,1,3,350,900,-1.642019,-0.435784,-0.265924,1.046228,2.518791,-0.205224,0.848485,0.001266,0.4,196.37
727,descent,3214.740197,45.038408,51.118466,96.692574,202.410403,627.972465,15.438225,1.088344,10.871407,42.470261,4486.441888,vibration_bearing_fault,1,3,350,900,1.409305,0.088465,0.313112,-0.132004,0.836405,-0.25229,0.844247,-0.126077,0.4,196.365
728,descent,3178.420594,51.574649,50.978243,97.283481,206.492585,634.601426,15.430881,1.088583,10.997019,41.117456,4607.95757,vibration_bearing_fault,1,3,350,900,6.658069,0.416162,0.782047,0.13511,2.602617,0.162159,0.853993,-0.104134,0.4,196.36
729,descent,3472.047074,46.140379,51.935649,101.089729,207.327529,637.111427,15.457436,0.899243,11.080496,43.86978,4588.424531,vibration_bearing_fault,1,3,350,900,4.967908,0.048392,-0.680433,-1.027039,0.783328,0.286655,0.838812,-0.030781,0.4,196.355
730,descent,3429.677587,49.381195,51.026165,98.405457,204.265272,625.952286,15.358212,1.0301,10.9939,41.661122,4541.405475,vibration_bearing_fault,1,3,350,900,1.57134,0.115216,-0.163249,0.593918,0.747893,0.053125,0.841021,-0.045953,0.4,196.35
731,descent,3404.408948,51.708602,51.3292,99.040636,204.816596,626.330145,15.396977,1.03493,10.943155,42.063718,4468.765815,vibration_bearing_fault,1,3,350,900,3.068344,0.415244,-0.120859,-0.165596,-1.153629,0.200864,0.852677,-0.08708,0.4,196.345
732,descent,3538.719382,53.910112,51.287108,96.751675,203.772307,627.999452,15.246593,0.991516,10.837283,41.7476,4449.718709,vibration_bearing_fault,1,3,350,900,3.026094,-0.538144,-0.084116,0.254081,1.283494,-0.066756,0.855245,0.018606,0.4,196.34
733,descent,3380.640225,47.094968,50.108413,95.063466,205.920357,632.363157,15.321453,1.023704,10.924837,41.473308,4559.267784,vibration_bearing_fault,1,3,350,900,2.171613,-0.297576,0.212678,0.386671,3.113307,0.297445,0.853115,0.038676,0.4,196.335
734,descent,3507.543696,54.507098,51.179708,98.261101,203.750115,627.732246,15.738357,1.076018,10.74073,44.075351,4336.359231,vibration_bearing_fault,1,3,350,900,-5.207481,-0.474485,-0.337483,-0.035995,-1.128172,-0.072555,0.84987,0.086167,0.4,196.33
735,descent,3299.851159,46.650236,51.043708,96.766128,203.627284,622.710304,15.419488,1.039301,10.893703,41.614001,4568.432564,vibration_bearing_fault,1,3,350,900,-1.185776,0.596693,0.515188,0.467792,-1.095385,-0.196574,0.849236,-0.073568,0.4,196.325
736,descent,3704.058631,45.705786,51.588219,99.369141,201.612497,628.667206,15.244466,1.085334,10.852996,42.71502,4627.186344,vibration_bearing_fault,1,3,350,900,2.909266,0.241574,0.638944,0.518108,-1.223414,0.054325,0.848447,-0.119123,0.4,196.32
737,descent,3636.672057,50.52035,51.150158,97.136475,201.312026,617.390538,15.425695,1.036739,10.76277,43.070873,4505.453028,vibration_bearing_fault,1,3,350,900,0.501193,-0.723876,-0.23603,0.482534,-2.136367,0.097276,0.847291,-0.116232,0.4,196.315
738,descent,3370.849033,53.434619,50.647234,99.695692,206.56084,629.62787,15.379259,1.024479,10.839432,42.89329,4621.44545,vibration_bearing_fault,1,3,350,900,-4.289003,0.024159,-0.552982,0.227952,-0.40804,0.515386,0.846994,0.04398,0.4,196.31
739,descent,3565.330301,50.231728,50.870192,102.700791,205.360591,623.607748,15.162803,1.091631,10.867484,40.852726,4306.892967,vibration_bearing_fault,1,3,350,900,-1.310936,-0.220002,0.14543,-0.808369,0.988725,-0.112198,0.853597,0.032237,0.4,196.305
740,descent,3051.900139,49.13773,50.817416,94.881793,202.644648,636.068008,15.725458,1.08348,10.798406,41.794527,4480.465391,vibration_bearing_fault,1,3,350,900,-3.683601,-0.451418,0.362106,-0.322693,-1.783292,-0.085193,0.846062,0.036798,0.4,196.3
741,descent,3347.956453,48.148162,50.831483,97.927321,206.065189,632.35472,15.498972,1.03602,10.902665,42.653624,4456.30037,vibration_bearing_fault,1,3,350,900,-3.6662,1.353485,0.073685,-0.421104,1.854847,-0.06217,0.852318,-0.03961,0.4,196.295
742,descent,3431.997104,42.317253,50.495122,101.215043,208.153092,637.243787,15.188078,1.060591,10.974757,41.562033,4401.76355,vibration_bearing_fault,1,3,350,900,-1.087195,1.09719,-0.357205,0.72852,-1.381018,0.11583,0.851552,0.031875,0.4,196.29
743,descent,3398.28561,47.146399,51.012042,97.32244,205.418572,619.317845,15.103861,1.085485,11.180626,41.404505,4265.698637,vibration_bearing_fault,1,3,350,900,-1.492035,-0.22239,0.449284,0.141148,-2.526082,-0.078844,0.852294,-0.033634,0.4,196.285
744,descent,3345.008832,51.191556,50.825904,97.163285,205.792965,630.286133,15.104678,1.042234,10.559845,41.150046,4479.208831,vibration_bearing_fault,1,3,350,900,0.763575,0.737573,-0.215444,0.795557,1.231737,0.037797,0.83919,-0.09125,0.4,196.28
745,descent,3290.971482,47.193443,51.842388,96.669012,205.795768,634.679917,15.113421,1.008517,11.114325,43.195595,4636.948159,vibration_bearing_fault,1,3,350,900,1.901853,0.508557,-0.584731,-0.00724,0.078289,0.064005,0.853812,-0.114161,0.4,196.275
746,descent,3583.631173,46.537525,50.739328,96.624857,207.448308,630.980564,15.13329,1.01047,11.020669,41.153851,4507.163097,vibration_bearing_fault,1,3,350,900,1.641384,-0.227015,0.505299,0.015027,-0.137109,0.005076,0.847776,0.10995,0.4,196.27
747,descent,3385.238647,48.885803,51.022602,101.838062,203.64279,633.751252,15.482072,1.084956,10.767231,42.077199,4598.210358,vibration_bearing_fault,1,3,350,900,0.607144,0.234603,0.685679,0.865842,-0.232052,0.27231,0.851882,-0.007877,0.4,196.265
748,descent,3287.716073,44.480241,51.008514,101.204018,198.833572,621.473561,15.162971,1.01803,10.818149,41.405832,4392.047488,vibration_bearing_fault,1,3,350,900,-2.459224,0.83126,0.167957,-0.320205,2.842111,-0.008216,0.851463,-0.033307,0.4,196.26
749,descent,3525.112108,54.027421,50.637695,100.165936,209.728429,629.069204,15.624302,1.042401,11.050122,41.594452,4594.311914,vibration_bearing_fault,1,3,350,900,4.829057,0.078375,-0.145343,-0.496264,0.263484,-0.165765,0.856586,0.200626,0.4,196.255
750,descent,3117.214791,48.898358,50.66802,96.658265,201.291212,631.789252,15.476928,1.048473,10.839897,40.653153,4486.889942,vibration_bearing_fault,1,3,350,900,-0.04321,-0.311655,-0.296016,-0.167355,-0.647346,0.140969,0.848225,0.051699,0.4,196.25
751,descent,3519.289686,48.22028,50.381135,93.387808,206.546757,629.545849,15.417698,1.057795,11.027966,41.467369,4462.582122,vibration_bearing_fault,1,3,350,900,2.197234,-0.611688,0.036012,0.6486,-1.357741,0.057421,0.852684,-0.026478,0.4,196.245
752,descent,3135.994524,45.348359,50.509795,94.336773,201.610913,624.945248,15.47412,1.132079,10.81497,41.848427,4422.436451,vibration_bearing_fault,1,3,350,900,3.042962,-0.362775,-0.42223,0.521619,-0.650948,0.015319,0.845616,0.042644,0.4,196.24
753,descent,3581.415307,45.305103,51.095888,97.510184,206.301301,627.552263,15.548603,0.997869,10.795757,41.546365,4571.46062,vibration_bearing_fault,1,3,350,900,-1.598523,0.150218,0.281903,0.38507,1.308229,0.239291,0.861064,0.01811,0.4,196.235
754,descent,3473.384492,48.152834,50.300536,97.273842,202.003087,633.346576,15.441687,1.071653,10.869444,43.560817,4195.568444,vibration_bearing_fault,1,3,350,900,-1.304237,0.320911,0.292173,0.821285,0.633276,0.015739,0.855838,-0.077477,0.4,196.23
755,descent,3454.26445,52.738298,50.498048,96.705159,207.8842,630.950326,15.019997,1.156552,10.874516,43.56036,4487.291302,vibration_bearing_fault,1,3,350,900,0.993657,0.218885,-0.008583,-0.622122,0.385187,-0.213674,0.840199,-0.000454,0.4,196.225
756,descent,3424.360106,49.568549,50.989882,99.70274,203.72979,625.536773,15.439386,1.150715,10.796827,41.904855,4658.893702,vibration_bearing_fault,1,3,350,900,-1.190165,-0.042342,-0.06392,-0.678686,1.163706,-0.013004,0.845647,-0.055517,0.4,196.22
757,descent,3447.318235,45.949874,50.665135,94.361755,207.88995,626.087234,15.550759,1.036662,10.888328,42.76824,4570.498224,vibration_bearing_fault,1,3,350,900,-2.526006,-0.770567,0.082224,0.163732,-1.645187,-0.222572,0.842301,-0.111472,0.4,196.215
758,descent,3398.641462,45.719963,51.303411,100.550309,201.832842,627.756173,15.435588,1.019053,10.785856,42.765649,4556.367131,vibration_bearing_fault,1,3,350,900,0.363987,-0.196752,-0.098193,-1.71306,-1.378046,-0.017313,0.843597,0.02866,0.4,196.21
759,descent,3236.549973,45.499575,51.21817,100.621737,205.630264,627.528079,15.417561,1.119166,10.987346,42.654994,4572.613516,vibration_bearing_fault,1,3,350,900,1.262025,0.583878,-0.656268,-0.439745,0.299188,0.095792,0.852052,-0.003745,0.4,196.205
760,descent,3648.264837,51.176578,50.699773,97.130981,204.569844,630.692083,15.080834,1.022537,10.990407,42.895462,4539.028864,vibration_bearing_fault,1,3,350,900,-2.356771,-0.314737,0.567004,-0.038908,-1.348673,0.207653,0.848877,0.016419,0.4,196.2
761,descent,3337.150118,49.171942,50.799522,96.60786,206.247509,628.18338,15.30393,1.081786,10.929562,42.08892,4476.701697,vibration_bearing_fault,1,3,350,900,-0.388863,0.734752,0.289657,-1.297156,-0.80368,0.367256,0.846993,-0.012129,0.4,196.195
762,descent,3215.232897,47.050618,50.504083,94.569923,203.604715,625.362442,15.372142,1.061084,11.030136,43.127044,4405.254143,vibration_bearing_fault,1,3,350,900,-5.26526,0.201306,0.571582,0.359386,0.447199,0.100645,0.847221,0.004244,0.4,196.19
763,descent,3318.466238,46.469432,50.470682,98.181359,206.401962,633.948932,15.458281,1.015452,11.213688,41.407337,4338.960614,vibration_bearing_fault,1,3,350,900,8.479142,-0.404131,-0.409949,1.454742,1.070763,0.093282,0.844594,0.084496,0.4,196.185
764,descent,3385.226662,45.923284,51.280482,96.199163,204.938297,628.631015,14.972043,1.086532,11.067811,41.763629,4470.105732,vibration_bearing_fault,1,3,350,900,0.849116,-0.18559,0.503398,0.561357,0.788331,-0.202327,0.855761,-0.054037,0.4,196.18
765,descent,3394.633229,49.800512,51.112133,101.750695,204.296466,622.273372,15.365958,1.162,10.784829,41.603351,4597.784565,vibration_bearing_fault,1,3,350,900,0.295407,0.368978,-0.600178,-0.272572,2.355219,0.035805,0.858983,0.05426,0.4,196.175
766,descent,3487.382441,45.253382,51.286108,98.192055,204.631267,616.898014,15.393003,1.006445,11.006824,41.553763,4555.841396,vibration_bearing_fault,1,3,350,900,2.882575,-0.187055,0.737013,-0.229539,-0.702807,-0.247116,0.849017,-0.120313,0.4,196.17
767,descent,3511.997711,48.816871,50.595725,98.120536,206.688118,635.250383,15.399073,1.104687,11.2201,44.115192,4421.547724,vibration_bearing_fault,1,3,350,900,1.783608,-0.318113,0.346253,-0.82811,0.879181,-0.031476,0.849829,-0.003073,0.4,196.165
768,descent,3697.397329,46.563936,50.197373,97.093745,202.548926,622.256481,15.340151,1.050699,10.887059,43.453058,4556.342688,vibration_bearing_fault,1,3,350,900,0.843692,0.612795,-0.428365,-0.119293,-0.401823,-0.07549,0.85294,-0.00502,0.4,196.16
769,descent,3887.851796,46.853552,50.916851,99.466913,203.832747,626.807459,14.819731,1.121666,10.858543,42.230796,4520.1371,vibration_bearing_fault,1,3,350,900,-0.306503,-0.023038,-0.253499,-1.229945,0.052597,0.290955,0.851248,0.007542,0.4,196.155
770,descent,3438.924662,48.593554,51.183752,96.86487,205.510412,626.422738,15.221352,1.091545,11.071809,41.784262,4572.857103,vibration_bearing_fault,1,3,350,900,-0.095455,0.204425,-0.031658,0.248924,-1.191419,0.175582,0.838843,0.144814,0.4,196.15
771,descent,3381.744369,50.616132,50.736967,101.744557,203.687601,630.915481,15.396175,1.029729,11.0491,41.677789,4325.812238,vibration_bearing_fault,1,3,350,900,-0.375855,0.059911,-1e-05,-0.89455,-2.129776,-0.040126,0.842267,0.054739,0.4,196.145
772,descent,3234.71342,53.956188,51.010352,98.261404,208.559322,628.291847,15.443176,1.028355,10.70531,41.826705,4469.446963,vibration_bearing_fault,1,3,350,900,2.557809,0.321559,-0.846344,-0.815177,0.341573,-0.079797,0.848927,-0.021214,0.4,196.14
773,descent,3429.444385,49.468852,50.808549,97.281534,203.551255,620.609708,15.464663,1.109318,10.927648,40.832001,4486.738401,vibration_bearing_fault,1,3,350,900,-2.862006,-0.05578,0.013938,-0.166288,-0.128012,-0.088908,0.845615,0.03238,0.4,196.135
774,descent,3422.487811,47.578101,50.744771,98.018668,206.102406,626.946055,15.461111,1.008546,10.991918,42.05076,4469.331104,vibration_bearing_fault,1,3,350,900,1.812093,-0.497725,0.771404,0.552728,0.229258,0.26502,0.85273,0.083786,0.4,196.13
775,descent,3152.656986,48.108884,50.714616,94.061515,205.888237,632.98606,15.12614,1.101887,10.965697,42.208029,4474.472599,vibration_bearing_fault,1,3,350,900,-0.63572,0.075664,-0.165734,1.346401,-1.294459,0.045153,0.851825,-0.050664,0.4,196.125
776,descent,3392.440767,52.341658,51.128767,100.559252,208.800239,626.999724,15.576864,1.04537,10.667477,41.536966,4418.045304,vibration_bearing_fault,1,3,350,900,2.009036,0.089829,-0.55002,-0.796738,-0.134883,-0.288421,0.846302,0.008223,0.4,196.12
777,descent,3440.170264,55.233141,51.36605,95.161957,205.960929,622.543485,15.379798,1.013026,10.910052,42.56092,4560.181077,vibration_bearing_fault,1,3,350,900,1.521208,-0.926477,-0.940429,-0.78067,0.616172,-0.139812,0.850547,0.067816,0.4,196.115
778,descent,3177.244859,43.822998,51.20966,97.298211,202.854313,628.313975,15.117888,1.016944,11.007917,40.366698,4672.141691,vibration_bearing_fault,1,3,350,900,-0.050474,0.316221,0.092503,-0.063008,1.325152,-0.171677,0.83786,0.066169,0.4,196.11
779,descent,3495.038749,47.184359,50.10452,98.549132,209.787043,623.010717,15.071263,1.02053,10.882354,41.074692,4527.404994,vibration_bearing_fault,1,3,350,900,2.106174,0.131666,0.483348,-0.716094,-1.347796,-0.199362,0.847168,0.044525,0.4,196.105
780,descent,3734.528141,43.622029,50.420499,98.772503,204.317059,630.345546,15.065722,1.05562,11.10294,42.309579,4528.203851,vibration_bearing_fault,1,3,350,900,3.629158,-0.277417,-0.146204,0.255121,-2.209904,-0.120538,0.843948,-0.068515,0.4,196.1
781,descent,3511.323212,48.695326,51.228433,96.188921,206.370096,632.556305,15.312785,1.064465,11.184503,41.5244,4329.302843,vibration_bearing_fault,1,3,350,900,1.082439,-0.371841,0.098472,0.179412,0.878932,0.154028,0.843188,0.045561,0.4,196.095
782,descent,3762.213005,50.643697,51.148014,98.332778,202.498758,629.415457,15.354847,1.040062,10.978314,42.707978,4411.550165,vibration_bearing_fault,1,3,350,900,-2.062829,-0.017305,-0.086303,-0.050092,-0.147599,-0.127793,0.854716,0.057188,0.4,196.09
783,descent,3457.622309,49.981399,50.972508,99.604463,203.631504,627.324782,15.362469,1.10301,10.976718,41.497263,4392.008213,vibration_bearing_fault,1,3,350,900,-3.262801,-0.453371,-0.024596,0.063768,0.54249,-0.208585,0.853068,0.048387,0.4,196.085
784,descent,3348.089261,52.024284,51.084285,95.25416,206.989421,625.248983,15.117819,0.95527,10.847215,41.766576,4497.392958,vibration_bearing_fault,1,3,350,900,-4.887914,-0.083922,0.314416,2.244966,2.467514,-0.088031,0.851174,0.084887,0.4,196.08
785,descent,3229.849491,51.773082,50.903489,96.346935,207.633135,616.705447,15.252543,1.041499,11.225334,41.039862,4381.91013,vibration_bearing_fault,1,3,350,900,1.60029,-0.398019,-0.123572,0.571147,1.640667,0.035963,0.845763,0.067921,0.4,196.075
786,descent,3234.44437,50.478948,51.080096,96.643659,204.814051,626.966706,15.241506,0.992184,11.006532,42.802427,4479.656987,vibration_bearing_fault,1,3,350,900,-1.353606,0.354218,0.02248,-1.227949,-3.797576,-0.025775,0.856825,0.102035,0.4,196.07
787,descent,3836.259922,47.169693,50.557389,96.585014,205.546362,632.595581,15.3352,1.033099,10.779582,42.197536,4552.595553,vibration_bearing_fault,1,3,350,900,2.37147,0.20878,-0.374367,-0.694385,-0.826721,-0.090678,0.851284,-0.015996,0.4,196.065
788,descent,3160.684859,47.75891,50.388722,95.590991,207.842585,631.891019,15.300308,1.12368,10.910287,43.154389,4504.41119,vibration_bearing_fault,1,3,350,900,1.244879,0.272699,-0.089937,0.116636,1.852537,0.075032,0.858255,-0.015473,0.4,196.06
789,descent,3402.015818,50.143279,50.602707,99.553029,206.029894,628.320623,15.378957,1.176812,10.940461,42.612637,4486.937274,vibration_bearing_fault,1,3,350,900,-2.365266,-0.150074,0.565801,0.866349,0.951129,-0.150624,0.847489,0.114614,0.4,196.055
790,descent,3544.628715,45.118848,51.691117,99.63493,208.518628,630.463494,15.455166,1.045564,10.979177,42.71153,4520.531814,vibration_bearing_fault,1,3,350,900,3.159044,0.379146,-0.464393,1.316968,-0.982072,-0.055626,0.845852,0.079703,0.4,196.05
791,descent,3492.022894,53.128828,50.799104,99.953765,203.967977,630.450533,15.120394,1.086487,10.949242,42.775595,4394.304842,vibration_bearing_fault,1,3,350,900,-2.043818,-0.397453,0.507277,0.287492,-0.823125,8.2e-05,0.853575,-0.192785,0.4,196.045
792,descent,3093.935696,48.314674,50.807924,93.985481,204.410329,628.86232,15.154581,1.067666,10.989321,41.650679,4588.209606,vibration_bearing_fault,1,3,350,900,2.932114,-0.19967,0.16997,-0.538122,2.192138,0.016263,0.839787,0.012155,0.4,196.04
793,descent,3466.443671,44.544942,51.464485,98.198045,203.51673,625.736697,15.209538,1.06843,10.858172,39.164177,4608.961156,vibration_bearing_fault,1,3,350,900,3.010144,-0.646485,-0.029982,0.529809,2.40729,0.001404,0.852026,0.069211,0.4,196.035
794,descent,3236.438792,45.873519,51.343751,95.27338,205.049256,634.425889,15.302668,0.961729,10.903168,42.102406,4672.352577,vibration_bearing_fault,1,3,350,900,0.322521,0.09396,0.315603,0.171094,1.852531,-0.013205,0.852597,-0.019338,0.4,196.03
795,descent,3513.788263,51.676767,50.324483,96.622056,205.857089,626.583111,14.951239,1.065673,10.874476,43.046187,4426.860906,vibration_bearing_fault,1,3,350,900,0.668283,-0.567891,-0.447762,0.208758,3.005918,0.079096,0.849756,0.161272,0.4,196.025
796,descent,3355.553029,47.546891,51.717987,96.200857,206.707963,626.05837,15.463052,1.047838,10.976603,41.498674,4396.319553,vibration_bearing_fault,1,3,350,900,5.1805,0.291945,0.667469,-1.223593,-0.028234,-0.212513,0.851491,-0.048634,0.4,196.02
797,descent,3394.539442,57.525807,51.347106,98.672325,208.241833,631.256745,15.291267,1.05927,10.93717,42.12371,4474.677993,vibration_bearing_fault,1,3,350,900,-0.00614,0.200287,0.43177,0.872377,1.083114,0.221611,0.852668,-0.000966,0.4,196.015
798,descent,3380.501061,45.746241,50.99149,96.760199,201.59942,631.876402,15.540557,1.055094,10.986429,42.341903,4593.410165,vibration_bearing_fault,1,3,350,900,0.435851,-0.624319,-0.252797,1.173477,1.574507,-0.042557,0.851338,-0.062269,0.4,196.01
799,descent,3688.137288,50.483148,51.969932,98.264563,207.268258,630.271935,15.29879,1.15356,10.844414,43.013717,4692.284468,vibration_bearing_fault,1,3,350,900,-1.97084,-0.57248,0.522169,-0.685343,-1.364944,-0.141849,0.85356,0.114982,0.4,196.005
800,descent,3478.88518,52.812418,51.798109,97.525767,200.653301,637.329777,15.31447,1.107005,11.066995,42.506811,4298.145306,vibration_bearing_fault,1,3,350,900,2.057704,0.388454,0.103127,-0.143936,0.621164,0.054335,0.847104,-0.013679,0.4,196.0
801,descent,3186.073858,53.647376,50.865854,100.343558,208.735232,629.763027,15.494791,1.043782,10.991517,40.401236,4479.350294,vibration_bearing_fault,1,3,350,900,-4.315104,-0.249733,-1.226598,0.200462,0.590421,0.107022,0.851376,-0.035701,0.4,195.995
802,descent,3365.388046,50.665551,50.78224,95.129641,202.128701,626.397063,15.523878,1.057703,10.858941,41.527745,4681.59628,vibration_bearing_fault,1,3,350,900,-1.332539,-0.158288,1.083444,-0.830705,2.041304,0.048609,0.857401,-0.137789,0.4,195.99
803,descent,3529.42434,45.945695,51.057522,95.737489,210.226199,620.925825,15.303818,1.073651,11.04739,43.058639,4470.586773,vibration_bearing_fault,1,3,350,900,-0.932355,0.188216,-0.090745,-0.808831,-1.771675,0.093836,0.847371,0.064183,0.4,195.985
804,descent,3329.243738,51.354036,51.44515,99.996412,204.417199,631.618619,15.095546,0.988666,10.999497,42.482124,4529.526313,vibration_bearing_fault,1,3,350,900,4.435332,-0.126865,-0.443758,-0.879681,-1.03147,0.011387,0.854222,0.000133,0.4,195.98
805,descent,3427.412382,46.421389,49.669628,94.634708,206.673201,629.970286,14.990851,0.985797,10.830202,42.681427,4579.144589,vibration_bearing_fault,1,3,350,900,-1.599553,-0.099039,-0.558445,0.681491,1.185248,-0.20927,0.848714,0.001371,0.4,195.975
806,descent,3131.591723,50.224306,50.326483,98.139202,206.354634,636.015711,15.152593,1.149185,10.799778,43.205328,4513.221464,vibration_bearing_fault,1,3,350,900,1.071062,0.579759,0.456482,0.044501,2.133688,-0.230507,0.847823,-0.16694,0.4,195.97
807,descent,3224.146829,50.639797,50.285642,99.366025,203.800808,623.596596,14.976957,0.972806,11.067114,42.762285,4630.69383,vibration_bearing_fault,1,3,350,900,3.9655,0.118215,0.336788,0.705501,1.724235,-0.108008,0.860769,0.154189,0.4,195.965
808,descent,3430.87054,53.925115,51.224621,97.274268,203.122288,633.308715,15.169468,1.005462,10.992898,42.418188,4445.994586,vibration_bearing_fault,1,3,350,900,-0.450025,-0.228445,0.343051,-0.376632,2.342109,0.031344,0.848361,0.035726,0.4,195.96
809,descent,3574.346837,50.193713,50.519537,97.979158,208.475907,628.492651,15.485226,1.009019,11.210758,42.220919,4513.935889,vibration_bearing_fault,1,3,350,900,-5.262346,0.177892,0.251643,1.157417,-0.335058,0.273297,0.855698,0.024414,0.4,195.955
810,landing,3229.224489,44.982774,50.822288,96.634412,199.659146,620.064934,14.203773,0.962281,10.583165,41.41913,4466.710655,vibration_bearing_fault,1,3,350,900,-1.812704,-0.33623,-0.011304,-0.344908,-1.087422,0.153308,0.858373,-0.079221,0.4,195.95
811,landing,3060.621703,51.338987,50.672274,97.778607,204.157999,615.775732,14.200352,1.104857,10.862992,43.204106,4540.365074,vibration_bearing_fault,1,3,350,900,-1.258011,0.504816,-0.376791,1.280953,3.121035,0.104185,0.849825,-0.002318,0.4,195.945
812,landing,3552.870698,46.181246,50.67242,100.298064,198.171456,618.618754,14.101049,1.048028,11.050671,40.698798,4590.196612,vibration_bearing_fault,1,3,350,900,-0.074367,-0.112217,0.427338,0.12134,-0.963868,-0.205598,0.849694,0.154026,0.4,195.94
813,landing,3357.07592,44.63312,51.62131,96.148914,199.476223,615.498921,14.354034,1.048688,10.900009,42.989583,4624.708803,vibration_bearing_fault,1,3,350,900,-4.456448,-0.195573,-0.718534,-0.923554,2.011082,-0.150466,0.849677,-0.130598,0.4,195.935
814,landing,3635.464757,50.590973,51.063274,98.373872,201.608693,618.375179,14.129524,1.036743,10.898594,42.490793,4452.438977,vibration_bearing_fault,1,3,350,900,-1.174263,-0.850631,0.395964,-0.22512,1.673129,-0.005811,0.850233,-0.046234,0.4,195.93
815,landing,3572.22515,47.92178,49.930878,98.677005,198.837252,621.572947,14.231198,1.107426,10.875594,41.631856,4652.222747,vibration_bearing_fault,1,3,350,900,2.587453,0.179555,-0.66646,0.512473,1.844268,0.006026,0.843786,0.096179,0.4,195.925
816,landing,3178.746763,37.619425,51.393129,102.72976,202.372995,621.811604,14.338358,1.081021,10.860677,40.16127,4443.139679,vibration_bearing_fault,1,3,350,900,2.219661,0.259676,0.052583,-0.395617,-0.739007,-0.175077,0.858307,0.090689,0.4,195.92
817,landing,3075.937755,42.871717,50.661845,97.419148,204.470927,620.413218,14.307188,1.060641,10.968493,42.222543,4643.666019,vibration_bearing_fault,1,3,350,900,-2.769085,1.025403,-0.449617,0.474184,2.968394,0.028941,0.846855,-0.098023,0.4,195.915
818,landing,3330.197921,40.686167,50.283651,99.264803,199.146832,614.836096,14.296903,1.060093,11.063292,42.618895,4490.640678,vibration_bearing_fault,1,3,350,900,-4.237824,-0.106235,0.20144,-0.58697,-0.744497,-0.115068,0.85401,-0.098949,0.4,195.91
819,landing,3450.069301,43.14018,51.283566,97.259056,200.06826,615.862325,14.535217,1.118927,10.669537,42.334265,4621.683462,vibration_bearing_fault,1,3,350,900,0.741452,0.177359,-0.514588,-0.593973,-0.871239,0.048892,0.856533,0.05903,0.4,195.905
820,landing,3278.857332,41.661082,51.013029,97.258964,200.249967,614.663846,14.252174,1.017443,10.661522,42.174963,4644.117923,vibration_bearing_fault,1,3,350,900,-3.515307,0.302856,-0.377488,0.265803,0.684228,-0.043391,0.853748,-0.047868,0.4,195.9
821,landing,3218.819577,47.249169,50.947679,94.94527,198.697403,619.660505,14.190192,1.022328,11.004444,41.746575,4449.953789,vibration_bearing_fault,1,3,350,900,-5.36227,-0.198505,-0.42971,0.306138,0.352466,-0.362197,0.849362,-0.068956,0.4,195.895
822,landing,3401.910623,47.790569,50.453746,99.669823,198.649752,617.03345,14.498235,1.078961,10.730433,41.936347,4404.280222,vibration_bearing_fault,1,3,350,900,0.453324,0.177015,0.246541,-0.925315,0.801856,0.24858,0.852887,-0.022278,0.4,195.89
823,landing,3079.370884,46.638137,50.921716,96.449035,201.19897,614.199444,14.492363,1.104533,10.840199,43.721323,4455.305668,vibration_bearing_fault,1,3,350,900,-0.139242,-0.315106,0.130564,1.192257,0.567423,0.107005,0.84618,0.096434,0.4,195.885
824,landing,3307.408442,43.234923,50.686201,98.945979,198.848056,614.739208,14.396431,1.117809,10.621028,41.31722,4548.354809,vibration_bearing_fault,1,3,350,900,-1.008247,0.920995,-0.285838,1.164397,-0.439775,0.288782,0.845925,0.083358,0.4,195.88
825,landing,3249.860486,39.54743,51.199634,94.768073,201.939059,614.03214,14.286849,0.942087,10.934105,41.899103,4661.343153,vibration_bearing_fault,1,3,350,900,-3.848608,0.19858,-0.200369,-0.291838,-0.456044,0.047133,0.853663,-0.068277,0.4,195.875
826,landing,3617.761522,43.180658,50.200113,101.16621,195.215508,615.862683,14.327403,1.169947,10.979093,43.158806,4550.05898,vibration_bearing_fault,1,3,350,900,4.61046,0.357692,-0.691645,-0.911922,2.09261,-0.044716,0.851181,0.0498,0.4,195.87
827,landing,3320.360775,48.28715,50.935582,94.933077,201.030619,627.819647,14.350564,1.04045,10.517992,42.733739,4381.491638,vibration_bearing_fault,1,3,350,900,-1.54238,-0.032441,0.093877,0.859469,0.193283,-0.155785,0.85487,-0.090311,0.4,195.865
828,landing,3218.894399,48.546249,50.426578,97.434173,196.226567,621.739101,14.0811,1.110905,10.974873,39.703719,4408.260134,vibration_bearing_fault,1,3,350,900,0.36061,-0.162198,-0.514082,-0.542859,-1.078027,-0.074196,0.846457,-0.055037,0.4,195.86
829,landing,3686.439149,41.980436,51.000193,98.141612,198.962798,621.952961,14.329681,0.965067,10.978723,42.353183,4592.292986,vibration_bearing_fault,1,3,350,900,3.491824,-0.016575,0.293703,1.614382,0.226703,-0.091915,0.856731,-0.025032,0.4,195.855
830,landing,3249.03934,46.149179,50.499282,96.50293,196.726516,618.082732,14.301491,1.094019,10.761615,40.329349,4490.717305,vibration_bearing_fault,1,3,350,900,2.588504,-0.762841,1.044263,-1.145495,1.759051,-0.076823,0.848771,-0.143131,0.4,195.85
831,landing,3312.331364,43.632432,50.92045,97.861995,201.427021,622.515746,14.271548,1.090275,10.898647,44.004174,4634.371198,vibration_bearing_fault,1,3,350,900,-0.124472,0.8708,0.097679,-0.652523,2.798771,0.100361,0.857985,0.01001,0.4,195.845
832,landing,3528.928481,45.858517,51.043054,97.937033,199.447384,612.561906,14.220065,1.086689,10.667002,42.329474,4582.145933,vibration_bearing_fault,1,3,350,900,0.48176,-0.347124,-0.359465,1.035218,-0.57688,0.196709,0.849014,0.060756,0.4,195.84
833,landing,3436.546869,40.268044,51.071045,95.516554,197.546074,619.818623,14.471989,0.996249,10.792594,41.110723,4402.187092,vibration_bearing_fault,1,3,350,900,-3.941838,-0.246046,-0.13288,0.505755,-0.885206,0.074457,0.85084,-0.045688,0.4,195.835
834,landing,3384.152486,44.087393,51.3913,98.656554,200.204124,618.507387,14.508013,1.187272,10.929995,41.846936,4541.100145,vibration_bearing_fault,1,3,350,900,-1.806105,-0.076676,-0.034095,-0.39379,1.356184,-0.052308,0.844622,0.099795,0.4,195.83
835,landing,3196.297555,44.543007,51.386399,100.50422,204.061967,616.083787,14.018919,1.060169,10.832308,41.836299,4613.163032,vibration_bearing_fault,1,3,350,900,1.613331,0.235613,0.804896,1.357048,-0.457035,-0.075955,0.844796,0.002961,0.4,195.825
836,landing,3636.631917,46.503884,50.806815,101.278785,197.748115,618.015318,14.455219,1.023855,10.850033,42.597921,4563.946828,vibration_bearing_fault,1,3,350,900,0.960684,0.126074,0.70951,0.567777,-2.514795,0.150367,0.855926,-0.038832,0.4,195.82
837,landing,3353.694001,46.518923,50.637181,97.734184,199.793454,618.687004,14.139398,1.083718,10.891393,42.091904,4623.65033,vibration_bearing_fault,1,3,350,900,-3.287131,0.254806,0.578166,0.173634,3.181367,-0.027366,0.848381,0.04076,0.4,195.815
838,landing,3481.312116,45.850661,51.29716,97.31391,201.526356,627.828593,14.42445,1.121549,10.819966,42.599289,4563.949109,vibration_bearing_fault,1,3,350,900,-5.753232,0.152677,-0.131861,1.558415,0.781724,0.003766,0.838915,-0.013991,0.4,195.81
839,landing,3154.287721,41.000991,50.985679,100.197935,202.288525,618.187169,14.144105,1.085853,11.068581,42.158285,4394.361915,vibration_bearing_fault,1,3,350,900,-3.165707,-0.238953,0.085557,-2.321554,1.610592,0.050728,0.85779,0.111293,0.4,195.805
840,landing,3304.845106,44.545279,51.097155,98.759707,202.730695,615.564228,14.295138,0.988971,11.224279,42.222961,4471.820588,vibration_bearing_fault,1,3,350,900,0.184025,-0.130887,0.344111,-0.236477,-0.114869,0.12463,0.851449,-0.093296,0.4,195.8
841,landing,3151.986172,48.825678,51.279086,102.099473,201.397007,617.012756,14.076232,1.118167,11.093441,43.395714,4668.858919,vibration_bearing_fault,1,3,350,900,1.497959,0.553093,-0.220835,0.884865,-2.182457,0.178761,0.847896,0.093786,0.4,195.795
842,landing,3432.524715,42.413158,51.11975,97.757231,201.297555,615.233011,14.237504,1.030329,11.057971,41.474487,4541.5781,vibration_bearing_fault,1,3,350,900,-1.276864,-0.566183,-0.037947,-0.419334,0.634504,-0.090205,0.852419,-0.049482,0.4,195.79
843,landing,3587.917895,47.577258,51.702304,97.038037,200.899158,615.59766,14.446455,1.063816,11.275392,43.363345,4575.382807,vibration_bearing_fault,1,3,350,900,-4.129875,-0.572235,-0.235645,0.80784,1.191172,-0.067,0.843363,0.012067,0.4,195.785
844,landing,3321.307849,41.271338,50.199384,100.263221,199.429606,627.343619,14.373221,1.104448,10.883785,43.282883,4442.756726,vibration_bearing_fault,1,3,350,900,-1.66343,0.261618,-0.614776,-0.051411,0.323561,0.074909,0.852181,-0.050992,0.4,195.78
845,landing,3350.290915,45.43305,50.409805,98.314721,201.170907,607.747332,14.170922,1.031506,10.880987,42.022797,4526.199458,vibration_bearing_fault,1,3,350,900,1.311788,0.025531,-0.395459,-0.281311,-1.874861,0.201622,0.857323,-0.087819,0.4,195.775
846,landing,3544.137678,50.297434,50.446301,94.215117,198.24319,619.289144,14.420963,1.092531,10.901664,41.965876,4497.8345,vibration_bearing_fault,1,3,350,900,2.869022,-0.400452,-0.664801,-1.51251,3.118872,-0.283745,0.850078,0.047579,0.4,195.77
847,landing,2953.653637,49.77393,51.098093,101.466681,198.920865,614.084876,14.458302,1.161507,10.922466,43.025517,4490.924732,vibration_bearing_fault,1,3,350,900,-1.471621,0.42778,0.599708,1.176488,0.767686,0.216752,0.844684,0.104301,0.4,195.765
848,landing,3577.664739,41.011802,50.432133,98.771714,199.946151,620.865792,14.306916,1.143695,11.020322,42.619577,4547.117986,vibration_bearing_fault,1,3,350,900,3.43017,0.379117,-0.191264,-0.575941,2.090721,-0.229852,0.858465,-0.199902,0.4,195.76
849,landing,3455.413114,42.264011,51.957736,99.873702,201.415269,626.269836,14.437558,1.020815,10.957994,43.561378,4335.720038,vibration_bearing_fault,1,3,350,900,-5.655554,0.328678,-0.922629,0.422064,4.341587,0.142565,0.857128,0.063117,0.4,195.755
850,landing,3180.83639,42.453833,51.049979,97.947441,201.809326,614.520837,14.359368,1.054587,10.843834,41.688752,4387.069917,vibration_bearing_fault,1,3,350,900,-3.694832,-0.541229,0.055014,-1.234332,-0.242505,0.180985,0.849688,-0.052837,0.4,195.75
851,landing,3591.052958,43.526946,50.734399,99.061443,198.199206,621.277428,14.421068,1.062921,10.865486,42.308774,4458.168471,vibration_bearing_fault,1,3,350,900,3.727068,0.358378,0.142014,0.654314,-1.592929,0.149354,0.854747,0.145115,0.4,195.745
852,landing,3326.750047,43.241188,50.257599,101.970692,201.426062,619.52495,14.33073,1.027104,10.739604,41.1891,4467.212593,vibration_bearing_fault,1,3,350,900,-1.680476,-0.128602,0.349143,0.246616,1.571113,-0.120424,0.842121,-0.055496,0.4,195.74
853,landing,3638.632877,50.630036,50.790514,97.98499,202.523281,612.780666,14.696152,1.002825,10.861484,41.802375,4567.441183,vibration_bearing_fault,1,3,350,900,4.910461,0.337296,-0.081729,-0.071436,1.010619,-0.053259,0.846896,0.066104,0.4,195.735
854,landing,3411.896949,48.243254,51.086411,96.603978,202.581131,623.501214,14.270535,1.01682,10.997741,41.77298,4303.759398,vibration_bearing_fault,1,3,350,900,-2.453128,1.080339,-0.146504,-0.568069,2.102453,0.100117,0.841159,-0.025447,0.4,195.73
855,landing,3534.692733,49.403698,51.177019,100.367225,196.896126,620.410011,14.394964,0.990497,11.197005,40.058525,4583.064696,vibration_bearing_fault,1,3,350,900,0.303432,0.367885,-1.011831,0.879706,2.035457,0.258204,0.853348,-0.099192,0.4,195.725
856,landing,3405.923534,45.958964,51.204699,99.046871,201.208988,624.094883,14.311059,1.003205,10.924983,42.473498,4285.680864,vibration_bearing_fault,1,3,350,900,4.134968,0.009441,0.985075,0.197119,0.541574,0.335146,0.855287,0.025888,0.4,195.72
857,landing,3515.44637,42.070197,50.768831,101.300862,204.08402,622.606791,14.187833,1.123202,10.957853,42.234814,4502.373535,vibration_bearing_fault,1,3,350,900,1.510979,0.204745,-0.48785,-1.289493,1.920852,-0.154911,0.841377,0.166108,0.4,195.715
858,landing,3214.98363,41.816571,51.247261,95.656062,198.676763,618.27182,14.456237,0.940891,10.986003,42.277507,4473.980469,vibration_bearing_fault,1,3,350,900,-3.397637,-0.112977,0.100476,0.092707,-0.131869,-0.237845,0.854889,0.04401,0.4,195.71
859,landing,3536.777184,48.445981,50.348916,98.542802,198.388602,616.085529,14.111428,1.059602,11.03333,40.220485,4473.759084,vibration_bearing_fault,1,3,350,900,0.397916,-0.171556,0.125252,0.092624,1.117596,-0.092389,0.846487,0.015144,0.4,195.705
860,landing,3324.397685,42.285733,51.539257,100.831514,202.925516,617.753415,14.528581,1.096131,10.803897,41.114296,4456.366942,vibration_bearing_fault,1,3,350,900,3.642643,0.591531,0.267547,-0.198647,0.512543,-0.238125,0.852717,0.062091,0.4,195.7
861,landing,3580.645714,51.678846,50.56314,97.612906,197.58008,610.650209,14.607769,1.159136,10.789738,42.737481,4405.795286,vibration_bearing_fault,1,3,350,900,-3.754615,-0.294591,0.628439,1.196271,0.10368,-0.064357,0.851558,-0.005934,0.4,195.695
862,landing,3478.629065,48.358223,50.522511,98.730925,198.73922,612.046383,14.290922,1.110726,10.702342,42.349525,4503.380618,vibration_bearing_fault,1,3,350,900,-2.389752,1.147717,0.364767,1.401791,-1.82288,-0.159423,0.851564,-0.109921,0.4,195.69
863,landing,3373.536918,43.369094,52.021647,100.232726,202.170135,615.813417,14.458207,1.029343,11.02,42.56613,4506.274404,vibration_bearing_fault,1,3,350,900,-0.913511,-0.544491,-0.494416,-0.600257,0.31428,-0.210286,0.84579,-0.072252,0.4,195.685
864,landing,3629.863917,44.154168,51.140242,94.586901,201.104891,614.784563,14.290566,1.13037,10.931231,40.375197,4537.069214,vibration_bearing_fault,1,3,350,900,1.825782,0.376038,-0.371496,0.982921,1.833842,0.090074,0.849376,0.056003,0.4,195.68
865,landing,3250.461699,46.926439,50.995456,98.94444,195.569915,613.972073,14.375586,1.026559,11.206165,43.71284,4434.172692,vibration_bearing_fault,1,3,350,900,-0.050654,0.492847,-0.66774,-0.544813,0.18444,-0.04755,0.85672,0.041783,0.4,195.675
866,landing,3417.767645,43.334384,51.086823,98.147512,198.546625,618.066354,14.242793,1.114269,10.678591,39.990913,4500.530101,vibration_bearing_fault,1,3,350,900,0.561777,0.068046,-0.335879,0.694884,-2.023866,0.213548,0.852673,-0.004573,0.4,195.67
867,landing,3463.562618,49.158682,51.363612,98.520497,202.725419,623.469596,14.239408,1.015409,11.087802,40.800429,4506.195315,vibration_bearing_fault,1,3,350,900,5.841084,0.400866,-0.363222,-0.075769,-0.825101,0.267624,0.85703,0.052122,0.4,195.665
868,landing,3519.689159,48.020031,51.517181,100.321608,197.171471,622.482741,14.351521,0.994482,11.129748,42.543461,4486.463505,vibration_bearing_fault,1,3,350,900,-1.805945,-0.022237,-0.125516,-0.361923,0.466803,0.117647,0.849006,0.110264,0.4,195.66
869,landing,3358.695075,46.44537,51.314704,97.78163,204.77805,621.368259,14.442018,1.068147,11.043248,42.121344,4473.040636,vibration_bearing_fault,1,3,350,900,-1.056827,0.196592,0.032662,-0.886303,-0.126347,-0.202308,0.850787,0.024452,0.4,195.655
870,landing,3384.245259,40.493591,50.296461,95.933757,203.882976,610.80606,14.526468,1.022008,10.660906,43.021475,4507.440963,vibration_bearing_fault,1,3,350,900,-2.470922,0.351165,-0.48051,-0.304324,0.435669,0.075971,0.850382,-0.009975,0.4,195.65
871,landing,3347.145442,46.171603,50.757287,95.964455,197.981498,616.450127,14.12418,1.024161,10.939856,42.635997,4398.877663,vibration_bearing_fault,1,3,350,900,-5.296754,0.307476,-0.493406,-0.347611,-1.542099,0.068956,0.842689,-0.031206,0.4,195.645
872,landing,3719.756433,37.676969,50.627806,98.023126,201.774902,612.733188,14.252157,1.078566,11.061804,41.990366,4533.235799,vibration_bearing_fault,1,3,350,900,1.285135,0.030249,-0.171658,0.596393,1.053436,0.166025,0.854075,0.137358,0.4,195.64
873,landing,3212.245724,45.436761,51.05249,90.263221,200.09838,621.475169,14.374203,1.107618,10.744707,41.226095,4450.115376,vibration_bearing_fault,1,3,350,900,-3.49248,-0.102197,0.42173,-0.401212,1.330959,0.072333,0.849289,0.011378,0.4,195.635
874,landing,3391.439664,46.179458,51.163664,100.252925,200.178978,615.688305,14.393101,1.090528,10.882753,42.459753,4516.807407,vibration_bearing_fault,1,3,350,900,2.728167,0.36521,-0.415373,0.959491,-2.055866,0.079403,0.843815,0.089229,0.4,195.63
875,landing,3208.691244,45.667408,51.490225,99.810311,198.427675,618.372565,14.803571,1.109227,10.984029,42.996241,4479.234889,vibration_bearing_fault,1,3,350,900,-1.499706,-0.386395,0.810697,0.250967,1.110314,0.257092,0.856385,-0.030267,0.4,195.625
876,landing,3281.910378,41.131278,50.965311,100.528481,201.9382,612.542308,14.318636,1.029337,10.947409,43.650934,4446.038385,vibration_bearing_fault,1,3,350,900,-4.264042,0.088228,0.133884,-1.083537,-2.77404,-0.04818,0.847507,-0.017231,0.4,195.62
877,landing,3313.037917,35.56588,50.114281,100.970961,199.10621,620.169068,14.551026,1.024564,11.184655,41.213433,4478.185421,vibration_bearing_fault,1,3,350,900,-3.636754,-0.291524,0.4534,1.491583,-0.231386,-0.128454,0.852148,0.014997,0.4,195.615
878,landing,3434.359264,40.411064,50.547158,100.206128,195.46689,615.099222,14.505868,1.107396,10.970556,41.511927,4603.815508,vibration_bearing_fault,1,3,350,900,-4.440212,0.709603,1.290073,-0.235672,1.949007,-0.202276,0.853089,-0.143909,0.4,195.61
879,landing,3437.187108,42.042466,51.0172,99.580792,198.809557,616.241343,14.529941,0.966092,10.806191,43.468581,4510.570296,vibration_bearing_fault,1,3,350,900,3.091416,-0.033548,0.392635,-0.016131,-0.95453,0.141166,0.843228,-0.161934,0.4,195.605
880,landing,3535.381064,46.911701,51.415026,98.652618,199.919802,613.921659,14.09925,1.10098,10.954498,42.927692,4545.00594,vibration_bearing_fault,1,3,350,900,-2.755984,0.179969,-0.415982,-1.938169,-2.248079,0.085842,0.860132,0.083945,0.4,195.6
881,landing,3592.896152,40.062432,50.382262,95.651142,201.825043,620.652682,14.070151,1.055537,10.950779,41.014536,4535.530146,vibration_bearing_fault,1,3,350,900,-2.986197,-0.652955,-0.453426,0.965259,1.186484,-0.030031,0.844239,-0.014434,0.4,195.595
882,landing,3461.74724,43.728445,50.900071,94.264393,199.671844,617.119462,14.317562,1.065787,10.856244,43.015986,4524.291356,vibration_bearing_fault,1,3,350,900,0.427339,0.293393,0.308781,0.117639,0.480877,0.061666,0.842754,-0.134146,0.4,195.59
883,landing,3375.410068,43.887743,50.876232,95.482026,203.820942,617.120299,14.286188,1.069437,10.863587,42.419018,4413.107583,vibration_bearing_fault,1,3,350,900,-4.375717,0.280062,0.094397,-0.641646,-1.382563,-0.039165,0.851967,-0.10175,0.4,195.585
884,landing,3358.702639,38.7973,49.994441,95.882088,202.397407,615.313892,14.354351,1.148867,10.979729,41.292534,4513.151795,vibration_bearing_fault,1,3,350,900,-0.688194,-0.076489,0.123507,-1.053534,2.027541,-0.188583,0.850276,-0.01531,0.4,195.58
885,landing,3512.910645,47.183536,50.86955,97.862454,197.992882,619.425402,14.382908,1.078429,10.973275,41.362483,4356.312647,vibration_bearing_fault,1,3,350,900,0.527488,0.578051,-0.224198,0.590136,-3.263555,0.113937,0.850312,0.107942,0.4,195.575
886,landing,3358.136999,44.537127,50.275625,99.48236,199.28537,619.404694,14.367537,1.016232,10.983709,43.098412,4646.801632,vibration_bearing_fault,1,3,350,900,-4.305449,-0.063723,-0.580514,0.200697,0.835289,-0.063124,0.839753,-0.116181,0.4,195.57
887,landing,3336.44658,46.590093,51.020563,94.061224,202.60447,613.421441,14.574262,1.042332,10.895931,41.766879,4555.832264,vibration_bearing_fault,1,3,350,900,-3.918395,0.219405,-0.820221,0.634869,-1.091061,-0.055864,0.852377,0.00994,0.4,195.565
888,landing,3805.920134,45.042853,50.941576,101.211748,197.592759,614.96055,14.275904,0.98734,10.795996,42.376279,4451.559879,vibration_bearing_fault,1,3,350,900,-0.467413,-0.58163,0.249013,-0.068088,-0.313358,0.005508,0.852536,-0.072683,0.4,195.56
889,landing,3464.958827,44.955022,51.61643,93.621479,198.891809,622.478802,14.307726,1.120059,10.973106,42.577184,4515.047341,vibration_bearing_fault,1,3,350,900,-2.011907,0.336752,-0.452226,-1.337287,-1.794704,0.089515,0.851661,-0.073554,0.4,195.555
890,landing,3426.977424,44.290954,50.856948,97.728445,198.742579,616.083698,14.244576,1.009189,10.8095,41.948018,4444.303456,vibration_bearing_fault,1,3,350,900,0.819797,0.965565,-0.054079,-0.002985,1.673508,0.037315,0.842892,0.121121,0.4,195.55
891,landing,3517.371308,43.918263,50.86673,96.993609,202.028175,617.085156,14.081851,1.093689,10.754457,41.104006,4546.062398,vibration_bearing_fault,1,3,350,900,1.922625,-0.354112,0.199468,-0.65463,-0.046746,-0.092669,0.856411,-0.017856,0.4,195.545
892,landing,3102.828304,44.334994,50.828126,97.067446,199.534281,621.937841,14.344035,1.041565,10.728561,41.939917,4565.428424,vibration_bearing_fault,1,3,350,900,-3.298732,-0.448685,0.030995,0.087932,-0.865091,0.150324,0.847525,-0.064623,0.4,195.54
893,landing,3285.114774,46.17977,50.73538,100.622658,201.960986,606.126272,14.221817,1.074075,10.921355,42.137715,4435.033575,vibration_bearing_fault,1,3,350,900,-3.857972,-0.89483,0.422231,-1.773877,0.642287,-0.053699,0.853138,-0.003695,0.4,195.535
894,landing,3285.487055,48.842063,50.803721,99.859069,196.769133,612.124425,14.252111,1.036129,11.107101,40.612802,4384.429928,vibration_bearing_fault,1,3,350,900,-0.502474,-0.626825,-0.35878,0.285262,0.453196,0.164977,0.841667,0.006619,0.4,195.53
895,landing,3452.942735,43.559106,50.969917,97.839592,199.418216,612.515481,14.261189,1.005108,11.059698,41.781898,4562.179631,vibration_bearing_fault,1,3,350,900,-0.154339,-0.924758,0.14684,0.20338,-3.077284,-0.094769,0.846933,-0.187605,0.4,195.525
896,landing,3423.512608,42.108625,51.176496,100.176505,201.241154,617.378115,14.314771,1.063398,10.87899,41.766163,4487.738458,vibration_bearing_fault,1,3,350,900,0.376873,0.258516,0.273939,0.586569,3.288058,0.046389,0.857334,0.004465,0.4,195.52
897,landing,3338.630888,45.05055,50.363016,96.728787,198.948508,614.282595,14.310582,1.07341,10.995491,42.535575,4465.082254,vibration_bearing_fault,1,3,350,900,2.349898,-0.132605,-0.66353,0.393995,-0.398636,-0.355748,0.847707,0.002312,0.4,195.515
898,landing,3610.978287,43.644552,50.776214,96.439972,200.75177,619.319495,14.266107,0.962299,10.894212,43.198141,4436.083307,vibration_bearing_fault,1,3,350,900,0.181019,0.413523,0.586206,0.637776,-0.079669,-0.056199,0.855539,-0.081267,0.4,195.51
899,landing,3273.666699,47.915878,50.221576,101.722182,200.20779,619.783166,13.80738,1.044153,11.088805,40.211545,4403.558485,vibration_bearing_fault,1,3,350,900,0.001042,-0.318235,-0.262104,-0.270657,0.445161,0.036406,0.851103,0.066552,0.4,195.505
