timestamp,mission_phase,rpm,throttle,oil_pressure,oil_temp,cht,egt,manifold_pressure,vibration,fuel_flow,ambient_temp,altitude,fault_type,fault_active,fault_severity,fault_start_time,fault_end_time,residual_rpm,residual_oil_pressure,residual_oil_temp,residual_cht,residual_egt,residual_manifold_pressure,residual_vibration,residual_fuel_flow,health_index,baseline_rul
0,idle,3391.721434,46.490225,58.047367,91.50067,183.657089,598.042274,20.364384,0.212808,7.092661,18.895562,3795.669286,healthy,0,0,0,0,0.176679,-0.981123,0.472448,0.002039,0.859476,-0.035857,0.007587,0.057673,1.0,200.0
1,idle,3364.870099,46.175629,59.195336,91.005581,183.087892,603.311048,20.255382,0.209455,6.8,17.951668,3822.513635,healthy,0,0,0,0,3.318045,0.204181,-0.196042,-0.471057,1.046026,-0.134211,-0.000913,0.063721,1.0,199.995
2,idle,3362.444558,44.024829,58.798596,90.61184,183.959462,608.532676,20.574798,0.199524,6.8,19.102058,3657.447617,healthy,0,0,0,0,-0.945648,-0.371062,0.083273,0.065712,0.874422,-0.182191,0.004994,0.145593,1.0,199.99
3,idle,3412.907022,46.40797,58.250763,91.097708,183.324065,605.061208,20.248972,0.212174,6.907999,18.348589,3789.218545,healthy,0,0,0,0,-4.645616,-0.139739,0.486425,-0.614003,1.194286,-0.05179,-0.005285,-0.061949,1.0,199.985
4,idle,3394.230026,45.679409,58.579767,90.918986,184.194698,602.383856,20.604604,0.204723,6.999171,16.5288,3686.712515,healthy,0,0,0,0,-4.114067,-0.280635,-0.184075,-1.57208,-0.690593,-0.060351,-0.000278,0.020998,1.0,199.98
5,idle,3378.568933,46.108196,58.540954,91.013806,184.695843,601.422345,20.448907,0.199051,6.916247,18.459012,3809.03388,healthy,0,0,0,0,2.429154,-0.593172,-0.011003,-0.012455,-0.949039,-0.129172,0.002768,0.090421,1.0,199.975
6,idle,3410.494293,47.781771,58.191645,91.273162,183.79517,603.963142,20.119448,0.220612,6.96041,19.323009,3831.87985,healthy,0,0,0,0,3.43419,0.147922,0.422947,-0.738088,-3.17913,0.057315,-0.005847,0.018349,1.0,199.97
7,idle,3368.472731,46.10789,58.474721,91.388734,183.073636,600.103487,20.377686,0.206079,6.8,15.668356,3806.144193,healthy,0,0,0,0,-0.705809,0.340077,-0.201445,0.857592,-0.278777,0.096288,-0.004092,0.217215,1.0,199.965
8,idle,3385.501506,47.84016,58.366473,91.546777,184.597288,600.953357,20.365675,0.213971,6.996276,17.070084,4050.67178,healthy,0,0,0,0,-5.515258,0.558202,-0.251969,-0.575818,-1.44262,0.094136,-0.014397,-0.008925,1.0,199.96
9,idle,3338.862166,45.543552,58.015615,90.361879,185.312825,599.097373,20.157789,0.207889,7.049173,18.436252,3884.583731,healthy,0,0,0,0,3.486859,0.474466,0.176041,0.286797,2.939956,-0.012075,-0.004527,-0.043125,1.0,199.955
10,idle,3377.34027,46.451624,58.515309,90.936918,185.497237,608.047382,19.907781,0.212744,6.918341,17.00477,3834.966915,healthy,0,0,0,0,5.736867,0.111337,0.423559,-0.88146,-0.27143,-0.040275,0.000226,0.024185,1.0,199.95
11,idle,3389.747477,46.094325,58.129529,90.424467,184.143967,602.84745,19.815021,0.216641,6.880919,18.229553,3835.210119,healthy,0,0,0,0,-4.093157,0.174193,-0.122005,-1.495547,0.179699,0.02459,-0.008956,0.05906,1.0,199.945
12,idle,3384.895608,44.663662,59.53417,91.472279,184.569705,603.087458,20.370695,0.21156,7.106387,18.683638,3772.99784,healthy,0,0,0,0,-5.045516,-0.211438,-0.540315,0.4737,-0.710713,-0.11255,0.001906,-0.075035,1.0,199.94
13,idle,3337.549129,46.00877,58.719548,91.356716,186.103047,600.036906,20.264827,0.20607,6.813502,19.198485,3782.540795,healthy,0,0,0,0,0.611207,-0.254904,-0.595204,-0.540994,-1.651005,0.1389,0.003115,0.148751,1.0,199.935
14,idle,3370.427629,46.357228,57.733046,89.776345,185.319376,599.176418,20.220147,0.212086,6.8,18.886891,3791.447698,healthy,0,0,0,0,4.18704,-0.48775,-0.97283,1.834549,0.522496,-0.087178,0.008879,-0.029799,1.0,199.93
15,idle,3384.087352,42.912043,59.022069,92.210663,185.258625,601.255617,20.47958,0.205173,6.842984,18.231608,3690.866401,healthy,0,0,0,0,0.098056,0.396812,-0.25678,0.007069,0.121525,0.029417,0.005273,0.153508,1.0,199.925
16,idle,3339.044016,45.816971,57.969788,92.454889,184.42379,600.099316,20.745341,0.218131,7.147485,18.457267,3721.16513,healthy,0,0,0,0,3.633039,-0.003024,0.785829,-1.587194,-1.244689,-0.069424,-0.002198,-0.156044,1.0,199.92
17,idle,3356.054919,46.569621,58.279455,90.819827,184.770549,602.195381,20.338441,0.215298,7.029957,19.636149,3733.884668,healthy,0,0,0,0,-6.740436,0.22285,-0.107875,0.286519,2.312222,-0.085316,-0.005102,0.055667,1.0,199.915
18,idle,3390.644801,46.213268,58.424124,92.154318,184.181619,597.467107,20.464702,0.204261,6.97858,19.183776,3707.373129,healthy,0,0,0,0,-2.153208,0.361949,-0.354083,0.280709,-0.379019,0.071926,-0.007024,-0.137245,1.0,199.91
19,idle,3355.369363,46.926435,59.132802,92.183567,184.582126,604.231101,20.33514,0.211646,6.897215,17.058099,3875.547503,healthy,0,0,0,0,1.200506,0.062129,-0.523161,1.399738,0.194332,-0.001761,0.004734,0.080886,1.0,199.905
20,idle,3368.5169,44.019968,58.536114,91.268736,185.87448,605.262699,20.222936,0.215618,7.030496,20.801391,3608.927975,healthy,0,0,0,0,2.847382,0.084494,0.664094,-0.564979,-2.103387,0.020434,-0.00102,-0.113841,1.0,199.9
21,idle,3370.847989,45.331967,57.369878,91.102881,182.438797,608.756573,20.291061,0.215195,6.902463,19.431209,3887.324328,healthy,0,0,0,0,-0.435856,0.328911,-0.619505,-0.11142,-1.987498,-0.17069,0.003161,-0.001621,1.0,199.895
22,idle,3415.486117,45.67671,58.862216,91.417551,186.142536,603.770971,20.29604,0.213046,6.899813,21.031053,3786.715521,healthy,0,0,0,0,1.368867,0.535894,0.061316,-0.422253,0.793836,0.012666,-0.003156,-0.109743,1.0,199.89
23,idle,3390.161437,46.101039,58.563503,91.307011,184.845324,606.105421,20.142943,0.205211,6.8,18.989024,3904.598631,healthy,0,0,0,0,0.283212,0.434921,-0.241568,1.016612,-1.284258,0.060288,-0.012146,-0.065722,1.0,199.885
24,idle,3376.2657,46.415855,58.230642,91.867617,181.413511,606.501096,20.261421,0.210093,6.8,17.306607,3902.873794,healthy,0,0,0,0,-2.06882,0.11275,0.532388,1.047021,-3.784033,0.131256,-7.2e-05,-0.056987,1.0,199.88
25,idle,3395.251347,44.922256,59.157029,91.039382,184.185585,603.420644,20.523738,0.202398,6.962381,20.643401,3787.430515,healthy,0,0,0,0,-1.912569,-0.100237,-0.664262,0.551275,-1.724628,-0.000462,-0.001444,-0.03359,1.0,199.875
26,idle,3353.918935,44.245821,58.260042,91.465841,184.812185,602.38598,20.277971,0.205684,6.875649,19.199212,3623.654939,healthy,0,0,0,0,0.506514,0.092478,0.454315,-0.064712,0.708529,0.196314,-0.004396,0.008661,1.0,199.87
27,idle,3416.685762,45.442908,57.455667,90.603279,185.156599,607.987172,20.477725,0.199882,6.8,19.407938,3847.641776,healthy,0,0,0,0,-1.855696,-0.654908,-0.30128,0.354108,-2.739592,0.081932,-0.009788,-0.099769,1.0,199.865
28,idle,3392.793201,45.564742,59.017164,90.803741,184.190152,607.473728,20.323265,0.210859,6.885102,17.253955,3823.193917,healthy,0,0,0,0,2.522829,0.373727,0.323023,0.148088,-0.377623,0.071165,0.001024,0.103526,1.0,199.86
29,idle,3423.033986,46.021876,58.619891,91.131119,185.842546,596.533561,20.515489,0.208569,6.8,19.430301,3783.45786,healthy,0,0,0,0,3.430795,0.053579,-0.323559,0.134538,2.064482,-0.169303,-0.005922,-0.101545,1.0,199.855
30,idle,3372.14241,46.339121,57.221149,90.809957,184.084386,602.772548,20.210623,0.195091,7.038071,18.003697,3640.612125,healthy,0,0,0,0,1.873436,0.176615,-0.480203,0.484928,-2.083318,0.262731,0.006618,-0.103587,1.0,199.85
31,idle,3354.817299,44.805977,57.831375,90.595069,183.341138,602.604021,20.304274,0.208125,6.814448,17.909274,3809.824215,healthy,0,0,0,0,-4.257004,-0.010988,-0.357958,-1.294361,0.788753,0.141505,0.00464,0.0189,1.0,199.845
32,idle,3390.214806,44.709645,58.140428,91.070344,186.246514,603.22773,20.590374,0.20486,7.095563,19.043491,3785.441148,healthy,0,0,0,0,-4.73822,-0.490971,-0.538972,0.645387,-2.373007,-0.114935,-0.002034,0.026358,1.0,199.84
33,idle,3359.531844,45.872196,58.366619,91.58408,185.621733,597.333664,20.899248,0.207986,6.8,17.331837,3831.676392,healthy,0,0,0,0,5.265386,0.205626,-0.478708,-0.313932,-1.936269,0.153064,-0.000521,0.024359,1.0,199.835
34,idle,3347.977211,46.002771,58.437079,91.219867,184.236048,603.624748,20.468852,0.206858,6.992456,20.179323,3820.17619,healthy,0,0,0,0,0.034325,-0.120293,0.416413,-1.150737,0.252438,-0.23932,0.006401,0.012085,1.0,199.83
35,idle,3365.951354,46.740055,58.269634,91.68585,184.430232,599.262842,20.648778,0.208045,6.839612,18.56027,3717.61797,healthy,0,0,0,0,0.265397,0.566616,-0.880247,0.553445,-1.865585,-0.255497,-0.00571,0.093423,1.0,199.825
36,idle,3395.223317,45.372041,58.222564,91.360037,185.047775,603.609672,20.372541,0.211598,6.8,18.723141,3735.867062,healthy,0,0,0,0,-0.868827,0.47856,-0.236545,0.884725,-2.771878,-0.083803,0.000989,-0.003426,1.0,199.82
37,idle,3380.139561,45.755158,57.436787,91.074839,185.192587,601.595774,20.260994,0.209044,6.87913,19.45899,3869.716992,healthy,0,0,0,0,1.416767,-0.017627,0.42754,-1.000002,1.477796,0.110688,0.00058,-0.070952,1.0,199.815
38,idle,3394.22323,46.228768,57.941801,90.797917,184.718418,602.568199,20.253844,0.19693,6.877346,18.016499,4038.861435,healthy,0,0,0,0,-6.138323,0.185413,-0.632868,-0.466226,3.479049,-0.043633,-0.002544,-0.101086,1.0,199.81
39,idle,3379.150464,47.180371,58.761186,90.507903,184.140947,601.149344,20.367061,0.200333,6.8,18.558886,3631.799751,healthy,0,0,0,0,-1.40232,0.358361,-0.174432,-0.54142,2.322789,0.08752,-0.001592,0.032549,1.0,199.805
40,idle,3372.144246,45.654076,57.815071,90.903288,184.115771,602.758476,19.949184,0.213691,6.8,17.730387,3804.848932,healthy,0,0,0,0,-2.262627,-0.249669,-0.707196,-0.07294,-1.124891,0.236399,0.000555,0.091491,1.0,199.8
41,idle,3375.257622,46.768375,58.57732,90.965674,186.344054,603.450161,19.895191,0.211395,6.8,17.608867,3668.816553,healthy,0,0,0,0,0.568813,-0.376699,-0.32617,1.544501,-0.474494,0.140605,0.005307,0.015089,1.0,199.795
42,idle,3368.369515,44.986852,58.539156,91.870853,185.147177,602.853917,20.417614,0.211117,6.897157,16.656591,3656.093337,healthy,0,0,0,0,1.01752,-0.029504,0.050215,1.390336,0.690605,-0.159572,-0.003299,0.082795,1.0,199.79
43,idle,3383.473966,45.389289,58.588955,91.472943,185.372243,598.839987,20.489735,0.205048,6.865006,16.500217,3881.034194,healthy,0,0,0,0,-1.843022,-0.552661,0.061881,-0.414767,-3.194919,0.072982,-0.001766,-0.009043,1.0,199.785
44,idle,3388.937747,44.268256,58.47165,90.499301,185.295674,598.56004,20.344161,0.204851,6.962893,18.964351,3712.820782,healthy,0,0,0,0,-0.407916,0.240101,0.96818,-0.363328,-0.683313,-0.151239,-0.003066,0.132386,1.0,199.78
45,idle,3375.567222,46.42739,58.379315,91.616558,184.885783,604.257474,20.487304,0.208527,7.094724,18.540046,3785.944291,healthy,0,0,0,0,-5.057313,0.609949,-0.125182,-0.338791,-0.463034,-0.133372,0.001008,0.092095,1.0,199.775
46,idle,3359.748208,44.25974,58.578848,91.176731,184.779025,605.090552,20.281201,0.204786,6.8,19.102206,3890.674214,healthy,0,0,0,0,-2.103796,-0.366935,0.388676,0.753709,-0.866396,0.177683,0.008935,0.093391,1.0,199.77
47,idle,3365.496622,45.230751,58.585311,91.405618,183.014062,596.357396,20.156454,0.209459,7.121003,18.597458,3820.896688,healthy,0,0,0,0,3.785251,0.240483,-0.07402,0.128981,1.600959,-0.111694,0.002271,0.057323,1.0,199.765
48,idle,3384.818182,44.929285,57.831863,90.313016,184.898998,604.835085,20.516313,0.206714,7.097855,20.158922,3967.286523,healthy,0,0,0,0,-1.881366,-0.331627,0.304451,0.145575,-0.317052,0.104263,0.002459,-0.135155,1.0,199.76
49,idle,3401.420583,45.813455,58.745737,91.694735,183.020925,608.625908,20.326554,0.205144,6.95629,19.176803,3889.9235,healthy,0,0,0,0,0.449725,-0.13692,0.551933,-0.454223,-1.609026,0.106118,0.00266,0.011595,1.0,199.755
50,taxi,3602.332151,60.159825,57.844158,90.854499,193.106057,644.259448,22.229538,0.207091,9.050105,18.482888,3829.038698,healthy,0,0,0,0,-2.060742,0.040429,-0.697187,0.960724,-0.155666,0.005336,-0.004671,0.13904,1.0,199.75
51,taxi,3594.916751,64.073161,58.474746,91.829708,193.767365,640.798588,22.622091,0.207526,8.746617,17.847072,3855.822845,healthy,0,0,0,0,-4.697638,0.115606,-0.217896,-2.00444,2.145859,0.131966,0.010114,-0.104793,1.0,199.745
52,taxi,3621.024304,60.516959,58.304415,91.043404,196.079938,645.812116,22.508643,0.205016,8.798269,19.434536,3695.259149,healthy,0,0,0,0,-3.661762,-0.66362,-0.59128,0.475209,0.491556,-0.205712,0.004717,0.072278,1.0,199.74
53,taxi,3566.894544,58.830094,58.820563,90.986444,194.277528,641.911825,22.378193,0.212017,8.685761,17.983657,3735.601598,healthy,0,0,0,0,-1.458772,0.383869,0.370977,-0.123696,-0.321407,0.129551,0.005379,0.052244,1.0,199.735
54,taxi,3563.503033,59.788259,59.114886,91.832399,195.764658,643.95985,22.386808,0.21158,8.694266,18.920172,3835.653243,healthy,0,0,0,0,1.532723,-0.362804,-0.434678,0.826428,-0.116326,-0.144197,-0.003538,0.012376,1.0,199.73
55,taxi,3612.244008,62.409676,58.199007,91.088667,194.440711,644.68142,22.007066,0.21059,8.805136,18.544853,3830.201741,healthy,0,0,0,0,0.692297,0.142901,0.959236,0.990762,-2.376878,0.035321,0.001144,0.184939,1.0,199.725
56,taxi,3582.107399,62.061572,57.904669,91.181052,195.857175,641.114526,22.228996,0.203716,8.765185,19.985099,3722.290947,healthy,0,0,0,0,-3.210055,0.798662,0.521367,-0.113199,-0.794853,-0.001525,-0.010723,0.096908,1.0,199.72
57,taxi,3599.868011,61.566449,57.873635,91.872406,194.443191,644.424057,22.350024,0.204413,8.93114,15.671515,3731.987589,healthy,0,0,0,0,-4.540477,-0.239413,0.104529,-0.207911,-0.394365,-0.151295,-0.00118,-0.025884,1.0,199.715
58,taxi,3576.797546,61.509989,58.172407,90.197778,196.912497,644.65036,22.121394,0.21111,8.935434,17.91873,3729.762771,healthy,0,0,0,0,-1.676688,-1.103726,0.856774,0.510373,-1.293088,-0.300596,-0.003277,-0.001231,1.0,199.71
59,taxi,3583.766105,59.718769,58.444713,92.512276,194.410918,645.190076,22.241056,0.210621,8.709449,18.751705,3860.249248,healthy,0,0,0,0,-2.211014,0.483049,0.32794,-0.227737,1.520611,0.119172,-0.01013,0.075484,1.0,199.705
60,taxi,3560.057414,62.650425,57.968984,91.30598,194.851241,646.485851,22.345481,0.206026,8.98212,18.776964,3585.542049,healthy,0,0,0,0,0.605892,0.231466,-0.684892,-0.490155,-3.50998,-0.06234,-0.005229,-0.032249,1.0,199.7
61,taxi,3605.821977,58.968678,58.640757,92.046483,194.499895,639.72462,22.416078,0.209866,8.61564,19.456266,3643.28216,healthy,0,0,0,0,-3.192459,0.565546,-0.125802,-1.15795,-0.949957,-0.074871,-0.000983,0.179284,1.0,199.695
62,taxi,3581.229897,61.102681,57.980994,90.333698,194.601584,645.319517,22.664102,0.212538,8.954419,20.694367,3988.119272,healthy,0,0,0,0,2.97601,0.458792,0.672765,0.603429,-2.018709,-0.16371,0.001632,-0.017042,1.0,199.69
63,taxi,3594.636957,60.004251,58.824231,91.062119,193.342203,640.266622,22.214524,0.195856,8.822379,17.634274,3876.297152,healthy,0,0,0,0,-1.189494,0.03952,-1.186253,0.065068,-0.518343,-0.020952,0.001119,-0.011967,1.0,199.685
64,taxi,3571.822019,62.017603,57.907416,90.801396,194.816386,638.539656,22.437053,0.201201,8.685036,18.19119,3791.625849,healthy,0,0,0,0,-4.574904,0.156438,0.357896,-0.73391,-0.814304,0.078665,-0.00103,0.115791,1.0,199.68
65,taxi,3578.926764,60.321109,58.260486,90.777239,195.69101,646.898338,22.152768,0.213524,8.775085,19.424585,3840.063135,healthy,0,0,0,0,3.771191,-0.245741,0.177652,2.187528,0.006147,-0.057559,0.002425,-0.033655,1.0,199.675
66,taxi,3566.459372,60.335996,58.404412,91.372659,194.67224,645.262585,22.473464,0.208555,9.01308,17.637328,3838.916366,healthy,0,0,0,0,-1.348698,-0.694648,0.16622,1.115345,-0.314949,0.129069,-0.005095,0.03528,1.0,199.67
67,taxi,3570.33991,60.747039,57.83733,91.186394,194.814665,643.810107,22.612681,0.209216,8.573961,18.423252,3821.168454,healthy,0,0,0,0,1.896795,0.056625,-0.004871,-1.23472,1.205285,-0.031158,0.00602,0.005718,1.0,199.665
68,taxi,3592.470275,59.800997,58.310848,91.897674,193.906442,643.040721,22.360026,0.210709,8.774003,19.152467,3671.694627,healthy,0,0,0,0,-2.477804,1.066253,-0.323886,0.24744,0.434598,0.039197,0.002112,0.096288,1.0,199.66
69,taxi,3582.153565,61.143894,59.034026,90.467896,194.812968,641.109623,22.667997,0.208171,8.828686,17.882286,3831.821712,healthy,0,0,0,0,0.9616,-0.355481,0.404507,0.508985,4.396444,0.285072,-1.6e-05,-0.02583,1.0,199.655
70,taxi,3577.299474,61.464025,58.288241,91.231851,192.417455,643.758264,22.361906,0.208804,8.648467,17.019719,3711.276486,healthy,0,0,0,0,-1.148204,-0.195697,0.014094,1.484049,1.190844,0.096758,-0.006045,0.079226,1.0,199.65
71,taxi,3594.839656,61.757483,58.254536,90.447121,194.881122,641.569776,22.424917,0.205261,8.89264,17.322777,3728.014383,healthy,0,0,0,0,2.240004,0.107715,-0.412312,0.102598,0.807106,-0.072187,0.002253,0.097999,1.0,199.645
72,taxi,3567.061499,62.616339,57.948985,90.833844,193.324232,644.651817,21.907283,0.208889,8.701875,18.950734,3696.017565,healthy,0,0,0,0,0.435686,-0.715361,-0.458656,0.698932,-2.163601,0.144232,0.006006,0.020027,1.0,199.64
73,taxi,3576.376107,60.09326,59.018299,91.289762,194.873703,642.927698,22.383727,0.222501,8.915889,19.266021,3794.628631,healthy,0,0,0,0,1.255887,-0.03632,-0.525268,0.038992,0.069899,-0.132574,-0.003704,-0.025165,1.0,199.635
74,taxi,3594.682977,60.566398,58.904985,91.653258,194.879361,641.376522,22.323754,0.205212,9.111455,18.229819,3771.994759,healthy,0,0,0,0,-1.892293,0.065692,0.227274,0.718691,-0.064697,-0.236181,0.00102,0.097448,1.0,199.63
75,taxi,3591.456353,60.674737,58.237949,90.359906,195.428756,645.914154,22.25551,0.208795,8.76646,16.786758,3811.709175,healthy,0,0,0,0,1.495936,-0.587496,0.799691,1.018525,1.928988,0.004543,0.005903,0.038862,1.0,199.625
76,taxi,3562.285978,60.415455,58.202555,90.361829,196.455316,646.309234,22.82155,0.207409,8.829891,19.000082,3807.775784,healthy,0,0,0,0,5.650692,0.133246,-0.512275,-0.319077,-0.251593,0.042393,0.000265,-0.033726,1.0,199.62
77,taxi,3565.667083,61.659667,58.207051,91.357046,195.728371,638.038117,22.292365,0.212746,8.79478,16.798134,3896.514973,healthy,0,0,0,0,-5.853259,0.645586,-0.231187,1.448414,-1.700196,0.146287,0.004331,-0.057284,1.0,199.615
78,taxi,3571.118311,58.17683,57.760052,90.646732,196.086169,640.858412,22.598432,0.208292,8.864044,17.559202,4008.200778,healthy,0,0,0,0,-2.715449,0.241228,0.482005,-1.793351,0.075963,-0.106691,-0.003768,-0.082207,1.0,199.61
79,taxi,3560.357601,60.437948,58.481341,90.301233,193.74082,640.496991,22.293078,0.20117,8.791664,19.424591,3840.394043,healthy,0,0,0,0,-2.026779,0.009985,-0.052289,0.233468,-0.1354,-0.0526,-0.003377,0.077782,1.0,199.605
80,taxi,3568.110015,62.180921,57.953593,91.080387,192.883961,641.40742,22.553251,0.209938,8.957127,18.543579,3678.971952,healthy,0,0,0,0,-3.250762,0.80495,-0.597048,-0.982383,1.247559,-0.101667,0.001184,0.046419,1.0,199.6
81,taxi,3581.266345,60.264687,58.496835,91.380025,196.397033,643.949274,22.298668,0.205933,8.692254,18.27516,3715.131662,healthy,0,0,0,0,-0.698729,-0.155792,0.162696,1.093935,-1.115583,0.072425,-0.005772,-0.032331,1.0,199.595
82,taxi,3590.418822,59.941579,58.771945,91.223887,194.023844,639.63833,22.514797,0.201827,8.877547,20.15467,3679.45944,healthy,0,0,0,0,-0.566728,0.533944,-0.135187,0.110627,1.09723,-0.118055,0.001529,0.050926,1.0,199.59
83,taxi,3540.342984,61.063745,58.473239,91.095935,194.557074,643.510975,22.241432,0.203367,8.865678,18.636343,3853.515012,healthy,0,0,0,0,-1.649861,-0.587406,0.494454,-0.684144,-0.426485,-0.129527,0.000584,-0.015067,1.0,199.585
84,taxi,3589.497627,60.506684,59.314705,91.932699,191.873706,642.795383,22.360886,0.217484,8.853002,17.974243,3778.859584,healthy,0,0,0,0,-2.895822,0.75304,0.490895,-0.393606,-1.653263,-0.036833,-0.001335,-0.013063,1.0,199.58
85,taxi,3597.549397,59.005241,58.381407,90.05196,194.698592,636.033565,22.166401,0.204171,8.735524,19.763497,3835.986951,healthy,0,0,0,0,-0.420566,0.475281,0.129529,0.090819,-1.490439,0.059147,0.004557,0.055773,1.0,199.575
86,taxi,3566.234633,61.31511,58.638119,92.195597,195.198632,641.175374,22.180648,0.203177,8.804121,16.469586,3793.625122,healthy,0,0,0,0,-0.799947,-0.004786,-0.786439,0.576455,0.747363,-0.045625,-0.00406,-0.088102,1.0,199.57
87,taxi,3585.030593,60.212477,57.526917,91.821206,193.80578,641.19395,22.139223,0.207232,9.186278,18.269703,3692.589404,healthy,0,0,0,0,-0.574971,0.479899,0.669646,0.619543,-0.559063,-0.206928,0.003481,-0.027118,1.0,199.565
88,taxi,3560.642712,61.311282,58.569746,91.270872,193.607795,635.583353,22.531212,0.210789,8.796586,20.32249,3655.107049,healthy,0,0,0,0,0.843067,0.048135,-0.508638,1.183966,-0.126717,-0.12972,0.002873,0.039027,1.0,199.56
89,taxi,3597.012835,60.718635,57.604057,90.238781,195.618504,643.920355,22.195991,0.199954,8.904147,18.417946,3789.299113,healthy,0,0,0,0,-3.322605,-0.029849,0.364964,0.455426,0.433691,-0.170411,0.004872,-0.046227,1.0,199.555
90,taxi,3597.39512,59.47296,58.888148,91.292362,193.948812,643.506208,22.305929,0.2084,8.923592,17.714025,3878.338396,healthy,0,0,0,0,-0.793945,-0.074941,0.122773,0.596318,-1.091495,0.055485,0.008886,0.022049,1.0,199.55
91,taxi,3589.341355,59.099044,57.844798,91.207114,194.403342,646.883639,22.009168,0.207681,8.864199,17.151,3743.400846,healthy,0,0,0,0,3.465737,-0.184925,1.209669,-1.109893,-1.708274,0.343767,0.002959,-0.074975,1.0,199.545
92,taxi,3594.96426,59.862053,58.693979,91.41881,194.552439,641.786229,22.464358,0.213743,8.760939,18.080979,3750.199974,healthy,0,0,0,0,0.998981,-0.484452,0.373471,0.927475,3.348832,-0.079241,-0.001141,-0.088871,1.0,199.54
93,taxi,3568.191296,59.24412,58.514571,91.275633,193.856728,647.551532,22.332947,0.201474,8.893801,18.025187,3916.155975,healthy,0,0,0,0,0.13497,-1.224273,0.971483,1.562881,0.91127,-0.076837,-3e-06,0.062042,1.0,199.535
94,taxi,3589.353419,62.279946,58.560328,90.865541,194.395801,642.641378,22.308823,0.223174,9.020431,17.954673,3852.826221,healthy,0,0,0,0,-3.891957,-0.65467,-0.471834,-0.299602,-2.302341,0.063598,-0.000668,0.055668,1.0,199.53
95,taxi,3590.060537,62.192941,58.795449,90.574075,194.720433,644.265076,22.348339,0.201579,9.030347,16.887453,3733.648573,healthy,0,0,0,0,2.944579,0.941305,0.098591,-0.283096,1.105715,-0.25298,-0.004506,-0.109593,1.0,199.525
96,taxi,3610.187079,60.992729,58.175158,91.318493,195.024835,646.475601,22.228968,0.216783,8.988044,18.44658,3907.73603,healthy,0,0,0,0,1.198392,0.388273,0.389113,-0.515384,-2.189985,0.157882,-0.005252,-0.057968,1.0,199.52
97,taxi,3572.895812,60.701402,58.221459,91.097291,195.208017,640.347209,22.533401,0.205243,8.669651,17.162628,3718.153379,healthy,0,0,0,0,-2.024878,1.076218,0.718779,0.547051,-2.180613,-0.206214,0.006974,0.073517,1.0,199.515
98,taxi,3603.387171,60.887189,58.140826,90.70331,196.789731,643.38627,22.371338,0.203866,8.90892,16.963904,3858.179765,healthy,0,0,0,0,0.022929,0.397873,0.14931,-0.127645,-1.008466,0.063203,0.003282,0.001256,1.0,199.51
99,taxi,3602.50817,60.548523,58.039677,92.444989,195.391304,639.063708,22.430758,0.211537,8.69211,18.42933,4015.958342,healthy,0,0,0,0,1.540382,-0.006526,-0.083976,-0.315351,0.326386,0.106626,0.001384,-0.002425,1.0,199.505
100,takeoff,4187.102966,90.932154,58.678008,91.311102,223.803426,746.537481,29.527268,0.203201,14.836587,17.735737,3944.534501,healthy,0,0,0,0,2.791969,-0.673837,-0.229673,0.572604,0.421782,-0.104269,-0.007115,-0.059964,1.0,199.5
101,takeoff,4231.491671,89.570557,58.87598,91.049075,224.412216,743.446064,29.423125,0.212384,15.041275,17.241612,3846.20593,healthy,0,0,0,0,-2.497773,0.138701,0.446205,0.004025,1.162523,0.075712,0.005265,-0.061364,1.0,199.495
102,takeoff,4196.737636,87.08364,58.06599,90.314391,223.678373,745.759323,29.331096,0.207851,15.131831,18.515171,3647.517284,healthy,0,0,0,0,-1.349682,-0.157804,0.074148,-0.204246,1.585775,0.199209,0.006279,-0.07281,1.0,199.49
103,takeoff,4163.820711,91.402043,58.694751,91.737257,221.881024,742.011701,29.86289,0.201219,14.873117,17.666112,3529.906993,healthy,0,0,0,0,3.783281,-0.099472,-0.385194,-0.026668,0.751902,0.087777,9e-05,-0.199684,1.0,199.485
104,takeoff,4187.913183,90.319759,59.023924,90.980535,225.137942,743.034235,29.450329,0.206144,14.791783,18.258052,3669.036109,healthy,0,0,0,0,3.332005,0.122015,-0.457213,-0.75153,-1.017792,0.197533,-0.000233,0.015472,1.0,199.48
105,takeoff,4197.561051,91.847947,58.707995,91.348228,226.817882,747.516485,29.57859,0.207768,14.879391,20.375872,3921.053043,healthy,0,0,0,0,-1.101372,0.520094,-0.015396,-1.279347,-0.636708,0.179228,0.010073,0.074766,1.0,199.475
106,takeoff,4188.912161,90.29466,59.106191,91.961437,225.235895,744.111613,29.33089,0.217403,15.01759,17.661728,3678.234218,healthy,0,0,0,0,-5.731073,0.003965,0.991025,-1.016193,0.690198,-0.156793,0.00155,0.136196,1.0,199.47
107,takeoff,4158.672188,91.570916,58.223847,90.871293,222.926224,740.421398,29.48055,0.207905,14.736652,18.947668,3625.169455,healthy,0,0,0,0,-1.344311,0.507968,-0.245065,1.001911,1.004357,-0.05183,0.006139,-0.072092,1.0,199.465
108,takeoff,4204.524127,90.046722,58.458277,91.935201,224.792386,741.586709,29.016045,0.209249,14.922622,16.666894,3677.907079,healthy,0,0,0,0,3.240009,-0.764629,0.082618,0.036684,-2.909516,-0.235841,-0.003811,-0.010974,1.0,199.46
109,takeoff,4188.650294,88.8522,58.2084,91.597941,226.422944,737.36797,29.523127,0.205434,14.772202,19.511219,3659.883761,healthy,0,0,0,0,0.094652,-0.023946,-0.212919,-0.142267,-2.730114,0.018524,-6.2e-05,0.191282,1.0,199.455
110,takeoff,4184.206892,90.708309,58.366238,91.249769,224.778968,739.811945,29.192512,0.204821,14.823385,18.735736,3755.759667,healthy,0,0,0,0,0.134737,-0.629892,-0.04039,0.088378,1.704053,-0.03858,-0.004002,0.070178,1.0,199.45
111,takeoff,4189.028319,89.735898,58.325852,91.177261,228.381659,741.485467,29.382332,0.216262,14.819424,18.662477,3687.107562,healthy,0,0,0,0,5.95765,-0.299689,-0.410678,1.169957,-0.633406,-0.002826,-0.001744,0.039222,1.0,199.445
112,takeoff,4147.723287,90.237872,58.809839,91.779984,224.271267,739.785412,29.185611,0.21385,14.701286,19.435959,3700.395337,healthy,0,0,0,0,2.020311,-0.626726,-0.099545,1.425381,0.267782,0.149223,0.002522,0.060033,1.0,199.44
113,takeoff,4162.279346,89.550481,58.610602,91.766301,223.338136,742.238288,29.012797,0.216901,15.005111,19.150524,3784.072565,healthy,0,0,0,0,0.196977,0.015607,-0.68597,-0.053394,-1.590833,-0.126083,0.010747,0.132498,1.0,199.435
114,takeoff,4143.547041,89.081867,58.638789,90.753188,225.882146,743.454348,29.103187,0.209025,15.011857,18.141377,3761.274018,healthy,0,0,0,0,-2.642004,-0.809899,0.237354,-0.340691,1.907205,-0.142374,-0.002517,0.082486,1.0,199.43
115,takeoff,4174.647106,89.765172,58.96272,91.231661,225.92104,741.410652,29.554967,0.212766,14.725246,16.97124,3812.079594,healthy,0,0,0,0,4.100178,-0.902908,0.578435,0.709511,0.466397,-0.094607,0.002923,-0.032679,1.0,199.425
116,takeoff,4191.718263,90.285922,58.661495,91.372773,224.800333,744.822871,29.248705,0.210383,14.723758,19.176406,3737.062297,healthy,0,0,0,0,-1.601794,0.209099,-0.354633,0.116172,-0.567664,-0.01236,-0.002455,0.156189,1.0,199.42
117,takeoff,4188.204041,90.0677,58.452467,91.15227,225.521383,740.165208,29.383096,0.209099,14.809459,19.648312,3880.474691,healthy,0,0,0,0,-1.16099,0.125337,-0.428448,0.23324,1.317567,-0.03203,-0.001942,0.124143,1.0,199.415
118,takeoff,4227.484723,88.993868,59.198717,91.132523,222.881231,745.451539,29.199864,0.211779,14.633766,17.251036,3642.624135,healthy,0,0,0,0,1.193254,0.189479,-0.312185,-0.177536,2.074207,-0.194851,-0.00574,0.039995,1.0,199.41
119,takeoff,4201.210938,92.195658,57.897001,90.99467,225.76662,742.995203,29.500364,0.220429,14.977368,17.866942,3746.243218,healthy,0,0,0,0,-4.146435,-0.630373,-0.149865,-0.103827,0.032739,0.108964,0.000764,0.020126,1.0,199.405
120,takeoff,4215.191568,91.045799,59.294955,91.106986,224.049727,743.299805,29.283826,0.212758,14.726376,17.324443,3683.385136,healthy,0,0,0,0,-3.30271,0.001593,0.165868,-0.287423,-1.692492,0.044971,-0.001551,-0.080809,1.0,199.4
121,takeoff,4175.67217,89.241397,58.514103,91.126445,225.850449,742.379913,28.961722,0.214638,14.962169,18.72639,3802.914476,healthy,0,0,0,0,-0.352457,-0.202539,0.70164,0.825871,1.232253,-0.067996,-0.002748,-0.030992,1.0,199.395
122,takeoff,4190.550562,92.235011,58.986583,91.407187,224.107998,742.41191,29.463676,0.207438,14.774231,18.384421,3785.319323,healthy,0,0,0,0,0.369214,-0.211008,-0.137857,-0.190734,-2.240922,0.042418,0.002085,-0.038099,1.0,199.39
123,takeoff,4176.055186,90.093371,58.268784,90.909815,223.975147,742.80701,29.590101,0.201876,14.841776,19.259063,3813.618126,healthy,0,0,0,0,0.953711,0.056594,-0.65771,0.433878,-2.072849,0.186734,0.007542,0.064859,1.0,199.385
124,takeoff,4161.106319,90.526837,57.345234,90.416363,225.37678,742.500794,29.27352,0.212109,14.63827,17.382082,3833.971438,healthy,0,0,0,0,0.309198,-0.287543,-0.500837,-0.626025,0.32806,0.129144,0.004116,-0.002388,1.0,199.38
125,takeoff,4192.727754,90.976911,58.138619,90.793704,224.364659,737.444115,29.303256,0.20574,14.850551,19.983309,3531.154184,healthy,0,0,0,0,-2.067501,-0.486299,-0.307392,-0.202106,1.687417,0.043296,-0.006649,-0.108681,1.0,199.375
126,takeoff,4183.241587,90.395565,58.809904,91.061131,224.691827,745.571155,29.276473,0.196994,15.100108,17.890558,3777.004424,healthy,0,0,0,0,-3.812298,-0.270848,0.434105,-0.349045,-0.07365,-0.21443,-0.000917,-0.04166,1.0,199.37
127,takeoff,4199.031082,89.767872,59.21382,91.296889,226.651646,737.093694,29.636212,0.209388,14.985736,18.823255,3540.261466,healthy,0,0,0,0,-0.063896,0.127297,0.134782,1.019683,1.28186,0.004431,0.011603,0.061669,1.0,199.365
128,takeoff,4184.501571,90.65147,57.942487,91.470704,224.395749,744.363162,29.192104,0.205464,15.064144,20.382098,3695.454585,healthy,0,0,0,0,-1.024787,-0.001331,-0.177837,-0.190324,-1.680865,-0.020695,-0.009195,-0.085009,1.0,199.36
129,takeoff,4215.432992,90.286419,59.007692,91.262648,224.995574,744.034522,29.465523,0.212213,14.535772,17.907166,3668.277474,healthy,0,0,0,0,1.841671,-0.194388,0.333863,0.693849,-2.955926,0.036272,0.0012,-0.006284,1.0,199.355
130,takeoff,4188.323078,90.300093,58.627556,91.732407,223.536393,744.113256,29.345807,0.20751,14.801003,18.106963,3746.197741,healthy,0,0,0,0,-0.27115,-0.121883,0.70929,0.122741,-2.199784,0.291376,0.005659,-0.069374,1.0,199.35
131,takeoff,4202.936138,89.306752,57.561501,90.862634,221.920943,748.268128,29.034879,0.21163,14.942477,17.85136,3617.387527,healthy,0,0,0,0,0.488718,-0.084168,0.324605,-0.561126,0.35034,-0.116231,-0.002414,-0.103459,1.0,199.345
132,takeoff,4219.415936,90.716586,58.48844,91.129389,224.735921,741.252574,29.884514,0.216984,15.053436,18.362774,3810.189542,healthy,0,0,0,0,2.346618,-0.532314,0.713979,0.746643,-1.775271,0.063452,-0.000507,-0.012742,1.0,199.34
133,takeoff,4183.442701,92.647693,58.094222,91.088411,223.11596,741.787886,29.512565,0.211347,14.551759,17.64534,3781.778729,healthy,0,0,0,0,-5.8237,0.547369,-0.783253,-1.308113,0.189015,-0.096255,-0.008235,0.021715,1.0,199.335
134,takeoff,4191.759241,89.708729,58.83395,91.48756,225.679325,744.347763,29.008745,0.212143,14.621434,17.091441,3762.967966,healthy,0,0,0,0,-2.373746,-0.367295,0.118977,-0.435002,-1.983254,0.108157,-0.000849,-0.003163,1.0,199.33
135,takeoff,4205.067909,88.535531,58.776835,91.169811,223.992227,741.758143,29.415524,0.211158,14.980236,18.539746,3785.192369,healthy,0,0,0,0,0.20258,0.623541,0.204132,-1.963481,0.517258,0.238713,0.007732,-0.087042,1.0,199.325
136,takeoff,4184.743771,90.00831,58.636241,91.344639,224.171486,743.606947,29.152258,0.207124,14.663516,20.415487,3674.511672,healthy,0,0,0,0,2.457309,-0.357517,-1.084646,1.00311,1.176947,-0.063811,-0.005698,0.163176,1.0,199.32
137,takeoff,4175.826764,92.117487,58.678113,91.761716,225.120935,748.25339,29.427444,0.206692,14.837358,18.802339,4010.677088,healthy,0,0,0,0,2.385981,-0.121193,0.439719,-0.828206,-0.661274,0.030394,0.001764,0.03438,1.0,199.315
138,takeoff,4203.551845,92.227646,57.937461,90.933594,225.077397,742.607834,29.090697,0.203003,15.080185,16.010004,3875.15094,healthy,0,0,0,0,1.554371,0.212834,0.486233,-0.187028,-1.662117,0.069814,0.009091,0.018197,1.0,199.31
139,takeoff,4180.163554,91.952037,58.354037,91.428062,227.270159,743.33628,29.333962,0.210961,14.909856,18.142081,3781.892611,healthy,0,0,0,0,1.280571,0.202567,0.198138,-0.982245,0.433965,0.241383,0.007794,0.003136,1.0,199.305
140,takeoff,4180.90065,90.055662,58.683885,91.05129,224.609324,747.548583,29.339696,0.201813,14.986694,18.107925,3687.795314,healthy,0,0,0,0,-3.84126,0.909091,-0.176614,-1.957565,2.528265,-0.148455,0.010752,-0.117614,1.0,199.3
141,takeoff,4176.473125,91.221652,57.905975,91.67036,225.317174,742.147113,29.4833,0.208992,14.628793,18.255482,3663.203006,healthy,0,0,0,0,-0.376461,0.663297,0.305498,-0.366879,-3.465919,0.17695,-0.005738,-0.010576,1.0,199.295
142,takeoff,4171.352208,90.223038,58.45757,91.643778,226.413955,739.066908,29.346829,0.207906,14.863597,17.474818,3841.254701,healthy,0,0,0,0,-4.834486,-0.297752,-0.162418,0.163863,-0.148403,-0.308411,0.000546,0.002666,1.0,199.29
143,takeoff,4156.204299,90.034721,58.630976,91.671242,223.040929,743.080779,28.9588,0.20335,14.821063,19.745754,3647.257936,healthy,0,0,0,0,-3.234654,-0.233814,-0.73104,-1.224164,2.004156,-0.063771,0.00145,0.053111,1.0,199.285
144,takeoff,4183.071603,91.276531,58.726976,91.237526,224.960074,741.527792,28.963528,0.203634,14.924337,19.229519,3785.681742,healthy,0,0,0,0,2.837858,0.452817,0.530748,-1.498976,-1.471065,-0.014427,0.004157,0.011565,1.0,199.28
145,takeoff,4190.813861,88.058693,57.660497,92.186259,225.167071,745.838205,29.541496,0.21404,14.706346,14.947503,3750.470375,healthy,0,0,0,0,-0.540522,-0.116438,-0.245645,0.977159,-0.443263,-0.211882,-0.001138,0.070032,1.0,199.275
146,takeoff,4185.146876,90.162127,57.63179,91.82843,224.706665,744.057687,29.379411,0.20356,14.812153,17.760325,3718.705113,healthy,0,0,0,0,-5.695458,-0.509253,-0.225246,-1.10724,0.308825,0.120768,0.001201,0.055289,1.0,199.27
147,takeoff,4170.312063,90.287329,58.356043,90.186459,224.621851,748.156099,29.601754,0.207887,15.044535,20.167451,3655.982392,healthy,0,0,0,0,4.412486,0.056069,-0.833217,-0.079637,-0.997699,0.181191,0.008605,0.190083,1.0,199.265
148,takeoff,4193.905316,89.788071,58.544177,89.888056,226.353113,746.262179,29.257564,0.21251,14.649569,19.549504,3880.889052,healthy,0,0,0,0,4.419289,0.597433,-0.368941,-0.017541,-0.069475,0.072094,-0.001104,0.000893,1.0,199.26
149,takeoff,4181.206811,89.581694,57.841713,91.319741,225.579152,743.313705,29.675636,0.209624,14.697116,19.492412,3901.224058,healthy,0,0,0,0,2.345744,0.677227,1.008768,-0.371843,2.316729,-0.054375,0.000528,0.080508,1.0,199.255
150,takeoff,4214.20224,88.309062,58.488938,91.112354,222.801062,740.244548,29.195533,0.213862,14.942714,16.80835,3700.787177,healthy,0,0,0,0,7.163469,-0.078345,-0.894349,-0.24408,0.169191,-0.239337,0.005397,0.065604,1.0,199.25
151,takeoff,4197.428738,90.645819,59.407004,91.977617,222.911048,741.787487,29.352763,0.218984,14.946815,18.426125,3868.217232,healthy,0,0,0,0,-2.04856,0.411428,-0.124574,0.799401,0.600296,0.144646,-0.008245,-0.029957,1.0,199.245
152,takeoff,4198.526504,89.762653,58.68865,90.181244,225.080249,742.842607,29.008465,0.207525,14.904483,20.951299,3860.73258,healthy,0,0,0,0,-0.540975,0.181731,-0.604225,-0.889652,-0.865839,0.087685,0.002747,0.011618,1.0,199.24
153,takeoff,4162.612749,90.59862,59.099362,92.86498,227.452084,741.299441,29.164711,0.214619,15.066992,19.484527,3846.406194,healthy,0,0,0,0,0.628446,0.036823,0.654837,0.745588,0.979736,-0.007599,-0.0013,0.03243,1.0,199.235
154,takeoff,4153.590123,90.308005,58.2541,92.465843,225.151923,747.001794,29.151353,0.199557,14.645461,19.076075,3645.970976,healthy,0,0,0,0,-2.261284,0.125244,-0.044174,1.217658,3.470356,-0.03328,0.003153,-0.027394,1.0,199.23
155,takeoff,4187.316337,91.027161,58.432105,92.023603,223.94691,745.795532,29.132172,0.213946,14.805333,17.255555,3709.178968,healthy,0,0,0,0,2.648462,-0.437912,-0.344209,-0.044526,3.085329,0.090128,0.00419,0.014301,1.0,199.225
156,takeoff,4180.883571,90.426932,58.838156,91.94727,226.101787,743.144944,29.697483,0.206123,14.598645,18.405843,3879.999828,healthy,0,0,0,0,-1.831674,-0.272638,0.100645,-0.174246,-0.772781,-0.023932,-0.005976,-0.055047,1.0,199.22
157,takeoff,4171.627479,90.576417,58.462737,91.879442,223.616468,741.587887,29.436559,0.226256,14.851673,20.289122,3661.661307,healthy,0,0,0,0,7.088493,-0.049596,0.549205,-0.373914,0.023743,-0.113613,0.009827,0.112895,1.0,199.215
158,takeoff,4164.5154,88.53633,58.841818,90.578798,225.225178,740.512629,29.471947,0.203573,14.857471,15.931007,3709.458109,healthy,0,0,0,0,-2.551979,-0.101478,0.176391,1.040571,-0.092653,-0.057622,0.002739,-0.0604,1.0,199.21
159,takeoff,4177.496834,90.354342,58.974948,90.31963,224.492413,743.151249,29.522131,0.215004,14.827742,17.617309,3760.610161,healthy,0,0,0,0,-2.69111,-0.44578,-0.737925,0.403537,-0.630363,0.115779,0.006421,0.035286,1.0,199.205
160,takeoff,4172.396923,88.832997,58.805459,92.297699,223.327983,747.765176,29.603773,0.213571,14.926138,19.0885,3884.136598,healthy,0,0,0,0,-1.848596,0.146686,-0.823322,-0.629456,1.691113,0.069886,-0.007082,0.078907,1.0,199.2
161,takeoff,4201.33814,90.628765,58.296943,91.192778,225.376449,742.540285,29.590075,0.213302,15.118954,18.874559,3850.064886,healthy,0,0,0,0,3.202265,-0.386539,-0.182961,1.473632,0.535908,-0.106142,0.00568,0.06415,1.0,199.195
162,takeoff,4185.858381,88.43211,58.969934,91.754732,224.813282,748.658647,29.232224,0.219141,14.939449,16.828648,3741.005399,healthy,0,0,0,0,-1.769505,0.123301,-0.371935,0.107505,0.710356,-0.15975,0.000367,-0.021923,1.0,199.19
163,takeoff,4185.221728,90.945398,58.480153,90.951134,226.197345,747.011413,29.275779,0.212607,14.846092,18.948339,3899.646419,healthy,0,0,0,0,2.141671,0.02997,0.485416,0.601532,0.177842,-0.018735,-0.007715,-0.009353,1.0,199.185
164,takeoff,4222.578445,91.35261,57.706752,91.658285,223.647288,743.906479,29.038539,0.208577,14.780876,16.549234,3759.192065,healthy,0,0,0,0,-2.625211,-0.321153,-0.1895,-0.581699,2.308324,0.029211,-0.001049,0.055204,1.0,199.18
165,takeoff,4187.388653,90.229955,59.143303,90.971299,227.086016,744.744565,29.303108,0.208743,14.986299,18.421923,3809.743982,healthy,0,0,0,0,6.840651,-0.414545,-0.700257,-0.119481,-1.620342,-0.221911,-0.005623,-0.038906,1.0,199.175
166,takeoff,4189.260082,88.605542,58.127815,90.957229,227.099301,738.524584,29.380217,0.201698,15.045382,17.728194,3743.07639,healthy,0,0,0,0,-3.329634,-0.295621,0.055067,-0.978817,0.079906,-0.13998,0.000975,0.153194,1.0,199.17
167,takeoff,4170.774429,90.02171,57.720746,90.59461,226.045309,742.371265,29.159595,0.207488,15.149361,19.91441,3852.006679,healthy,0,0,0,0,0.717711,0.269078,-0.422844,-0.368471,-3.395339,0.019641,0.001204,0.03234,1.0,199.165
168,takeoff,4181.785934,91.357507,57.921182,92.190325,223.223003,740.51997,29.35815,0.203854,15.092225,17.550581,3706.798371,healthy,0,0,0,0,4.940853,0.496045,-0.062616,-1.207028,-0.390707,0.059605,0.007579,0.063148,1.0,199.16
169,takeoff,4173.169528,90.356304,57.918143,90.463644,226.046683,742.148827,29.206725,0.208986,14.753728,18.594109,3862.560175,healthy,0,0,0,0,-1.698531,0.075532,0.443989,1.063765,0.483994,-0.056616,-0.001404,-0.056044,1.0,199.155
170,takeoff,4160.011433,91.35132,58.137108,90.856861,224.859724,738.336499,29.467099,0.206587,15.187798,19.088094,3891.546596,healthy,0,0,0,0,-1.436151,0.307146,0.513594,-0.152981,0.285113,0.051384,-0.010434,-0.006957,1.0,199.15
171,takeoff,4186.584339,90.269062,59.615749,91.070029,225.685831,746.384387,29.631567,0.207069,14.927048,19.252235,3550.232632,healthy,0,0,0,0,4.475099,-0.077952,-0.331681,-1.399059,-1.196422,-0.174285,0.000652,0.01484,1.0,199.145
172,takeoff,4210.133759,90.869642,58.554097,90.607638,223.744984,741.029735,29.41143,0.206657,14.817958,17.872936,3720.932309,healthy,0,0,0,0,-0.903757,-0.561383,0.142361,0.051848,-0.760126,0.017689,0.006758,-0.017661,1.0,199.14
173,takeoff,4206.272554,91.091521,58.177972,90.853573,226.254444,742.919905,29.451466,0.211253,14.944218,18.048252,3732.610706,healthy,0,0,0,0,1.373318,0.377066,-0.525251,-0.824029,1.664048,0.106097,0.005487,0.017028,1.0,199.135
174,takeoff,4204.709267,89.429922,59.214136,91.058052,223.847213,743.99336,29.819873,0.20412,14.636232,18.218466,3826.781568,healthy,0,0,0,0,-4.381844,-0.52748,-0.005408,1.029698,-0.925821,0.118397,0.005598,0.010788,1.0,199.13
175,takeoff,4175.815894,89.925052,58.743593,90.376712,224.664643,744.545303,29.564032,0.209144,14.929003,18.494725,3720.938058,healthy,0,0,0,0,1.439499,0.243688,-0.064004,-2.054582,0.618206,0.05713,0.00706,-0.020393,1.0,199.125
176,takeoff,4195.503094,89.909524,58.637912,90.455905,225.086532,742.072843,29.515455,0.211607,14.792333,16.927268,3913.263595,healthy,0,0,0,0,-1.778834,-0.171931,0.465886,0.598412,1.374612,-0.205023,-0.01631,0.037362,1.0,199.12
177,takeoff,4210.383628,89.460627,58.841452,91.061584,223.668164,744.724424,29.363645,0.202333,14.772499,20.138304,3794.998091,healthy,0,0,0,0,-4.246906,0.302227,-0.075585,1.054523,0.830792,-0.16849,0.004165,-0.148706,1.0,199.115
178,takeoff,4176.175977,89.519628,58.939704,92.189748,223.679325,741.479621,29.505672,0.211311,14.715709,18.579789,3753.321885,healthy,0,0,0,0,2.002704,-0.263682,-0.723988,1.811021,-1.52105,0.200567,-0.004877,-0.120961,1.0,199.11
179,takeoff,4199.229301,91.061738,58.773162,90.867428,225.650027,742.354159,29.136092,0.207813,15.010424,19.673584,3683.638714,healthy,0,0,0,0,3.558551,0.077581,0.342851,-0.114263,0.209373,0.063039,-0.003877,-0.075691,1.0,199.105
180,takeoff,4205.516747,89.234924,59.21681,91.855796,225.314162,739.952092,29.641307,0.210315,14.798775,17.83411,3760.268675,healthy,0,0,0,0,3.18029,0.330326,0.136507,0.678483,-0.583285,-0.030178,0.006873,-0.010776,1.0,199.1
181,takeoff,4199.192229,90.886955,58.559284,91.927632,225.223634,743.075574,29.383212,0.202012,14.978207,16.727307,3761.868054,healthy,0,0,0,0,-0.119404,0.453877,-0.590899,-0.793461,0.394015,-0.087022,-0.004378,0.024781,1.0,199.095
182,takeoff,4181.262317,90.369081,57.869678,90.914621,224.593482,741.188892,29.051952,0.208162,14.919307,17.303855,3705.597364,healthy,0,0,0,0,-0.868859,-0.321555,0.008378,0.000421,2.141454,0.096904,0.005071,-0.141427,1.0,199.09
183,takeoff,4198.489519,90.209191,58.386069,92.086027,222.685423,746.172449,29.021003,0.211501,14.941346,19.497277,3632.400647,healthy,0,0,0,0,1.94325,0.282002,0.081986,1.122998,2.849617,0.033551,0.005457,-0.009792,1.0,199.085
184,takeoff,4165.825803,90.033228,58.32981,90.655868,224.735353,748.33018,29.47687,0.208789,14.854171,18.794354,3794.24253,healthy,0,0,0,0,-3.08952,-0.261326,0.226046,-0.682364,-2.256192,0.211017,0.009638,0.00985,1.0,199.08
185,takeoff,4191.05661,91.571359,58.464067,91.205221,223.371468,740.214685,29.516751,0.214332,14.707921,18.724222,3853.876943,healthy,0,0,0,0,-0.526895,-0.244417,-0.507828,-1.417947,-0.205555,-0.061895,0.005811,-0.002413,1.0,199.075
186,takeoff,4167.49075,91.185159,57.803687,91.647968,225.620307,746.050553,29.69023,0.209403,14.860017,17.607682,3797.623847,healthy,0,0,0,0,0.252919,0.308497,0.62505,-0.023634,-0.742669,0.061284,0.006358,0.068081,1.0,199.07
187,takeoff,4206.26507,90.210432,59.071179,91.234544,223.459133,739.281139,29.31401,0.20691,14.688949,18.048092,3829.107214,healthy,0,0,0,0,5.050305,-0.036167,0.829582,1.193624,-0.310918,-0.033926,0.001691,0.060864,1.0,199.065
188,takeoff,4170.920828,88.944657,58.0637,90.801878,227.571153,738.173661,29.266985,0.203407,14.726607,17.450239,3782.57444,healthy,0,0,0,0,-0.278682,-0.684542,0.311759,0.374561,0.102826,0.190006,0.001576,0.048466,1.0,199.06
189,takeoff,4204.990488,88.846692,58.473934,91.845316,226.374256,744.301093,29.341322,0.218055,14.851102,16.566749,3782.830897,healthy,0,0,0,0,-0.77852,0.724209,0.068479,0.779088,-2.495429,0.076069,-0.001078,0.006152,1.0,199.055
190,takeoff,4180.398748,88.675645,57.919063,90.69749,225.974988,747.572462,29.075695,0.213765,14.92059,17.888095,3804.158279,healthy,0,0,0,0,0.680774,0.397821,-0.227511,-0.10141,0.291719,0.148032,0.004616,0.175386,1.0,199.05
191,takeoff,4184.772317,89.193958,58.896897,90.740099,225.052872,744.966958,29.368139,0.207756,14.959959,16.172861,3730.567529,healthy,0,0,0,0,-1.465002,0.700345,0.38981,-0.534153,-1.917007,0.002907,0.00678,0.007593,1.0,199.045
192,takeoff,4180.176718,90.747986,58.280823,90.762933,225.333133,743.447417,28.940004,0.211759,15.212425,18.060112,3904.463672,healthy,0,0,0,0,3.576053,0.025136,-0.101421,0.554183,-2.05175,-0.028011,0.010051,0.092984,1.0,199.04
193,takeoff,4158.669216,92.751059,58.832187,91.155214,224.521296,743.494072,29.367697,0.21214,14.847854,18.978343,3777.05349,healthy,0,0,0,0,0.54705,0.200636,-0.06137,-0.282103,-0.250582,0.006735,-0.0028,-0.07889,1.0,199.035
194,takeoff,4191.868935,91.736088,58.761644,92.204123,225.607256,741.858566,29.476519,0.207422,14.943677,18.270952,3526.02664,healthy,0,0,0,0,-2.823514,0.016768,0.013934,0.13677,-1.666023,-0.236697,-0.001011,-0.053593,1.0,199.03
195,takeoff,4179.070276,91.730091,57.567584,91.906953,223.855944,743.184797,29.263605,0.214338,15.017792,18.032157,3816.176545,healthy,0,0,0,0,4.061917,-0.066643,1.366663,-0.876912,0.958927,0.028665,0.004572,-0.091932,1.0,199.025
196,takeoff,4188.892693,89.147185,58.457839,91.357336,222.760503,745.612331,29.428846,0.212665,14.855706,20.462563,3708.970493,healthy,0,0,0,0,3.946009,0.699101,-0.233227,-0.416358,-0.389674,0.299283,0.005111,-0.067704,1.0,199.02
197,takeoff,4154.303122,92.082994,59.001789,91.463016,225.113251,746.610562,29.146252,0.193454,14.949777,19.601775,3809.956819,healthy,0,0,0,0,-1.290779,-0.526081,-0.611719,0.159294,-0.520048,0.00875,0.001414,-0.041213,1.0,199.015
198,takeoff,4220.937594,89.258575,57.979811,91.603012,224.461767,744.089529,29.400919,0.216791,14.726393,19.65732,3679.497799,healthy,0,0,0,0,-0.498967,0.613802,0.499899,-0.245396,-0.00329,-0.19132,-0.0055,0.006776,1.0,199.01
199,takeoff,4187.233366,90.816434,59.136436,90.938162,225.373417,740.810651,29.141,0.213341,14.730987,17.596737,3719.155302,healthy,0,0,0,0,-0.298941,0.588538,-0.00506,-0.843477,-3.35155,-0.156129,-0.00915,0.007347,1.0,199.005
200,cruise,3791.41022,71.853356,59.040524,91.078208,204.59584,685.486283,25.340481,0.202865,10.852293,17.383451,3824.987007,healthy,0,0,0,0,-0.579328,0.256036,0.386214,0.53471,-0.51408,-0.0361,0.000254,-0.007849,1.0,199.0
201,cruise,3765.36915,69.378251,57.926734,91.205944,205.153531,683.719944,25.17677,0.217236,10.976964,18.374211,3973.070769,healthy,0,0,0,0,1.363027,0.083054,-0.872284,-0.075883,-1.462533,0.157158,-0.00301,-0.17904,1.0,198.995
202,cruise,3765.41518,70.457986,58.814779,90.81081,204.25535,679.041078,25.371709,0.195824,10.988565,17.848043,3747.910342,healthy,0,0,0,0,1.7774,-0.130908,0.11051,-0.539242,0.507428,-0.129752,-0.005182,0.015545,1.0,198.99
203,cruise,3763.582062,72.101669,57.557658,91.64586,206.732649,681.642056,25.192647,0.212402,10.963138,18.987918,3679.334999,healthy,0,0,0,0,-3.168199,0.551873,-0.416356,0.251142,1.686011,-0.049173,0.007743,-0.061211,1.0,198.985
204,cruise,3788.606272,71.477778,58.847717,91.88867,206.33295,681.325174,25.598835,0.202432,10.706511,18.429732,3779.955168,healthy,0,0,0,0,-0.994302,0.014919,0.551502,0.353963,1.091025,0.109966,3.5e-05,-0.035525,1.0,198.98
205,cruise,3791.943294,70.987263,57.803824,91.026771,204.56982,681.673403,25.364232,0.215356,11.012373,18.551842,3692.497202,healthy,0,0,0,0,-1.037464,0.134604,1.096684,-0.05867,-0.680242,0.18243,0.001917,0.040167,1.0,198.975
206,cruise,3768.584994,70.774767,58.768338,90.715878,205.08836,684.801296,25.283246,0.201577,10.628987,20.115002,3834.643346,healthy,0,0,0,0,6.747166,-0.118195,0.26292,-0.498065,-1.460691,0.108274,0.001302,-0.067143,1.0,198.97
207,cruise,3782.804561,67.806663,58.536902,90.363143,203.545044,682.941341,24.873355,0.196016,10.729258,19.004125,3698.034501,healthy,0,0,0,0,-1.179373,0.034896,-0.003599,0.348445,-0.17703,-0.253893,0.003714,0.014539,1.0,198.965
208,cruise,3786.983564,70.417007,58.650698,91.163002,204.405644,685.446395,25.287221,0.207732,10.862992,17.920882,3771.998374,healthy,0,0,0,0,1.120975,0.439625,0.799506,-0.561781,-0.989634,-0.078716,0.001141,-0.081998,1.0,198.96
209,cruise,3772.684768,70.929076,57.802049,90.876232,204.199879,680.964113,25.579532,0.209068,10.845712,17.944027,3625.897444,healthy,0,0,0,0,-6.357918,0.346375,0.194431,-0.479673,-1.034953,0.221382,0.002618,-0.009651,1.0,198.955
210,cruise,3767.323383,69.259309,58.425718,90.328566,204.887805,685.162864,25.663279,0.206309,10.775011,18.943389,3750.309154,healthy,0,0,0,0,-1.513012,0.306682,0.832195,-0.180449,-0.250359,0.017023,0.003949,0.156325,1.0,198.95
211,cruise,3794.321996,74.04718,57.74051,91.2544,205.008885,683.618143,25.333753,0.204062,10.905525,18.076768,3687.36233,healthy,0,0,0,0,5.501714,-0.21764,0.961163,0.63379,0.463912,0.103604,-0.007946,0.067206,1.0,198.945
212,cruise,3763.171058,72.360059,58.648897,91.609345,207.048337,687.199412,25.847451,0.204247,10.848261,16.952041,3803.276272,healthy,0,0,0,0,-0.917114,-0.127767,-0.366749,-1.781401,0.978043,-0.341898,0.003951,0.120307,1.0,198.94
213,cruise,3779.13008,71.642084,58.704009,91.585945,205.229321,682.882568,25.334877,0.210908,10.874245,18.685707,3755.199483,healthy,0,0,0,0,-1.984186,-0.190553,-0.15433,0.314067,-1.034767,0.079001,0.005694,0.005566,1.0,198.935
214,cruise,3755.812517,70.809596,59.105958,91.073337,204.560179,683.596584,25.26775,0.210965,10.88435,19.540892,3720.851564,healthy,0,0,0,0,-4.338337,-0.157162,-0.461646,-0.285799,0.55191,-0.172747,0.002716,0.121438,1.0,198.93
215,cruise,3770.881466,71.175641,58.453467,90.51758,204.538967,679.226631,25.325253,0.211005,10.754216,17.807973,3808.375763,healthy,0,0,0,0,-6.858183,-0.314605,0.242455,-1.158623,0.971236,-0.154375,0.001302,0.045846,1.0,198.925
216,cruise,3818.303259,69.646083,58.604166,91.397042,202.660296,678.5264,24.966016,0.209306,10.804251,16.884057,3683.087031,healthy,0,0,0,0,0.200099,-0.658089,-0.345976,-1.786829,-1.43277,0.003881,0.00668,-0.040813,1.0,198.92
217,cruise,3796.802454,68.775665,58.196241,90.696464,204.600884,683.342319,25.503908,0.209207,10.697084,18.388671,3825.972631,healthy,0,0,0,0,-2.52154,-0.43303,-0.075461,-0.287881,0.290935,0.099028,-0.002013,0.02773,1.0,198.915
218,cruise,3769.506092,70.374847,57.299413,90.224585,207.486386,684.883259,25.418755,0.20766,11.140272,19.027366,3788.830289,healthy,0,0,0,0,0.631593,-0.119987,-0.106412,0.024023,-0.496103,0.054437,-0.005572,-0.044328,1.0,198.91
219,cruise,3784.295104,73.942312,57.355277,91.337204,204.180302,677.668135,25.159408,0.208672,10.970075,18.66869,3855.057429,healthy,0,0,0,0,-0.295807,0.03584,0.182388,-1.1841,-2.330935,-0.011242,0.00014,0.035984,1.0,198.905
220,cruise,3793.176866,69.470887,58.882204,91.680918,205.599438,682.307033,25.42995,0.205811,11.021109,19.220781,3839.49291,healthy,0,0,0,0,1.408481,0.124593,-0.587496,-0.833269,-0.718695,0.019074,0.004031,-0.085991,1.0,198.9
221,cruise,3810.027629,71.867441,58.821851,91.283945,205.420863,685.843488,25.429065,0.203801,11.260994,18.779232,3713.959149,healthy,0,0,0,0,-2.135435,0.418069,0.285831,-0.737608,0.458136,-0.157635,-0.005745,0.022175,1.0,198.895
222,cruise,3786.764586,69.822123,58.615975,91.369794,204.382585,682.055096,25.734228,0.209369,10.794626,18.581129,3703.909612,healthy,0,0,0,0,-2.44013,0.172378,0.422718,0.116077,0.091648,-0.171902,-0.003103,0.079071,1.0,198.89
223,cruise,3765.972926,70.53928,56.939169,90.731835,204.623573,681.343369,25.476417,0.222023,10.870218,19.005349,3723.88279,healthy,0,0,0,0,1.25073,-0.123634,0.645381,-0.08194,-1.393166,0.029007,-0.005388,-0.024895,1.0,198.885
224,cruise,3804.84604,70.369077,58.193331,90.938236,205.029778,679.222507,25.365359,0.211404,10.974057,17.444594,3762.640645,healthy,0,0,0,0,-2.017623,0.288954,-1.012599,0.706315,1.116985,0.036229,-0.005884,-0.069001,1.0,198.88
225,cruise,3751.654277,71.581864,58.278739,91.799548,205.319745,682.58498,25.296451,0.204588,10.849895,18.48821,3666.755433,healthy,0,0,0,0,-0.773622,-0.724219,-0.329085,0.33605,0.80185,0.262961,-0.004601,0.048017,1.0,198.875
226,cruise,3793.407732,68.788095,58.519057,91.543003,204.31842,683.459139,25.183954,0.211952,10.87628,18.494563,3904.095338,healthy,0,0,0,0,0.382122,0.131349,0.318515,0.463135,0.242612,-0.001026,-0.002035,-0.052479,1.0,198.87
227,cruise,3783.674405,72.10952,58.655332,91.826186,204.5612,689.098628,25.098876,0.211101,11.135229,19.567519,3819.60883,healthy,0,0,0,0,-2.165598,-0.334655,0.232051,-1.035289,1.610143,0.272348,0.001725,0.030054,1.0,198.865
228,cruise,3802.571538,69.985739,58.760044,92.162642,205.734496,680.600474,25.137364,0.20451,11.00573,18.268438,3835.973515,healthy,0,0,0,0,1.09383,0.39027,-0.93193,1.019024,1.828474,-0.353144,0.004888,-0.029257,1.0,198.86
229,cruise,3809.195148,71.310524,58.384762,91.235325,205.572591,681.903232,25.10421,0.212154,10.923275,19.695655,3757.463588,healthy,0,0,0,0,-1.092349,0.053613,0.241764,-0.518786,-1.13002,-0.042016,0.001444,0.073013,1.0,198.855
230,cruise,3776.659441,69.134514,57.803711,91.503336,204.875752,683.633432,25.522491,0.208689,10.906253,20.631821,3773.037391,healthy,0,0,0,0,-1.020596,0.388484,-0.616785,0.708623,-1.504241,0.26253,0.000821,0.034934,1.0,198.85
231,cruise,3748.147043,70.886034,58.30404,91.052943,206.9163,683.063936,25.130885,0.208882,10.996159,17.120527,3853.888123,healthy,0,0,0,0,5.158388,-0.121933,-0.56911,0.232022,1.053449,-0.079783,0.004451,-0.069859,1.0,198.845
232,cruise,3768.003496,69.803391,58.760087,91.492746,205.288768,681.285479,25.152679,0.212251,10.943727,18.33152,3829.95999,healthy,0,0,0,0,2.470612,-0.639642,-0.302197,0.689472,2.113776,-0.15441,-0.009291,0.075031,1.0,198.84
233,cruise,3802.869855,69.730481,58.403201,91.186191,204.886462,683.670584,25.364546,0.204635,10.893058,19.151555,3753.18049,healthy,0,0,0,0,0.475386,0.525901,0.347687,-1.213192,0.597362,0.069872,0.003824,-0.149084,1.0,198.835
234,cruise,3790.355818,72.438033,58.484269,92.270328,204.525731,682.220093,25.168939,0.21281,10.585089,17.94632,3906.643274,healthy,0,0,0,0,0.962088,-0.314335,-0.800703,-0.015166,-2.338613,0.019993,0.001604,-0.097291,1.0,198.83
235,cruise,3769.740274,71.448277,58.181913,91.034752,204.28458,679.803642,25.485578,0.207967,10.900669,17.862189,3804.036103,healthy,0,0,0,0,-5.249706,-0.342894,0.091444,-0.726684,1.866491,0.089969,0.004889,0.015102,1.0,198.825
236,cruise,3766.552111,70.356947,59.249527,90.308945,203.432294,683.718864,25.045215,0.213257,10.648157,19.363236,3709.697844,healthy,0,0,0,0,-2.440071,-0.48527,-0.234332,-0.167012,-1.15813,0.026585,0.000271,-0.072366,1.0,198.82
237,cruise,3801.368522,70.545396,58.311267,90.893182,203.929685,681.862094,25.46038,0.208806,10.697858,17.658406,3724.09369,healthy,0,0,0,0,-4.78533,-0.051999,0.969453,-1.225323,-0.371339,-0.140445,-0.006328,-0.039785,1.0,198.815
238,cruise,3769.727484,69.242175,58.979975,92.467473,204.055477,681.184084,25.201152,0.21342,10.978668,21.187562,3759.051768,healthy,0,0,0,0,0.499353,-0.441519,0.803986,-0.101759,0.561813,-0.351455,0.002459,0.01878,1.0,198.81
239,cruise,3793.692917,69.787302,58.32002,91.199501,204.679304,684.73759,25.653747,0.20744,10.78127,20.527921,3899.043375,healthy,0,0,0,0,5.568033,-0.181622,-1.051585,1.180047,0.992785,-0.136726,-8.2e-05,0.033977,1.0,198.805
240,cruise,3757.92063,70.413352,58.038173,91.627159,204.9428,680.753049,25.033384,0.203895,10.80572,17.576105,3909.481026,healthy,0,0,0,0,-0.608998,-0.168283,0.412849,-0.039982,-0.930559,-0.185473,-0.008539,0.031923,1.0,198.8
241,cruise,3799.698612,71.047942,58.846025,91.069428,205.612691,685.884114,25.397199,0.208807,11.015642,18.941679,3635.988921,healthy,0,0,0,0,-1.167901,-0.05889,0.107878,-0.115231,1.065857,0.207471,-0.001507,0.027091,1.0,198.795
242,cruise,3773.591995,72.362616,58.316145,90.720309,203.556874,683.292479,25.317447,0.211379,10.957322,16.14158,3551.682676,healthy,0,0,0,0,6.542087,-0.642234,0.663913,0.349149,-0.036872,0.238698,0.006253,-0.06917,1.0,198.79
243,cruise,3771.171581,71.217005,58.095419,91.423872,205.756493,689.146688,25.555453,0.208712,10.857364,18.408147,3840.366796,healthy,0,0,0,0,3.455924,0.556793,-0.917703,-0.624414,0.513885,0.111814,0.000115,-0.0247,1.0,198.785
244,cruise,3781.378916,68.851346,58.12334,90.904707,205.724448,684.748579,25.588387,0.209698,10.737597,17.70636,3740.325199,healthy,0,0,0,0,-6.225344,0.554888,0.063625,0.510973,-0.426845,-0.037485,0.000473,-0.197229,1.0,198.78
245,cruise,3784.691963,69.765142,58.93807,90.9096,204.631994,686.622499,25.416785,0.219304,10.928954,17.810801,3876.484318,healthy,0,0,0,0,-0.468301,-0.055817,0.22896,-0.089004,-2.824579,-0.054204,-0.008113,-0.021474,1.0,198.775
246,cruise,3807.987262,72.402462,58.198917,90.737369,207.417404,680.78427,25.586433,0.209878,10.914144,18.400895,3727.766454,healthy,0,0,0,0,5.862347,-0.001619,-0.659546,0.482097,-1.17567,-0.122473,-0.001363,-0.120964,1.0,198.77
247,cruise,3781.921765,70.445128,58.042149,91.904218,205.079923,686.974351,25.382341,0.216955,10.828448,17.868291,3814.576611,healthy,0,0,0,0,6.497325,-0.360945,-0.28035,0.466864,-1.620882,-0.033315,0.005913,0.183338,1.0,198.765
248,cruise,3784.971267,71.571517,57.796733,91.947708,203.267004,686.880217,25.11934,0.217532,11.006501,18.78765,3804.771003,healthy,0,0,0,0,-1.528456,-0.109926,-0.63468,-0.081111,-1.281989,-0.326992,-0.003057,0.038142,1.0,198.76
249,cruise,3818.576108,71.166188,58.543773,91.73804,205.545885,684.077855,25.413339,0.207598,11.010807,18.559555,3849.999338,healthy,0,0,0,0,5.646769,-0.214943,-0.194792,0.188241,0.588268,-0.182222,0.001925,-0.136465,1.0,198.755
250,cruise,3768.061038,69.439855,58.174627,91.613083,204.901855,682.699577,25.327874,0.211326,10.859143,17.544542,3680.08352,healthy,0,0,0,0,-1.629504,-0.322556,0.025288,-0.653512,-0.25654,-0.03054,0.004332,-0.154429,1.0,198.75
251,cruise,3796.145204,70.373861,57.832519,90.83452,206.351717,682.981003,25.530638,0.209012,10.944741,18.028773,3757.884894,healthy,0,0,0,0,-0.604662,0.118033,-0.525039,0.831789,-0.006318,0.057977,0.006824,0.064114,1.0,198.745
252,cruise,3791.30368,70.526788,58.08318,90.639984,204.093853,679.998285,25.456952,0.213545,10.788586,17.928407,3805.757857,healthy,0,0,0,0,-2.582464,-0.610226,-0.767929,1.468915,-0.382003,0.018962,-0.003964,-0.064807,1.0,198.74
253,cruise,3776.539104,73.106139,58.48553,91.611434,206.044126,687.519009,25.451346,0.198201,10.749737,18.413839,3816.776866,healthy,0,0,0,0,0.752351,-0.44329,0.219534,-0.406531,-2.239675,0.000832,0.006489,-0.076308,1.0,198.735
254,cruise,3757.330621,70.602282,58.688416,91.305511,206.083703,684.642501,25.465035,0.208624,11.027081,18.031206,3751.137321,healthy,0,0,0,0,0.760125,0.032839,0.806199,0.052939,-2.178253,-0.02222,-0.011409,0.080078,1.0,198.73
255,cruise,3808.300746,70.57084,58.91596,90.514036,203.546307,681.999998,25.080085,0.210161,10.823953,18.165417,3692.864191,healthy,0,0,0,0,-5.654057,-0.08724,-1.037238,2.157653,-0.20534,-0.203289,-0.012974,-0.034558,1.0,198.725
256,cruise,3785.714465,72.279279,58.530787,91.375599,202.321557,684.335344,25.369816,0.21949,10.975556,20.782172,3914.924366,healthy,0,0,0,0,-1.287488,0.591465,0.067868,-0.557647,1.585198,0.243806,0.000672,-0.091485,1.0,198.72
257,cruise,3798.800758,70.586021,58.971809,91.699055,204.869769,676.970705,25.269258,0.215437,10.89861,15.613625,3871.485682,healthy,0,0,0,0,-1.783524,0.125399,-0.301894,0.283992,1.523315,0.089971,0.008605,0.040374,1.0,198.715
258,cruise,3783.432096,71.867177,57.87938,90.907535,205.207432,682.627121,25.341851,0.211162,10.567987,17.426829,3815.912856,healthy,0,0,0,0,-0.999314,0.243363,0.067144,1.410357,1.015109,0.033753,0.005861,0.008681,1.0,198.71
259,cruise,3801.740266,71.172695,59.103074,91.142107,205.558598,683.659987,25.391263,0.218978,11.179798,19.026702,3713.743314,healthy,0,0,0,0,-1.126015,-0.153706,0.358298,0.314383,1.786659,0.238711,0.0076,0.06792,1.0,198.705
260,cruise,3776.330644,71.180414,57.224666,91.761831,201.733367,682.027491,25.188788,0.210429,11.064365,17.863367,3673.499617,healthy,0,0,0,0,-2.299263,-0.029924,0.39748,-0.808151,1.045567,0.181021,-0.002766,0.037045,1.0,198.7
261,cruise,3748.688818,70.304054,58.393202,91.453293,203.64009,684.674395,25.406897,0.204691,10.737666,17.953954,3649.833236,healthy,0,0,0,0,-2.447289,-0.088294,0.581509,-0.700539,-1.676926,-0.058432,0.000918,-0.098731,1.0,198.695
262,cruise,3784.441406,70.453619,58.741262,91.76318,205.310424,682.759098,25.512762,0.211751,10.752995,18.242466,3755.970135,healthy,0,0,0,0,4.796195,-0.122397,-0.136922,0.643776,-0.937873,0.122347,0.000954,0.082544,1.0,198.69
263,cruise,3819.166169,70.241912,58.51424,91.106021,205.516114,684.679856,25.109189,0.206023,10.67871,17.412857,3934.929295,healthy,0,0,0,0,0.854361,0.109182,0.425197,-0.994879,0.026288,-0.279772,-0.003554,-0.084897,1.0,198.685
264,cruise,3749.277892,70.13231,57.803225,91.098639,204.361816,681.524195,25.286542,0.208415,10.677095,17.8913,3833.009863,healthy,0,0,0,0,3.675338,-0.740598,0.449532,-0.52392,1.680618,0.261735,0.004252,0.065538,1.0,198.68
265,cruise,3790.160078,70.364944,58.852219,90.800052,205.471316,685.301295,25.309198,0.206565,10.887869,18.780652,3610.589017,healthy,0,0,0,0,3.634411,0.567894,-0.629694,-0.181359,-1.669393,-0.076919,-0.000256,-0.020014,1.0,198.675
266,cruise,3777.728398,69.559326,58.911079,91.237881,207.294308,681.58843,25.843137,0.204284,10.705667,22.009267,3761.822354,healthy,0,0,0,0,-5.591087,0.574471,-0.952999,-0.688932,-0.383514,0.032961,-0.011738,-0.107961,1.0,198.67
267,cruise,3758.9499,68.367267,57.540034,91.321014,205.729241,684.622112,25.148218,0.196654,10.983098,17.761038,3793.612488,healthy,0,0,0,0,-5.057358,0.327082,-0.16337,-0.488743,0.130011,-0.182152,0.002255,0.019683,1.0,198.665
268,cruise,3794.20742,70.420532,58.306583,90.178739,205.030368,680.624518,25.395689,0.20865,10.876551,18.320129,3775.356097,healthy,0,0,0,0,-1.256279,-0.131587,-0.606006,0.242505,-0.212553,-0.060404,-0.003042,0.026998,1.0,198.66
269,cruise,3780.742624,70.461148,58.813424,91.935789,202.796433,684.569688,25.664583,0.21216,10.788313,17.847054,3809.328004,healthy,0,0,0,0,-5.855723,0.718255,-0.436025,0.349,-0.506383,-0.058961,-0.002843,0.124087,1.0,198.655
270,cruise,3772.462318,69.027226,58.946315,91.25054,206.16607,683.600316,25.216579,0.226514,10.757327,20.342692,3711.737556,healthy,0,0,0,0,-1.344524,0.148984,-0.265792,-1.182223,0.136945,0.018013,0.001114,0.00729,1.0,198.65
271,cruise,3803.941213,69.02277,58.419628,91.466901,205.487301,684.253069,25.329125,0.215087,10.832862,19.220715,3828.196348,healthy,0,0,0,0,-5.524589,0.527882,0.308738,-1.059008,-1.428082,0.067502,0.000621,0.064356,1.0,198.645
272,cruise,3815.997138,70.977906,58.721033,90.959859,205.717883,687.094268,25.272138,0.208264,10.464168,20.15611,3840.474219,healthy,0,0,0,0,1.448845,-0.114826,-0.010256,0.329132,-0.000503,0.236529,-0.005656,0.135473,1.0,198.64
273,cruise,3761.795675,70.774597,58.423477,91.786358,204.894548,679.74262,25.241571,0.206383,10.774783,17.447997,3788.380478,healthy,0,0,0,0,-1.216873,0.234868,-0.373956,0.661357,1.393133,-0.131004,-0.005587,0.121797,1.0,198.635
274,cruise,3805.161611,70.174816,58.729024,91.919482,204.934494,680.572581,25.406141,0.210951,10.827199,17.318124,3901.432939,healthy,0,0,0,0,-1.24082,0.453297,0.205144,-0.829401,2.024711,0.225484,0.007556,-0.021164,1.0,198.63
275,cruise,3767.875209,70.101206,58.352212,92.165701,204.30953,679.392619,25.509862,0.20498,10.989335,17.169579,3767.464426,healthy,0,0,0,0,-1.93533,0.146723,-0.279727,-0.369797,-0.670201,0.04293,-0.002423,-0.027594,1.0,198.625
276,cruise,3761.347836,70.760072,58.530137,91.041363,204.331358,681.127564,25.468945,0.206864,10.916883,17.390457,3881.67355,healthy,0,0,0,0,-1.264513,-0.274763,-0.897997,-0.108695,0.902171,-0.063318,-0.000685,0.206382,1.0,198.62
277,cruise,3793.609927,69.422003,58.847376,91.300651,205.041139,683.750456,25.288847,0.202346,10.714892,19.293038,3729.168016,healthy,0,0,0,0,1.769238,0.559941,0.300132,-0.02056,-0.151065,0.028865,-0.004304,-0.091548,1.0,198.615
278,cruise,3744.844415,70.413037,58.379892,90.729959,206.896696,683.029332,25.572014,0.21033,11.083244,17.927762,3822.257898,healthy,0,0,0,0,3.169095,0.400778,0.110722,-0.288352,-1.071628,-0.0863,0.022895,-0.086088,1.0,198.61
279,cruise,3775.130911,69.704304,58.013819,92.033377,203.896274,681.798563,25.348406,0.211425,10.620191,18.166004,3671.034366,healthy,0,0,0,0,1.816889,0.115527,-0.100385,-0.954131,-2.001619,0.081588,0.003289,-0.128093,1.0,198.605
280,cruise,3801.793125,71.153525,58.650032,91.493059,205.226132,682.894327,25.379924,0.214022,10.904044,19.422041,3750.636679,healthy,0,0,0,0,-3.546499,0.414264,-1.046569,-0.308638,-0.640489,0.006028,-0.001217,-0.170418,1.0,198.6
281,cruise,3811.570986,70.708192,58.192108,91.781716,203.577415,686.656253,25.494885,0.212064,10.876267,18.302262,3734.814611,healthy,0,0,0,0,0.578587,0.582503,0.720737,-0.107821,-0.006891,-0.092403,-0.005885,0.078419,1.0,198.595
282,cruise,3756.960494,69.405141,58.826313,91.074884,204.442179,683.799006,25.356989,0.197343,10.982926,18.101808,3738.265343,healthy,0,0,0,0,-3.234747,0.549329,-0.06912,-0.166401,0.332582,0.071008,-0.003185,0.076801,1.0,198.59
283,cruise,3765.270309,70.894055,58.457781,90.881601,202.934944,676.467101,25.13408,0.210516,10.860591,17.681479,3656.919901,healthy,0,0,0,0,0.595126,-0.468084,0.68731,0.175476,1.60124,-0.139043,-0.002289,0.163977,1.0,198.585
284,cruise,3777.905244,71.971895,58.534081,90.069912,207.021449,681.017792,25.292281,0.205936,10.755757,17.242843,3601.204498,healthy,0,0,0,0,2.42659,-0.613705,-0.442274,0.854163,-0.900699,0.014126,-0.00314,-0.13698,1.0,198.58
285,cruise,3752.156459,70.318344,58.429056,90.891341,206.311085,683.742955,25.222963,0.200682,11.177534,19.0564,3722.682983,healthy,0,0,0,0,-0.257738,0.404101,0.465749,-1.74373,2.503119,0.069997,-0.000692,-0.030283,1.0,198.575
286,cruise,3746.064267,69.280866,58.348847,90.702218,204.699781,683.518586,25.373593,0.203799,10.965529,18.166373,3724.249764,healthy,0,0,0,0,3.193364,-0.058775,0.598808,-1.53719,-1.867952,0.204998,-0.002088,-0.009682,1.0,198.57
287,cruise,3788.671204,71.152009,58.413223,90.058869,203.502252,680.828038,25.551778,0.209581,10.955612,19.285742,3707.061493,healthy,0,0,0,0,-3.7585,-0.681536,-0.40802,-0.907745,1.011956,0.121128,-0.011768,0.066231,1.0,198.565
288,cruise,3787.663993,71.235202,58.716234,91.485225,203.664223,680.58809,25.074945,0.212323,10.835194,17.841441,3903.082993,healthy,0,0,0,0,1.514481,0.065796,-0.016026,-0.669154,0.599231,0.217076,-0.008028,0.12267,1.0,198.56
289,cruise,3783.108911,69.920587,58.184651,91.740515,205.866313,686.715607,25.098276,0.206782,10.839302,20.007624,3734.728797,healthy,0,0,0,0,-5.084317,0.048121,0.250932,1.392922,1.25282,0.113698,0.002356,-0.059031,1.0,198.555
290,cruise,3780.230824,71.320958,59.331968,91.24892,206.123145,686.39092,25.198642,0.204361,10.829254,19.952357,3774.611607,healthy,0,0,0,0,0.605765,0.175309,-0.660265,-0.742994,0.249584,-0.028669,-0.0073,-0.049456,1.0,198.55
291,cruise,3786.900393,70.429597,57.669204,91.119462,205.349074,678.236902,25.427786,0.197294,10.626609,17.315397,3800.42874,healthy,0,0,0,0,1.991528,-0.337436,0.423644,-1.384938,0.55249,0.023398,0.005011,-0.031991,1.0,198.545
292,cruise,3819.068204,69.978375,58.31839,91.804267,205.144582,678.429657,25.474936,0.202211,10.831065,20.019547,3868.005105,healthy,0,0,0,0,-3.823737,0.141268,-0.545495,1.30233,1.49725,-0.03066,-0.001425,0.161644,1.0,198.54
293,cruise,3786.587606,71.107646,58.063195,91.030999,204.46248,683.214585,25.405333,0.210347,11.05654,17.139818,3711.532104,healthy,0,0,0,0,-2.110699,-0.282199,0.261557,0.465763,-1.00835,-0.056423,0.004993,-0.086494,1.0,198.535
294,cruise,3809.865118,69.209623,57.886159,91.615126,204.470245,683.369911,25.529808,0.210745,11.143857,17.355032,3855.637298,healthy,0,0,0,0,-2.365264,-0.342709,-1.243374,-1.343763,-2.510139,-0.154993,-0.009455,0.043142,1.0,198.53
295,cruise,3778.640435,71.541175,58.304641,90.190339,203.616015,682.816012,25.076476,0.212038,10.881154,18.962803,3815.082565,healthy,0,0,0,0,-3.985788,1.364821,-0.841957,0.301502,-2.280732,-0.334625,0.009639,-0.139547,1.0,198.525
296,cruise,3780.746309,70.449092,58.303092,91.747415,204.647868,682.033069,25.600172,0.197798,11.007056,18.141751,3981.518236,healthy,0,0,0,0,0.787588,0.074749,0.424172,0.83374,0.111678,0.07282,-0.00082,0.017316,1.0,198.52
297,cruise,3784.400624,71.920543,58.540959,90.608745,205.221459,684.917788,25.120824,0.217918,11.01572,18.458529,3644.278662,healthy,0,0,0,0,-0.342746,-0.591709,-0.784988,0.693559,-0.869334,0.084171,-0.002142,0.031523,1.0,198.515
298,cruise,3778.737536,70.323058,57.977215,90.634682,203.777809,682.440443,25.623321,0.204293,10.944622,18.081619,3902.527459,healthy,0,0,0,0,-2.163784,-0.199216,-0.410079,-0.094599,-0.898015,-0.234157,-0.007138,0.017151,1.0,198.51
299,cruise,3809.248956,71.636217,59.014991,90.803147,204.517733,680.257124,25.421617,0.214128,10.907684,18.070923,3705.60647,healthy,0,0,0,0,4.06743,0.399435,-0.532459,-0.761045,-4.301603,0.015538,-0.006009,0.14013,1.0,198.505
300,cruise,3782.516682,70.378265,59.120928,91.825556,204.691138,682.091232,25.433222,0.210941,11.12753,17.316087,3633.593886,overheating,1,2,300,1000,-1.244158,0.506419,-0.206016,0.20052,0.11885,0.010918,0.008629,0.047586,1.0,198.5
301,cruise,3763.351773,69.430621,59.1829,90.532395,206.401165,688.104017,25.463573,0.205662,10.704572,19.84536,3680.190835,overheating,1,2,300,1000,-0.095942,0.791493,-0.356339,0.547027,0.936902,0.266137,-0.005537,0.153538,0.993939,198.495
302,cruise,3768.616685,72.071274,59.138127,90.456776,207.130337,684.814722,25.183817,0.209837,10.962103,21.038029,3901.104309,overheating,1,2,300,1000,3.664526,0.138874,0.32314,0.077475,-0.565184,-0.132849,-0.004476,0.009415,0.987879,198.49
303,cruise,3775.663755,71.967774,57.539664,91.862759,207.162122,690.665658,25.574872,0.215213,11.123543,18.098063,3780.539374,overheating,1,2,300,1000,3.864077,0.113728,-0.193315,2.427761,1.61681,-0.101165,0.002151,0.023527,0.981818,198.485
304,cruise,3773.486204,70.590016,58.441501,90.701036,206.681961,691.155831,25.50277,0.210893,11.113713,20.44655,3783.27257,overheating,1,2,300,1000,-1.681835,0.37881,-0.11156,2.366572,2.704033,-0.108471,0.003049,-0.091713,0.975758,198.48
305,cruise,3788.430385,70.416659,58.625,91.963274,210.113206,685.187827,25.454902,0.205149,11.013843,19.162098,3701.082406,overheating,1,2,300,1000,1.763564,-0.013304,-0.077191,4.209679,2.325455,0.029524,0.003066,0.047412,0.969697,198.475
306,cruise,3781.815882,71.375945,58.832911,90.882551,207.700961,687.594164,25.376516,0.210441,10.804785,17.980615,3707.358657,overheating,1,2,300,1000,4.074343,0.054811,0.57042,3.242399,4.708857,-0.084341,0.002033,-0.114534,0.963636,198.47
307,cruise,3801.573422,72.030769,57.972261,92.572437,208.38402,686.764395,25.329001,0.211631,10.884613,18.005144,3738.163454,overheating,1,2,300,1000,-3.841719,-0.060097,0.847591,4.61494,4.390942,-0.150244,0.005958,-0.057992,0.957576,198.465
308,cruise,3756.040857,70.838923,58.031161,93.459171,208.43163,688.643859,25.291736,0.204789,10.869753,16.773859,3797.713181,overheating,1,2,300,1000,1.287989,0.147187,1.408985,6.047724,6.271078,0.222354,0.007031,0.019762,0.951515,198.46
309,cruise,3798.736011,71.354059,58.379715,92.413855,210.266778,694.257237,25.109116,0.214886,10.950645,18.533709,3778.816237,overheating,1,2,300,1000,3.222715,-0.089162,0.68474,5.157637,6.812685,0.014196,0.000404,0.008104,0.945455,198.455
310,cruise,3801.398759,69.362816,57.753506,92.049924,209.492479,690.712255,25.306175,0.204747,10.788325,19.381849,3890.606513,overheating,1,2,300,1000,-1.524977,-0.729305,1.186485,6.458119,9.526097,-0.113493,0.00126,0.012264,0.939394,198.45
311,cruise,3769.893203,70.007398,57.924289,91.958017,213.39289,697.146941,25.432476,0.213259,10.955077,18.057029,3784.431649,overheating,1,2,300,1000,-0.527068,-0.357364,1.098594,7.142011,9.837243,-0.045452,-0.002351,0.066027,0.933333,198.445
312,cruise,3809.964166,70.31566,58.534053,91.979457,212.67824,693.075882,25.476858,0.213801,10.870002,19.445437,3698.491485,overheating,1,2,300,1000,-3.045376,-0.056035,1.247054,8.089435,8.108627,-0.041331,0.011288,-0.036591,0.927273,198.44
313,cruise,3782.659549,70.627896,58.609789,93.097362,212.447973,691.717603,25.199795,0.212154,10.822797,17.94524,3930.02582,overheating,1,2,300,1000,7.789995,0.099046,1.965353,8.84665,10.026979,-0.168957,-0.002359,-0.001562,0.921212,198.435
314,cruise,3794.592836,69.178076,58.750133,92.147347,215.085875,695.638916,25.286332,0.207111,10.774261,17.690302,3818.089267,overheating,1,2,300,1000,0.747009,-0.534963,0.689533,8.530805,10.587881,-0.040508,-0.003575,0.030672,0.915152,198.43
315,cruise,3775.536732,69.084634,58.246043,92.941963,213.858002,693.673389,25.295673,0.204521,10.911489,20.442827,3909.901895,overheating,1,2,300,1000,2.234951,-0.342174,1.089553,10.25907,12.516282,-0.014365,-0.005005,0.000447,0.909091,198.425
316,cruise,3767.812449,70.643344,58.729045,93.624424,214.460633,694.45051,25.523455,0.201739,10.881025,19.334899,3902.309545,overheating,1,2,300,1000,2.677224,-0.078118,1.557195,9.914432,12.463312,-0.374968,4.4e-05,-0.00815,0.90303,198.42
317,cruise,3784.520686,71.5889,57.975547,92.888242,216.220687,696.930988,25.290147,0.208762,10.787526,17.870089,3759.810079,overheating,1,2,300,1000,0.463159,0.522452,2.508009,11.0007,13.728247,0.146329,0.003617,-0.031926,0.89697,198.415
318,cruise,3768.795744,70.348548,57.738782,93.669448,216.929145,699.638936,25.382241,0.206799,10.897019,17.648497,3920.92694,overheating,1,2,300,1000,1.352603,0.76629,2.276627,13.043113,10.817399,0.005237,0.002455,0.061921,0.890909,198.41
319,cruise,3751.262085,71.247535,57.865833,93.952364,217.316003,693.919227,25.651065,0.203295,11.153274,18.859376,3792.892877,overheating,1,2,300,1000,1.816177,0.175346,2.987557,12.374264,17.181318,-0.017264,-0.004154,-0.115629,0.884848,198.405
320,cruise,3793.947547,69.464594,59.16354,94.111089,218.513452,699.313352,25.774091,0.2187,10.822518,18.520941,3758.753547,overheating,1,2,300,1000,-3.968571,0.354905,1.638929,14.28614,16.602742,0.16484,-0.000696,0.067659,0.878788,198.4
321,cruise,3798.53965,69.439784,58.028856,93.078544,218.052438,699.781867,25.429132,0.20746,10.824724,16.886996,3791.48299,overheating,1,2,300,1000,-1.210913,-0.374353,3.059526,13.499363,18.044222,0.099251,0.000269,0.036233,0.872727,198.395
322,cruise,3766.913457,70.472116,58.821344,93.549769,220.474624,705.798426,25.613527,0.20723,10.744976,18.420769,3715.68197,overheating,1,2,300,1000,-0.113105,0.871004,2.236578,14.899725,15.870067,-0.102975,0.00474,-0.024752,0.866667,198.39
323,cruise,3811.059297,72.586707,59.045445,93.425961,219.633439,701.52082,25.260296,0.208092,10.579626,17.803917,3668.512917,overheating,1,2,300,1000,0.089932,0.200342,2.644142,15.387625,19.363239,0.244272,0.005417,-0.010174,0.860606,198.385
324,cruise,3744.707308,71.575873,58.345705,94.910225,220.53026,705.177474,25.095447,0.201949,10.927024,19.836065,3903.456251,overheating,1,2,300,1000,-0.835486,0.445655,2.591018,15.591173,16.542547,-0.229334,0.010586,-0.117771,0.854545,198.38
325,cruise,3787.719062,69.016409,58.873359,94.18157,219.876929,704.037517,25.186757,0.211201,10.867393,18.764965,3748.243686,overheating,1,2,300,1000,-2.12894,0.310268,2.483741,15.616575,19.64974,0.116743,-0.000815,0.040291,0.848485,198.375
326,cruise,3798.009036,70.836005,58.024522,94.47262,223.396675,704.254294,25.357899,0.2037,10.482837,20.078872,3769.333602,overheating,1,2,300,1000,-2.092832,0.304906,2.153543,16.318251,20.364944,0.095128,0.003419,-0.004636,0.842424,198.37
327,cruise,3790.325192,69.929598,59.29052,94.404323,223.274282,703.816198,25.495869,0.215658,10.82626,16.898013,3745.246006,overheating,1,2,300,1000,1.324845,-0.372508,2.719092,19.129421,23.851611,0.064172,0.009738,0.009894,0.836364,198.365
328,cruise,3779.515129,68.900434,58.772753,94.72096,221.29621,709.163048,25.101415,0.204978,11.124913,19.208501,3681.351391,overheating,1,2,300,1000,-0.48368,0.543631,2.631275,17.504173,21.587816,-0.092567,0.00483,0.045953,0.830303,198.36
329,cruise,3809.581947,72.061153,57.828893,95.218329,221.605395,707.35836,25.052083,0.206108,11.205839,18.565162,3780.750527,overheating,1,2,300,1000,0.694292,0.079981,2.409648,18.397801,19.793667,0.133934,-0.002127,-0.066301,0.824242,198.355
330,cruise,3780.547332,69.412783,58.172978,94.713584,223.115538,708.061218,25.343255,0.208665,10.748739,18.149513,3941.587988,overheating,1,2,300,1000,-5.149134,-0.470768,2.612744,20.301635,23.700828,-0.058265,-0.002366,-0.070449,0.818182,198.35
331,cruise,3780.430757,70.572138,59.093526,95.08469,227.19207,709.648298,25.685676,0.218015,10.875109,18.202575,3798.774706,overheating,1,2,300,1000,-2.534039,0.918711,3.818188,19.403403,25.309715,-0.134771,0.002034,0.201885,0.812121,198.345
332,cruise,3797.458717,71.77234,58.063074,94.528039,228.409978,710.620889,25.681134,0.204556,10.904025,19.048695,3830.9328,overheating,1,2,300,1000,1.327069,0.706771,4.060988,22.537597,24.324453,-0.04843,-0.00753,0.028574,0.806061,198.34
333,cruise,3789.026646,72.252083,57.53134,95.250494,226.644197,704.439596,25.289609,0.204915,10.897909,18.311364,3648.414606,overheating,1,2,300,1000,1.340158,0.498169,2.14584,21.156278,27.8369,-0.027664,-0.006264,0.060863,0.8,198.335
334,cruise,3755.642913,70.269023,57.726922,95.771294,226.462627,714.845007,25.368568,0.217191,11.065685,18.163447,3701.520715,overheating,1,2,300,1000,-2.912613,0.32367,4.29255,23.653403,27.155826,0.201263,0.00125,0.016471,0.793939,198.33
335,cruise,3799.16241,70.308104,58.795843,95.316928,225.747909,711.287507,25.433904,0.209352,10.936248,18.398232,3803.813879,overheating,1,2,300,1000,-2.849414,-0.253114,3.664329,23.653556,28.259973,0.013911,-0.000485,-0.00541,0.787879,198.325
336,cruise,3783.346182,70.553134,58.771832,94.877019,226.793513,709.364178,24.643165,0.208377,11.002971,18.938794,3792.531665,overheating,1,2,300,1000,0.205059,-0.247949,4.261734,23.195847,30.885287,-0.131647,0.00619,-0.091046,0.781818,198.32
337,cruise,3811.979994,71.170131,58.444167,96.213824,231.259579,708.762766,25.548027,0.208322,10.823159,18.779666,3932.257565,overheating,1,2,300,1000,3.620533,0.015338,3.716479,24.617491,31.529115,-0.061268,-0.006592,-0.08806,0.775758,198.315
338,cruise,3785.881208,68.94692,58.225361,95.547781,230.562757,713.276886,25.525894,0.213132,10.919155,17.652906,3783.963673,overheating,1,2,300,1000,-2.056764,-0.156743,3.050245,23.552282,28.605871,0.02434,0.002629,-0.080401,0.769697,198.31
339,cruise,3765.625998,71.091588,58.408653,96.172042,230.19011,712.415821,25.123943,0.205949,10.996995,16.977226,3729.840907,overheating,1,2,300,1000,7.57798,0.106432,3.37535,25.805649,30.092945,0.045803,0.004968,0.169636,0.763636,198.305
340,cruise,3764.81937,71.095684,58.385064,96.505187,233.494655,717.191737,24.944731,0.203661,10.839331,17.87486,3809.53927,overheating,1,2,300,1000,4.031996,-0.155874,4.250904,27.907643,32.396079,0.389902,-0.002623,2.6e-05,0.757576,198.3
341,cruise,3781.630749,71.36358,58.515104,95.390312,232.21482,717.385438,25.65849,0.212146,10.854215,19.559398,3791.298383,overheating,1,2,300,1000,3.34478,-0.177925,4.654336,27.121089,32.931076,-0.082477,0.000521,0.118883,0.751515,198.295
342,cruise,3780.834929,69.6644,58.602234,96.80807,232.607233,716.513974,25.21065,0.213554,10.87211,18.622964,3669.342455,overheating,1,2,300,1000,5.6539,0.478861,3.959954,27.392828,35.129611,0.009352,-0.001618,-0.04786,0.745455,198.29
343,cruise,3770.835757,69.931351,58.495482,97.308205,231.592512,722.851603,24.779775,0.209853,10.989298,18.131275,3824.330324,overheating,1,2,300,1000,-4.725671,0.536416,4.535791,26.679304,34.291979,-0.075622,-0.005219,0.161155,0.739394,198.285
344,cruise,3743.440048,71.201794,58.883505,97.703794,233.596692,718.957802,25.347047,0.198077,10.875711,19.315803,3712.409428,overheating,1,2,300,1000,-2.417686,-0.003251,4.079828,29.565101,37.268979,0.210735,0.000827,-0.021933,0.733333,198.28
345,cruise,3806.948346,70.859565,58.283454,95.718309,234.27334,721.178357,25.110241,0.213997,10.664221,19.096551,3796.21696,overheating,1,2,300,1000,1.189273,-0.399785,4.655472,29.280467,34.520237,0.14083,0.008279,-0.069801,0.727273,198.275
346,cruise,3777.077278,72.599818,57.414125,97.388615,233.787449,719.307015,25.122563,0.200471,10.770426,17.602639,3890.789254,overheating,1,2,300,1000,-3.172377,0.827963,5.244065,30.531261,37.461821,0.148377,0.007655,-0.036247,0.721212,198.27
347,cruise,3753.60926,70.166522,57.080925,96.131702,236.737554,715.89008,25.721915,0.210086,10.804406,20.395126,3808.238009,overheating,1,2,300,1000,3.740815,0.62424,4.856353,31.05583,38.116706,0.048764,0.007355,0.06056,0.715152,198.265
348,cruise,3760.635366,71.963074,58.749538,96.648969,235.317544,719.306069,25.114547,0.212998,10.753583,19.176028,3725.269991,overheating,1,2,300,1000,-2.209358,-0.24549,5.299986,31.815979,38.510183,0.115584,-0.001961,0.088933,0.709091,198.26
349,cruise,3793.714908,69.229414,58.44407,97.330938,236.980567,724.518998,25.317099,0.207088,10.865672,19.408816,3750.415835,overheating,1,2,300,1000,-3.762012,0.508129,4.614951,32.085868,39.096525,0.173026,0.000587,0.019806,0.70303,198.255
350,cruise,3776.187454,70.942638,57.893591,98.119335,238.302252,727.027737,25.381141,0.202432,10.960943,18.29828,3830.842491,overheating,1,2,300,1000,-5.971096,-0.380411,4.923234,32.581571,39.858708,0.060165,0.002537,-0.038052,0.69697,198.25
351,cruise,3780.253822,70.548052,58.249564,97.807471,238.132612,720.733237,25.399348,0.198983,10.852226,18.028661,3712.149034,overheating,1,2,300,1000,-4.765698,0.605043,4.269446,32.543421,40.772674,-0.174618,-0.003564,-0.066744,0.690909,198.245
352,cruise,3770.100193,69.367436,58.479458,96.767188,238.33698,723.723631,24.98575,0.197673,10.897326,18.539292,3767.665975,overheating,1,2,300,1000,3.177074,0.004981,5.382137,35.359686,44.340711,-0.170505,-0.010329,0.02528,0.684848,198.24
353,cruise,3771.575701,70.477356,58.315498,97.287807,240.162276,726.971319,25.314356,0.206701,11.073035,20.38973,3802.956042,overheating,1,2,300,1000,-0.155613,-0.468568,4.611724,34.140337,42.157164,0.286305,0.002662,0.027787,0.678788,198.235
354,cruise,3788.40052,70.133643,58.394518,97.681975,240.672185,725.621417,25.592459,0.212307,10.869803,16.072348,3764.978468,overheating,1,2,300,1000,0.438504,-0.26201,5.151092,35.100507,41.758102,0.053253,-0.000788,0.01078,0.672727,198.23
355,cruise,3774.933632,69.249489,58.417618,98.112492,243.072201,729.539853,25.437222,0.214965,10.900889,18.340311,3679.249243,overheating,1,2,300,1000,1.894931,-0.434926,5.398211,36.390121,46.622738,-0.158593,-0.003422,-0.033377,0.666667,198.225
356,cruise,3789.923547,70.588309,58.360686,97.764901,241.162729,729.00591,25.110838,0.205145,11.12469,19.223106,3747.261566,overheating,1,2,300,1000,6.146084,0.015594,6.198835,36.422381,42.992319,0.338254,0.005091,-0.152347,0.660606,198.22
357,cruise,3806.671688,71.153666,58.686125,98.187045,242.126006,725.35723,25.303195,0.206446,10.712522,18.49505,3902.339315,overheating,1,2,300,1000,-0.620259,0.188327,6.241855,36.568206,44.57543,0.096207,-0.002305,-0.010415,0.654545,198.215
358,cruise,3772.559645,71.111686,58.257166,97.829784,242.853154,723.898635,25.6245,0.199438,10.918105,16.995515,3692.818552,overheating,1,2,300,1000,0.887329,-0.154411,5.493437,37.357408,46.182509,0.010305,0.004192,-0.020967,0.648485,198.21
359,cruise,3760.307741,70.813642,58.586646,97.865001,243.785764,731.672639,25.236814,0.214205,11.075217,18.242757,3671.471671,overheating,1,2,300,1000,-4.983908,0.388065,5.431185,39.778029,47.928024,0.170224,-2.5e-05,-0.037692,0.642424,198.205
360,cruise,3784.375184,70.215693,57.594013,99.435002,242.596863,729.128894,25.566645,0.206618,10.751466,20.241438,3872.950529,overheating,1,2,300,1000,0.19202,-0.159839,6.3601,39.514366,50.468516,0.036179,0.009301,-0.013293,0.636364,198.2
361,cruise,3820.248465,70.498632,58.432559,96.86249,245.17376,733.754091,25.376067,0.214345,11.087004,17.11073,3811.571076,overheating,1,2,300,1000,0.116014,0.64521,5.648792,41.042919,47.638026,-0.050018,-0.001629,-0.039227,0.630303,198.195
362,cruise,3781.314446,69.100842,58.867348,99.232501,244.06101,738.020144,25.202101,0.212408,10.815599,18.191083,3481.660958,overheating,1,2,300,1000,-0.023336,0.419761,7.274838,39.122921,49.324307,0.218938,0.005655,0.079373,0.624242,198.19
363,cruise,3775.148166,71.311431,58.197218,98.596566,244.623238,732.272836,25.328585,0.21578,10.962888,19.239439,3825.65379,overheating,1,2,300,1000,-1.782513,0.593047,6.310305,41.131863,53.253629,0.082109,-0.008296,-0.168608,0.618182,198.185
364,cruise,3781.989528,71.731861,58.14196,99.215487,246.857736,733.358144,25.562719,0.201416,10.804195,17.22795,3714.787418,overheating,1,2,300,1000,2.627265,-0.089152,6.916477,42.32903,53.01906,-0.319191,0.004659,0.0138,0.612121,198.18
365,cruise,3768.021178,70.599185,58.128128,99.182083,246.521069,735.344829,25.451509,0.203989,10.901836,18.461203,3742.352329,overheating,1,2,300,1000,1.568504,0.491523,6.12367,43.884602,55.335543,-0.0536,0.001333,-0.010279,0.606061,198.175
366,cruise,3759.899228,71.699467,58.67021,98.860118,250.167969,736.431081,25.314982,0.203419,10.78408,18.769013,3833.333064,overheating,1,2,300,1000,-3.09518,-0.062156,6.790261,44.200198,53.74745,-0.236804,-0.003476,0.002749,0.6,198.17
367,cruise,3820.828147,71.902052,58.3466,99.39437,248.72498,733.639261,25.005495,0.206791,10.962834,18.792889,3881.15872,overheating,1,2,300,1000,0.540905,0.134363,6.628176,45.44048,50.98148,-0.041993,-0.000327,0.026404,0.593939,198.165
368,cruise,3780.635258,70.367341,58.03767,100.139574,249.075027,738.658459,25.215208,0.215986,10.930629,17.692571,3728.043212,overheating,1,2,300,1000,-4.7664,0.308372,7.262555,43.839518,53.503909,-0.201253,-0.000568,-0.014281,0.587879,198.16
369,cruise,3792.133285,69.611918,57.906421,99.587164,250.90159,738.712827,25.031945,0.211544,11.057205,18.399254,3676.587473,overheating,1,2,300,1000,-0.725454,0.290273,7.414517,46.199485,56.928491,-0.243128,0.002421,-0.014245,0.581818,198.155
370,cruise,3798.291512,70.442521,58.320291,99.67476,251.407636,733.041406,25.064183,0.208497,11.162993,16.437331,3954.888022,overheating,1,2,300,1000,2.333326,-0.279432,7.050266,46.834575,54.23121,0.105073,-0.001547,-0.041106,0.575758,198.15
371,cruise,3775.377272,70.363133,58.582455,99.328035,250.945655,740.331162,25.37084,0.211796,10.668157,16.504253,3719.134738,overheating,1,2,300,1000,-2.500005,0.343494,7.348115,46.442228,54.92377,-0.015321,0.000943,-0.009821,0.569697,198.145
372,cruise,3797.720539,68.804696,58.406565,100.284338,255.099336,744.46455,24.984046,0.207496,11.119109,17.264459,3835.547577,overheating,1,2,300,1000,1.741923,-0.280438,7.021724,46.914436,62.320649,0.076979,-0.001494,0.022833,0.563636,198.14
373,cruise,3782.103972,69.757021,58.460749,100.700191,252.017108,738.551971,24.929045,0.20948,10.844704,19.760515,3741.4197,overheating,1,2,300,1000,3.345571,0.259974,8.738939,48.925786,58.518257,0.053393,-0.001249,0.001905,0.557576,198.135
374,cruise,3742.164088,70.61959,58.908402,100.286181,253.821349,745.893513,25.260313,0.208563,11.084722,18.786435,3613.61042,overheating,1,2,300,1000,-2.724653,0.070795,6.8651,48.851514,59.8695,-0.119438,0.000905,0.094667,0.551515,198.13
375,cruise,3800.876003,70.402192,58.234656,99.906036,254.113405,741.962035,25.290831,0.212525,10.855342,18.064114,3838.5098,overheating,1,2,300,1000,-4.345552,0.030676,7.118713,48.677625,62.55362,0.138767,0.000583,-0.020547,0.545455,198.125
376,cruise,3779.191938,70.935861,57.840311,99.84689,253.925314,746.174071,25.129558,0.203497,10.942378,18.27753,3693.199024,overheating,1,2,300,1000,-0.219164,0.436926,6.968931,49.440458,64.019617,0.094427,-0.00372,0.117196,0.539394,198.12
377,cruise,3788.740237,70.42467,58.345154,100.2541,253.985351,744.160156,25.079619,0.215109,10.833794,17.791791,3800.415315,overheating,1,2,300,1000,-0.986079,0.026825,7.727411,50.464845,63.031994,0.064796,-0.013252,-0.052295,0.533333,198.115
378,cruise,3782.998647,69.558348,58.829034,100.478425,257.529048,747.395497,25.3863,0.216116,10.688503,20.175361,3719.614396,overheating,1,2,300,1000,-4.442027,0.147785,8.003036,50.860787,62.142516,0.094227,-0.003838,-0.112477,0.527273,198.11
379,cruise,3778.272057,71.276799,58.905681,100.103886,254.56283,749.450917,25.461539,0.20485,10.780174,18.995768,3784.950436,overheating,1,2,300,1000,0.506381,-0.249414,7.274545,51.396373,61.655193,-0.173048,-0.00143,0.016006,0.521212,198.105
380,cruise,3785.630735,70.698387,58.473909,100.739318,256.701476,747.504584,25.616902,0.203834,10.702976,19.324262,3685.950745,overheating,1,2,300,1000,-2.818157,0.615572,8.615378,52.905385,67.374612,-0.06002,0.0021,-0.113072,0.515152,198.1
381,cruise,3786.187307,72.162573,57.832886,100.531529,256.558565,751.013279,25.710106,0.209311,10.726661,17.857621,3633.351371,overheating,1,2,300,1000,-0.032889,0.621575,8.264619,53.282461,65.99489,-0.253257,0.000373,-0.032665,0.509091,198.095
382,cruise,3780.950443,70.628171,58.247286,102.046222,257.844494,752.374735,25.346007,0.196158,10.784677,17.00311,3824.44717,overheating,1,2,300,1000,-0.874549,-0.323866,8.98628,54.167571,68.327264,0.00825,0.006387,0.071095,0.50303,198.09
383,cruise,3761.931883,70.733271,58.603893,100.801659,257.761267,752.378359,25.144216,0.204571,11.131249,20.155978,3827.967089,overheating,1,2,300,1000,6.026325,-0.279496,8.328982,53.287762,65.957345,0.019573,-0.000239,0.054391,0.49697,198.085
384,cruise,3781.573619,69.561867,58.542413,101.020737,260.246385,751.736303,25.190268,0.219032,10.730913,17.642323,3901.1869,overheating,1,2,300,1000,1.141009,0.218825,9.074588,56.364412,67.034059,-0.255812,-0.003091,-0.003938,0.490909,198.08
385,cruise,3772.637174,71.499979,57.661893,101.638155,261.870285,753.292981,25.304373,0.196659,10.836437,18.434247,3813.85682,overheating,1,2,300,1000,-1.988022,-0.037643,8.309502,55.723138,67.182108,0.081635,-0.00479,0.083535,0.484848,198.075
386,cruise,3780.592019,69.56982,58.526466,101.562043,261.150167,746.967704,25.517403,0.208572,10.853706,18.337345,3807.713937,overheating,1,2,300,1000,-0.706466,-0.171121,8.973332,57.117081,69.835499,-0.10465,0.008893,-0.075275,0.478788,198.07
387,cruise,3795.894493,72.287447,58.808957,102.412015,261.281997,755.245043,25.346398,0.213496,10.774814,20.801699,3788.217242,overheating,1,2,300,1000,1.709227,-0.133001,8.550001,56.370304,71.055707,-0.113498,0.006241,0.046977,0.472727,198.065
388,cruise,3734.502584,70.288104,58.722374,102.194429,262.931286,755.571557,25.397954,0.20598,11.073129,17.544833,3842.479296,overheating,1,2,300,1000,-0.305008,0.94628,8.61312,57.992107,71.158431,-0.361706,-0.002348,0.127006,0.466667,198.06
389,cruise,3823.516163,71.749951,57.773732,102.789098,260.801279,756.87578,25.480174,0.211198,10.902459,17.665894,3574.966821,overheating,1,2,300,1000,2.703029,0.233974,8.761646,58.828461,70.957792,-0.251108,0.001371,-0.051535,0.460606,198.055
390,cruise,3780.136807,70.534849,58.331011,102.458265,264.185224,755.31366,25.575177,0.210222,10.794507,18.956179,3885.558319,overheating,1,2,300,1000,-4.742564,0.104171,8.76051,58.661139,69.961936,0.002368,0.00717,-0.073383,0.454545,198.05
391,cruise,3773.917336,71.73306,58.621956,102.055028,264.012606,754.329805,25.433047,0.211945,10.761096,17.693502,3783.710481,overheating,1,2,300,1000,-0.540119,0.510203,8.547956,59.66189,73.13323,-0.019596,-0.004897,-0.070011,0.448485,198.045
392,cruise,3780.232024,70.980236,58.259731,101.750057,263.912957,753.276516,25.611441,0.206295,10.913459,17.742344,3870.462955,overheating,1,2,300,1000,2.546629,-0.075545,9.111177,60.567604,75.929787,-0.263786,-0.001073,-0.175298,0.442424,198.04
393,cruise,3806.635308,71.652772,58.89292,102.736664,264.905146,755.35834,25.328864,0.215815,10.90211,19.134418,3938.675954,overheating,1,2,300,1000,-1.527695,0.43709,9.102616,60.665785,73.250287,0.19283,0.000394,0.030921,0.436364,198.035
394,cruise,3771.625833,71.546307,58.404043,102.157931,267.040466,755.549236,25.087585,0.212418,10.953603,19.116746,3666.7259,overheating,1,2,300,1000,-2.024902,0.315187,9.369115,62.28805,79.304543,0.227042,5.2e-05,-0.030215,0.430303,198.03
395,cruise,3780.238349,70.71736,58.34615,102.770742,267.569335,759.267165,25.273075,0.205948,11.155521,18.45523,3652.369941,overheating,1,2,300,1000,-0.891948,-0.002104,10.698269,62.714785,77.644877,0.097992,-0.002799,-0.068941,0.424242,198.025
396,cruise,3784.305305,70.402258,58.170433,101.779771,267.867042,763.602036,25.05149,0.205892,10.75874,17.015326,3778.603103,overheating,1,2,300,1000,-0.145335,-0.255524,9.32082,62.397199,78.774275,-0.248235,-0.005577,0.018661,0.418182,198.02
397,cruise,3762.255278,70.839926,58.272244,102.447242,267.319466,762.813697,25.29544,0.212161,10.541786,17.034979,3679.907475,overheating,1,2,300,1000,-3.216603,-0.137958,9.515827,64.308962,78.199887,-0.064898,0.003898,0.285717,0.412121,198.015
398,cruise,3773.050259,68.839163,58.770471,103.767387,267.142938,765.938908,25.19635,0.205041,10.853975,19.38587,3918.362964,overheating,1,2,300,1000,-1.480523,-0.055434,9.504923,64.55469,80.602133,0.229554,-0.005677,-0.008163,0.406061,198.01
399,cruise,3794.712432,72.258941,58.738515,103.477448,269.439376,764.354081,25.393432,0.207426,10.522346,17.164973,3857.84465,overheating,1,2,300,1000,0.565331,0.072438,10.548644,66.911094,80.483893,0.003011,0.005323,-0.041118,0.4,198.005
400,cruise,3770.11759,71.023398,57.610204,102.773662,268.651173,760.968476,25.441383,0.209088,10.703558,17.930065,3786.199599,overheating,1,2,300,1000,5.002582,-0.450808,9.645727,65.68293,79.109117,0.052152,0.000323,0.074633,0.4,198.0
401,cruise,3796.140345,70.365054,59.337125,105.111789,268.955603,762.861306,25.217689,0.207569,10.936165,17.781554,3762.493606,overheating,1,2,300,1000,0.952871,0.364714,9.713025,65.856419,82.300481,0.02556,-0.002476,-0.015982,0.4,197.995
402,cruise,3784.62747,71.551257,58.147599,103.555278,271.294087,761.344469,25.377967,0.210104,10.862262,17.383252,3992.862304,overheating,1,2,300,1000,1.228774,0.781873,10.674499,66.197355,80.284765,0.305611,0.006342,-0.005571,0.4,197.99
403,cruise,3799.885643,70.105699,58.554512,103.168039,270.779286,760.17112,25.510333,0.202594,10.844851,18.458453,3822.369155,overheating,1,2,300,1000,3.237542,0.07901,10.60486,65.080891,82.515592,0.157504,0.003926,0.12691,0.4,197.985
404,cruise,3814.720637,69.613374,58.448443,103.503323,270.752092,757.595627,25.582978,0.202911,10.874787,18.638085,3892.67731,overheating,1,2,300,1000,-1.074822,-0.116315,10.384312,64.827611,79.534355,-0.061996,-0.000519,0.015975,0.4,197.98
405,cruise,3782.105596,69.730874,58.955232,102.772086,270.641773,765.708518,25.456698,0.209621,11.060998,20.141126,3655.013315,overheating,1,2,300,1000,-0.906999,0.352979,9.617225,65.181469,79.417091,0.115205,-0.000997,0.037047,0.4,197.975
406,cruise,3771.787617,71.057358,58.848162,103.337473,269.788738,764.367807,25.318336,0.213943,10.755328,19.033327,3741.98287,overheating,1,2,300,1000,-0.161975,0.147901,9.58963,64.791529,79.760343,-0.107263,-0.001261,0.072701,0.4,197.97
407,cruise,3792.220173,71.055745,58.587077,102.442185,269.692862,763.377639,25.501229,0.204958,10.803029,17.875362,3802.743538,overheating,1,2,300,1000,-2.615434,-0.233428,9.646766,64.300932,78.500697,-0.058248,-0.004029,0.09353,0.4,197.965
408,cruise,3780.709504,72.620596,57.433567,102.651043,269.399893,765.300558,25.467095,0.205066,10.970486,18.053915,3731.137042,overheating,1,2,300,1000,-5.146606,-0.081309,10.072942,65.306417,78.444959,0.163159,0.001878,0.004199,0.4,197.96
409,cruise,3799.71502,70.842908,58.486645,103.696601,268.30688,764.246752,25.35983,0.216782,10.978412,19.617671,3820.140973,overheating,1,2,300,1000,-3.009029,0.680808,9.91517,64.237969,81.761589,0.19554,-0.001263,-0.110565,0.4,197.955
410,cruise,3748.811641,68.234156,57.676997,103.155569,269.205319,765.646827,25.378245,0.209093,10.935631,18.421741,3780.404653,overheating,1,2,300,1000,2.112206,-0.400089,10.161221,66.592317,80.319656,0.229631,-0.007192,-0.012032,0.4,197.95
411,cruise,3774.251999,71.929338,58.2232,103.429294,270.549462,762.947678,25.142742,0.208506,11.119958,19.007124,3870.395866,overheating,1,2,300,1000,-2.527989,0.416185,11.029897,64.570397,79.470117,-0.125066,0.001356,0.028155,0.4,197.945
412,cruise,3785.62189,69.71771,58.195464,103.51247,267.863848,764.691144,25.23249,0.206722,10.73113,20.727017,3724.231022,overheating,1,2,300,1000,2.660855,-0.225936,9.728297,65.154259,78.840525,0.051986,0.004156,0.03678,0.4,197.94
413,cruise,3790.885592,70.322663,57.991854,102.365328,269.015166,767.165523,25.243253,0.206149,10.813749,17.330783,3699.169002,overheating,1,2,300,1000,5.528784,0.027954,10.571848,63.880408,80.46974,0.026038,0.001414,0.009261,0.4,197.935
414,cruise,3772.547636,71.16094,58.036804,103.291588,268.771872,764.187218,25.157488,0.21576,10.794209,18.729702,3704.377593,overheating,1,2,300,1000,3.325301,-0.75943,10.13536,64.110511,81.330291,0.176217,0.003109,-0.045184,0.4,197.93
415,cruise,3776.368447,72.266034,58.443801,103.21323,270.125073,763.956773,25.324743,0.206636,10.938748,18.265004,3761.50948,overheating,1,2,300,1000,1.11561,-0.021117,10.420941,65.863023,78.531478,0.046481,-2e-06,-0.108701,0.4,197.925
416,cruise,3810.442119,70.473348,58.530311,104.360107,269.355305,761.348411,25.454358,0.218505,11.014363,16.990601,3739.908655,overheating,1,2,300,1000,0.979487,0.223405,10.884196,65.10576,80.432284,-0.042029,0.006244,-0.112039,0.4,197.92
417,cruise,3767.967384,71.248714,58.515937,103.521193,269.101038,763.747346,25.397946,0.209514,11.081598,17.320678,3846.694054,overheating,1,2,300,1000,-1.014157,-0.513069,10.790951,64.855652,79.059292,-0.314259,-0.001845,-0.116367,0.4,197.915
418,cruise,3796.806448,72.164101,58.414641,103.018389,270.066564,759.290498,25.177108,0.210474,10.879003,17.620017,3650.937274,overheating,1,2,300,1000,-3.682376,0.498646,9.88549,65.271346,79.403265,0.199274,0.004197,-0.002229,0.4,197.91
419,cruise,3778.070893,71.551137,58.352775,103.583681,268.654614,759.517133,25.496266,0.208923,10.793984,19.79094,3807.021975,overheating,1,2,300,1000,-1.233224,0.090259,9.78009,63.54081,82.179317,0.04931,-0.006744,-0.005652,0.4,197.905
420,cruise,3793.031886,71.336694,57.905047,103.633966,267.907331,764.78407,25.326387,0.208507,10.532898,17.469739,3885.181988,overheating,1,2,300,1000,-2.294929,-0.342102,9.822106,64.24419,81.531094,0.01682,-0.00247,0.079179,0.4,197.9
421,cruise,3780.095459,70.625969,58.683682,102.897749,269.898578,760.265875,25.537896,0.215652,10.99494,18.132808,3946.73373,overheating,1,2,300,1000,-5.982667,-0.154593,10.071559,64.500909,78.519498,0.117427,0.000248,-0.040363,0.4,197.895
422,cruise,3814.46313,70.140427,58.824638,102.945422,270.276292,763.523199,25.274794,0.212823,11.037458,19.800542,3920.363607,overheating,1,2,300,1000,3.907269,-0.621117,9.611356,65.717041,78.650454,0.132735,0.008189,-0.10095,0.4,197.89
423,cruise,3767.398123,69.997096,58.437007,103.037135,270.448538,763.403102,25.314527,0.20271,10.732938,18.819704,3786.06861,overheating,1,2,300,1000,2.813852,-0.325616,10.841302,65.476678,81.963914,-0.010899,-0.001574,0.079592,0.4,197.885
424,cruise,3793.031449,70.318363,57.665348,103.268302,269.035857,758.882099,25.213216,0.210731,10.861248,18.130136,3840.914181,overheating,1,2,300,1000,-0.568173,0.432487,11.38405,64.377818,77.009092,-0.228387,0.002164,-0.01715,0.4,197.88
425,cruise,3818.871206,69.428991,58.421716,102.908366,269.711585,762.25574,25.325167,0.210753,10.902483,17.180872,3712.494149,overheating,1,2,300,1000,-3.85033,0.926718,10.096647,65.258552,80.557332,0.048264,-0.001076,-0.056424,0.4,197.875
426,cruise,3783.820868,71.835366,58.157692,103.245838,268.546428,757.056833,25.573972,0.215443,10.919709,17.13702,3787.934714,overheating,1,2,300,1000,1.653822,-0.005212,9.343248,65.840045,80.695666,0.073897,-0.001103,0.055105,0.4,197.87
427,cruise,3761.890877,71.223557,57.949004,103.519334,269.62911,766.011105,25.260364,0.206815,10.766216,19.300401,3766.254088,overheating,1,2,300,1000,-2.966097,0.062381,10.048669,65.100252,78.464924,-0.10204,0.005303,-0.15646,0.4,197.865
428,cruise,3831.490976,69.634139,58.301752,103.114165,268.511666,762.782536,25.461045,0.208294,10.658812,18.667679,3847.845155,overheating,1,2,300,1000,-2.824779,-0.060968,9.516527,67.017326,80.510929,-0.050622,0.01391,-0.048005,0.4,197.86
429,cruise,3814.895832,71.801353,58.641865,101.503876,271.458844,761.132891,25.550032,0.214412,11.059692,20.113308,3826.348242,overheating,1,2,300,1000,-2.087955,0.049175,10.457497,64.925314,80.662635,-0.128572,0.006414,-0.0941,0.4,197.855
430,cruise,3773.046051,71.878657,58.547109,103.116265,268.913327,761.334008,25.019789,0.21479,10.731824,18.201289,3625.709758,overheating,1,2,300,1000,-1.773343,-0.477895,9.52148,64.538245,79.122037,-0.0512,0.000492,-0.200251,0.4,197.85
431,cruise,3801.35978,70.278151,58.417227,103.805746,268.350743,755.65454,25.229346,0.219405,10.712945,18.628247,3705.93363,overheating,1,2,300,1000,5.689503,0.909191,10.163414,65.794449,78.504766,0.033448,-0.003091,-0.000262,0.4,197.845
432,cruise,3754.759955,70.003347,58.787449,103.307316,269.959687,763.822687,25.386288,0.20032,10.734431,17.561644,3839.118115,overheating,1,2,300,1000,-2.357506,0.104957,9.719929,64.78222,79.351292,0.155866,-0.004175,-0.110375,0.4,197.84
433,cruise,3766.153805,70.918919,58.310096,102.733176,268.892053,765.117595,25.423164,0.203083,10.738894,17.68891,3932.747837,overheating,1,2,300,1000,-2.683831,-0.1018,10.531302,65.264014,80.634876,0.025199,-0.002332,0.014833,0.4,197.835
434,cruise,3798.608725,70.475929,58.721201,103.628264,271.50869,760.635815,25.589191,0.217397,11.060416,18.593013,3888.712695,overheating,1,2,300,1000,-1.132186,-0.01469,10.019109,65.76212,77.261283,-0.200796,-0.001118,-0.026776,0.4,197.83
435,cruise,3759.37374,70.170403,58.707754,103.510825,269.178255,764.314055,25.496495,0.212982,10.625262,19.150843,3819.202269,overheating,1,2,300,1000,3.003004,0.085947,9.72655,65.207173,82.09821,0.089517,-0.003353,0.015261,0.4,197.825
436,cruise,3778.531942,69.607198,58.045824,102.90659,270.319193,760.18154,25.342967,0.208478,11.156574,17.980782,3714.336087,overheating,1,2,300,1000,-2.793198,0.624188,10.276504,65.258851,80.896318,0.050766,-0.008442,0.003304,0.4,197.82
437,cruise,3782.305036,69.490541,59.1797,103.535447,272.691847,760.723663,25.632724,0.21211,10.617563,19.185192,3781.69259,overheating,1,2,300,1000,2.232402,-0.008592,10.450875,66.342728,80.664362,-0.068605,-0.012498,0.079733,0.4,197.815
438,cruise,3782.024909,70.677897,58.379603,102.318292,269.742058,760.274669,24.879941,0.210287,10.863602,19.673102,3758.839737,overheating,1,2,300,1000,2.629403,-0.084913,10.08896,63.926642,79.533905,0.176159,-0.003959,-0.022903,0.4,197.81
439,cruise,3773.322297,70.613369,58.407176,103.726268,269.112583,763.086665,25.166506,0.210542,10.953797,17.52801,3723.851357,overheating,1,2,300,1000,-2.149214,-0.047646,9.781827,64.668599,79.346273,0.121199,0.009225,-0.034993,0.4,197.805
440,cruise,3788.704059,70.091898,57.970517,103.945392,270.159973,762.787681,25.372365,0.213131,10.801121,18.551137,3617.714684,overheating,1,2,300,1000,-1.556794,0.025372,11.837426,63.958178,76.699349,-0.23803,0.000435,-0.090331,0.4,197.8
441,cruise,3766.421509,70.930384,58.626715,103.547894,270.545984,763.116609,25.304574,0.208172,10.825102,17.562883,3692.366448,overheating,1,2,300,1000,-0.530077,0.00752,10.190679,65.954028,83.96637,-0.038657,-0.002748,-0.061848,0.4,197.795
442,cruise,3807.715824,70.47519,58.274653,103.274271,269.559777,762.838413,25.19606,0.209267,10.83396,18.891671,3825.261994,overheating,1,2,300,1000,0.413902,-0.035315,10.495017,64.044024,82.002184,0.038433,-0.002245,-0.045499,0.4,197.79
443,cruise,3790.556484,69.93277,58.046482,103.376614,271.57686,764.006075,25.302855,0.205282,10.650556,18.958787,3593.430967,overheating,1,2,300,1000,-0.195553,-0.579407,9.410984,65.538145,80.651559,-0.19567,0.004077,-0.046399,0.4,197.785
444,cruise,3794.774303,71.71014,57.833821,102.407962,269.232091,762.939113,24.952307,0.207071,11.15904,18.272847,3868.221989,overheating,1,2,300,1000,-8.146558,-0.358764,10.522505,65.733499,81.154982,-0.159,-0.001773,0.019052,0.4,197.78
445,cruise,3782.670029,70.483888,58.334596,103.206475,270.752342,764.668164,25.275325,0.212031,10.582267,17.798837,3898.817831,overheating,1,2,300,1000,-1.114318,-0.470397,10.766572,64.155035,78.064409,-0.024937,-0.004431,0.079067,0.4,197.775
446,cruise,3809.707421,71.811813,58.27255,102.55825,270.014065,763.826412,25.331196,0.215358,10.828197,16.227691,3752.56087,overheating,1,2,300,1000,-0.130584,-0.423636,9.281634,65.593829,79.492241,-0.110579,0.007045,-0.04543,0.4,197.77
447,cruise,3819.341438,70.392376,58.727836,103.960981,269.405994,763.426481,25.334636,0.20444,11.076808,16.509251,3832.656047,overheating,1,2,300,1000,0.184371,-0.109658,10.219844,64.690853,79.62575,0.158532,-7.6e-05,-0.013723,0.4,197.765
448,cruise,3788.349552,69.622106,58.248403,103.553295,269.110146,762.504024,25.226147,0.21051,11.143455,17.186664,3628.968681,overheating,1,2,300,1000,0.637611,0.005283,10.022106,63.124448,80.847605,0.032954,-0.00407,0.059818,0.4,197.76
449,cruise,3745.799411,70.790743,58.95953,103.229587,269.093774,767.711435,25.535697,0.200424,11.061248,17.745277,3731.421838,overheating,1,2,300,1000,4.24552,-0.228708,8.90623,64.921915,82.288612,0.134897,0.00632,-0.053265,0.4,197.755
450,cruise,3769.265223,70.745424,58.698299,103.726242,268.60541,761.648633,25.484637,0.209005,10.959768,18.670733,3721.526205,overheating,1,2,300,1000,-2.356594,0.609112,10.384584,64.7035,80.752282,0.376966,0.006765,0.034957,0.4,197.75
451,cruise,3769.944162,72.387094,59.438058,102.312438,269.47567,763.031728,25.487148,0.211364,10.705533,19.480332,3841.258265,overheating,1,2,300,1000,-0.30013,-0.495697,9.336619,65.39882,80.50159,-0.046181,-0.009887,0.130354,0.4,197.745
452,cruise,3793.55969,69.709177,57.443915,103.970142,269.29311,765.633156,24.882912,0.211206,10.910858,16.568538,3741.886041,overheating,1,2,300,1000,-1.681391,0.000682,10.700392,65.684677,80.490537,-0.180841,0.004891,-0.023346,0.4,197.74
453,cruise,3824.362091,70.962261,58.28178,102.540429,268.70975,757.603921,25.281176,0.203645,11.093561,18.939065,3653.22249,overheating,1,2,300,1000,0.34843,0.089833,9.656152,65.437994,78.552731,-0.086713,0.002232,-0.036806,0.4,197.735
454,cruise,3792.640474,70.595138,58.464283,103.145516,270.18675,764.026803,25.422806,0.208587,10.876894,18.296032,3761.713031,overheating,1,2,300,1000,-0.791073,0.716358,10.301316,64.900822,80.258444,0.031573,0.005301,0.001035,0.4,197.73
455,cruise,3795.590617,68.560981,58.071112,103.378181,268.683174,765.681481,25.139005,0.206468,10.608155,20.451857,3763.629157,overheating,1,2,300,1000,4.13358,0.578801,10.010132,66.309028,78.508653,0.098016,-0.00046,0.034779,0.4,197.725
456,cruise,3753.606311,69.614397,58.261074,103.670141,269.94619,767.867689,25.211609,0.21295,10.79361,17.909741,3702.51269,overheating,1,2,300,1000,2.116311,-0.302414,10.393586,64.124925,80.171481,-0.157663,-0.003251,0.003331,0.4,197.72
457,cruise,3802.999824,70.712555,58.149146,104.431564,270.1731,762.655226,25.471871,0.211324,10.80605,20.435916,3846.263236,overheating,1,2,300,1000,0.838952,-0.160572,9.716681,64.043568,81.257044,0.062223,0.004693,0.02945,0.4,197.715
458,cruise,3789.842185,69.670386,57.323761,103.266634,269.227384,758.005366,25.146934,0.209813,11.132932,17.965212,3668.07815,overheating,1,2,300,1000,2.679165,0.22827,10.117539,65.866569,80.465116,0.138417,0.009353,-0.035105,0.4,197.71
459,cruise,3829.673684,69.171743,58.639437,102.981385,267.233457,764.660872,25.161022,0.206878,11.169533,19.457744,3922.740161,overheating,1,2,300,1000,0.207356,0.034187,10.221406,64.050045,81.420423,-0.290272,0.00782,-0.024167,0.4,197.705
460,cruise,3787.740839,69.424836,57.810193,103.273247,269.228069,760.434017,25.496737,0.207665,10.763351,18.560369,3702.602562,overheating,1,2,300,1000,2.582693,-0.205783,9.83963,64.393032,80.734991,-0.194714,0.007431,0.069969,0.4,197.7
461,cruise,3777.116586,70.19433,57.134505,103.446736,270.870966,764.830563,25.113645,0.202542,10.632212,18.119405,3669.976785,overheating,1,2,300,1000,0.685223,0.450092,10.679795,64.186489,79.688889,0.156008,0.003118,-0.179591,0.4,197.695
462,cruise,3774.139445,70.949369,57.450274,102.550796,268.480474,762.734301,25.026866,0.212895,10.833446,19.216916,3690.466588,overheating,1,2,300,1000,2.258998,-0.527443,9.857568,64.32438,79.305847,0.154629,-0.003349,-0.098725,0.4,197.69
463,cruise,3760.169685,69.3575,58.505111,103.495506,269.536749,763.340509,25.41562,0.208131,10.825976,17.292378,3656.377453,overheating,1,2,300,1000,2.101012,0.143646,11.187931,64.946179,80.082387,0.218109,0.001802,0.081544,0.4,197.685
464,cruise,3719.746139,71.659782,57.725026,102.729223,269.445345,760.677896,25.194111,0.215025,10.714428,17.327195,3775.866597,overheating,1,2,300,1000,-3.400259,0.128713,9.746531,64.760556,79.84624,0.102039,-0.007688,0.066407,0.4,197.68
465,cruise,3790.747019,71.782925,58.781434,102.59722,270.478216,762.622484,25.329544,0.198512,10.870881,17.966337,3865.73029,overheating,1,2,300,1000,-1.073969,-0.090025,9.278533,65.703788,80.252468,-0.117717,-0.002407,0.00579,0.4,197.675
466,cruise,3792.650813,70.546635,57.957647,103.202693,270.063034,760.114951,25.365625,0.205087,10.675217,19.377682,3916.048877,overheating,1,2,300,1000,0.866203,-0.008477,11.173967,64.116272,78.423457,-0.007729,0.003991,0.065574,0.4,197.67
467,cruise,3756.447694,70.393863,58.175631,103.071896,270.736968,764.969669,25.375496,0.204941,10.919326,16.94613,3853.599958,overheating,1,2,300,1000,-4.168024,-0.76235,10.015497,64.933587,80.38032,-0.079087,0.003028,0.039732,0.4,197.665
468,cruise,3833.503141,70.543631,58.637432,102.831876,270.374882,762.460011,25.324873,0.208624,11.070982,19.245688,3751.872045,overheating,1,2,300,1000,6.621897,0.563843,9.33041,63.912414,79.859824,0.31243,0.00025,0.102742,0.4,197.66
469,cruise,3752.265325,69.657866,58.789629,102.637645,270.720845,761.858367,24.780042,0.20847,10.984546,19.255976,3749.091612,overheating,1,2,300,1000,-0.867006,-0.240608,9.942604,64.492521,79.307413,-0.215276,-7.3e-05,-0.009903,0.4,197.655
470,cruise,3790.38112,71.511938,58.607197,104.34713,269.139404,762.473998,25.337345,0.205474,10.807198,17.25427,3751.302601,overheating,1,2,300,1000,-4.842557,0.338487,9.965111,64.917202,80.594908,0.131966,0.011339,0.068516,0.4,197.65
471,cruise,3774.63903,71.668664,58.969279,104.130215,269.900117,760.810316,25.119352,0.213554,10.967047,18.393987,3687.394146,overheating,1,2,300,1000,1.909135,-0.503479,9.71435,65.454031,79.51237,-0.209209,0.003011,0.01938,0.4,197.645
472,cruise,3734.067067,70.306048,57.389174,102.934287,270.780188,762.138951,25.305389,0.210419,10.966813,18.363242,3813.879796,overheating,1,2,300,1000,0.348161,-0.193453,9.950983,65.45085,80.212621,0.060154,-0.006839,0.110824,0.4,197.64
473,cruise,3797.594582,70.155164,57.520923,101.942588,269.536953,760.85358,25.218565,0.213693,10.594736,18.689318,3841.376568,overheating,1,2,300,1000,0.09113,-0.197451,9.486091,64.291956,80.655317,0.08474,-0.000238,-0.043977,0.4,197.635
474,cruise,3781.038205,69.387412,58.732141,102.781496,271.85091,767.314803,25.290137,0.214316,10.908415,18.750281,3634.411572,overheating,1,2,300,1000,-0.833006,-0.458165,10.288029,65.713276,79.830004,0.119288,0.003989,0.131585,0.4,197.63
475,cruise,3778.517521,70.710782,58.746033,102.78252,269.809162,764.544547,25.390963,0.208616,10.856243,17.632831,3798.816634,overheating,1,2,300,1000,-2.00427,0.23145,10.033697,64.726289,78.730615,0.206194,-0.000638,-0.006506,0.4,197.625
476,cruise,3817.088646,71.482855,58.861952,102.932689,269.824605,760.717117,25.631017,0.205636,11.000569,17.875743,3826.083215,overheating,1,2,300,1000,-3.229316,-1.617248,9.69105,63.559997,81.128182,0.027734,-0.001527,0.109854,0.4,197.62
477,cruise,3785.975429,67.88514,59.111981,102.406034,269.872422,766.032682,25.208182,0.216343,10.891891,17.473888,3769.772681,overheating,1,2,300,1000,-2.913894,0.244579,9.462917,64.871456,81.763157,0.110764,0.011449,0.003915,0.4,197.615
478,cruise,3780.661401,68.726999,58.324463,103.012402,271.162029,767.06491,25.250939,0.200099,10.968421,18.51776,3677.359385,overheating,1,2,300,1000,-0.927728,-0.568255,9.774683,65.114723,77.687149,-0.150001,-0.008433,-0.018682,0.4,197.61
479,cruise,3780.139504,71.509081,58.941534,103.08469,268.15706,763.616253,25.489429,0.212251,10.896581,18.456277,3630.405389,overheating,1,2,300,1000,-1.639931,0.546952,9.607239,64.704202,80.724383,0.031,-0.006085,-0.008419,0.4,197.605
480,cruise,3769.69881,71.245257,58.041387,103.414365,269.646737,762.360132,25.311795,0.219165,10.675088,16.947346,3810.855408,mixed_overheating__misfire_or_injector_fault,1,3,480,1000,-2.314297,0.297498,10.165292,64.538918,79.322227,0.189583,0.001086,0.062259,0.4,197.6
481,cruise,3783.383805,69.993957,58.017359,103.481514,269.142499,766.164355,25.382745,0.210182,10.874177,18.805403,3774.451623,mixed_overheating__misfire_or_injector_fault,1,3,480,1000,-0.251363,0.277286,9.2076,64.979945,79.958891,0.170915,0.007241,0.030314,0.394949,197.595
482,cruise,3786.145831,70.229608,57.566454,103.330053,270.274809,761.999327,25.379578,0.213181,10.962172,20.285523,3732.103321,mixed_overheating__misfire_or_injector_fault,1,3,480,1000,-0.383612,-0.049977,9.983155,64.047404,74.490354,-0.367192,-0.003185,0.083221,0.389899,197.59
483,cruise,3792.328691,70.529777,59.189788,102.127819,269.961116,763.771687,25.038193,0.206683,10.60776,16.64097,3836.386981,mixed_overheating__misfire_or_injector_fault,1,3,480,1000,-0.72447,0.08809,10.142449,65.652929,77.620136,0.068468,0.003474,-0.158139,0.384848,197.585
484,cruise,3781.183306,70.707067,58.017901,103.425063,268.265044,760.606508,25.306048,0.210112,10.955383,16.560766,3732.399141,mixed_overheating__misfire_or_injector_fault,1,3,480,1000,-3.559217,-0.508272,9.955182,65.955876,80.571589,0.169561,-0.0017,0.059207,0.379798,197.58
485,cruise,3763.83125,71.650352,58.367562,103.166757,268.686981,761.918943,24.967122,0.204882,10.727775,19.125806,3859.122763,mixed_overheating__misfire_or_injector_fault,1,3,480,1000,-0.696354,0.427272,9.812247,66.050995,80.496411,-0.296914,0.003654,0.064377,0.374747,197.575
486,cruise,3795.810158,69.775873,57.940159,103.532597,268.423124,761.414524,25.54284,0.203736,11.171418,17.00427,3758.4988,mixed_overheating__misfire_or_injector_fault,1,3,480,1000,0.618401,-0.077048,10.506486,65.205325,79.438675,-0.331989,0.002116,-0.131464,0.369697,197.57
487,cruise,3794.054837,69.604461,58.542392,103.648664,268.440002,761.609852,25.477104,0.205718,11.053726,18.489256,3708.45337,mixed_overheating__misfire_or_injector_fault,1,3,480,1000,1.730923,-0.62938,9.918935,64.323943,82.042446,0.144701,0.000878,0.058178,0.364646,197.565
488,cruise,3758.757731,71.748925,57.838805,103.061172,268.941688,769.307112,25.069797,0.207724,10.876586,19.014112,3667.062925,mixed_overheating__misfire_or_injector_fault,1,3,480,1000,1.046258,-0.086465,11.034902,65.160913,80.326059,0.014433,-0.004275,0.107487,0.359596,197.56
489,cruise,3785.824362,70.852064,58.404634,102.636348,268.1667,762.827277,25.43909,0.212737,10.639865,19.736658,3604.083902,mixed_overheating__misfire_or_injector_fault,1,3,480,1000,2.741337,-0.191894,10.026314,63.338657,78.712244,0.069221,-0.001318,-0.022409,0.354545,197.555
490,cruise,3733.299881,71.001243,58.624445,103.212768,270.178728,765.505625,25.70276,0.197692,11.187188,17.346019,3780.78413,mixed_overheating__misfire_or_injector_fault,1,3,480,1000,2.915062,0.166584,8.934091,63.433892,84.613083,0.016147,-0.001692,0.122348,0.349495,197.55
491,cruise,3792.536384,69.409451,58.134014,102.467221,270.214486,761.39968,25.044159,0.213241,10.708978,17.462361,3753.149604,mixed_overheating__misfire_or_injector_fault,1,3,480,1000,-2.681758,-0.123271,9.959274,65.261967,83.298305,-0.149546,-0.001213,0.043264,0.344444,197.545
492,cruise,3756.045998,68.657803,57.678285,103.074862,271.201175,759.366403,25.110404,0.222249,10.852864,18.911324,3889.533122,mixed_overheating__misfire_or_injector_fault,1,3,480,1000,-2.754561,0.357983,10.284358,65.992234,78.704459,0.146323,-0.005808,0.004597,0.339394,197.54
493,cruise,3791.049685,70.810526,58.272046,103.073322,268.653636,764.226747,25.167427,0.20221,10.763166,17.753382,3741.611082,mixed_overheating__misfire_or_injector_fault,1,3,480,1000,0.323226,-0.732068,9.884189,64.054119,79.480056,0.170916,-0.002449,0.086612,0.334343,197.535
494,cruise,3815.798735,68.630138,57.982799,104.023004,270.113495,760.901699,25.618861,0.209802,11.076752,18.098702,3697.18262,mixed_overheating__misfire_or_injector_fault,1,3,480,1000,0.511751,0.201266,10.10005,64.379461,82.701081,-0.146453,0.000113,0.004951,0.329293,197.53
495,cruise,3753.223608,71.184754,58.721952,102.874736,270.04313,768.288988,24.928757,0.204117,10.779706,21.154039,3814.387167,mixed_overheating__misfire_or_injector_fault,1,3,480,1000,-3.43633,0.119163,9.790138,65.959917,83.348665,-0.096795,-0.009853,-0.071568,0.324242,197.525
496,cruise,3777.938476,70.614475,57.971526,103.164375,268.68263,756.191783,25.109343,0.207317,10.827029,17.296732,3690.665183,mixed_overheating__misfire_or_injector_fault,1,3,480,1000,-0.515414,0.21676,10.813372,65.858926,79.167862,-0.080174,0.00116,-0.046834,0.319192,197.52
497,cruise,3783.99836,69.210479,58.921057,103.653248,268.905953,764.180962,25.452756,0.208019,10.726993,20.472593,3786.329309,mixed_overheating__misfire_or_injector_fault,1,3,480,1000,-4.433513,-0.047695,10.297361,66.600149,78.675976,0.060374,0.003463,0.010018,0.314141,197.515
498,cruise,3780.010592,69.317101,58.872341,103.886892,269.764857,756.826571,24.919956,0.217959,10.804945,16.915929,3853.430144,mixed_overheating__misfire_or_injector_fault,1,3,480,1000,-0.744036,-0.328965,9.523339,65.662409,78.587861,0.30584,-0.001382,-0.022189,0.309091,197.51
499,cruise,3792.573619,71.883298,58.70165,103.178773,269.705549,762.33736,25.426774,0.206364,11.309082,20.371754,3871.649136,mixed_overheating__misfire_or_injector_fault,1,3,480,1000,2.406691,0.287447,9.462611,65.12197,76.630414,-0.052699,0.007681,-0.043627,0.30404,197.505
500,cruise,3782.171479,70.250531,58.779798,103.291086,268.740955,769.997244,25.352266,0.213589,10.526004,20.082967,3859.267443,mixed_overheating__misfire_or_injector_fault,1,3,480,1000,-2.763818,-0.170739,9.883868,65.01492,88.966629,-0.012997,-0.002057,-0.103144,0.29899,197.5
501,cruise,3773.624886,69.612135,58.147208,103.018663,268.939592,761.125418,25.7226,0.20413,11.076997,19.055405,3751.100519,mixed_overheating__misfire_or_injector_fault,1,3,480,1000,3.304793,0.73845,10.837171,65.387135,82.201841,0.092785,0.005813,-0.099622,0.293939,197.495
502,cruise,3778.587197,70.056339,58.247998,103.437221,267.880953,761.865566,25.242755,0.200177,10.586396,19.053207,3834.340606,mixed_overheating__misfire_or_injector_fault,1,3,480,1000,-0.961822,-0.587658,10.160458,65.752153,79.996204,0.155172,0.005846,0.01586,0.288889,197.49
503,cruise,3766.903661,68.032487,58.376675,102.833879,268.98708,758.646958,25.244891,0.203449,10.412777,19.545849,3785.481701,mixed_overheating__misfire_or_injector_fault,1,3,480,1000,1.150994,0.563742,9.786637,64.230125,78.952218,0.093197,0.00576,0.148402,0.283838,197.485
504,cruise,3758.584454,69.834158,58.79331,103.287856,270.199926,758.670394,25.401461,0.197255,10.876809,19.15751,3726.517851,mixed_overheating__misfire_or_injector_fault,1,3,480,1000,4.393319,-0.426824,10.95525,66.860783,79.032749,-0.139255,0.006118,0.135038,0.278788,197.48
505,cruise,3707.184997,71.259913,58.081226,102.562056,268.932029,780.658447,25.162481,0.208431,10.892491,18.879908,3681.646384,mixed_overheating__misfire_or_injector_fault,1,3,480,1000,1.136384,-0.689985,9.293421,64.919906,93.149162,-0.247338,0.00318,-0.035149,0.273737,197.475
506,cruise,3782.108682,71.226725,58.016067,102.782594,269.411382,763.189795,25.389944,0.21452,10.575486,18.059293,3737.482441,mixed_overheating__misfire_or_injector_fault,1,3,480,1000,-1.952065,0.596909,10.002424,64.386838,81.454549,-0.033035,-0.008176,-0.065997,0.268687,197.47
507,cruise,3778.185602,71.317404,58.059259,103.653313,269.183082,764.490451,25.433804,0.208374,10.764433,18.409074,3808.420562,mixed_overheating__misfire_or_injector_fault,1,3,480,1000,-4.537466,0.504644,9.784538,63.705243,76.872958,0.218665,0.003207,-0.130845,0.263636,197.465
508,cruise,3772.972293,71.190309,57.713797,104.118763,270.119661,764.293114,25.361363,0.2119,10.904653,18.076349,3673.980566,mixed_overheating__misfire_or_injector_fault,1,3,480,1000,-6.516988,-0.414138,9.430756,64.43812,76.939406,0.0262,0.004227,0.088879,0.258586,197.46
509,cruise,3763.179712,70.302644,58.549497,104.151625,268.689764,760.61059,25.125793,0.201453,10.618385,17.623764,3790.337821,mixed_overheating__misfire_or_injector_fault,1,3,480,1000,2.328399,0.165946,9.441664,64.845038,79.650448,-0.073215,0.00503,0.084024,0.253535,197.455
510,cruise,3803.60643,68.888614,58.184882,102.532094,270.584521,781.780935,25.264217,0.204325,11.266784,17.504354,3736.2493,mixed_overheating__misfire_or_injector_fault,1,3,480,1000,-4.163739,-0.212527,9.856593,64.421362,98.33975,0.019081,0.003871,-0.023817,0.248485,197.45
511,cruise,3809.654131,70.365373,58.969718,103.990882,267.524561,766.595359,25.107818,0.222309,10.462276,16.272451,3684.446205,mixed_overheating__misfire_or_injector_fault,1,3,480,1000,-3.420308,0.534595,9.973562,64.149648,80.136053,0.046063,-0.002332,0.146813,0.243434,197.445
512,cruise,3757.622643,71.088838,57.895888,102.673163,270.064904,762.516861,25.371693,0.209922,11.155547,18.447373,3722.76062,mixed_overheating__misfire_or_injector_fault,1,3,480,1000,-0.660883,-0.387009,9.928305,64.00694,81.839049,0.188906,-0.006818,0.026034,0.238384,197.44
513,cruise,3782.719543,70.078073,58.1611,102.85743,268.669837,763.706236,25.497965,0.207145,10.066839,19.526691,3929.720664,mixed_overheating__misfire_or_injector_fault,1,3,480,1000,0.777645,-0.210374,8.760152,64.320045,82.274998,0.107302,0.007443,0.072815,0.233333,197.435
514,cruise,3790.165352,71.76378,59.428651,103.447284,268.876343,766.393514,25.042229,0.203665,11.843845,17.132052,3761.800727,mixed_overheating__misfire_or_injector_fault,1,3,480,1000,-6.535962,0.813795,9.493398,65.487914,81.343311,-0.154241,0.000653,-0.018735,0.228283,197.43
515,cruise,3670.757666,71.04122,59.086255,103.249109,268.925164,767.079896,24.957171,0.203708,11.55646,18.814881,3834.988696,mixed_overheating__misfire_or_injector_fault,1,3,480,1000,2.025138,-0.491956,9.748018,64.852998,80.688933,-0.17582,0.00643,0.15827,0.223232,197.425
516,cruise,3768.354964,70.408866,58.559244,103.658307,270.377802,760.267996,25.521318,0.209977,11.487395,19.028684,3893.820847,mixed_overheating__misfire_or_injector_fault,1,3,480,1000,-3.270943,0.22298,9.561008,64.024707,79.445786,-0.160392,0.008471,0.053951,0.218182,197.42
517,cruise,3753.998743,70.943828,58.451982,102.930284,270.166834,759.133719,25.836249,0.211214,10.564,18.18755,3935.043462,mixed_overheating__misfire_or_injector_fault,1,3,480,1000,-0.591429,-0.490954,9.631693,64.61299,77.671844,0.043485,0.006038,-0.150303,0.213131,197.415
518,cruise,3809.043786,70.471546,58.358219,102.899197,269.645529,761.908102,25.209307,0.205341,11.375036,18.513786,3917.604582,mixed_overheating__misfire_or_injector_fault,1,3,480,1000,0.689271,-0.053495,9.875883,65.971784,80.536662,-0.409368,0.007638,-0.013725,0.208081,197.41
519,cruise,3767.421609,70.598156,58.479483,103.029517,269.213668,760.581738,25.157967,0.215188,10.35204,18.360558,3724.997153,mixed_overheating__misfire_or_injector_fault,1,3,480,1000,1.257893,-0.049236,9.892262,64.822427,81.333045,-0.081488,0.003649,-0.078137,0.20303,197.405
520,cruise,3651.392174,71.066068,57.726983,103.393053,269.675913,766.690258,25.789128,0.215009,12.022381,16.324622,3779.72658,mixed_overheating__misfire_or_injector_fault,1,3,480,1000,4.313198,0.037387,9.422366,63.945894,81.21436,-0.014332,-0.002598,-0.055521,0.19798,197.4
521,cruise,3771.509196,71.967734,57.774444,103.222599,270.547318,759.991147,25.5415,0.208473,10.694442,18.911383,3737.389997,mixed_overheating__misfire_or_injector_fault,1,3,480,1000,2.418528,0.012196,9.698352,63.057764,79.629849,0.111376,-0.006005,0.11475,0.192929,197.395
522,cruise,3802.373195,70.960687,57.973764,103.14267,270.203503,763.822041,25.258614,0.213581,10.549134,17.930329,3769.465495,mixed_overheating__misfire_or_injector_fault,1,3,480,1000,-2.177575,0.127371,9.520862,65.122802,79.930222,-0.061015,-0.003184,0.10273,0.187879,197.39
523,cruise,3771.573269,71.720266,58.181517,103.12748,270.167293,757.670623,25.501493,0.209047,10.39233,18.697656,3836.095956,mixed_overheating__misfire_or_injector_fault,1,3,480,1000,-10.197066,0.082354,10.055282,64.915491,80.209625,0.142284,0.000144,-0.096863,0.182828,197.385
524,cruise,3796.264789,73.250441,58.54374,103.81975,270.341389,763.315909,25.334255,0.211507,10.66787,18.535175,3697.922932,mixed_overheating__misfire_or_injector_fault,1,3,480,1000,0.399057,0.034111,9.790146,64.680948,80.576073,0.285048,-0.003362,-0.082032,0.177778,197.38
525,cruise,3669.93722,70.581804,58.727157,103.132851,271.815632,785.644025,25.167317,0.218107,10.670163,18.116865,3679.710784,mixed_overheating__misfire_or_injector_fault,1,3,480,1000,-2.38523,-0.485223,10.014811,65.103917,99.937862,0.20115,-0.004456,-0.03571,0.172727,197.375
526,cruise,3759.815393,69.395402,58.501871,103.214527,270.484008,765.754188,25.281123,0.203401,11.044177,19.228148,3833.765894,mixed_overheating__misfire_or_injector_fault,1,3,480,1000,0.051117,0.039799,9.75136,64.412626,77.707641,-0.253673,0.005333,0.007859,0.167677,197.37
527,cruise,3758.950262,70.484306,58.171864,103.242145,268.717577,763.142838,25.411352,0.216027,11.217587,18.219513,3892.216922,mixed_overheating__misfire_or_injector_fault,1,3,480,1000,-5.103761,0.674602,10.231173,65.166597,81.382157,0.124184,-0.000681,0.092676,0.162626,197.365
528,cruise,3805.097078,71.867305,58.790283,103.044831,269.7007,764.926923,25.345355,0.212577,10.984763,18.864904,3815.850651,mixed_overheating__misfire_or_injector_fault,1,3,480,1000,0.63294,0.240328,10.784224,63.999988,83.059451,-0.056214,-0.004084,-0.006394,0.157576,197.36
529,cruise,3772.978503,69.98291,58.599751,103.373179,273.084309,761.990192,25.29677,0.207919,11.24179,21.097381,3799.893319,mixed_overheating__misfire_or_injector_fault,1,3,480,1000,2.559757,0.166231,10.195231,65.065844,79.948497,-0.186772,0.005779,0.102294,0.152525,197.355
530,cruise,3793.002853,71.529098,57.706602,102.757145,270.128841,786.931454,25.342136,0.212312,9.845808,18.946741,3767.506741,mixed_overheating__misfire_or_injector_fault,1,3,480,1000,-3.08205,-0.063158,10.810211,65.363512,104.362125,0.123613,-0.003887,-0.065054,0.147475,197.35
531,cruise,3763.337612,70.016636,58.026546,103.221314,267.136633,764.24056,25.35936,0.207921,10.903189,19.790696,3707.965269,mixed_overheating__misfire_or_injector_fault,1,3,480,1000,3.600387,0.398204,9.632836,65.406307,82.202781,-0.04946,0.003478,0.039159,0.142424,197.345
532,cruise,3796.796253,71.053969,58.012896,104.011776,269.882716,766.584886,25.680132,0.215797,11.030091,18.504909,3770.518556,mixed_overheating__misfire_or_injector_fault,1,3,480,1000,-0.16524,0.33778,9.587186,64.946975,78.968129,0.351319,0.010524,-0.095015,0.137374,197.34
533,cruise,3761.325392,71.143242,58.143433,103.188493,269.48437,757.824755,25.217832,0.200386,9.866689,18.826141,3610.202485,mixed_overheating__misfire_or_injector_fault,1,3,480,1000,-1.626225,-0.556729,9.186453,64.221588,82.698325,-0.136573,0.003096,0.017517,0.132323,197.335
534,cruise,3793.321294,70.717985,59.340527,103.488817,269.494492,765.090382,25.33581,0.210846,11.223447,19.533314,3763.917578,mixed_overheating__misfire_or_injector_fault,1,3,480,1000,-1.228774,0.429449,10.338327,63.957984,77.117552,0.03843,-6.3e-05,-0.04968,0.127273,197.33
535,cruise,3642.833814,71.281995,59.113357,103.600227,270.882726,805.715166,25.457671,0.202735,13.096799,17.64683,3772.303619,mixed_overheating__misfire_or_injector_fault,1,3,480,1000,4.18422,-0.411546,10.235102,65.532373,118.118605,-0.266036,0.005497,0.057558,0.122222,197.325
536,cruise,3776.537849,71.051879,58.729615,102.778091,269.657174,764.652667,25.520655,0.21069,11.117995,19.080836,3738.047019,mixed_overheating__misfire_or_injector_fault,1,3,480,1000,0.362048,-0.747395,10.684385,64.821263,79.476735,-0.133273,0.002639,0.075049,0.117172,197.32
537,cruise,3797.092776,68.724908,57.961499,103.3074,270.366186,765.13157,25.454317,0.214315,11.787535,18.577909,3917.273448,mixed_overheating__misfire_or_injector_fault,1,3,480,1000,-0.207981,0.243528,9.728675,65.428188,80.227788,-0.181772,-0.005047,-0.159426,0.112121,197.315
538,cruise,3771.856825,69.638211,58.380459,102.713133,268.463574,763.878299,25.607293,0.216546,10.364569,18.304014,3570.699824,mixed_overheating__misfire_or_injector_fault,1,3,480,1000,-1.480972,0.072357,9.160138,64.757294,80.687245,0.195645,-0.004545,0.024796,0.107071,197.31
539,cruise,3784.809448,71.409631,58.846294,103.012084,268.463488,766.802389,25.45976,0.20783,12.099661,18.609792,3657.230453,mixed_overheating__misfire_or_injector_fault,1,3,480,1000,-2.229747,0.351484,9.564873,65.564089,79.562067,-0.143547,0.002074,0.031697,0.10202,197.305
540,cruise,3602.229111,70.495062,58.697875,102.993456,270.708193,792.972789,25.370333,0.202799,10.957147,18.452662,4012.463823,mixed_overheating__misfire_or_injector_fault,1,3,480,1000,1.019964,-0.097099,10.130822,65.354333,108.603474,0.142781,-0.006131,0.021694,0.09697,197.3
541,cruise,3786.460835,73.406082,58.651664,103.927516,269.379739,766.962272,25.42636,0.21024,10.753931,17.139362,3754.968529,mixed_overheating__misfire_or_injector_fault,1,3,480,1000,2.50326,0.22498,10.066311,66.187505,82.105932,-0.222936,0.003974,0.014157,0.091919,197.295
542,cruise,3781.908706,70.287802,57.438275,103.636492,269.518242,762.67493,25.226137,0.220143,11.46969,20.200699,3712.364117,mixed_overheating__misfire_or_injector_fault,1,3,480,1000,-1.918689,1.087385,10.220646,65.765761,79.912433,0.012513,0.00069,0.090074,0.086869,197.29
543,cruise,3781.299886,68.585368,57.828345,102.813794,268.645348,768.748716,25.04419,0.210497,10.689304,19.814674,3825.748714,mixed_overheating__misfire_or_injector_fault,1,3,480,1000,3.898961,-0.193919,9.620936,64.038036,81.375868,-0.161606,0.006501,0.025107,0.081818,197.285
544,cruise,3797.637616,71.132464,58.684841,103.646266,267.982951,765.24907,25.351351,0.201425,11.126235,18.17147,3719.02992,mixed_overheating__misfire_or_injector_fault,1,3,480,1000,1.005846,0.157944,9.825756,64.446439,80.842478,0.239172,0.000962,-0.064305,0.076768,197.28
545,cruise,3634.095346,70.068681,58.907444,102.933738,269.067752,806.233785,25.545158,0.207578,10.583214,18.170954,3775.682271,mixed_overheating__misfire_or_injector_fault,1,3,480,1000,0.955457,0.142841,10.025867,65.855016,126.817102,0.069691,0.001957,0.003717,0.071717,197.275
546,cruise,3779.074426,69.20327,58.429724,103.05492,269.273591,764.678828,25.242702,0.212261,11.028186,18.727319,3700.323199,mixed_overheating__misfire_or_injector_fault,1,3,480,1000,-5.248835,-0.371825,10.056621,64.921241,80.462731,0.132445,-0.003258,-0.030363,0.066667,197.27
547,cruise,3804.982627,69.302636,58.836259,103.132845,269.741649,767.318709,25.381528,0.203424,11.939979,18.248668,3810.722001,mixed_overheating__misfire_or_injector_fault,1,3,480,1000,-2.011094,0.419815,9.716208,65.842629,79.114544,0.064462,0.001806,0.037337,0.061616,197.265
548,cruise,3777.17292,71.298163,59.11786,102.779619,268.050352,766.133757,25.001549,0.21067,10.522496,19.550588,3736.921152,mixed_overheating__misfire_or_injector_fault,1,3,480,1000,3.098941,-0.603429,10.057163,65.733093,82.319218,-0.086095,-0.001607,0.024723,0.056566,197.26
549,cruise,3795.426892,71.537581,57.790168,103.252951,269.768508,759.973561,25.439671,0.208911,11.639586,18.097896,3786.784931,mixed_overheating__misfire_or_injector_fault,1,3,480,1000,-0.101926,-0.559439,10.282246,64.771657,81.019981,0.335917,0.001357,0.021361,0.051515,197.255
550,cruise,3772.048481,69.076771,58.144218,102.27968,269.307654,758.785788,25.247931,0.210824,10.429297,17.071579,3879.748442,mixed_overheating__misfire_or_injector_fault,1,3,480,1000,1.018285,-0.205842,9.931809,65.348622,79.02055,0.122718,0.009007,-0.264925,0.046465,197.25
551,cruise,3752.909857,73.079319,57.656314,103.854163,268.914561,763.06887,25.347352,0.205342,13.167638,20.192784,3782.296267,mixed_overheating__misfire_or_injector_fault,1,3,480,1000,2.179858,0.465129,9.804356,65.648576,78.72956,-0.062014,0.001699,-0.141172,0.041414,197.245
552,cruise,3773.455746,70.246281,58.768395,102.797221,269.937255,763.478796,25.120516,0.219626,13.017893,18.625167,3738.114274,mixed_overheating__misfire_or_injector_fault,1,3,480,1000,1.35335,0.014335,11.035486,65.311964,81.05484,0.084224,-0.002719,0.045958,0.036364,197.24
553,cruise,3793.595568,70.969649,59.190574,102.481899,268.973734,765.387333,25.534467,0.197633,11.78415,18.588814,3784.002171,mixed_overheating__misfire_or_injector_fault,1,3,480,1000,1.946463,-0.423963,10.635298,64.172754,79.230118,0.059084,-0.00226,-0.037557,0.031313,197.235
554,cruise,3785.294605,71.494391,58.2977,102.723366,270.697835,763.240653,25.462854,0.209386,11.902456,17.177702,3692.64291,mixed_overheating__misfire_or_injector_fault,1,3,480,1000,-1.070299,0.010959,10.131,65.900395,77.275878,-0.078029,3e-06,0.010038,0.026263,197.23
555,cruise,3543.587581,69.503944,58.465333,103.897536,269.215211,807.510396,25.182506,0.212736,10.378651,18.5795,3733.228541,mixed_overheating__misfire_or_injector_fault,1,3,480,1000,-0.641793,0.266398,10.19629,65.054108,121.211708,-0.217618,-0.004445,0.047231,0.021212,197.225
556,cruise,3782.381861,69.141518,58.011228,103.749033,269.864108,761.825059,25.241905,0.203658,9.830792,16.773113,3810.504805,mixed_overheating__misfire_or_injector_fault,1,3,480,1000,1.534371,0.657556,9.994204,66.069931,79.648963,-0.083572,-0.004144,0.002591,0.016162,197.22
557,cruise,3812.253319,72.71294,59.023712,103.947663,271.447125,763.715916,25.380014,0.208641,11.504736,19.085818,3752.719406,mixed_overheating__misfire_or_injector_fault,1,3,480,1000,-0.553854,-0.049952,9.639892,64.408951,78.76319,-0.247367,-0.001536,0.147339,0.011111,197.215
558,cruise,3786.174307,70.560571,57.794777,102.926511,268.540183,763.982983,25.264353,0.211775,11.056633,19.143984,3804.325375,mixed_overheating__misfire_or_injector_fault,1,3,480,1000,5.666377,-0.193623,9.651428,65.037895,78.60219,0.103499,0.002307,0.012043,0.006061,197.21
559,cruise,3808.071156,71.411616,58.693583,103.102497,270.452211,765.776334,25.300235,0.205214,10.052247,16.342602,3647.903865,mixed_overheating__misfire_or_injector_fault,1,3,480,1000,-3.377164,0.243216,10.143282,64.663566,80.585021,0.002681,-6.6e-05,-0.010358,0.00101,197.205
560,cruise,3796.297089,70.414786,60.127954,104.632338,268.66709,798.24367,25.378252,0.209539,9.989205,18.685853,3744.487958,mixed_overheating__misfire_or_injector_fault,1,3,480,1000,2.630054,0.306684,10.110008,65.443834,112.125822,0.115691,0.001743,-0.01955,0.0,197.2
561,cruise,3782.555331,70.848881,58.082376,103.165385,267.355524,753.319287,25.423623,0.208863,11.428513,18.30395,3610.886917,mixed_overheating__misfire_or_injector_fault,1,3,480,1000,3.672913,-0.104777,9.514001,65.518722,81.886562,-0.206638,0.001955,-0.045301,0.0,197.195
562,cruise,3791.843749,70.575931,58.282254,103.128474,269.325263,764.555156,25.626711,0.209909,10.586315,17.356753,3811.920163,mixed_overheating__misfire_or_injector_fault,1,3,480,1000,-1.93235,0.674817,10.241215,65.307271,79.439776,-0.093281,0.002079,-0.13427,0.0,197.19
563,cruise,3798.259486,70.877561,58.069666,102.802473,269.625133,767.22356,25.509254,0.211045,9.519456,17.603927,3931.399288,mixed_overheating__misfire_or_injector_fault,1,3,480,1000,3.007755,0.2792,9.25723,65.894622,79.957154,0.105734,0.006502,-0.172941,0.0,197.185
564,cruise,3791.392355,72.863534,58.440868,104.086552,269.346372,763.988405,25.332563,0.205606,8.893699,17.807952,3853.215322,mixed_overheating__misfire_or_injector_fault,1,3,480,1000,2.144877,-0.288761,9.37077,64.508719,80.940371,0.091542,-0.003495,0.090718,0.0,197.18
565,cruise,3496.425068,70.828319,58.214043,102.538918,269.709433,819.037231,25.210798,0.213779,11.621498,17.621078,3779.828306,mixed_overheating__misfire_or_injector_fault,1,3,480,1000,-3.618991,-0.302495,10.316275,65.108358,133.708118,0.099936,-0.00478,-0.147727,0.0,197.175
566,cruise,3752.650196,72.245872,58.54009,102.470543,269.500705,759.137131,25.392088,0.21517,11.404268,19.074789,3902.656505,mixed_overheating__misfire_or_injector_fault,1,3,480,1000,-1.646367,-0.083606,9.843667,64.60837,79.086049,-0.070224,-0.004338,-0.002601,0.0,197.17
567,cruise,3786.290336,69.916063,58.139493,103.0687,268.972231,763.58477,25.3962,0.201475,9.717804,19.145976,3756.100063,mixed_overheating__misfire_or_injector_fault,1,3,480,1000,-2.470509,-0.016971,9.699234,64.884444,81.138802,-0.046324,0.000103,0.042362,0.0,197.165
568,cruise,3776.417407,72.3558,58.278024,102.515305,269.149923,764.037205,25.112816,0.212111,11.641954,18.870238,3500.63466,mixed_overheating__misfire_or_injector_fault,1,3,480,1000,1.578786,0.058613,10.182235,64.795664,79.859681,0.096028,-0.006439,-0.074299,0.0,197.16
569,cruise,3758.20246,68.341188,58.570467,102.982622,270.54868,765.884375,25.294624,0.2098,11.64499,17.924676,3620.756702,mixed_overheating__misfire_or_injector_fault,1,3,480,1000,1.927794,0.316829,9.672892,65.826667,82.907369,0.042767,0.008701,0.110275,0.0,197.155
570,cruise,3580.613886,71.42209,58.402156,103.08651,267.231267,758.564149,25.223527,0.212177,9.106512,18.715,3807.48736,mixed_overheating__misfire_or_injector_fault,1,3,480,1000,-0.438509,-0.576323,9.766103,64.214061,79.147043,0.024046,-0.003105,0.018252,0.0,197.15
571,cruise,3786.577929,69.918318,57.678658,102.860031,269.502809,762.882458,25.429666,0.22036,12.734187,17.81319,3684.115165,mixed_overheating__misfire_or_injector_fault,1,3,480,1000,0.950116,-0.331381,10.204112,65.064634,80.971016,-0.027092,0.005516,-0.052079,0.0,197.145
572,cruise,3814.46381,70.950895,57.765415,103.328945,269.80135,760.603685,25.564542,0.210408,8.517672,17.317917,3600.477879,mixed_overheating__misfire_or_injector_fault,1,3,480,1000,-2.607168,-0.56474,9.861207,63.788269,76.611817,-0.022928,-0.012308,0.024727,0.0,197.14
573,cruise,3809.33139,69.976882,58.21246,102.474568,268.904409,761.96017,25.469286,0.20464,12.411873,19.045308,3758.487775,mixed_overheating__misfire_or_injector_fault,1,3,480,1000,-2.624311,-0.121148,9.96885,64.712082,79.894584,0.043231,-0.008346,-0.040121,0.0,197.135
574,cruise,3795.656427,69.205621,58.478422,103.012243,269.500219,762.605943,25.160407,0.212443,12.118401,17.894748,3617.847638,mixed_overheating__misfire_or_injector_fault,1,3,480,1000,3.034353,0.294424,10.551609,65.759993,79.377702,0.09053,-0.000399,-0.044785,0.0,197.13
575,cruise,3420.273921,70.082033,58.551171,103.79452,267.816406,825.723796,25.430775,0.21113,13.236466,17.471542,3801.085366,mixed_overheating__misfire_or_injector_fault,1,3,480,1000,-0.11718,0.559837,9.437277,64.859424,141.512145,-0.166014,-0.006552,-0.090259,0.0,197.125
576,cruise,3789.485382,72.213181,59.279913,102.590795,267.925019,759.67344,25.192763,0.21367,10.32025,19.324868,3861.29854,mixed_overheating__misfire_or_injector_fault,1,3,480,1000,1.61927,-0.202194,10.60014,66.236394,81.295331,0.121334,0.003685,-0.048096,0.0,197.12
577,cruise,3804.078815,70.432513,59.308022,103.973065,271.912267,766.21782,25.436303,0.20987,10.822491,19.182239,3785.821968,mixed_overheating__misfire_or_injector_fault,1,3,480,1000,-0.925805,0.382469,8.78284,65.788573,81.773945,-0.030088,-0.015005,0.103873,0.0,197.115
578,cruise,3779.053482,70.078772,58.970154,103.538207,269.169241,764.732282,24.864542,0.20704,11.905581,18.66584,3759.734837,mixed_overheating__misfire_or_injector_fault,1,3,480,1000,1.753963,-0.394872,10.250859,66.697629,76.213192,-0.337338,-0.008515,-0.050705,0.0,197.11
579,cruise,3773.941595,70.462676,58.854076,103.467395,269.975901,766.333536,25.253183,0.207706,11.657852,17.659701,3714.980263,mixed_overheating__misfire_or_injector_fault,1,3,480,1000,0.775078,0.855208,8.915472,65.382325,81.787301,-0.034189,0.000604,-0.139225,0.0,197.105
580,cruise,3462.109549,70.435443,58.590307,103.260493,270.10964,802.477587,25.046664,0.220509,14.103443,17.132745,3673.719416,mixed_overheating__misfire_or_injector_fault,1,3,480,1000,-3.895267,0.692602,8.985141,65.005563,119.81316,0.049691,-0.003312,0.036318,0.0,197.1
581,cruise,3779.147068,70.435654,57.909027,103.094872,269.324715,763.994651,25.321341,0.211807,8.319512,17.564048,3897.010288,mixed_overheating__misfire_or_injector_fault,1,3,480,1000,2.104013,-0.532255,10.812611,63.719176,78.382597,0.108092,0.006042,-0.027069,0.0,197.095
582,cruise,3778.804402,71.717997,57.655577,103.178694,270.02635,766.347717,25.104767,0.217106,9.59953,17.369005,3763.582788,mixed_overheating__misfire_or_injector_fault,1,3,480,1000,4.371083,0.718241,10.141048,64.810964,81.235507,0.100654,0.003355,-0.124232,0.0,197.09
583,cruise,3794.402659,69.399906,58.516987,103.000684,270.671786,759.359937,25.091823,0.217289,12.820647,17.770758,3796.006265,mixed_overheating__misfire_or_injector_fault,1,3,480,1000,1.850711,0.842128,9.738196,65.968514,77.522085,0.017345,0.003587,0.027037,0.0,197.085
584,cruise,3838.531862,70.64012,58.038755,102.972718,269.431552,762.096621,25.703005,0.20505,13.253159,18.670379,3861.633735,mixed_overheating__misfire_or_injector_fault,1,3,480,1000,-1.458802,-0.084767,9.840943,66.883653,81.230728,-0.190083,-0.003968,-0.013643,0.0,197.08
585,cruise,3421.317343,70.286988,58.869205,102.667813,269.330539,763.781454,25.351289,0.225477,9.058485,19.98079,3621.767686,mixed_overheating__misfire_or_injector_fault,1,3,480,1000,-0.715628,-0.003215,10.663712,64.735815,80.308883,0.036132,0.003281,-0.191096,0.0,197.075
586,cruise,3774.113928,68.64109,58.679321,102.657159,270.367389,764.077675,25.417185,0.214287,11.228588,16.034811,3749.629563,mixed_overheating__misfire_or_injector_fault,1,3,480,1000,6.045083,0.058059,10.154583,64.997101,79.021594,0.203771,0.003064,-0.095796,0.0,197.07
587,cruise,3790.304484,69.169699,57.37501,103.26952,269.864793,763.583294,25.209203,0.201975,10.990779,19.296896,3740.268676,mixed_overheating__misfire_or_injector_fault,1,3,480,1000,1.302244,-0.162927,10.196574,66.013957,83.230863,-0.293613,-0.00411,-0.080073,0.0,197.065
588,cruise,3787.475551,72.125137,58.181982,102.97619,268.436003,764.30317,25.054277,0.206688,12.384712,18.323224,3744.10563,mixed_overheating__misfire_or_injector_fault,1,3,480,1000,-5.414486,0.546528,9.874267,63.93847,81.212146,0.200356,-0.001076,0.002177,0.0,197.06
589,cruise,3803.674666,70.340455,57.549344,103.127287,268.834593,763.096995,25.309234,0.21099,8.750288,18.149869,3900.16519,mixed_overheating__misfire_or_injector_fault,1,3,480,1000,-0.95556,0.076347,8.785766,66.510783,79.959462,-0.044654,-0.000354,0.085549,0.0,197.055
590,cruise,3490.472839,70.093881,58.339357,102.64862,267.594829,834.220799,25.016927,0.216417,8.396952,19.526139,3776.317838,mixed_overheating__misfire_or_injector_fault,1,3,480,1000,-1.577689,0.340849,10.941361,65.610443,152.988133,-0.172785,-0.00721,-0.00481,0.0,197.05
591,cruise,3811.708329,71.684615,58.239259,103.732046,270.065936,760.340839,25.50607,0.214856,9.344329,16.862775,3803.702474,mixed_overheating__misfire_or_injector_fault,1,3,480,1000,-1.112193,-0.168235,10.51596,64.564501,79.537742,-0.005201,0.00276,0.142772,0.0,197.045
592,cruise,3792.504511,70.995592,58.245959,103.448397,269.089885,757.557744,25.262256,0.217111,8.791774,19.009765,3842.801189,mixed_overheating__misfire_or_injector_fault,1,3,480,1000,5.931574,-0.060273,9.626666,66.49413,81.270094,-0.02931,0.005939,0.20954,0.0,197.04
593,cruise,3755.734813,70.509433,57.977457,103.360715,269.834483,761.246936,25.297518,0.21196,12.400345,17.532142,3649.995092,mixed_overheating__misfire_or_injector_fault,1,3,480,1000,3.471918,-0.353872,10.007831,64.594957,78.47936,-0.023154,-0.00903,0.030725,0.0,197.035
594,cruise,3807.11208,70.763746,59.12877,102.068696,268.981019,762.332971,25.398181,0.214036,10.850306,18.1671,3731.796497,mixed_overheating__misfire_or_injector_fault,1,3,480,1000,4.702704,-0.151052,10.203188,65.285689,81.315749,-0.0175,-0.002994,-0.119454,0.0,197.03
595,cruise,3429.250648,69.389908,58.604217,103.272077,270.265974,766.109912,25.098372,0.204211,11.143112,16.514441,3723.406201,mixed_overheating__misfire_or_injector_fault,1,3,480,1000,-2.098558,-0.00744,9.680775,63.954803,80.077066,-0.003563,-0.003617,-0.225361,0.0,197.025
596,cruise,3790.038836,71.726967,58.343014,102.495973,270.671692,763.037892,25.319619,0.203984,9.415806,18.154335,3741.748957,mixed_overheating__misfire_or_injector_fault,1,3,480,1000,-0.615692,-0.70182,9.400299,63.083163,79.022406,-0.099445,0.006535,-0.076518,0.0,197.02
597,cruise,3787.372538,71.708743,58.579667,102.624093,270.034447,761.706543,25.427795,0.210595,11.669276,18.933838,3744.699326,mixed_overheating__misfire_or_injector_fault,1,3,480,1000,-0.812041,-0.22107,10.274401,64.337938,80.559458,0.021624,-0.001995,0.051073,0.0,197.015
598,cruise,3763.613596,70.123207,58.390414,102.497708,269.268344,762.316195,25.33547,0.205139,10.990319,17.435911,3718.883117,mixed_overheating__misfire_or_injector_fault,1,3,480,1000,0.375525,-0.238022,10.440148,64.792535,77.571392,-0.166967,0.000268,-0.032351,0.0,197.01
599,cruise,3787.387937,71.243097,58.707157,102.690764,268.940109,760.708824,25.222205,0.202015,12.417209,17.454439,3616.263672,mixed_overheating__misfire_or_injector_fault,1,3,480,1000,-1.675218,0.212522,9.236004,64.46048,78.711311,-0.44248,0.004902,0.107,0.0,197.005
600,cruise,3567.639035,69.052727,58.705423,103.194796,268.929842,765.698109,25.414975,0.20556,12.439874,18.779196,3727.043417,mixed_overheating__misfire_or_injector_fault,1,3,480,1000,0.153302,0.525519,9.243529,65.481906,77.140621,-0.01773,-0.003293,0.055125,0.0,197.0
601,cruise,3761.041901,70.980261,57.93369,102.900592,271.092222,763.256297,25.296187,0.209468,12.857959,17.411805,3896.298345,mixed_overheating__misfire_or_injector_fault,1,3,480,1000,-5.403649,0.290032,9.125194,66.180473,82.73336,0.063756,0.001293,-0.03811,0.0,196.995
602,cruise,3758.463167,72.014566,58.237325,104.745536,270.086477,761.959109,25.177671,0.213604,9.374397,17.199526,3733.984517,mixed_overheating__misfire_or_injector_fault,1,3,480,1000,1.255676,-0.36073,10.100419,65.879686,82.256143,-0.030278,0.00168,0.075965,0.0,196.99
603,cruise,3794.141735,70.98459,59.067858,102.979064,268.994032,761.368548,25.3398,0.208961,9.521428,17.770278,3782.600598,mixed_overheating__misfire_or_injector_fault,1,3,480,1000,2.413656,-0.259464,10.778999,64.212381,79.521693,0.173088,0.002993,-0.109541,0.0,196.985
604,cruise,3742.1807,71.050799,58.351514,102.858152,270.725391,767.483363,25.63244,0.212827,10.778441,18.11877,3682.418809,mixed_overheating__misfire_or_injector_fault,1,3,480,1000,-1.421695,0.095556,9.810271,64.703765,79.590633,0.053007,0.002154,-0.077579,0.0,196.98
605,cruise,3507.503769,71.167425,58.797838,102.996195,268.679899,765.292752,25.241743,0.210476,11.058263,18.251699,3709.513154,mixed_overheating__misfire_or_injector_fault,1,3,480,1000,6.323992,-0.457813,9.132183,65.439292,80.031708,0.052845,0.006882,-0.030624,0.0,196.975
606,cruise,3791.366154,69.954652,58.101595,104.488404,267.7598,767.594362,25.32782,0.205998,12.716555,18.240554,3756.411557,mixed_overheating__misfire_or_injector_fault,1,3,480,1000,3.893532,-0.334105,10.299399,65.871398,80.961413,0.145822,0.005107,-0.06974,0.0,196.97
607,cruise,3755.491471,70.37659,58.669861,104.182697,269.913043,764.548083,25.517868,0.21426,9.745268,20.250249,3795.261398,mixed_overheating__misfire_or_injector_fault,1,3,480,1000,0.518099,-0.141434,10.392954,64.790051,81.126714,-0.171157,-0.006094,-0.079158,0.0,196.965
608,cruise,3764.139796,70.170305,58.420756,103.243856,270.594521,767.129085,25.447063,0.210547,9.767606,18.116468,3755.019924,mixed_overheating__misfire_or_injector_fault,1,3,480,1000,-1.693116,-0.391461,9.861765,64.920725,81.064267,-0.0512,-0.00124,5.2e-05,0.0,196.96
609,cruise,3780.331835,70.430732,58.362199,103.306144,272.477369,762.355061,25.735087,0.204805,10.59602,18.291596,3820.875362,mixed_overheating__misfire_or_injector_fault,1,3,480,1000,-0.493069,-0.551734,9.436432,66.523688,80.951634,0.09644,-0.000333,-0.055213,0.0,196.955
610,cruise,3498.524545,70.511393,58.216053,103.377825,270.139106,796.835564,25.42621,0.205335,11.148104,18.782726,3669.332124,mixed_overheating__misfire_or_injector_fault,1,3,480,1000,-2.923309,-0.553287,10.094758,67.383366,110.219899,-0.072874,-0.001584,0.005358,0.0,196.95
611,cruise,3789.95555,69.028561,58.311772,102.978769,270.029748,765.162058,25.391732,0.208798,10.663604,18.450967,3867.584269,mixed_overheating__misfire_or_injector_fault,1,3,480,1000,4.002064,0.146928,9.494881,64.050491,79.156482,0.089468,0.006666,0.101194,0.0,196.945
612,cruise,3769.934083,69.800291,58.728784,102.904276,270.697289,764.916233,25.201349,0.199342,10.096321,18.902256,3706.979227,mixed_overheating__misfire_or_injector_fault,1,3,480,1000,-4.026518,0.388345,9.332884,63.875074,81.748028,0.007059,0.000692,0.134949,0.0,196.94
613,cruise,3759.11223,71.272604,58.269651,103.263937,270.585414,759.311132,25.362803,0.20927,11.292856,16.987413,3891.774761,mixed_overheating__misfire_or_injector_fault,1,3,480,1000,-4.588314,-0.111755,10.476707,65.190742,80.303895,-0.124563,0.002885,0.001075,0.0,196.935
614,cruise,3785.38432,70.322944,59.348686,103.111008,271.448028,763.883357,25.33337,0.210877,9.853449,18.759688,3698.598477,mixed_overheating__misfire_or_injector_fault,1,3,480,1000,4.965838,-0.888548,10.074185,65.422545,78.682818,0.125527,-0.002021,-0.020549,0.0,196.93
615,cruise,3395.954391,70.047101,58.979768,102.689909,270.549037,845.351884,25.509299,0.207325,6.579391,18.210141,3667.12912,mixed_overheating__misfire_or_injector_fault,1,3,480,1000,0.488255,-0.472522,10.424925,64.360765,156.738468,0.055573,0.004364,0.017403,0.0,196.925
616,cruise,3773.911682,69.447509,58.708893,102.781214,269.131082,760.838716,25.213331,0.199023,6.950415,19.398709,3708.970553,mixed_overheating__misfire_or_injector_fault,1,3,480,1000,-0.054859,0.158834,9.48748,66.659416,80.46089,0.043669,-0.000942,0.01697,0.0,196.92
617,cruise,3779.203182,71.625028,58.446688,103.30569,268.946326,759.098981,25.00249,0.210604,12.11284,17.723771,3848.66865,mixed_overheating__misfire_or_injector_fault,1,3,480,1000,-0.049354,0.090102,9.612718,66.152154,82.656141,0.067857,-0.00161,-0.058974,0.0,196.915
618,cruise,3792.401664,69.341728,59.018473,103.906116,270.452902,760.330337,25.177461,0.207354,11.719565,19.427374,3703.134093,mixed_overheating__misfire_or_injector_fault,1,3,480,1000,0.867141,-0.420196,10.08747,65.575934,79.337427,-0.116875,0.003921,-0.048176,0.0,196.91
619,cruise,3783.361696,72.384153,58.430493,102.361295,269.718555,761.831943,25.418478,0.214399,13.262403,19.038227,3798.958763,mixed_overheating__misfire_or_injector_fault,1,3,480,1000,2.118524,0.031176,9.942999,64.959203,83.691785,0.071182,-0.004782,-0.010857,0.0,196.905
620,cruise,3759.788335,69.390183,58.344115,102.90366,268.111542,764.214321,25.555697,0.209236,14.249039,18.114398,3696.505975,mixed_overheating__misfire_or_injector_fault,1,3,480,1000,-0.528097,0.087565,10.97803,65.674527,81.2943,-0.063643,-0.001611,0.013305,0.0,196.9
621,cruise,3765.954351,71.695835,58.939582,103.296315,268.060794,767.307088,25.301115,0.206585,10.471584,17.008951,3820.642689,mixed_overheating__misfire_or_injector_fault,1,3,480,1000,-2.30075,-0.223839,10.495208,65.114566,79.074618,0.1219,0.005184,-0.050541,0.0,196.895
622,cruise,3777.5892,72.984281,57.768324,103.213893,271.188191,763.418541,25.341243,0.210175,10.391305,18.307732,3659.376063,mixed_overheating__misfire_or_injector_fault,1,3,480,1000,2.915653,-0.415755,9.595811,64.341742,78.565757,0.064003,-0.008191,0.036057,0.0,196.89
623,cruise,3796.325428,70.078864,58.104177,101.963122,268.324626,758.476985,25.548901,0.20061,11.019099,18.536943,3752.735271,mixed_overheating__misfire_or_injector_fault,1,3,480,1000,0.423848,0.228913,10.110664,65.842679,77.570214,-0.116115,-0.007489,0.028217,0.0,196.885
624,cruise,3811.576323,71.59739,58.063436,102.701563,270.109747,765.304794,25.267232,0.208067,10.572205,18.143696,3894.247763,mixed_overheating__misfire_or_injector_fault,1,3,480,1000,5.155788,0.173208,9.725595,67.542593,78.381184,0.066743,0.006116,0.043624,0.0,196.88
625,cruise,3801.829911,70.0319,58.19913,104.252421,271.242903,764.285548,25.407177,0.216953,12.072964,18.132974,3803.478261,mixed_overheating__misfire_or_injector_fault,1,3,480,1000,6.379356,-0.361046,9.675789,65.683629,79.457541,0.147287,-0.004577,-0.085693,0.0,196.875
626,cruise,3783.910886,70.442634,58.334918,104.698284,268.394745,766.607045,25.059569,0.199155,10.330527,17.777207,3728.489621,mixed_overheating__misfire_or_injector_fault,1,3,480,1000,-0.422238,0.21668,9.340603,64.118017,82.568896,0.041202,-0.004403,-0.008856,0.0,196.87
627,cruise,3810.739849,70.957551,58.180472,102.349185,269.63072,762.067598,25.316914,0.209715,10.55627,18.795663,3788.447983,mixed_overheating__misfire_or_injector_fault,1,3,480,1000,-1.304245,-0.667004,9.475774,64.726367,81.257307,0.318683,0.001136,0.0323,0.0,196.865
628,cruise,3771.489269,70.205321,58.372895,103.926466,268.257659,762.694978,25.055904,0.213235,14.803868,18.120423,3784.015947,mixed_overheating__misfire_or_injector_fault,1,3,480,1000,-0.504898,0.448414,10.815605,64.776223,80.070833,-0.045126,0.001424,0.044879,0.0,196.86
629,cruise,3801.375022,72.021705,58.694084,103.476312,269.900111,759.504629,25.744376,0.21561,9.919694,16.645739,3666.462359,mixed_overheating__misfire_or_injector_fault,1,3,480,1000,-0.564213,-0.069255,10.268085,63.549738,81.114889,-0.168274,0.00055,0.035748,0.0,196.855
630,cruise,3522.495643,70.545704,59.27248,103.324694,269.768923,791.14006,25.335052,0.203015,8.696723,18.512208,3834.411582,mixed_overheating__misfire_or_injector_fault,1,3,480,1000,2.424477,0.143322,9.858687,65.920233,112.754091,0.249649,-0.000548,0.041911,0.0,196.85
631,cruise,3814.191084,69.935713,58.987283,103.234743,269.621243,762.543933,25.32334,0.205267,11.172932,18.954858,3864.642966,mixed_overheating__misfire_or_injector_fault,1,3,480,1000,-2.05827,0.711766,10.426818,64.867389,81.433644,-0.043723,0.004222,0.087452,0.0,196.845
632,cruise,3783.047135,68.705182,58.42166,103.651632,270.688935,759.918017,25.489472,0.204681,10.822024,20.108755,3697.471493,mixed_overheating__misfire_or_injector_fault,1,3,480,1000,3.687076,-0.32117,10.211281,65.211129,79.383901,0.127528,-0.00167,0.041084,0.0,196.84
633,cruise,3787.516725,70.057362,58.187743,102.610878,269.531566,761.721641,25.098218,0.213409,10.170693,18.391394,3877.033013,mixed_overheating__misfire_or_injector_fault,1,3,480,1000,-1.737421,-0.137804,11.090393,66.176321,78.209435,0.022393,-0.007031,0.00335,0.0,196.835
634,cruise,3787.340799,69.861992,58.497631,103.067531,271.298451,761.561536,25.439059,0.218975,14.976304,18.072777,3616.919113,mixed_overheating__misfire_or_injector_fault,1,3,480,1000,-3.593553,-0.121206,10.101245,62.794996,80.168378,0.003309,0.002472,0.04966,0.0,196.83
635,cruise,3563.782378,70.563748,58.379394,104.41811,269.994223,809.763986,25.50364,0.215103,12.392431,16.959443,3834.415921,mixed_overheating__misfire_or_injector_fault,1,3,480,1000,1.338098,0.217656,10.258536,67.072864,128.113477,-0.018351,0.002509,0.009865,0.0,196.825
636,cruise,3765.356576,72.699136,58.424036,102.343647,269.111135,759.704382,25.818204,0.213713,9.108623,16.583325,3798.373958,mixed_overheating__misfire_or_injector_fault,1,3,480,1000,1.917045,-0.446111,8.529209,63.276987,81.735947,-0.343007,0.000618,0.006626,0.0,196.82
637,cruise,3806.556501,70.232375,58.081786,104.238745,269.557977,760.864853,25.53154,0.205575,11.07362,18.766492,3848.109219,mixed_overheating__misfire_or_injector_fault,1,3,480,1000,0.813492,-0.082804,10.258216,66.318289,80.537339,9e-05,-0.001362,0.136232,0.0,196.815
638,cruise,3751.31211,69.776507,58.75126,103.342687,269.77447,763.204282,25.527583,0.207027,10.72054,20.812622,3834.151706,mixed_overheating__misfire_or_injector_fault,1,3,480,1000,-1.533448,-0.446099,10.138024,65.857046,80.19908,0.257393,0.005045,-0.02805,0.0,196.81
639,cruise,3756.247712,71.586392,58.136127,103.384927,270.365073,762.722553,25.07721,0.210468,10.25977,19.526523,3607.014087,mixed_overheating__misfire_or_injector_fault,1,3,480,1000,2.82052,0.102541,10.496964,64.32046,82.404657,0.249943,-0.008289,-0.051248,0.0,196.805
640,cruise,3795.290868,70.578145,57.714772,103.849993,270.873907,823.46959,25.294407,0.198002,10.069691,18.647147,3703.463108,mixed_overheating__misfire_or_injector_fault,1,3,480,1000,-1.45477,0.007438,9.293147,64.97666,139.380964,-0.097878,8.6e-05,-0.049596,0.0,196.8
641,cruise,3760.652864,69.815675,58.779235,103.232959,270.011316,759.54754,25.552328,0.205971,7.981351,18.836502,3861.297457,mixed_overheating__misfire_or_injector_fault,1,3,480,1000,3.929399,0.54619,9.956171,64.839406,83.271076,-0.068598,-0.00201,-0.01694,0.0,196.795
642,cruise,3809.349675,68.785111,57.808129,104.57506,269.742996,762.259733,25.226757,0.205844,9.190122,18.531086,3738.448328,mixed_overheating__misfire_or_injector_fault,1,3,480,1000,-0.567399,-0.217977,9.278188,65.180855,77.775599,0.025654,0.003145,0.019327,0.0,196.79
643,cruise,3754.052272,71.072598,57.897761,103.553155,270.80097,762.876066,25.06053,0.214098,9.430406,17.864418,3711.279299,mixed_overheating__misfire_or_injector_fault,1,3,480,1000,6.439761,0.351965,9.448303,64.900836,79.511833,-0.2277,0.002524,0.031409,0.0,196.785
644,cruise,3792.676759,70.847287,59.504279,104.058973,269.598174,761.638301,25.604002,0.208613,11.657645,20.254136,3756.953086,mixed_overheating__misfire_or_injector_fault,1,3,480,1000,0.542208,-0.202865,9.987669,64.460468,78.697241,-0.042556,0.003865,0.016538,0.0,196.78
645,cruise,3455.075705,72.104849,58.8593,103.422861,269.524221,763.376267,25.645863,0.212476,9.343831,19.568012,3875.011393,mixed_overheating__misfire_or_injector_fault,1,3,480,1000,-5.736737,-0.743497,10.055393,64.785058,79.743936,0.184447,0.000661,0.029056,0.0,196.775
646,cruise,3780.689274,71.565854,59.402746,103.016663,268.064881,765.381577,25.222134,0.204368,11.638301,18.442141,3852.73533,mixed_overheating__misfire_or_injector_fault,1,3,480,1000,2.265041,0.038648,11.221129,64.62074,77.310143,-0.026478,-0.003073,0.081469,0.0,196.77
647,cruise,3767.065416,71.006604,58.08327,103.055965,269.948424,760.524449,25.260599,0.199948,11.002141,20.30115,3726.551717,mixed_overheating__misfire_or_injector_fault,1,3,480,1000,-6.303453,0.301154,9.530933,65.061906,80.732997,-0.15443,0.002525,0.114424,0.0,196.765
648,cruise,3796.817776,69.691126,57.425933,102.765961,269.48069,763.907099,25.118153,0.206447,12.085506,19.016449,3795.174092,mixed_overheating__misfire_or_injector_fault,1,3,480,1000,-2.324938,0.046099,10.71247,65.144817,79.856068,-0.369614,0.001897,0.185479,0.0,196.76
649,cruise,3793.209732,69.09581,57.016531,104.400416,269.615609,765.310393,25.31182,0.213766,9.298256,18.32308,3688.768513,mixed_overheating__misfire_or_injector_fault,1,3,480,1000,2.629703,0.184228,9.68153,64.700347,79.733798,-0.031749,-0.002342,-0.016043,0.0,196.755
650,cruise,3365.653078,70.6909,58.812543,103.101469,268.375161,812.669767,25.404239,0.210249,10.946544,17.902216,3805.645611,mixed_overheating__misfire_or_injector_fault,1,3,480,1000,-0.394033,-0.219604,10.295345,65.567367,124.28856,-0.1359,-0.002534,-0.081561,0.0,196.75
651,cruise,3765.041011,69.175561,57.945751,103.817946,269.110657,762.802393,25.525477,0.213338,10.018561,18.855982,3909.87077,mixed_overheating__misfire_or_injector_fault,1,3,480,1000,-2.684805,0.266927,9.22485,66.080458,81.015353,-0.000926,0.001287,-0.275843,0.0,196.745
652,cruise,3782.255495,71.804215,58.447735,103.971155,268.93809,762.810751,25.176918,0.216769,11.48246,19.37163,3692.936022,mixed_overheating__misfire_or_injector_fault,1,3,480,1000,0.173114,-0.236362,10.515225,64.993486,78.551776,0.026928,-0.004687,0.031796,0.0,196.74
653,cruise,3786.443034,71.94018,58.641846,103.323501,269.393159,763.336507,25.388748,0.203373,8.968255,18.328272,3663.06887,mixed_overheating__misfire_or_injector_fault,1,3,480,1000,-1.692751,-0.777996,11.242149,65.876259,80.414227,0.014067,0.000968,-0.065522,0.0,196.735
654,cruise,3756.230323,70.235018,58.290654,102.990725,268.880821,765.316512,25.267498,0.1995,13.022009,18.818903,3889.730288,mixed_overheating__misfire_or_injector_fault,1,3,480,1000,3.680444,-0.364114,9.513982,65.288143,79.957659,-0.022024,-0.001732,0.036269,0.0,196.73
655,cruise,3581.39704,72.024283,57.875357,103.010846,269.757135,839.684338,25.114797,0.21189,11.790438,18.255936,3625.502111,mixed_overheating__misfire_or_injector_fault,1,3,480,1000,3.862448,0.487277,10.463876,65.335184,156.406781,-0.07486,0.001966,0.051853,0.0,196.725
656,cruise,3757.250234,70.453811,58.843854,104.009352,268.8183,762.417011,25.582373,0.204303,8.848016,18.39252,3838.254815,mixed_overheating__misfire_or_injector_fault,1,3,480,1000,0.189431,0.035119,10.0155,65.321217,80.165919,0.102757,-0.000809,-0.053149,0.0,196.72
657,cruise,3821.077918,69.975071,58.200925,102.075838,270.3514,759.990844,25.339895,0.208603,12.937421,18.638967,3903.103117,mixed_overheating__misfire_or_injector_fault,1,3,480,1000,1.926487,0.501203,9.846375,64.829608,79.396816,-0.046294,0.004611,-0.020038,0.0,196.715
658,cruise,3799.435932,70.532422,57.546108,102.837725,270.695539,762.713661,25.281126,0.207796,7.882353,17.60366,3673.566374,mixed_overheating__misfire_or_injector_fault,1,3,480,1000,-4.521852,-0.070226,9.607808,65.027246,78.710756,-0.177654,0.004145,0.124252,0.0,196.71
659,cruise,3762.025337,70.648543,58.58869,103.903694,269.215177,762.725528,25.467414,0.226139,8.038902,18.604845,3691.471151,mixed_overheating__misfire_or_injector_fault,1,3,480,1000,-4.275485,-0.233264,9.415772,64.415775,81.321378,0.329473,0.000662,-0.071903,0.0,196.705
660,cruise,3438.351682,69.193443,59.091606,101.674343,270.622612,823.682151,25.163989,0.205809,9.932307,18.574759,3818.555738,mixed_overheating__misfire_or_injector_fault,1,3,480,1000,3.338758,-0.315595,10.056301,65.173809,142.831303,-0.015143,0.001862,-0.027512,0.0,196.7
661,cruise,3767.533647,70.785677,59.030349,102.729567,269.646032,759.402605,24.985547,0.209418,9.34949,17.656712,3741.985038,mixed_overheating__misfire_or_injector_fault,1,3,480,1000,2.768016,0.27882,9.125619,65.490796,80.070967,-0.097072,-0.006613,-0.107889,0.0,196.695
662,cruise,3803.32321,69.190958,58.549507,103.609745,268.581052,762.292796,25.552667,0.207756,11.509188,17.028216,3953.839276,mixed_overheating__misfire_or_injector_fault,1,3,480,1000,0.754725,-0.428887,10.193532,64.833597,80.344881,0.308075,0.008418,0.071675,0.0,196.69
663,cruise,3784.871424,70.708701,58.017389,103.047183,268.298878,767.162255,25.708767,0.201203,12.480886,18.078541,3810.264489,mixed_overheating__misfire_or_injector_fault,1,3,480,1000,4.52933,-0.82709,9.213603,65.022246,78.333899,0.094548,0.003135,-0.025506,0.0,196.685
664,cruise,3751.973121,71.703986,57.595214,103.614301,269.640501,761.082325,25.255774,0.206435,12.3042,19.135958,3833.282965,mixed_overheating__misfire_or_injector_fault,1,3,480,1000,1.694811,0.17059,10.267115,65.291926,78.451853,0.193346,0.004243,0.028751,0.0,196.68
665,cruise,3416.192978,71.153108,58.934968,102.47374,269.840754,758.727439,25.467307,0.192481,13.684507,18.75192,3722.731154,mixed_overheating__misfire_or_injector_fault,1,3,480,1000,3.08487,-0.147064,10.18664,65.406589,82.348536,-0.004791,0.008144,0.015426,0.0,196.675
666,cruise,3798.287297,69.907467,58.418304,102.398151,271.333392,759.324684,25.261748,0.217424,12.668627,19.992058,3709.664842,mixed_overheating__misfire_or_injector_fault,1,3,480,1000,4.61085,0.713153,9.87265,65.005637,79.728432,0.017912,0.000894,-0.110708,0.0,196.67
667,cruise,3773.356425,69.30023,58.119945,103.558575,271.606065,765.440701,25.395632,0.198603,12.458865,19.178566,3856.63725,mixed_overheating__misfire_or_injector_fault,1,3,480,1000,-3.836969,0.09953,9.83879,64.334323,80.53771,0.115853,0.002445,-0.056786,0.0,196.665
668,cruise,3771.69573,70.045615,58.885824,102.456619,270.127135,765.404886,25.378252,0.213678,10.619487,18.879222,3665.055483,mixed_overheating__misfire_or_injector_fault,1,3,480,1000,-1.84564,0.468694,10.458829,66.315724,80.168676,0.050733,0.000853,0.043304,0.0,196.66
669,cruise,3773.235516,69.025705,58.369231,102.785078,271.379981,760.176153,25.52937,0.200857,11.588734,18.630773,3628.067259,mixed_overheating__misfire_or_injector_fault,1,3,480,1000,-5.452073,-0.3455,10.41265,65.438736,79.727515,-0.071937,-0.002336,0.024288,0.0,196.655
670,cruise,3528.256054,68.879676,58.167288,103.114311,269.376434,835.461667,25.239467,0.213486,12.058895,17.818889,3689.518742,mixed_overheating__misfire_or_injector_fault,1,3,480,1000,1.454711,-0.5991,9.527827,63.968763,151.127469,-0.031884,-0.00242,0.010091,0.0,196.65
671,cruise,3807.882174,69.709588,58.131378,103.37582,268.476364,761.312814,25.180525,0.208005,9.925015,17.114482,3752.625574,mixed_overheating__misfire_or_injector_fault,1,3,480,1000,4.024213,0.316087,9.368674,65.5226,80.172531,0.065798,-0.004941,0.078019,0.0,196.645
672,cruise,3756.952603,70.332518,57.812345,102.607153,270.952856,760.011141,25.325582,0.216383,11.825648,17.18926,3636.944545,mixed_overheating__misfire_or_injector_fault,1,3,480,1000,3.908326,0.069662,10.920651,65.249261,78.828574,0.151851,-0.004654,-0.16422,0.0,196.64
673,cruise,3798.484895,69.140653,59.225181,102.775608,269.208889,763.385474,25.023092,0.218411,9.855412,18.182985,3750.822747,mixed_overheating__misfire_or_injector_fault,1,3,480,1000,-0.31789,0.588778,10.071649,65.631095,80.6397,0.218804,-0.000246,0.032421,0.0,196.635
674,cruise,3783.798051,70.042916,58.313353,103.693455,268.705048,761.09238,25.117874,0.20051,10.43578,19.765794,3857.340141,mixed_overheating__misfire_or_injector_fault,1,3,480,1000,-0.753279,-0.193572,10.031104,64.745685,79.652559,0.162413,0.000325,0.147685,0.0,196.63
675,cruise,3463.892623,70.987766,58.140878,104.192179,270.426954,817.827107,25.425617,0.202154,14.923934,18.377648,3718.656597,mixed_overheating__misfire_or_injector_fault,1,3,480,1000,-0.263493,0.342945,10.772475,63.493755,129.052575,-0.03628,0.001019,-0.064421,0.0,196.625
676,cruise,3776.278675,70.320545,58.452924,103.705093,270.640039,768.188969,25.287075,0.210294,9.976469,17.928942,3713.642571,mixed_overheating__misfire_or_injector_fault,1,3,480,1000,0.479696,0.173476,10.485959,63.270779,78.466748,-0.079633,-0.001217,-0.107167,0.0,196.62
677,cruise,3785.189992,71.594045,56.964511,103.55479,270.303988,769.537286,25.413689,0.210433,12.565403,16.303222,3656.658444,mixed_overheating__misfire_or_injector_fault,1,3,480,1000,2.642672,-0.517986,9.580761,65.681739,79.892847,0.182156,0.002903,0.008063,0.0,196.615
678,cruise,3746.477575,69.551249,59.182588,103.632116,269.190042,762.274123,25.482357,0.207729,9.741617,16.808564,3696.917926,mixed_overheating__misfire_or_injector_fault,1,3,480,1000,-3.692402,-0.016917,10.203993,63.832253,81.33807,-0.242305,-0.009153,0.112631,0.0,196.61
679,cruise,3782.120896,69.842461,59.085484,103.599935,269.214255,767.429331,25.318806,0.2111,12.491266,19.524487,3935.094847,mixed_overheating__misfire_or_injector_fault,1,3,480,1000,2.132082,-0.414784,9.183137,65.786325,80.873418,-0.240507,-0.009533,0.155745,0.0,196.605
680,cruise,3766.173158,69.684092,57.889648,103.055793,269.956967,764.574459,25.53868,0.204715,10.540736,19.390389,3829.751096,mixed_overheating__misfire_or_injector_fault,1,3,480,1000,-0.79385,0.427065,9.939025,65.944538,78.223001,0.030575,0.005785,-0.032333,0.0,196.6
681,cruise,3779.81723,70.058024,59.061161,104.077142,271.594144,762.284033,25.390497,0.2074,12.016988,19.885451,3694.695494,mixed_overheating__misfire_or_injector_fault,1,3,480,1000,1.88343,0.505534,10.484905,64.091745,78.546897,-0.06827,-0.003604,0.018552,0.0,196.595
682,cruise,3789.993881,72.513236,57.653598,103.273113,268.168734,759.542533,25.203084,0.213431,9.220102,18.40151,3810.250186,mixed_overheating__misfire_or_injector_fault,1,3,480,1000,1.955803,0.083149,10.149882,65.143895,79.487934,-0.075941,-0.006414,-0.031895,0.0,196.59
683,cruise,3776.461191,69.445519,58.928713,104.043967,271.43828,761.215942,25.17435,0.217167,9.804877,18.74231,3866.667949,mixed_overheating__misfire_or_injector_fault,1,3,480,1000,-1.860048,-0.83493,10.428994,63.333026,79.021744,-0.247244,0.007927,0.013807,0.0,196.585
684,cruise,3814.068809,68.43452,57.734806,102.697104,269.514171,764.865145,25.458729,0.200044,11.369552,18.710276,3924.331057,mixed_overheating__misfire_or_injector_fault,1,3,480,1000,-1.272791,0.166127,9.190143,65.215495,80.903642,-0.043206,-0.002479,0.002573,0.0,196.58
685,cruise,3424.406956,71.049711,57.407977,102.939337,267.530029,794.935225,25.323689,0.209317,11.264328,19.188931,3797.689528,mixed_overheating__misfire_or_injector_fault,1,3,480,1000,-3.546792,-0.503291,10.22057,65.780241,118.357335,0.085534,0.005534,-0.020402,0.0,196.575
686,cruise,3785.073559,71.713404,58.315304,103.579895,270.356186,762.462835,25.295628,0.210216,9.618528,19.13204,3827.459742,mixed_overheating__misfire_or_injector_fault,1,3,480,1000,7.471228,-0.13082,10.004027,64.233977,80.334635,-0.003454,-0.000966,0.034934,0.0,196.57
687,cruise,3749.658851,69.21647,58.747868,103.167018,270.482332,766.802184,25.362714,0.206719,9.69185,18.504987,3860.359767,mixed_overheating__misfire_or_injector_fault,1,3,480,1000,-0.233808,0.059582,10.554032,63.715925,82.425404,-0.156681,0.002194,0.011243,0.0,196.565
688,cruise,3763.125006,68.035962,58.216024,102.796891,268.893659,759.741091,25.411788,0.204267,10.731607,18.31147,3688.958202,mixed_overheating__misfire_or_injector_fault,1,3,480,1000,4.317469,0.169893,10.000359,64.497162,80.473347,-0.077524,-0.008239,-0.045183,0.0,196.56
689,cruise,3790.432714,70.923884,57.548753,102.431081,269.901083,761.21923,25.332839,0.209044,12.103229,16.743237,3790.038769,mixed_overheating__misfire_or_injector_fault,1,3,480,1000,-2.926127,0.987191,9.317093,63.638528,84.02377,0.077039,0.003097,0.198702,0.0,196.555
690,cruise,3419.417369,71.098002,58.114456,103.86578,269.094832,760.474366,25.474096,0.206966,10.824377,18.271928,3668.503181,mixed_overheating__misfire_or_injector_fault,1,3,480,1000,-2.970537,-0.45469,10.098322,65.4767,80.457812,0.175002,-0.002261,0.095614,0.0,196.55
691,cruise,3769.716657,70.30328,58.289845,103.880182,270.43532,763.025755,25.188117,0.205044,9.792309,17.9432,3765.6741,mixed_overheating__misfire_or_injector_fault,1,3,480,1000,-0.787461,-0.869873,10.379261,66.413784,80.06291,0.064252,-0.010747,-0.006158,0.0,196.545
692,cruise,3782.014126,71.045295,57.411019,103.204975,268.717643,764.950032,25.379933,0.211126,9.606683,15.620134,3711.201316,mixed_overheating__misfire_or_injector_fault,1,3,480,1000,-3.873936,-0.186532,10.556825,65.182478,79.384531,0.135077,-0.00644,0.012834,0.0,196.54
693,cruise,3791.369342,70.835607,57.928751,103.033751,270.991055,764.878144,25.220521,0.216132,11.060258,19.019243,3812.350945,mixed_overheating__misfire_or_injector_fault,1,3,480,1000,-3.778203,-0.258773,9.797997,64.179597,80.40341,-0.140691,-0.005236,-0.038022,0.0,196.535
694,cruise,3797.505422,72.046973,59.322698,103.393737,267.579007,758.863413,25.590009,0.215187,10.31088,18.768118,3806.393812,mixed_overheating__misfire_or_injector_fault,1,3,480,1000,-3.697207,0.659473,10.250152,65.264622,81.321384,0.188404,-0.002643,-0.036138,0.0,196.53
695,cruise,3418.808123,69.945264,58.730696,103.778917,270.480536,764.087234,25.647869,0.202329,13.397635,17.946849,3775.766285,mixed_overheating__misfire_or_injector_fault,1,3,480,1000,-1.145794,-0.202159,9.833517,63.836101,78.871334,0.054116,0.009705,0.043891,0.0,196.525
696,cruise,3818.847173,70.88295,58.984977,102.709162,269.97002,765.392398,25.150851,0.207763,11.641795,18.595197,3835.371468,mixed_overheating__misfire_or_injector_fault,1,3,480,1000,3.6112,-0.161279,10.183754,65.168497,80.42817,0.231365,-0.005166,-0.172298,0.0,196.52
697,cruise,3775.173391,69.699918,58.668491,103.53698,270.182398,762.274659,25.320531,0.202814,12.819095,19.21314,3762.777672,mixed_overheating__misfire_or_injector_fault,1,3,480,1000,-2.4247,0.132632,9.807696,66.173511,78.404111,0.299094,0.001797,0.016023,0.0,196.515
698,cruise,3755.915241,69.18281,58.682156,102.713066,269.691239,759.611083,25.270681,0.211714,9.865334,19.60239,3811.744194,mixed_overheating__misfire_or_injector_fault,1,3,480,1000,4.813096,0.196026,10.122721,66.4036,80.398064,0.092874,-0.002018,0.013786,0.0,196.51
699,cruise,3760.197119,70.552682,58.367663,103.77334,270.217432,765.34052,25.406982,0.207445,10.22174,18.464165,3823.796958,mixed_overheating__misfire_or_injector_fault,1,3,480,1000,-0.838441,-0.178311,9.011822,66.525267,80.569016,0.191239,-0.006291,0.014156,0.0,196.505
700,cruise,3767.125685,70.54942,59.085913,103.322263,268.669584,824.366534,25.507685,0.210109,9.535593,19.249533,3769.116398,mixed_overheating__misfire_or_injector_fault,1,3,480,1000,4.713703,0.576253,9.167718,66.160482,141.060478,0.187655,-0.004341,-0.077543,0.0,196.5
701,cruise,3777.371712,71.11511,58.300746,103.643677,269.899973,765.077753,25.608631,0.202058,12.107136,17.975526,3600.710524,mixed_overheating__misfire_or_injector_fault,1,3,480,1000,1.584878,-0.722099,9.32616,64.801662,79.62809,0.036723,0.003908,0.041794,0.0,196.495
702,cruise,3824.342282,70.434102,58.179283,103.236904,268.936694,760.170963,25.428654,0.20639,10.011986,17.340757,3724.060772,mixed_overheating__misfire_or_injector_fault,1,3,480,1000,-2.397422,-0.600884,9.072355,65.532351,82.814546,-0.054525,-0.004113,-0.12001,0.0,196.49
703,cruise,3833.973294,67.84662,58.987669,102.984323,268.976728,764.374465,25.343786,0.207314,10.499198,18.08238,3841.337267,mixed_overheating__misfire_or_injector_fault,1,3,480,1000,-0.487769,0.093136,9.774021,65.023768,80.17909,0.116885,-0.002172,-0.104888,0.0,196.485
704,cruise,3798.962289,68.666299,58.483853,102.361015,270.610381,763.28732,25.547458,0.208605,9.53947,18.754989,3815.131293,mixed_overheating__misfire_or_injector_fault,1,3,480,1000,7.460099,0.48809,9.856803,64.57338,79.85346,-0.333773,-0.010143,-0.116672,0.0,196.48
705,cruise,3557.775947,69.097375,58.123532,103.370603,269.32606,804.709395,25.430207,0.208143,10.140682,18.581865,3633.337144,mixed_overheating__misfire_or_injector_fault,1,3,480,1000,4.105591,-0.047397,9.906117,64.596111,119.136613,0.100629,-0.004939,-0.042766,0.0,196.475
706,cruise,3758.714561,72.158792,57.8313,103.126398,269.651959,763.363354,25.101276,0.212784,11.997045,17.295995,3696.628943,mixed_overheating__misfire_or_injector_fault,1,3,480,1000,-1.740577,-0.295015,9.65294,65.15406,82.7881,-0.096695,0.003241,0.172714,0.0,196.47
707,cruise,3799.170302,71.31013,58.825749,103.139082,268.12561,762.865737,25.375994,0.207351,10.95509,18.428459,3616.6543,mixed_overheating__misfire_or_injector_fault,1,3,480,1000,7.708036,0.554927,9.95453,64.355317,79.006481,0.268054,0.002411,0.025735,0.0,196.465
708,cruise,3802.626866,71.661773,58.688644,103.578856,271.232999,764.462406,24.997617,0.20664,10.647104,17.460415,3698.051476,mixed_overheating__misfire_or_injector_fault,1,3,480,1000,2.750165,-0.133082,9.78556,64.947679,79.676113,-0.030612,0.001323,-0.017487,0.0,196.46
709,cruise,3770.940224,69.742726,57.95355,103.708454,271.773309,759.425215,25.465432,0.209531,12.21606,17.788079,3883.670892,mixed_overheating__misfire_or_injector_fault,1,3,480,1000,0.364592,-0.832254,10.089508,65.514531,80.428018,-0.287009,-0.000993,0.053504,0.0,196.455
710,cruise,3384.304354,70.665382,58.666879,103.412879,269.090132,767.442072,25.225652,0.2032,11.307523,20.12549,3541.875238,mixed_overheating__misfire_or_injector_fault,1,3,480,1000,-1.439915,-0.109793,10.203199,64.480621,83.249762,-0.12922,0.003192,-0.071194,0.0,196.45
711,cruise,3798.928031,69.948257,58.413565,102.415442,268.694493,756.023044,25.438092,0.216553,10.761712,18.5686,3862.204714,mixed_overheating__misfire_or_injector_fault,1,3,480,1000,3.863985,-0.341335,10.09779,63.453291,78.113733,-0.063488,-0.006529,-0.184288,0.0,196.445
712,cruise,3786.49013,69.624568,58.111929,103.004694,270.605234,761.290482,25.535639,0.212718,8.226087,18.70944,3762.187572,mixed_overheating__misfire_or_injector_fault,1,3,480,1000,-2.228053,-0.827784,10.395188,65.41257,80.398276,-0.389854,0.011939,-0.082928,0.0,196.44
713,cruise,3778.349744,73.05611,58.939642,103.802364,268.902899,763.641384,25.515278,0.205612,10.531948,19.859945,3788.075385,mixed_overheating__misfire_or_injector_fault,1,3,480,1000,3.079675,-0.1266,9.520019,65.468473,81.648299,-0.167288,-0.00187,0.083966,0.0,196.435
714,cruise,3781.559001,70.24873,59.183204,103.444019,269.000926,761.477858,25.232646,0.210411,10.450298,17.530906,3781.873391,mixed_overheating__misfire_or_injector_fault,1,3,480,1000,-0.826523,-0.055339,10.027051,64.082987,80.785214,-0.112374,0.000417,-0.071794,0.0,196.43
715,cruise,3500.010661,71.572195,59.383521,104.276147,271.199462,764.834034,25.339725,0.217625,9.971851,17.959169,3719.467063,mixed_overheating__misfire_or_injector_fault,1,3,480,1000,-3.075296,-0.223171,10.16824,65.029111,78.476038,0.007554,0.001113,0.014067,0.0,196.425
716,cruise,3802.370608,70.229203,58.682775,103.61018,268.89748,757.881449,25.239576,0.198588,11.553222,18.022323,3885.472996,mixed_overheating__misfire_or_injector_fault,1,3,480,1000,2.775217,0.675592,9.702874,63.398321,79.806394,-0.255184,-0.001989,-0.026021,0.0,196.42
717,cruise,3817.759217,72.957174,58.878092,102.696873,270.71347,762.22148,25.157103,0.206419,10.600028,19.773336,3614.171544,mixed_overheating__misfire_or_injector_fault,1,3,480,1000,-0.485692,-1.15155,9.74888,64.867091,79.731659,0.023307,0.006594,-0.147063,0.0,196.415
718,cruise,3787.131182,71.800965,58.850963,103.387382,271.512008,768.26539,25.174704,0.205629,13.788582,18.006083,3734.362288,mixed_overheating__misfire_or_injector_fault,1,3,480,1000,1.089757,0.180412,11.156429,64.817534,79.210532,-0.085475,0.005378,0.079179,0.0,196.41
719,cruise,3779.828618,70.49307,58.140217,103.048666,270.003029,766.21423,25.284747,0.199766,10.957155,18.077583,3809.396686,mixed_overheating__misfire_or_injector_fault,1,3,480,1000,-2.110085,-0.18037,10.042775,64.796314,75.790964,-0.15561,-0.001669,0.012289,0.0,196.405
720,cruise,3490.220204,68.822983,57.910466,103.896711,268.890745,814.87408,25.171555,0.209962,11.438468,19.144708,3747.572871,mixed_overheating__misfire_or_injector_fault,1,3,480,1000,0.723998,0.473536,9.866919,65.173306,134.516418,-0.001961,0.001831,0.026423,0.0,196.4
721,cruise,3789.770081,69.658735,58.647046,103.38622,270.080469,765.252648,25.333928,0.215892,11.905109,18.469167,3841.67116,mixed_overheating__misfire_or_injector_fault,1,3,480,1000,-2.001124,0.475048,9.551073,65.013412,82.574973,-0.083645,0.002753,-0.089151,0.0,196.395
722,cruise,3777.217655,69.689762,58.48919,102.664546,270.009549,761.752418,25.1539,0.212259,9.106581,18.898371,3822.568573,mixed_overheating__misfire_or_injector_fault,1,3,480,1000,0.286108,-0.359292,9.639755,64.56431,78.683352,0.064762,0.004044,-0.091775,0.0,196.39
723,cruise,3783.723339,70.547697,57.925266,102.065556,269.743369,765.132139,25.21817,0.200622,11.525232,19.028181,3877.408249,mixed_overheating__misfire_or_injector_fault,1,3,480,1000,1.835172,-0.269593,9.565541,64.860914,82.214849,0.168385,-0.007006,-0.003381,0.0,196.385
724,cruise,3770.372664,69.0445,59.4391,103.340518,268.154432,763.31453,25.661767,0.202156,8.192387,18.979978,3798.003913,mixed_overheating__misfire_or_injector_fault,1,3,480,1000,-2.226669,0.00113,9.695147,65.164349,79.009424,-0.070236,0.000706,-0.015851,0.0,196.38
725,cruise,3423.813267,69.18947,58.530657,103.600177,268.886123,808.490623,25.510325,0.205712,11.236566,19.202222,3808.981623,mixed_overheating__misfire_or_injector_fault,1,3,480,1000,1.562597,0.194701,10.170853,64.922142,119.87652,-0.128751,-0.000383,0.008478,0.0,196.375
726,cruise,3741.469637,70.322691,58.347681,103.769335,269.159659,762.082362,25.300307,0.216692,7.747211,18.709646,3825.725152,mixed_overheating__misfire_or_injector_fault,1,3,480,1000,-2.416134,0.056265,9.973511,65.727902,79.676362,-0.058702,0.005477,0.250966,0.0,196.37
727,cruise,3761.429171,70.35902,58.551816,103.456697,270.852001,765.189559,25.137942,0.208074,13.848662,18.537154,3875.368283,mixed_overheating__misfire_or_injector_fault,1,3,480,1000,-1.745991,0.243857,9.776075,64.761805,81.190576,-0.281502,-0.001093,-0.037104,0.0,196.365
728,cruise,3796.118331,69.829918,58.019533,102.466933,268.581513,762.551427,25.346682,0.202062,8.167271,19.565384,3799.089017,mixed_overheating__misfire_or_injector_fault,1,3,480,1000,-1.068072,-0.112065,9.835286,64.760104,81.075398,0.047047,-0.002428,0.007765,0.0,196.36
729,cruise,3777.67055,72.809975,58.197396,102.416979,268.906483,764.105297,25.414168,0.209909,12.712322,18.803655,3909.61956,mixed_overheating__misfire_or_injector_fault,1,3,480,1000,-0.516744,-0.497837,10.782448,63.501925,80.517784,-0.094481,-0.00187,0.03881,0.0,196.355
730,cruise,3767.117989,71.277871,57.950045,103.631713,269.81487,810.199287,25.159143,0.206768,10.675956,19.048849,3844.067943,mixed_overheating__misfire_or_injector_fault,1,3,480,1000,-2.855441,-0.528896,9.628584,64.486191,124.251474,0.228536,0.008675,-0.054603,0.0,196.35
731,cruise,3782.106226,71.835359,59.034909,103.371695,270.528226,763.611157,25.540921,0.205491,11.191491,19.394448,3642.691045,mixed_overheating__misfire_or_injector_fault,1,3,480,1000,1.2657,0.113329,9.676044,65.925589,78.609018,-0.05556,-0.002032,-0.068784,0.0,196.345
732,cruise,3781.04347,71.316846,57.379405,103.537035,268.424032,763.345331,25.23132,0.211531,10.065941,17.998539,3831.635264,mixed_overheating__misfire_or_injector_fault,1,3,480,1000,-5.239536,-0.588412,9.885095,64.911639,81.345592,0.277049,0.000144,-0.063661,0.0,196.34
733,cruise,3777.925755,70.718091,58.51861,102.874293,270.621724,759.516943,25.620684,0.204757,13.545121,17.97562,3672.985978,mixed_overheating__misfire_or_injector_fault,1,3,480,1000,-1.983893,1.2047,10.32486,65.792142,78.338911,0.175775,0.00521,0.186044,0.0,196.335
734,cruise,3781.033428,70.761592,57.281806,103.156455,271.182582,761.579742,25.385782,0.215895,12.681131,19.605183,3735.037049,mixed_overheating__misfire_or_injector_fault,1,3,480,1000,-3.535534,0.408855,10.754093,65.302453,79.66789,-0.130684,-0.002853,0.067773,0.0,196.33
735,cruise,3798.758206,70.5213,58.050532,102.946141,269.142253,758.129515,25.669274,0.214945,11.258317,17.699399,3674.374297,mixed_overheating__misfire_or_injector_fault,1,3,480,1000,-4.290839,-0.545229,9.765283,65.405303,80.078146,0.273309,0.003847,0.065112,0.0,196.325
736,cruise,3801.616162,69.537587,59.425194,103.950677,271.936992,762.659741,25.432462,0.207932,10.136034,18.636735,3807.345571,mixed_overheating__misfire_or_injector_fault,1,3,480,1000,0.17832,-0.520318,10.097992,65.164619,77.09057,-0.048469,0.005463,-0.149923,0.0,196.32
737,cruise,3783.861481,70.516992,58.137089,102.02605,271.43061,765.934076,25.401882,0.21065,9.766162,19.673489,3794.062575,mixed_overheating__misfire_or_injector_fault,1,3,480,1000,-3.173741,-0.130061,9.27112,64.09696,80.989774,-0.102213,-0.007155,0.101917,0.0,196.315
738,cruise,3777.132469,70.531186,58.813455,103.856431,268.426425,764.730572,25.267293,0.203262,12.299398,17.807967,3913.469515,mixed_overheating__misfire_or_injector_fault,1,3,480,1000,-2.925067,-0.291604,10.830556,66.123484,81.101021,-0.004147,-0.004639,0.091799,0.0,196.31
739,cruise,3766.93964,69.44392,58.042376,103.239054,269.755533,764.288613,25.462311,0.205608,11.674886,20.05152,3937.629691,mixed_overheating__misfire_or_injector_fault,1,3,480,1000,2.980751,0.508803,10.662236,64.616149,80.557111,0.465293,-0.002537,0.013405,0.0,196.305
740,cruise,3549.349044,70.752505,58.064944,103.596505,268.914412,760.880433,25.207727,0.21179,11.188128,19.898965,3827.445055,mixed_overheating__misfire_or_injector_fault,1,3,480,1000,0.400128,-0.337973,9.885537,65.221767,80.06241,-0.253928,0.013425,-0.203423,0.0,196.3
741,cruise,3770.512967,70.367423,58.61048,102.661004,270.246883,760.888448,25.439853,0.210371,11.67586,18.713394,3866.123296,mixed_overheating__misfire_or_injector_fault,1,3,480,1000,-0.41313,0.34411,9.767227,64.713742,80.80226,-0.156689,-0.002728,-0.003292,0.0,196.295
742,cruise,3786.185616,73.049435,58.52495,103.634588,273.145644,761.844289,25.068564,0.213163,9.976408,17.436434,3772.843874,mixed_overheating__misfire_or_injector_fault,1,3,480,1000,3.801985,1.101464,10.357982,66.832324,78.884403,0.137282,-0.001522,0.057549,0.0,196.29
743,cruise,3779.674662,72.874502,58.22128,103.661885,269.915477,760.125892,25.426071,0.205901,10.804333,17.5002,3863.412333,mixed_overheating__misfire_or_injector_fault,1,3,480,1000,1.406392,0.18425,10.435133,65.0649,80.112302,0.078114,0.001887,-0.106839,0.0,196.285
744,cruise,3770.595949,71.548897,58.44385,103.072341,267.611533,762.03176,25.423174,0.212411,11.525523,17.592065,3748.310257,mixed_overheating__misfire_or_injector_fault,1,3,480,1000,-2.536184,-0.271639,9.913333,65.528591,78.77994,0.035073,0.001588,0.066602,0.0,196.28
745,cruise,3780.122539,71.321059,58.80491,103.439664,271.452504,807.523728,25.530575,0.209769,8.358739,17.535571,3707.98068,mixed_overheating__misfire_or_injector_fault,1,3,480,1000,1.926452,-0.20583,10.386425,65.431574,128.254045,0.347133,-0.008427,0.004927,0.0,196.275
746,cruise,3802.774394,70.947358,57.820625,102.739535,268.753152,763.928629,25.342486,0.197795,12.783279,17.919829,3672.395193,mixed_overheating__misfire_or_injector_fault,1,3,480,1000,-3.556552,0.208197,9.677352,64.032039,79.26158,0.068133,-0.008379,0.053429,0.0,196.27
747,cruise,3798.899424,70.909098,58.602799,102.864117,270.393336,760.131628,25.598092,0.210976,13.121387,21.174631,3736.360907,mixed_overheating__misfire_or_injector_fault,1,3,480,1000,1.334943,0.065174,9.720588,64.464664,78.931451,0.09915,0.003996,-0.130078,0.0,196.265
748,cruise,3795.841674,69.958876,58.280121,103.559781,269.699798,761.374559,25.133336,0.203105,11.429983,20.180688,3669.787139,mixed_overheating__misfire_or_injector_fault,1,3,480,1000,7.009116,0.654373,9.020621,64.103004,80.697778,-0.23564,0.001255,0.099406,0.0,196.26
749,cruise,3753.401684,71.063784,58.420196,103.881469,267.999293,763.576203,25.647854,0.204822,10.295431,19.686752,3645.314925,mixed_overheating__misfire_or_injector_fault,1,3,480,1000,-2.086572,0.537496,9.373706,65.195051,80.253882,-0.200565,-0.00251,0.075041,0.0,196.255
750,cruise,3394.880209,72.272452,58.6282,102.843671,271.574582,766.571676,25.629238,0.204897,10.497715,18.502967,3884.598077,mixed_overheating__misfire_or_injector_fault,1,3,480,1000,3.666341,0.062138,10.319058,65.293506,81.570517,-0.125746,-0.001438,-0.089214,0.0,196.25
751,cruise,3798.158794,71.2,58.221429,102.73147,267.953184,766.146889,25.399135,0.206662,8.791359,18.975201,3644.571988,mixed_overheating__misfire_or_injector_fault,1,3,480,1000,-0.413617,0.774308,9.653933,65.056546,79.040512,0.158661,-0.001755,-0.011742,0.0,196.245
752,cruise,3789.350642,69.886755,58.169898,102.312747,269.997917,759.272174,25.499718,0.208946,7.837499,17.969574,3927.352898,mixed_overheating__misfire_or_injector_fault,1,3,480,1000,-1.865547,0.226381,9.975028,64.867234,79.878801,-0.141153,0.006093,-0.015454,0.0,196.24
753,cruise,3799.256437,71.987322,58.492937,102.613288,272.304185,761.566233,25.493198,0.199993,9.552156,19.663043,3853.61892,mixed_overheating__misfire_or_injector_fault,1,3,480,1000,2.640004,-0.415591,10.561313,63.29405,81.206449,0.027905,0.006701,-0.164966,0.0,196.235
754,cruise,3804.842204,71.112155,58.112549,102.471953,272.668294,765.37461,25.191561,0.221632,10.906332,17.797647,3663.543807,mixed_overheating__misfire_or_injector_fault,1,3,480,1000,-3.609071,-0.14523,10.028905,66.005184,77.908102,0.042454,-0.001715,-0.044544,0.0,196.23
755,cruise,3570.643049,69.896095,59.108128,101.851649,269.189909,820.460863,25.314423,0.204292,13.377568,18.16821,3709.509542,mixed_overheating__misfire_or_injector_fault,1,3,480,1000,-0.341083,-0.39891,10.606585,64.52803,132.821187,0.117608,0.005924,-0.035463,0.0,196.225
756,cruise,3788.731065,71.689355,58.320021,102.856827,268.922917,766.904001,25.606023,0.207332,10.490252,17.53632,3795.996951,mixed_overheating__misfire_or_injector_fault,1,3,480,1000,3.371772,-0.271375,10.331785,63.927926,79.912874,-0.099911,-0.001066,-0.117352,0.0,196.22
757,cruise,3809.288773,72.920127,59.422613,103.732828,270.067613,763.856391,25.536377,0.215061,11.982793,18.522916,3754.676681,mixed_overheating__misfire_or_injector_fault,1,3,480,1000,-2.211889,-0.27534,9.613629,64.17655,79.489974,-0.032762,-0.004602,0.079425,0.0,196.215
758,cruise,3774.713311,70.943711,58.540084,104.067212,270.21483,765.657459,25.600617,0.21048,7.662864,16.183642,3804.944153,mixed_overheating__misfire_or_injector_fault,1,3,480,1000,0.937748,0.70547,9.953872,64.539401,80.667738,-0.079524,-0.009621,-0.092506,0.0,196.21
759,cruise,3794.897502,69.820623,58.333985,103.082838,270.012547,765.369121,25.385062,0.210832,10.999476,18.702934,3761.868978,mixed_overheating__misfire_or_injector_fault,1,3,480,1000,7.084431,0.233686,9.597173,64.746097,77.811946,0.175064,-0.00551,0.007574,0.0,196.205
760,cruise,3759.70876,70.27389,58.731094,102.117629,268.59269,761.4441,24.977189,0.202062,11.071709,18.445083,3711.417396,mixed_overheating__misfire_or_injector_fault,1,3,480,1000,4.073472,-0.494362,10.222764,64.129965,79.62145,0.127599,-0.011481,-0.173174,0.0,196.2
761,cruise,3752.053732,72.83552,58.305183,103.266611,268.503237,758.452043,25.229943,0.209491,10.454461,20.173797,3695.473186,mixed_overheating__misfire_or_injector_fault,1,3,480,1000,-2.904382,-0.234145,9.401512,65.498162,77.692852,-0.045707,-0.002609,0.054817,0.0,196.195
762,cruise,3773.051225,71.416535,58.521237,103.665072,268.970049,762.136495,25.492774,0.220681,10.026347,17.657973,3795.595545,mixed_overheating__misfire_or_injector_fault,1,3,480,1000,-1.085328,0.204906,10.271071,64.956376,77.699197,-0.122786,0.002793,-0.091105,0.0,196.19
763,cruise,3821.752196,71.2141,57.860906,103.366556,269.694281,762.972036,25.172243,0.206513,13.91923,16.615273,3800.272793,mixed_overheating__misfire_or_injector_fault,1,3,480,1000,-0.417912,0.114079,10.490546,65.486779,79.781695,-0.099378,-0.004898,0.079233,0.0,196.185
764,cruise,3817.620023,71.654042,58.389779,103.90964,270.283691,761.99934,25.535839,0.2098,11.544396,19.523297,3794.942562,mixed_overheating__misfire_or_injector_fault,1,3,480,1000,4.467849,-0.256623,9.944009,65.925016,79.376871,-0.032467,0.000412,-0.088318,0.0,196.18
765,cruise,3789.746877,71.100804,58.251003,103.038663,270.852907,801.881327,25.553797,0.213574,11.111353,19.132438,3784.091151,mixed_overheating__misfire_or_injector_fault,1,3,480,1000,3.552912,0.291579,10.407268,64.071855,115.961907,-0.223262,0.009626,-0.051214,0.0,196.175
766,cruise,3791.989999,71.819919,58.304103,103.266425,270.725257,762.344513,25.388796,0.2143,9.673946,19.272155,3882.92547,mixed_overheating__misfire_or_injector_fault,1,3,480,1000,-6.089077,-0.466682,10.150623,64.87061,82.39816,0.081189,-0.000768,0.000772,0.0,196.17
767,cruise,3785.716218,71.514155,58.65556,102.477497,269.444669,759.467782,25.28259,0.212731,9.362924,17.368448,3670.367049,mixed_overheating__misfire_or_injector_fault,1,3,480,1000,2.226933,-0.217528,9.776043,64.536367,78.479678,0.07568,0.010231,0.008218,0.0,196.165
768,cruise,3776.075286,71.466484,57.861068,102.335235,272.445985,762.606038,24.993461,0.206611,10.644225,17.721966,3721.110553,mixed_overheating__misfire_or_injector_fault,1,3,480,1000,0.533016,-0.359621,10.012338,64.841552,80.084559,-0.091634,-0.003977,-0.092661,0.0,196.16
769,cruise,3747.761751,69.658363,58.290552,103.693019,268.415809,760.393349,25.732255,0.207596,8.928117,17.907103,3793.244756,mixed_overheating__misfire_or_injector_fault,1,3,480,1000,3.336501,0.737203,10.775266,63.410979,80.856254,-0.261759,0.005616,0.020506,0.0,196.155
770,cruise,3791.817251,70.263129,57.766123,104.009401,269.976499,800.702451,25.417804,0.205335,10.750862,16.056798,3834.140275,mixed_overheating__misfire_or_injector_fault,1,3,480,1000,0.190143,-0.564505,9.913546,64.736159,120.7173,0.082385,0.002318,0.050636,0.0,196.15
771,cruise,3777.574988,69.769286,58.363934,102.885797,270.809128,763.831429,25.07859,0.207647,11.6721,16.249691,3834.263289,mixed_overheating__misfire_or_injector_fault,1,3,480,1000,-1.329498,0.089609,10.281744,65.815496,79.379848,-0.18893,0.0093,0.033744,0.0,196.145
772,cruise,3799.051558,69.983303,59.420515,103.316892,271.225568,764.791133,25.242056,0.211912,12.625885,17.795511,3737.432815,mixed_overheating__misfire_or_injector_fault,1,3,480,1000,2.389914,-0.265188,10.329497,65.927018,77.574189,0.067434,0.0021,-0.073942,0.0,196.14
773,cruise,3774.834766,70.975695,58.84622,102.783837,269.586135,762.862796,25.690171,0.208591,8.702749,18.431535,3798.476232,mixed_overheating__misfire_or_injector_fault,1,3,480,1000,-0.998996,0.196354,10.523253,65.168052,82.248063,-0.125394,0.000194,-0.101271,0.0,196.135
774,cruise,3768.061796,72.154594,59.157261,103.301472,269.055854,765.131131,25.148,0.210098,9.09266,18.062858,3661.30474,mixed_overheating__misfire_or_injector_fault,1,3,480,1000,-0.716207,0.622942,9.646443,66.370611,80.181938,-0.129958,0.002733,-0.118171,0.0,196.13
775,cruise,3389.151913,69.173378,58.11725,102.692074,269.737894,815.085149,25.397684,0.195794,10.994185,18.678987,3860.976966,mixed_overheating__misfire_or_injector_fault,1,3,480,1000,3.734336,-0.325143,9.26924,65.394671,134.31831,0.22173,-0.00196,-0.007853,0.0,196.125
776,cruise,3800.186971,71.024133,57.786616,103.26109,270.745761,762.567204,25.474947,0.2065,10.159864,19.175549,3827.766938,mixed_overheating__misfire_or_injector_fault,1,3,480,1000,1.622276,0.508826,8.861097,64.296248,78.881882,0.258567,-0.009738,-0.09509,0.0,196.12
777,cruise,3793.130487,70.945764,58.949995,103.149461,271.025723,763.834812,25.290161,0.20883,9.244426,17.65869,3696.764904,mixed_overheating__misfire_or_injector_fault,1,3,480,1000,0.721561,0.366124,10.320645,65.905486,79.069595,0.177706,-0.003803,-0.06759,0.0,196.115
778,cruise,3794.03767,69.338832,58.973169,102.470115,269.304403,763.988898,25.368417,0.211535,12.512358,19.669883,3856.274115,mixed_overheating__misfire_or_injector_fault,1,3,480,1000,2.700013,0.420232,10.257414,65.801305,79.742476,-0.14855,0.011756,-0.102485,0.0,196.11
779,cruise,3790.578261,71.592236,58.070875,103.45656,268.845348,763.285407,25.342904,0.207955,11.056001,18.191544,3946.649669,mixed_overheating__misfire_or_injector_fault,1,3,480,1000,-1.082553,-0.214443,10.5652,62.869104,78.333022,0.008411,0.004965,0.040026,0.0,196.105
780,cruise,3365.642646,69.066169,57.582149,103.217713,268.033962,769.454112,25.401511,0.196114,10.915026,18.621073,3809.314139,mixed_overheating__misfire_or_injector_fault,1,3,480,1000,-0.295289,0.188833,10.347983,65.047456,82.400427,-0.026008,-0.000213,-0.068701,0.0,196.1
781,cruise,3793.874935,71.508136,58.772359,104.473242,270.90811,763.348284,25.446212,0.212457,9.323743,18.884947,3611.341681,mixed_overheating__misfire_or_injector_fault,1,3,480,1000,5.664931,0.399667,9.901215,65.920312,78.162748,0.1702,0.00599,-0.113319,0.0,196.095
782,cruise,3775.425354,70.481894,58.711509,103.17927,271.62262,765.239784,25.201219,0.210014,13.450244,18.540447,3779.619344,mixed_overheating__misfire_or_injector_fault,1,3,480,1000,-1.797281,0.781539,10.788074,65.662915,79.356887,0.080242,-0.001846,-0.136398,0.0,196.09
783,cruise,3814.496324,69.659184,57.394874,103.017151,269.276736,762.284501,24.807183,0.207219,9.557307,19.411444,3850.145837,mixed_overheating__misfire_or_injector_fault,1,3,480,1000,-1.376422,-0.072127,10.346564,64.778505,80.207773,-0.142855,0.002517,0.018933,0.0,196.085
784,cruise,3787.226715,69.441456,58.201266,103.373071,269.628191,763.35138,25.23926,0.218441,10.529056,20.118525,3676.701542,mixed_overheating__misfire_or_injector_fault,1,3,480,1000,0.343383,-0.174703,9.418518,63.928681,81.665884,-0.036557,0.001817,0.105765,0.0,196.08
785,cruise,3406.109635,71.288453,57.93065,103.152391,270.007396,809.852154,25.296268,0.206608,11.986762,18.088571,3830.389259,mixed_overheating__misfire_or_injector_fault,1,3,480,1000,1.566102,0.218606,9.98259,65.196805,127.123676,-0.088385,-0.001805,-0.041809,0.0,196.075
786,cruise,3799.070096,71.515457,58.49464,101.909795,270.606936,760.074024,25.200074,0.213595,8.764962,19.362949,3816.455876,mixed_overheating__misfire_or_injector_fault,1,3,480,1000,-1.151054,-0.250092,9.105856,64.464962,80.411524,-0.10926,-0.001723,-0.071238,0.0,196.07
787,cruise,3798.535705,70.453087,58.451578,103.954099,270.333691,765.690746,25.377491,0.211373,12.300602,18.798405,3908.033235,mixed_overheating__misfire_or_injector_fault,1,3,480,1000,-1.890494,-0.588336,10.921104,65.59584,80.824594,0.097971,0.003863,-0.006469,0.0,196.065
788,cruise,3774.968045,68.010172,59.056956,102.790697,269.164731,764.618204,25.240698,0.217308,11.160588,18.946366,3612.081398,mixed_overheating__misfire_or_injector_fault,1,3,480,1000,-0.336824,0.509742,9.874532,64.88453,80.093477,-0.109822,-0.001535,-0.001751,0.0,196.06
789,cruise,3809.321883,69.875171,58.519445,102.912132,268.569967,763.2876,25.552179,0.196318,9.199297,16.982079,3858.189384,mixed_overheating__misfire_or_injector_fault,1,3,480,1000,4.354241,0.086685,10.33505,65.806347,78.532353,-0.069132,0.010817,0.000515,0.0,196.055
790,cruise,3553.435632,71.352894,58.979175,103.348666,269.022069,796.975928,25.607267,0.207018,10.518923,20.035563,3632.276753,mixed_overheating__misfire_or_injector_fault,1,3,480,1000,0.524881,0.262292,9.89657,64.503023,114.425279,0.284267,0.001413,0.085183,0.0,196.05
791,cruise,3791.69402,69.131522,58.295222,103.804061,268.254662,765.322207,25.566042,0.204246,10.957042,18.299058,3908.995008,mixed_overheating__misfire_or_injector_fault,1,3,480,1000,1.328425,-0.10986,10.092808,64.961516,80.087848,0.038987,-0.001712,0.143563,0.0,196.045
792,cruise,3794.224888,71.258246,58.08432,102.360058,270.165818,763.650359,25.236815,0.203713,9.983261,19.611395,3790.940878,mixed_overheating__misfire_or_injector_fault,1,3,480,1000,1.659099,0.229346,10.121415,64.473532,78.303302,-0.035561,-0.000684,-0.106613,0.0,196.04
793,cruise,3749.950679,70.236404,58.418307,102.462657,267.650852,764.664086,25.405191,0.202115,13.248488,17.685117,3721.440262,mixed_overheating__misfire_or_injector_fault,1,3,480,1000,-0.173416,-0.921884,9.271983,66.007548,81.30142,-0.314969,0.002491,0.031611,0.0,196.035
794,cruise,3774.861189,71.132993,58.331519,103.284271,269.320042,763.515104,25.216963,0.208376,13.657513,17.340428,3849.737942,mixed_overheating__misfire_or_injector_fault,1,3,480,1000,0.212556,-0.34887,10.257891,64.804871,79.090641,0.065076,0.00616,0.16319,0.0,196.03
795,cruise,3535.053779,69.806723,58.331967,103.333652,269.281892,765.684268,25.257599,0.217248,12.000933,19.014643,3985.456072,mixed_overheating__misfire_or_injector_fault,1,3,480,1000,-4.247252,-0.195173,10.713674,64.420065,80.30232,0.024418,-0.000883,-0.027876,0.0,196.025
796,cruise,3781.785442,71.004186,57.928983,104.799328,269.187181,760.484622,25.538581,0.198203,12.081602,16.038367,3755.557291,mixed_overheating__misfire_or_injector_fault,1,3,480,1000,-2.407671,0.431028,9.739027,64.754694,79.090143,-0.019573,0.003749,-0.029702,0.0,196.02
797,cruise,3768.518078,71.146544,58.802609,102.87719,269.584801,762.454302,25.496736,0.208464,11.677738,17.535376,3684.925086,mixed_overheating__misfire_or_injector_fault,1,3,480,1000,-0.269734,-0.12608,10.073573,64.602348,81.523585,0.127982,0.005809,0.051378,0.0,196.015
798,cruise,3776.518408,71.515323,58.13168,102.266797,270.611791,763.212409,25.669738,0.2058,11.223972,19.464807,3825.623603,mixed_overheating__misfire_or_injector_fault,1,3,480,1000,1.391053,0.192136,9.503726,64.635371,79.326942,0.003734,-0.002382,-0.070781,0.0,196.01
799,cruise,3791.71332,69.827867,59.021262,103.081632,268.947095,759.991927,25.350165,0.210371,10.385108,18.959367,3851.837362,mixed_overheating__misfire_or_injector_fault,1,3,480,1000,-0.356611,-0.000847,10.090256,63.902473,81.040003,-0.101948,-0.002794,-0.074927,0.0,196.005
800,descent,3485.234262,49.896434,58.327409,103.217641,258.887116,750.91292,22.391874,0.216949,7.368217,18.292587,3845.890901,mixed_overheating__misfire_or_injector_fault,1,3,480,1000,0.958272,-0.202674,9.913582,64.263867,118.793733,0.237733,0.001065,-0.118184,0.0,196.0
801,descent,3466.053767,49.827239,58.403179,103.296802,260.771187,716.728354,22.38237,0.202991,7.280986,18.743566,3797.713582,mixed_overheating__misfire_or_injector_fault,1,3,480,1000,3.202232,0.477794,9.729461,66.84522,80.208614,0.200393,0.000817,-0.066398,0.0,195.995
802,descent,3480.166986,50.837571,58.455949,104.206457,259.170131,707.122299,22.122353,0.212233,7.753572,18.438497,3904.960491,mixed_overheating__misfire_or_injector_fault,1,3,480,1000,-3.558069,-0.331103,8.873912,64.483859,78.632887,-0.056417,-0.006004,0.036025,0.0,195.99
803,descent,3462.260946,50.827634,58.617344,103.268576,261.623713,715.317861,22.205448,0.214692,9.260422,19.723543,3794.381778,mixed_overheating__misfire_or_injector_fault,1,3,480,1000,1.239505,0.118694,10.033842,65.921945,79.953717,0.094749,-0.007904,-0.118551,0.0,195.985
804,descent,3480.858837,51.050463,58.230674,102.700051,259.546008,714.634277,22.464879,0.20931,5.503098,16.675576,3741.732655,mixed_overheating__misfire_or_injector_fault,1,3,480,1000,-0.316807,0.201604,8.915667,65.368426,79.314557,0.004478,0.012329,-0.159805,0.0,195.98
805,descent,3196.131182,50.332359,58.84091,102.596256,262.177481,759.813075,22.331353,0.203891,7.221714,17.415163,3732.453955,mixed_overheating__misfire_or_injector_fault,1,3,480,1000,-1.839081,0.124131,10.457267,64.048353,129.487864,0.047152,-0.004198,-0.087316,0.0,195.975
806,descent,3476.792114,50.979164,58.550986,103.075941,260.23927,709.332084,22.538023,0.211401,8.105982,17.679415,3801.945214,mixed_overheating__misfire_or_injector_fault,1,3,480,1000,0.79091,0.114375,10.117563,64.40621,79.960901,-0.059922,-0.003545,-0.101601,0.0,195.97
807,descent,3467.27901,49.39899,58.551778,104.314549,259.908603,717.905311,22.457364,0.203636,7.570038,18.325415,3758.318135,mixed_overheating__misfire_or_injector_fault,1,3,480,1000,5.418025,-0.002854,10.130319,66.255349,79.632098,0.105779,-0.006805,0.073368,0.0,195.965
808,descent,3517.486357,50.337151,59.275716,103.794282,258.851476,713.183655,22.197097,0.204207,11.421883,16.695241,3637.117688,mixed_overheating__misfire_or_injector_fault,1,3,480,1000,-0.11121,0.699848,10.053726,64.177977,80.513309,-0.079879,-0.000552,0.045926,0.0,195.96
809,descent,3522.198422,49.321178,58.422849,102.07172,261.18605,715.83954,22.175764,0.204918,10.577889,20.802298,3728.609869,mixed_overheating__misfire_or_injector_fault,1,3,480,1000,0.995643,-0.246668,9.8718,64.89556,80.07072,0.463561,0.003001,-0.052555,0.0,195.955
810,descent,3471.505934,49.981232,58.281276,102.709605,259.861333,765.109218,22.567558,0.200494,4.073532,18.710456,3796.638203,mixed_overheating__misfire_or_injector_fault,1,3,480,1000,-2.07568,0.259767,10.113916,64.915803,139.415299,0.073303,0.006549,0.103341,0.0,195.95
811,descent,3471.325703,51.13568,58.232186,102.684791,259.514687,714.556195,22.294739,0.202829,6.407849,18.735359,3730.773182,mixed_overheating__misfire_or_injector_fault,1,3,480,1000,-0.101251,-0.290013,10.200016,65.722741,79.579061,0.140423,0.000579,-0.032019,0.0,195.945
812,descent,3454.582368,48.669845,58.568073,103.70818,257.572345,711.636238,22.49303,0.20438,7.756128,18.657447,3887.504069,mixed_overheating__misfire_or_injector_fault,1,3,480,1000,2.140834,0.225157,10.94111,64.194854,78.313093,-0.027041,-0.005572,0.078465,0.0,195.94
813,descent,3480.49004,48.590894,57.825574,102.343639,260.380735,715.448783,22.354594,0.210885,8.802625,18.705497,3867.079782,mixed_overheating__misfire_or_injector_fault,1,3,480,1000,-1.521241,-0.30375,10.195335,65.24335,81.950463,-0.047433,-0.000215,0.000697,0.0,195.935
814,descent,3483.372201,50.783577,58.58149,103.426989,258.907379,715.813937,22.551152,0.214129,7.071005,18.310278,3804.194128,mixed_overheating__misfire_or_injector_fault,1,3,480,1000,-2.102769,-0.385307,10.242019,64.834521,79.636276,-0.174218,0.002241,0.221909,0.0,195.93
815,descent,3292.102379,50.671287,58.459669,103.143551,259.590286,712.348271,22.541422,0.197057,6.829373,18.917032,3900.628945,mixed_overheating__misfire_or_injector_fault,1,3,480,1000,5.028752,-0.224358,9.750351,65.247564,77.908347,0.125218,-0.00672,-0.027147,0.0,195.925
816,descent,3493.700848,48.720631,57.65226,103.072594,259.429449,717.667248,22.31487,0.209958,6.465929,17.009684,3724.643629,mixed_overheating__misfire_or_injector_fault,1,3,480,1000,1.792127,0.087719,9.87268,64.935995,78.663903,-0.041394,-0.00686,-0.026662,0.0,195.92
817,descent,3504.704167,50.392536,58.539355,103.138885,260.113856,714.61062,22.469252,0.208106,7.454372,19.647034,3831.513343,mixed_overheating__misfire_or_injector_fault,1,3,480,1000,-0.108517,-0.558812,9.029367,65.903652,80.616386,0.004761,-0.003187,-0.041686,0.0,195.915
818,descent,3493.881949,49.637016,58.504407,103.807338,259.816319,715.451072,22.696638,0.208477,9.337298,16.657286,3718.677893,mixed_overheating__misfire_or_injector_fault,1,3,480,1000,4.882428,-0.162513,10.475579,65.31611,79.250384,0.301645,-0.000631,0.073334,0.0,195.91
819,descent,3494.859885,50.993137,58.877932,103.252244,257.736771,709.860991,22.223502,0.212049,6.593236,17.881356,3867.761295,mixed_overheating__misfire_or_injector_fault,1,3,480,1000,-3.77801,0.594841,9.697521,64.854844,80.380631,0.048333,-0.005556,0.121894,0.0,195.905
820,descent,3110.383546,49.522659,57.940081,102.964479,258.735878,713.728965,22.386291,0.203579,10.248568,18.748639,3800.277724,mixed_overheating__misfire_or_injector_fault,1,3,480,1000,-0.955686,0.26355,9.927022,63.186995,78.93137,0.091145,0.000638,-0.110132,0.0,195.9
821,descent,3480.464698,50.472885,58.580663,103.1782,261.14764,709.680566,22.650839,0.216146,4.801755,18.341119,3630.656849,mixed_overheating__misfire_or_injector_fault,1,3,480,1000,-1.416808,0.640529,9.873309,64.731108,80.296442,0.062781,0.002166,-0.170673,0.0,195.895
822,descent,3496.493133,48.679951,58.868902,102.880455,260.570268,715.3886,22.386831,0.214408,7.962844,17.668641,3866.666556,mixed_overheating__misfire_or_injector_fault,1,3,480,1000,-1.838975,-0.009373,9.306412,66.581434,80.543776,0.049947,-0.007106,-0.011303,0.0,195.89
823,descent,3506.396699,50.517349,57.980622,104.213006,259.731182,712.713997,22.395054,0.20647,7.941097,18.066322,3835.12237,mixed_overheating__misfire_or_injector_fault,1,3,480,1000,-0.670355,-0.048144,10.074735,64.944776,81.170776,-0.116442,-0.003414,0.012269,0.0,195.885
824,descent,3483.334089,49.132017,59.728007,102.583013,259.3168,717.595798,22.409274,0.201371,8.490481,17.450009,3929.24086,mixed_overheating__misfire_or_injector_fault,1,3,480,1000,3.184972,-0.278563,10.407087,64.745487,81.460113,-0.133241,0.005381,0.030143,0.0,195.88
825,descent,3487.359575,49.413192,58.515472,104.203498,261.046929,713.651468,22.285492,0.20933,8.487355,17.361694,3893.396463,mixed_overheating__misfire_or_injector_fault,1,3,480,1000,0.953012,0.1461,11.244703,63.344083,81.197128,-0.057554,0.00189,0.074533,0.0,195.875
826,descent,3503.73599,50.818472,58.317794,103.928156,259.135176,710.308872,22.334565,0.202465,7.874505,17.823529,3833.109725,mixed_overheating__misfire_or_injector_fault,1,3,480,1000,2.229957,0.377981,9.269044,66.362226,80.029786,0.059962,0.006423,0.065945,0.0,195.87
827,descent,3511.045278,50.750857,58.464759,103.100694,261.238476,716.869639,22.843088,0.216707,8.474,17.938631,3907.723736,mixed_overheating__misfire_or_injector_fault,1,3,480,1000,3.431306,0.633648,10.575218,64.856747,80.087393,0.167676,-0.005196,-0.05499,0.0,195.865
828,descent,3503.471596,51.616435,58.926637,101.987703,258.244058,715.480663,22.364767,0.201965,5.912864,19.320199,3706.996825,mixed_overheating__misfire_or_injector_fault,1,3,480,1000,-1.724858,0.458409,9.933751,65.201448,79.615717,0.139663,0.001361,0.046128,0.0,195.86
829,descent,3430.164379,52.118914,58.739084,103.418806,258.669699,711.734008,22.335638,0.2112,9.729654,19.263796,3780.064831,mixed_overheating__misfire_or_injector_fault,1,3,480,1000,4.575546,-0.157968,10.710185,65.042465,79.834127,0.231992,-0.004449,-0.003016,0.0,195.855
830,descent,3143.518998,51.730245,58.523672,103.786818,260.231864,762.244899,22.330622,0.202612,9.408168,19.424965,3630.045017,mixed_overheating__misfire_or_injector_fault,1,3,480,1000,0.514669,0.280617,9.873361,65.432855,132.808474,-0.173949,0.002501,0.061789,0.0,195.85
831,descent,3461.658677,49.549874,57.712902,103.497529,258.778708,711.286658,22.364024,0.20195,6.017222,18.290425,3856.23129,mixed_overheating__misfire_or_injector_fault,1,3,480,1000,-4.437526,0.223803,10.668925,65.625469,78.114298,-0.268364,0.002793,0.007859,0.0,195.845
832,descent,3511.227259,51.56249,58.141616,102.573169,259.737881,714.246205,22.228753,0.21089,10.851521,17.404236,3758.125681,mixed_overheating__misfire_or_injector_fault,1,3,480,1000,-7.743847,-0.38112,10.301533,64.874803,82.423084,-0.190635,0.006626,-0.028511,0.0,195.84
833,descent,3474.191096,49.169288,57.805753,102.782968,260.690747,715.652158,22.222994,0.208499,8.543149,19.288725,3768.69812,mixed_overheating__misfire_or_injector_fault,1,3,480,1000,5.023552,0.056718,10.431537,64.161472,81.162169,0.16128,0.000885,-0.07166,0.0,195.835
834,descent,3501.246345,50.296692,58.597597,104.076443,259.080177,712.846114,22.364724,0.206522,7.379199,19.299559,3591.629535,mixed_overheating__misfire_or_injector_fault,1,3,480,1000,-5.321631,-0.617334,10.214522,66.296421,81.591585,-0.296981,0.007342,-0.17735,0.0,195.83
835,descent,3188.121318,50.16811,59.174675,103.444061,259.406665,763.619718,22.245342,0.206525,7.612494,19.185186,3603.51516,mixed_overheating__misfire_or_injector_fault,1,3,480,1000,-2.453242,0.044253,10.051367,65.265135,131.21292,-0.024503,-0.003595,0.074331,0.0,195.825
836,descent,3482.170769,51.266216,57.592681,102.88974,259.614039,712.363358,22.247841,0.220349,8.274296,19.601198,3848.442807,mixed_overheating__misfire_or_injector_fault,1,3,480,1000,4.715972,0.127535,9.843642,65.106278,81.03662,-0.008867,0.002466,-0.103881,0.0,195.82
837,descent,3477.462966,51.326698,57.796779,103.065721,261.258837,714.817431,22.476546,0.212034,8.601026,19.721101,4045.14039,mixed_overheating__misfire_or_injector_fault,1,3,480,1000,1.935296,0.478964,9.33294,65.961797,78.586848,-0.062694,0.007826,0.097821,0.0,195.815
838,descent,3481.65857,50.497954,58.525255,103.13128,259.680391,714.644396,22.493143,0.203514,11.575136,18.541774,3760.078287,mixed_overheating__misfire_or_injector_fault,1,3,480,1000,0.753402,0.118342,10.561384,64.835593,77.657817,-0.094003,-0.007153,-0.110843,0.0,195.81
839,descent,3515.249509,49.942753,58.953135,102.488919,260.388698,711.692774,22.601673,0.206778,7.326853,19.375539,4023.646114,mixed_overheating__misfire_or_injector_fault,1,3,480,1000,3.55055,0.208057,9.998965,65.998407,78.279742,0.087127,0.004257,0.078212,0.0,195.805
840,descent,3232.428773,48.425604,58.512312,103.506955,259.011905,714.161664,22.229443,0.205837,4.281116,17.686219,3832.274793,mixed_overheating__misfire_or_injector_fault,1,3,480,1000,-0.940648,-0.334863,9.448274,65.711456,76.450383,0.285441,-0.00232,0.030499,0.0,195.8
841,descent,3494.201516,50.290335,57.892389,102.864578,261.504692,715.346402,22.374005,0.211112,6.754374,18.673604,3679.722424,mixed_overheating__misfire_or_injector_fault,1,3,480,1000,4.736441,-1.060323,9.943314,65.043873,78.381971,0.249075,-0.000473,-0.001972,0.0,195.795
842,descent,3492.904839,50.965627,58.645186,103.883571,259.967299,715.709475,22.407478,0.20606,9.034973,19.470488,3759.200371,mixed_overheating__misfire_or_injector_fault,1,3,480,1000,0.844557,-0.129299,10.405885,65.531893,79.378068,0.300763,0.001601,0.054748,0.0,195.79
843,descent,3478.606461,49.616382,58.443881,102.874806,260.305127,710.762004,22.525032,0.206517,9.226078,17.035675,3816.808026,mixed_overheating__misfire_or_injector_fault,1,3,480,1000,-0.270431,-0.172483,9.642303,65.12326,79.614151,0.058625,0.004844,0.043087,0.0,195.785
844,descent,3477.409187,51.192201,58.33782,103.249892,258.355101,717.91883,22.113247,0.216908,10.906329,18.670612,3591.019961,mixed_overheating__misfire_or_injector_fault,1,3,480,1000,1.593195,-0.535808,10.400684,64.761959,79.305776,-0.062117,-0.001605,0.028166,0.0,195.78
845,descent,3474.437332,52.442897,58.019455,103.075137,258.908783,779.038894,22.466574,0.20923,7.769561,18.2124,3716.388492,mixed_overheating__misfire_or_injector_fault,1,3,480,1000,4.677735,0.580499,10.202716,65.625941,148.085899,0.080449,3e-06,-0.155066,0.0,195.775
846,descent,3501.946588,50.620331,58.421212,103.413557,259.775781,711.186532,22.262,0.213095,8.51058,17.645813,3808.698049,mixed_overheating__misfire_or_injector_fault,1,3,480,1000,-1.068897,-0.654242,9.591158,65.304979,80.476908,0.022609,0.003929,0.023277,0.0,195.77
847,descent,3477.390658,51.641985,58.772267,103.108314,261.387475,718.540214,22.108694,0.212411,9.658746,19.472314,3618.651267,mixed_overheating__misfire_or_injector_fault,1,3,480,1000,0.898193,0.121377,10.281021,65.865623,81.021532,0.023347,0.00403,-0.035981,0.0,195.765
848,descent,3485.319948,50.303954,58.674438,103.922366,259.599337,714.457006,22.3951,0.215616,11.836057,18.36203,3861.40948,mixed_overheating__misfire_or_injector_fault,1,3,480,1000,-0.272605,0.669547,9.525684,64.609205,80.910083,-0.049617,-0.006089,0.196747,0.0,195.76
849,descent,3477.259801,50.429092,58.094384,103.037159,260.20117,711.808373,22.47529,0.205893,8.585362,16.610615,3776.870079,mixed_overheating__misfire_or_injector_fault,1,3,480,1000,-4.438186,-0.468198,10.153812,63.523483,81.352817,0.102213,-0.001227,-0.047076,0.0,195.755
850,descent,3078.93916,51.233434,58.747399,102.686029,260.914892,748.253,22.318258,0.216418,8.63492,19.85359,3930.506613,mixed_overheating__misfire_or_injector_fault,1,3,480,1000,6.521699,0.880343,10.300325,65.985343,119.64188,0.118275,0.008013,-0.100814,0.0,195.75
851,descent,3508.26671,50.131606,58.634861,103.43634,259.758925,712.245602,22.316848,0.211385,11.156195,17.203442,3828.819168,mixed_overheating__misfire_or_injector_fault,1,3,480,1000,2.520891,0.627343,9.395365,65.81126,80.754278,-0.108059,0.00178,-0.035781,0.0,195.745
852,descent,3487.865141,50.736485,58.685591,103.303378,261.865116,716.346857,22.441712,0.204989,8.284357,17.209389,3848.290317,mixed_overheating__misfire_or_injector_fault,1,3,480,1000,2.13954,-0.051565,9.217596,64.47132,81.490602,0.134275,-0.001692,0.10599,0.0,195.74
853,descent,3467.828267,51.450127,59.139769,102.103243,259.10543,713.357137,22.351335,0.206165,6.872868,19.803824,3809.172267,mixed_overheating__misfire_or_injector_fault,1,3,480,1000,-3.862108,-0.441957,10.412167,64.663398,82.227492,0.054851,-0.003998,0.133358,0.0,195.735
854,descent,3497.695902,50.810428,58.097174,103.401452,260.204262,712.312074,22.291637,0.211198,6.35192,18.831086,3631.414078,mixed_overheating__misfire_or_injector_fault,1,3,480,1000,1.601276,0.302756,9.26465,66.575578,80.437834,-0.021344,0.004815,-0.004658,0.0,195.73
855,descent,3469.679776,50.967512,58.610314,102.808352,257.661634,778.41967,22.43216,0.197206,6.787324,17.836211,3665.891969,mixed_overheating__misfire_or_injector_fault,1,3,480,1000,3.596592,0.097653,10.431612,65.480816,142.474868,-0.046969,0.003664,-0.153104,0.0,195.725
856,descent,3492.850655,52.018474,58.430528,103.163875,262.320073,715.257039,22.430357,0.216765,7.016315,19.971346,3659.19749,mixed_overheating__misfire_or_injector_fault,1,3,480,1000,0.294304,-0.390928,10.226164,64.103511,80.253206,-0.08834,0.000435,-0.17199,0.0,195.72
857,descent,3477.379374,49.876388,57.832963,103.4109,260.971774,713.864875,22.260969,0.209974,6.598722,17.193255,3936.183526,mixed_overheating__misfire_or_injector_fault,1,3,480,1000,-1.987612,0.311936,9.95623,66.028595,79.078613,-0.276827,-0.004883,-0.235163,0.0,195.715
858,descent,3475.811459,50.676139,58.416679,102.902577,259.556522,714.439767,22.021208,0.203646,9.699261,18.250701,3831.598582,mixed_overheating__misfire_or_injector_fault,1,3,480,1000,-2.877635,0.476295,9.239519,64.439809,84.107553,-0.035791,0.013744,0.074875,0.0,195.71
859,descent,3450.989484,50.447584,58.925719,103.378406,257.925285,713.319153,22.42135,0.213546,10.094261,19.289044,3962.016956,mixed_overheating__misfire_or_injector_fault,1,3,480,1000,-4.429087,0.14136,10.361932,65.371102,79.364895,0.195854,-0.003175,0.144192,0.0,195.705
860,descent,3167.130307,47.990577,58.992868,102.423395,258.48587,711.379856,22.307489,0.2072,6.431662,18.337931,3861.235326,mixed_overheating__misfire_or_injector_fault,1,3,480,1000,-4.970883,0.145286,10.015942,64.678556,79.460654,0.070942,-0.004251,0.066303,0.0,195.7
861,descent,3528.723272,49.49816,59.095495,103.839105,260.546972,717.002899,22.473397,0.207767,7.016703,19.576937,3815.268024,mixed_overheating__misfire_or_injector_fault,1,3,480,1000,0.574205,0.568018,10.011829,65.470462,76.803256,0.031716,-0.003939,-0.087323,0.0,195.695
862,descent,3485.418883,50.877586,58.080618,103.795865,259.310419,711.519323,22.449183,0.207859,8.929251,19.500558,3835.381607,mixed_overheating__misfire_or_injector_fault,1,3,480,1000,1.102069,-0.289344,9.529409,65.539971,80.820095,0.205234,-0.002243,-0.026057,0.0,195.69
863,descent,3436.506216,51.040127,57.556303,102.397518,260.899209,714.171839,22.289095,0.226546,7.855704,18.867458,3792.707061,mixed_overheating__misfire_or_injector_fault,1,3,480,1000,3.748313,0.67052,10.085712,65.298584,79.284071,-0.181121,0.002222,0.119422,0.0,195.685
864,descent,3451.899524,50.815333,58.042956,103.26336,259.713752,709.814087,22.389137,0.213982,8.387328,16.943363,3698.517895,mixed_overheating__misfire_or_injector_fault,1,3,480,1000,-2.966578,0.333308,9.668928,64.960509,81.632148,0.079662,-0.000821,0.098995,0.0,195.68
865,descent,3109.28278,49.256688,58.700677,102.865411,259.198683,715.419012,22.36587,0.201131,10.334664,17.917328,3889.565864,mixed_overheating__misfire_or_injector_fault,1,3,480,1000,4.291624,0.225129,10.426914,64.903625,79.635353,-0.319368,-0.005505,0.091968,0.0,195.675
866,descent,3526.774804,52.066702,58.127833,103.537044,261.546255,715.858807,22.364626,0.210644,6.036996,17.350188,3689.575867,mixed_overheating__misfire_or_injector_fault,1,3,480,1000,-0.113746,-0.700714,10.638992,65.07301,78.549161,0.152035,0.000269,-0.117745,0.0,195.67
867,descent,3504.802793,48.944519,58.439075,103.431994,258.29679,713.516099,22.608374,0.209004,8.094384,18.299278,3839.55018,mixed_overheating__misfire_or_injector_fault,1,3,480,1000,-3.946122,-0.264086,9.874605,63.25417,80.891418,-0.159738,-0.002954,-0.045512,0.0,195.665
868,descent,3500.380273,51.022002,59.372001,102.931133,259.409594,713.8902,22.463792,0.203671,7.017026,17.834245,3818.317651,mixed_overheating__misfire_or_injector_fault,1,3,480,1000,-1.964962,0.633013,10.606395,65.160028,81.145327,-0.276911,-0.005637,-0.163952,0.0,195.66
869,descent,3498.896236,50.893304,58.692771,103.778464,258.320931,715.897262,22.182452,0.202127,9.300629,19.139088,3569.80233,mixed_overheating__misfire_or_injector_fault,1,3,480,1000,-4.566294,0.474613,10.060611,65.827102,80.074513,0.060745,0.002515,-0.083748,0.0,195.655
870,descent,3273.418765,48.731068,58.543633,103.764576,260.909844,791.780226,22.333357,0.211927,5.019832,17.995405,3729.753814,mixed_overheating__misfire_or_injector_fault,1,3,480,1000,1.144205,0.320633,10.107793,64.567042,158.146626,-0.108684,0.00732,-0.080064,0.0,195.65
871,descent,3478.070763,49.489098,58.870832,103.539264,259.951432,712.518528,22.127385,0.204527,7.687241,18.946735,3772.467787,mixed_overheating__misfire_or_injector_fault,1,3,480,1000,0.633816,0.027726,9.751813,64.202487,80.772177,-0.066405,-0.00082,-0.14295,0.0,195.645
872,descent,3488.780539,50.315872,58.709111,102.713624,260.31603,711.36616,22.409805,0.19952,7.661325,19.052136,3873.864077,mixed_overheating__misfire_or_injector_fault,1,3,480,1000,-0.647986,-0.487896,10.049067,65.335719,82.411295,0.202702,-0.002695,-0.039436,0.0,195.64
873,descent,3499.558533,51.842505,57.989253,103.312177,259.07778,716.562163,21.967592,0.204613,7.440338,18.420955,3709.53861,mixed_overheating__misfire_or_injector_fault,1,3,480,1000,-1.953946,0.633219,10.409603,65.154306,80.171111,0.062953,-0.00691,0.077391,0.0,195.635
874,descent,3439.110825,49.477594,58.107679,103.118187,259.27251,716.917447,22.522106,0.208095,9.607073,17.748634,3781.838842,mixed_overheating__misfire_or_injector_fault,1,3,480,1000,0.711188,-0.059997,9.456968,65.050268,80.454373,-0.311122,-0.005391,0.102278,0.0,195.63
875,descent,3187.094141,51.208297,58.677488,103.805117,260.324903,716.053143,22.581643,0.214849,6.830804,18.057781,3765.059817,mixed_overheating__misfire_or_injector_fault,1,3,480,1000,-0.997059,0.541096,9.668979,64.393597,79.258199,-0.146024,-0.004564,-0.147671,0.0,195.625
876,descent,3483.889654,50.756326,58.485461,103.392116,259.23658,714.411735,22.389488,0.199046,8.084684,19.767302,3607.7723,mixed_overheating__misfire_or_injector_fault,1,3,480,1000,-3.668553,0.202448,10.562424,65.803146,81.247449,0.106447,0.013072,0.139675,0.0,195.62
877,descent,3461.765636,50.998005,57.799278,103.446289,259.065635,716.756803,22.585052,0.216569,7.389598,18.056585,3557.26252,mixed_overheating__misfire_or_injector_fault,1,3,480,1000,0.676123,0.056052,10.041207,63.284881,77.278173,0.025521,-0.008144,-0.05732,0.0,195.615
878,descent,3515.217302,51.048497,58.489323,103.256268,260.025806,714.380964,22.322824,0.218111,8.383654,18.592811,3732.667182,mixed_overheating__misfire_or_injector_fault,1,3,480,1000,-0.71742,0.017012,9.407591,65.396219,79.062992,-0.04366,-0.002054,-0.066667,0.0,195.61
879,descent,3501.600524,50.853892,58.349876,103.713858,259.645339,717.02452,22.294758,0.206211,6.467202,17.97337,3720.984355,mixed_overheating__misfire_or_injector_fault,1,3,480,1000,-1.546156,-0.015578,10.460177,64.472789,80.844271,-0.080848,-0.004084,0.086503,0.0,195.605
880,descent,3458.051004,50.065078,58.834835,103.341725,261.488434,775.391644,22.625479,0.204245,7.011794,19.132248,3742.924219,mixed_overheating__misfire_or_injector_fault,1,3,480,1000,2.60952,-0.203684,10.809927,65.430232,143.001428,0.020174,0.001148,-0.088516,0.0,195.6
881,descent,3472.024907,50.249231,58.003131,102.261536,259.931082,712.807546,22.69251,0.210929,7.459555,16.83119,3635.207121,mixed_overheating__misfire_or_injector_fault,1,3,480,1000,1.76211,0.177182,10.382768,66.726249,81.198306,0.168203,0.003408,0.06405,0.0,195.595
882,descent,3472.129036,50.941819,58.82721,103.052559,259.998731,710.878877,22.230843,0.212738,7.484094,19.720074,3690.189177,mixed_overheating__misfire_or_injector_fault,1,3,480,1000,0.675218,-0.477196,9.477556,65.622883,82.514712,-0.074524,-0.003749,0.023818,0.0,195.59
883,descent,3504.219321,52.380912,58.1184,103.338774,260.409215,707.835873,22.358817,0.210312,7.530647,18.642473,3771.21383,mixed_overheating__misfire_or_injector_fault,1,3,480,1000,-0.066345,0.095021,9.01697,64.869193,79.073863,-0.02554,0.000944,0.005702,0.0,195.585
884,descent,3507.786925,50.403244,58.074294,103.080052,260.55267,710.56409,22.298671,0.209812,9.049655,19.101447,3730.551377,mixed_overheating__misfire_or_injector_fault,1,3,480,1000,2.632306,0.710903,10.297276,64.300817,82.748085,0.100452,-0.003188,0.057527,0.0,195.58
885,descent,3494.785487,49.578451,57.944767,103.417598,259.353994,741.241247,22.563399,0.204883,6.664036,19.301648,3912.073577,mixed_overheating__misfire_or_injector_fault,1,3,480,1000,1.945242,0.527243,9.911367,65.949054,110.631978,0.037436,0.006818,-0.06049,0.0,195.575
886,descent,3501.259421,49.790811,58.697901,103.533246,259.86205,713.500321,22.388878,0.20653,7.396197,18.487448,3707.367383,mixed_overheating__misfire_or_injector_fault,1,3,480,1000,0.175776,-0.074352,9.391724,63.055437,78.071718,-0.081403,-7e-05,0.060154,0.0,195.57
887,descent,3474.177361,49.07043,57.594266,102.67288,260.51601,713.17751,22.181056,0.211256,8.38079,18.586334,3903.013563,mixed_overheating__misfire_or_injector_fault,1,3,480,1000,3.763382,0.306721,10.212795,64.668512,76.291434,-0.08608,0.003705,-0.071707,0.0,195.565
888,descent,3461.492036,51.896227,58.250049,102.736648,259.758693,715.105834,22.30078,0.214787,8.180752,18.475317,3924.666859,mixed_overheating__misfire_or_injector_fault,1,3,480,1000,-1.878416,-0.082139,10.07752,65.9586,79.883895,-0.166338,-0.002655,-0.05241,0.0,195.56
889,descent,3456.389488,49.824967,58.73552,103.202273,259.320478,714.355493,22.382744,0.203426,8.972437,17.6023,3847.058507,mixed_overheating__misfire_or_injector_fault,1,3,480,1000,-1.184912,0.758625,10.014149,64.250656,78.851711,0.151454,0.000181,0.10277,0.0,195.555
890,descent,3129.735571,49.351931,58.509037,103.764757,259.3744,778.21421,22.374116,0.216458,11.32695,17.054547,3622.870657,mixed_overheating__misfire_or_injector_fault,1,3,480,1000,1.176463,0.326517,10.046663,64.184125,142.811616,0.378657,-0.003733,0.115244,0.0,195.55
891,descent,3505.19345,50.690244,58.555625,102.500238,259.726886,716.321522,22.343509,0.204688,9.010418,19.2739,3785.251994,mixed_overheating__misfire_or_injector_fault,1,3,480,1000,-3.437643,-0.136336,9.87633,63.828941,79.061037,0.166822,0.003768,-0.066478,0.0,195.545
892,descent,3474.134622,49.999818,58.641083,102.102343,260.146999,709.265554,22.249663,0.214132,6.976037,19.780473,3818.866687,mixed_overheating__misfire_or_injector_fault,1,3,480,1000,-6.036107,-0.062117,10.697582,64.714503,78.621211,0.104888,-0.001294,0.04707,0.0,195.54
893,descent,3483.197276,50.655729,58.925969,103.414276,260.651274,713.466396,22.300616,0.205814,8.454634,18.968704,3814.867725,mixed_overheating__misfire_or_injector_fault,1,3,480,1000,-2.946553,0.658822,9.995126,65.938189,78.538542,0.050543,-0.002951,-0.090169,0.0,195.535
894,descent,3457.258873,51.696366,58.955884,102.98062,260.045532,714.289226,22.500053,0.200057,7.754396,17.804434,3898.887774,mixed_overheating__misfire_or_injector_fault,1,3,480,1000,-0.911955,0.763839,10.547204,65.044741,82.842332,0.104069,-0.003464,-0.010248,0.0,195.53
895,descent,3206.775791,50.662628,57.559891,103.031253,260.45843,792.046705,22.447411,0.206181,8.366191,17.172663,3825.231777,mixed_overheating__misfire_or_injector_fault,1,3,480,1000,-1.253561,0.292603,10.478688,65.413415,158.514705,0.129167,-0.006062,-0.089862,0.0,195.525
896,descent,3478.228912,49.989264,58.769907,103.568293,257.625875,715.714192,22.194359,0.209319,7.482552,18.063126,3855.56812,mixed_overheating__misfire_or_injector_fault,1,3,480,1000,1.634139,-0.926307,9.437527,64.731831,80.932556,0.174093,-0.009756,-0.024295,0.0,195.52
897,descent,3460.908683,51.172106,59.424651,102.875852,258.197791,715.958323,22.549156,0.212142,8.635369,19.544351,3823.731418,mixed_overheating__misfire_or_injector_fault,1,3,480,1000,0.799742,0.184982,10.120384,65.733225,83.491972,-0.052082,0.005392,0.003633,0.0,195.515
898,descent,3459.807271,50.802167,57.979946,104.107166,261.678522,716.828604,22.392859,0.215072,8.472713,19.455681,3828.598746,mixed_overheating__misfire_or_injector_fault,1,3,480,1000,-3.110817,-0.28588,10.490649,65.611281,78.541706,-0.144255,0.002227,0.019772,0.0,195.51
899,descent,3512.147094,50.172952,58.864667,103.84421,258.950878,715.71869,22.372989,0.210158,8.999453,17.882136,3603.673764,mixed_overheating__misfire_or_injector_fault,1,3,480,1000,3.420584,0.15957,9.807038,65.480698,82.112265,0.161707,0.001435,-0.002464,0.0,195.505
900,landing,3027.074095,45.379722,58.528546,103.203287,255.945833,744.228704,21.488626,0.197186,8.630058,17.971993,3687.797146,mixed_overheating__misfire_or_injector_fault,1,3,480,1000,-3.657012,-0.338332,10.328,65.662742,123.305119,-0.111126,-0.000515,0.049617,0.0,195.5
901,landing,3414.177517,47.086325,58.230393,101.945836,253.88182,708.873736,21.399221,0.209545,6.251466,17.165762,3585.512489,mixed_overheating__misfire_or_injector_fault,1,3,480,1000,-4.951046,-0.274347,9.710719,64.998524,80.214342,0.195109,0.006001,-0.047575,0.0,195.495
902,landing,3433.751363,46.549075,58.910848,102.214745,254.315461,706.215056,21.2714,0.211482,7.13041,19.210304,3818.89765,mixed_overheating__misfire_or_injector_fault,1,3,480,1000,-1.658426,0.258311,9.810373,64.625247,83.311225,-0.086468,-0.00222,-0.107122,0.0,195.49
903,landing,3420.274675,44.580422,58.807775,103.981175,254.160879,704.421963,21.060067,0.213026,9.066135,17.836089,3943.793088,mixed_overheating__misfire_or_injector_fault,1,3,480,1000,5.78835,0.305893,9.657129,65.690007,79.026664,-0.047693,-0.002915,0.195853,0.0,195.485
904,landing,3450.181751,46.220493,58.347995,102.851001,252.901358,703.778613,21.712995,0.209629,8.260646,17.834795,3811.763071,mixed_overheating__misfire_or_injector_fault,1,3,480,1000,4.383965,0.273857,9.813317,65.191133,77.919474,0.048702,-1.2e-05,-0.112511,0.0,195.48
905,landing,3456.613089,44.25257,58.413849,104.190894,254.729464,746.867513,21.46925,0.206829,6.788164,18.039477,3765.94849,mixed_overheating__misfire_or_injector_fault,1,3,480,1000,2.011098,0.172301,11.083212,65.011531,125.902052,-0.07711,3.2e-05,0.070914,0.0,195.475
906,landing,3414.644326,44.426062,58.715824,102.667688,254.501579,703.624085,20.998428,0.211171,7.82822,18.687925,3851.073179,mixed_overheating__misfire_or_injector_fault,1,3,480,1000,1.28499,-0.259314,10.539024,65.347251,78.99873,-0.003386,-0.004061,0.051579,0.0,195.47
907,landing,3447.053614,44.604337,58.163073,102.279346,255.485816,706.079219,21.597339,0.207801,9.312944,19.089808,3753.682258,mixed_overheating__misfire_or_injector_fault,1,3,480,1000,0.564552,-0.501661,10.672511,66.073229,80.54675,-0.145965,-0.011104,-0.012321,0.0,195.465
908,landing,3419.379313,47.122819,58.334133,102.185072,255.49301,708.681294,21.176885,0.213456,6.105225,18.37848,3845.660317,mixed_overheating__misfire_or_injector_fault,1,3,480,1000,5.302533,0.481455,9.841624,64.783784,78.655455,-0.252193,-0.00046,-0.045888,0.0,195.46
909,landing,3441.103057,45.261103,58.739889,102.584161,256.386484,701.645155,21.441727,0.209423,8.335838,17.06976,3815.399593,mixed_overheating__misfire_or_injector_fault,1,3,480,1000,1.246668,-0.3131,9.888599,64.707896,82.032356,0.077182,-0.003507,0.043389,0.0,195.455
910,landing,3173.652041,44.370624,58.379392,103.008484,255.880047,772.257411,21.537069,0.20844,10.440538,17.243776,3759.178841,mixed_overheating__misfire_or_injector_fault,1,3,480,1000,2.6977,-0.215461,9.133039,65.690097,152.681193,0.017426,-0.000932,-0.028249,0.0,195.45
911,landing,3426.655913,44.316828,59.049151,103.016872,254.501635,703.397154,21.467743,0.209884,9.896648,18.175239,3784.815528,mixed_overheating__misfire_or_injector_fault,1,3,480,1000,-5.06363,0.341445,10.710736,65.162994,81.116245,0.036594,-0.002131,-0.113072,0.0,195.445
912,landing,3409.355924,46.924356,58.608122,102.777927,253.558179,701.925737,21.605137,0.203785,7.419639,19.060901,3883.661956,mixed_overheating__misfire_or_injector_fault,1,3,480,1000,-1.283643,-0.468461,10.589565,65.102383,82.429582,-0.054017,-0.003032,0.016054,0.0,195.44
913,landing,3468.219335,48.008715,58.239774,102.72043,256.826916,696.153038,20.874266,0.209104,9.000498,19.632566,3742.087015,mixed_overheating__misfire_or_injector_fault,1,3,480,1000,-3.222921,-0.543599,10.415337,64.785919,79.901519,0.000907,0.000993,0.129594,0.0,195.435
914,landing,3453.532429,46.419761,58.827215,102.472242,255.506014,702.49058,21.234628,0.209006,8.955547,18.275775,3868.13029,mixed_overheating__misfire_or_injector_fault,1,3,480,1000,-0.789357,-0.138861,10.158745,65.763146,82.048375,0.180126,-0.003647,0.010539,0.0,195.43
915,landing,3155.442783,46.161066,58.529836,102.882554,256.017884,703.65663,21.725595,0.2124,7.555393,17.211773,3644.935498,mixed_overheating__misfire_or_injector_fault,1,3,480,1000,2.385612,-0.232942,9.851756,65.400451,77.567029,0.149831,-0.004571,0.001887,0.0,195.425
916,landing,3448.049537,44.707327,57.807251,103.774966,254.424913,707.209544,21.304619,0.210182,9.004378,17.732665,3705.599288,mixed_overheating__misfire_or_injector_fault,1,3,480,1000,4.937918,0.087638,10.20023,65.033265,78.339964,-0.038269,0.001215,-0.156762,0.0,195.42
917,landing,3442.413216,46.516441,58.397531,103.68662,254.592445,704.812316,21.241928,0.205304,9.477301,18.301914,3924.414596,mixed_overheating__misfire_or_injector_fault,1,3,480,1000,6.140209,-0.267889,9.799678,65.425099,79.683944,-0.027177,0.002372,-0.006663,0.0,195.415
918,landing,3417.06738,46.614922,58.445493,103.637422,255.25499,704.145717,21.596514,0.209888,5.695934,18.36118,3891.572417,mixed_overheating__misfire_or_injector_fault,1,3,480,1000,1.796792,-0.009656,10.395739,65.587369,81.932245,0.327254,-0.008475,-0.06464,0.0,195.41
919,landing,3434.598853,45.008797,57.374903,102.633372,255.308509,700.387217,21.296479,0.214803,8.110485,17.653949,3821.244303,mixed_overheating__misfire_or_injector_fault,1,3,480,1000,1.22336,0.060231,9.842312,65.295082,82.840355,-0.234389,0.003607,-0.192374,0.0,195.405
920,landing,3170.684271,46.378309,57.757738,103.605172,253.91074,746.908496,21.123804,0.207807,6.726298,17.467673,3694.577857,mixed_overheating__misfire_or_injector_fault,1,3,480,1000,-2.954656,0.364666,9.582727,64.211775,115.60793,-0.039961,0.008098,-0.00514,0.0,195.4
921,landing,3454.678645,45.945509,58.469859,104.980291,255.435855,700.10052,21.145511,0.203606,8.63985,18.403089,3842.020761,mixed_overheating__misfire_or_injector_fault,1,3,480,1000,0.437917,0.541611,10.385388,66.428774,79.105645,0.179448,0.001453,0.243945,0.0,195.395
922,landing,3451.673797,44.921272,58.713036,103.573468,254.840623,703.543399,21.368413,0.215339,10.109232,19.719803,3883.809058,mixed_overheating__misfire_or_injector_fault,1,3,480,1000,1.317586,-0.141977,11.057902,65.103734,81.988154,-0.349493,0.002371,0.045425,0.0,195.39
923,landing,3450.895918,45.256794,58.420894,102.073214,252.229258,699.30005,21.482635,0.202681,8.661807,16.858979,3618.229892,mixed_overheating__misfire_or_injector_fault,1,3,480,1000,-0.156605,-0.943596,9.146501,65.819063,76.664918,-0.075255,-0.000878,0.036123,0.0,195.385
924,landing,3436.753693,45.463004,58.931248,103.622699,255.802174,702.247997,21.509574,0.210092,7.045255,16.249945,3723.598357,mixed_overheating__misfire_or_injector_fault,1,3,480,1000,-0.656827,-0.045559,10.442546,64.696358,77.723857,-0.021682,0.003255,-0.003727,0.0,195.38
925,landing,3415.792623,42.835859,59.13771,103.204274,254.391388,699.956587,21.22084,0.207051,7.242051,18.712226,3839.267472,mixed_overheating__misfire_or_injector_fault,1,3,480,1000,-0.638406,0.19139,10.743266,65.236874,79.721483,0.164328,0.00156,-0.032821,0.0,195.375
926,landing,3487.655814,46.072106,58.104827,104.079765,256.848344,705.340645,21.579325,0.212895,7.739202,18.479036,3754.287449,mixed_overheating__misfire_or_injector_fault,1,3,480,1000,2.74119,-0.017585,10.073381,65.665233,76.703331,-0.040439,0.002713,-0.04545,0.0,195.37
927,landing,3424.088712,46.886909,58.308935,102.375613,256.409908,696.7625,21.042692,0.20952,8.554898,20.320014,3834.63598,mixed_overheating__misfire_or_injector_fault,1,3,480,1000,2.876197,0.236431,10.688407,65.009761,78.178164,0.025792,-0.004169,0.058031,0.0,195.365
928,landing,3463.168663,47.674804,58.02914,102.105111,255.038199,701.457041,21.26367,0.207708,6.983757,17.914205,3727.653348,mixed_overheating__misfire_or_injector_fault,1,3,480,1000,-0.239577,0.192851,9.895802,63.55849,80.471088,-0.001948,-0.00219,-0.048685,0.0,195.36
929,landing,3452.602458,45.60969,58.233113,103.135031,255.18646,708.150921,21.572972,0.205103,5.96055,16.660039,3932.207163,mixed_overheating__misfire_or_injector_fault,1,3,480,1000,3.643124,0.601469,10.604141,65.097575,82.57442,-0.047722,-0.00984,-0.035167,0.0,195.355
930,landing,3161.908625,46.205562,58.315491,102.325404,255.47027,736.151737,21.401293,0.21247,9.434326,18.688284,3882.430958,mixed_overheating__misfire_or_injector_fault,1,3,480,1000,-0.275773,0.30036,10.423204,65.406609,114.009466,0.083874,-0.002428,-0.006287,0.0,195.35
931,landing,3441.531952,46.711513,58.650579,103.542931,254.742315,700.958679,21.001179,0.21155,9.95394,19.217445,3871.470824,mixed_overheating__misfire_or_injector_fault,1,3,480,1000,0.538453,-0.069588,10.32799,65.197529,82.798713,-0.005897,-0.001668,-0.030409,0.0,195.345
932,landing,3425.847346,44.050917,58.417271,102.280689,254.111945,704.289115,21.368864,0.197066,9.537665,18.996962,3712.431361,mixed_overheating__misfire_or_injector_fault,1,3,480,1000,3.481864,0.177708,10.162978,64.865151,77.752877,0.025769,0.00294,0.019924,0.0,195.34
933,landing,3440.805529,44.933826,57.80294,103.632528,256.341028,700.175242,21.32561,0.19857,6.199606,20.221882,3751.235928,mixed_overheating__misfire_or_injector_fault,1,3,480,1000,1.412183,-0.045586,10.063157,64.818821,79.259085,-0.153816,0.000595,-0.031605,0.0,195.335
934,landing,3420.797276,44.410965,58.902426,103.63923,254.657585,702.539861,21.446807,0.20462,11.400422,16.330251,3689.70954,mixed_overheating__misfire_or_injector_fault,1,3,480,1000,-0.728606,-0.047923,9.728774,66.085641,79.739044,-0.105618,-0.002005,0.028288,0.0,195.33
935,landing,3129.141514,47.097249,58.992672,103.600551,253.714279,696.462129,21.385618,0.200633,7.31189,18.240895,3683.236741,mixed_overheating__misfire_or_injector_fault,1,3,480,1000,-0.073682,0.530325,10.695032,65.291462,79.031765,0.042023,-0.000814,0.109839,0.0,195.325
936,landing,3432.363699,46.781005,57.424564,102.695953,256.564663,705.597834,21.525347,0.21173,9.601825,19.255222,3710.682834,mixed_overheating__misfire_or_injector_fault,1,3,480,1000,3.354788,0.051473,9.649546,65.550777,79.605906,0.027504,-0.001996,0.064083,0.0,195.32
937,landing,3442.356107,48.02011,58.092823,103.069731,253.015069,700.334561,21.460476,0.207258,8.251882,17.694965,3910.153503,mixed_overheating__misfire_or_injector_fault,1,3,480,1000,3.019024,0.321799,10.039311,64.967092,81.835949,0.239754,-0.001538,0.044166,0.0,195.315
938,landing,3401.560112,43.965769,58.235599,103.283834,254.967602,698.186,21.422286,0.203164,8.474787,18.278872,3608.962755,mixed_overheating__misfire_or_injector_fault,1,3,480,1000,-1.236762,0.380926,9.426534,65.026515,79.956918,0.205425,0.003367,0.169805,0.0,195.31
939,landing,3436.8421,45.068981,58.702674,102.907511,257.463987,704.885258,21.014419,0.209195,5.038356,17.112958,3824.055739,mixed_overheating__misfire_or_injector_fault,1,3,480,1000,-6.834754,0.51978,9.68867,64.871094,78.497191,-0.041997,0.001259,-0.015456,0.0,195.305
940,landing,3146.911147,45.227801,58.013972,102.744499,253.757924,702.419166,21.237834,0.20382,5.872951,16.689601,3612.413142,mixed_overheating__misfire_or_injector_fault,1,3,480,1000,-3.556967,-0.290739,9.950835,65.100067,80.803382,0.110107,-0.004545,0.165972,0.0,195.3
941,landing,3411.412787,45.333056,58.059537,103.436664,253.31221,701.128981,21.504613,0.207131,6.705479,17.193666,3833.980264,mixed_overheating__misfire_or_injector_fault,1,3,480,1000,-0.541716,0.221202,10.199089,65.279417,81.367292,0.233205,0.012071,-0.183854,0.0,195.295
942,landing,3433.542145,45.061674,58.664869,103.224911,254.331345,705.491958,21.311398,0.207403,7.353388,17.963707,3689.421381,mixed_overheating__misfire_or_injector_fault,1,3,480,1000,2.181742,0.115051,10.258333,65.137489,80.775831,0.093302,0.005879,0.087121,0.0,195.29
943,landing,3467.873226,46.216104,58.266518,102.295631,255.406393,704.727406,21.426659,0.216038,9.831742,18.402443,3833.289289,mixed_overheating__misfire_or_injector_fault,1,3,480,1000,-5.016851,-0.042324,10.069377,64.066155,80.858995,0.218041,-0.010599,-0.027393,0.0,195.285
944,landing,3416.433703,46.442563,58.704036,102.57615,255.949605,703.203916,20.959298,0.200737,8.032702,17.423918,3868.041004,mixed_overheating__misfire_or_injector_fault,1,3,480,1000,0.821403,0.597227,11.105607,64.972533,77.468164,-0.129047,-0.005892,0.014638,0.0,195.28
945,landing,3447.141181,45.107302,57.577291,103.940454,253.639993,703.126984,21.27965,0.214208,8.41651,17.54317,3949.641589,mixed_overheating__misfire_or_injector_fault,1,3,480,1000,-1.022724,0.259744,9.743921,65.408362,79.919724,0.027297,0.009878,-0.088945,0.0,195.275
946,landing,3417.825082,46.04832,58.717879,104.207154,253.25695,703.00998,21.108374,0.209056,6.022994,19.86568,3718.143952,mixed_overheating__misfire_or_injector_fault,1,3,480,1000,-2.069423,-0.454624,10.142004,65.721204,80.807748,0.047007,-0.000483,-0.050047,0.0,195.27
947,landing,3425.953046,46.794188,58.198573,104.239197,254.310932,708.979778,21.11794,0.212935,9.907196,17.380989,3664.210949,mixed_overheating__misfire_or_injector_fault,1,3,480,1000,0.728039,0.320156,9.394801,62.89375,80.467649,0.146358,0.003004,-0.024128,0.0,195.265
948,landing,3440.445145,46.540379,58.158275,103.296473,255.171422,702.85126,20.839382,0.212201,7.07558,19.140074,3583.259259,mixed_overheating__misfire_or_injector_fault,1,3,480,1000,-2.781371,0.142515,11.292316,64.112754,78.489325,0.346456,0.005626,-0.059293,0.0,195.26
949,landing,3433.226172,45.083457,57.270182,103.481995,254.586445,703.268057,21.171737,0.211584,7.45781,17.553303,3794.625561,mixed_overheating__misfire_or_injector_fault,1,3,480,1000,0.985432,-0.470453,8.637188,64.857879,78.600333,-0.151356,0.006202,0.047056,0.0,195.255
950,landing,3445.604432,45.815094,59.447758,103.31471,254.752821,736.881832,21.16987,0.210848,6.633174,17.713581,3762.641712,mixed_overheating__misfire_or_injector_fault,1,3,480,1000,-8.799286,-0.373853,10.860746,65.540131,113.321465,-0.005316,0.003029,-0.111991,0.0,195.25
951,landing,3400.233387,45.742649,57.731231,102.783937,254.497863,706.604407,21.292078,0.209168,7.628655,19.490538,3798.858545,mixed_overheating__misfire_or_injector_fault,1,3,480,1000,5.056042,0.679377,9.653573,64.951678,82.298681,-0.044507,0.001342,0.203259,0.0,195.245
952,landing,3442.046295,44.097123,58.759812,103.876928,255.439086,702.022835,21.382481,0.205108,7.162961,16.299961,3782.453755,mixed_overheating__misfire_or_injector_fault,1,3,480,1000,4.166932,0.138228,10.783186,65.31925,79.965801,0.156303,-0.005309,-0.108905,0.0,195.24
953,landing,3431.669511,45.379843,58.259976,103.770687,253.462601,701.488571,21.108227,0.206036,4.640801,19.449317,3693.068099,mixed_overheating__misfire_or_injector_fault,1,3,480,1000,-0.638655,0.251364,10.02724,64.600089,80.090432,-0.214401,-0.012384,0.072553,0.0,195.235
954,landing,3425.113372,45.509709,58.580828,103.167933,255.236686,702.142264,21.091873,0.199003,11.187333,18.120519,3592.604715,mixed_overheating__misfire_or_injector_fault,1,3,480,1000,4.029812,-0.354309,10.922898,66.047444,79.227252,-0.231908,-0.000811,-0.016403,0.0,195.23
955,landing,3440.377289,45.130978,57.911184,103.217122,254.161601,753.780986,21.482615,0.201047,7.31167,16.636596,3717.351611,mixed_overheating__misfire_or_injector_fault,1,3,480,1000,1.90476,-0.039239,8.809456,65.358687,134.898293,-0.009802,-0.001906,-0.144094,0.0,195.225
956,landing,3433.871207,45.040535,58.55099,103.413815,252.921191,701.737913,21.324131,0.213093,9.8393,19.046861,3786.994675,mixed_overheating__misfire_or_injector_fault,1,3,480,1000,-1.769842,-0.060069,9.828142,63.826031,80.300482,-0.433237,0.001913,-0.059795,0.0,195.22
957,landing,3432.239642,46.526889,58.187838,102.66147,255.412937,704.097228,21.39626,0.214374,8.306851,18.635409,3732.7804,mixed_overheating__misfire_or_injector_fault,1,3,480,1000,1.354946,-0.04753,10.079551,65.223856,79.389733,-0.182538,-0.00238,-0.003641,0.0,195.215
958,landing,3447.733684,44.244746,58.227091,102.501779,254.74853,705.423044,21.289443,0.205493,7.481454,17.99728,3810.183107,mixed_overheating__misfire_or_injector_fault,1,3,480,1000,-0.058013,-0.722443,9.77493,64.59145,80.04329,0.153684,-0.006501,-0.088413,0.0,195.21
959,landing,3406.902734,46.72752,58.013946,103.157128,253.933334,701.346369,21.24361,0.206654,5.793814,18.498258,3773.206553,mixed_overheating__misfire_or_injector_fault,1,3,480,1000,-1.596757,-0.023133,10.136007,64.39812,80.835448,-0.053659,-0.000154,-0.095999,0.0,195.205
960,landing,3455.757514,47.576125,57.768203,103.589516,256.370097,773.998968,21.370646,0.212586,5.727375,16.913023,3830.223248,mixed_overheating__misfire_or_injector_fault,1,3,480,1000,-1.869848,0.669583,10.611012,65.958846,156.481725,-0.206435,0.015594,-0.097807,0.0,195.2
961,landing,3442.132898,42.815291,59.053879,102.551375,254.550234,700.900208,21.151403,0.215469,8.005195,19.221418,3738.186105,mixed_overheating__misfire_or_injector_fault,1,3,480,1000,5.477829,0.093778,10.018414,64.835236,80.332737,-0.07756,-0.000106,-0.018395,0.0,195.195
962,landing,3415.851349,45.464095,58.128023,103.228412,253.950566,701.792427,21.502747,0.210898,8.555692,18.86106,3882.671587,mixed_overheating__misfire_or_injector_fault,1,3,480,1000,5.654046,-0.00913,10.227141,64.844596,78.70613,-0.029095,-0.003823,-0.018478,0.0,195.19
963,landing,3446.051258,46.423227,59.25454,102.016782,254.197654,703.010763,21.406035,0.213255,5.584228,17.868667,3791.619453,mixed_overheating__misfire_or_injector_fault,1,3,480,1000,-0.365206,-0.456358,10.235807,65.531886,79.863046,0.087695,0.001761,-0.059137,0.0,195.185
964,landing,3440.874873,45.456655,59.204528,102.622799,253.737012,707.227306,21.309465,0.205745,10.480781,18.079735,3845.856986,mixed_overheating__misfire_or_injector_fault,1,3,480,1000,2.924505,-0.14022,9.896093,64.878908,81.658743,0.127249,-0.009051,0.042481,0.0,195.18
965,landing,3124.61478,45.55978,58.578289,103.533423,255.589511,746.479754,21.406971,0.21449,6.683898,18.406961,3635.890296,mixed_overheating__misfire_or_injector_fault,1,3,480,1000,-1.130115,0.654161,9.738296,65.18296,118.831686,0.346147,0.000964,0.014489,0.0,195.175
966,landing,3430.865538,45.625498,58.76085,103.987926,252.456225,705.041634,21.340868,0.207902,8.39392,19.113888,3854.050914,mixed_overheating__misfire_or_injector_fault,1,3,480,1000,-1.027819,-0.50016,8.941462,64.435113,81.288904,-0.074542,0.00474,-0.043842,0.0,195.17
967,landing,3436.816998,46.16673,58.087577,102.993152,253.144501,705.192735,21.585346,0.199574,8.473949,17.320571,3759.880934,mixed_overheating__misfire_or_injector_fault,1,3,480,1000,-2.753855,0.444684,10.72083,64.137379,79.761101,0.348355,-0.002281,-0.119521,0.0,195.165
968,landing,3431.348644,45.412431,58.563354,102.784813,256.497438,697.717403,21.250123,0.206002,9.357482,18.6943,3764.465493,mixed_overheating__misfire_or_injector_fault,1,3,480,1000,-5.692017,0.196258,10.824034,65.594241,79.768651,0.039961,0.00475,-0.070833,0.0,195.16
969,landing,3449.139555,46.203461,58.503271,104.217133,253.557873,705.907695,21.389957,0.213804,8.03087,17.943293,3703.686734,mixed_overheating__misfire_or_injector_fault,1,3,480,1000,3.022276,-0.109602,9.930469,64.164355,79.322409,-0.059878,-0.000134,-0.174685,0.0,195.155
970,landing,3233.450138,44.804166,58.675639,102.581041,254.766331,764.343417,21.376679,0.208317,6.046953,18.608766,3789.600855,mixed_overheating__misfire_or_injector_fault,1,3,480,1000,0.159519,-0.202779,9.86932,63.886277,141.281573,-0.208882,-0.00695,-0.063579,0.0,195.15
971,landing,3450.678134,47.484039,58.383761,104.584951,255.57597,699.175015,21.085078,0.205916,6.090695,19.846039,3927.044896,mixed_overheating__misfire_or_injector_fault,1,3,480,1000,0.081667,-0.031289,9.459758,65.133672,79.728898,0.02678,0.005977,-0.04256,0.0,195.145
972,landing,3431.535709,46.631899,58.776068,102.399448,253.446882,708.159436,21.864995,0.217928,6.495795,18.335433,3799.283752,mixed_overheating__misfire_or_injector_fault,1,3,480,1000,2.14923,-0.216267,9.570556,64.700241,81.689652,-0.035345,-0.000256,0.102233,0.0,195.14
973,landing,3404.90892,44.874378,59.280553,103.183037,256.144801,704.264989,21.41718,0.208736,8.832714,20.922245,3767.309972,mixed_overheating__misfire_or_injector_fault,1,3,480,1000,-1.480309,0.364543,9.54325,65.414729,79.524679,-0.213914,-0.004104,0.000505,0.0,195.135
974,landing,3414.739128,45.006789,58.311834,103.697484,255.669611,703.089511,21.555008,0.209186,10.370732,19.56291,3671.128159,mixed_overheating__misfire_or_injector_fault,1,3,480,1000,0.173866,0.382071,9.81444,65.86905,77.771788,-0.158332,0.006903,0.057738,0.0,195.13
975,landing,3131.685311,44.905093,58.574255,103.219242,254.531866,745.148762,21.158507,0.206098,7.716755,19.406867,3908.167797,mixed_overheating__misfire_or_injector_fault,1,3,480,1000,-4.125646,0.167477,10.166547,64.284972,125.043682,0.106863,-0.001862,0.006617,0.0,195.125
976,landing,3425.672031,46.090131,58.858802,102.637452,252.860838,703.116633,21.272833,0.209802,10.519216,16.659768,3679.487184,mixed_overheating__misfire_or_injector_fault,1,3,480,1000,1.389693,-0.257579,10.431196,65.650785,79.482123,0.043147,0.001149,0.088032,0.0,195.12
977,landing,3422.327596,44.294123,58.040475,102.97513,254.341829,703.03248,21.489621,0.204462,8.308541,19.092012,3689.871811,mixed_overheating__misfire_or_injector_fault,1,3,480,1000,0.619176,0.26299,10.237459,64.308507,80.283942,0.099455,0.000662,0.05764,0.0,195.115
978,landing,3464.801059,46.852199,58.14134,102.596923,255.656885,700.956343,21.256997,0.207728,7.782655,17.84597,3839.100081,mixed_overheating__misfire_or_injector_fault,1,3,480,1000,4.787302,-0.250627,9.513226,63.61673,79.848101,-0.011426,-0.001961,0.00602,0.0,195.11
979,landing,3417.028459,47.086417,58.196266,102.965139,253.147002,698.399704,21.651998,0.210227,9.38975,19.926069,3745.405973,mixed_overheating__misfire_or_injector_fault,1,3,480,1000,1.969385,0.319732,9.371727,64.118788,80.528171,0.340427,0.002635,0.026296,0.0,195.105
980,landing,3075.778247,45.755733,57.921584,102.771406,254.95975,762.967059,21.246038,0.20271,6.547031,19.96619,3733.859091,mixed_overheating__misfire_or_injector_fault,1,3,480,1000,-2.477266,0.495866,10.156851,64.041651,139.042768,-0.233012,0.004539,-0.001742,0.0,195.1
981,landing,3451.120824,44.739712,58.073502,102.656055,252.413962,701.876606,21.532298,0.21108,8.58392,17.124597,3842.799068,mixed_overheating__misfire_or_injector_fault,1,3,480,1000,0.064947,-0.450094,8.479743,64.663368,79.474276,0.137544,-0.006689,0.003505,0.0,195.095
982,landing,3413.377097,45.724707,58.289453,103.001603,255.465743,702.808573,21.250126,0.210451,9.368814,19.050118,3846.882695,mixed_overheating__misfire_or_injector_fault,1,3,480,1000,0.512636,0.368809,10.394447,63.021578,80.928553,-0.117563,-4.2e-05,-0.137627,0.0,195.09
983,landing,3395.920849,46.138468,57.922859,102.949792,255.977841,699.906592,21.489519,0.215375,6.357964,18.736718,3651.613757,mixed_overheating__misfire_or_injector_fault,1,3,480,1000,0.989983,-0.129301,9.545961,66.63219,79.342071,0.014378,0.00253,0.068677,0.0,195.085
984,landing,3436.304199,43.573517,58.582851,103.401002,257.119084,706.458238,21.536705,0.20123,8.992124,20.445539,3831.985698,mixed_overheating__misfire_or_injector_fault,1,3,480,1000,1.152243,-0.423603,10.458959,65.605589,78.920745,0.354948,-0.003375,-0.030645,0.0,195.08
985,landing,3061.525864,44.637179,58.350379,103.893407,255.178269,702.141475,21.406308,0.201634,7.344661,19.055038,3769.551253,mixed_overheating__misfire_or_injector_fault,1,3,480,1000,-1.987229,0.05309,9.069197,64.832675,78.105894,0.101382,0.005056,-0.004844,0.0,195.075
986,landing,3409.824532,46.475232,58.531931,103.632257,253.396855,701.330672,21.418631,0.214178,8.612949,17.532461,3899.622204,mixed_overheating__misfire_or_injector_fault,1,3,480,1000,0.355533,0.102948,10.548095,64.232269,81.349046,0.043923,0.003914,-0.074399,0.0,195.07
987,landing,3439.550723,45.853643,58.273697,103.811497,254.726869,701.05489,21.401226,0.209788,6.853092,18.186141,3739.154569,mixed_overheating__misfire_or_injector_fault,1,3,480,1000,-5.127775,0.240593,9.998964,66.325254,78.089979,0.017002,0.001728,0.110773,0.0,195.065
988,landing,3432.519485,45.565537,58.865061,102.984852,253.195624,700.839059,21.369987,0.205651,6.330775,19.526663,3781.348509,mixed_overheating__misfire_or_injector_fault,1,3,480,1000,-0.198427,0.091249,10.46048,64.864036,78.726322,-0.001317,-0.006758,0.047853,0.0,195.06
989,landing,3455.460359,44.324101,59.16027,102.739041,255.365225,702.360735,21.226247,0.213128,5.998254,16.691126,3752.341083,mixed_overheating__misfire_or_injector_fault,1,3,480,1000,-1.420707,-0.309381,10.086863,65.473049,77.301454,-0.102872,-0.015427,0.00685,0.0,195.055
990,landing,3160.74191,46.535638,58.339949,103.36116,254.259621,767.863635,21.492493,0.214307,5.110375,19.387707,3782.088339,mixed_overheating__misfire_or_injector_fault,1,3,480,1000,-0.703689,-0.226192,9.762586,64.000815,146.792539,-0.179289,-0.004951,0.058634,0.0,195.05
991,landing,3423.177697,43.498353,58.759483,103.624903,255.421542,702.101227,21.211739,0.201042,6.79716,17.675386,3750.978146,mixed_overheating__misfire_or_injector_fault,1,3,480,1000,-1.441188,0.038846,9.832841,65.093506,80.666102,0.028474,0.003344,-0.002194,0.0,195.045
992,landing,3413.582129,44.48461,58.621448,103.331972,253.680453,706.779693,21.419732,0.209999,8.48962,18.672629,3786.563461,mixed_overheating__misfire_or_injector_fault,1,3,480,1000,0.165705,0.63948,9.985643,64.272237,78.038606,-0.107307,0.00264,0.003734,0.0,195.04
993,landing,3426.980688,48.323626,58.329552,103.549585,255.011305,704.303164,21.59058,0.207802,7.661729,19.265067,3781.218437,mixed_overheating__misfire_or_injector_fault,1,3,480,1000,2.338643,-0.931242,9.409724,65.602027,78.226194,0.16151,0.001159,-0.047083,0.0,195.035
994,landing,3439.552395,45.742677,59.591794,103.972248,254.160204,701.996568,21.56098,0.208763,9.293487,16.84329,3830.283896,mixed_overheating__misfire_or_injector_fault,1,3,480,1000,5.523861,-0.361622,10.243391,64.856138,79.447482,0.064747,0.006168,0.02315,0.0,195.03
995,landing,3446.030297,46.262577,57.708861,103.508438,255.710163,700.462533,21.319918,0.197258,8.559355,16.76676,3661.115638,mixed_overheating__misfire_or_injector_fault,1,3,480,1000,-6.831131,0.26218,10.431715,63.762364,84.24733,-0.079749,0.004613,0.104368,0.0,195.025
996,landing,3432.967973,46.076485,58.359236,102.895458,254.163463,703.785299,21.258108,0.210125,8.350053,18.724665,3728.690926,mixed_overheating__misfire_or_injector_fault,1,3,480,1000,-0.363605,0.233469,10.50091,64.181952,80.947895,-0.248662,-0.000184,0.026869,0.0,195.02
997,landing,3429.938539,46.190561,57.16032,103.720757,254.571617,698.64133,21.520099,0.21131,8.532137,17.81041,3822.734549,mixed_overheating__misfire_or_injector_fault,1,3,480,1000,-2.079784,-0.248506,10.390349,65.150425,79.717701,0.029241,-0.001837,0.071117,0.0,195.015
998,landing,3446.553146,43.582179,58.409908,103.917194,254.18585,702.753633,21.455151,0.208016,8.373957,19.50317,3768.190161,mixed_overheating__misfire_or_injector_fault,1,3,480,1000,-4.761181,0.248138,10.324889,64.062691,79.35568,0.057404,0.008813,-0.08839,0.0,195.01
999,landing,3458.447915,46.714576,57.568842,101.790599,255.038376,699.004756,21.367742,0.201743,7.392055,18.901175,3912.760681,mixed_overheating__misfire_or_injector_fault,1,3,480,1000,0.229283,-0.570322,9.37565,64.22446,77.634956,-0.039657,0.001724,0.082709,0.0,195.005
