timestamp,mission_phase,rpm,throttle,oil_pressure,oil_temp,cht,egt,manifold_pressure,vibration,fuel_flow,ambient_temp,altitude,fault_type,fault_active,fault_severity,fault_start_time,fault_end_time,residual_rpm,residual_oil_pressure,residual_oil_temp,residual_cht,residual_egt,residual_manifold_pressure,residual_vibration,residual_fuel_flow,health_index,baseline_rul
0,idle,3688.810519,41.612365,64.653248,85.955445,161.158478,588.564585,20.306701,0.16402,6.8,27.24778,1528.314743,healthy,0,0,0,0,1.201076,0.135701,-0.095996,0.805247,1.273842,0.160408,0.000324,0.012922,1.0,200.0
1,idle,3653.400526,39.473931,64.955931,85.588291,161.576483,580.109045,20.127517,0.157562,6.8,28.09387,1426.934015,healthy,0,0,0,0,-1.282822,0.467766,0.747324,0.152387,0.986981,-0.25221,-0.00581,0.110402,1.0,199.995
2,idle,3680.135164,39.028712,65.308543,86.416013,160.469287,583.049775,20.029893,0.162795,6.8,25.808988,1493.711589,healthy,0,0,0,0,2.803931,0.060681,-0.63829,1.501964,0.559302,-0.108641,-0.00266,-0.029524,1.0,199.99
3,idle,3701.0474,37.352199,65.000358,87.044651,162.647793,581.106751,20.067141,0.165521,6.8,27.24502,1785.404652,healthy,0,0,0,0,0.694388,0.328642,0.552293,0.445532,0.511751,-0.198375,0.001824,0.168261,1.0,199.985
4,idle,3699.721598,39.074368,64.265087,86.782232,162.314261,582.115121,19.95897,0.169691,6.8,26.151195,1710.493154,healthy,0,0,0,0,3.358011,0.21329,0.262253,-0.122855,1.322431,-0.290159,-0.000626,-0.085736,1.0,199.98
5,idle,3715.41723,39.048494,65.28126,85.574376,161.56541,576.327026,20.1936,0.160597,6.8,27.198042,1664.836126,healthy,0,0,0,0,-1.691043,0.996585,-0.287572,-1.014175,-0.370089,0.074422,-0.003835,-0.059083,1.0,199.975
6,idle,3677.140616,39.262758,64.251357,86.168981,160.96858,582.550303,20.082231,0.162029,6.8,25.803111,1660.994025,healthy,0,0,0,0,4.85926,0.857869,0.377218,-0.469788,0.288503,0.020905,-0.007308,-0.022106,1.0,199.97
7,idle,3692.790206,40.823249,64.626655,86.649966,162.012589,585.351678,20.397091,0.161371,6.8,27.448541,1803.884801,healthy,0,0,0,0,1.79008,-0.910398,-0.724916,0.007664,-0.625863,-0.030638,-0.001555,-0.052374,1.0,199.965
8,idle,3693.126986,41.248758,64.986935,86.977791,161.010921,581.968493,20.506046,0.160734,6.8,26.765693,1792.92321,healthy,0,0,0,0,6.264817,0.082044,0.470457,1.913911,0.557433,-0.101092,-0.006062,0.029635,1.0,199.96
9,idle,3681.621115,40.488422,64.697788,85.973933,162.57092,580.425158,20.01095,0.159096,6.8,25.566918,1577.486432,healthy,0,0,0,0,-1.318993,-0.474643,-0.245596,-0.798171,0.269431,-0.020923,0.001469,0.055843,1.0,199.955
10,idle,3695.556041,38.85031,65.132047,86.215389,161.270204,583.036918,20.30646,0.164497,6.8,27.927354,1696.123555,healthy,0,0,0,0,0.832199,-0.252581,-0.359591,0.151185,0.894386,0.03362,0.004802,0.081602,1.0,199.95
11,idle,3695.263476,42.010321,64.712815,86.065662,161.109869,582.860005,19.867885,0.155711,6.8,25.352081,1777.506192,healthy,0,0,0,0,-1.805141,-0.354547,0.12593,0.336493,-0.408464,-0.154763,-0.008556,0.058904,1.0,199.945
12,idle,3697.349153,41.172394,64.50414,85.714385,161.18032,583.365537,19.856829,0.164112,6.8,25.261191,1735.647981,healthy,0,0,0,0,1.597109,0.524903,0.242852,0.802015,-0.809184,0.024595,-1e-05,-0.023791,1.0,199.94
13,idle,3687.970433,39.310828,65.14996,86.580873,160.696378,582.080712,20.471677,0.163466,6.8,26.857108,1602.955984,healthy,0,0,0,0,-1.309901,0.082476,-0.3652,-0.811002,1.995469,-0.160096,0.001131,0.088426,1.0,199.935
14,idle,3707.506625,39.170435,65.275865,86.207121,160.283052,582.213591,19.887943,0.168613,6.8,27.26751,1653.909503,healthy,0,0,0,0,-1.791065,0.22539,-0.777557,0.135794,1.430735,-0.032406,0.009805,-0.18103,1.0,199.93
15,idle,3691.596416,41.145483,64.541089,86.284748,162.02729,577.191862,20.040686,0.160832,6.8,26.737908,1804.862609,healthy,0,0,0,0,1.306696,0.189091,-0.396392,0.065527,-0.739158,-0.064746,0.000247,0.05347,1.0,199.925
16,idle,3715.03864,39.318697,64.77557,86.555819,163.545038,579.130506,20.302446,0.177243,6.8,26.20519,1679.634872,healthy,0,0,0,0,-2.173457,0.233515,0.445434,-0.050683,1.270914,0.214559,0.000407,-0.052252,1.0,199.92
17,idle,3683.973834,38.200394,64.67441,86.570719,162.281279,576.323504,20.149685,0.16944,6.8,27.285957,1452.530012,healthy,0,0,0,0,1.856177,-0.070837,-0.691809,0.094016,-1.262671,0.125661,0.004158,0.022827,1.0,199.915
18,idle,3715.087492,39.372544,64.79513,86.788482,161.468501,580.59113,19.92831,0.161651,6.8,27.712069,1602.951593,healthy,0,0,0,0,-2.161609,-0.067108,-0.004199,-0.732404,-1.884456,0.19624,-0.001391,0.012178,1.0,199.91
19,idle,3671.85635,40.052698,64.350681,85.628432,160.3192,583.904004,20.487401,0.154272,6.8,27.857039,1719.002503,healthy,0,0,0,0,4.663479,-0.892922,-0.164002,-1.041323,1.722208,0.000105,0.000329,0.032605,1.0,199.905
20,idle,3671.844454,40.006641,65.162942,86.175625,160.341977,583.897605,19.923079,0.161697,6.8,26.799677,1741.470588,healthy,0,0,0,0,0.342324,0.171635,0.279115,0.15357,-2.979819,-0.14584,0.003196,0.033083,1.0,199.9
21,idle,3701.858657,38.445966,64.898612,87.484979,161.199465,580.220945,20.099425,0.165905,6.8,25.897859,1564.024408,healthy,0,0,0,0,-6.133853,-0.415387,1.134244,0.212853,1.512821,-0.198135,-0.005728,0.093853,1.0,199.895
22,idle,3699.591106,39.406574,64.876716,85.534706,158.888841,578.466155,20.294237,0.15717,6.8,26.052716,1701.650678,healthy,0,0,0,0,5.270885,-0.001066,0.447934,-0.382761,-0.066408,-0.069741,0.006393,-0.018209,1.0,199.89
23,idle,3675.456136,39.632703,64.890112,86.692416,161.396332,575.998591,20.282979,0.16511,6.8,25.323365,1792.5992,healthy,0,0,0,0,3.438636,-0.415261,0.19675,1.710402,-0.630571,0.139188,-0.005147,-0.061033,1.0,199.885
24,idle,3691.495497,39.312579,64.858146,86.927493,163.535599,573.058839,19.987731,0.161339,6.8,25.63896,1585.034682,healthy,0,0,0,0,-3.002147,0.249132,0.87174,-1.695128,0.553451,0.217011,0.000894,0.141875,1.0,199.88
25,idle,3682.936187,40.008339,64.606644,85.547416,160.886548,580.283165,20.368385,0.149398,6.8,27.885276,1652.871545,healthy,0,0,0,0,1.605464,-0.094546,0.495526,-1.710471,-2.865906,-0.066566,0.003853,-0.022469,1.0,199.875
26,idle,3671.539694,39.61138,65.183048,85.671687,160.57151,580.651431,19.784992,0.163469,6.8,27.351016,1717.107526,healthy,0,0,0,0,1.536203,0.336783,0.696485,-0.566922,0.75745,0.309293,-0.001541,-0.033715,1.0,199.87
27,idle,3675.797136,40.801032,63.883295,86.010624,160.860691,582.021154,20.126813,0.173208,6.8,26.570827,1714.454932,healthy,0,0,0,0,-4.353141,0.27941,-0.894095,-0.355231,-0.415375,-0.2206,0.001296,-0.057017,1.0,199.865
28,idle,3714.534311,40.277364,65.060134,86.728769,161.298461,579.09307,20.027231,0.154748,6.8,26.668899,1874.026395,healthy,0,0,0,0,-1.654734,0.519543,-0.141062,1.6865,-0.329056,0.032031,0.000737,-0.001331,1.0,199.86
29,idle,3664.747102,40.637668,65.280733,86.505261,161.839236,578.930831,20.335326,0.168435,6.8,26.315686,1570.864357,healthy,0,0,0,0,4.236653,-0.548321,-0.697168,-0.238537,-0.033261,0.00637,-0.008539,-0.018284,1.0,199.855
30,idle,3686.176957,39.517981,65.133816,86.083534,161.663036,580.098613,20.080258,0.152995,6.8,25.493828,1554.659159,healthy,0,0,0,0,-0.543622,0.283942,0.346797,0.103251,-0.245782,-0.241969,-0.008106,0.063573,1.0,199.85
31,idle,3654.599286,41.368272,64.873338,86.335861,162.591373,583.850328,20.24073,0.169245,6.8,27.037878,1588.175875,healthy,0,0,0,0,0.085964,-0.056989,0.174988,0.352007,1.020526,0.12985,-0.012965,0.047499,1.0,199.845
32,idle,3681.823739,40.97136,64.738302,86.079428,160.180921,581.30111,20.141925,0.158577,6.8,26.398634,1697.894176,healthy,0,0,0,0,-0.673945,0.280573,-0.375161,-0.365321,-2.879488,0.01852,0.004893,0.079007,1.0,199.84
33,idle,3691.257102,38.298873,65.394361,86.420611,161.480062,582.09454,19.990094,0.161996,6.8,28.133564,1699.912402,healthy,0,0,0,0,-2.342461,-1.193166,0.218965,0.583987,-0.693273,-0.209621,0.001875,0.026644,1.0,199.835
34,idle,3681.813302,40.822334,65.336736,86.307374,162.418847,581.195367,20.146014,0.160406,6.8,26.353588,1828.177735,healthy,0,0,0,0,-2.144733,-0.133225,0.400501,1.43054,-1.911804,0.112601,-0.003166,-0.051687,1.0,199.83
35,idle,3686.276776,40.521547,64.544899,86.831702,162.694975,577.61912,20.095674,0.153905,6.8,24.717945,1489.155834,healthy,0,0,0,0,4.938349,-0.109557,-1.56301,0.635413,-0.410477,0.276579,5.2e-05,0.013646,1.0,199.825
36,idle,3695.765388,37.972348,64.864954,87.681931,161.901733,580.220136,20.255751,0.169932,6.8,26.607412,1651.481977,healthy,0,0,0,0,2.157601,0.717834,-1.387373,0.387081,2.126508,0.06203,-0.000527,0.159436,1.0,199.82
37,idle,3648.352562,39.188308,64.945731,86.577016,162.808623,582.842829,20.46019,0.153241,6.8,27.835515,1921.571477,healthy,0,0,0,0,-1.055317,-0.003879,-0.094333,0.608451,0.530651,-0.021895,-0.007547,0.056057,1.0,199.815
38,idle,3683.854836,40.156253,65.129813,86.367612,162.270882,579.493633,20.372024,0.158531,6.8,26.193189,1622.948211,healthy,0,0,0,0,-3.00708,-0.167008,0.207936,-0.391918,1.719599,-0.013878,0.001868,-0.190134,1.0,199.81
39,idle,3682.97094,41.032654,64.993356,86.700745,160.419469,581.315246,20.064304,0.158165,6.8,27.65309,1508.666513,healthy,0,0,0,0,3.875789,0.097012,-0.163841,0.648963,0.324184,-0.071465,0.000679,-0.060693,1.0,199.805
40,idle,3671.262645,40.832399,64.767016,85.86205,161.527006,577.676438,20.229305,0.156609,6.8,26.139422,1773.41724,healthy,0,0,0,0,3.283776,0.065534,-0.754616,-0.646933,0.634065,0.079109,-0.009848,-0.025842,1.0,199.8
41,idle,3692.648525,40.508912,65.823051,86.311147,160.316914,580.595967,19.953277,0.166745,6.8,26.276733,1704.537767,healthy,0,0,0,0,0.757207,-0.103598,-0.65136,-0.482831,0.196215,-0.032202,0.003201,-0.014393,1.0,199.795
42,idle,3701.303013,41.427803,64.66446,86.069217,162.878708,580.512098,20.309345,0.164737,6.8,25.141813,1779.001559,healthy,0,0,0,0,1.354168,-0.226425,-0.268493,1.024273,-1.194278,-0.303963,-0.000533,-0.144201,1.0,199.79
43,idle,3698.365844,40.077886,64.561544,86.556611,161.44874,581.036629,20.285053,0.154967,6.8,27.184448,1632.336091,healthy,0,0,0,0,4.851591,-0.178402,0.560584,-0.374752,0.674709,-0.05572,-0.001305,0.019821,1.0,199.785
44,idle,3690.424063,38.355458,64.549809,85.322032,161.983537,583.513518,20.340737,0.16402,6.8,26.911696,1719.141065,healthy,0,0,0,0,-3.841964,0.198379,-0.380166,0.958784,0.6459,0.167692,-0.004308,0.093875,1.0,199.78
45,idle,3680.082828,40.49464,64.152455,85.149948,162.524895,582.638108,19.914962,0.159183,6.8,26.809826,1659.024487,healthy,0,0,0,0,0.127411,-0.213794,0.695109,-0.420019,-0.145228,0.162336,-0.001857,-0.066809,1.0,199.775
46,idle,3682.13049,39.056176,64.207274,85.844919,161.130105,580.710654,20.091901,0.164124,6.8,25.174299,1779.26311,healthy,0,0,0,0,-0.698285,-0.051731,-0.157028,-1.429384,-0.382504,-0.396714,-0.008285,-0.012627,1.0,199.77
47,idle,3695.124944,39.669054,64.896122,84.521029,163.604513,578.164939,20.210103,0.153064,6.8,27.585253,1657.793516,healthy,0,0,0,0,-0.377851,0.165094,-0.631142,0.057235,-1.273689,-0.086402,0.004784,-0.011459,1.0,199.765
48,idle,3698.438246,39.439388,64.216303,86.85132,162.301178,580.169882,20.4177,0.154124,6.8,26.363063,1816.706738,healthy,0,0,0,0,3.082539,-0.520577,-0.34484,1.427796,2.642783,-0.261093,0.000994,0.004804,1.0,199.76
49,idle,3653.968933,39.592238,64.886884,86.42812,162.791723,584.107104,20.061416,0.161479,6.8,26.036487,1672.591945,healthy,0,0,0,0,-1.408352,0.045442,-0.665965,-1.282307,-1.041826,-0.103884,-0.006538,0.087505,1.0,199.755
50,taxi,3865.050636,56.420937,64.652855,85.910875,172.722881,620.549536,21.836059,0.161055,7.866389,25.888398,1656.724438,healthy,0,0,0,0,-0.520203,-0.472963,-0.037871,0.200138,-1.99096,-0.016908,0.000938,-0.079745,1.0,199.75
51,taxi,3894.440141,55.900904,64.686965,86.2847,171.573854,619.47634,22.194716,0.168285,7.755063,27.483914,1506.585867,healthy,0,0,0,0,-4.143192,0.057555,-0.353512,-0.944432,0.763569,0.083115,-0.000143,-0.047392,1.0,199.745
52,taxi,3891.526371,54.141719,65.553167,86.181608,170.492626,624.351469,22.283092,0.164612,7.924911,27.975964,1695.76422,healthy,0,0,0,0,-1.791349,-0.54451,-0.853486,-0.399719,1.455225,-0.049199,-0.005101,0.159243,1.0,199.74
53,taxi,3879.468325,55.507089,65.103103,85.169096,171.736957,619.192775,22.156929,0.160106,7.93067,26.497299,1471.869138,healthy,0,0,0,0,1.308654,0.249073,0.369973,-0.650569,0.816295,-0.111269,0.002219,-0.020664,1.0,199.735
54,taxi,3870.421019,55.700929,65.152389,84.795434,172.444488,623.813011,22.412579,0.157003,7.91349,25.002204,1649.721911,healthy,0,0,0,0,1.645862,0.413914,0.068997,-1.945787,0.660647,-0.11348,-0.003171,0.043508,1.0,199.73
55,taxi,3901.299998,55.631477,64.637738,85.156318,172.299353,618.255924,22.175445,0.158705,7.648034,26.637942,1721.931338,healthy,0,0,0,0,5.281158,-0.33065,-0.579383,0.118424,-0.254957,-0.214027,-0.00224,0.093502,1.0,199.725
56,taxi,3889.101851,52.742654,65.274468,86.374388,170.18754,618.54568,22.21926,0.160284,7.913433,28.105361,1794.743623,healthy,0,0,0,0,-3.199934,-0.467043,0.064427,-0.978078,-0.387992,0.087615,0.000371,-0.027149,1.0,199.72
57,taxi,3880.89509,53.651332,65.399349,86.680557,173.671983,621.025659,22.326063,0.166316,7.886748,27.913923,1630.459819,healthy,0,0,0,0,-1.935169,-0.283971,-0.575671,-1.591575,2.466979,0.064948,0.003042,0.139238,1.0,199.715
58,taxi,3850.756398,56.452503,64.752104,85.864237,172.726411,619.973539,22.14963,0.156084,7.853665,28.082207,1704.791152,healthy,0,0,0,0,-0.147289,-0.179751,0.535828,-0.017771,0.78842,-0.000176,-8.4e-05,0.062856,1.0,199.71
59,taxi,3859.458761,55.889815,65.072127,85.809412,172.680343,617.678603,21.734586,0.163094,7.720207,25.786841,1607.427956,healthy,0,0,0,0,-0.236469,0.491993,-0.935881,-1.057747,-2.733896,-0.037523,-0.005967,-0.042766,1.0,199.705
60,taxi,3899.86552,54.247355,65.361518,85.682926,170.810154,621.103321,22.033151,0.162175,7.674296,25.381798,1539.319456,healthy,0,0,0,0,1.787817,0.514437,0.401659,-0.210861,-0.397715,-0.225906,0.000174,-0.130919,1.0,199.7
61,taxi,3862.084682,55.60604,65.170903,86.083529,171.511979,620.511196,22.16231,0.164914,7.789371,27.084613,1706.444433,healthy,0,0,0,0,0.968382,-0.554645,-0.132792,-0.159374,0.910542,-0.109757,0.003506,0.117015,1.0,199.695
62,taxi,3879.733518,55.991453,64.725613,85.542958,171.043158,618.13117,22.123179,0.163009,7.87971,28.176802,1647.183752,healthy,0,0,0,0,0.313793,-0.069503,0.488687,-0.288039,1.951846,-0.092472,0.002117,-0.064206,1.0,199.69
63,taxi,3882.067088,54.249179,65.072245,86.864042,170.017271,621.103153,21.93255,0.173352,8.029986,26.758248,1714.162885,healthy,0,0,0,0,0.402269,0.198215,-0.044412,0.159075,-2.889423,-0.050943,-0.00238,-0.136852,1.0,199.685
64,taxi,3874.286399,55.863061,64.725591,86.655265,172.324685,618.527252,21.925428,0.1579,7.692564,25.105035,1522.659368,healthy,0,0,0,0,-1.189832,0.56408,-0.484845,-1.058124,-0.200599,0.131713,0.002447,-0.116703,1.0,199.68
65,taxi,3900.858364,54.576259,64.655881,85.675941,171.689161,617.673352,22.010263,0.159823,7.657917,26.910251,1595.178893,healthy,0,0,0,0,3.596704,-0.908388,-0.454626,1.129132,-2.621211,0.023763,0.000221,0.018219,1.0,199.675
66,taxi,3901.752814,55.16424,64.775551,86.030641,172.286411,618.134615,22.189213,0.154548,7.781712,26.518035,1649.726893,healthy,0,0,0,0,-0.991464,0.411379,-0.468359,0.251117,-2.273328,-0.081015,-0.005356,-0.003552,1.0,199.67
67,taxi,3880.80515,56.488634,64.715877,86.01954,171.520197,618.418636,22.147244,0.164007,7.760967,26.40483,1595.902464,healthy,0,0,0,0,2.010249,0.357961,0.064584,-1.189896,-1.00561,0.296321,-0.005278,-0.030832,1.0,199.665
68,taxi,3895.777387,55.46933,65.929355,85.90567,172.779431,622.565588,21.844717,0.16339,7.729495,27.611749,1603.153468,healthy,0,0,0,0,-0.941871,-0.361156,-0.52712,-0.721415,0.321601,-0.154574,-0.006208,-0.120835,1.0,199.66
69,taxi,3885.083048,56.717087,65.337769,86.843757,171.795869,623.70775,22.307699,0.168657,7.868653,24.697838,1627.739955,healthy,0,0,0,0,-1.677442,-0.509998,0.774329,0.246158,-1.072667,0.238971,-0.000997,0.017395,1.0,199.655
70,taxi,3897.64142,53.631927,64.353406,86.946269,171.72646,622.859124,22.001143,0.159581,7.654826,26.649597,1647.310645,healthy,0,0,0,0,0.837907,-0.033856,0.578919,1.006558,0.520125,0.061676,0.001855,0.056461,1.0,199.65
71,taxi,3889.066234,55.129872,65.028226,85.376779,171.296552,618.387069,22.366542,0.170209,7.89423,28.167523,1784.463512,healthy,0,0,0,0,1.580001,-0.44691,-0.086366,-0.560818,-1.368938,0.173441,-0.007938,0.071825,1.0,199.645
72,taxi,3913.25502,53.486899,63.820495,85.714095,171.49222,622.128698,22.174124,0.160244,7.717115,25.650165,1735.747147,healthy,0,0,0,0,-2.60841,0.153972,0.246586,0.392541,1.29125,-0.174119,0.000725,0.079989,1.0,199.64
73,taxi,3890.26146,54.741635,65.106753,86.380202,171.374764,618.178978,22.252782,0.157738,7.673379,25.999745,1681.020695,healthy,0,0,0,0,0.732203,0.220373,-0.12257,0.644343,0.42802,0.020248,-0.002479,-0.018231,1.0,199.635
74,taxi,3859.677192,54.787125,65.029063,85.640904,172.960002,621.008776,22.184725,0.161836,7.907878,26.363179,1644.920578,healthy,0,0,0,0,-0.414992,0.406311,0.495345,-1.583743,-3.056508,0.091827,-0.011862,0.084471,1.0,199.63
75,taxi,3887.83507,54.09973,64.343663,87.482342,171.694476,618.647132,21.977924,0.156252,7.934324,27.047458,1672.939193,healthy,0,0,0,0,1.146941,0.302296,0.284088,0.552495,-0.673479,-0.218135,-0.00548,-0.031562,1.0,199.625
76,taxi,3883.129786,55.307414,64.471829,86.64704,173.480833,622.918652,21.857208,0.161341,7.933118,26.585201,1696.000931,healthy,0,0,0,0,-2.604681,0.086653,-0.341361,0.775313,-2.222734,-0.112242,-0.00506,-0.010005,1.0,199.62
77,taxi,3902.839294,54.328519,64.685799,85.807953,171.307369,620.734908,21.997618,0.164331,7.648952,27.66235,1634.044187,healthy,0,0,0,0,-6.284615,0.421647,-0.353151,0.957382,1.674988,0.162458,0.001136,-0.175362,1.0,199.615
78,taxi,3886.73138,54.848237,64.997038,86.930707,172.756899,619.264932,22.195944,0.167747,7.729983,27.344102,1709.040533,healthy,0,0,0,0,3.711509,-0.057601,1.584668,-0.081128,0.553366,-0.102087,0.000738,0.069425,1.0,199.61
79,taxi,3844.219349,55.108121,65.459268,85.913799,172.244436,622.176969,22.407664,0.173767,7.678507,28.418446,1512.334754,healthy,0,0,0,0,2.716648,-0.192757,0.662671,0.834086,3.255985,0.087898,0.000611,-0.039285,1.0,199.605
80,taxi,3878.660311,53.666976,65.004064,86.694843,172.051394,625.093666,22.004886,0.161331,7.736689,25.0064,1785.780515,healthy,0,0,0,0,7.066686,0.132072,-0.067452,-0.589055,-2.104101,0.106263,-0.001622,0.033967,1.0,199.6
81,taxi,3898.691218,56.151415,64.317719,86.379106,170.163505,618.550332,22.178214,0.170083,7.983634,26.290483,1525.793012,healthy,0,0,0,0,1.740457,-0.27394,-0.331959,-0.737772,0.883905,0.147528,-0.000833,0.004487,1.0,199.595
82,taxi,3863.511895,55.542335,64.505465,86.881617,171.458753,621.721196,22.211512,0.166096,7.761206,26.81738,1784.175345,healthy,0,0,0,0,-1.879489,-0.012772,0.011736,1.097971,-0.844599,0.125836,-0.004898,0.040374,1.0,199.59
83,taxi,3885.653145,54.235102,63.901162,85.958329,173.422639,620.964439,22.434851,0.163179,7.791076,27.353414,1600.255123,healthy,0,0,0,0,3.278713,-0.860638,0.703935,-1.138577,2.980906,0.28639,0.004112,0.088585,1.0,199.585
84,taxi,3873.549654,54.839135,64.082511,86.803803,170.206291,617.481165,22.598399,0.163788,7.632145,26.49496,1555.953446,healthy,0,0,0,0,1.968362,-0.023441,0.4069,0.161514,0.690257,0.010028,-0.00329,-0.085901,1.0,199.58
85,taxi,3914.43649,55.759896,64.518142,85.763389,171.718157,622.992478,22.082221,0.158483,7.553005,26.675254,1682.517249,healthy,0,0,0,0,3.640823,0.44511,0.111009,0.687976,3.675611,-0.026467,-0.005595,0.017713,1.0,199.575
86,taxi,3901.538656,56.275292,65.328683,86.55495,172.098586,620.002935,22.00813,0.16676,8.036706,26.977947,1593.436641,healthy,0,0,0,0,-1.069753,0.131596,-0.051966,0.026513,-2.157005,-0.097892,0.000981,0.006873,1.0,199.57
87,taxi,3864.368611,54.729782,64.243685,85.9502,171.481172,619.318882,22.20843,0.163719,7.909353,25.800828,1610.495895,healthy,0,0,0,0,4.596303,0.345143,0.07574,-0.54879,-1.731876,-0.101333,-0.003648,-0.027885,1.0,199.565
88,taxi,3868.380087,54.698899,64.320438,85.943045,170.322442,622.639,22.159721,0.17,7.885367,26.385097,1577.416509,healthy,0,0,0,0,-4.699267,0.352774,0.525189,-1.645405,3.366302,-0.159081,0.004004,0.058405,1.0,199.56
89,taxi,3920.571033,53.519699,65.70422,85.515125,171.499953,621.095875,22.345537,0.160696,7.766499,26.271759,1765.354958,healthy,0,0,0,0,0.057005,-0.030048,0.064128,0.205957,-2.662156,0.148401,-0.002938,0.040593,1.0,199.555
90,taxi,3878.45615,55.509378,65.075664,86.914961,172.203654,619.227876,22.185528,0.161653,7.846505,25.644543,1572.402623,healthy,0,0,0,0,1.544787,0.427071,0.503253,-0.597297,2.369887,0.164492,-0.004901,-0.102474,1.0,199.55
91,taxi,3896.420417,54.442647,65.69559,86.400437,170.917414,620.534353,22.251806,0.159405,7.497763,26.379391,1581.035958,healthy,0,0,0,0,-0.615207,-0.200858,0.824385,0.3273,0.094184,-0.094927,-0.000962,-0.055415,1.0,199.545
92,taxi,3901.265272,54.373309,65.347269,86.499019,170.866416,622.265522,22.314117,0.162823,7.914842,25.712406,1645.138241,healthy,0,0,0,0,5.718592,-0.009866,-0.545544,-0.444746,-1.238094,-0.081152,-0.001945,-0.04436,1.0,199.54
93,taxi,3873.262625,56.764445,64.329547,85.80074,171.138749,613.374269,22.062588,0.159858,7.695622,25.463779,1656.376178,healthy,0,0,0,0,-5.557523,-0.332278,-0.995044,0.437331,0.164424,-0.155514,-0.001395,0.052758,1.0,199.535
94,taxi,3899.706478,55.556911,64.682046,86.143742,170.212175,618.526122,22.217914,0.155379,7.664075,27.001196,1716.332384,healthy,0,0,0,0,3.783059,0.048364,-0.298942,0.142169,-0.537349,-0.073382,0.005765,0.070074,1.0,199.53
95,taxi,3898.379249,55.365354,65.013721,85.4951,172.945081,621.046459,22.426068,0.155386,7.942519,26.428312,1541.580919,healthy,0,0,0,0,0.902069,-0.186355,-0.175414,-0.101958,-0.392531,0.032063,-0.001305,0.076464,1.0,199.525
96,taxi,3844.264056,55.304822,64.907447,86.686161,171.371088,619.278572,22.310995,0.157535,7.893335,28.140215,1679.263305,healthy,0,0,0,0,0.558053,0.411354,-0.048418,0.19546,0.152655,-0.181506,-0.003159,0.076811,1.0,199.52
97,taxi,3897.028588,54.628175,64.358624,86.458662,169.404033,625.216369,22.136924,0.163306,7.839128,27.032299,1920.816583,healthy,0,0,0,0,-0.500695,0.508311,0.449737,0.079981,2.277132,-0.138134,-0.002102,-0.019717,1.0,199.515
98,taxi,3867.827748,55.459597,65.00049,86.231468,171.16478,622.829324,22.129725,0.16011,7.827103,25.919355,1437.468879,healthy,0,0,0,0,0.765927,0.029283,0.614737,0.821927,1.935375,-0.114734,0.004911,-0.073771,1.0,199.51
99,taxi,3889.475685,53.687175,65.087766,86.294105,171.172255,617.430565,22.238726,0.169982,7.696851,27.181547,1697.348294,healthy,0,0,0,0,2.124407,0.052474,-0.123663,1.286984,-2.371487,-0.008209,0.005284,-0.075713,1.0,199.505
100,takeoff,4475.87092,87.054191,65.246117,86.283788,201.255359,725.448519,29.124125,0.159889,13.978695,25.915784,1776.365484,healthy,0,0,0,0,0.157135,-0.431649,0.77955,-0.560871,-2.167384,0.174717,-0.001264,-0.012999,1.0,199.5
101,takeoff,4485.24557,84.957919,64.698335,85.874253,200.698457,719.985921,28.971825,0.154446,13.767062,25.89828,1769.77688,healthy,0,0,0,0,7.684263,-0.203884,-0.243575,0.021134,2.35581,0.094034,-0.009389,0.121885,1.0,199.495
102,takeoff,4451.506164,86.342624,64.410204,86.08946,201.383386,716.055512,28.984749,0.1694,13.738,28.291863,1730.524588,healthy,0,0,0,0,0.318603,-0.144231,0.515797,1.337281,-0.543778,-0.143996,0.001166,-0.128244,1.0,199.49
103,takeoff,4482.270914,84.578246,65.057448,86.731982,202.580534,720.916444,29.212183,0.158046,13.641674,26.01278,1584.467294,healthy,0,0,0,0,5.64581,-0.432187,0.27866,1.756753,-3.166543,-0.013063,0.005862,-0.031986,1.0,199.485
104,takeoff,4466.690657,83.17223,64.793702,85.915785,202.621464,723.660898,29.310304,0.169703,13.907207,27.816486,1604.816118,healthy,0,0,0,0,-1.477861,-0.314961,-0.446063,0.122674,0.82646,0.09841,-0.003032,-0.05623,1.0,199.48
105,takeoff,4473.621356,84.465449,65.027379,86.203866,201.493857,720.496797,29.311955,0.16458,13.866358,24.962674,1837.7065,healthy,0,0,0,0,-2.91861,-0.286432,-0.07545,-0.326727,0.144974,0.109004,-0.003596,-0.028009,1.0,199.475
106,takeoff,4503.943251,84.191053,64.233552,86.422551,203.153965,720.601115,29.176592,0.159221,13.780647,27.32295,1665.076505,healthy,0,0,0,0,-2.869884,-0.085661,0.232759,0.25215,-0.525806,0.011309,0.005431,-0.045072,1.0,199.47
107,takeoff,4492.092754,85.776873,65.143887,85.807877,202.194547,723.698339,29.193809,0.163618,13.597761,26.087795,1745.082011,healthy,0,0,0,0,2.941555,0.101154,0.601791,0.176645,-0.007582,-0.095931,-0.000612,-0.019761,1.0,199.465
108,takeoff,4490.043966,84.876413,64.94424,87.014419,202.623885,722.160475,28.97067,0.168557,13.931585,27.111183,1708.863622,healthy,0,0,0,0,4.850637,0.091946,-0.361392,-0.159111,-2.951593,-0.179091,-0.001769,-0.031858,1.0,199.46
109,takeoff,4459.626275,86.16069,64.811145,86.848946,202.641349,726.092635,29.188778,0.158679,13.964443,27.27012,1686.838092,healthy,0,0,0,0,3.191964,0.42006,-0.537822,-0.43154,-0.23938,-0.066874,0.005025,0.092198,1.0,199.455
110,takeoff,4512.40573,86.107646,64.882571,85.936727,201.170137,722.262843,29.130416,0.158677,13.792984,25.87568,1515.087047,healthy,0,0,0,0,0.50862,0.142141,-0.534269,-0.53864,2.374701,0.031001,-0.008607,-0.044964,1.0,199.45
111,takeoff,4492.028819,84.618107,64.825302,86.073296,202.468253,720.06695,29.188419,0.165155,13.800971,26.576375,1746.949852,healthy,0,0,0,0,-1.1567,-0.735604,-0.000751,-0.605844,-1.663214,0.057757,-0.001364,0.034485,1.0,199.445
112,takeoff,4458.178475,83.821992,65.005415,86.264052,199.327852,722.827724,29.252693,0.159956,13.798629,28.121985,1680.064969,healthy,0,0,0,0,-4.573675,-0.895408,-0.107908,-2.077921,-0.687667,-0.347124,0.000289,0.058244,1.0,199.44
113,takeoff,4497.246766,84.294875,64.382119,86.694706,202.105903,718.055446,29.252213,0.163192,13.927931,28.963897,1634.16743,healthy,0,0,0,0,1.39972,0.056253,-0.673445,-0.14859,0.639965,0.057051,-0.004518,-0.027872,1.0,199.435
114,takeoff,4505.141588,84.1297,64.93356,85.980876,199.107904,725.604115,28.987745,0.162969,13.76664,26.210153,1726.462778,healthy,0,0,0,0,-2.04192,0.429896,-0.261128,-0.601434,3.063651,-0.0295,-0.008884,-0.073248,1.0,199.43
115,takeoff,4508.579439,85.645848,65.515158,85.115205,200.750794,719.257151,29.088656,0.153286,13.911207,27.207606,1669.707634,healthy,0,0,0,0,-0.334643,-0.652503,0.569997,1.314676,-1.633864,-0.23299,0.005521,-0.016851,1.0,199.425
116,takeoff,4483.780234,85.841831,65.626567,86.679691,204.120938,720.151845,29.459081,0.166558,13.604415,25.086842,1634.399458,healthy,0,0,0,0,-0.102694,-0.141786,0.299976,0.538343,-1.49458,0.100599,-0.000782,-0.086458,1.0,199.42
117,takeoff,4513.896249,84.745929,65.298537,87.589831,200.725514,721.05285,29.150582,0.15484,13.885873,26.182144,1498.20982,healthy,0,0,0,0,-6.547916,-0.387813,0.214399,1.12059,1.802805,0.095474,0.0062,-0.147433,1.0,199.415
118,takeoff,4513.775482,85.41392,65.074732,85.911862,201.229874,725.440965,29.174669,0.166081,13.771594,26.232392,1532.411151,healthy,0,0,0,0,2.219952,-0.511771,-0.581494,-1.058026,1.29968,-0.231903,0.004285,-0.053434,1.0,199.41
119,takeoff,4461.090211,84.29866,64.677407,86.451664,200.853532,721.8555,29.116842,0.158585,13.745299,26.332788,1530.428301,healthy,0,0,0,0,-5.737147,0.795568,0.431503,-1.052067,-0.228676,0.162979,-0.006267,-0.067661,1.0,199.405
120,takeoff,4465.604209,84.916176,64.111558,86.566082,202.727099,722.765841,29.234168,0.162249,13.805264,26.814542,1517.002515,healthy,0,0,0,0,3.732053,-0.396251,-0.315051,0.780672,-1.735517,-0.167297,0.002597,-0.038484,1.0,199.4
121,takeoff,4489.138983,84.077719,64.867739,85.975578,199.965514,720.179575,29.189655,0.157509,13.919506,27.642645,1618.655813,healthy,0,0,0,0,-2.532573,-0.123502,0.547471,-0.411341,-1.976902,0.02039,-0.005097,0.042507,1.0,199.395
122,takeoff,4456.745633,84.592807,64.516582,86.881309,203.174054,718.002028,29.081816,0.164775,13.764858,25.398276,1588.8215,healthy,0,0,0,0,2.541934,0.185598,0.324384,0.373641,-1.632378,-0.031914,-0.019889,0.013262,1.0,199.39
123,takeoff,4466.655106,85.74994,64.858385,84.889279,200.49227,720.188922,29.170097,0.154779,13.77429,25.693351,1462.073882,healthy,0,0,0,0,-0.648366,-0.213366,-0.056828,0.082584,0.683521,-0.113139,0.00235,-0.097801,1.0,199.385
124,takeoff,4482.304348,85.750314,64.492605,85.990328,202.121979,720.810684,29.484307,0.170666,13.937952,27.298988,1673.620348,healthy,0,0,0,0,-0.493042,-0.641731,0.079043,0.091753,-0.83046,-0.024128,-0.002774,0.02702,1.0,199.38
125,takeoff,4478.683078,87.263806,64.707362,87.09653,201.153395,722.188378,28.913729,0.159799,13.910303,27.614273,1802.994868,healthy,0,0,0,0,2.293451,-0.356562,0.403679,0.065784,-1.517573,0.281681,-0.001884,0.091373,1.0,199.375
126,takeoff,4459.866026,84.385329,65.487975,86.054498,201.3195,722.73525,29.109653,0.157755,13.768988,26.105825,1631.601337,healthy,0,0,0,0,6.549059,-0.951664,-0.681424,-0.472736,0.811273,0.141064,0.007534,-0.037351,1.0,199.37
127,takeoff,4500.931581,85.424414,65.21692,85.097956,203.714448,722.320361,29.328336,0.167774,14.14803,25.826239,1708.693374,healthy,0,0,0,0,0.93169,-0.591184,0.183684,-0.154979,-0.280433,-0.189069,0.001293,0.082289,1.0,199.365
128,takeoff,4502.62738,84.605669,65.992851,86.567505,202.964468,718.596456,29.101941,0.152712,13.752459,28.215665,1749.899283,healthy,0,0,0,0,0.186673,1.010251,-0.519065,0.06762,1.130265,-0.176723,0.001494,0.018263,1.0,199.36
129,takeoff,4486.314299,83.355497,64.838195,86.665407,201.915656,723.812802,29.102121,0.163036,13.885585,25.922745,1632.859485,healthy,0,0,0,0,-2.703098,-0.073117,-0.231579,0.461401,0.867315,0.143219,-0.005915,0.09694,1.0,199.355
130,takeoff,4466.496748,85.865619,64.58095,85.728004,202.590222,716.792628,28.946427,0.165012,14.022363,25.841277,1842.348889,healthy,0,0,0,0,-4.049304,0.486486,-0.666009,-1.172534,3.549795,0.111279,9.2e-05,-0.060346,1.0,199.35
131,takeoff,4518.071867,85.340944,63.617913,85.563705,202.130166,721.01735,29.30332,0.15633,14.181458,26.563501,1490.935186,healthy,0,0,0,0,0.211029,0.193977,0.377957,-0.325575,1.667285,-0.005048,0.004401,-0.105516,1.0,199.345
132,takeoff,4502.807592,86.051174,64.811726,85.781172,203.376785,720.379177,29.232276,0.159238,13.884027,26.569928,1653.035593,healthy,0,0,0,0,2.72707,-0.380048,-0.257327,-0.175344,1.403578,0.013165,0.005177,-0.155267,1.0,199.34
133,takeoff,4507.768494,86.577087,64.036853,86.717059,201.897283,721.191455,29.284134,0.170358,13.854072,25.561607,1674.088156,healthy,0,0,0,0,3.79292,0.18578,-0.069743,-0.291477,-0.586905,0.160331,-0.008907,-0.030582,1.0,199.335
134,takeoff,4505.016929,86.02234,64.264003,86.002725,203.069812,718.137041,28.872748,0.163159,13.948754,27.381133,1767.536026,healthy,0,0,0,0,3.699387,-0.143904,0.116026,-0.981904,-2.427673,0.291302,0.001106,-0.065888,1.0,199.33
135,takeoff,4477.96369,85.289556,64.178733,85.56231,202.97912,722.30559,29.112846,0.164939,13.944727,26.914998,1599.630755,healthy,0,0,0,0,4.66869,-0.048203,0.253099,0.89745,1.14679,-0.014947,0.001897,-0.117207,1.0,199.325
136,takeoff,4495.006715,85.593718,65.12882,85.962716,200.369449,722.879942,29.190436,0.173146,13.939157,26.534763,1741.436724,healthy,0,0,0,0,0.033718,-0.894763,0.16585,-0.361383,5.250031,-0.18682,-0.012385,0.013032,1.0,199.32
137,takeoff,4500.365847,83.724192,65.424946,85.663885,202.186031,725.441906,29.119097,0.168679,13.974787,25.32146,1590.877467,healthy,0,0,0,0,3.871974,0.179856,-0.576848,-0.135661,0.938792,0.118845,0.004322,0.040802,1.0,199.315
138,takeoff,4470.702671,85.722508,64.499317,86.491527,203.952823,722.439414,28.956593,0.169828,13.702679,26.881073,1729.379324,healthy,0,0,0,0,-0.629078,-0.083615,-0.382192,0.136437,0.966639,0.005022,0.001865,-0.158257,1.0,199.31
139,takeoff,4505.351961,85.339201,65.04911,86.355885,201.649035,719.397579,29.048492,0.152343,13.557493,26.38942,1887.1342,healthy,0,0,0,0,1.246556,-0.25191,0.424155,0.003141,-0.585553,-0.144074,0.002193,-0.139377,1.0,199.305
140,takeoff,4495.832336,85.014313,65.13413,86.030874,201.515651,720.66429,28.930316,0.161077,14.026338,26.860207,1546.363501,healthy,0,0,0,0,-4.28458,0.549393,-0.025094,0.721486,0.281044,-0.202927,0.003803,-0.015999,1.0,199.3
141,takeoff,4510.948035,87.231234,65.644722,86.475755,199.404026,723.244792,29.032615,0.160235,13.731216,27.505948,1445.750725,healthy,0,0,0,0,-3.684599,0.45288,0.361925,-2.216034,1.274147,-0.007229,0.002806,0.044994,1.0,199.295
142,takeoff,4526.326241,85.076897,65.232829,85.952013,202.299496,715.756442,29.037127,0.162011,13.860364,26.061938,1673.906486,healthy,0,0,0,0,-2.356477,-0.135314,-0.851095,-0.779326,0.694855,0.118928,-0.005889,-0.031072,1.0,199.29
143,takeoff,4521.451924,85.297993,64.272978,85.244655,202.902067,725.791238,29.052251,0.170549,13.998303,26.965923,1610.154555,healthy,0,0,0,0,-0.51386,-0.662432,0.242304,0.914212,-0.8296,0.103802,-0.002181,-0.046787,1.0,199.285
144,takeoff,4512.330091,84.813432,65.039774,85.434009,202.915464,724.20123,29.363517,0.152979,13.690081,23.587619,1718.043228,healthy,0,0,0,0,2.279689,-0.098388,-0.151607,0.250482,0.470736,0.061917,0.00143,-0.024031,1.0,199.28
145,takeoff,4487.1482,86.376893,65.326959,86.644337,201.494819,727.03182,29.004189,0.157383,13.703399,26.48056,1650.308699,healthy,0,0,0,0,1.117326,-0.683053,-0.841139,-1.690664,0.128678,-0.121957,-0.005522,0.074565,1.0,199.275
146,takeoff,4470.928639,86.353569,64.421294,85.597959,201.463586,722.383851,29.106875,0.169807,13.837107,27.460986,1735.185662,healthy,0,0,0,0,-0.191119,-0.932811,0.206131,0.946675,1.036546,-0.116563,0.001143,0.125908,1.0,199.27
147,takeoff,4471.12138,84.05693,64.661383,85.90487,202.930867,719.430084,28.971282,0.155734,13.914481,26.265119,1688.475667,healthy,0,0,0,0,-2.861087,0.247468,-0.039162,2.484924,-1.5885,0.02161,0.009107,-0.018724,1.0,199.265
148,takeoff,4486.394513,85.150171,64.13653,85.847881,201.473946,721.620976,29.189552,0.158057,13.669163,26.252764,1639.64082,healthy,0,0,0,0,1.790244,0.082595,0.002147,1.14296,0.433649,0.055073,0.001588,0.135039,1.0,199.26
149,takeoff,4510.335656,86.062499,64.542567,87.188384,202.763044,723.462114,29.135859,0.160773,13.896521,26.710591,1730.572452,healthy,0,0,0,0,1.78387,-0.3103,0.312244,-0.599108,0.968713,0.003476,-0.001703,-0.027056,1.0,199.255
150,takeoff,4469.863073,86.513372,65.231352,85.918096,202.538836,714.924397,29.121497,0.151932,13.843781,27.189622,1544.505312,healthy,0,0,0,0,5.497994,0.529701,-0.138575,1.137608,0.377009,0.196931,-0.004423,0.030949,1.0,199.25
151,takeoff,4459.454242,84.819632,65.230446,86.15027,200.641753,715.698085,29.291152,0.166622,14.025878,26.355002,1640.97167,healthy,0,0,0,0,-4.817266,-0.22731,0.147723,1.01634,0.895184,-0.284759,0.001272,0.0278,1.0,199.245
152,takeoff,4491.828277,84.380328,64.672465,86.496429,202.017529,717.651415,29.465275,0.163102,13.960506,25.16674,1462.101815,healthy,0,0,0,0,0.413622,-0.113169,0.085659,-0.889908,-0.796415,-0.209994,0.006955,-0.029945,1.0,199.24
153,takeoff,4467.954381,85.151893,64.584837,85.201943,201.324133,719.321459,29.098491,0.16612,13.740994,26.537491,1641.618626,healthy,0,0,0,0,-0.973741,-0.042142,0.19196,-0.042719,0.463585,0.039059,-0.005618,-0.177399,1.0,199.235
154,takeoff,4495.858545,85.533095,64.24783,85.981783,200.706064,723.583955,29.048939,0.162012,13.979639,28.517209,1507.490832,healthy,0,0,0,0,-1.599265,0.099164,0.427009,1.203716,-0.997311,0.031524,-0.000287,-0.013918,1.0,199.23
155,takeoff,4470.014227,86.145415,64.829076,86.199181,201.016106,720.108125,29.329064,0.171691,13.620901,26.713127,1527.724557,healthy,0,0,0,0,3.17184,0.305216,0.141054,0.429375,0.948332,0.241652,-0.000912,0.109181,1.0,199.225
156,takeoff,4488.901329,86.985602,64.580966,86.011107,202.65761,723.156779,29.187681,0.158988,13.939712,25.571365,1653.856281,healthy,0,0,0,0,1.673358,0.607125,-0.048468,-0.602091,-2.233722,0.148082,-0.007915,0.064335,1.0,199.22
157,takeoff,4513.925571,85.091036,64.124874,86.033682,200.183722,725.689472,29.213811,0.160392,13.669434,24.989888,1634.19613,healthy,0,0,0,0,-3.225493,-0.266726,0.660155,1.3154,0.328093,0.061144,0.000294,-0.002971,1.0,199.215
158,takeoff,4502.318232,84.177237,64.603417,87.453821,201.88184,722.230938,29.227628,0.164457,13.971723,26.604688,1807.009893,healthy,0,0,0,0,-4.732851,0.348941,-0.203949,-1.198693,0.574972,-0.21075,0.007526,0.009032,1.0,199.21
159,takeoff,4487.768194,86.473371,65.008072,85.886704,203.112368,716.990653,29.137206,0.161779,13.922494,27.689292,1744.237595,healthy,0,0,0,0,-6.615935,-0.042241,-0.144994,-0.911556,1.411581,0.13876,0.003716,0.065736,1.0,199.205
160,takeoff,4514.247746,85.585273,64.571245,87.174895,201.269814,718.880108,29.031817,0.163826,14.269372,26.318233,1673.570615,healthy,0,0,0,0,1.989092,-0.206197,1.051787,-0.049065,-1.362008,0.040875,0.012122,0.012806,1.0,199.2
161,takeoff,4485.379898,85.774368,65.573712,85.882826,200.90647,718.764432,28.859063,0.154088,13.78209,27.47611,1563.129581,healthy,0,0,0,0,1.39228,1.092766,0.955837,-0.442321,-0.967841,-0.192555,0.003867,0.029197,1.0,199.195
162,takeoff,4495.32837,84.088701,64.317686,86.032084,203.507615,726.544396,28.695631,0.155081,13.829891,26.297186,1489.964105,healthy,0,0,0,0,1.498256,0.578247,-0.716568,-0.397963,0.710085,-0.01904,-0.003285,0.094996,1.0,199.19
163,takeoff,4496.248148,85.673088,64.051864,86.833914,202.287824,718.702064,29.375282,0.159356,13.812755,27.924743,1571.185912,healthy,0,0,0,0,-1.735975,0.72079,0.040736,-0.305688,-1.02125,0.216387,-0.003936,-0.19056,1.0,199.185
164,takeoff,4494.440485,85.362985,64.515338,85.938743,204.089255,721.091996,28.940689,0.158777,13.810367,26.52353,1637.881904,healthy,0,0,0,0,-1.44947,0.602415,-0.502557,-0.262405,-0.93149,-0.113399,-0.005542,-0.072968,1.0,199.18
165,takeoff,4500.081772,85.234568,65.028612,86.188809,202.785223,719.665572,28.873161,0.153542,13.955424,26.742405,1593.231724,healthy,0,0,0,0,-0.277187,-0.5483,0.236769,0.119373,-1.616567,-0.021547,-0.007146,-0.03408,1.0,199.175
166,takeoff,4483.068383,83.873898,64.83789,86.43055,201.521607,723.293731,28.854272,0.159121,13.628318,26.682974,1644.949563,healthy,0,0,0,0,3.73739,-0.223782,-0.32512,0.322151,-0.842984,-0.033151,7e-06,-0.110236,1.0,199.17
167,takeoff,4524.410151,84.650314,64.608871,86.663904,202.198229,722.936703,29.058956,0.156681,13.714409,27.581466,1773.704046,healthy,0,0,0,0,-0.25565,-0.683579,0.16096,0.084127,0.71492,-0.073334,0.002619,0.019496,1.0,199.165
168,takeoff,4473.047507,84.756682,64.994515,85.443451,203.696197,717.445335,29.017318,0.151688,13.711106,26.978526,1655.373255,healthy,0,0,0,0,-3.166619,0.382868,-0.726851,-0.35442,-1.392114,-0.096037,0.005309,0.037883,1.0,199.16
169,takeoff,4482.790856,84.571485,65.268983,86.906002,201.251118,721.827896,29.000229,0.167944,13.922829,26.547164,1824.598991,healthy,0,0,0,0,3.625835,0.230478,-0.095915,1.114871,0.634522,-0.133037,-0.007445,0.039025,1.0,199.155
170,takeoff,4498.262379,83.806031,65.502171,85.569572,202.927114,718.882834,29.036801,0.161222,13.938007,26.958631,1642.013342,healthy,0,0,0,0,-1.190302,-0.024782,0.124157,0.953108,-0.6025,-0.102094,0.006499,-0.018909,1.0,199.15
171,takeoff,4505.16258,83.920685,64.054239,86.627352,201.303839,721.781063,28.877463,0.161694,13.969966,27.284808,1623.907632,healthy,0,0,0,0,-1.590536,-0.364247,0.206647,-1.046551,-0.122614,0.001441,0.007204,0.036087,1.0,199.145
172,takeoff,4504.820348,85.722926,65.604628,85.530171,201.365161,722.364211,29.288977,0.150967,13.856707,27.675184,1682.004904,healthy,0,0,0,0,-4.584046,0.156855,0.313815,-1.196613,-3.311687,0.239134,0.002522,-0.140931,1.0,199.14
173,takeoff,4512.008641,85.221953,64.904524,87.357675,201.172379,722.308902,29.131567,0.160584,13.887934,25.493976,1623.466816,healthy,0,0,0,0,-0.877017,-0.340517,-0.32482,-0.347273,0.819893,-0.018547,-0.003022,0.055785,1.0,199.135
174,takeoff,4517.792848,85.255204,64.817022,86.258332,200.339113,722.476534,29.180988,0.163611,13.809145,26.540237,1595.578547,healthy,0,0,0,0,-2.114641,0.291987,0.72007,-1.400852,-0.325525,0.142436,-0.00705,-0.046623,1.0,199.13
175,takeoff,4445.39582,84.015234,64.927479,86.085995,200.396033,721.202583,29.360955,0.158166,13.925667,24.833046,1715.084871,healthy,0,0,0,0,0.284646,0.355956,-0.241024,1.656753,-1.125471,0.083539,-8e-06,0.018836,1.0,199.125
176,takeoff,4481.663213,84.453734,65.661335,86.058642,200.302376,723.298728,29.272852,0.159021,13.893117,25.45251,1734.715071,healthy,0,0,0,0,1.897074,-0.064892,-0.210659,-1.41168,-0.598269,0.042099,0.003392,0.035159,1.0,199.12
177,takeoff,4482.431336,85.114144,64.002717,86.055336,201.670032,719.605021,29.073475,0.159055,13.981749,27.777452,1671.069751,healthy,0,0,0,0,0.705597,0.236354,0.145929,-0.379261,0.252835,0.078603,-0.002748,0.048456,1.0,199.115
178,takeoff,4490.415513,82.532152,65.496029,85.886185,201.094749,722.708792,29.201739,0.160474,13.913874,27.221702,1547.484973,healthy,0,0,0,0,1.405973,-1.047411,-0.464239,0.513501,-0.190058,0.257556,0.006145,-0.057671,1.0,199.11
179,takeoff,4468.922313,85.362294,63.909481,86.599448,200.179744,719.847371,29.151598,0.157449,14.015977,27.20226,1702.062489,healthy,0,0,0,0,0.764515,-0.651772,-0.55687,0.641579,2.371643,-0.094012,0.001062,-0.002798,1.0,199.105
180,takeoff,4477.364289,86.714974,64.742679,85.43599,200.732404,719.978872,29.135779,0.161342,13.855606,25.907706,1659.456534,healthy,0,0,0,0,0.652325,0.207656,0.261273,-0.658538,-0.975127,0.226132,0.003387,0.193318,1.0,199.1
181,takeoff,4474.300562,86.400473,64.558817,85.570004,201.585965,716.010227,29.484321,0.156849,13.793863,27.656214,1744.422772,healthy,0,0,0,0,2.802089,-0.106971,0.489943,0.832865,2.395749,0.120764,0.003593,-0.083234,1.0,199.095
182,takeoff,4470.387191,86.56348,64.349489,86.911932,200.479322,726.949838,28.971487,0.161299,13.77551,25.329617,1633.266715,healthy,0,0,0,0,1.215775,0.559797,-0.659094,-0.069542,1.189791,-0.051477,0.000582,0.05982,1.0,199.09
183,takeoff,4483.915944,84.854525,65.191732,86.423361,200.591694,723.251999,28.968177,0.160935,13.680645,26.666095,1608.190333,healthy,0,0,0,0,1.415563,-0.618799,0.650498,0.805829,1.173038,-0.077662,0.004148,-0.01808,1.0,199.085
184,takeoff,4523.435092,86.74969,64.77729,86.1291,200.290894,723.232618,29.005325,0.164682,13.611168,26.492819,1740.444029,healthy,0,0,0,0,4.59829,0.947476,0.154305,-1.148858,-1.735325,-0.070744,0.003915,-0.005534,1.0,199.08
185,takeoff,4484.386394,86.946543,64.591773,87.159506,201.339266,718.025652,29.209409,0.163197,13.695388,26.984232,1726.694736,healthy,0,0,0,0,-7.101542,0.312518,-0.120363,-0.468676,-1.491976,0.20117,-0.002994,-0.068569,1.0,199.075
186,takeoff,4497.657918,85.042786,64.362958,85.948291,202.449483,718.926859,29.088262,0.154432,13.900872,25.820122,1830.1999,healthy,0,0,0,0,-6.718357,-0.356828,-0.673484,-0.117129,-1.019275,-0.086004,0.007405,0.023271,1.0,199.07
187,takeoff,4479.412446,84.672581,65.140906,87.021493,200.667624,720.200285,29.469319,0.152368,13.739975,26.54545,1631.446809,healthy,0,0,0,0,0.896139,0.549692,0.722728,0.600479,2.500406,0.114852,-0.003641,-0.144839,1.0,199.065
188,takeoff,4479.869373,84.580624,64.76677,86.967631,202.614601,721.019142,29.07455,0.15446,13.741739,23.835037,1701.55448,healthy,0,0,0,0,-2.075555,0.249763,-0.186782,0.122857,-1.103319,-0.106482,-0.00037,-0.010879,1.0,199.06
189,takeoff,4486.989443,83.777191,64.861452,86.775894,201.281777,724.168563,28.762764,0.158109,14.071842,27.693609,1600.084716,healthy,0,0,0,0,-2.472906,0.316487,-0.503135,0.154644,-1.196828,-0.089821,0.001139,0.03337,1.0,199.055
190,takeoff,4474.737593,85.619964,65.070621,86.357859,201.282233,723.984096,29.371545,0.157867,13.980905,25.614001,1554.606892,healthy,0,0,0,0,4.878741,0.199586,0.264467,1.631924,3.214602,0.102312,0.002249,-0.029755,1.0,199.05
191,takeoff,4505.158575,85.265677,64.569292,87.03149,202.993043,719.512532,29.223925,0.156828,13.569729,29.278546,1585.995747,healthy,0,0,0,0,-2.731087,0.213961,0.158136,-1.774186,-0.971408,-0.13474,0.003146,-0.05248,1.0,199.045
192,takeoff,4482.989347,85.222579,64.978127,86.484167,203.173752,718.041929,29.556957,0.163791,13.889327,25.348938,1574.581795,healthy,0,0,0,0,4.49604,-0.307282,0.690473,-0.085968,-2.72562,0.022012,-0.001424,0.158734,1.0,199.04
193,takeoff,4480.220777,84.497531,64.534836,85.480422,202.246035,717.406201,29.209493,0.157632,13.784935,26.676597,1662.605593,healthy,0,0,0,0,4.045634,0.030163,-0.0834,-0.806355,0.435687,0.031912,0.002672,0.058074,1.0,199.035
194,takeoff,4494.594607,85.316231,65.170004,86.160952,201.560176,717.279637,29.040734,0.159846,13.919835,28.112084,1560.727379,healthy,0,0,0,0,-2.507291,-0.461044,0.041239,-0.444535,-1.872048,-0.033078,-0.001868,0.00422,1.0,199.03
195,takeoff,4482.141584,84.296463,64.019952,85.749624,200.697881,716.651954,29.580343,0.161304,13.997643,25.419381,1643.699279,healthy,0,0,0,0,-2.655815,0.315639,-0.734377,-1.708648,-1.552469,-0.199881,0.007244,0.078355,1.0,199.025
196,takeoff,4491.921449,87.354215,65.258741,86.194961,201.614291,724.781184,29.24894,0.153603,13.847167,27.405496,1519.315951,healthy,0,0,0,0,1.824849,-0.228079,-0.434239,-1.361731,-0.506438,-0.248582,0.000866,0.036906,1.0,199.02
197,takeoff,4486.213576,84.17236,65.497711,85.397422,202.537618,721.088124,29.193233,0.154081,13.961961,27.150247,1429.233046,healthy,0,0,0,0,-4.438321,0.583257,0.697311,-0.068594,1.5409,-0.140632,0.007269,0.051581,1.0,199.015
198,takeoff,4469.059572,84.280084,64.539597,86.025343,203.180381,721.294825,29.367522,0.163024,13.787025,25.862391,1501.684693,healthy,0,0,0,0,-1.840202,-0.106829,0.479757,-0.611439,-1.045323,0.17005,0.009079,0.105634,1.0,199.01
199,takeoff,4465.146975,85.165564,64.521731,86.391808,201.684161,722.125582,29.299385,0.162563,13.655576,25.632649,1731.647976,healthy,0,0,0,0,-0.13073,0.114908,-0.387984,-1.034148,-2.136809,0.238207,0.001691,0.092169,1.0,199.005
200,cruise,4067.754804,64.122172,65.776047,86.584813,181.258065,665.068149,25.177272,0.162072,9.755886,26.288785,1617.268589,healthy,0,0,0,0,-0.26932,-0.644478,-0.10064,0.567385,0.885823,0.032529,-0.009954,-0.133618,1.0,199.0
201,cruise,4110.373479,66.741782,64.964719,86.756491,181.695111,660.989132,25.063396,0.157293,9.691503,27.421995,1631.812538,healthy,0,0,0,0,-5.49953,1.035468,-1.59487,-0.353533,-1.524946,-0.167688,-0.003785,-0.009657,1.0,198.995
202,cruise,4078.091013,65.585703,65.242867,86.512998,182.930323,670.50719,25.061206,0.158579,9.874393,26.460098,1462.48612,healthy,0,0,0,0,-0.898128,0.241466,-0.02867,0.898258,0.960232,-0.036241,-0.000272,-0.102432,1.0,198.99
203,cruise,4117.82057,65.075163,64.7213,85.204383,182.188241,662.383672,24.801094,0.166993,9.856587,27.859114,1607.723255,healthy,0,0,0,0,-0.415233,0.199567,-0.580159,-1.628866,0.558858,-0.125547,-0.005625,-0.185662,1.0,198.985
204,cruise,4089.536418,62.933952,64.982994,86.082573,180.261848,658.845818,25.144585,0.158432,9.931097,24.370683,1416.648286,healthy,0,0,0,0,-5.54512,0.280653,-0.353122,-0.406927,0.207841,-0.231543,0.006224,0.022635,1.0,198.98
205,cruise,4081.317638,66.003706,64.700844,85.901909,180.271132,661.1833,25.351494,0.163165,9.822457,26.980344,1774.950268,healthy,0,0,0,0,2.262827,0.567479,-0.026365,0.297376,-1.419062,0.250626,0.005861,-0.113834,1.0,198.975
206,cruise,4064.917937,65.28886,64.121051,86.297071,180.908663,661.572268,25.690226,0.16394,9.938138,24.80195,1707.008905,healthy,0,0,0,0,-1.414041,-0.629383,0.281089,0.327447,0.826581,0.025546,-0.002108,-0.071446,1.0,198.97
207,cruise,4075.326894,67.050018,64.421242,85.975531,182.876482,658.165501,25.284105,0.156789,9.944138,26.129046,1744.223269,healthy,0,0,0,0,-2.670967,0.005752,-0.298394,0.873739,-0.660733,-0.195774,-0.004875,0.059657,1.0,198.965
208,cruise,4083.30606,64.994546,63.378273,86.533776,183.820442,659.234449,25.354089,0.160974,9.771953,24.687564,1627.544247,healthy,0,0,0,0,-5.92199,-0.220574,0.166656,-0.097651,1.746711,-0.120326,0.002086,-0.097992,1.0,198.96
209,cruise,4090.740626,65.374512,65.260373,86.464664,180.680309,664.291288,25.057484,0.156647,9.743994,25.368297,1642.664649,healthy,0,0,0,0,-5.187392,-0.79217,0.443905,1.248093,1.414316,-0.156261,0.007418,0.044057,1.0,198.955
210,cruise,4119.609439,64.04345,64.993455,85.953619,182.621895,661.003836,25.216159,0.166998,10.05771,26.853903,1698.460538,healthy,0,0,0,0,-0.199354,0.561783,-0.273981,1.155027,-1.416581,-0.00279,-0.005126,0.026505,1.0,198.95
211,cruise,4056.684204,63.781958,64.868136,86.582249,181.717507,656.55943,25.34511,0.168,9.929406,24.744322,1600.560779,healthy,0,0,0,0,-6.504629,0.05333,-0.104605,0.555752,0.018642,-0.027511,-0.003833,-0.093057,1.0,198.945
212,cruise,4092.694367,65.955965,65.137105,85.436104,180.625393,660.331741,25.222918,0.164988,9.632027,25.559132,1593.180036,healthy,0,0,0,0,-3.366927,0.259828,0.098103,1.906285,1.489952,0.196495,-0.000188,0.161709,1.0,198.94
213,cruise,4089.441061,64.326019,65.684546,86.93412,182.417828,659.674001,25.295384,0.170659,9.906911,26.891089,1597.374577,healthy,0,0,0,0,-7.181032,-0.277373,0.327739,-0.053368,0.090687,-0.183435,0.000891,-0.082034,1.0,198.935
214,cruise,4070.770016,63.432755,64.935822,85.606359,179.613085,663.80429,25.074005,0.158709,9.66623,25.518541,1676.222033,healthy,0,0,0,0,-5.453586,0.43104,-0.407986,-1.250574,1.222474,-0.058377,-0.002129,-0.041273,1.0,198.93
215,cruise,4101.386013,63.70411,64.706402,87.060957,180.468993,657.226665,25.079517,0.164754,9.783775,27.358793,1672.023695,healthy,0,0,0,0,2.513392,0.486068,0.312696,0.453919,-1.473644,0.1299,-0.00456,-0.004798,1.0,198.925
216,cruise,4105.643576,66.121512,64.637385,86.493738,182.750066,661.370132,25.098205,0.160803,9.973606,26.230398,1645.223208,healthy,0,0,0,0,5.707754,0.269937,-0.291183,0.473336,0.097237,0.161882,-0.003,-0.057985,1.0,198.92
217,cruise,4072.198039,64.940462,65.297438,86.62436,181.277956,665.139497,25.088175,0.166329,9.802503,26.375524,1721.53419,healthy,0,0,0,0,-5.028894,0.422883,0.153318,-2.098876,0.12915,-0.296609,-0.012096,0.095199,1.0,198.915
218,cruise,4098.838525,63.744928,64.539989,86.038611,182.460474,663.086769,25.10766,0.164193,9.880848,26.931584,1566.902398,healthy,0,0,0,0,-0.42614,-0.725522,-0.254705,0.27123,-1.664619,0.018749,0.002956,-0.013473,1.0,198.91
219,cruise,4076.437032,64.808087,64.375659,86.334259,182.092159,664.445182,25.466824,0.155996,9.721402,26.635413,1682.227756,healthy,0,0,0,0,0.097574,0.013729,-0.1051,-0.322283,-1.756467,-0.074348,-0.007964,0.092486,1.0,198.905
220,cruise,4094.320993,62.927575,65.667986,86.365898,181.509038,663.592778,25.365261,0.167758,9.930139,27.191692,1702.889453,healthy,0,0,0,0,0.805562,-0.103408,0.419449,-0.708401,-0.758569,-0.094446,-0.001015,-0.011338,1.0,198.9
221,cruise,4090.390328,64.019764,64.772722,86.753814,179.678362,660.916204,25.206387,0.157263,10.02335,27.801978,1723.057288,healthy,0,0,0,0,-0.499839,-0.593023,0.156499,1.284213,-0.814682,-0.159822,-0.000111,-0.027548,1.0,198.895
222,cruise,4097.667417,64.205347,64.907073,86.175055,180.413625,660.822335,24.99121,0.161697,10.017971,25.903743,1575.435712,healthy,0,0,0,0,-2.958511,-0.320188,0.247321,-1.591735,-3.558306,-0.132323,-0.001362,0.065834,1.0,198.89
223,cruise,4086.59552,64.927559,65.258578,86.937899,182.744967,661.706107,25.383278,0.153139,9.588414,26.212552,1683.153457,healthy,0,0,0,0,4.072069,-0.015603,-0.579001,-0.352117,1.897117,-0.029374,0.000912,0.021826,1.0,198.885
224,cruise,4076.222079,66.436399,65.284061,86.099084,179.825944,661.257293,25.26004,0.170652,9.835677,26.980794,1534.927329,healthy,0,0,0,0,-4.06049,0.444553,0.733922,2.264489,-1.231472,0.054348,0.003013,-0.21168,1.0,198.88
225,cruise,4075.969128,65.13965,65.243367,86.455324,181.647814,663.30487,25.295513,0.165331,9.724957,27.386978,1731.56437,healthy,0,0,0,0,3.464972,-0.492813,0.53248,-0.261272,-1.889248,-0.08781,-0.006805,-0.04325,1.0,198.875
226,cruise,4077.751494,64.172137,65.461641,87.137498,183.919752,664.895894,25.192018,0.15754,9.824093,26.225012,1801.560734,healthy,0,0,0,0,0.343716,0.227753,0.445194,0.49147,-0.025466,0.315837,-0.008677,0.001597,1.0,198.87
227,cruise,4072.139983,65.988602,64.307673,86.559711,181.450842,658.524192,25.262939,0.173371,9.978079,24.84054,1565.878836,healthy,0,0,0,0,1.770578,-0.182274,-0.152235,-0.848148,0.5481,-0.282949,0.000882,-0.086107,1.0,198.865
228,cruise,4102.8163,62.80265,65.097246,86.661731,180.498903,660.991511,25.623522,0.161631,9.871346,29.080705,1630.308473,healthy,0,0,0,0,3.784528,0.080253,-0.007954,0.674386,1.119057,0.132876,-0.007558,-0.076446,1.0,198.86
229,cruise,4089.085738,63.636144,65.108435,87.02783,183.382097,664.45819,25.063673,0.163247,9.757213,25.441462,1785.150774,healthy,0,0,0,0,-3.201438,-0.519066,0.22665,0.210842,1.064524,-0.021889,-0.001321,0.065879,1.0,198.855
230,cruise,4080.452717,64.633866,64.74761,86.720445,183.006084,661.179855,24.874621,0.161161,9.840001,26.692833,1729.514754,healthy,0,0,0,0,-5.337224,0.577662,0.557223,-0.200631,0.753797,0.264234,-0.007753,-0.046583,1.0,198.85
231,cruise,4090.653263,63.265219,65.322519,85.817839,182.699346,658.689172,25.300173,0.158959,9.955737,25.990809,1624.498597,healthy,0,0,0,0,7.1116,-0.19905,-0.98495,0.51688,-1.827937,-0.024959,-0.004855,0.00655,1.0,198.845
232,cruise,4116.761233,64.82987,64.832947,85.416445,184.346329,655.938293,25.288075,0.160546,9.728178,27.001265,1808.353052,healthy,0,0,0,0,-1.594988,-0.056857,0.080355,-0.528992,0.368302,-0.035041,0.002116,-0.106585,1.0,198.84
233,cruise,4095.174325,64.496551,64.52841,85.88507,182.729858,663.218796,25.343149,0.159918,10.039868,24.066098,1644.904698,healthy,0,0,0,0,2.294669,0.731193,-1.54983,-1.116276,-0.136985,0.370211,0.004091,-0.066935,1.0,198.835
234,cruise,4102.307644,66.0785,64.807945,86.063394,182.041916,658.732052,25.304308,0.161233,9.950881,26.642605,1682.910322,healthy,0,0,0,0,0.135625,0.188874,0.057818,-0.427292,0.842878,-0.301764,-0.003312,0.056423,1.0,198.83
235,cruise,4058.430502,65.243345,64.989984,86.103329,181.772775,661.732456,25.323088,0.16582,9.429742,26.36823,1848.338024,healthy,0,0,0,0,5.434711,-0.352878,-0.900668,0.647184,0.846351,-0.044319,0.001007,0.017653,1.0,198.825
236,cruise,4080.195299,65.101123,65.302674,85.450203,183.644006,665.14009,25.16582,0.166705,9.4992,27.538095,1654.735321,healthy,0,0,0,0,0.597778,-0.211566,-0.194611,0.581107,-3.468963,-0.119272,-0.001689,-0.018103,1.0,198.82
237,cruise,4114.788681,63.998068,65.479993,85.835889,181.346964,659.018828,24.828898,0.160927,9.782073,27.201069,1645.849758,healthy,0,0,0,0,1.642132,-1.00057,-0.217842,-0.317194,1.962926,0.105955,0.000861,-0.214243,1.0,198.815
238,cruise,4116.729443,64.987572,64.916835,85.656861,180.042203,662.685072,25.08994,0.166237,9.741315,27.053961,1629.730493,healthy,0,0,0,0,-5.324497,0.566348,-0.428372,0.241065,-2.071372,-0.288083,0.004256,-0.059361,1.0,198.81
239,cruise,4088.466878,64.722629,64.943662,85.287018,181.301917,658.7342,25.272524,0.161838,9.977966,26.761051,1575.49246,healthy,0,0,0,0,2.582949,-0.548595,0.06785,0.535316,-1.217524,-0.280179,-0.000875,-0.086726,1.0,198.805
240,cruise,4095.0266,64.504925,64.799082,86.859475,181.682857,661.467705,25.09627,0.161961,9.718102,26.218695,1507.969653,healthy,0,0,0,0,-3.638299,0.047576,0.921531,-1.05222,-0.180335,0.179205,1.3e-05,0.092862,1.0,198.8
241,cruise,4108.068037,65.146852,64.577911,85.78416,180.526467,657.232945,24.94939,0.160322,9.998964,27.992583,1566.349348,healthy,0,0,0,0,-6.140695,-0.884339,-1.220144,0.324006,1.989782,0.183778,-0.00428,-0.086114,1.0,198.795
242,cruise,4072.762587,64.563472,64.768737,86.139784,180.754273,661.376616,25.265829,0.175403,10.135238,26.823886,1730.649411,healthy,0,0,0,0,-1.584142,0.405532,1.005914,0.720944,-0.973658,-0.016805,-0.003569,-0.027632,1.0,198.79
243,cruise,4081.517623,63.356453,64.517411,86.088874,181.153043,661.297249,24.890671,0.164588,10.032082,25.407836,1488.753941,healthy,0,0,0,0,1.894778,-0.007622,-0.223681,0.88414,-0.902611,0.011192,-0.005117,0.126721,1.0,198.785
244,cruise,4082.788692,65.855578,64.944102,86.042344,182.427366,662.414207,24.888016,0.154582,9.957616,27.591816,1654.977216,healthy,0,0,0,0,0.8935,-0.201597,-0.052736,-0.669917,0.973571,0.06898,0.002083,-0.072129,1.0,198.78
245,cruise,4068.220567,64.511995,65.311449,86.535177,182.410482,660.665456,25.130128,0.166887,9.874123,27.048431,1531.608221,healthy,0,0,0,0,0.594216,0.122944,-0.349566,-0.457735,-0.396448,-0.213702,-0.010821,0.072629,1.0,198.775
246,cruise,4067.790477,64.929922,65.674957,86.283567,182.816047,660.646729,25.456983,0.16523,9.837626,25.245184,1705.223826,healthy,0,0,0,0,-1.307572,-0.256489,-0.054807,0.291047,-2.395359,0.004242,-0.001713,-0.053899,1.0,198.77
247,cruise,4055.188264,64.388693,65.262688,87.010886,182.480504,660.750893,25.196781,0.161307,9.869196,25.322877,1662.047297,healthy,0,0,0,0,1.654535,-0.247453,0.169401,-0.085756,0.408139,-0.003033,0.00546,0.111174,1.0,198.765
248,cruise,4081.61404,65.342897,64.695182,86.424886,181.370649,659.231909,24.950214,0.165118,9.741758,24.396665,1534.01598,healthy,0,0,0,0,0.51054,-0.357566,0.74312,0.625737,-0.80927,0.11036,-0.003116,-0.03687,1.0,198.76
249,cruise,4099.446082,64.73117,64.438685,86.941644,180.681476,663.29448,25.068894,0.152392,9.964179,26.002324,1726.706256,healthy,0,0,0,0,-2.565685,0.260023,0.653141,0.008812,-0.88302,0.017449,-0.005328,-0.007887,1.0,198.755
250,cruise,4095.971849,65.325764,65.086052,85.247251,182.165872,658.616438,25.402085,0.165847,9.834064,26.583836,1637.931216,oil_pressure_drop,1,2,250,1000,0.67627,0.407875,0.294281,-0.361051,-0.577889,0.176007,5e-05,-0.050521,1.0,198.75
251,cruise,4097.318933,66.713347,64.317086,86.896441,183.418599,661.699757,25.187171,0.169169,9.820352,26.368674,1827.996602,oil_pressure_drop,1,2,250,1000,-4.315033,-0.857477,0.706609,-0.306947,0.630282,-0.352573,0.000726,-0.008052,0.992929,198.745
252,cruise,4090.622912,65.704276,63.851244,86.722138,180.087629,662.453982,25.093573,0.161203,9.744338,26.168841,1676.705792,oil_pressure_drop,1,2,250,1000,-2.798381,-0.351758,-0.145146,-0.719003,-0.451154,-0.041742,0.004847,-0.043393,0.985859,198.74
253,cruise,4083.671967,66.188723,64.212695,86.591127,181.562862,661.548577,24.989168,0.16829,9.585795,26.648642,1650.877364,oil_pressure_drop,1,2,250,1000,2.059232,-0.084246,0.790393,1.764148,0.011284,-0.059919,0.001951,-0.026673,0.978788,198.735
254,cruise,4111.929366,66.550791,63.369427,86.813977,179.814196,658.031512,25.215124,0.154591,9.780946,28.102309,1500.425311,oil_pressure_drop,1,2,250,1000,1.788257,-1.60047,0.588713,0.225024,0.527704,-0.218303,0.004605,-0.19463,0.971717,198.73
255,cruise,4092.84852,65.936265,63.224959,86.457241,180.444944,661.257531,25.142127,0.159263,9.707838,25.695021,1662.806602,oil_pressure_drop,1,2,250,1000,-3.496087,-0.964249,-0.382222,-0.357546,0.014332,0.097171,-0.003076,-0.009911,0.964646,198.725
256,cruise,4094.982777,66.175292,63.525573,87.136148,183.305643,662.245937,25.094083,0.161766,9.919265,26.798167,1535.434236,oil_pressure_drop,1,2,250,1000,1.796812,-2.186607,0.745323,-0.449952,0.766482,0.0202,0.007222,0.026529,0.957576,198.72
257,cruise,4083.679772,65.554848,63.588849,87.098038,181.290486,664.837445,25.139395,0.164476,9.96958,27.224615,1556.706398,oil_pressure_drop,1,2,250,1000,-1.731735,-1.853443,1.707341,-0.237074,1.215637,0.003248,-0.001117,-0.078968,0.950505,198.715
258,cruise,4079.40533,63.497631,63.436251,87.373777,180.368845,660.072083,24.996303,0.169069,9.755103,25.306062,1708.455143,oil_pressure_drop,1,2,250,1000,-0.384507,-2.251943,1.191977,-0.684642,0.234696,0.103465,-0.003371,0.138217,0.943434,198.71
259,cruise,4101.715915,65.462338,62.112291,87.04759,182.717936,661.300454,25.540116,0.157945,9.690207,27.348391,1566.495304,oil_pressure_drop,1,2,250,1000,0.357325,-2.227455,1.852364,0.43263,-1.211973,0.316672,-0.007158,0.096778,0.936364,198.705
260,cruise,4122.380419,66.768172,62.966972,86.902877,181.597013,661.531915,25.169007,0.161555,9.842731,25.348162,1614.49403,oil_pressure_drop,1,2,250,1000,4.070498,-2.814193,2.184977,0.899736,2.167298,0.034069,0.000784,-0.012695,0.929293,198.7
261,cruise,4088.516172,64.607977,61.665483,88.353434,181.382709,659.70805,24.997202,0.162604,9.785641,27.011076,1519.965632,oil_pressure_drop,1,2,250,1000,-5.245523,-2.638134,1.262674,-0.628217,-0.564927,-0.007942,-0.009559,-0.06539,0.922222,198.695
262,cruise,4096.48819,65.398615,62.155318,87.928382,180.402061,659.123975,24.944623,0.165715,9.705501,25.938515,1582.452131,oil_pressure_drop,1,2,250,1000,-1.083532,-2.683588,2.170344,0.670178,0.802713,-0.092592,-0.005265,-0.059459,0.915152,198.69
263,cruise,4084.669035,66.060515,62.155074,88.438494,180.149773,664.275214,25.215379,0.16101,10.048432,27.539331,1682.793088,oil_pressure_drop,1,2,250,1000,-1.524131,-3.337643,1.884943,0.402829,-1.850478,-0.260862,0.001267,-0.038818,0.908081,198.685
264,cruise,4049.640744,66.469265,61.7276,87.758916,181.179884,660.502378,25.225342,0.164692,10.055457,28.235411,1774.251358,oil_pressure_drop,1,2,250,1000,2.203405,-2.938485,2.935245,-0.609131,-0.242396,0.018092,0.000756,0.08878,0.90101,198.68
265,cruise,4078.728139,66.244924,60.64276,88.70294,183.523598,662.086881,25.043853,0.161491,9.948296,26.748581,1685.460737,oil_pressure_drop,1,2,250,1000,3.675891,-4.107854,1.759821,0.325083,0.585744,-0.061002,-0.007526,0.030003,0.893939,198.675
266,cruise,4081.316899,67.097093,61.498165,88.719154,181.420057,660.52236,25.075889,0.164851,9.808023,25.813274,1634.661087,oil_pressure_drop,1,2,250,1000,3.411059,-2.777259,2.170236,-0.01566,-0.155948,-0.171886,-0.002471,0.084993,0.886869,198.67
267,cruise,4061.697011,65.085392,60.80852,88.744664,180.64264,659.689427,25.268993,0.161538,9.847814,28.251465,1623.254961,oil_pressure_drop,1,2,250,1000,-9.576356,-3.475955,2.323764,-0.288419,-1.20962,0.039026,-0.008634,-0.085981,0.879798,198.665
268,cruise,4063.472066,64.346637,60.98826,88.390682,180.760709,660.089232,25.068173,0.161992,9.928332,26.476081,1724.797139,oil_pressure_drop,1,2,250,1000,2.413618,-3.379821,2.417678,1.28941,-1.027282,0.111986,-0.001557,-0.008016,0.872727,198.66
269,cruise,4085.178233,66.051121,60.964164,89.802284,181.758663,662.698238,25.013663,0.161952,9.988166,26.920655,1567.582359,oil_pressure_drop,1,2,250,1000,2.10222,-3.340277,3.154782,-0.247148,0.94821,-0.031451,0.00273,0.025644,0.865657,198.655
270,cruise,4096.050577,64.306135,60.213204,89.665352,179.201355,662.21023,25.058755,0.16326,9.583964,26.785931,1631.069752,oil_pressure_drop,1,2,250,1000,2.704164,-4.975089,3.564084,0.674213,1.643193,0.214567,-0.010899,0.139797,0.858586,198.65
271,cruise,4089.944078,66.623934,60.419082,89.700483,180.981247,663.264527,25.184386,0.149883,9.755291,25.86277,1779.505948,oil_pressure_drop,1,2,250,1000,-0.589301,-4.31058,2.842127,0.306046,0.422265,-0.220708,-0.007264,-0.107137,0.851515,198.645
272,cruise,4079.217379,65.87013,59.524185,89.730051,180.704489,655.181046,25.237164,0.162587,9.543587,27.916239,1703.103175,oil_pressure_drop,1,2,250,1000,-2.495489,-5.264867,2.66251,1.164106,-1.751421,-0.095974,0.003483,-0.130101,0.844444,198.64
273,cruise,4076.449221,63.965099,59.310154,90.354936,182.207981,661.190904,25.168606,0.175079,9.839281,27.17532,1658.446582,oil_pressure_drop,1,2,250,1000,-0.017009,-5.046622,3.846065,0.105914,5.397697,0.102204,3.2e-05,-0.151961,0.837374,198.635
274,cruise,4087.27034,63.344054,59.172336,89.795128,181.147303,665.961521,25.164288,0.161737,9.748683,26.714667,1760.061299,oil_pressure_drop,1,2,250,1000,-3.33049,-5.410416,2.62292,0.908973,-1.641243,-0.193509,0.005287,0.068897,0.830303,198.63
275,cruise,4053.513288,63.552659,59.642005,89.837217,182.04987,662.207021,25.279429,0.164553,9.944862,25.278821,1618.344257,oil_pressure_drop,1,2,250,1000,-5.166404,-6.419156,4.128826,0.913271,-1.494385,-0.003435,0.005485,-0.051162,0.823232,198.625
276,cruise,4118.513924,66.165829,58.760115,90.879565,182.0414,663.245255,25.10437,0.147034,9.798529,26.030166,1576.052084,oil_pressure_drop,1,2,250,1000,4.265682,-5.349526,4.048476,-0.056809,-0.18853,0.049254,-0.005273,0.064655,0.816162,198.62
277,cruise,4105.813582,64.368669,59.227749,90.263908,182.700785,657.739611,24.939503,0.165938,9.97067,27.400121,1752.512534,oil_pressure_drop,1,2,250,1000,-1.725154,-6.571072,2.938328,0.723939,-0.227188,0.144592,0.000615,0.016928,0.809091,198.615
278,cruise,4077.072337,65.093679,58.301098,90.14097,181.293622,664.688632,24.932639,0.170904,9.94494,26.201434,1753.367191,oil_pressure_drop,1,2,250,1000,1.594586,-6.045136,4.45453,-1.365985,1.132282,-0.046541,-1.6e-05,-0.12357,0.80202,198.61
279,cruise,4082.942032,65.28093,58.667386,91.839102,181.452579,655.676735,25.410139,0.160203,9.971563,28.15876,1656.809091,oil_pressure_drop,1,2,250,1000,-4.218821,-7.017012,5.0957,-0.453749,1.362778,-0.086082,-0.008603,0.000182,0.794949,198.605
280,cruise,4073.368999,64.299932,58.080057,90.714395,182.194672,661.314234,25.158571,0.159293,9.846095,27.502144,1568.097344,oil_pressure_drop,1,2,250,1000,1.873615,-6.815182,5.251335,-0.395118,-1.614122,-0.046181,0.002316,0.140403,0.787879,198.6
281,cruise,4061.464027,63.65511,57.858201,91.781114,180.156984,657.869227,24.949271,0.162953,9.857449,27.319144,1825.144033,oil_pressure_drop,1,2,250,1000,-1.068231,-6.427823,3.945368,0.653946,0.313279,-0.174318,-0.006335,-0.082499,0.780808,198.595
282,cruise,4119.735959,63.513327,57.261686,91.911067,179.346329,658.163048,24.971114,0.169245,9.776552,26.719782,1584.784918,oil_pressure_drop,1,2,250,1000,-0.582639,-7.759729,4.769719,0.83861,-0.921139,0.022324,-0.003472,-0.079504,0.773737,198.59
283,cruise,4099.290891,66.190105,57.812482,91.620301,183.194693,662.073971,25.146636,0.164459,9.611313,26.053604,1816.869702,oil_pressure_drop,1,2,250,1000,1.707523,-7.16417,4.841145,0.059042,-0.031571,0.063793,-0.000929,0.107966,0.766667,198.585
284,cruise,4108.078691,64.993851,56.938224,91.891789,181.215204,660.988542,25.312745,0.164089,9.858681,26.575894,1564.024084,oil_pressure_drop,1,2,250,1000,-1.739207,-8.886985,4.907365,-1.370653,-1.528791,-0.314821,0.005673,0.12572,0.759596,198.58
285,cruise,4068.740092,61.791758,56.685594,91.951329,181.705377,658.924498,25.011735,0.160538,9.851433,29.30499,1704.264367,oil_pressure_drop,1,2,250,1000,-0.215409,-8.260526,4.219848,-0.209286,-0.418177,0.270687,0.004167,0.055724,0.752525,198.575
286,cruise,4046.838928,65.117081,57.526162,92.008199,180.97499,661.720956,25.243836,0.165951,9.702891,26.468263,1645.602465,oil_pressure_drop,1,2,250,1000,-2.925838,-7.712945,5.161348,-0.130876,-1.942522,-0.259782,0.001486,0.18041,0.745455,198.57
287,cruise,4079.232127,65.229308,56.550281,92.344146,180.3319,660.738104,24.750543,0.153504,9.935581,25.293348,1703.900093,oil_pressure_drop,1,2,250,1000,-6.550222,-9.041824,4.932335,1.427431,-0.629763,-0.148809,0.014451,0.075582,0.738384,198.565
288,cruise,4082.707981,66.894365,56.07202,93.119741,182.148051,662.683078,25.024139,0.169683,9.759568,27.631632,1808.676835,oil_pressure_drop,1,2,250,1000,0.799657,-7.893307,5.160065,0.528904,-1.644545,-0.105395,0.002842,-0.046974,0.731313,198.56
289,cruise,4116.915573,66.932434,55.770753,92.325193,180.906656,666.133308,25.396574,0.168977,9.997781,26.977678,1521.253621,oil_pressure_drop,1,2,250,1000,-0.080368,-8.842669,5.478236,0.972979,-0.93268,-0.026488,-0.006293,-0.02428,0.724242,198.555
290,cruise,4107.296927,66.143362,57.197283,92.573096,179.954249,661.469992,25.437377,0.163565,9.677549,25.976031,1555.885713,oil_pressure_drop,1,2,250,1000,4.645547,-9.139991,5.232261,-0.506741,0.821864,-0.250165,-0.00385,-0.130003,0.717172,198.55
291,cruise,4067.827829,65.022318,55.928123,93.058276,181.402582,655.551279,25.113548,0.16167,9.690666,27.616736,1543.750571,oil_pressure_drop,1,2,250,1000,-1.613074,-8.758147,5.642553,0.290466,-2.049821,-0.129496,-0.002002,0.095062,0.710101,198.545
292,cruise,4120.380314,65.701025,55.31305,93.233937,179.908516,659.834345,25.143624,0.15879,9.837518,27.459767,1691.721591,oil_pressure_drop,1,2,250,1000,0.721456,-9.834965,5.27347,0.257735,0.242536,0.058946,0.002522,-0.142065,0.70303,198.54
293,cruise,4099.043655,65.529227,55.4111,93.206097,179.352373,658.266122,25.12048,0.164301,9.80229,27.302429,1730.315598,oil_pressure_drop,1,2,250,1000,-1.81858,-8.909496,6.703686,0.758376,-0.749494,-0.085592,-0.002845,-0.112489,0.69596,198.535
294,cruise,4083.28654,64.93929,55.107927,93.268723,182.401239,656.769235,25.138802,0.157062,9.686102,27.767418,1769.814261,oil_pressure_drop,1,2,250,1000,1.677802,-9.486695,6.866617,0.352032,-1.334767,0.136612,-0.004027,-0.067551,0.688889,198.53
295,cruise,4075.041632,63.933518,55.028735,93.972384,181.70139,657.544409,25.015023,0.16304,9.862607,25.837416,1759.278219,oil_pressure_drop,1,2,250,1000,-1.83426,-10.73483,6.105211,-1.05033,-0.849673,0.077071,-0.003081,-0.072427,0.681818,198.525
296,cruise,4090.115693,63.556786,54.551454,94.712975,180.118537,665.574538,25.142784,0.156293,9.810154,25.916128,1679.290654,oil_pressure_drop,1,2,250,1000,4.291147,-9.657204,5.469298,-0.417704,0.017474,-0.094261,-0.001039,0.03435,0.674747,198.52
297,cruise,4049.621564,65.439828,54.482836,93.373253,180.38108,663.092259,25.24281,0.157135,9.799053,26.474694,1646.938765,oil_pressure_drop,1,2,250,1000,-0.148257,-10.331584,6.648145,-0.918532,0.856053,-0.206982,0.001107,-0.091683,0.667677,198.515
298,cruise,4094.785478,65.467249,54.295894,93.587885,181.565823,661.593357,25.363347,0.159979,9.691256,27.135988,1612.245195,oil_pressure_drop,1,2,250,1000,0.988979,-10.154809,7.261483,-0.637241,0.406628,-0.00481,0.001351,-0.071027,0.660606,198.51
299,cruise,4071.361373,64.468168,54.332044,93.196794,181.257658,660.353874,25.216129,0.16725,9.783385,27.867979,1514.12681,oil_pressure_drop,1,2,250,1000,-0.129696,-11.05658,7.231063,1.039635,-2.996115,-0.034991,0.00357,0.055921,0.653535,198.505
300,cruise,4085.556153,64.600483,53.965965,94.910006,182.130091,660.138778,25.084918,0.162205,9.939424,26.729238,1727.351573,oil_pressure_drop,1,2,250,1000,0.827887,-10.906254,6.700846,1.853124,0.448773,-0.33802,0.001414,0.06179,0.646465,198.5
301,cruise,4130.73044,66.033885,53.116332,94.242715,181.050201,661.31519,25.030806,0.153376,9.680494,26.457308,1704.302884,oil_pressure_drop,1,2,250,1000,5.688623,-10.958985,7.453484,0.23425,-1.166263,0.121528,-0.004645,-0.017373,0.639394,198.495
302,cruise,4086.981217,65.68813,52.800052,94.145438,184.748005,661.007332,25.216849,0.16254,9.904701,25.60757,1624.092579,oil_pressure_drop,1,2,250,1000,-1.799963,-11.546791,6.938215,-0.561384,-1.82612,0.079231,-0.000933,-0.006582,0.632323,198.49
303,cruise,4096.769482,64.466214,52.378013,94.799804,184.670955,661.237188,25.119771,0.16338,10.065931,27.017329,1816.116835,oil_pressure_drop,1,2,250,1000,1.128064,-11.76189,7.310158,0.519175,0.76396,-0.028212,0.00012,-0.158294,0.625253,198.485
304,cruise,4087.231869,66.134004,52.577741,94.521057,180.308436,660.288916,25.359874,0.16883,9.705475,26.996896,1546.576067,oil_pressure_drop,1,2,250,1000,-4.446972,-11.724629,8.186001,0.737951,0.366066,-0.046518,-0.000415,-0.097755,0.618182,198.48
305,cruise,4089.895101,65.760433,52.446399,95.438798,181.03072,657.814502,24.875413,0.16164,9.713004,24.653335,1788.126455,oil_pressure_drop,1,2,250,1000,4.676234,-13.199016,8.424844,1.370609,2.262199,-0.212474,-0.004972,0.038667,0.611111,198.475
306,cruise,4094.322125,65.804954,52.313986,95.713212,181.922618,660.755809,25.060557,0.146998,9.608036,25.490971,1726.206417,oil_pressure_drop,1,2,250,1000,-2.362395,-12.931133,8.67557,1.276802,-2.705332,0.164115,-0.00652,-0.061865,0.60404,198.47
307,cruise,4073.755557,64.124039,52.146252,95.475983,180.498788,662.766061,25.00641,0.166481,9.885267,26.04393,1530.336689,oil_pressure_drop,1,2,250,1000,4.919812,-13.424217,8.328456,-0.156194,2.596013,-0.121926,-0.002039,-0.132593,0.59697,198.465
308,cruise,4101.117948,65.833438,50.868367,95.187416,180.666262,663.297628,25.278128,0.167017,10.157232,25.779239,1638.232229,oil_pressure_drop,1,2,250,1000,3.196112,-12.796264,8.325092,-0.938538,0.814126,0.036665,0.002231,0.021718,0.589899,198.46
309,cruise,4080.102701,64.811016,51.186071,95.485437,181.192675,664.805267,24.976295,0.159434,9.896655,26.911683,1705.295278,oil_pressure_drop,1,2,250,1000,-0.526187,-12.79453,7.538689,-0.121133,-1.133542,-0.005769,0.002099,-0.077681,0.582828,198.455
310,cruise,4074.850233,64.887997,51.387147,96.042921,181.138146,663.751376,25.313964,0.159259,9.841479,26.050494,1595.490758,oil_pressure_drop,1,2,250,1000,-1.693728,-13.793913,8.142502,0.327858,1.445204,0.190915,0.007409,0.052583,0.575758,198.45
311,cruise,4111.370902,63.852405,51.33513,95.865814,180.91486,659.994804,25.396216,0.153358,9.477987,27.347336,1471.435116,oil_pressure_drop,1,2,250,1000,-2.278475,-13.139963,8.986294,0.826404,0.710026,0.023851,-0.003348,-0.060295,0.568687,198.445
312,cruise,4099.118814,66.25742,51.192088,96.743557,179.476736,662.86255,25.256774,0.162004,9.924638,25.82529,1648.255405,oil_pressure_drop,1,2,250,1000,0.695179,-13.329581,8.550462,1.040226,0.202687,0.015222,-0.006334,-0.097444,0.561616,198.44
313,cruise,4075.577364,64.797562,50.949495,97.040917,181.613205,658.71485,25.462878,0.164137,10.011793,26.885345,1611.335277,oil_pressure_drop,1,2,250,1000,6.13039,-14.616232,8.723908,0.108762,0.193399,-0.213525,-0.002649,0.053907,0.554545,198.435
314,cruise,4074.968686,64.170208,50.438992,96.157132,182.277269,660.64005,25.214899,0.164483,9.686155,26.428846,1723.373498,oil_pressure_drop,1,2,250,1000,-1.963031,-13.753712,8.85412,-0.607708,-3.036724,0.107008,-0.004968,-0.113241,0.547475,198.43
315,cruise,4088.557894,65.674688,51.357908,96.665595,180.743583,662.897859,24.69418,0.170877,9.806258,26.454471,1628.569906,oil_pressure_drop,1,2,250,1000,-2.823158,-13.64122,9.186823,-1.403886,0.471881,0.162506,-0.000631,0.104181,0.540404,198.425
316,cruise,4066.232426,63.506206,49.994016,97.282192,181.089224,660.246674,25.298165,0.157374,9.732913,26.692259,1575.882146,oil_pressure_drop,1,2,250,1000,2.213764,-14.856725,9.870869,0.650016,-0.195339,0.123638,-0.00173,-0.068846,0.533333,198.42
317,cruise,4097.413149,65.951341,49.852726,97.071646,181.790789,663.185533,25.486579,0.16274,9.670139,25.014924,1557.886464,oil_pressure_drop,1,2,250,1000,-0.235515,-15.013437,9.941601,0.378428,-0.346694,-0.097691,-0.009757,-0.034072,0.526263,198.415
318,cruise,4093.152524,64.244108,49.857767,97.368691,179.660671,657.600738,25.045102,0.164526,9.739787,26.881833,1625.922538,oil_pressure_drop,1,2,250,1000,-0.470197,-15.395837,9.127407,1.477663,-0.672243,-0.04955,0.001424,-0.118243,0.519192,198.41
319,cruise,4113.59279,65.221748,49.191831,97.156026,180.585586,660.996716,25.130681,0.154528,10.056927,26.913396,1505.754462,oil_pressure_drop,1,2,250,1000,0.096233,-15.927055,9.734706,1.458281,-0.714461,0.217924,-0.007624,0.081567,0.512121,198.405
320,cruise,4081.658487,63.979774,49.314431,98.22434,182.628239,658.765716,25.101858,0.16611,9.695251,27.797431,1568.487905,oil_pressure_drop,1,2,250,1000,0.577214,-16.138352,10.843615,-0.493537,0.827578,-0.139954,0.001948,0.016183,0.505051,198.4
321,cruise,4088.342234,64.109482,48.982992,97.502124,180.129619,659.972281,25.564951,0.158716,9.621267,26.151888,1618.264576,oil_pressure_drop,1,2,250,1000,2.535864,-16.361475,10.396769,0.748455,3.745668,0.010494,-0.006746,-0.048765,0.49798,198.395
322,cruise,4103.292161,65.399586,47.915847,97.974766,181.973178,661.960597,25.041798,0.162416,9.806776,25.934217,1693.045442,oil_pressure_drop,1,2,250,1000,-1.232288,-15.813442,10.370406,0.055386,0.346015,0.111051,0.004048,0.074849,0.490909,198.39
323,cruise,4087.248766,63.594929,49.265839,97.802661,181.945337,663.376348,25.036393,0.164247,9.799799,26.943665,1622.440531,oil_pressure_drop,1,2,250,1000,1.586408,-15.584444,10.378639,-0.848263,-0.459134,0.031194,-0.000324,0.101788,0.483838,198.385
324,cruise,4102.097564,64.498518,47.958773,98.431452,181.525305,659.255242,24.906731,0.164968,9.777056,28.295308,1610.713497,oil_pressure_drop,1,2,250,1000,3.267115,-15.721118,11.131553,-1.392021,1.938974,-0.182569,-0.000842,0.037514,0.476768,198.38
325,cruise,4095.954276,65.424489,47.981676,97.968375,181.405719,659.186865,25.087781,0.168849,9.660479,26.987512,1749.169183,oil_pressure_drop,1,2,250,1000,-2.774601,-16.736843,9.972415,-0.383453,-1.25078,0.021189,0.000399,0.038818,0.469697,198.375
326,cruise,4083.003157,63.570843,48.072671,98.05922,179.799307,663.302268,25.261414,0.158302,9.947322,26.525142,1682.409804,oil_pressure_drop,1,2,250,1000,-2.597832,-17.024682,11.188273,1.348072,-3.174771,-0.208614,-0.000612,0.00105,0.462626,198.37
327,cruise,4087.635129,66.499317,47.09061,98.898547,182.205447,665.480579,24.974946,0.163293,9.800394,25.390476,1719.97644,oil_pressure_drop,1,2,250,1000,-1.103053,-16.683557,11.368593,-0.121365,3.983941,0.020566,-0.000812,-0.052241,0.455556,198.365
328,cruise,4087.003902,64.035052,47.341509,98.398077,181.754749,660.670589,25.215658,0.156521,9.816636,25.970312,1589.575217,oil_pressure_drop,1,2,250,1000,-5.798057,-18.144749,10.766214,-0.306616,-0.349825,0.427746,-0.001326,0.010949,0.448485,198.36
329,cruise,4093.343139,65.339383,46.861676,99.312439,181.634299,660.731713,25.223237,0.156157,9.769768,25.246601,1692.687066,oil_pressure_drop,1,2,250,1000,2.179259,-17.832578,11.099635,1.118011,0.269827,0.111504,-0.000638,0.151909,0.441414,198.355
330,cruise,4075.102246,64.758072,47.214247,99.249896,181.43958,661.343667,24.97776,0.156436,10.014086,26.61314,1642.219918,oil_pressure_drop,1,2,250,1000,-3.220619,-18.038872,11.440287,-0.500033,0.041711,0.119598,-0.005302,-0.020108,0.434343,198.35
331,cruise,4085.188914,62.912919,46.852107,99.186053,182.929957,663.99871,24.976321,0.164294,9.638889,26.178067,1650.329715,oil_pressure_drop,1,2,250,1000,-5.874847,-17.352709,10.807423,1.332995,0.184574,0.291296,-0.00653,-0.126662,0.427273,198.345
332,cruise,4107.138052,65.187308,46.343864,99.815155,181.232622,664.985611,25.180183,0.156599,9.632875,26.250752,1593.835021,oil_pressure_drop,1,2,250,1000,-3.239116,-18.36895,11.805576,-1.82802,1.763086,0.214688,-0.004657,0.011661,0.420202,198.34
333,cruise,4074.280132,64.833821,44.962391,99.581222,183.717314,657.479331,25.287192,0.163324,10.020149,26.389448,1674.649421,oil_pressure_drop,1,2,250,1000,-0.48075,-18.301269,11.725035,0.060156,1.64066,-0.016449,-0.002173,0.023512,0.413131,198.335
334,cruise,4081.716361,64.883595,45.55144,99.015956,182.693301,655.359075,24.879729,0.164508,9.969436,26.783403,1658.976349,oil_pressure_drop,1,2,250,1000,-0.481275,-18.289985,11.931824,-0.22389,-0.158128,-0.116933,-0.002903,0.1402,0.406061,198.33
335,cruise,4122.178477,63.038657,45.997249,99.962498,182.857308,661.64733,25.255132,0.16394,9.808444,24.836432,1689.952749,oil_pressure_drop,1,2,250,1000,-2.844093,-18.885934,12.517412,0.577981,0.162651,0.035344,0.000799,-0.002027,0.39899,198.325
336,cruise,4069.313634,64.420763,45.443346,101.653191,180.484161,663.102553,24.947453,0.160958,9.900109,26.910464,1783.437841,oil_pressure_drop,1,2,250,1000,-5.051628,-18.724217,11.875238,-0.241404,-2.257421,0.012754,-0.001467,0.063083,0.391919,198.32
337,cruise,4105.879554,68.023088,45.933985,98.669331,182.009005,662.189391,25.122802,0.161618,9.91519,26.541833,1760.535599,oil_pressure_drop,1,2,250,1000,-2.929195,-18.683766,12.260624,-0.703253,0.899509,0.16865,0.001953,-0.131233,0.384848,198.315
338,cruise,4086.70681,65.724125,45.970828,100.997897,182.494054,658.048607,25.063119,0.159367,10.036389,26.098463,1731.07697,oil_pressure_drop,1,2,250,1000,-4.37007,-19.383359,12.743088,-0.64823,-0.225647,0.066099,-0.002231,-0.04626,0.377778,198.31
339,cruise,4059.2466,65.853113,45.46715,100.602417,182.020203,661.700628,25.324276,0.157995,10.016571,28.850391,1602.547297,oil_pressure_drop,1,2,250,1000,-8.266829,-19.151485,13.561752,0.942101,0.71626,-0.098834,0.003927,-0.082249,0.370707,198.305
340,cruise,4108.01965,65.060591,45.152976,100.921556,180.044846,669.613381,25.318909,0.152781,9.753624,26.49764,1694.433189,oil_pressure_drop,1,2,250,1000,0.603086,-19.824371,12.601833,0.621576,0.437595,-0.029073,0.00081,0.025131,0.363636,198.3
341,cruise,4080.381612,64.57769,44.805725,99.713041,182.19013,665.42627,25.288344,0.163257,9.990787,26.987499,1725.975028,oil_pressure_drop,1,2,250,1000,5.494163,-20.102309,12.329768,0.834463,0.199512,-0.278759,0.000114,0.063533,0.356566,198.295
342,cruise,4073.141263,64.136009,45.395034,101.441743,182.352843,663.193418,24.843653,0.156744,10.104234,26.815274,1487.805814,oil_pressure_drop,1,2,250,1000,-1.506931,-20.082707,12.638204,-1.46692,0.298283,0.045044,0.011093,-0.093003,0.349495,198.29
343,cruise,4103.892504,64.336482,43.930187,100.526889,181.98043,659.463591,25.0016,0.162703,9.505391,24.771295,1569.812252,oil_pressure_drop,1,2,250,1000,-0.637151,-20.278034,13.415687,-0.923359,-2.23034,0.085647,0.000328,-0.061333,0.342424,198.285
344,cruise,4067.005821,65.042121,45.154477,102.099589,181.14714,661.211997,24.957242,0.159362,9.825996,28.625984,1600.633991,oil_pressure_drop,1,2,250,1000,-4.056339,-21.178034,13.416766,-0.9448,0.264317,-0.024694,-0.004418,-0.000421,0.335354,198.28
345,cruise,4094.524097,62.572847,44.012956,100.820127,181.219288,659.105739,25.262293,0.153681,9.969221,26.880122,1710.952718,oil_pressure_drop,1,2,250,1000,-1.077223,-21.624357,13.770948,0.043242,-0.505078,0.11414,0.002203,-0.059554,0.328283,198.275
346,cruise,4068.414535,65.31096,43.192513,102.895892,181.26555,662.676523,25.097653,0.158171,9.668462,28.694285,1567.708897,oil_pressure_drop,1,2,250,1000,-3.634776,-21.277129,13.129381,0.228892,2.348104,-0.184726,4.3e-05,0.060121,0.321212,198.27
347,cruise,4101.143155,64.017681,42.727047,101.513042,181.54575,659.521722,25.207464,0.155623,9.783667,27.02922,1652.314893,oil_pressure_drop,1,2,250,1000,-0.313381,-21.39338,13.374067,-0.864061,-0.594401,-0.089274,0.003698,0.024187,0.314141,198.265
348,cruise,4050.430115,64.53816,42.383218,102.548441,181.539089,665.451367,25.170238,0.160045,10.081131,25.278816,1743.054721,oil_pressure_drop,1,2,250,1000,3.20761,-22.061827,14.02598,-0.77714,0.903336,-0.045343,7.5e-05,0.069309,0.307071,198.26
349,cruise,4090.509808,66.83235,43.683074,103.418243,180.487804,664.925552,25.350696,0.163151,9.741869,26.038923,1539.858338,oil_pressure_drop,1,2,250,1000,0.059246,-22.004644,14.323454,-0.364172,0.57837,0.233692,-0.004286,0.051954,0.3,198.255
350,cruise,4078.354247,65.584108,42.957235,102.578608,184.136124,662.705773,25.059674,0.167561,10.043237,26.193453,1604.619467,oil_pressure_drop,1,2,250,1000,5.34482,-22.288878,14.588673,1.407134,-1.564633,0.026639,0.008285,0.112865,0.3,198.25
351,cruise,4084.57114,64.835883,42.728039,101.853659,181.132023,660.544759,25.220049,0.1629,9.599153,27.226213,1400.578188,oil_pressure_drop,1,2,250,1000,0.107242,-22.28865,14.289004,-0.749858,-1.557074,0.141747,0.003903,0.049349,0.3,198.245
352,cruise,4067.775114,66.803144,42.634091,102.803273,180.151971,662.964349,25.282044,0.170806,9.881011,26.617865,1695.653903,oil_pressure_drop,1,2,250,1000,-4.543267,-21.881811,13.793133,-0.754905,0.248667,0.151976,-0.009612,-0.031847,0.3,198.24
353,cruise,4111.040215,64.022523,42.239878,102.435562,179.585386,663.492317,25.119883,0.158996,9.907582,26.547226,1806.588787,oil_pressure_drop,1,2,250,1000,3.391952,-21.922085,14.275611,-0.373968,-1.205621,-0.116905,-0.005338,-0.274991,0.3,198.235
354,cruise,4082.629393,63.45848,43.564426,102.023642,181.268676,664.598724,25.197064,0.170701,9.947535,27.012013,1657.208968,oil_pressure_drop,1,2,250,1000,-3.054159,-22.143806,13.919108,-0.936743,-1.883552,0.026955,-0.005829,0.110385,0.3,198.23
355,cruise,4096.82496,64.586825,43.503185,101.272321,182.673901,657.880106,25.275808,0.158042,9.742252,27.740303,1725.657503,oil_pressure_drop,1,2,250,1000,-4.568975,-21.981814,13.954782,-0.317951,-1.192453,0.057533,0.000937,0.086351,0.3,198.225
356,cruise,4074.833628,64.944914,43.371082,102.214043,180.204444,659.637596,24.977704,0.162942,9.86977,26.840508,1695.715256,oil_pressure_drop,1,2,250,1000,-5.466309,-22.128977,13.925262,-1.013552,0.092313,0.247634,-0.007058,0.075732,0.3,198.22
357,cruise,4067.189705,65.030853,43.164102,101.937339,182.246281,660.293256,25.347132,0.153819,9.677828,25.65161,1804.047287,oil_pressure_drop,1,2,250,1000,-4.649706,-22.357252,13.567824,0.076785,-1.854857,-0.008846,-0.006646,-0.074601,0.3,198.215
358,cruise,4078.935346,65.502698,42.560404,102.846152,179.83392,660.656844,25.174497,0.160999,9.797736,26.725851,1656.563785,oil_pressure_drop,1,2,250,1000,-4.88587,-21.535085,14.244753,1.884512,2.506959,0.172299,0.009558,-0.069125,0.3,198.21
359,cruise,4099.45139,63.09835,42.794984,102.105724,181.712007,656.893894,24.807491,0.164385,9.682729,24.469933,1806.761799,oil_pressure_drop,1,2,250,1000,1.60462,-21.558446,14.52282,-1.391285,-2.257036,-0.071268,0.000152,0.124622,0.3,198.205
360,cruise,4067.295255,65.428674,42.51798,102.185858,180.983712,662.00426,25.162944,0.155411,9.660099,27.13912,1589.42084,oil_pressure_drop,1,2,250,1000,-1.670364,-22.242011,14.609426,-0.361546,0.469147,0.164076,0.001623,-0.031741,0.3,198.2
361,cruise,4112.793913,64.972057,42.471003,101.844416,182.803648,666.056344,25.03043,0.156771,9.678593,27.706581,1599.823375,oil_pressure_drop,1,2,250,1000,1.880586,-22.144979,13.060925,-0.087568,0.230478,-0.0145,0.003164,0.031833,0.3,198.195
362,cruise,4087.911992,63.640784,43.242932,102.246599,182.760682,662.234791,24.874929,0.15844,9.764516,28.61332,1661.746453,oil_pressure_drop,1,2,250,1000,0.732179,-21.848853,12.625104,1.00863,-2.446837,-0.100072,-0.00034,-0.173782,0.3,198.19
363,cruise,4093.593599,63.676276,43.646463,102.125808,181.584678,664.01925,25.502151,0.172201,9.841393,24.8997,1693.559774,oil_pressure_drop,1,2,250,1000,-2.131054,-22.540927,14.21439,-0.984887,-0.535871,-0.124343,-0.006564,-0.024081,0.3,198.185
364,cruise,4064.954047,63.493428,43.525447,101.980728,182.87801,661.423058,25.237539,0.168411,9.964468,24.714343,1484.650104,oil_pressure_drop,1,2,250,1000,0.192382,-22.735937,14.023863,-0.139128,0.008184,0.058176,0.008161,0.042146,0.3,198.18
365,cruise,4092.56371,65.396951,43.087168,101.973703,179.562273,660.552956,25.233821,0.151528,9.743115,27.166084,1754.099177,oil_pressure_drop,1,2,250,1000,-0.144926,-22.126829,13.652978,-0.972152,-0.351395,-0.316718,0.001384,0.110485,0.3,198.175
366,cruise,4121.247962,64.649496,42.474606,102.796543,181.904372,661.250646,24.900084,0.162926,9.674099,26.277339,1558.793789,oil_pressure_drop,1,2,250,1000,4.954552,-21.824232,13.757994,0.25227,2.424592,0.036557,-0.003721,0.10079,0.3,198.17
367,cruise,4128.329039,64.432267,42.806258,101.790478,180.638385,658.480962,24.993787,0.162856,9.82762,26.512683,1638.006306,oil_pressure_drop,1,2,250,1000,-0.134561,-22.109889,13.418104,0.322181,-1.391766,0.037205,-0.000268,-0.100665,0.3,198.165
368,cruise,4099.268434,65.407428,43.252943,102.163933,181.944171,661.220415,25.200451,0.16287,10.12592,25.656957,1697.710838,oil_pressure_drop,1,2,250,1000,0.559526,-22.27971,14.129557,0.592859,1.51603,-0.060522,-0.008556,0.102336,0.3,198.16
369,cruise,4081.512343,65.517039,42.761598,102.046178,181.437004,657.138373,24.875252,0.163206,9.966468,27.892137,1722.461194,oil_pressure_drop,1,2,250,1000,3.352447,-22.097977,14.603731,-0.08663,0.358072,-0.238344,-0.004633,0.109902,0.3,198.155
370,cruise,4086.411797,64.184772,43.165171,102.066367,181.933722,664.097505,25.030103,0.157934,9.792647,26.867635,1718.443818,oil_pressure_drop,1,2,250,1000,-3.94342,-21.652398,13.403897,-0.11298,-1.837671,0.052367,-0.001877,-0.080904,0.3,198.15
371,cruise,4099.400353,65.097055,43.351462,102.086365,180.856771,659.531698,25.163039,0.163239,9.807367,26.279716,1566.107547,oil_pressure_drop,1,2,250,1000,-3.179075,-21.906533,14.118486,-0.353065,1.605798,-0.002862,-0.010352,0.02409,0.3,198.145
372,cruise,4096.615855,65.811846,42.07094,102.660039,181.598206,660.105058,25.506654,0.151529,9.686766,27.586696,1651.396148,oil_pressure_drop,1,2,250,1000,5.695782,-22.463873,14.776647,-1.313285,-1.003623,-0.049181,0.003719,0.008103,0.3,198.14
373,cruise,4088.99141,64.815261,42.095163,102.666688,181.749128,664.376788,24.871779,0.161057,10.007219,26.585366,1830.418301,oil_pressure_drop,1,2,250,1000,3.238242,-22.127132,14.344213,0.592757,1.618194,0.173821,0.000611,-0.00741,0.3,198.135
374,cruise,4082.855086,65.575651,43.303926,103.198958,180.644482,662.778975,24.95866,0.161124,9.727237,27.551289,1557.190193,oil_pressure_drop,1,2,250,1000,-3.89993,-22.158697,13.846537,-1.160593,1.223044,0.019838,-0.002342,-0.018897,0.3,198.13
375,cruise,4101.796479,64.279742,42.583826,102.252203,183.308943,658.127277,25.240556,0.164697,9.728751,27.494878,1613.514237,oil_pressure_drop,1,2,250,1000,0.730044,-21.461422,13.464278,-0.375359,-1.30298,-0.161605,-0.0054,-0.127194,0.3,198.125
376,cruise,4103.854236,64.379798,42.067366,101.264341,180.73285,659.677988,25.188639,0.166513,9.653803,26.355278,1690.673813,oil_pressure_drop,1,2,250,1000,1.697789,-21.715877,13.856164,-0.400587,0.764949,-0.015466,-0.000274,-0.07921,0.3,198.12
377,cruise,4095.559665,65.335448,42.837152,101.622823,178.938056,656.613546,25.443554,0.162909,9.720514,28.054594,1718.661277,oil_pressure_drop,1,2,250,1000,-3.614237,-22.790919,14.068269,0.549226,-4.944077,-0.101755,0.00407,-0.114245,0.3,198.115
378,cruise,4131.289857,65.563938,43.07375,102.491993,180.653411,663.988447,25.183205,0.158656,9.915501,27.565982,1716.118737,oil_pressure_drop,1,2,250,1000,-3.04431,-22.382939,14.416262,-0.774435,1.676363,-0.233013,0.001648,0.047688,0.3,198.11
379,cruise,4069.242163,66.641909,43.121961,101.430645,182.14377,664.529993,25.24111,0.157915,9.875258,26.990666,1699.787485,oil_pressure_drop,1,2,250,1000,0.958418,-21.764673,14.796369,-1.536613,-0.799916,-0.177512,-0.003391,-0.051881,0.3,198.105
380,cruise,4076.708246,65.769927,43.128884,102.773766,179.558332,662.006212,25.115219,0.157952,9.697486,27.127159,1617.523041,oil_pressure_drop,1,2,250,1000,0.209448,-22.068988,14.65316,0.261815,-0.03765,-0.125801,-0.002641,-0.05068,0.3,198.1
381,cruise,4093.506815,64.78279,41.795749,102.449469,181.77054,658.668075,25.636375,0.159123,9.896197,25.27483,1729.225701,oil_pressure_drop,1,2,250,1000,-3.2321,-21.337838,12.961869,-1.156614,-0.348097,-0.042406,0.003596,0.027436,0.3,198.095
382,cruise,4099.130324,63.567184,42.315943,102.334566,181.372333,662.613545,25.411776,0.168672,10.008621,26.331083,1568.629191,oil_pressure_drop,1,2,250,1000,-3.684555,-22.172104,14.597589,0.40617,2.476535,0.000215,0.000312,-0.055162,0.3,198.09
383,cruise,4075.17197,67.287328,43.85236,101.609478,181.061011,663.271532,25.249976,0.173223,10.137035,23.919848,1882.807545,oil_pressure_drop,1,2,250,1000,-1.320324,-21.608008,14.437683,-0.746379,-0.29125,0.387954,-0.00035,-0.180589,0.3,198.085
384,cruise,4086.456687,65.632299,42.983932,101.728083,181.986413,661.34487,25.3868,0.159977,9.754331,27.235278,1723.925104,oil_pressure_drop,1,2,250,1000,-1.938631,-21.956167,14.564524,-0.093799,1.704867,-0.137997,-0.000519,-0.098826,0.3,198.08
385,cruise,4099.304852,64.503419,42.745701,102.04618,180.482147,664.64521,25.254117,0.165839,9.716502,27.072703,1748.835944,oil_pressure_drop,1,2,250,1000,0.601914,-21.691455,14.025967,-1.759533,1.513833,-0.015267,-0.003896,-0.093366,0.3,198.075
386,cruise,4073.51468,65.482075,42.825585,102.257616,182.534112,662.253757,25.342387,0.159638,9.94134,26.101955,1678.104577,oil_pressure_drop,1,2,250,1000,4.997418,-22.669392,14.568122,-0.064242,0.021639,-0.276513,-0.006263,-0.02789,0.3,198.07
387,cruise,4055.877743,64.181036,42.571797,102.243452,181.459253,658.594614,25.073989,0.158337,9.772262,27.266182,1671.085574,oil_pressure_drop,1,2,250,1000,-0.702858,-21.760116,14.451591,0.864848,-2.023761,0.244646,-0.008731,-0.134934,0.3,198.065
388,cruise,4104.262647,65.798507,43.553217,101.149699,181.632786,659.017556,25.381151,0.170673,10.028092,27.028247,1703.641553,oil_pressure_drop,1,2,250,1000,-2.760465,-22.737588,13.338449,0.121843,-0.515978,-0.094986,-0.000141,-0.024574,0.3,198.06
389,cruise,4095.095278,64.919006,42.625239,102.00017,180.452157,662.052449,25.205095,0.162215,9.721954,26.931487,1706.281717,oil_pressure_drop,1,2,250,1000,-0.181962,-22.231549,13.436647,-0.179125,1.337883,-0.097426,0.002844,0.103967,0.3,198.055
390,cruise,4071.396959,65.184945,41.975373,102.070368,180.955734,663.795173,25.066735,0.172434,9.768043,27.586528,1751.122355,oil_pressure_drop,1,2,250,1000,-0.274067,-21.731504,13.914065,-1.318802,0.211276,-0.184401,0.006332,0.083411,0.3,198.05
391,cruise,4112.434198,64.190802,42.966907,102.936354,181.63774,664.195125,24.825524,0.163329,9.887722,26.486608,1632.314927,oil_pressure_drop,1,2,250,1000,8.622317,-21.881643,14.177487,-0.19944,1.718002,-0.037028,0.002248,0.055277,0.3,198.045
392,cruise,4080.199048,65.390981,42.393762,101.422546,181.464038,660.816104,25.066595,0.168255,9.370188,26.598012,1689.080227,oil_pressure_drop,1,2,250,1000,-2.498982,-22.193851,13.685726,0.870318,3.54336,0.206721,-0.002828,-0.016165,0.3,198.04
393,cruise,4082.874321,66.466643,42.49596,102.849331,182.931688,658.671479,25.114513,0.162615,9.955102,25.995724,1729.372739,oil_pressure_drop,1,2,250,1000,0.817424,-22.784939,13.781591,-1.109295,0.125637,-0.162564,-0.003441,0.017616,0.3,198.035
394,cruise,4112.646051,65.14184,42.56752,102.065965,182.497657,660.207755,25.452699,0.161741,9.955932,28.199765,1690.154553,oil_pressure_drop,1,2,250,1000,1.470572,-22.047857,14.200072,-1.228051,0.400202,0.016311,0.008811,-0.066346,0.3,198.03
395,cruise,4077.957234,64.88255,43.603284,103.805248,181.654808,664.229965,25.676575,0.163701,9.905544,25.335577,1653.030523,oil_pressure_drop,1,2,250,1000,1.307182,-21.303524,13.847218,-0.756587,-0.502153,-0.159806,0.001991,-0.010111,0.3,198.025
396,cruise,4066.313525,66.24875,41.916372,101.159717,181.373591,663.516221,25.359808,0.167927,9.956472,26.03384,1746.889542,oil_pressure_drop,1,2,250,1000,-2.6207,-21.713559,14.665764,0.665579,-0.027944,-0.316612,0.001953,-0.003485,0.3,198.02
397,cruise,4075.066904,65.109424,42.777829,102.088014,182.476091,658.726898,25.086177,0.167626,9.474053,26.587893,1846.513739,oil_pressure_drop,1,2,250,1000,-2.881895,-21.98269,14.868422,0.96109,-0.467166,0.146289,-0.004123,0.086157,0.3,198.015
398,cruise,4115.942088,64.045825,42.923721,102.825473,180.430644,662.089704,25.006978,0.166661,9.719255,27.000165,1809.148392,oil_pressure_drop,1,2,250,1000,-1.996842,-22.111798,14.424524,-0.217687,-0.37066,0.031588,0.001697,0.206502,0.3,198.01
399,cruise,4075.658352,65.23468,43.171863,102.716828,181.35006,659.571159,25.405763,0.164221,10.142901,26.965209,1626.655723,oil_pressure_drop,1,2,250,1000,-4.038051,-21.592138,13.745038,-0.144711,2.794722,-0.03044,-0.009112,-0.0575,0.3,198.005
400,cruise,4067.037624,66.017626,43.023563,101.91115,181.016077,657.047542,24.965282,0.160982,9.915799,26.991147,1451.209588,oil_pressure_drop,1,2,250,1000,-4.112426,-22.34963,14.488211,-0.672255,0.519613,-0.140446,0.005223,0.121672,0.3,198.0
401,cruise,4073.99125,65.855545,43.066033,101.593079,182.858207,656.828665,25.42159,0.160777,9.800922,26.592225,1594.950105,oil_pressure_drop,1,2,250,1000,4.805927,-22.415064,13.742956,0.104969,1.331043,0.055606,-0.000248,0.066081,0.3,197.995
402,cruise,4064.199762,65.202021,42.583826,102.597951,181.533866,663.513538,25.200941,0.157784,9.890304,26.088637,1733.343059,oil_pressure_drop,1,2,250,1000,-0.807061,-21.664278,14.20662,0.997261,1.692699,0.301067,0.006986,-0.038516,0.3,197.99
403,cruise,4097.384201,64.483487,42.272474,102.753275,180.363111,659.093193,25.34904,0.166644,9.550878,26.159483,1567.864902,oil_pressure_drop,1,2,250,1000,0.97769,-22.334761,14.849336,-0.016333,-0.510446,-0.067277,-0.001745,0.021799,0.3,197.985
404,cruise,4075.838425,66.34637,42.725018,102.648879,181.382812,660.236715,24.909994,0.16504,10.014832,25.59345,1755.495295,oil_pressure_drop,1,2,250,1000,0.994583,-22.152739,14.474293,0.513314,1.183746,0.017604,-0.010056,0.048638,0.3,197.98
405,cruise,4090.286628,65.948907,42.11291,102.777374,182.005294,663.138718,25.021659,0.161578,9.971244,28.118966,1669.608692,oil_pressure_drop,1,2,250,1000,-0.508007,-21.538407,13.270948,0.468479,-2.661692,-0.021574,-0.000444,-0.067139,0.3,197.975
406,cruise,4084.377964,66.160507,43.105285,103.286945,181.464469,660.874292,25.151523,0.159849,9.746437,27.730844,1833.991131,oil_pressure_drop,1,2,250,1000,4.103188,-21.976255,14.039791,0.679444,1.196869,0.013362,0.008206,-0.099938,0.3,197.97
407,cruise,4078.40404,66.447679,42.759861,102.646244,182.323572,660.251722,24.952904,0.151009,9.853086,25.29285,1608.484674,oil_pressure_drop,1,2,250,1000,-1.703104,-22.293087,14.213764,-0.627471,3.011735,0.124121,0.005276,0.093924,0.3,197.965
408,cruise,4124.444592,66.276494,42.358905,102.933766,181.943657,663.641318,24.979411,0.171299,9.587575,25.706241,1805.697228,oil_pressure_drop,1,2,250,1000,1.986689,-22.316843,12.883372,-1.951288,0.017066,0.139288,-0.001481,0.084955,0.3,197.96
409,cruise,4097.907298,64.794114,42.286352,101.772356,182.157135,661.922108,25.138086,0.165667,9.79422,27.066747,1672.975146,oil_pressure_drop,1,2,250,1000,2.111399,-21.203929,14.793439,-1.595162,-1.026127,-0.122581,-0.011309,0.069572,0.3,197.955
410,cruise,4060.272791,65.798535,42.896963,102.646804,180.097961,664.153035,24.788942,0.163463,9.966866,25.889684,1647.922505,oil_pressure_drop,1,2,250,1000,3.264917,-22.486722,13.972907,0.351617,-1.469164,0.101476,0.000503,-0.060954,0.3,197.95
411,cruise,4056.261547,66.270987,41.906747,102.487915,181.454657,662.917851,24.8945,0.164411,9.717355,27.224898,1585.167842,oil_pressure_drop,1,2,250,1000,-0.454408,-22.198777,13.582703,0.831416,-0.141691,-0.091665,0.003082,0.082003,0.3,197.945
412,cruise,4106.228642,65.085621,42.21474,102.293,181.162808,659.757867,25.291132,0.172615,9.742789,26.195747,1575.121155,oil_pressure_drop,1,2,250,1000,3.128669,-21.721725,14.312924,-0.52507,-4.083867,-0.103433,0.002544,0.168054,0.3,197.94
413,cruise,4098.947668,65.574831,42.984175,101.889715,183.379593,662.162075,24.797172,0.163549,9.970463,27.397569,1707.722481,oil_pressure_drop,1,2,250,1000,2.707409,-22.631229,13.910801,0.553611,-1.312514,0.132199,-0.005477,-0.005571,0.3,197.935
414,cruise,4113.727243,64.760085,43.124711,102.931752,181.026026,667.759939,24.947028,0.160163,9.966759,27.470079,1663.495325,oil_pressure_drop,1,2,250,1000,0.266514,-21.964263,14.062499,0.130809,0.995629,-0.364688,0.002821,-0.026716,0.3,197.93
415,cruise,4068.772603,66.452989,42.993647,101.890693,180.24858,658.533796,25.007881,0.155504,10.007896,26.473335,1670.775201,oil_pressure_drop,1,2,250,1000,-1.15452,-21.762853,14.312765,-2.100766,0.995639,-0.131965,-0.004091,-0.090047,0.3,197.925
416,cruise,4104.164597,66.907856,43.496217,101.663103,181.656639,662.276448,24.758596,0.167046,9.681514,24.811313,1689.734761,oil_pressure_drop,1,2,250,1000,-3.278996,-21.962401,13.952092,-0.501312,-1.159044,-0.057642,0.00503,0.02359,0.3,197.92
417,cruise,4083.291911,65.769903,42.45594,103.097022,180.072009,663.007179,25.153808,0.170289,9.861259,27.553824,1743.417694,oil_pressure_drop,1,2,250,1000,-1.960679,-21.830178,13.228901,-0.622215,-0.896789,-0.114142,0.002955,-0.120902,0.3,197.915
418,cruise,4100.205984,65.961048,42.809267,102.60518,181.264884,664.950446,25.096853,0.157411,9.898187,27.209843,1609.088209,oil_pressure_drop,1,2,250,1000,-0.041514,-21.877703,14.565531,0.762518,-0.582003,-0.012482,-0.003883,0.05462,0.3,197.91
419,cruise,4096.785198,63.655297,43.406664,102.815151,182.294068,658.205616,25.16162,0.162572,9.761976,26.186723,1632.288118,oil_pressure_drop,1,2,250,1000,2.848145,-22.186453,13.784891,0.457055,2.094197,-0.141287,-0.002275,0.07694,0.3,197.905
420,cruise,4080.583,63.920549,42.981128,101.807954,183.06188,660.724749,24.981919,0.156722,9.974248,25.511548,1610.086002,mixed_oil_pressure_drop__overheating,1,3,420,1000,2.557819,-21.858753,13.62244,-0.129558,0.585323,0.229665,-0.000754,0.094099,0.3,197.9
421,cruise,4091.752318,63.903765,43.802769,102.308467,183.498113,661.502448,25.227737,0.159435,9.713382,25.543811,1582.111262,mixed_oil_pressure_drop__overheating,1,3,420,1000,-0.115049,-22.410267,13.584793,0.271371,2.444453,0.265136,0.001976,0.022012,0.293939,197.895
422,cruise,4080.379719,63.826959,43.588571,102.134033,182.836316,660.109049,24.823974,0.161733,10.095815,25.780358,1685.022401,mixed_oil_pressure_drop__overheating,1,3,420,1000,1.77554,-21.647772,13.527149,1.151989,1.250205,0.014918,0.001826,0.012141,0.287879,197.89
423,cruise,4101.880216,65.34431,43.877648,103.114229,183.112549,664.211592,25.142867,0.156178,9.782102,26.060479,1468.399867,mixed_oil_pressure_drop__overheating,1,3,420,1000,0.999284,-22.543711,13.914632,0.821327,2.409363,-0.181472,-0.002,-0.08524,0.281818,197.885
424,cruise,4109.420405,63.910949,43.700129,102.310088,185.417314,663.915258,24.957914,0.157676,9.731205,27.374671,1584.298305,mixed_oil_pressure_drop__overheating,1,3,420,1000,-1.570447,-22.330352,13.523592,1.913664,1.672831,0.158723,0.004758,-0.056742,0.275758,197.88
425,cruise,4076.412901,66.591519,43.30294,102.523748,187.73323,659.247469,25.053651,0.15749,9.971742,27.22616,1665.099512,mixed_oil_pressure_drop__overheating,1,3,420,1000,1.2351,-21.363307,13.656766,3.233385,4.122154,0.02894,-0.002083,0.06049,0.269697,197.875
426,cruise,4086.953003,65.899971,42.965777,103.264946,186.951012,665.774767,25.076946,0.160377,9.815902,25.929129,1604.275592,mixed_oil_pressure_drop__overheating,1,3,420,1000,0.546414,-21.926017,13.958729,3.733624,7.411545,-0.231261,-0.000564,0.175592,0.263636,197.87
427,cruise,4098.725819,63.434207,42.877768,102.931635,186.194432,666.432863,25.271835,0.161681,9.998833,27.18682,1587.279991,mixed_oil_pressure_drop__overheating,1,3,420,1000,-0.033331,-22.548134,15.526429,4.033403,4.491227,0.030509,-0.002714,0.072501,0.257576,197.865
428,cruise,4082.934855,63.782945,42.58585,103.254364,187.889435,665.59264,25.173267,0.164647,9.970589,26.680408,1557.598712,mixed_oil_pressure_drop__overheating,1,3,420,1000,-3.605653,-22.744079,15.533673,6.267416,5.54787,0.104498,-0.006425,-0.014864,0.251515,197.86
429,cruise,4116.42218,65.29737,42.333891,102.913482,189.793104,670.434773,25.382666,0.161903,9.831316,26.302739,1592.005039,mixed_oil_pressure_drop__overheating,1,3,420,1000,-2.24051,-22.562815,14.259314,6.731435,7.452102,-0.138851,0.002408,0.017334,0.245455,197.855
430,cruise,4080.840753,65.651182,43.328728,102.731895,189.143312,666.766467,25.392493,0.15987,9.628443,26.743416,1650.105082,mixed_oil_pressure_drop__overheating,1,3,420,1000,3.960403,-22.231984,15.175353,6.365838,6.251571,-0.026037,0.00457,0.015711,0.239394,197.85
431,cruise,4092.84889,63.977166,42.675714,102.936278,189.832533,670.826584,25.258846,0.158423,9.488026,26.963832,1579.958308,mixed_oil_pressure_drop__overheating,1,3,420,1000,5.450924,-22.453134,14.472889,7.06643,7.708298,-0.237739,0.007227,0.011648,0.233333,197.845
432,cruise,4097.109105,65.257723,43.414599,104.071881,189.96738,671.449091,25.285507,0.153059,10.035674,26.606505,1609.667486,mixed_oil_pressure_drop__overheating,1,3,420,1000,-2.449206,-22.410534,15.016379,8.273459,7.521167,0.152221,0.004887,0.103602,0.227273,197.84
433,cruise,4104.628882,64.829432,43.332651,103.078921,188.969556,670.612465,25.010855,0.15325,9.977604,26.507588,1566.291168,mixed_oil_pressure_drop__overheating,1,3,420,1000,-4.058629,-21.585541,15.527303,8.361813,12.359269,-0.13427,0.00408,-0.097407,0.221212,197.835
434,cruise,4082.244534,65.097887,43.120604,103.780745,192.13422,675.6903,24.678217,0.163956,9.966656,26.714056,1757.586694,mixed_oil_pressure_drop__overheating,1,3,420,1000,-1.036402,-22.159447,14.55483,8.841834,9.217793,0.087276,0.000618,0.058268,0.215152,197.83
435,cruise,4062.708618,66.851396,43.234774,103.891317,190.9547,674.814005,25.25086,0.143011,9.778575,26.131593,1625.569204,mixed_oil_pressure_drop__overheating,1,3,420,1000,-0.571345,-22.133772,15.563492,10.689913,13.142142,-0.108219,-0.005771,-0.000731,0.209091,197.825
436,cruise,4110.493683,66.033896,42.976811,103.747965,191.676147,679.265174,25.36511,0.157935,9.965074,26.850473,1537.067738,mixed_oil_pressure_drop__overheating,1,3,420,1000,-0.706295,-22.72721,15.894755,10.202214,15.963805,0.091063,-0.002132,0.034331,0.20303,197.82
437,cruise,4070.779863,64.020391,42.577497,104.284779,192.934762,673.14196,25.2656,0.162924,9.956103,27.667115,1632.30693,mixed_oil_pressure_drop__overheating,1,3,420,1000,-3.616553,-22.101381,15.685134,11.467926,13.873373,-0.186818,-0.009464,-0.009716,0.19697,197.815
438,cruise,4091.909,66.333231,42.830116,103.564194,192.060605,673.357252,25.284768,0.155875,9.874966,25.813361,1726.359938,mixed_oil_pressure_drop__overheating,1,3,420,1000,-0.84338,-21.781891,15.531222,12.729476,13.499363,-0.001685,0.003073,-0.047619,0.190909,197.81
439,cruise,4124.499132,64.417215,43.115021,104.83467,193.859064,677.114162,25.025303,0.167207,9.807774,27.698276,1631.981165,mixed_oil_pressure_drop__overheating,1,3,420,1000,3.197853,-22.000747,15.771784,13.303143,16.271022,-0.170797,-0.004639,-0.012353,0.184848,197.805
440,cruise,4070.932556,64.321228,41.993283,103.713069,195.866492,675.233175,25.177656,0.157492,9.779878,26.332032,1657.043815,mixed_oil_pressure_drop__overheating,1,3,420,1000,-3.791071,-22.882941,16.415327,12.474991,16.196551,-0.147487,0.005552,0.040065,0.178788,197.8
441,cruise,4089.930203,65.080889,42.609496,104.833712,197.235427,673.27059,25.173898,0.160605,9.738163,26.181131,1559.217867,mixed_oil_pressure_drop__overheating,1,3,420,1000,1.371674,-22.024862,15.414279,14.021085,18.206551,-0.005596,0.001451,0.045595,0.172727,197.795
442,cruise,4075.279032,64.010432,43.150736,105.249603,196.426721,677.528092,25.475575,0.162506,9.909999,26.112577,1823.863426,mixed_oil_pressure_drop__overheating,1,3,420,1000,-2.231998,-22.350238,16.675777,13.968744,17.934144,0.113296,-0.006786,-0.014546,0.166667,197.79
443,cruise,4067.647356,66.444043,42.915001,105.187606,195.210599,684.333172,25.155746,0.16252,9.648863,26.633976,1499.517151,mixed_oil_pressure_drop__overheating,1,3,420,1000,4.15999,-21.595029,16.761356,15.100848,18.2892,-0.144751,-0.001823,-0.020921,0.160606,197.785
444,cruise,4085.620428,63.90346,42.499898,105.236851,198.273982,677.186563,25.37459,0.150613,9.9244,27.821187,1716.667917,mixed_oil_pressure_drop__overheating,1,3,420,1000,-0.636996,-22.262747,15.748101,14.3422,19.876751,0.027168,-6.7e-05,0.063972,0.154545,197.78
445,cruise,4068.28615,65.342565,42.867514,105.736611,200.289349,682.370183,25.498193,0.166334,9.612942,26.606448,1643.709698,mixed_oil_pressure_drop__overheating,1,3,420,1000,2.939457,-21.717834,17.210849,15.302643,18.541693,-0.031289,0.002013,-0.026085,0.148485,197.775
446,cruise,4074.94286,64.143674,43.609005,105.945063,198.174122,680.889787,25.125939,0.157295,9.594644,25.744487,1721.080948,mixed_oil_pressure_drop__overheating,1,3,420,1000,-3.547152,-21.926951,16.76548,17.746133,21.196394,-0.137657,0.008944,-0.110979,0.142424,197.77
447,cruise,4104.653671,66.192021,44.094986,105.614078,198.993169,684.433803,25.19005,0.159132,9.665255,28.389038,1805.155553,mixed_oil_pressure_drop__overheating,1,3,420,1000,-2.345946,-23.032143,16.772066,16.793542,22.770146,0.005137,0.01275,-0.160281,0.136364,197.765
448,cruise,4121.063578,63.500653,43.902239,105.59903,199.421554,680.059188,25.217668,0.16827,9.705928,27.324806,1507.650773,mixed_oil_pressure_drop__overheating,1,3,420,1000,0.989594,-21.911858,16.030102,17.061558,19.77948,0.310361,-0.007005,-0.10593,0.130303,197.76
449,cruise,4111.187361,64.304099,42.901633,105.807381,200.206055,685.638882,25.282775,0.168453,9.927889,26.148769,1707.202994,mixed_oil_pressure_drop__overheating,1,3,420,1000,-1.5205,-22.297672,16.772623,18.94031,22.551426,0.148268,0.005138,0.100447,0.124242,197.755
450,cruise,4077.640827,66.300035,41.919959,104.782931,201.726664,687.146175,25.0151,0.166472,9.636893,25.487944,1468.797273,mixed_oil_pressure_drop__overheating,1,3,420,1000,-0.949965,-21.62089,17.214212,19.041994,22.553078,-0.056618,-0.001685,0.007526,0.118182,197.75
451,cruise,4089.964126,64.790804,42.706579,105.630269,201.374587,686.748468,24.95796,0.156222,9.719004,26.312819,1652.339078,mixed_oil_pressure_drop__overheating,1,3,420,1000,3.312409,-22.300623,17.08694,18.840987,23.365671,0.171749,-0.007117,0.070115,0.112121,197.745
452,cruise,4076.755236,65.871866,42.730207,105.584268,202.797986,694.266096,25.106969,0.161797,9.503315,24.768826,1609.517872,mixed_oil_pressure_drop__overheating,1,3,420,1000,3.308426,-22.02613,17.171875,19.849637,30.6546,0.206204,0.004685,0.009666,0.106061,197.74
453,cruise,4103.076784,64.636629,42.780507,105.650682,203.835777,689.990592,25.294276,0.17242,9.777472,27.765407,1553.970719,mixed_oil_pressure_drop__overheating,1,3,420,1000,-0.88878,-22.260504,17.701698,21.737033,26.833275,0.033544,2.6e-05,-0.08808,0.1,197.735
454,cruise,4083.052501,66.582081,42.079821,105.950648,203.696324,687.788129,25.221735,0.169244,9.607087,25.929657,1713.75235,mixed_oil_pressure_drop__overheating,1,3,420,1000,-2.680455,-22.621469,17.16969,22.402708,27.027189,0.037615,0.010711,-0.042547,0.093939,197.73
455,cruise,4063.66617,65.489005,42.636318,106.698839,205.063447,690.440362,25.356415,0.159883,9.753202,26.799208,1584.665099,mixed_oil_pressure_drop__overheating,1,3,420,1000,5.360937,-21.667334,17.209328,22.149209,26.405788,0.004442,-0.00136,-0.149986,0.087879,197.725
456,cruise,4093.472686,63.777951,42.783988,106.206231,205.043929,688.733788,24.977301,0.159485,9.993121,28.614271,1766.417152,mixed_oil_pressure_drop__overheating,1,3,420,1000,-2.236381,-22.475582,17.80331,24.184933,31.174638,0.020754,-0.006661,0.145592,0.081818,197.72
457,cruise,4050.052386,63.557517,42.37607,107.08445,206.35518,687.915692,25.054837,0.169449,9.733821,26.799857,1724.124931,mixed_oil_pressure_drop__overheating,1,3,420,1000,-1.646583,-21.883359,17.909262,23.989169,30.876019,0.032832,-0.001506,0.004092,0.075758,197.715
458,cruise,4075.855005,64.738989,42.958198,107.178267,204.952151,689.76445,25.178771,0.160914,9.861232,27.780318,1794.419461,mixed_oil_pressure_drop__overheating,1,3,420,1000,-2.77618,-21.853903,17.092429,23.856308,30.428574,0.13789,-0.006729,0.02828,0.069697,197.71
459,cruise,4073.277184,65.743067,41.558943,107.548899,206.207677,691.303304,25.105209,0.158924,9.764822,26.355623,1647.035892,mixed_oil_pressure_drop__overheating,1,3,420,1000,2.131075,-21.172597,18.237138,24.023933,31.143705,0.132071,0.002237,-0.081268,0.063636,197.705
460,cruise,4079.234063,63.996767,42.869111,107.148023,209.282647,695.168251,25.209529,0.158973,9.820452,26.420761,1689.233546,mixed_oil_pressure_drop__overheating,1,3,420,1000,-0.256377,-21.889287,17.825834,26.16247,32.657471,0.07763,-0.004252,-0.148406,0.057576,197.7
461,cruise,4078.790567,64.859196,42.516579,106.287823,208.212059,693.12097,25.122673,0.16895,9.686718,26.613381,1727.315712,mixed_oil_pressure_drop__overheating,1,3,420,1000,5.101792,-21.765907,18.480507,25.666534,34.649351,-0.238637,0.004679,0.093818,0.051515,197.695
462,cruise,4078.675243,63.739811,42.686774,107.93299,207.937889,693.978468,25.260626,0.167454,9.864701,25.231824,1875.28034,mixed_oil_pressure_drop__overheating,1,3,420,1000,-1.638489,-21.593496,17.678179,28.408769,33.241058,-0.026679,0.00515,-0.014568,0.045455,197.69
463,cruise,4078.930513,64.161111,42.913931,107.284497,211.579989,697.202328,25.553963,0.160191,9.656379,26.610136,1615.975575,mixed_oil_pressure_drop__overheating,1,3,420,1000,2.198881,-21.789163,18.519438,28.248587,36.330736,-0.067475,0.004071,-0.051326,0.039394,197.685
464,cruise,4082.868931,65.860063,42.060163,107.745832,212.34217,697.408997,25.088266,0.175377,9.864089,25.722924,1538.846888,mixed_oil_pressure_drop__overheating,1,3,420,1000,1.38033,-22.080827,18.64701,30.097635,36.312621,0.014104,0.008031,0.065323,0.033333,197.68
465,cruise,4092.980658,65.68109,43.464366,107.280425,212.105277,695.829701,25.373694,0.163799,9.642255,27.667956,1863.385148,mixed_oil_pressure_drop__overheating,1,3,420,1000,0.456078,-21.772031,19.013419,29.760922,36.83983,-0.061097,-0.00277,-0.08089,0.027273,197.675
466,cruise,4082.09527,64.867177,42.255395,106.94825,212.768975,696.480065,25.326915,0.156068,9.645469,25.788196,1539.858274,mixed_oil_pressure_drop__overheating,1,3,420,1000,0.893741,-21.601701,18.600967,31.441579,37.768761,0.050202,0.003387,-0.007318,0.021212,197.67
467,cruise,4087.280789,65.364608,43.374161,107.756248,211.705994,701.958722,24.600141,0.160826,9.837674,26.090395,1768.215379,mixed_oil_pressure_drop__overheating,1,3,420,1000,0.303274,-21.666812,18.650317,31.532041,39.029692,-0.102506,-0.002064,0.101249,0.015152,197.665
468,cruise,4056.690142,65.639866,43.201281,108.482627,214.070709,698.20598,25.028441,0.162433,9.584899,26.239963,1558.821628,mixed_oil_pressure_drop__overheating,1,3,420,1000,-0.069145,-22.208345,18.112224,31.879049,39.617279,-0.155877,-0.001411,-0.051433,0.009091,197.66
469,cruise,4087.61152,63.518243,42.579117,108.173654,214.308574,696.696245,25.142349,0.161527,9.841588,25.946732,1706.741084,mixed_oil_pressure_drop__overheating,1,3,420,1000,-0.667717,-22.048321,19.2264,30.935726,42.073293,0.203895,0.008505,-0.03015,0.00303,197.655
470,cruise,4089.493057,64.188797,43.67376,108.071155,213.758046,704.970763,25.394659,0.161885,9.84068,26.762158,1781.329998,mixed_oil_pressure_drop__overheating,1,3,420,1000,5.338043,-22.197979,19.345663,34.098086,38.630315,-0.101795,-0.000774,-0.015958,0.0,197.65
471,cruise,4070.226077,65.219396,42.334704,107.638066,215.194618,704.974407,24.918825,0.155457,9.901085,27.178812,1724.331614,mixed_oil_pressure_drop__overheating,1,3,420,1000,-1.669986,-20.942746,18.925962,33.931801,40.763947,0.25261,0.007312,-0.025051,0.0,197.645
472,cruise,4095.45342,64.668428,42.761894,108.050566,217.189489,702.008895,25.529104,0.162314,9.921591,26.79074,1508.521222,mixed_oil_pressure_drop__overheating,1,3,420,1000,3.607426,-21.313054,19.042685,33.357473,41.344154,0.212776,-3.8e-05,0.006899,0.0,197.64
473,cruise,4099.974362,64.903784,42.04378,108.925213,215.361043,704.873547,25.185403,0.157212,9.85091,28.540201,1513.365356,mixed_oil_pressure_drop__overheating,1,3,420,1000,0.8626,-21.095535,19.570054,36.195058,39.968455,-0.07906,-0.002505,0.005857,0.0,197.635
474,cruise,4086.219001,65.954481,42.522228,109.00179,217.385539,707.542991,25.550962,0.155101,9.865594,27.676767,1702.507581,mixed_oil_pressure_drop__overheating,1,3,420,1000,5.644587,-21.688539,19.907248,35.334688,42.808179,0.108531,-0.004692,0.089635,0.0,197.63
475,cruise,4095.113645,64.928922,42.787755,109.505301,218.938047,708.363189,25.1299,0.154561,9.815516,27.266197,1649.375448,mixed_oil_pressure_drop__overheating,1,3,420,1000,-0.807785,-22.186344,19.400664,36.101567,46.340097,-0.05699,0.007189,0.041791,0.0,197.625
476,cruise,4094.486322,65.890935,43.146743,109.67747,219.4551,701.724662,24.72395,0.167178,9.792069,27.146344,1703.126565,mixed_oil_pressure_drop__overheating,1,3,420,1000,5.246524,-22.426201,19.609774,35.518862,45.57375,-0.179873,0.003641,0.039447,0.0,197.62
477,cruise,4109.481413,66.077475,42.658753,109.182092,219.491389,704.526173,25.293052,0.16565,9.924708,25.997837,1680.641627,mixed_oil_pressure_drop__overheating,1,3,420,1000,-0.555162,-22.203204,19.484531,37.244187,46.888925,-0.084372,0.006701,-0.116487,0.0,197.615
478,cruise,4061.221386,65.356906,42.643798,110.034066,222.90642,710.391402,25.235161,0.16193,9.519123,26.239632,1675.058346,mixed_oil_pressure_drop__overheating,1,3,420,1000,3.308013,-21.226125,19.712659,37.340484,46.109942,-0.019609,0.001005,-0.012762,0.0,197.61
479,cruise,4102.067179,64.653555,42.713485,109.162648,219.293137,711.592699,25.194332,0.161863,9.878503,28.156745,1831.84469,mixed_oil_pressure_drop__overheating,1,3,420,1000,1.743758,-22.508753,19.406774,39.537306,47.353581,-0.100827,-0.001699,0.115197,0.0,197.605
480,cruise,4110.913288,64.730159,43.440174,109.621141,220.999488,711.632357,25.421886,0.160985,9.875128,26.30557,1680.217887,mixed_oil_pressure_drop__overheating,1,3,420,1000,0.434208,-22.372177,19.341235,39.896197,47.818256,0.1733,0.004433,0.080739,0.0,197.6
481,cruise,4102.219674,64.788024,42.399347,109.867928,222.005068,710.550375,25.15628,0.162154,9.838472,27.653084,1644.474883,mixed_oil_pressure_drop__overheating,1,3,420,1000,0.914807,-22.294906,21.011159,40.071456,49.278596,0.055415,0.000419,-0.131514,0.0,197.595
482,cruise,4094.031408,66.326139,43.281418,109.77573,225.652061,706.592656,25.129623,0.164092,9.76168,25.563563,1711.565197,mixed_oil_pressure_drop__overheating,1,3,420,1000,-0.366061,-22.370742,20.750818,40.750826,49.349632,-0.114761,0.003868,-0.079144,0.0,197.59
483,cruise,4098.683434,64.410822,42.882292,110.279739,222.347613,713.443082,25.427909,0.15714,9.685199,28.424615,1728.872303,mixed_oil_pressure_drop__overheating,1,3,420,1000,-1.066264,-21.658756,20.11423,41.092738,51.434506,-0.208366,0.002941,-0.080618,0.0,197.585
484,cruise,4100.278523,64.874508,42.310496,109.616369,221.893213,713.077807,25.219753,0.167378,10.052659,28.728373,1644.07242,mixed_oil_pressure_drop__overheating,1,3,420,1000,0.690085,-21.35314,20.799733,41.819117,49.141003,0.104167,-0.009698,-0.271607,0.0,197.58
485,cruise,4088.970344,65.168107,42.660092,109.47979,223.218709,713.116304,24.931141,0.168714,9.721775,26.775607,1629.005724,mixed_oil_pressure_drop__overheating,1,3,420,1000,-2.328166,-21.745315,20.706819,43.459516,52.142504,0.106927,0.001408,0.018374,0.0,197.575
486,cruise,4108.939391,63.060995,43.233974,110.901411,224.239246,712.979276,25.357571,0.158537,9.850321,27.558956,1601.259521,mixed_oil_pressure_drop__overheating,1,3,420,1000,-0.720788,-21.503861,20.921744,44.468171,50.576454,-0.163704,0.006565,-0.080873,0.0,197.57
487,cruise,4088.802909,63.695491,42.973036,109.748075,225.010351,717.558151,25.124772,0.164889,9.936511,26.42434,1728.202808,mixed_oil_pressure_drop__overheating,1,3,420,1000,-2.118644,-21.659266,20.099304,43.79773,54.181735,0.093213,-0.00598,-0.041318,0.0,197.565
488,cruise,4096.775103,64.301592,42.272127,110.921196,225.662489,720.460402,25.129617,0.164917,9.799022,27.581499,1513.071745,mixed_oil_pressure_drop__overheating,1,3,420,1000,-1.248797,-22.015925,21.301379,44.640252,53.37512,0.122523,0.000566,-0.021957,0.0,197.56
489,cruise,4092.399146,64.15882,42.95795,110.050381,226.800997,717.138806,25.301954,0.163898,9.924671,26.882097,1655.827163,mixed_oil_pressure_drop__overheating,1,3,420,1000,-0.555756,-21.716095,21.221441,46.09382,53.434511,0.130833,0.000861,-0.019023,0.0,197.555
490,cruise,4098.200698,64.995436,43.041301,110.764084,229.125838,720.34619,25.094286,0.166902,9.882901,25.483618,1486.010461,mixed_oil_pressure_drop__overheating,1,3,420,1000,-3.53335,-22.443263,20.368057,45.959747,53.067498,0.07945,0.008073,0.072627,0.0,197.55
491,cruise,4104.518039,67.146059,43.173122,110.875463,230.22041,714.386167,25.07101,0.163415,9.610799,26.311318,1714.336521,mixed_oil_pressure_drop__overheating,1,3,420,1000,-0.806343,-21.432907,20.804119,47.105064,56.899137,0.23102,0.004986,0.136594,0.0,197.545
492,cruise,4089.78685,64.170239,42.823443,110.831167,229.650334,723.729762,25.564116,0.157892,9.73753,28.746705,1707.863037,mixed_oil_pressure_drop__overheating,1,3,420,1000,-3.844297,-22.190927,21.083281,48.287912,59.519715,-0.012548,0.004137,0.087967,0.0,197.54
493,cruise,4068.073152,64.716206,42.397036,111.696752,228.951309,723.102899,25.062537,0.154353,9.806166,26.592328,1553.740348,mixed_oil_pressure_drop__overheating,1,3,420,1000,-1.052657,-21.843403,20.67839,48.282259,58.364934,-0.053884,-0.000327,-0.131212,0.0,197.535
494,cruise,4096.317434,65.37625,42.000283,111.694603,231.503346,715.687685,25.040624,0.157248,10.084919,26.342984,1713.880842,mixed_oil_pressure_drop__overheating,1,3,420,1000,-0.410952,-22.431246,21.797974,47.661884,59.792393,-0.086381,0.004641,-0.01061,0.0,197.53
495,cruise,4100.056897,65.437323,42.90325,111.415492,229.992302,717.400266,25.393512,0.159152,9.728959,27.832946,1692.84163,mixed_oil_pressure_drop__overheating,1,3,420,1000,-6.178386,-22.384094,21.565801,47.346862,61.261349,0.004044,-0.001408,0.039422,0.0,197.525
496,cruise,4093.102938,66.248574,42.988428,110.975385,230.416483,721.648373,24.994522,0.156266,9.763382,27.78926,1648.218109,mixed_oil_pressure_drop__overheating,1,3,420,1000,0.965261,-21.394257,21.454527,49.174098,60.624353,0.094672,-0.000854,-0.043208,0.0,197.52
497,cruise,4101.750042,65.923387,42.349266,111.293872,231.642117,724.215828,24.870207,0.15321,9.686526,25.938289,1606.306437,mixed_oil_pressure_drop__overheating,1,3,420,1000,0.143677,-22.575498,21.668606,49.343051,62.11972,-0.117535,0.00179,0.009087,0.0,197.515
498,cruise,4106.241351,64.518685,42.601276,111.987038,233.190899,720.091229,24.931818,0.155584,9.772266,26.161274,1651.911144,mixed_oil_pressure_drop__overheating,1,3,420,1000,5.929461,-21.67215,21.894162,50.965622,62.208607,0.183398,-0.002352,0.087201,0.0,197.51
499,cruise,4122.331817,64.884721,42.573359,112.542193,235.175875,729.528121,25.027493,0.15661,9.868545,24.226755,1553.880966,mixed_oil_pressure_drop__overheating,1,3,420,1000,0.731796,-22.346609,21.477862,53.110232,63.156923,-0.044161,0.004594,0.042758,0.0,197.505
500,cruise,4087.271133,66.801141,43.076623,112.476521,234.819003,725.840167,25.1863,0.168916,9.825015,27.312263,1719.274337,mixed_oil_pressure_drop__overheating,1,3,420,1000,3.307436,-22.567922,22.123143,52.255409,63.068898,0.004213,0.00576,0.011562,0.0,197.5
501,cruise,4085.432464,66.099363,42.065544,112.573423,234.386414,729.940961,25.201205,0.155139,9.904012,27.819995,1737.594182,mixed_oil_pressure_drop__overheating,1,3,420,1000,0.026677,-22.051391,22.381331,52.995817,64.252137,0.117933,-0.00136,0.049035,0.0,197.495
502,cruise,4075.81406,65.00454,42.520477,113.261315,239.886998,725.051109,25.266024,0.148538,9.652409,25.086032,1780.676047,mixed_oil_pressure_drop__overheating,1,3,420,1000,-3.049863,-21.767095,21.869944,54.316726,65.149388,0.127683,-0.002609,0.089142,0.0,197.49
503,cruise,4115.460128,64.922807,43.121415,111.96079,236.669888,729.48982,24.874935,0.162741,9.711404,25.878695,1751.687178,mixed_oil_pressure_drop__overheating,1,3,420,1000,2.287515,-21.40947,23.290003,55.413055,65.72399,-0.258264,-0.000441,-0.005786,0.0,197.485
504,cruise,4085.396108,64.611203,43.087627,111.901462,237.743229,735.767775,25.32538,0.160264,9.548109,26.008833,1501.369318,mixed_oil_pressure_drop__overheating,1,3,420,1000,5.618764,-22.603231,22.403673,55.561642,68.475164,-0.113779,-0.003437,-0.007486,0.0,197.48
505,cruise,4072.318513,64.825381,42.489111,111.916827,239.902697,726.399599,25.146395,0.169106,9.906627,28.217286,1684.856378,mixed_oil_pressure_drop__overheating,1,3,420,1000,-4.918095,-21.627705,22.480584,55.877216,68.175527,-0.16035,0.004387,-0.025531,0.0,197.475
506,cruise,4089.267658,62.554667,43.378923,112.677515,238.987816,729.35501,25.23979,0.165002,9.389769,26.682768,1535.270595,mixed_oil_pressure_drop__overheating,1,3,420,1000,1.615928,-21.455919,21.836515,55.945981,70.622076,0.057828,0.007875,0.036768,0.0,197.47
507,cruise,4076.295847,66.337684,42.153007,112.943647,240.953996,731.53602,24.924988,0.166785,9.749779,25.185329,1568.518469,mixed_oil_pressure_drop__overheating,1,3,420,1000,1.807141,-21.635492,23.361391,57.049446,67.117782,-0.090429,0.002002,0.005102,0.0,197.465
508,cruise,4077.444871,65.960766,41.998171,113.146757,239.444152,734.488388,25.206644,0.157483,9.806853,26.371651,1575.878376,mixed_oil_pressure_drop__overheating,1,3,420,1000,-0.824426,-21.87646,22.439393,58.352422,71.668698,0.039693,-0.000877,0.063084,0.0,197.46
509,cruise,4060.385712,66.534291,42.679382,113.029344,239.760929,728.385184,25.312995,0.150268,10.115852,23.99101,1596.008013,mixed_oil_pressure_drop__overheating,1,3,420,1000,5.493831,-21.796271,22.455942,57.123599,71.730228,0.065434,-0.000737,-0.024253,0.0,197.455
510,cruise,4071.462433,64.668082,43.196686,112.641729,242.080373,732.506889,25.128091,0.168787,9.810781,25.835363,1607.510629,mixed_oil_pressure_drop__overheating,1,3,420,1000,-0.468146,-22.872869,22.539728,58.603987,71.139016,0.262367,-0.002672,0.008221,0.0,197.45
511,cruise,4085.683401,63.531883,43.16646,113.821309,241.412546,733.221827,25.162882,0.164591,9.735965,26.903277,1842.062103,mixed_oil_pressure_drop__overheating,1,3,420,1000,-1.527138,-22.507351,23.120002,58.358494,72.138112,-0.140969,0.010086,-0.060987,0.0,197.445
512,cruise,4131.436093,65.448439,42.366944,113.687835,240.295065,736.511983,24.953521,0.154924,9.975034,25.132165,1817.218411,mixed_oil_pressure_drop__overheating,1,3,420,1000,1.746606,-22.727258,23.683396,59.702448,73.149054,0.302609,0.003769,0.00353,0.0,197.44
513,cruise,4077.450744,66.182283,42.984972,112.356679,243.678153,738.749398,25.615969,0.169409,9.522976,26.321865,1699.38477,mixed_oil_pressure_drop__overheating,1,3,420,1000,7.242875,-21.71259,22.472393,59.210847,71.340366,0.022784,0.005709,-0.071256,0.0,197.435
514,cruise,4103.073554,65.041205,42.396714,113.223451,244.836456,733.62551,24.920945,0.165197,10.055336,26.573505,1805.686342,mixed_oil_pressure_drop__overheating,1,3,420,1000,-2.719667,-21.778416,22.837733,61.967657,73.54886,0.087424,-0.008755,0.080369,0.0,197.43
515,cruise,4094.599713,62.084537,42.425963,112.703307,242.925723,736.727623,25.319283,0.162947,9.970406,27.067866,1629.870902,mixed_oil_pressure_drop__overheating,1,3,420,1000,1.989814,-21.652817,24.048598,63.067768,76.987222,0.167873,0.010748,-0.065374,0.0,197.425
516,cruise,4092.077911,64.502813,42.488849,114.820881,242.344505,738.652089,24.90029,0.152657,9.750521,26.770795,1712.735545,mixed_oil_pressure_drop__overheating,1,3,420,1000,-6.862279,-21.828257,23.189739,63.186129,76.066245,0.109984,0.007169,-0.019611,0.0,197.42
517,cruise,4082.135164,65.332293,42.717815,113.976846,243.168074,742.477363,25.547393,0.154309,9.898283,26.20204,1705.148566,mixed_oil_pressure_drop__overheating,1,3,420,1000,1.92142,-21.501726,24.171902,64.418292,78.151608,-0.255177,-0.002081,0.048863,0.0,197.415
518,cruise,4073.272578,65.53828,43.591199,114.084058,244.535209,744.599037,25.22613,0.157292,9.911482,24.88468,1706.836576,mixed_oil_pressure_drop__overheating,1,3,420,1000,-1.283818,-22.56689,24.267931,65.167547,80.871045,0.007327,0.002752,-0.095329,0.0,197.41
519,cruise,4103.681166,64.705131,42.83906,114.349496,246.633102,745.384322,25.355055,0.155228,9.978743,28.126063,1654.567987,mixed_oil_pressure_drop__overheating,1,3,420,1000,4.95934,-22.125302,24.474666,63.610135,79.770243,0.103717,-0.004841,-0.036593,0.0,197.405
520,cruise,4083.639387,63.256141,43.212122,114.156755,248.553251,743.658809,25.390814,0.151689,9.836437,24.180861,1662.425144,mixed_oil_pressure_drop__overheating,1,3,420,1000,-1.004115,-22.195694,24.477044,65.299941,79.217034,-0.28442,-0.00568,-0.083078,0.0,197.4
521,cruise,4112.093268,63.988416,42.887122,114.16875,246.205034,740.621261,25.37688,0.162692,9.788888,26.351517,1807.938438,mixed_oil_pressure_drop__overheating,1,3,420,1000,-1.897052,-21.507721,24.309582,64.159457,80.347179,0.127757,-0.005528,0.054336,0.0,197.395
522,cruise,4077.166253,62.053031,42.217731,113.593546,246.041915,740.864878,25.518684,0.162764,9.684443,26.026656,1579.724474,mixed_oil_pressure_drop__overheating,1,3,420,1000,-1.202998,-22.165138,23.620658,63.942648,79.275365,0.298991,0.000243,-0.11952,0.0,197.39
523,cruise,4067.903317,66.339094,42.392444,114.164253,247.052276,741.71625,25.036246,0.16025,10.03409,26.749628,1662.924935,mixed_oil_pressure_drop__overheating,1,3,420,1000,3.020679,-22.006114,24.23621,65.95281,79.937453,0.041626,-0.001093,-0.116056,0.0,197.385
524,cruise,4009.331972,65.93839,42.962625,114.786989,246.018891,737.802311,25.056802,0.152478,10.050812,24.850889,1692.055745,mixed_oil_pressure_drop__overheating,1,3,420,1000,0.530273,-21.473917,23.514418,64.512209,81.703765,0.125895,0.000615,0.017309,0.0,197.38
525,cruise,4091.46668,63.379002,44.313131,114.610326,246.850517,739.693003,25.142919,0.167156,9.86898,26.847612,1762.26124,mixed_oil_pressure_drop__overheating,1,3,420,1000,0.339443,-22.133494,24.344696,65.004734,80.987287,0.058549,0.007109,0.066079,0.0,197.375
526,cruise,4069.247772,66.796807,42.455296,114.684297,249.22517,747.018304,25.249424,0.166726,9.811877,26.220329,1640.939985,mixed_oil_pressure_drop__overheating,1,3,420,1000,1.022067,-21.986452,25.916675,65.007196,81.865976,-0.064447,-0.004228,0.130574,0.0,197.37
527,cruise,4085.860624,65.953915,42.065488,113.801566,245.835206,745.253375,24.892931,0.165081,9.736692,28.313544,1674.732669,mixed_oil_pressure_drop__overheating,1,3,420,1000,5.479808,-22.008975,25.091357,64.757419,80.798835,-0.052261,0.004937,-0.029764,0.0,197.365
528,cruise,4084.039421,65.035736,43.284848,114.641468,246.499592,738.762874,24.660185,0.171123,9.609688,25.81582,1721.127423,mixed_oil_pressure_drop__overheating,1,3,420,1000,-1.536992,-21.615762,23.688324,65.951035,77.515507,0.117673,0.000464,-0.066311,0.0,197.36
529,cruise,4089.596512,64.723455,43.306492,114.299778,243.870264,738.277275,25.1649,0.16094,9.857723,26.654131,1605.765322,mixed_oil_pressure_drop__overheating,1,3,420,1000,-1.279941,-21.911987,23.710831,64.991872,84.686437,-0.050952,0.004458,0.004503,0.0,197.355
530,cruise,4068.924625,64.741058,43.552366,115.015007,246.786277,743.300605,25.085678,0.165264,10.012043,26.702946,1555.378278,mixed_oil_pressure_drop__overheating,1,3,420,1000,-0.919199,-22.237913,24.333188,64.681758,80.07044,-0.229928,0.004305,-0.159267,0.0,197.35
531,cruise,4104.819609,63.225542,43.564974,114.377975,245.339053,739.163307,24.937543,0.16119,10.000441,27.620494,1788.137976,mixed_oil_pressure_drop__overheating,1,3,420,1000,2.55431,-22.145817,24.217983,64.846473,78.496805,-0.007942,0.001257,-0.025305,0.0,197.345
532,cruise,4078.032735,65.26353,42.956756,114.555854,246.799219,741.929653,25.111248,0.153531,9.87449,27.119154,1480.780902,mixed_oil_pressure_drop__overheating,1,3,420,1000,-2.682464,-21.928849,23.975395,64.274894,80.574859,0.004491,-0.012575,-0.077011,0.0,197.34
533,cruise,4058.449014,64.503309,42.565531,113.62237,246.995684,738.143576,25.089436,0.161303,9.675017,27.389671,1570.221131,mixed_oil_pressure_drop__overheating,1,3,420,1000,0.597044,-22.022217,23.825905,65.996548,79.503489,0.369801,0.003178,-0.119819,0.0,197.335
534,cruise,4082.763975,65.936642,42.048038,114.308458,247.951238,741.586145,25.557185,0.162257,9.779426,25.648634,1700.449888,mixed_oil_pressure_drop__overheating,1,3,420,1000,4.032408,-22.493523,23.171768,64.85374,80.076284,-0.061014,0.001126,0.025982,0.0,197.33
535,cruise,4069.673751,67.843383,42.368687,114.529127,243.776929,742.534709,25.192162,0.152214,9.703845,28.569533,1696.292922,mixed_oil_pressure_drop__overheating,1,3,420,1000,2.20842,-21.732021,24.521811,65.521334,78.279049,0.047234,-0.000179,-0.084651,0.0,197.325
536,cruise,4116.631504,65.987699,42.415335,114.856841,248.636043,741.216379,25.330808,0.157293,9.810066,27.707264,1550.252721,mixed_oil_pressure_drop__overheating,1,3,420,1000,-4.957702,-22.425536,24.855874,65.504496,79.771672,-0.121029,-0.001543,0.052082,0.0,197.32
537,cruise,4080.697334,63.393978,42.346541,113.898792,246.292866,741.249229,25.139897,0.159896,9.62189,26.524439,1694.117326,mixed_oil_pressure_drop__overheating,1,3,420,1000,-3.079747,-21.90611,23.486637,64.867861,78.494701,-0.499942,0.005041,0.072442,0.0,197.315
538,cruise,4099.889943,66.258699,43.086828,114.70793,247.198243,744.44581,25.62978,0.167869,9.59421,26.273291,1654.473442,mixed_oil_pressure_drop__overheating,1,3,420,1000,-1.198362,-22.345915,23.203003,63.874119,78.591495,-0.093571,0.006304,-0.103072,0.0,197.31
539,cruise,4082.416417,65.245528,42.022664,114.997561,245.070835,745.478706,25.084521,0.166438,9.972107,26.602636,1871.316467,mixed_oil_pressure_drop__overheating,1,3,420,1000,0.609447,-22.386904,23.605172,65.627583,78.663682,0.195728,0.006546,-0.114153,0.0,197.305
540,cruise,4089.887659,65.138041,42.936743,113.88095,246.997709,748.752557,25.309082,0.159858,9.97797,26.784385,1591.64289,mixed_oil_pressure_drop__overheating,1,3,420,1000,-4.747689,-21.681954,24.168175,65.250392,80.589525,-0.063084,-0.000871,-0.148422,0.0,197.3
541,cruise,4060.978562,64.95972,43.123062,114.134131,246.769571,740.116298,24.895538,0.161621,9.946857,27.483252,1469.335569,mixed_oil_pressure_drop__overheating,1,3,420,1000,-8.198694,-21.830739,24.623136,65.51529,78.474178,0.056021,0.001735,-0.015449,0.0,197.295
542,cruise,4076.524993,65.263144,42.793933,113.661567,245.395376,740.694226,25.098223,0.163011,9.964072,27.188025,1589.620206,mixed_oil_pressure_drop__overheating,1,3,420,1000,-0.270247,-21.782356,23.990415,64.761172,79.658241,0.030556,0.005392,0.018978,0.0,197.29
543,cruise,4079.909161,66.3058,42.241559,114.309622,247.576387,740.397117,25.139494,0.15824,9.727035,26.219675,1540.906149,mixed_oil_pressure_drop__overheating,1,3,420,1000,-0.625449,-22.865982,24.786614,66.283893,81.997172,0.097561,-0.001223,0.076467,0.0,197.285
544,cruise,4102.044726,64.168065,42.737863,113.688012,246.489747,739.305118,25.264056,0.16213,9.845844,26.767634,1567.798117,mixed_oil_pressure_drop__overheating,1,3,420,1000,-2.984171,-22.035931,23.844418,64.695906,80.507124,-0.000959,-0.003826,0.089887,0.0,197.28
545,cruise,4081.587709,64.004412,42.919201,113.909694,246.406132,741.950472,25.058486,0.164643,9.666128,26.892074,1645.407275,mixed_oil_pressure_drop__overheating,1,3,420,1000,-0.931771,-21.715742,23.605007,64.239996,80.250465,0.011512,0.001906,-0.037923,0.0,197.275
546,cruise,4078.211957,66.620101,42.423194,114.136609,246.426815,740.746292,25.482201,0.15507,10.139068,27.31498,1630.609963,mixed_oil_pressure_drop__overheating,1,3,420,1000,0.781178,-22.092451,24.306001,63.741906,80.609395,0.046348,0.00345,0.061081,0.0,197.27
547,cruise,4107.812605,66.489202,42.007614,113.28556,247.289774,736.577693,25.036922,0.157134,9.624209,27.14901,1767.775174,mixed_oil_pressure_drop__overheating,1,3,420,1000,-3.257199,-22.102556,23.785393,64.475887,79.437423,-0.041744,0.001159,-0.021173,0.0,197.265
548,cruise,4101.514724,64.945643,42.706232,113.924433,246.300419,738.686199,24.9174,0.160509,9.770125,26.594563,1688.681828,mixed_oil_pressure_drop__overheating,1,3,420,1000,-4.569812,-21.80317,24.127171,64.138483,80.715144,0.060161,-0.002721,0.065426,0.0,197.26
549,cruise,4046.184217,65.06064,43.238674,113.560477,247.311231,741.429259,24.953138,0.167481,9.883182,28.405218,1672.456409,mixed_oil_pressure_drop__overheating,1,3,420,1000,-0.370934,-22.079398,25.009969,65.665927,79.996283,-0.102,0.001736,-0.062872,0.0,197.255
550,cruise,4104.520082,64.878466,43.389355,113.851808,246.794022,740.691967,25.127935,0.15445,9.92791,26.461996,1612.752269,mixed_oil_pressure_drop__overheating,1,3,420,1000,2.192201,-21.494715,24.439227,64.622138,81.924062,0.017066,-0.007236,0.044533,0.0,197.25
551,cruise,4068.155,66.76073,43.194396,114.660994,247.618602,747.298121,25.273471,0.156865,9.93363,24.361695,1758.904905,mixed_oil_pressure_drop__overheating,1,3,420,1000,0.419365,-21.36178,23.870799,65.665466,79.390038,0.101796,-0.00413,-0.048026,0.0,197.245
552,cruise,4088.718752,64.638178,43.763203,114.066097,248.937868,742.989497,25.082197,0.158797,9.955393,26.719254,1541.974773,mixed_oil_pressure_drop__overheating,1,3,420,1000,-2.671195,-22.838189,24.45403,65.16777,78.740123,0.0573,-0.003307,0.043614,0.0,197.24
553,cruise,4069.814143,67.070222,43.169413,114.438541,246.727726,737.766324,25.051781,0.161731,9.82576,26.066858,1749.788311,mixed_oil_pressure_drop__overheating,1,3,420,1000,1.509301,-21.662184,24.12721,65.159256,78.596514,-0.006176,0.005143,-0.035681,0.0,197.235
554,cruise,4087.313067,66.08434,43.063904,114.372069,246.349672,743.439358,25.212281,0.155776,9.715405,27.953795,1454.20876,mixed_oil_pressure_drop__overheating,1,3,420,1000,3.690724,-21.57378,24.216266,65.703189,79.834163,-0.166255,-0.003627,-0.022582,0.0,197.23
555,cruise,4101.015358,64.049808,42.494839,114.15604,244.800728,742.608205,25.2173,0.161991,9.283854,25.644508,1803.638856,mixed_oil_pressure_drop__overheating,1,3,420,1000,-1.196485,-22.340531,24.210232,64.958394,82.711705,-0.082337,0.010706,0.074469,0.0,197.225
556,cruise,4070.461541,65.374642,43.015165,114.489924,245.915955,742.814044,25.317183,0.160765,9.776854,25.788976,1628.202204,mixed_oil_pressure_drop__overheating,1,3,420,1000,3.200705,-21.622573,24.024343,65.207413,82.742681,0.080599,0.006532,0.009976,0.0,197.22
557,cruise,4076.721222,66.201789,42.989097,113.563088,247.59883,737.163961,25.43925,0.16636,9.863646,26.614228,1578.32693,mixed_oil_pressure_drop__overheating,1,3,420,1000,1.718454,-21.669956,23.482756,66.455893,80.887263,0.124938,-0.002247,-0.037489,0.0,197.215
558,cruise,4108.430621,65.70342,42.675824,115.496224,246.611003,742.485668,25.304578,0.168318,10.121359,26.693617,1716.188677,mixed_oil_pressure_drop__overheating,1,3,420,1000,2.918473,-22.340856,23.951527,64.451037,79.567774,-0.02807,0.006882,0.050597,0.0,197.21
559,cruise,4087.098855,64.167046,42.602852,114.161098,247.614178,738.044475,25.127736,0.161524,9.716573,27.178396,1659.113615,mixed_oil_pressure_drop__overheating,1,3,420,1000,-0.628004,-20.970578,24.223103,64.649987,81.595284,0.100841,-0.006232,-0.03532,0.0,197.205
560,cruise,4088.466312,66.583955,42.889308,114.923979,247.409028,735.756557,25.110764,0.158698,9.984911,25.547469,1460.303136,mixed_oil_pressure_drop__overheating,1,3,420,1000,-3.572449,-21.64486,23.114805,65.756019,79.170011,0.043563,-0.000607,-0.006537,0.0,197.2
561,cruise,4088.151867,64.542401,43.370634,114.473961,247.646151,738.959287,25.30453,0.155615,9.899233,24.95028,1748.485608,mixed_oil_pressure_drop__overheating,1,3,420,1000,-1.726571,-21.954869,24.642521,64.096555,79.268957,0.012187,-0.001431,0.055878,0.0,197.195
562,cruise,4090.864732,65.467757,42.957602,114.603353,243.905862,737.482128,25.327909,0.163456,9.781908,26.242877,1625.479678,mixed_oil_pressure_drop__overheating,1,3,420,1000,2.703959,-22.370325,23.05636,66.066125,80.249582,0.080513,-0.004384,0.140928,0.0,197.19
563,cruise,4052.585917,65.3425,43.602666,114.076891,246.786994,742.536965,25.099475,0.159104,9.661424,27.161889,1802.415608,mixed_oil_pressure_drop__overheating,1,3,420,1000,7.791807,-21.980945,23.873073,66.083983,82.860132,-0.119835,0.007975,0.049011,0.0,197.185
564,cruise,4077.307115,66.678689,42.320706,114.340929,247.803578,738.108175,25.215241,0.154769,9.811395,26.639501,1836.339018,mixed_oil_pressure_drop__overheating,1,3,420,1000,0.090099,-21.844857,23.770591,63.149661,77.425187,-0.020766,0.007782,-0.05709,0.0,197.18
565,cruise,4126.87868,63.981786,42.834438,113.97158,247.527027,747.121248,24.882261,0.157385,9.844614,26.796101,1727.114513,mixed_oil_pressure_drop__overheating,1,3,420,1000,-6.332941,-21.631949,23.575574,67.132603,80.830075,0.083177,0.000749,-0.134766,0.0,197.175
566,cruise,4038.637956,65.763319,42.173352,114.428654,245.019468,738.417439,25.134978,0.161754,9.670224,26.778639,1753.423531,mixed_oil_pressure_drop__overheating,1,3,420,1000,-0.793803,-21.931334,23.409998,65.160373,79.669276,0.026684,0.000923,-0.119809,0.0,197.17
567,cruise,4111.996341,64.882482,43.144946,113.97008,244.729561,739.217443,25.161504,0.1545,9.801605,27.862824,1725.177254,mixed_oil_pressure_drop__overheating,1,3,420,1000,-0.621435,-22.15187,23.612409,64.495501,81.16973,-0.145951,-0.000845,-0.027131,0.0,197.165
568,cruise,4108.637431,65.2365,43.018798,115.090253,247.023025,738.543653,25.216384,0.167224,9.848403,28.09649,1505.223685,mixed_oil_pressure_drop__overheating,1,3,420,1000,1.530882,-22.151764,24.249553,65.353353,82.163898,-0.204343,-0.002023,0.064971,0.0,197.16
569,cruise,4109.538099,63.981079,42.716909,114.793042,247.035536,738.678759,25.312267,0.159405,9.631055,26.68169,1675.133026,mixed_oil_pressure_drop__overheating,1,3,420,1000,0.163242,-22.331159,23.938655,66.525059,80.559767,-0.000167,0.000328,0.055207,0.0,197.155
570,cruise,4118.483964,63.736197,42.802131,113.896766,248.654533,740.347579,25.147638,0.155553,9.734721,23.666446,1713.792776,mixed_oil_pressure_drop__overheating,1,3,420,1000,1.120207,-21.777059,24.918273,64.723936,79.635882,-0.038146,-0.007677,-0.074181,0.0,197.15
571,cruise,4105.076945,65.088702,42.435206,114.599672,245.122167,739.526037,25.096004,0.166567,9.861919,25.425601,1567.280579,mixed_oil_pressure_drop__overheating,1,3,420,1000,0.898358,-21.935448,25.143254,66.597977,78.905675,-0.289572,0.00342,0.024725,0.0,197.145
572,cruise,4089.845792,64.788338,43.142295,114.988827,247.001294,739.260536,25.492735,0.170957,9.89794,25.920756,1721.277839,mixed_oil_pressure_drop__overheating,1,3,420,1000,-0.586771,-21.032285,23.31781,66.780222,80.442824,0.142399,-0.000347,-0.17045,0.0,197.14
573,cruise,4095.017254,65.073135,43.224581,114.358018,245.406487,746.336036,25.313401,0.171303,9.814337,28.323179,1666.873829,mixed_oil_pressure_drop__overheating,1,3,420,1000,-2.421789,-21.874789,24.1646,65.194043,80.127,0.093428,-0.002014,-0.03963,0.0,197.135
574,cruise,4093.945317,65.93538,42.688059,114.309411,246.855362,744.692658,25.454226,0.154003,9.676841,26.034204,1824.467402,mixed_oil_pressure_drop__overheating,1,3,420,1000,1.499658,-21.604735,24.154068,65.551277,80.98334,0.08068,0.001664,0.064283,0.0,197.13
575,cruise,4099.564416,66.189981,42.213513,114.658941,246.571573,739.51823,25.294128,0.167225,9.898561,27.443257,1730.013697,mixed_oil_pressure_drop__overheating,1,3,420,1000,-1.081019,-22.318459,24.501472,65.27079,80.417217,0.018622,0.002894,-0.021434,0.0,197.125
576,cruise,4079.813064,64.822129,43.117586,114.20846,246.275791,741.534774,25.034216,0.165688,9.637533,25.428887,1594.024173,mixed_oil_pressure_drop__overheating,1,3,420,1000,2.479934,-20.713646,23.473131,64.650308,79.613555,-0.018452,-0.006026,0.093859,0.0,197.12
577,cruise,4086.450455,63.317073,43.436079,113.406215,246.702197,738.123981,25.213401,0.152997,9.791707,26.740897,1719.322348,mixed_oil_pressure_drop__overheating,1,3,420,1000,1.046588,-21.725617,23.925242,66.067731,80.913959,0.060251,-0.00882,-0.202917,0.0,197.115
578,cruise,4097.12976,65.398844,42.374402,114.74881,249.388096,736.870247,25.222139,0.155494,9.71808,27.478507,1681.120892,mixed_oil_pressure_drop__overheating,1,3,420,1000,2.063861,-21.845838,24.357388,65.044118,80.550409,-0.14164,0.002701,0.165577,0.0,197.11
579,cruise,4041.925824,66.901202,43.32147,113.391691,245.53449,736.857208,25.103005,0.154532,9.916224,26.218642,1580.262343,mixed_oil_pressure_drop__overheating,1,3,420,1000,3.869454,-21.831374,24.192432,64.588911,79.914898,0.010398,0.013267,-0.10385,0.0,197.105
580,cruise,4062.809574,65.669387,43.229343,114.557022,245.534246,740.298103,25.469484,0.166959,10.001537,26.228363,1615.708191,mixed_oil_pressure_drop__overheating,1,3,420,1000,-3.752112,-22.390316,23.776746,64.695428,80.737833,0.085586,0.002097,0.050852,0.0,197.1
581,cruise,4083.650521,63.86565,43.070087,114.036934,247.948291,736.296548,24.892715,0.160303,9.871777,27.414535,1760.661323,mixed_oil_pressure_drop__overheating,1,3,420,1000,-1.195782,-22.228508,23.763484,64.66923,79.341175,0.142239,0.010839,-0.046216,0.0,197.095
582,cruise,4090.558801,64.543118,42.791939,114.274129,244.75793,739.673059,25.551355,0.170303,10.14806,24.704172,1595.938504,mixed_oil_pressure_drop__overheating,1,3,420,1000,2.269408,-22.62422,24.400338,65.73135,80.405033,0.001524,0.009566,-0.092952,0.0,197.09
583,cruise,4083.024109,64.751728,42.891755,114.466684,245.427394,735.819172,25.041094,0.156567,9.709209,24.929566,1766.353422,mixed_oil_pressure_drop__overheating,1,3,420,1000,-0.066974,-22.067872,24.196592,64.048628,80.033661,0.142546,0.007691,0.046997,0.0,197.085
584,cruise,4091.951616,64.708627,42.822566,114.333795,245.093548,742.827988,24.916288,0.166414,9.831303,27.335563,1633.231127,mixed_oil_pressure_drop__overheating,1,3,420,1000,-2.26072,-22.006954,23.651306,65.441245,79.032847,0.165583,0.000561,-0.040135,0.0,197.08
585,cruise,4074.227791,66.878779,43.313911,113.09323,246.056125,743.775587,25.264939,0.153492,9.972889,25.322779,1576.435786,mixed_oil_pressure_drop__overheating,1,3,420,1000,-5.799465,-22.391396,23.982141,64.94379,80.169987,-0.095388,0.000483,0.068098,0.0,197.075
586,cruise,4076.540356,65.410764,42.901139,115.567284,247.152434,745.049067,25.206562,0.159093,9.750287,26.348899,1715.908285,mixed_oil_pressure_drop__overheating,1,3,420,1000,-1.044585,-22.38857,23.973799,66.192146,78.886108,0.259899,-0.001509,-0.053565,0.0,197.07
587,cruise,4097.913764,65.83634,41.927743,114.349257,246.379696,736.58586,25.164664,0.16064,9.823863,26.687681,1618.135612,mixed_oil_pressure_drop__overheating,1,3,420,1000,-2.448201,-22.14658,24.411136,64.039741,79.045466,-0.199233,-0.001209,-0.016745,0.0,197.065
588,cruise,4079.686181,64.569415,42.814311,114.444063,246.80403,740.231117,25.181137,0.162539,9.819622,26.011758,1812.915294,mixed_oil_pressure_drop__overheating,1,3,420,1000,5.122845,-22.994676,24.808831,64.747498,82.18463,0.045636,-0.002316,-0.004311,0.0,197.06
589,cruise,4072.16721,64.478348,42.900701,113.912611,246.723416,741.075543,25.004159,0.162342,9.781514,28.500676,1546.795614,mixed_oil_pressure_drop__overheating,1,3,420,1000,9.262122,-22.252076,24.755285,65.170514,80.268531,0.08188,0.002617,-0.003654,0.0,197.055
590,cruise,4102.293685,63.008728,43.524764,114.206839,246.475275,738.164993,25.00773,0.163713,10.081598,27.069816,1683.014567,mixed_oil_pressure_drop__overheating,1,3,420,1000,-2.424105,-22.759094,24.229683,64.943548,81.793511,-0.129772,-0.001512,-0.09688,0.0,197.05
591,cruise,4094.128334,65.668358,42.723479,114.024542,250.091431,743.625071,25.137867,0.165896,9.798817,26.683888,1699.455081,mixed_oil_pressure_drop__overheating,1,3,420,1000,-1.931761,-22.306427,24.128619,63.76366,79.282132,-0.096384,0.005109,0.147357,0.0,197.045
592,cruise,4084.322309,65.028166,42.147385,114.584814,246.921248,743.078288,25.257743,0.158117,9.758756,28.331007,1540.370463,mixed_oil_pressure_drop__overheating,1,3,420,1000,0.659461,-21.684078,23.663813,66.933407,81.642862,0.135193,-0.000589,-0.109086,0.0,197.04
593,cruise,4058.820384,64.448284,42.648662,113.210463,246.915427,743.510302,25.096032,0.161883,9.877269,25.336558,1627.325036,mixed_oil_pressure_drop__overheating,1,3,420,1000,0.908951,-22.714859,23.633723,66.789742,80.003612,0.073457,-0.00417,0.043546,0.0,197.035
594,cruise,4062.293059,64.523386,42.815649,114.263147,247.908839,737.828751,25.674257,0.164776,9.846103,27.249497,1545.075341,mixed_oil_pressure_drop__overheating,1,3,420,1000,1.868513,-21.730564,24.161671,64.487263,79.701952,-0.089683,-0.007796,0.029673,0.0,197.03
595,cruise,4088.184464,67.509791,43.220416,114.474275,246.106176,738.877402,25.150592,0.156981,10.191434,25.774898,1745.809118,mixed_oil_pressure_drop__overheating,1,3,420,1000,-0.433165,-22.35804,24.150931,65.798404,79.172184,-0.197571,-0.003593,-0.047624,0.0,197.025
596,cruise,4110.429177,64.829407,43.12301,114.159276,247.142292,741.955727,25.005555,0.163573,9.688136,26.508033,1590.365025,mixed_oil_pressure_drop__overheating,1,3,420,1000,-0.749593,-21.891136,23.688631,64.567232,80.073855,0.139389,0.000319,0.055556,0.0,197.02
597,cruise,4102.186849,65.900318,43.493998,113.854725,247.024972,740.75121,24.978114,0.159667,9.972617,27.79045,1433.87457,mixed_oil_pressure_drop__overheating,1,3,420,1000,0.065931,-21.842765,24.15859,63.763528,80.465588,-0.078247,4.5e-05,0.012218,0.0,197.015
598,cruise,4075.424211,65.169861,42.897164,113.663579,246.41073,740.097096,25.187564,0.155867,9.927499,27.143214,1561.684523,mixed_oil_pressure_drop__overheating,1,3,420,1000,2.327932,-22.146859,23.924996,65.228532,80.309267,-0.1841,-0.012011,-0.110183,0.0,197.01
599,cruise,4086.027003,63.970193,42.362076,113.968099,246.524805,745.050224,25.14076,0.17006,9.946082,28.92533,1776.814129,mixed_oil_pressure_drop__overheating,1,3,420,1000,0.585718,-21.739999,23.952198,64.538418,80.761522,-0.201076,0.000633,-0.060253,0.0,197.005
600,cruise,4050.036798,65.28763,42.747943,114.348119,248.716515,741.937277,25.352108,0.158979,10.136366,27.286249,1549.706349,mixed_oil_pressure_drop__overheating,1,3,420,1000,4.290927,-22.095045,23.616082,65.206435,77.833257,0.118382,0.003369,0.076294,0.0,197.0
601,cruise,4092.264106,64.861334,43.574091,113.929278,246.881816,744.453502,25.031768,0.16445,9.696432,26.639432,1904.481971,mixed_oil_pressure_drop__overheating,1,3,420,1000,-0.884954,-21.458546,24.604271,66.421592,79.50055,0.069504,0.001221,-0.002305,0.0,196.995
602,cruise,4137.038681,63.603903,43.269575,114.522711,245.354909,741.856525,25.329028,0.162735,9.821214,27.139767,1761.819475,mixed_oil_pressure_drop__overheating,1,3,420,1000,1.267037,-21.697328,24.159802,64.96659,78.65304,-0.173398,-0.009032,-0.056439,0.0,196.99
603,cruise,4068.156635,65.718278,43.181769,114.583312,246.182376,743.622899,25.157011,0.162824,9.956681,25.866433,1670.508301,mixed_oil_pressure_drop__overheating,1,3,420,1000,7.499111,-20.931301,24.049229,65.668482,77.715215,0.135654,0.001215,-0.072972,0.0,196.985
604,cruise,4051.26129,63.294974,43.160495,114.843513,246.426151,739.814184,25.177541,0.159346,9.446986,25.304105,1650.468958,mixed_oil_pressure_drop__overheating,1,3,420,1000,10.766973,-22.003066,23.815146,66.882094,82.14054,0.152352,-0.001421,-0.024642,0.0,196.98
605,cruise,4079.697428,65.457459,42.800093,114.042855,247.885599,740.427372,25.194282,0.162042,9.67179,26.757231,1674.34529,mixed_oil_pressure_drop__overheating,1,3,420,1000,1.24243,-22.781488,24.082974,64.828271,77.833292,0.06143,0.002034,-0.024822,0.0,196.975
606,cruise,4068.575935,64.560383,42.936738,114.023508,246.115931,737.251077,25.212954,0.160647,9.994518,27.164231,1701.442916,mixed_oil_pressure_drop__overheating,1,3,420,1000,-1.273507,-21.574621,23.620588,63.939659,80.313586,0.149804,-0.001163,-0.157674,0.0,196.97
607,cruise,4107.57161,67.026451,42.031569,113.50171,244.902669,740.875504,25.442094,0.16796,10.033818,24.672804,1645.556856,mixed_oil_pressure_drop__overheating,1,3,420,1000,-3.665067,-21.364969,24.052912,65.783556,81.112657,0.188812,0.003889,0.025052,0.0,196.965
608,cruise,4082.953151,66.560585,42.408284,114.97739,245.080198,736.118209,24.992512,0.164031,9.72339,28.471186,1815.451964,mixed_oil_pressure_drop__overheating,1,3,420,1000,1.076238,-22.423259,23.550596,65.760152,83.571922,-0.008743,0.001652,0.000285,0.0,196.96
609,cruise,4090.671748,64.678947,42.952227,113.692668,245.997611,737.752305,25.018649,0.159104,9.839699,24.839578,1495.023869,mixed_oil_pressure_drop__overheating,1,3,420,1000,-4.530865,-21.76748,23.803899,64.767694,78.792973,-0.087014,0.000214,0.041888,0.0,196.955
610,cruise,4065.478749,64.543402,42.369376,114.332639,245.989257,745.388836,25.133534,0.16052,9.728282,25.459066,1606.199951,mixed_oil_pressure_drop__overheating,1,3,420,1000,3.482491,-22.38209,23.614868,64.257012,75.897945,-0.227687,-0.001926,0.02617,0.0,196.95
611,cruise,4100.887587,65.435398,42.063419,113.295039,248.803709,741.132692,25.417566,0.164306,9.75213,24.751894,1747.748783,mixed_oil_pressure_drop__overheating,1,3,420,1000,-2.957911,-22.423311,23.885286,64.196739,77.697264,-0.085993,-0.003178,0.074305,0.0,196.945
612,cruise,4078.628477,63.506484,42.728243,114.078486,247.317462,740.827695,25.086742,0.167139,9.721497,25.611005,1741.844693,mixed_oil_pressure_drop__overheating,1,3,420,1000,-1.808012,-22.136204,24.233623,64.275575,80.215969,-0.155578,-0.00117,-0.068645,0.0,196.94
613,cruise,4094.955002,63.846855,42.462447,114.21113,246.669656,739.419473,25.096299,0.168117,9.614119,25.59646,1473.767581,mixed_oil_pressure_drop__overheating,1,3,420,1000,-5.091215,-22.17234,23.436492,65.899535,80.245523,-0.247028,0.011701,-0.017853,0.0,196.935
614,cruise,4087.545591,63.365766,42.509638,114.557524,247.232783,738.978117,25.202271,0.161973,9.690204,25.584464,1634.179207,mixed_oil_pressure_drop__overheating,1,3,420,1000,-1.497364,-21.922145,23.987975,64.561062,77.332978,-0.187457,-0.004965,-0.05595,0.0,196.93
615,cruise,4071.75004,67.46964,42.095841,113.124924,244.975692,741.168397,25.137122,0.167306,9.69176,26.640861,1665.633505,mixed_oil_pressure_drop__overheating,1,3,420,1000,-1.601828,-22.203336,24.414467,64.811909,80.93649,0.017976,-0.003281,-0.034523,0.0,196.925
616,cruise,4076.321713,64.233376,42.955226,114.45402,247.426252,739.476471,25.467899,0.163284,10.02792,25.747068,1681.499863,mixed_oil_pressure_drop__overheating,1,3,420,1000,0.676809,-22.092339,23.593375,63.847224,80.104819,0.182217,-0.004635,-0.164639,0.0,196.92
617,cruise,4105.02968,63.835663,42.641173,113.547038,245.916894,738.857046,25.277864,0.158827,9.529869,24.587121,1718.534768,mixed_oil_pressure_drop__overheating,1,3,420,1000,-1.354137,-22.707902,23.891056,66.458363,79.513152,0.142853,0.004463,0.105384,0.0,196.915
618,cruise,4073.983542,66.309594,42.808833,113.445058,246.074441,740.392054,24.982189,0.156342,9.742037,29.027858,1656.429966,mixed_oil_pressure_drop__overheating,1,3,420,1000,-4.153871,-22.269891,25.221372,63.882295,80.018417,-0.013454,0.004365,-0.134868,0.0,196.91
619,cruise,4076.163116,65.595654,42.834038,113.428245,246.956417,737.383632,25.176405,0.163377,10.023901,26.688533,1687.161209,mixed_oil_pressure_drop__overheating,1,3,420,1000,1.494528,-21.984525,23.888879,65.389391,81.736756,-0.0196,-0.003317,-0.020649,0.0,196.905
620,cruise,4078.147249,66.512201,43.509319,115.248018,247.885584,743.716841,25.119598,0.157662,9.658287,26.11109,1611.894674,mixed_oil_pressure_drop__overheating,1,3,420,1000,2.51049,-21.209579,23.590642,65.303425,79.089172,0.179543,0.007604,0.025291,0.0,196.9
621,cruise,4103.348756,65.792773,42.590088,114.466697,247.352839,737.8796,24.995662,0.16028,9.754295,26.382883,1687.879329,mixed_oil_pressure_drop__overheating,1,3,420,1000,4.625912,-21.749049,23.17635,65.547097,79.195453,-0.157766,0.002794,0.104856,0.0,196.895
622,cruise,4086.201835,63.642428,42.587604,112.90052,247.67599,741.571202,25.257768,0.14967,9.939942,25.95212,1581.045648,mixed_oil_pressure_drop__overheating,1,3,420,1000,-2.793916,-21.568513,23.490843,64.463429,81.37169,0.128395,0.001342,-0.11682,0.0,196.89
623,cruise,4095.045044,66.329975,42.600114,113.635993,246.76644,745.598597,25.089703,0.164929,9.937252,25.683652,1801.971487,mixed_oil_pressure_drop__overheating,1,3,420,1000,3.347649,-22.104613,24.289257,65.376564,78.089461,-0.01509,-0.001281,0.100421,0.0,196.885
624,cruise,4058.326258,66.207518,42.827746,114.079735,245.51375,740.769345,25.280628,0.159811,9.81994,25.677265,1703.761395,mixed_oil_pressure_drop__overheating,1,3,420,1000,1.940852,-22.05855,23.031974,63.875289,80.065803,0.008675,-0.00586,0.006295,0.0,196.88
625,cruise,4119.075805,65.171492,43.078926,114.839875,249.104704,741.332102,25.187305,0.164365,9.891664,27.360744,1802.698646,mixed_oil_pressure_drop__overheating,1,3,420,1000,-2.417184,-22.124654,24.03021,64.513208,79.947756,0.180452,0.010543,-0.141548,0.0,196.875
626,cruise,4095.232906,64.5945,42.829147,114.230243,245.803207,739.386036,25.195313,0.161253,9.906722,27.671814,1615.024786,mixed_oil_pressure_drop__overheating,1,3,420,1000,-0.952904,-22.316615,24.855922,66.384765,78.914974,-0.072406,0.006549,0.109017,0.0,196.87
627,cruise,4075.62311,65.130654,42.270711,114.978248,245.834208,740.783978,24.851165,0.161472,9.868855,27.275342,1612.791942,mixed_oil_pressure_drop__overheating,1,3,420,1000,0.502009,-22.144957,24.836401,65.183151,79.169421,0.14953,0.003384,-0.006575,0.0,196.865
628,cruise,4072.919969,68.102647,43.361958,114.588549,248.400102,748.082518,25.505857,0.162073,9.915467,27.227627,1682.338261,mixed_oil_pressure_drop__overheating,1,3,420,1000,2.69656,-22.086299,25.067169,65.47788,79.158564,-0.238183,0.007294,-0.108266,0.0,196.86
629,cruise,4077.931307,62.554311,42.694704,114.23708,247.219021,741.296037,25.161692,0.164705,9.728402,27.205197,1560.740011,mixed_oil_pressure_drop__overheating,1,3,420,1000,-0.710614,-22.181521,24.123629,65.09072,79.91307,0.042888,-0.001372,-0.038058,0.0,196.855
630,cruise,4077.809518,66.126263,42.84918,114.426095,246.934678,738.959623,25.186318,0.152374,9.909912,26.534413,1774.874595,mixed_oil_pressure_drop__overheating,1,3,420,1000,-0.302391,-21.78503,23.504764,64.002764,77.701232,-0.009819,0.002933,0.033196,0.0,196.85
631,cruise,4102.528404,63.789679,42.290599,114.213533,246.848661,740.688001,25.132777,0.156395,9.801447,26.60157,1693.51609,mixed_oil_pressure_drop__overheating,1,3,420,1000,2.227903,-21.764151,24.339893,65.475574,80.753811,-0.143502,-0.006207,-0.083377,0.0,196.845
632,cruise,4103.544047,64.308475,42.79828,113.905125,247.856271,742.301381,25.137472,0.161491,9.735985,26.729898,1603.050271,mixed_oil_pressure_drop__overheating,1,3,420,1000,-0.939049,-21.948197,24.723886,65.784667,80.751691,-0.192529,0.005986,-0.002683,0.0,196.84
633,cruise,4109.734317,64.253363,42.371285,114.334354,246.101169,743.239582,25.050858,0.164863,9.896189,26.813063,1619.138772,mixed_oil_pressure_drop__overheating,1,3,420,1000,2.728652,-21.335027,24.785184,65.093095,78.987209,0.045256,-0.001357,0.128082,0.0,196.835
634,cruise,4079.410542,63.536085,42.92094,113.757507,245.456379,744.381688,25.150322,0.158738,9.691752,28.25509,1826.88757,mixed_oil_pressure_drop__overheating,1,3,420,1000,4.719455,-21.858696,23.573098,64.899229,78.402843,0.058182,-0.001042,0.013134,0.0,196.83
635,cruise,4070.581762,63.580854,42.975894,114.233985,247.685763,746.819103,25.09162,0.160787,10.102054,26.723648,1432.220956,mixed_oil_pressure_drop__overheating,1,3,420,1000,-0.860235,-22.074115,24.350698,65.621241,78.516747,-0.055508,-0.004311,-0.028746,0.0,196.825
636,cruise,4070.513127,62.036795,43.049154,115.204881,246.569973,734.079424,25.266586,0.162211,9.684724,26.720961,1679.522459,mixed_oil_pressure_drop__overheating,1,3,420,1000,-1.831355,-21.271544,23.529134,64.902663,80.970337,-0.059801,0.001709,-0.060047,0.0,196.82
637,cruise,4062.592176,66.655061,42.039184,113.395029,247.247463,741.7374,25.179276,0.156135,9.626472,26.155086,1731.521033,mixed_oil_pressure_drop__overheating,1,3,420,1000,0.12588,-22.331567,23.886889,65.526986,79.78801,-0.027144,-0.003802,-0.040426,0.0,196.815
638,cruise,4114.148108,64.708021,42.716953,113.734274,248.624281,739.912452,25.403967,0.153249,9.689221,26.672518,1647.418365,mixed_oil_pressure_drop__overheating,1,3,420,1000,5.100133,-22.550947,25.003228,64.326014,79.771821,0.040697,0.008299,-0.019686,0.0,196.81
639,cruise,4079.886785,65.117912,43.93437,114.218332,245.382473,746.439272,25.487985,0.167844,9.776495,25.286093,1645.997462,mixed_oil_pressure_drop__overheating,1,3,420,1000,0.168278,-22.797762,24.522813,63.93994,80.798686,-0.14569,0.000719,-0.073752,0.0,196.805
640,cruise,4103.514049,64.944076,42.494388,113.291822,245.914352,739.10929,25.19642,0.175845,9.774896,25.636546,1597.701743,mixed_oil_pressure_drop__overheating,1,3,420,1000,3.080706,-21.978499,24.499008,64.524191,79.62677,0.23657,-0.002777,-0.072295,0.0,196.8
641,cruise,4090.179308,65.392061,42.954515,114.397879,246.29399,741.669661,25.109045,0.167214,9.773793,27.168599,1651.105224,mixed_oil_pressure_drop__overheating,1,3,420,1000,0.609118,-22.464834,22.964472,64.931434,79.461804,0.200419,0.002448,0.124612,0.0,196.795
642,cruise,4103.887349,65.909807,43.158389,114.130332,245.53646,739.051998,25.127786,0.167957,9.840077,26.580127,1811.33458,mixed_oil_pressure_drop__overheating,1,3,420,1000,2.561948,-22.434906,23.155268,65.078588,78.662889,0.165505,0.014124,0.001364,0.0,196.79
643,cruise,4060.475804,66.152084,42.605239,114.429747,247.243481,744.930758,24.702038,0.165037,9.632658,25.381095,1574.946868,mixed_oil_pressure_drop__overheating,1,3,420,1000,-0.133278,-22.175036,23.258845,64.633465,80.593236,-0.187014,-0.003551,0.053725,0.0,196.785
644,cruise,4065.248213,63.689623,42.590954,114.430691,248.344943,745.006652,25.341929,0.167611,9.819858,28.451998,1690.127787,mixed_oil_pressure_drop__overheating,1,3,420,1000,-2.208418,-21.266762,24.461586,64.910222,79.199281,-0.15997,0.000693,-0.143464,0.0,196.78
645,cruise,4079.588627,63.780052,42.877722,114.402279,245.366059,742.337613,25.272551,0.164163,9.753648,26.780117,1817.571782,mixed_oil_pressure_drop__overheating,1,3,420,1000,3.147993,-21.650411,23.47253,64.310845,79.646951,0.17643,0.003123,-0.010537,0.0,196.775
646,cruise,4074.014857,65.922457,42.997466,114.78999,245.32025,740.359401,25.026805,0.165669,9.805352,26.405043,1743.295678,mixed_oil_pressure_drop__overheating,1,3,420,1000,1.321585,-22.125582,24.141406,64.498363,78.578815,-0.041293,-0.010251,-0.095576,0.0,196.77
647,cruise,4087.110771,63.148261,42.542111,114.556828,247.793627,740.072996,25.262352,0.160997,10.016367,28.219516,1799.942061,mixed_oil_pressure_drop__overheating,1,3,420,1000,0.657869,-21.55856,24.260459,64.961754,78.764443,-0.106269,-0.002693,-0.024941,0.0,196.765
648,cruise,4081.757034,64.872301,42.353471,114.257922,247.178333,741.34249,25.191016,0.177254,9.726887,26.381394,1618.7663,mixed_oil_pressure_drop__overheating,1,3,420,1000,1.912546,-21.610192,24.679061,64.741381,79.057792,0.012629,0.008282,-0.068449,0.0,196.76
649,cruise,4106.522498,66.151898,42.537253,114.284493,246.030375,741.714073,24.923412,0.161156,9.589942,27.477712,1695.416504,mixed_oil_pressure_drop__overheating,1,3,420,1000,-7.015525,-22.118294,23.840053,66.127957,79.707284,0.06945,-0.002766,-0.00894,0.0,196.755
650,cruise,4076.045978,63.652335,42.665604,113.984246,246.215678,743.882644,24.667667,0.166002,9.520164,26.166613,1678.938034,mixed_oil_pressure_drop__overheating,1,3,420,1000,-0.512611,-22.504298,24.678045,63.617283,78.780234,0.09016,0.003614,-0.031144,0.0,196.75
651,cruise,4084.309314,65.471135,42.193438,113.041799,245.386391,740.183046,25.097284,0.1736,10.007222,26.941593,1656.182965,mixed_oil_pressure_drop__overheating,1,3,420,1000,-1.916864,-21.65853,24.197638,64.138969,75.874393,0.067127,-0.002344,-0.097072,0.0,196.745
652,cruise,4072.850442,63.28201,43.027838,114.346216,248.035623,740.413212,24.973564,0.153509,9.851699,25.907817,1630.603884,mixed_oil_pressure_drop__overheating,1,3,420,1000,-4.174692,-21.470778,24.696607,65.349411,79.673739,-0.009752,0.004536,0.014951,0.0,196.74
653,cruise,4109.257578,64.115821,42.111958,113.822875,245.445774,745.183085,25.707518,0.157915,9.882779,26.431665,1637.765033,mixed_oil_pressure_drop__overheating,1,3,420,1000,-4.443103,-21.917834,23.599497,64.073308,80.012845,-0.093697,-0.000712,-0.110624,0.0,196.735
654,cruise,4115.886556,64.21686,42.781265,114.378603,244.309199,740.404639,25.419429,0.161176,10.056303,24.452998,1796.406848,mixed_oil_pressure_drop__overheating,1,3,420,1000,-4.507226,-21.556051,24.437469,63.968172,83.563523,0.312151,-0.001587,0.009786,0.0,196.73
655,cruise,4098.383943,66.323215,42.921538,113.602171,246.640348,741.382753,25.25428,0.169769,9.80634,26.516281,1796.102256,mixed_oil_pressure_drop__overheating,1,3,420,1000,-5.216169,-21.669873,23.518326,66.527467,76.933834,-0.240761,-0.000754,0.022982,0.0,196.725
656,cruise,4109.744302,64.538839,43.753383,114.509851,248.317806,738.193712,24.910889,0.170519,9.921608,27.222625,1795.192273,mixed_oil_pressure_drop__overheating,1,3,420,1000,-1.791607,-22.373165,24.620263,63.851039,82.09608,-0.150096,-0.002887,0.041412,0.0,196.72
657,cruise,4078.833525,64.553617,42.225593,114.832138,247.065305,741.042222,25.426376,0.16512,9.791883,27.013768,1659.282765,mixed_oil_pressure_drop__overheating,1,3,420,1000,2.069413,-22.652733,24.369394,66.14189,80.528942,0.332773,-0.008173,0.05624,0.0,196.715
658,cruise,4055.674489,65.062428,42.388146,114.644581,245.997839,741.898683,25.185119,0.152361,9.932756,27.92193,1677.392966,mixed_oil_pressure_drop__overheating,1,3,420,1000,-1.472092,-22.438933,25.50772,64.441234,80.155585,-0.258476,0.008566,-0.080129,0.0,196.71
659,cruise,4106.960698,64.191425,42.622148,113.30535,247.597313,740.293007,24.80226,0.162521,10.170229,27.592785,1623.377173,mixed_oil_pressure_drop__overheating,1,3,420,1000,6.204959,-21.695845,24.71504,65.326661,80.369772,-0.079982,-0.000814,0.156527,0.0,196.705
660,cruise,4094.993413,64.627743,42.432591,114.160392,244.429218,741.146849,25.278961,0.158232,9.85349,25.697706,1841.235801,mixed_oil_pressure_drop__overheating,1,3,420,1000,1.090168,-21.823701,23.426343,65.41389,80.323142,-0.038346,-0.004402,-0.123829,0.0,196.7
661,cruise,4125.982381,65.53334,42.538819,114.227835,245.409111,741.720111,25.018934,0.170807,10.134657,27.725763,1600.889594,mixed_oil_pressure_drop__overheating,1,3,420,1000,0.045496,-21.93464,23.995656,64.12683,78.409613,-0.14951,-0.000175,-0.118617,0.0,196.695
662,cruise,4118.230644,64.414948,42.8159,114.251741,246.916138,739.400993,25.00034,0.172927,9.955591,25.576062,1680.719342,mixed_oil_pressure_drop__overheating,1,3,420,1000,0.086654,-21.546377,24.204265,65.466613,79.036684,0.081476,0.00793,0.020937,0.0,196.69
663,cruise,4097.000229,66.545921,43.002846,114.229491,246.716676,741.226007,25.160015,0.157307,9.745226,25.113696,1666.277561,mixed_oil_pressure_drop__overheating,1,3,420,1000,-0.853792,-22.227911,23.977573,64.882692,77.935379,0.495758,0.002818,0.061612,0.0,196.685
664,cruise,4111.76397,65.586705,42.930718,114.911144,248.738443,737.395826,24.775837,0.152131,9.70949,27.790823,1606.45154,mixed_oil_pressure_drop__overheating,1,3,420,1000,2.311796,-21.873361,23.597539,64.740382,81.874369,0.235727,0.005107,0.064165,0.0,196.68
665,cruise,4096.780636,66.372864,42.871101,114.182573,246.483137,739.574274,25.306279,0.160192,9.716238,28.426773,1625.434009,mixed_oil_pressure_drop__overheating,1,3,420,1000,0.419938,-22.227635,24.483634,64.919925,76.901886,-0.00546,0.002533,-0.017078,0.0,196.675
666,cruise,4072.603681,64.434344,43.793811,114.012677,246.292107,739.565376,25.092481,0.174783,10.101643,26.907411,1909.727157,mixed_oil_pressure_drop__overheating,1,3,420,1000,-3.587809,-22.421454,23.156418,65.435459,80.790275,0.158841,-0.000362,0.047091,0.0,196.67
667,cruise,4063.822471,64.388768,42.190828,113.520128,244.961746,741.585375,25.137441,0.161724,9.991831,26.254802,1743.713975,mixed_oil_pressure_drop__overheating,1,3,420,1000,-6.28548,-22.122127,24.218366,66.004683,81.091049,-0.012059,-0.000779,-0.136867,0.0,196.665
668,cruise,4097.536995,66.018484,43.111373,114.835974,244.668889,742.360656,25.454621,0.164691,9.857794,24.341156,1547.619281,mixed_oil_pressure_drop__overheating,1,3,420,1000,4.07268,-22.655231,24.020649,65.419689,79.841329,-0.01923,-0.005929,-0.098619,0.0,196.66
669,cruise,4091.345724,64.199819,43.145213,114.145715,245.780314,739.980563,25.075773,0.160991,9.769949,26.235964,1719.990439,mixed_oil_pressure_drop__overheating,1,3,420,1000,0.909663,-22.218713,24.133141,65.492543,79.070115,-0.108546,-0.001826,0.133392,0.0,196.655
670,cruise,4102.550715,66.657857,42.115186,113.370291,245.415996,740.418911,25.18502,0.159575,9.923979,27.739578,1659.326132,mixed_oil_pressure_drop__overheating,1,3,420,1000,6.272264,-22.485014,23.948395,65.505332,80.189334,0.010991,-0.001662,0.04909,0.0,196.65
671,cruise,4084.053458,65.095267,43.02428,114.231043,244.873986,741.287357,25.210615,0.169357,9.826736,25.954684,1675.975203,mixed_oil_pressure_drop__overheating,1,3,420,1000,-1.079426,-21.27908,23.721233,64.143136,82.815145,0.08061,0.005754,0.013768,0.0,196.645
672,cruise,4098.402937,63.443718,43.214626,114.656278,245.078185,745.917719,25.270084,0.15953,9.703099,26.080916,1475.906097,mixed_oil_pressure_drop__overheating,1,3,420,1000,-1.476081,-21.455936,23.814346,65.767627,77.904188,-0.238012,0.006008,0.031308,0.0,196.64
673,cruise,4072.568589,65.973296,42.27646,114.140445,247.912816,739.521984,25.154222,0.153536,9.860437,26.412228,1877.726063,mixed_oil_pressure_drop__overheating,1,3,420,1000,-0.97572,-21.812881,23.915604,65.012282,80.021517,0.149827,-0.001271,-0.078762,0.0,196.635
674,cruise,4057.737958,63.112059,42.813958,114.49117,246.924434,742.914175,24.993421,0.167848,9.901861,26.054895,1680.33515,mixed_oil_pressure_drop__overheating,1,3,420,1000,-1.694572,-21.277329,23.32953,64.58784,80.476749,-0.015914,0.005617,-0.078405,0.0,196.63
675,cruise,4094.627101,64.821614,42.381219,114.77553,247.630421,739.795662,24.98005,0.154282,9.978273,26.450403,1717.224222,mixed_oil_pressure_drop__overheating,1,3,420,1000,-1.236187,-22.106389,25.557552,65.707799,79.016862,-0.055993,0.000786,0.026482,0.0,196.625
676,cruise,4078.573624,65.53919,43.006635,113.69843,246.239812,736.749604,25.326245,0.164524,9.780527,25.781581,1662.38854,mixed_oil_pressure_drop__overheating,1,3,420,1000,1.129566,-21.854716,24.304654,64.292852,80.183043,0.124992,-0.002032,-0.133629,0.0,196.62
677,cruise,4058.23852,66.153808,43.547491,114.576539,247.494737,740.204793,25.405684,0.156697,9.9714,26.555104,1743.91774,mixed_oil_pressure_drop__overheating,1,3,420,1000,-1.532494,-22.071699,23.564753,65.513519,76.674835,-0.233761,-0.000408,0.072833,0.0,196.615
678,cruise,4083.409493,65.388385,43.200856,113.671583,247.385275,741.008227,25.522576,0.167995,9.93859,27.959409,1569.0136,mixed_oil_pressure_drop__overheating,1,3,420,1000,-1.565447,-22.093784,24.458606,64.748424,79.808547,-0.161417,-0.001723,0.077472,0.0,196.61
679,cruise,4113.798483,66.00146,43.033421,114.289632,244.145627,742.777565,25.069157,0.170411,9.812448,25.862413,1656.114367,mixed_oil_pressure_drop__overheating,1,3,420,1000,3.880911,-21.987577,23.928558,65.402041,79.683153,0.342466,0.003677,0.08478,0.0,196.605
680,cruise,4107.648908,64.529074,41.483949,114.196495,247.221759,746.998219,25.553356,0.164376,9.844915,30.170101,1682.675883,mixed_oil_pressure_drop__overheating,1,3,420,1000,-2.673055,-22.308617,23.944059,64.980008,82.870164,-0.087337,0.002191,0.062836,0.0,196.6
681,cruise,4118.310386,64.498811,43.135229,114.51513,249.275929,743.092567,24.993807,0.160424,9.838037,24.552138,1662.809329,mixed_oil_pressure_drop__overheating,1,3,420,1000,6.671991,-22.186506,24.487214,64.763625,80.528677,-0.022504,0.004904,-0.0092,0.0,196.595
682,cruise,4059.316788,66.668852,43.169707,114.544596,247.184675,740.104278,25.102151,0.164496,9.983681,27.61481,1486.820674,mixed_oil_pressure_drop__overheating,1,3,420,1000,0.813435,-21.565336,24.642973,65.750338,80.564351,0.099468,-0.004522,0.1278,0.0,196.59
683,cruise,4083.510746,63.603633,41.983715,114.740036,247.019785,736.457448,24.766683,0.159731,9.740682,27.463606,1767.733636,mixed_oil_pressure_drop__overheating,1,3,420,1000,-0.914951,-22.042422,23.329423,64.594836,77.104846,0.128032,0.000259,-0.023631,0.0,196.585
684,cruise,4059.55805,65.674431,41.451966,113.58587,247.70231,738.797281,25.169832,0.168989,9.808457,26.618931,1673.92587,mixed_oil_pressure_drop__overheating,1,3,420,1000,-3.365347,-22.08998,24.394095,64.308199,80.709793,-0.152101,-0.004097,-0.049672,0.0,196.58
685,cruise,4088.889547,64.154611,42.719351,114.68745,245.858451,742.915326,25.032299,0.167122,9.987088,27.29706,1721.250359,mixed_oil_pressure_drop__overheating,1,3,420,1000,0.215468,-21.508796,23.149911,64.366412,79.527018,0.031855,-0.001122,0.082635,0.0,196.575
686,cruise,4075.604937,65.804949,42.443682,114.544406,244.337302,745.898509,25.258636,0.166207,9.76117,27.372346,1688.014329,mixed_oil_pressure_drop__overheating,1,3,420,1000,3.510179,-21.454273,24.948891,64.662744,78.50352,0.097561,-0.004997,-0.019541,0.0,196.57
687,cruise,4061.26678,63.452122,42.005629,113.530958,246.611987,735.339701,25.175728,0.169909,9.805842,26.866568,1594.141129,mixed_oil_pressure_drop__overheating,1,3,420,1000,1.410674,-22.066094,24.258695,64.299053,80.046903,0.11346,-0.001037,0.121244,0.0,196.565
688,cruise,4076.857197,64.707822,42.507058,113.884773,248.005244,737.69034,25.020371,0.171686,9.822988,25.727525,1737.028208,mixed_oil_pressure_drop__overheating,1,3,420,1000,-1.279265,-22.009968,23.381643,64.418575,80.521592,-0.118331,0.005918,-0.127523,0.0,196.56
689,cruise,4094.355746,66.061623,42.094431,113.632422,245.512701,740.507373,25.007869,0.164896,9.753355,27.758093,1894.164682,mixed_oil_pressure_drop__overheating,1,3,420,1000,1.214549,-22.189204,23.574375,65.703466,78.439936,-0.030789,-0.003251,0.08778,0.0,196.555
690,cruise,4079.277459,66.995466,42.408943,114.318523,245.18186,741.949519,25.189841,0.148746,9.867258,26.632197,1663.174987,mixed_oil_pressure_drop__overheating,1,3,420,1000,1.808767,-22.183715,23.200877,64.335601,78.735811,0.322981,-0.002376,-0.024732,0.0,196.55
691,cruise,4083.537728,65.741217,42.632838,114.44743,244.299973,740.709994,25.211119,0.164123,9.906037,24.030541,1717.039485,mixed_oil_pressure_drop__overheating,1,3,420,1000,0.775343,-22.149895,24.550172,64.587775,78.147463,0.211451,-0.000494,-0.01329,0.0,196.545
692,cruise,4099.238377,66.615183,42.682995,114.155832,247.589651,741.687644,25.078187,0.160554,9.866101,26.468987,1760.162041,mixed_oil_pressure_drop__overheating,1,3,420,1000,-3.293478,-22.251376,25.046504,63.203128,77.707899,-0.07333,0.001145,0.107363,0.0,196.54
693,cruise,4090.403934,65.289457,43.831346,113.77526,246.514469,738.012418,25.120127,0.154783,9.754063,26.039213,1724.270308,mixed_oil_pressure_drop__overheating,1,3,420,1000,0.14883,-21.234581,23.912326,64.740566,80.33715,0.028775,-0.006464,-0.190202,0.0,196.535
694,cruise,4115.653971,62.880411,42.5854,114.694665,246.236154,738.503304,25.034657,0.162452,9.928176,28.472694,1593.585114,mixed_oil_pressure_drop__overheating,1,3,420,1000,-1.27532,-22.243495,23.404039,65.327644,83.818881,0.0333,0.000981,0.051044,0.0,196.53
695,cruise,4084.543809,64.259078,43.256822,113.381837,248.377256,738.956508,25.078579,0.167281,9.97839,27.721854,1672.207867,mixed_oil_pressure_drop__overheating,1,3,420,1000,-0.697163,-22.03043,23.432031,66.452975,79.763662,-0.183282,0.000613,-0.136746,0.0,196.525
696,cruise,4108.738236,65.430882,41.769125,115.089056,247.486423,737.658237,25.099354,0.157253,9.748453,24.862369,1732.052331,mixed_oil_pressure_drop__overheating,1,3,420,1000,1.978455,-21.734607,24.035458,65.239202,80.484082,0.130791,-0.00124,0.072369,0.0,196.52
697,cruise,4080.191476,64.1984,42.843855,114.391839,243.450073,744.783453,25.301406,0.15605,9.730956,26.20719,1552.443378,mixed_oil_pressure_drop__overheating,1,3,420,1000,2.623316,-22.457309,23.71094,66.141083,78.568578,0.179895,-0.001853,0.080279,0.0,196.515
698,cruise,4089.716434,65.73346,42.398238,114.104954,246.979008,740.803717,25.243171,0.166641,9.848854,26.50288,1705.644657,mixed_oil_pressure_drop__overheating,1,3,420,1000,-1.93851,-22.03285,23.894271,63.739117,78.886702,-0.195294,-5.5e-05,-0.05637,0.0,196.51
699,cruise,4091.881685,65.968417,42.192449,114.118468,246.181717,735.77642,25.288569,0.160065,9.74938,27.907793,1557.17434,mixed_oil_pressure_drop__overheating,1,3,420,1000,2.943585,-21.868427,23.690658,64.873905,78.858735,-0.048647,-0.001819,-0.075381,0.0,196.505
700,cruise,4075.908979,67.643186,41.827713,114.929455,246.967671,744.749903,24.766342,0.160014,9.93697,27.66648,1631.155011,mixed_oil_pressure_drop__overheating,1,3,420,1000,2.707772,-21.791086,23.980177,63.804777,78.762039,-0.129153,-0.000115,-0.038136,0.0,196.5
701,cruise,4113.292604,64.820652,43.340048,114.337107,246.45985,734.724526,25.267309,0.173426,9.865794,26.598033,1527.130348,mixed_oil_pressure_drop__overheating,1,3,420,1000,0.393839,-22.369556,24.182263,64.852238,81.811295,-0.162154,-0.000232,0.053471,0.0,196.495
702,cruise,4104.852244,68.262733,42.851305,114.426137,245.879876,743.426613,24.949181,0.161474,9.887155,27.623258,1555.637027,mixed_oil_pressure_drop__overheating,1,3,420,1000,2.648223,-22.03171,23.996518,65.600284,80.689888,-0.055198,-0.006473,0.163041,0.0,196.49
703,cruise,4084.730526,64.516213,42.43964,114.209385,246.251621,741.646333,25.434546,0.153874,9.831112,27.617007,1613.475626,mixed_oil_pressure_drop__overheating,1,3,420,1000,0.049212,-21.847692,24.80113,64.664346,81.147052,-0.154827,0.0002,-0.029375,0.0,196.485
704,cruise,4073.202897,64.413018,42.473281,114.68511,247.802729,739.413238,25.304736,0.165811,9.925655,26.63004,1762.895913,mixed_oil_pressure_drop__overheating,1,3,420,1000,0.784079,-22.534974,23.326827,64.544841,84.304464,0.526033,0.001624,-0.140329,0.0,196.48
705,cruise,4081.74695,66.348653,43.067901,114.711241,247.099332,740.269996,25.103866,0.162673,9.892386,27.025458,1485.350268,mixed_oil_pressure_drop__overheating,1,3,420,1000,0.689922,-21.821095,24.296372,65.780826,79.34586,0.051031,0.005797,0.038218,0.0,196.475
706,cruise,4071.356566,66.342882,43.211712,114.790394,246.684029,742.665186,25.090289,0.161347,9.695815,27.875897,1592.651723,mixed_oil_pressure_drop__overheating,1,3,420,1000,0.971477,-22.275871,24.226754,65.745867,83.282665,0.084702,-0.004276,0.154716,0.0,196.47
707,cruise,4080.690659,66.002488,42.554179,115.252129,247.850769,741.29638,24.998086,0.159811,9.659645,25.679654,1628.357965,mixed_oil_pressure_drop__overheating,1,3,420,1000,-2.919566,-21.853867,24.294904,64.503232,80.855452,-0.099683,0.003254,0.09677,0.0,196.465
708,cruise,4073.183973,65.237201,42.830137,113.077402,247.164126,741.576116,25.30942,0.159874,9.677571,28.451629,1651.814831,mixed_oil_pressure_drop__overheating,1,3,420,1000,-4.35037,-21.672587,24.24537,64.276188,79.231532,0.020149,0.004693,0.185628,0.0,196.46
709,cruise,4077.799948,65.071746,42.387951,114.357793,246.03527,741.075229,25.077942,0.169485,9.816412,26.498943,1735.969788,mixed_oil_pressure_drop__overheating,1,3,420,1000,2.679689,-21.862063,24.905269,65.01231,80.683484,-0.054643,-0.003417,-0.107962,0.0,196.455
710,cruise,4095.690151,65.836766,42.931674,113.795094,245.153536,743.936377,25.463666,0.161327,9.743509,27.031321,1864.410402,mixed_oil_pressure_drop__overheating,1,3,420,1000,-1.609215,-22.712911,24.144341,64.474863,80.120013,0.094219,0.004425,-0.035344,0.0,196.45
711,cruise,4076.403631,66.031058,42.730757,114.624333,245.666609,739.039055,25.258737,0.162864,9.667807,26.542826,1650.386529,mixed_oil_pressure_drop__overheating,1,3,420,1000,0.615558,-22.646734,24.220649,65.249031,79.239522,-0.294345,0.00762,-0.015992,0.0,196.445
712,cruise,4069.053225,64.143973,42.891438,114.101196,246.346447,738.875388,25.262093,0.166524,9.72955,26.328347,1708.809885,mixed_oil_pressure_drop__overheating,1,3,420,1000,-2.835199,-22.322914,23.66391,66.022211,77.945024,-0.027255,-0.005882,-0.000945,0.0,196.44
713,cruise,4074.790834,67.942676,42.781446,114.091604,246.398828,742.502257,25.097254,0.160342,9.93835,24.546493,1601.763508,mixed_oil_pressure_drop__overheating,1,3,420,1000,1.465614,-21.816313,22.873875,65.617857,80.775544,-0.087691,0.005953,0.035367,0.0,196.435
714,cruise,4076.382384,66.52853,43.136135,114.14671,245.557798,737.339889,25.169133,0.167318,10.291498,25.421046,1534.776777,mixed_oil_pressure_drop__overheating,1,3,420,1000,-4.260367,-21.838359,23.847835,65.509466,82.357502,0.091829,-0.001059,0.041437,0.0,196.43
715,cruise,4117.05818,65.188352,42.374435,113.591199,246.803498,735.180105,25.194528,0.16801,9.928134,25.762143,1684.931762,mixed_oil_pressure_drop__overheating,1,3,420,1000,-4.011498,-22.206273,23.730076,65.672254,77.929606,-0.014122,-0.001528,-0.054443,0.0,196.425
716,cruise,4073.284707,64.991318,42.321948,113.927775,245.483971,744.199007,25.66628,0.162068,10.005097,25.453792,1607.171578,mixed_oil_pressure_drop__overheating,1,3,420,1000,-2.626068,-22.189254,24.227471,64.634716,78.52448,0.190213,-0.001805,-0.002374,0.0,196.42
717,cruise,4097.429929,64.186679,41.574898,114.370108,245.306943,740.083603,25.531846,0.161085,9.804715,26.285277,1567.852129,mixed_oil_pressure_drop__overheating,1,3,420,1000,-1.061108,-22.384024,24.668386,64.698994,80.794757,0.020552,-0.004284,-0.020085,0.0,196.415
718,cruise,4120.527963,67.707925,43.382529,114.037215,246.081469,736.077054,25.218988,0.157394,9.782366,25.808433,1679.624681,mixed_oil_pressure_drop__overheating,1,3,420,1000,4.829853,-22.507574,24.073414,66.477191,81.129775,-0.133598,-0.002612,-0.009358,0.0,196.41
719,cruise,4109.74477,64.931319,42.970428,112.986726,247.281763,745.389876,25.029191,0.169107,9.732337,26.324211,1742.715238,mixed_oil_pressure_drop__overheating,1,3,420,1000,-3.139835,-22.156085,24.300243,66.813572,81.817653,-0.065241,0.005332,-0.006286,0.0,196.405
720,cruise,4078.715151,63.930195,42.822128,114.498464,245.481504,742.318669,25.321816,0.161164,9.723623,27.952135,1787.528342,mixed_oil_pressure_drop__overheating,1,3,420,1000,2.287524,-21.242226,23.710887,65.141582,82.97785,0.105895,0.0013,0.004762,0.0,196.4
721,cruise,4099.466656,62.924354,42.281937,114.026421,246.868505,739.621016,25.15759,0.157743,9.834355,25.82787,1752.530523,mixed_oil_pressure_drop__overheating,1,3,420,1000,3.363713,-21.855248,23.001633,63.856303,80.721999,-0.07499,-0.006434,0.038487,0.0,196.395
722,cruise,4113.87445,64.500908,42.96874,114.250508,245.769952,741.414917,25.190093,0.157341,9.621643,28.366572,1658.452653,mixed_oil_pressure_drop__overheating,1,3,420,1000,0.458183,-21.637967,23.490849,64.615836,78.962745,0.024332,-0.002497,-0.037494,0.0,196.39
723,cruise,4101.724665,65.321843,43.165707,114.659517,248.471704,738.054322,25.145137,0.16524,9.474485,26.976619,1612.103535,mixed_oil_pressure_drop__overheating,1,3,420,1000,-1.545675,-21.788897,23.459928,63.346627,80.312353,0.215853,-0.001114,-0.018889,0.0,196.385
724,cruise,4084.595093,66.225586,42.887025,113.721623,245.565405,740.332992,25.051112,0.173477,9.82838,27.837378,1554.289303,mixed_oil_pressure_drop__overheating,1,3,420,1000,-0.842644,-21.782014,23.095554,63.578833,79.313751,-0.136482,0.000359,0.105408,0.0,196.38
725,cruise,4058.187439,63.607168,42.660437,113.137333,246.338433,741.83064,25.299036,0.161823,9.896059,27.864272,1644.218011,mixed_oil_pressure_drop__overheating,1,3,420,1000,-3.129838,-22.991806,24.831369,65.326069,82.421692,-0.020189,0.005964,-0.044567,0.0,196.375
726,cruise,4095.054343,63.275952,42.712533,114.185697,246.037821,744.463504,25.312113,0.1605,9.955984,25.408802,1653.76614,mixed_oil_pressure_drop__overheating,1,3,420,1000,1.729424,-21.928046,25.279938,64.206284,80.687981,0.112267,0.005484,-0.004612,0.0,196.37
727,cruise,4083.510839,66.72362,43.274709,113.321107,246.021044,739.902802,25.188528,0.161726,10.175726,26.157009,1623.991629,mixed_oil_pressure_drop__overheating,1,3,420,1000,-0.114241,-22.060717,24.752107,64.32301,81.993732,0.195226,0.008787,0.063872,0.0,196.365
728,cruise,4071.68004,65.503891,42.9629,114.615293,245.60008,746.013892,24.925048,0.157144,9.983819,27.393417,1594.999461,mixed_oil_pressure_drop__overheating,1,3,420,1000,2.783968,-21.413859,24.379187,64.848332,80.175677,-0.090833,0.00176,-0.097421,0.0,196.36
729,cruise,4085.116494,66.088757,43.053439,114.794322,246.827673,742.014675,25.001589,0.168738,9.911324,27.305797,1582.551239,mixed_oil_pressure_drop__overheating,1,3,420,1000,-1.603505,-21.798712,24.009406,65.349125,81.423442,-0.04253,0.004094,-0.089807,0.0,196.355
730,cruise,4089.782071,63.990054,42.673191,115.090005,246.026541,737.473694,25.092696,0.16249,9.757696,26.787776,1641.677427,mixed_oil_pressure_drop__overheating,1,3,420,1000,-0.433796,-21.841878,23.946581,64.244704,78.767488,0.095918,0.001117,0.010008,0.0,196.35
731,cruise,4071.144181,64.240372,43.162086,114.132426,245.992451,743.438801,25.252681,0.166554,9.59564,23.653025,1681.565462,mixed_oil_pressure_drop__overheating,1,3,420,1000,-5.862623,-21.619327,24.397378,65.40921,76.225242,0.068322,0.001303,0.001572,0.0,196.345
732,cruise,4075.389884,65.508778,42.296351,114.103732,246.15123,743.148652,25.260529,0.152177,9.800198,27.083697,1490.029186,mixed_oil_pressure_drop__overheating,1,3,420,1000,1.391951,-21.755715,23.120542,64.807916,79.749566,-0.143167,0.002895,-0.004567,0.0,196.34
733,cruise,4107.747192,65.872239,42.909075,114.540495,246.482039,743.036386,25.078864,0.1704,9.909912,27.615148,1652.439888,mixed_oil_pressure_drop__overheating,1,3,420,1000,1.576912,-22.007298,24.600375,65.21724,79.104106,0.220266,0.001692,0.041596,0.0,196.335
734,cruise,4099.593815,65.282414,43.181591,113.370774,247.038287,742.361176,25.430945,0.154596,9.828714,27.426431,1734.413374,mixed_oil_pressure_drop__overheating,1,3,420,1000,-2.919479,-21.675154,24.525241,64.677216,79.974305,0.150003,0.000411,0.055619,0.0,196.33
735,cruise,4128.988258,64.455393,43.091714,113.965037,247.407531,744.581677,24.852757,0.163592,9.818426,26.267488,1746.235054,mixed_oil_pressure_drop__overheating,1,3,420,1000,3.629549,-22.218476,24.334567,63.824677,79.817398,0.200381,0.000412,0.006141,0.0,196.325
736,cruise,4083.089764,66.09917,43.208384,114.118687,246.805727,739.456884,25.000197,0.16556,9.718261,27.016796,1764.125198,mixed_oil_pressure_drop__overheating,1,3,420,1000,1.236146,-22.382827,24.167641,65.99261,81.842126,-0.022077,-0.002543,-0.069173,0.0,196.32
737,cruise,4081.57375,63.69928,42.494282,114.462509,245.732825,738.034442,24.957938,0.157485,9.751919,26.00996,1766.152784,mixed_oil_pressure_drop__overheating,1,3,420,1000,7.108107,-22.041697,24.407483,65.833005,79.483253,0.310687,0.003506,0.049712,0.0,196.315
738,cruise,4065.01869,64.875107,42.67973,114.018461,245.544935,739.213311,25.499983,0.153559,9.77512,28.110009,1691.439075,mixed_oil_pressure_drop__overheating,1,3,420,1000,3.124637,-22.141488,23.958894,64.816243,79.273936,0.240026,0.005427,-0.100874,0.0,196.31
739,cruise,4084.132804,64.973192,42.425658,114.712942,248.625269,743.725502,25.318354,0.167078,10.075722,25.34791,1774.067628,mixed_oil_pressure_drop__overheating,1,3,420,1000,3.166562,-22.483004,23.798604,65.609985,80.427856,0.071678,-0.009852,-0.051502,0.0,196.305
740,cruise,4060.326789,62.8863,42.619325,114.45172,248.117493,741.53831,25.481422,0.166689,9.748621,25.6489,1723.981128,mixed_oil_pressure_drop__overheating,1,3,420,1000,-0.084445,-21.86887,24.394196,66.194813,79.507818,-0.052884,0.001326,-0.072376,0.0,196.3
741,cruise,4075.587387,65.647367,42.451556,113.347672,248.410214,738.495067,25.252039,0.160646,10.145152,27.503585,1845.135378,mixed_oil_pressure_drop__overheating,1,3,420,1000,-0.626519,-22.011619,23.674516,66.054062,78.38927,0.016258,3.5e-05,0.049318,0.0,196.295
742,cruise,4087.452231,66.230898,43.088879,113.515026,245.656098,743.447861,25.106386,0.15464,9.713034,26.906758,1675.985609,mixed_oil_pressure_drop__overheating,1,3,420,1000,-1.421254,-21.904464,24.278574,63.974737,80.002556,0.015673,-0.00444,-0.045594,0.0,196.29
743,cruise,4081.541053,64.51583,43.630912,114.153649,246.898958,741.626013,25.255727,0.164365,10.065338,26.950678,1606.27349,mixed_oil_pressure_drop__overheating,1,3,420,1000,-3.061116,-22.134287,23.935429,64.502506,79.441768,0.186691,0.000988,0.030187,0.0,196.285
744,cruise,4082.056105,63.909333,43.047425,114.412222,246.730086,741.315774,24.744829,0.165,9.760209,28.421068,1706.1897,mixed_oil_pressure_drop__overheating,1,3,420,1000,0.357459,-22.400679,23.599753,64.853972,78.404933,-0.062866,0.003886,-0.015657,0.0,196.28
745,cruise,4044.930033,63.394732,41.953902,114.75451,246.98543,738.617717,25.126635,0.161007,9.932396,27.826291,1602.802685,mixed_oil_pressure_drop__overheating,1,3,420,1000,3.367413,-22.082464,24.092535,66.283727,80.128932,0.072552,0.002361,-0.015134,0.0,196.275
746,cruise,4067.042966,66.970927,42.510209,114.746141,247.122791,743.652953,25.123174,0.162046,9.635921,25.994922,1674.183058,mixed_oil_pressure_drop__overheating,1,3,420,1000,-1.529264,-22.124465,24.729267,65.098219,79.044293,0.049393,-0.003606,0.095957,0.0,196.27
747,cruise,4128.529147,65.585745,43.180136,113.989274,246.883648,742.429671,25.084022,0.166519,9.927656,26.496148,1654.38105,mixed_oil_pressure_drop__overheating,1,3,420,1000,-2.857744,-22.329624,22.9238,63.417878,77.966893,-0.224194,0.004275,0.023031,0.0,196.265
748,cruise,4048.852468,63.945329,42.547285,113.71761,246.096682,743.284523,25.247498,0.166706,9.802624,27.033954,1787.376915,mixed_oil_pressure_drop__overheating,1,3,420,1000,0.901546,-22.344387,23.766177,66.077705,78.996108,-0.070977,0.006982,-0.038436,0.0,196.26
749,cruise,4079.318606,66.531443,43.261478,115.383462,246.052613,736.360182,25.169507,0.165668,9.935237,27.08641,1804.692046,mixed_oil_pressure_drop__overheating,1,3,420,1000,1.746619,-21.384319,23.450735,65.772623,81.844649,0.03155,0.003313,0.046517,0.0,196.255
750,cruise,4101.610592,64.223541,42.852997,113.54526,245.785111,736.909573,24.986567,0.169424,9.75056,27.190027,1813.694794,mixed_oil_pressure_drop__overheating,1,3,420,1000,-0.926095,-22.820088,23.523045,64.685043,79.753196,0.170351,0.003125,-0.034956,0.0,196.25
751,cruise,4085.12329,65.151967,43.188574,114.002693,244.869268,742.761759,25.117306,0.1636,10.122132,26.628506,1631.364358,mixed_oil_pressure_drop__overheating,1,3,420,1000,1.356681,-21.789421,23.927984,64.410406,79.917378,0.196687,0.003186,-0.096428,0.0,196.245
752,cruise,4098.669839,65.634633,43.598198,113.691252,249.551843,739.765564,24.96889,0.156653,9.683422,25.515177,1621.183958,mixed_oil_pressure_drop__overheating,1,3,420,1000,-3.019048,-21.751092,23.567466,63.400708,80.689845,-0.20127,0.006907,-0.056846,0.0,196.24
753,cruise,4102.575562,64.184915,43.384105,114.089908,246.662021,739.228505,25.209005,0.166205,10.222933,27.451547,1812.251271,mixed_oil_pressure_drop__overheating,1,3,420,1000,-2.076118,-22.018334,23.488329,65.223313,79.488474,0.329452,-0.011464,-0.038461,0.0,196.235
754,cruise,4099.39968,64.462952,43.09226,113.072047,248.636679,739.174271,25.634677,0.154734,9.787109,27.970453,1632.439703,mixed_oil_pressure_drop__overheating,1,3,420,1000,-4.485727,-22.272048,23.963675,64.759394,79.850185,-0.132068,-0.000572,0.050467,0.0,196.23
755,cruise,4086.743945,65.106761,42.781803,113.426823,245.98937,741.661446,25.200202,0.158695,9.845034,26.491372,1598.787896,mixed_oil_pressure_drop__overheating,1,3,420,1000,-1.371387,-21.934019,23.414217,64.243671,81.132809,-0.267002,-0.001646,0.066411,0.0,196.225
756,cruise,4071.7562,63.741306,42.457908,114.718089,246.314554,739.175509,25.233863,0.161452,9.870375,25.716205,1746.230624,mixed_oil_pressure_drop__overheating,1,3,420,1000,3.104055,-21.575386,24.237796,65.849844,78.170571,-0.057819,-0.001763,-0.052504,0.0,196.22
757,cruise,4080.096051,64.984144,42.268874,113.058414,247.69332,744.535567,25.217067,0.168793,9.660885,28.566455,1717.710583,mixed_oil_pressure_drop__overheating,1,3,420,1000,-2.039003,-22.152968,23.19794,64.542702,80.836721,0.235148,-0.002422,-0.001523,0.0,196.215
758,cruise,4100.032174,65.850562,42.72703,114.923998,246.974884,741.713532,25.211004,0.163772,9.878505,25.02893,1710.114321,mixed_oil_pressure_drop__overheating,1,3,420,1000,0.878991,-22.397787,23.697485,65.70806,80.08791,-0.184328,-0.001641,0.093925,0.0,196.21
759,cruise,4088.113312,66.911692,42.476817,113.968683,245.785117,744.410838,25.283387,0.163902,9.837352,26.200712,1545.974085,mixed_oil_pressure_drop__overheating,1,3,420,1000,0.540746,-21.084003,24.350896,66.40679,78.296119,-0.076312,0.000689,-0.133845,0.0,196.205
760,cruise,4075.320753,64.631588,43.213713,114.416449,245.839385,741.434594,25.620266,0.169039,9.84065,25.949826,1713.31852,mixed_oil_pressure_drop__overheating,1,3,420,1000,-4.385674,-21.788098,23.69011,65.728387,76.503547,-0.055559,0.000583,-0.137465,0.0,196.2
761,cruise,4101.750413,64.395418,42.585984,114.256176,248.536649,734.910531,25.002023,0.154031,9.811541,26.302308,1838.992684,mixed_oil_pressure_drop__overheating,1,3,420,1000,-1.563627,-22.164243,24.302092,65.864351,81.189908,0.22323,0.004763,0.172906,0.0,196.195
762,cruise,4098.988471,65.828038,42.469167,113.753059,247.745986,743.031471,25.454639,0.163158,9.826006,27.852989,1564.177289,mixed_oil_pressure_drop__overheating,1,3,420,1000,4.332778,-22.162129,23.984008,64.957075,78.269995,0.106667,0.006711,-0.07236,0.0,196.19
763,cruise,4098.767524,65.986947,42.615495,113.61139,247.547758,744.321168,24.846366,0.148841,9.823488,26.615809,1688.362411,mixed_oil_pressure_drop__overheating,1,3,420,1000,3.264691,-21.355361,23.994318,64.891403,79.061929,-0.023259,0.007691,0.125161,0.0,196.185
764,cruise,4080.351736,66.394473,42.977474,114.361903,246.039189,746.74022,25.015538,0.169204,9.677769,26.330197,1888.627096,mixed_oil_pressure_drop__overheating,1,3,420,1000,-0.530324,-21.992586,24.312003,65.275683,82.003121,-0.060799,-0.001697,0.016876,0.0,196.18
765,cruise,4066.92031,64.626113,42.785414,114.078695,247.912227,746.155755,25.386778,0.163844,9.836859,28.304138,1541.04743,mixed_oil_pressure_drop__overheating,1,3,420,1000,-5.071281,-21.879995,23.73244,64.852666,81.567311,-0.119857,0.007381,0.038013,0.0,196.175
766,cruise,4089.509453,64.697236,42.503692,114.341293,246.932897,739.995371,25.289202,0.164165,10.157577,28.85293,1534.362976,mixed_oil_pressure_drop__overheating,1,3,420,1000,-0.280904,-21.182463,23.974934,64.65755,80.810233,-0.082244,0.004811,0.163298,0.0,196.17
767,cruise,4088.449151,65.938494,43.239027,113.645158,247.982572,739.668141,25.043213,0.160421,9.696787,25.978586,1614.677758,mixed_oil_pressure_drop__overheating,1,3,420,1000,-2.333094,-20.844216,23.610098,64.143355,77.443882,0.028536,0.011693,-0.087232,0.0,196.165
768,cruise,4078.435669,65.786541,42.239161,113.394255,245.913418,741.659612,25.266398,0.165566,9.819102,26.624676,1811.488692,mixed_oil_pressure_drop__overheating,1,3,420,1000,3.083381,-22.250354,24.568248,64.670798,78.014146,0.267295,0.005816,-0.120317,0.0,196.16
769,cruise,4106.346909,64.686401,42.612328,114.028816,246.280688,738.077288,24.978762,0.154331,9.767475,27.359431,1644.160518,mixed_oil_pressure_drop__overheating,1,3,420,1000,-3.124351,-21.607635,24.148734,66.860527,80.082434,0.255595,-0.002866,0.097353,0.0,196.155
770,cruise,4118.15102,65.176985,43.467019,114.033971,246.154305,738.86551,25.133464,0.165737,9.946039,26.298549,1551.936321,mixed_oil_pressure_drop__overheating,1,3,420,1000,5.265255,-22.171162,23.745488,66.02818,79.105221,-0.202745,-0.010934,-0.111162,0.0,196.15
771,cruise,4107.207468,63.715075,42.676999,114.25735,245.394976,743.981467,25.268414,0.161768,9.990406,26.619839,1793.847176,mixed_oil_pressure_drop__overheating,1,3,420,1000,1.867231,-22.026882,23.617022,65.249596,79.491724,-0.15,0.00765,-0.102715,0.0,196.145
772,cruise,4068.433116,66.923339,42.480459,113.574442,246.200826,737.895358,25.031215,0.158321,9.805857,24.323323,1706.513044,mixed_oil_pressure_drop__overheating,1,3,420,1000,0.775247,-21.674369,24.502818,64.703215,81.645869,0.033178,-8e-06,0.055257,0.0,196.14
773,cruise,4077.634203,63.436002,43.536326,113.726586,247.248749,743.252447,25.18606,0.164812,10.006568,26.620474,1852.201705,mixed_oil_pressure_drop__overheating,1,3,420,1000,-2.860449,-21.9093,23.825647,64.60357,81.635304,-0.006451,0.000341,0.127973,0.0,196.135
774,cruise,4121.426434,63.117026,43.289774,114.674447,246.910596,747.111664,25.689517,0.164478,9.958334,26.283559,1661.290085,mixed_oil_pressure_drop__overheating,1,3,420,1000,1.064759,-21.757888,24.10721,65.118114,80.382613,0.044385,0.001932,-0.120776,0.0,196.13
775,cruise,4061.629977,64.363252,43.980752,114.731903,245.382028,740.90708,25.274957,0.176112,9.870235,25.320092,1799.365482,mixed_oil_pressure_drop__overheating,1,3,420,1000,0.980079,-21.232142,23.822667,65.133567,83.006475,-0.025712,-0.001855,-0.022789,0.0,196.125
776,cruise,4097.263293,65.58266,41.953565,114.588372,247.329063,735.503713,24.954563,0.165338,9.804545,27.726296,1687.659443,mixed_oil_pressure_drop__overheating,1,3,420,1000,-3.03178,-21.719463,23.816997,63.896267,80.360913,-0.265371,0.001197,0.022844,0.0,196.12
777,cruise,4116.618243,64.389912,42.728721,114.065163,244.823291,739.039965,25.130758,0.161577,9.689349,27.340249,1676.441901,mixed_oil_pressure_drop__overheating,1,3,420,1000,1.121994,-22.061747,23.511564,64.507135,78.521749,0.408446,-0.002572,0.114984,0.0,196.115
778,cruise,4088.832622,66.329341,43.524123,113.489402,247.221229,739.297899,24.932611,0.164448,9.899321,26.328065,1723.978303,mixed_oil_pressure_drop__overheating,1,3,420,1000,-6.11928,-22.037413,23.903357,63.90559,79.749766,-0.135338,0.005135,-0.073592,0.0,196.11
779,cruise,4097.7731,63.492212,43.444861,114.716773,247.528591,741.827768,25.027209,0.153219,9.84077,25.674965,1628.181458,mixed_oil_pressure_drop__overheating,1,3,420,1000,-2.891861,-22.076854,24.077464,65.247598,80.084141,0.038751,0.004581,-0.168544,0.0,196.105
780,cruise,4062.880591,64.586727,42.530217,113.913738,247.082866,742.272468,25.141622,0.161806,10.006161,25.221216,1642.531799,mixed_oil_pressure_drop__overheating,1,3,420,1000,-5.306237,-22.10542,24.644936,66.453813,80.466277,-0.185646,0.00464,0.03386,0.0,196.1
781,cruise,4109.838284,64.29647,43.431594,113.80114,247.183132,741.557992,25.138198,0.16483,9.574625,26.326893,1629.498924,mixed_oil_pressure_drop__overheating,1,3,420,1000,-1.92544,-22.392174,24.581672,65.301351,83.464791,0.02645,0.014617,-0.028998,0.0,196.095
782,cruise,4127.258137,65.314561,43.189731,114.352316,246.736989,740.432256,25.01627,0.16225,9.901297,26.951229,1644.160627,mixed_oil_pressure_drop__overheating,1,3,420,1000,5.618076,-21.246428,24.744896,64.297762,76.899568,-0.019723,0.014177,0.119286,0.0,196.09
783,cruise,4091.387157,66.684813,42.731446,113.772681,245.878644,740.225138,25.421739,0.160792,9.655767,27.349576,1785.915005,mixed_oil_pressure_drop__overheating,1,3,420,1000,-7.069395,-21.953487,23.828354,65.753213,79.92116,-0.104854,-0.007441,0.169888,0.0,196.085
784,cruise,4072.033708,66.165711,42.37141,113.918487,248.38329,738.228338,25.109084,0.152939,10.087478,26.729725,1766.543809,mixed_oil_pressure_drop__overheating,1,3,420,1000,-0.431708,-22.154172,24.655486,64.075086,82.215282,-0.051706,0.002253,0.008294,0.0,196.08
785,cruise,4104.142032,67.271063,42.393802,114.190529,245.955922,740.061584,25.283197,0.161261,9.668395,27.645655,1688.22694,mixed_oil_pressure_drop__overheating,1,3,420,1000,2.590354,-21.3996,24.743614,66.15335,82.451289,-0.023264,0.00261,0.060449,0.0,196.075
786,cruise,4141.696274,64.35487,42.825716,114.528811,247.425677,741.788759,25.098965,0.163935,9.652256,26.215051,1545.909882,mixed_oil_pressure_drop__overheating,1,3,420,1000,-0.211505,-22.54732,23.780689,64.127787,78.007937,0.153902,-0.003417,0.13138,0.0,196.07
787,cruise,4103.762538,62.807442,42.818113,114.146568,248.007955,735.464565,25.204545,0.161348,9.920198,26.376178,1749.929567,mixed_oil_pressure_drop__overheating,1,3,420,1000,0.062186,-21.243025,24.992355,64.899769,78.33105,-0.011964,-0.001045,0.072334,0.0,196.065
788,cruise,4062.946504,64.718046,42.288888,114.058269,247.475224,738.149956,25.298291,0.154626,9.833481,26.857417,1620.217003,mixed_oil_pressure_drop__overheating,1,3,420,1000,0.67032,-21.895115,23.918622,64.429548,79.824229,-0.201639,-0.005528,0.162872,0.0,196.06
789,cruise,4084.64592,64.067762,42.936813,114.755062,248.029817,741.810807,25.262123,0.160972,9.543451,28.098023,1705.177777,mixed_oil_pressure_drop__overheating,1,3,420,1000,-0.051159,-21.851944,23.797308,64.445658,79.900676,-0.204751,0.000508,-0.005873,0.0,196.055
790,cruise,4082.390951,64.175102,42.222888,114.507327,248.248061,736.84793,24.877803,0.167932,9.767404,26.662201,1553.310614,mixed_oil_pressure_drop__overheating,1,3,420,1000,-2.660306,-21.906271,24.577359,64.64855,81.460887,0.099311,0.000582,0.068271,0.0,196.05
791,cruise,4102.372564,65.671431,43.01924,114.339365,243.907098,745.446797,25.383705,0.156391,9.568913,24.758184,1789.740036,mixed_oil_pressure_drop__overheating,1,3,420,1000,1.166445,-22.238436,24.461117,65.933461,84.011986,-0.020667,0.000864,0.178659,0.0,196.045
792,cruise,4093.747179,63.067413,42.419327,113.128185,247.008564,740.653629,25.184478,0.159617,9.915321,27.618692,1670.438191,mixed_oil_pressure_drop__overheating,1,3,420,1000,-0.733937,-21.810574,23.846594,63.769927,80.326872,-0.056337,0.00048,-0.064448,0.0,196.04
793,cruise,4105.15339,64.655228,42.07735,114.413779,247.202075,741.36355,24.888926,0.163689,9.977959,25.526872,1738.389632,mixed_oil_pressure_drop__overheating,1,3,420,1000,-3.281691,-22.164452,23.807976,65.606637,80.259299,-0.075687,-0.005584,-0.046572,0.0,196.035
794,cruise,4079.257426,64.747572,43.035111,114.013106,244.247863,736.338015,25.640384,0.166888,9.883328,27.365156,1716.641172,mixed_oil_pressure_drop__overheating,1,3,420,1000,2.781327,-22.089303,23.488237,64.228368,79.945335,-0.004658,-0.012969,0.038763,0.0,196.03
795,cruise,4075.195834,64.960371,42.328038,114.263979,244.58494,739.759614,25.109782,0.160171,9.831605,27.321367,1592.341142,mixed_oil_pressure_drop__overheating,1,3,420,1000,3.316386,-21.448389,24.619112,65.188572,80.420858,-0.204465,-0.001891,0.027476,0.0,196.025
796,cruise,4059.080017,67.33731,42.629862,114.617228,247.314472,743.977189,25.183922,0.166819,9.962152,27.485752,1607.674011,mixed_oil_pressure_drop__overheating,1,3,420,1000,0.919152,-22.431111,23.802208,65.713278,77.055174,0.170335,0.002601,0.011244,0.0,196.02
797,cruise,4095.939429,64.18215,42.76361,114.508492,247.886934,744.831801,25.078057,0.163896,10.01351,27.722083,1423.15524,mixed_oil_pressure_drop__overheating,1,3,420,1000,0.645652,-21.489529,23.388072,63.396605,84.076719,-0.013243,-0.005647,0.126676,0.0,196.015
798,cruise,4083.056695,65.487294,42.726259,115.123563,248.593294,738.687184,25.327532,0.164155,9.755689,26.129351,1644.716221,mixed_oil_pressure_drop__overheating,1,3,420,1000,-5.788763,-21.662775,23.906048,66.257446,80.255312,0.071711,0.003858,0.127924,0.0,196.01
799,cruise,4104.55506,66.118785,42.851738,114.059665,245.426626,736.420248,24.947574,0.154217,9.759274,26.836722,1662.748464,mixed_oil_pressure_drop__overheating,1,3,420,1000,-3.451311,-21.962594,23.788696,65.267233,81.797976,-0.23096,0.005459,-0.00053,0.0,196.005
800,descent,3792.770616,42.537748,42.613429,115.066388,236.98809,694.938272,22.167358,0.171017,6.869625,27.584921,1752.527805,mixed_oil_pressure_drop__overheating,1,3,420,1000,0.954634,-22.029761,23.150049,66.198816,78.73218,0.171993,-0.002374,-0.144574,0.0,196.0
801,descent,3800.806895,45.211957,42.583479,114.45257,237.035587,693.963566,22.119668,0.16204,6.8,27.804126,1644.764103,mixed_oil_pressure_drop__overheating,1,3,420,1000,1.806362,-21.59884,23.972263,64.814509,77.862172,-0.116564,0.002757,0.074995,0.0,195.995
802,descent,3790.855312,45.485349,42.894784,114.037304,236.366256,693.169193,21.829024,0.163459,6.980101,25.747516,1562.332165,mixed_oil_pressure_drop__overheating,1,3,420,1000,-0.274851,-22.18341,23.411667,63.911449,80.644149,-0.099157,0.002985,0.02492,0.0,195.99
803,descent,3764.107644,45.265219,42.90385,114.143321,237.581618,695.391363,22.024531,0.153272,6.941785,27.483533,1634.974449,mixed_oil_pressure_drop__overheating,1,3,420,1000,2.508469,-21.801049,24.170184,65.052039,76.052364,0.187251,-0.004053,-0.00929,0.0,195.985
804,descent,3776.53855,46.803974,43.659923,114.533395,234.748401,689.140998,22.399253,0.179411,6.812945,26.351669,1391.666156,mixed_oil_pressure_drop__overheating,1,3,420,1000,3.550565,-22.251133,24.012253,65.397992,78.767592,-0.0963,-0.004485,-0.04884,0.0,195.98
805,descent,3799.395619,44.760439,42.47174,113.987281,237.669921,692.390221,22.002102,0.164541,6.955941,25.12151,1648.412904,mixed_oil_pressure_drop__overheating,1,3,420,1000,-2.672957,-22.368827,23.116531,63.9862,80.279898,-0.025901,0.000594,-0.007161,0.0,195.975
806,descent,3810.953907,45.130779,43.198699,113.736611,238.313605,691.15763,22.168826,0.15935,6.8,27.178243,1583.644398,mixed_oil_pressure_drop__overheating,1,3,420,1000,5.838664,-21.941792,23.638975,64.140159,80.134586,0.016292,-0.005583,-0.077998,0.0,195.97
807,descent,3795.08971,43.759656,42.335646,114.104749,237.419554,696.772351,22.065599,0.170262,6.931558,25.895726,1673.424666,mixed_oil_pressure_drop__overheating,1,3,420,1000,1.499574,-21.00076,24.004448,65.789994,81.470512,-0.113805,-0.009858,0.014893,0.0,195.965
808,descent,3763.230614,42.398222,43.181807,114.289547,238.452882,690.340971,22.2828,0.16796,6.8,26.308177,1803.85822,mixed_oil_pressure_drop__overheating,1,3,420,1000,2.848052,-22.222948,23.475851,66.815349,79.408128,0.250807,-0.005758,-0.024214,0.0,195.96
809,descent,3769.766023,44.864678,42.561474,113.751036,239.416655,690.965615,21.869111,0.162434,6.803727,27.481127,1651.669171,mixed_oil_pressure_drop__overheating,1,3,420,1000,-1.263073,-21.763163,24.17558,64.644698,81.619709,-0.010206,0.001125,0.05103,0.0,195.955
810,descent,3795.443838,43.818417,43.319777,115.28105,233.553348,691.068441,22.061211,0.169897,6.8,26.518927,1845.900948,mixed_oil_pressure_drop__overheating,1,3,420,1000,-0.746481,-22.087931,23.714302,64.663184,80.572839,-0.335305,-0.00662,-0.070106,0.0,195.95
811,descent,3792.27754,45.107295,43.027693,114.587936,236.939877,688.790626,22.036454,0.168923,6.8,26.363345,1667.13768,mixed_oil_pressure_drop__overheating,1,3,420,1000,1.30909,-21.998541,23.776923,64.665475,80.220802,-0.040317,0.000284,0.039033,0.0,195.945
812,descent,3796.637645,47.117747,42.247691,115.01366,236.303637,699.640164,21.93992,0.164396,6.847693,26.019838,1806.886416,mixed_oil_pressure_drop__overheating,1,3,420,1000,4.368281,-22.233318,24.312208,64.319197,81.74986,0.090764,0.001476,-0.043945,0.0,195.94
813,descent,3783.536177,43.636938,42.362178,114.876627,236.675555,690.447681,22.266698,0.15588,6.962868,27.144637,1631.442251,mixed_oil_pressure_drop__overheating,1,3,420,1000,-3.325428,-21.829194,24.170051,63.930526,78.325082,-0.176393,-0.000115,-0.046609,0.0,195.935
814,descent,3817.010535,46.102349,42.824293,113.65933,235.854922,690.854175,22.211436,0.162639,6.8,28.027481,1571.211207,mixed_oil_pressure_drop__overheating,1,3,420,1000,-3.130684,-21.904658,24.288606,64.817297,78.877121,0.009647,0.002549,-0.054165,0.0,195.93
815,descent,3808.020685,46.485121,42.874133,115.473783,237.480038,695.807252,22.080883,0.169398,7.073385,26.693315,1749.58348,mixed_oil_pressure_drop__overheating,1,3,420,1000,-0.258723,-21.010875,24.073462,65.655705,79.564828,-0.131893,-0.004145,0.020408,0.0,195.925
816,descent,3790.021413,45.406958,42.295378,114.549921,236.561497,693.768921,22.095121,0.160005,6.8,27.774835,1664.609847,mixed_oil_pressure_drop__overheating,1,3,420,1000,-2.302449,-21.828375,23.531313,62.970833,82.229974,-0.17298,-0.007392,-0.099087,0.0,195.92
817,descent,3763.181552,46.381357,42.672779,114.527839,238.826262,691.153084,22.153599,0.159434,6.8,26.452863,1639.966681,mixed_oil_pressure_drop__overheating,1,3,420,1000,-4.13015,-21.648159,24.031576,64.618039,80.103021,0.209185,0.005914,0.130936,0.0,195.915
818,descent,3756.066028,44.895873,43.290813,115.050273,237.183639,692.139844,22.065115,0.153684,6.8,25.93591,1730.676857,mixed_oil_pressure_drop__overheating,1,3,420,1000,0.036961,-21.514162,23.942239,66.09759,76.583383,0.102979,-0.001189,0.015387,0.0,195.91
819,descent,3811.770111,43.726849,42.844487,114.154225,237.954549,694.492582,22.208112,0.161541,6.8,27.66431,1598.337409,mixed_oil_pressure_drop__overheating,1,3,420,1000,4.507129,-21.324702,24.186412,65.297136,79.25137,0.037932,0.008028,0.055733,0.0,195.905
820,descent,3759.162095,43.620314,42.848292,113.389137,237.00699,688.111139,22.229068,0.165364,6.993842,25.686035,1598.86013,mixed_oil_pressure_drop__overheating,1,3,420,1000,-0.023635,-21.863789,24.957637,65.821009,79.504273,0.291663,0.002437,-0.096772,0.0,195.9
821,descent,3780.872088,45.634938,41.714592,113.840884,237.102747,690.268231,21.731177,0.158635,6.828675,27.941549,1768.878086,mixed_oil_pressure_drop__overheating,1,3,420,1000,-2.454868,-21.662472,23.758067,64.843446,80.443657,0.037146,-0.0037,0.080704,0.0,195.895
822,descent,3805.66662,47.671975,42.944804,114.329494,235.954752,688.284676,22.479926,0.166221,6.804081,27.493156,1449.366007,mixed_oil_pressure_drop__overheating,1,3,420,1000,0.045183,-22.288333,24.751067,65.525983,79.407078,-0.101892,0.007127,0.087507,0.0,195.89
823,descent,3791.649122,46.638104,42.710229,113.918646,237.069158,686.022649,21.836236,0.161864,6.883877,27.18145,1738.800329,mixed_oil_pressure_drop__overheating,1,3,420,1000,-1.978897,-22.770192,24.577424,65.057158,80.733748,-0.161633,0.000527,-0.067574,0.0,195.885
824,descent,3793.267633,44.854789,42.881989,114.149478,236.286102,686.755252,21.926883,0.169737,6.943392,26.341739,1576.209912,mixed_oil_pressure_drop__overheating,1,3,420,1000,1.30428,-21.329977,23.942106,64.95594,78.477947,0.040669,-0.003252,0.05632,0.0,195.88
825,descent,3816.046961,43.461694,42.733585,114.463424,237.982209,695.326311,22.263254,0.171547,6.88378,26.502079,1629.445935,mixed_oil_pressure_drop__overheating,1,3,420,1000,1.224496,-22.047815,24.260035,65.488894,79.149657,0.090582,0.000408,0.061434,0.0,195.875
826,descent,3790.00536,46.126909,42.24201,113.38884,237.110803,691.326928,22.286355,0.167654,6.917073,25.294812,1593.48856,mixed_oil_pressure_drop__overheating,1,3,420,1000,0.13775,-22.103886,24.362704,64.18453,80.569677,0.137381,0.00431,-0.016914,0.0,195.87
827,descent,3789.794079,44.289468,43.199648,114.714733,237.568925,694.71223,22.101138,0.151243,6.87785,26.937737,1782.781188,mixed_oil_pressure_drop__overheating,1,3,420,1000,-5.605332,-22.123621,24.083938,64.313972,80.573044,-0.226229,-0.00164,-0.027569,0.0,195.865
828,descent,3768.31754,44.267724,43.131972,113.603104,236.163835,689.436174,21.980639,0.16143,6.8,26.707931,1681.330906,mixed_oil_pressure_drop__overheating,1,3,420,1000,0.549546,-22.661561,24.85428,62.826822,79.085171,-0.151347,0.004469,-0.076078,0.0,195.86
829,descent,3800.178777,44.128972,43.35697,114.526235,238.516495,693.127475,21.951127,0.161746,7.079458,26.251045,1572.202775,mixed_oil_pressure_drop__overheating,1,3,420,1000,-3.740555,-22.774651,23.769836,66.609869,78.651955,0.060576,-0.004446,-0.004052,0.0,195.855
830,descent,3773.351091,46.088814,42.811167,113.592782,235.138173,687.85069,22.033542,0.159829,7.108785,27.390641,1808.298531,mixed_oil_pressure_drop__overheating,1,3,420,1000,-5.987783,-22.331626,24.515412,64.960368,80.809983,0.100971,-0.004795,-0.041781,0.0,195.85
831,descent,3812.941213,43.415993,42.681053,113.716386,235.15846,695.684948,22.307659,0.163445,6.8,26.327041,1528.62626,mixed_oil_pressure_drop__overheating,1,3,420,1000,1.191309,-22.177833,23.501097,64.180802,80.296583,-0.087821,-0.009545,0.033376,0.0,195.845
832,descent,3759.873361,44.495148,42.284008,114.365861,235.424889,694.085883,22.31071,0.156756,6.992606,26.84746,1594.469836,mixed_oil_pressure_drop__overheating,1,3,420,1000,3.367758,-21.983122,24.189369,65.377801,76.777028,0.043893,-0.000813,-0.106991,0.0,195.84
833,descent,3832.6688,46.15017,42.912619,113.904351,237.844866,687.621887,21.892748,0.162987,6.944487,25.850462,1498.413736,mixed_oil_pressure_drop__overheating,1,3,420,1000,2.415994,-21.854082,23.670399,64.283814,82.280116,-0.154749,0.007041,0.113825,0.0,195.835
834,descent,3813.644767,45.0017,42.727194,113.684497,236.26509,690.241736,22.026422,0.162487,6.8,24.8961,1633.216042,mixed_oil_pressure_drop__overheating,1,3,420,1000,4.222269,-21.798287,23.487908,64.72366,77.502667,-0.312345,0.005629,-0.03697,0.0,195.83
835,descent,3774.190222,43.947038,42.719979,113.586651,237.707263,689.928376,21.910607,0.165926,6.864898,26.349259,1661.41949,mixed_oil_pressure_drop__overheating,1,3,420,1000,3.256745,-22.305985,23.876971,66.130562,78.295052,0.096179,-0.002952,0.16109,0.0,195.825
836,descent,3761.143221,45.639751,42.702122,113.095288,236.587992,691.88699,21.971454,0.158746,6.8,27.052988,1643.080809,mixed_oil_pressure_drop__overheating,1,3,420,1000,-0.085596,-22.412558,23.908956,64.490902,78.33072,-0.116385,-0.002878,0.032221,0.0,195.82
837,descent,3773.474608,45.132934,42.633064,114.227776,237.269195,688.606699,22.243451,0.160973,6.876726,25.33291,1654.560567,mixed_oil_pressure_drop__overheating,1,3,420,1000,6.524967,-22.150231,25.240318,65.935566,78.920426,0.12846,-0.00727,0.017914,0.0,195.815
838,descent,3804.319466,47.121547,43.032371,113.928509,236.897207,689.780326,22.251265,0.152454,6.8,27.298723,1697.595817,mixed_oil_pressure_drop__overheating,1,3,420,1000,-0.147968,-22.134574,23.963843,64.459672,80.666624,-0.258623,-0.00504,-0.084652,0.0,195.81
839,descent,3799.592543,45.781936,43.419291,114.177693,236.846965,687.242533,21.97911,0.159388,6.8,27.319831,1602.914769,mixed_oil_pressure_drop__overheating,1,3,420,1000,3.908636,-22.26748,24.339385,65.24643,80.54888,0.025522,0.006477,0.062082,0.0,195.805
840,descent,3778.634231,44.006053,42.704811,113.466156,237.199099,691.193209,22.175042,0.160244,6.900007,28.061187,1866.971141,mixed_oil_pressure_drop__overheating,1,3,420,1000,-0.542382,-22.548425,24.314699,65.0626,80.48564,0.125268,-0.007456,0.069679,0.0,195.8
841,descent,3810.91497,43.958128,42.895835,114.002396,235.316479,685.820826,22.081319,0.164569,7.242543,25.769334,1584.558535,mixed_oil_pressure_drop__overheating,1,3,420,1000,-2.754552,-21.675133,24.53363,64.365582,80.285086,0.060715,0.006181,-0.072289,0.0,195.795
842,descent,3765.005552,44.480337,43.213313,113.898769,238.255402,692.118772,22.230797,0.164524,6.98784,25.480907,1597.73863,mixed_oil_pressure_drop__overheating,1,3,420,1000,2.920682,-22.700301,24.263806,66.298977,81.89996,-0.003856,-0.003769,-0.065655,0.0,195.79
843,descent,3767.719237,44.307678,43.352075,114.716476,235.011515,687.086865,22.086464,0.170864,6.920269,26.335826,1635.513489,mixed_oil_pressure_drop__overheating,1,3,420,1000,-3.113229,-21.777884,24.441061,64.938105,80.405458,-0.026992,-0.001105,-0.117804,0.0,195.785
844,descent,3794.578673,44.699923,43.108433,114.092035,236.783657,693.010309,22.160204,0.157025,6.847602,27.179849,1731.190507,mixed_oil_pressure_drop__overheating,1,3,420,1000,-0.085572,-22.457122,23.627488,65.500252,79.853233,0.292958,0.004207,-0.010965,0.0,195.78
845,descent,3760.193387,45.607481,42.492571,114.120444,235.964129,695.387791,22.124782,0.166692,6.906958,26.576607,1688.957604,mixed_oil_pressure_drop__overheating,1,3,420,1000,-0.053471,-22.946951,23.83603,64.042884,78.239979,0.036638,0.000422,0.132073,0.0,195.775
846,descent,3802.301808,44.911813,42.846922,114.64158,237.106387,690.796694,22.320832,0.153861,6.8,28.472929,1529.24453,mixed_oil_pressure_drop__overheating,1,3,420,1000,-0.584154,-22.468628,23.724912,64.477664,81.162617,-0.093774,-0.006799,-0.142379,0.0,195.77
847,descent,3786.257399,44.335112,43.028323,114.98709,237.301525,690.610714,21.875886,0.164714,6.914652,26.907851,1556.790372,mixed_oil_pressure_drop__overheating,1,3,420,1000,2.659509,-22.062439,23.329266,65.680999,80.368764,-0.165095,0.002489,0.083948,0.0,195.765
848,descent,3787.972078,46.862631,42.709319,115.298041,237.616703,687.878395,22.11746,0.163796,6.8,24.735104,1734.393572,mixed_oil_pressure_drop__overheating,1,3,420,1000,-0.81419,-21.495684,23.177042,63.633287,77.257702,0.254398,0.001848,0.097937,0.0,195.76
849,descent,3780.178039,45.397244,43.006094,113.885467,237.286333,689.679643,22.118779,0.160522,6.867111,27.596454,1699.951835,mixed_oil_pressure_drop__overheating,1,3,420,1000,1.47977,-22.106066,23.830963,63.844416,80.650898,0.095286,0.013009,-0.000311,0.0,195.755
850,descent,3796.384097,45.592953,41.376414,113.996733,237.559499,693.382241,21.89042,0.160235,6.8,26.137291,1634.633571,mixed_oil_pressure_drop__overheating,1,3,420,1000,-0.786893,-21.941099,23.842495,64.008599,83.108585,-0.131306,0.000708,-0.014453,0.0,195.75
851,descent,3777.17883,45.194713,43.211735,114.260084,237.853445,685.821014,22.461854,0.166536,7.387702,28.083206,1646.576016,mixed_oil_pressure_drop__overheating,1,3,420,1000,2.809679,-22.180723,23.777786,64.410061,79.206916,-0.157218,-0.001511,-0.124815,0.0,195.745
852,descent,3796.484401,44.721524,42.461383,114.624162,236.56986,690.705596,21.972097,0.163147,6.816043,25.405827,1544.917245,mixed_oil_pressure_drop__overheating,1,3,420,1000,4.995807,-22.451561,23.872269,62.76536,81.284761,0.135306,0.002603,0.045667,0.0,195.74
853,descent,3761.663931,45.742083,42.873608,114.140324,235.532563,693.061964,22.16875,0.15833,6.866435,25.94951,1665.954491,mixed_oil_pressure_drop__overheating,1,3,420,1000,2.001316,-22.379707,24.178024,63.615142,81.96483,0.099454,0.002435,-0.062778,0.0,195.735
854,descent,3806.766065,42.957586,42.779744,114.248075,234.807808,684.912989,22.335069,0.156087,7.050979,25.018242,1647.091343,mixed_oil_pressure_drop__overheating,1,3,420,1000,-4.137679,-21.867165,24.465047,65.830322,78.825873,-0.127585,-0.00159,-0.009722,0.0,195.73
855,descent,3785.930171,47.665114,43.138475,114.263932,235.866389,695.156689,21.910554,0.163207,7.125893,29.459797,1487.17414,mixed_oil_pressure_drop__overheating,1,3,420,1000,-0.755278,-21.662149,23.411248,64.85496,81.956491,0.086596,-0.003895,-0.005835,0.0,195.725
856,descent,3826.212812,43.389498,43.207926,114.763458,236.772428,698.289579,21.963235,0.168502,6.803682,27.670126,1654.64923,mixed_oil_pressure_drop__overheating,1,3,420,1000,-2.55203,-21.625909,23.048721,65.214137,81.181135,0.027759,-0.006654,0.023178,0.0,195.72
857,descent,3781.378756,42.739812,43.162126,112.958553,238.110637,692.044968,22.574271,0.157089,6.8,26.305009,1729.956152,mixed_oil_pressure_drop__overheating,1,3,420,1000,-0.190862,-22.227524,22.684758,64.441691,81.034914,-0.053695,0.005132,-0.031757,0.0,195.715
858,descent,3796.781315,45.389237,42.710259,114.521804,237.185033,687.613288,21.909092,0.169226,6.8,27.060635,1577.655768,mixed_oil_pressure_drop__overheating,1,3,420,1000,-2.000096,-21.838781,24.011835,64.833445,79.76954,-0.127071,-0.002255,-0.114877,0.0,195.71
859,descent,3790.362377,42.356229,42.133316,112.861144,235.209256,691.528805,22.447433,0.164142,6.880289,26.737477,1622.859309,mixed_oil_pressure_drop__overheating,1,3,420,1000,-0.655226,-21.751029,24.504335,64.781227,79.829261,-0.279513,0.000871,0.093176,0.0,195.705
860,descent,3788.186554,45.537469,43.088229,114.324757,237.155548,688.598222,22.36729,0.162464,6.884015,27.36092,1613.143088,mixed_oil_pressure_drop__overheating,1,3,420,1000,1.994867,-22.035744,24.310548,64.184646,80.186028,0.130966,-0.008659,-0.003253,0.0,195.7
861,descent,3788.964432,46.712762,43.019198,113.600048,236.181328,692.488831,22.155379,0.156023,6.853448,26.402386,1565.12246,mixed_oil_pressure_drop__overheating,1,3,420,1000,1.928453,-21.659173,23.46688,64.186004,80.766213,-0.001983,0.008475,-0.093548,0.0,195.695
862,descent,3787.697009,45.124902,42.612422,115.66433,239.077317,686.515726,22.131027,0.155682,6.8,25.87455,1642.002942,mixed_oil_pressure_drop__overheating,1,3,420,1000,0.036079,-21.765543,23.951859,63.887865,81.348829,-0.139431,-0.002901,-0.149565,0.0,195.69
863,descent,3803.132342,45.847741,43.665078,113.325485,238.020262,688.385851,22.227543,0.167645,6.832747,25.452197,1669.958334,mixed_oil_pressure_drop__overheating,1,3,420,1000,-0.768183,-21.019762,23.732339,64.953382,81.243954,-0.027066,-0.001821,-0.082762,0.0,195.685
864,descent,3772.583948,45.400734,42.652587,113.061139,235.802404,691.785726,22.237939,0.161653,6.875113,28.804533,1722.662189,mixed_oil_pressure_drop__overheating,1,3,420,1000,-0.408456,-21.885327,24.570764,65.608097,79.924406,0.289032,0.003882,-0.066846,0.0,195.68
865,descent,3769.023169,45.877192,42.541508,114.053879,237.610987,693.639567,22.231377,0.163951,6.8,25.827598,1699.741215,mixed_oil_pressure_drop__overheating,1,3,420,1000,4.453747,-21.678985,23.320172,65.032297,81.198708,-0.017302,0.004344,-0.04616,0.0,195.675
866,descent,3802.852749,44.721127,42.640721,113.863259,233.410407,688.168562,22.188373,0.156899,6.919403,26.7785,1581.336107,mixed_oil_pressure_drop__overheating,1,3,420,1000,-2.55681,-22.635323,24.209525,66.143544,81.265448,0.046263,-0.001794,0.052641,0.0,195.67
867,descent,3773.807068,45.861535,42.729503,115.464117,236.196754,691.902628,22.345905,0.15821,6.975889,27.896953,1700.409972,mixed_oil_pressure_drop__overheating,1,3,420,1000,-6.273254,-21.966317,23.490659,64.303874,79.346823,-0.068798,-0.005277,0.109467,0.0,195.665
868,descent,3765.562625,45.261066,41.860094,115.171558,236.009837,690.591757,22.097864,0.164215,6.8,27.053233,1701.850577,mixed_oil_pressure_drop__overheating,1,3,420,1000,-1.605003,-22.460529,23.928595,64.779623,80.978445,0.18298,0.002641,0.06087,0.0,195.66
869,descent,3802.902489,45.828466,42.683905,114.858218,235.242004,690.784788,22.104785,0.167537,6.874799,25.631122,1610.541663,mixed_oil_pressure_drop__overheating,1,3,420,1000,6.378255,-22.205406,23.877531,65.640258,80.609112,-0.178096,-0.004798,-0.06203,0.0,195.655
870,descent,3769.814918,45.520131,41.964419,113.662097,235.872813,693.626784,22.09887,0.167251,6.8,25.990237,1519.435067,mixed_oil_pressure_drop__overheating,1,3,420,1000,1.710652,-22.124232,23.938197,65.754426,81.671697,0.137357,-0.010335,-0.080808,0.0,195.65
871,descent,3790.918302,42.970378,42.558752,114.273865,236.918683,692.635637,22.169673,0.157312,7.002895,26.648851,1689.181271,mixed_oil_pressure_drop__overheating,1,3,420,1000,1.152006,-22.366562,23.839203,64.371269,80.772315,0.191443,0.002242,0.000638,0.0,195.645
872,descent,3791.497496,46.075939,43.048112,114.203023,236.665846,694.980037,22.297201,0.162175,6.966093,27.195935,1694.813391,mixed_oil_pressure_drop__overheating,1,3,420,1000,-0.256166,-22.331343,23.308011,65.28266,81.181352,-0.048126,0.00103,0.040611,0.0,195.64
873,descent,3763.561661,45.035385,42.053241,114.285672,237.727253,693.777275,21.92836,0.156672,6.951036,26.064918,1664.242373,mixed_oil_pressure_drop__overheating,1,3,420,1000,1.079312,-21.554651,23.257367,65.635594,77.084588,-0.219721,0.002117,-0.019371,0.0,195.635
874,descent,3783.537927,46.348715,43.493631,114.37369,237.377229,694.973748,22.108783,0.164774,6.963492,26.52286,1607.789545,mixed_oil_pressure_drop__overheating,1,3,420,1000,1.560278,-21.699282,23.937507,65.372038,81.594258,-0.033527,-0.002358,0.155364,0.0,195.63
875,descent,3799.707112,44.092651,43.015941,113.663617,238.275322,694.298999,22.020121,0.151567,6.8,26.621715,1513.154431,mixed_oil_pressure_drop__overheating,1,3,420,1000,1.073915,-22.211653,24.274306,64.487425,81.1407,-0.009408,0.002158,-0.013199,0.0,195.625
876,descent,3795.938259,42.76289,43.254838,113.41371,236.125271,689.27171,22.316363,0.16553,6.865107,26.765769,1548.264569,mixed_oil_pressure_drop__overheating,1,3,420,1000,-1.895358,-21.653742,23.193612,65.352684,81.804398,0.102705,0.001257,0.136772,0.0,195.62
877,descent,3809.189549,44.378545,43.733482,113.093076,237.083576,688.366977,22.179887,0.160299,6.876126,25.629609,1765.32973,mixed_oil_pressure_drop__overheating,1,3,420,1000,-2.52182,-21.704426,23.643439,64.195533,80.442835,-0.00719,-0.002524,-0.130625,0.0,195.615
878,descent,3738.651701,46.646172,41.859615,114.284339,236.701459,691.948733,21.731095,0.165812,6.949045,25.406699,1806.383407,mixed_oil_pressure_drop__overheating,1,3,420,1000,0.03072,-21.604655,24.19717,64.914073,77.855095,-0.163309,0.002087,0.025314,0.0,195.61
879,descent,3772.609562,44.526277,42.46804,115.345704,235.454628,689.356299,22.263605,0.153249,6.893274,27.799238,1768.500846,mixed_oil_pressure_drop__overheating,1,3,420,1000,-2.289881,-22.063892,23.815411,65.65638,81.451886,0.012075,-0.006291,-0.037682,0.0,195.605
880,descent,3787.539034,43.78111,42.686664,114.375869,238.673399,695.642471,22.107461,0.154094,7.088012,27.082106,1687.367318,mixed_oil_pressure_drop__overheating,1,3,420,1000,-1.291823,-21.877387,23.958218,65.614452,79.491984,-0.00499,-0.005059,0.08186,0.0,195.6
881,descent,3776.062983,44.293566,43.068461,113.163499,236.195352,690.154324,21.874908,0.168671,7.051412,26.460125,1574.685333,mixed_oil_pressure_drop__overheating,1,3,420,1000,4.128886,-22.693707,23.69667,65.670614,76.186858,-0.105388,0.001476,0.039797,0.0,195.595
882,descent,3815.672233,45.365059,43.291843,113.524161,236.245099,693.50069,22.157588,0.157906,6.883955,26.096168,1556.764294,mixed_oil_pressure_drop__overheating,1,3,420,1000,5.329489,-22.23769,24.565288,66.060807,77.276366,0.21218,0.006687,-0.228471,0.0,195.59
883,descent,3737.582156,45.292954,42.596898,114.125618,238.447394,691.861297,22.477654,0.158703,6.8,26.004512,1840.038448,mixed_oil_pressure_drop__overheating,1,3,420,1000,-1.35926,-22.017066,24.004704,65.027322,79.191897,0.027953,-0.003717,0.052849,0.0,195.585
884,descent,3783.608444,46.345421,42.613101,113.700918,236.002757,694.868171,22.287643,0.158513,6.820932,26.027314,1673.606528,mixed_oil_pressure_drop__overheating,1,3,420,1000,-3.265772,-21.422823,23.750411,64.656587,78.94327,0.155118,-0.002512,0.072954,0.0,195.58
885,descent,3784.37728,43.42679,43.444809,114.579053,235.757915,694.51162,22.296156,0.168642,6.8,26.626616,1792.997449,mixed_oil_pressure_drop__overheating,1,3,420,1000,-4.351432,-22.019143,23.986646,64.593329,80.779531,0.31883,-0.004836,0.01774,0.0,195.575
886,descent,3772.370349,44.663882,42.584272,113.856204,238.709838,692.898984,22.210424,0.156457,6.8,26.772249,1620.120639,mixed_oil_pressure_drop__overheating,1,3,420,1000,0.313508,-21.595932,24.277667,64.989205,79.413123,-0.162733,-0.008952,0.019177,0.0,195.57
887,descent,3794.410306,44.986599,42.276495,114.304285,237.267256,683.332448,21.974884,0.158839,6.8,25.77172,1628.256202,mixed_oil_pressure_drop__overheating,1,3,420,1000,1.213879,-22.118089,23.61256,65.128933,79.515154,0.247097,-0.001593,0.072549,0.0,195.565
888,descent,3790.585873,44.983152,43.790623,113.881273,235.9835,687.244262,22.164957,0.161306,6.950775,26.554301,1809.369135,mixed_oil_pressure_drop__overheating,1,3,420,1000,3.771599,-21.529449,24.195153,65.36069,79.722982,0.055555,0.003038,0.01872,0.0,195.56
889,descent,3771.903464,45.561447,42.747689,114.374909,235.699522,688.869445,22.405887,0.152107,7.095997,25.148471,1634.691609,mixed_oil_pressure_drop__overheating,1,3,420,1000,0.735965,-22.261183,23.879333,64.75528,79.939325,0.18035,0.004797,-0.032293,0.0,195.555
890,descent,3796.129231,46.948989,42.30522,114.05137,237.363358,692.887408,21.886063,0.163891,6.8,26.604901,1750.958625,mixed_oil_pressure_drop__overheating,1,3,420,1000,-2.695016,-21.716143,23.231664,64.143572,82.918889,0.023153,0.002532,-0.05384,0.0,195.55
891,descent,3806.449932,44.028518,42.738021,114.121423,235.779614,687.821397,22.17856,0.162265,6.8,26.264321,1683.967244,mixed_oil_pressure_drop__overheating,1,3,420,1000,-3.021866,-21.766967,23.404221,63.953838,77.994348,0.113637,-0.002022,0.079929,0.0,195.545
892,descent,3794.721934,46.064859,42.660279,114.064514,237.216871,688.092006,21.82863,0.160464,6.8,27.818567,1682.422816,mixed_oil_pressure_drop__overheating,1,3,420,1000,-3.946268,-22.666629,24.495772,65.382113,79.62539,-0.044269,-0.004993,0.045205,0.0,195.54
893,descent,3770.237903,44.481798,42.454268,114.07682,237.006396,694.267811,22.330298,0.167902,6.8,26.534862,1712.521671,mixed_oil_pressure_drop__overheating,1,3,420,1000,-0.403059,-21.846859,23.658124,66.159485,78.411701,-0.038232,-0.000496,-0.008726,0.0,195.535
894,descent,3803.442633,46.112841,42.874892,115.346883,235.704141,694.329154,22.366586,0.169197,6.969439,28.018977,1767.03294,mixed_oil_pressure_drop__overheating,1,3,420,1000,3.566599,-22.088512,24.124509,65.09722,79.460131,0.120599,-0.001661,0.215377,0.0,195.53
895,descent,3799.360106,45.085114,43.057362,113.790448,235.128122,693.759342,22.227739,0.1587,6.8,28.562837,1881.207472,mixed_oil_pressure_drop__overheating,1,3,420,1000,5.643984,-21.201875,24.034456,63.34905,78.686884,-0.191391,-0.008232,0.181833,0.0,195.525
896,descent,3755.949973,45.191614,42.658033,114.120784,237.245997,691.664806,22.094787,0.165938,6.8,27.752638,1650.623987,mixed_oil_pressure_drop__overheating,1,3,420,1000,-6.079632,-21.427574,23.88198,65.015028,80.802243,0.164621,-0.002614,-0.023868,0.0,195.52
897,descent,3795.152645,43.874721,42.495668,113.827973,236.570197,691.222897,22.379471,0.170433,6.881421,27.97725,1533.211482,mixed_oil_pressure_drop__overheating,1,3,420,1000,-2.442039,-21.921382,23.9096,64.87648,80.233169,-0.047145,-0.000358,0.064672,0.0,195.515
898,descent,3793.718,45.514169,43.089423,113.607762,237.084041,691.143555,22.247722,0.158304,6.8,26.498724,1637.229201,mixed_oil_pressure_drop__overheating,1,3,420,1000,5.045999,-21.991115,24.584159,65.12898,78.663592,-0.00647,0.007309,0.020986,0.0,195.51
899,descent,3780.853554,46.022721,42.754434,113.908753,236.038696,687.041139,22.175416,0.161706,6.969232,26.936384,1582.931149,mixed_oil_pressure_drop__overheating,1,3,420,1000,-2.467861,-21.759112,23.668917,64.923302,78.463051,-0.10293,0.003191,-0.037993,0.0,195.505
900,landing,3746.951947,39.657718,42.992204,113.030456,233.240898,683.546233,21.121221,0.162397,6.976161,26.710972,1648.100081,mixed_oil_pressure_drop__overheating,1,3,420,1000,0.528257,-22.093261,23.693515,64.503889,80.738305,0.375378,-0.008646,0.010066,0.0,195.5
901,landing,3747.429954,39.444157,43.216894,113.765876,232.019132,681.900511,21.271192,0.164141,6.811224,29.5008,1574.050066,mixed_oil_pressure_drop__overheating,1,3,420,1000,-4.268817,-22.585762,24.758211,65.019604,79.197267,0.135488,-0.002845,-0.146849,0.0,195.495
902,landing,3760.208061,39.194036,42.967763,114.922397,232.081044,681.072728,21.132856,0.16059,6.816048,26.691603,1749.451479,mixed_oil_pressure_drop__overheating,1,3,420,1000,-0.018393,-22.59756,23.81226,64.470803,78.974613,0.115211,-0.007577,0.014363,0.0,195.49
903,landing,3736.325969,38.098919,43.756366,113.279797,232.951239,678.033366,21.01405,0.156067,6.956406,26.040528,1683.805002,mixed_oil_pressure_drop__overheating,1,3,420,1000,0.061301,-22.911041,24.431862,65.437944,80.508466,-0.170906,-0.003435,0.113432,0.0,195.485
904,landing,3765.468363,41.085528,42.727412,114.037135,232.689698,678.348805,21.251564,0.164064,6.902887,25.899785,1676.165847,mixed_oil_pressure_drop__overheating,1,3,420,1000,-3.087996,-22.392635,22.494299,66.006563,79.949176,-0.010985,0.002759,-0.078905,0.0,195.48
905,landing,3735.751083,38.066625,43.069437,114.047193,229.674762,682.974318,21.194382,0.165458,6.921933,27.450742,1487.63354,mixed_oil_pressure_drop__overheating,1,3,420,1000,2.79656,-21.805386,24.089883,65.543904,81.987724,-0.031858,0.005679,0.088105,0.0,195.475
906,landing,3731.855807,40.721369,41.725979,114.582344,232.153528,677.061124,21.043768,0.169782,6.905813,26.866033,1757.428922,mixed_oil_pressure_drop__overheating,1,3,420,1000,-4.247502,-21.911869,24.52038,64.396491,81.414772,0.123201,0.003336,0.016409,0.0,195.47
907,landing,3723.938855,40.001099,42.578734,113.965057,231.448294,677.845067,21.028289,0.163979,6.866568,26.975569,1754.662302,mixed_oil_pressure_drop__overheating,1,3,420,1000,-0.473214,-22.610992,24.394194,65.448984,80.773268,0.029213,-0.002478,-0.075209,0.0,195.465
908,landing,3736.159506,38.855778,42.731265,114.860882,229.362642,680.811042,21.219746,0.164748,6.8,27.340915,1768.485245,mixed_oil_pressure_drop__overheating,1,3,420,1000,-3.613085,-21.996664,23.365817,64.771387,80.036224,-0.317941,-0.004306,0.157227,0.0,195.46
909,landing,3739.699986,39.289911,42.87952,113.050152,231.257484,682.663489,21.610266,0.168305,6.8,26.382067,1705.46399,mixed_oil_pressure_drop__overheating,1,3,420,1000,-1.909418,-22.875888,23.777999,65.665369,79.445385,0.144301,-0.001315,0.071603,0.0,195.455
910,landing,3732.655794,40.932473,42.429115,113.883578,232.596176,683.302305,20.792272,0.156241,6.8,26.943338,1759.329042,mixed_oil_pressure_drop__overheating,1,3,420,1000,-2.919688,-21.527817,24.047032,64.614872,80.488912,0.062675,-0.000952,-0.072804,0.0,195.45
911,landing,3764.731022,38.683274,42.710851,114.903331,233.465453,686.443563,21.235413,0.166252,6.8,25.118106,1691.567281,mixed_oil_pressure_drop__overheating,1,3,420,1000,0.926847,-22.23928,24.137152,66.924127,83.043978,-0.047017,-0.005058,0.016449,0.0,195.445
912,landing,3731.897229,39.570329,43.587424,113.664275,230.810326,681.35531,21.11065,0.160232,6.8,26.78383,1549.410012,mixed_oil_pressure_drop__overheating,1,3,420,1000,0.289356,-22.395688,24.144562,65.810351,81.498664,-0.121103,-0.003931,0.11961,0.0,195.44
913,landing,3723.64627,40.45103,42.894187,114.027955,231.123415,675.532846,21.304036,0.161937,6.828227,25.994066,1679.898449,mixed_oil_pressure_drop__overheating,1,3,420,1000,7.133355,-22.354034,24.124341,65.03313,80.790255,-0.051373,-0.001057,-0.015469,0.0,195.435
914,landing,3737.897122,40.892247,42.854674,114.465583,232.446,680.585962,21.036807,0.167615,6.908911,26.916645,1668.303355,mixed_oil_pressure_drop__overheating,1,3,420,1000,-0.820979,-22.064103,23.685327,64.899964,79.802156,0.147985,0.005627,0.057122,0.0,195.43
915,landing,3731.141247,40.286197,43.455364,113.780035,233.160934,677.738238,20.870025,0.175613,6.8,26.654808,1841.344191,mixed_oil_pressure_drop__overheating,1,3,420,1000,0.778333,-21.637329,24.098349,64.395922,79.598931,0.286245,0.003473,-0.005114,0.0,195.425
916,landing,3748.776824,38.608298,42.703655,114.213381,233.407702,681.873873,20.944426,0.163447,6.819336,27.769874,1644.825021,mixed_oil_pressure_drop__overheating,1,3,420,1000,0.079718,-21.688234,23.171668,65.91372,79.942169,-0.170913,-0.011075,-0.071235,0.0,195.42
917,landing,3725.427645,38.58313,43.07621,114.083976,230.043496,680.526584,21.269138,0.15503,6.8,27.942591,1713.531271,mixed_oil_pressure_drop__overheating,1,3,420,1000,1.663603,-21.729733,23.70799,65.51757,79.880123,0.149519,-0.003524,0.180546,0.0,195.415
918,landing,3718.261901,39.97585,42.041452,114.092324,234.625393,682.436627,21.273314,0.1718,6.8,27.277191,1734.985124,mixed_oil_pressure_drop__overheating,1,3,420,1000,4.75203,-21.948207,23.994225,65.29082,76.530635,0.073466,0.003728,0.0531,0.0,195.41
919,landing,3722.610375,40.040084,42.666155,114.432955,232.495408,680.729045,21.029348,0.167888,7.210506,26.348031,1631.936422,mixed_oil_pressure_drop__overheating,1,3,420,1000,-1.504703,-21.952885,24.268532,65.334205,80.558944,0.101933,0.005982,-0.080304,0.0,195.405
920,landing,3734.847434,40.288881,42.179075,113.879816,231.099712,684.083004,21.148392,0.156471,6.8,30.419084,1627.288698,mixed_oil_pressure_drop__overheating,1,3,420,1000,1.491944,-21.728319,24.371048,66.011601,78.3135,0.163093,-0.00806,-0.040167,0.0,195.4
921,landing,3733.499985,39.244988,42.800802,114.229722,232.561236,676.59944,21.532634,0.163846,6.8,26.644311,1660.184189,mixed_oil_pressure_drop__overheating,1,3,420,1000,0.354171,-21.961923,24.446976,65.065715,80.771351,0.038429,0.004809,0.011951,0.0,195.395
922,landing,3723.806709,38.348034,42.657783,113.544066,229.966575,676.62982,20.982327,0.158375,6.8,28.231332,1704.901955,mixed_oil_pressure_drop__overheating,1,3,420,1000,0.838482,-22.886835,23.508006,65.728866,77.91889,0.0508,-0.014085,0.051969,0.0,195.39
923,landing,3732.581018,39.049713,43.126978,114.662165,231.432625,682.141552,21.337057,0.156804,6.8,26.031418,1588.457727,mixed_oil_pressure_drop__overheating,1,3,420,1000,-0.075127,-21.333348,23.327159,65.221467,78.637892,0.029521,-0.011911,0.023971,0.0,195.385
924,landing,3746.009186,40.013553,42.965164,113.537549,231.250844,677.740668,21.299558,0.169166,6.881766,27.2183,1748.894248,mixed_oil_pressure_drop__overheating,1,3,420,1000,1.858648,-21.663937,23.395183,65.922116,80.869618,-0.006604,-3.7e-05,-0.024747,0.0,195.38
925,landing,3711.405029,40.130678,42.859918,114.042222,231.347227,684.474151,21.431225,0.161293,7.2563,25.73098,1763.489664,mixed_oil_pressure_drop__overheating,1,3,420,1000,-3.207699,-21.021691,23.466574,66.656191,79.124243,-0.103559,-0.000797,0.061079,0.0,195.375
926,landing,3752.778226,41.700161,42.875026,114.478931,231.292947,679.183727,21.270986,0.158192,6.916076,26.177771,1947.047381,mixed_oil_pressure_drop__overheating,1,3,420,1000,1.259908,-21.960797,24.411861,65.441788,78.299347,-0.028013,0.004241,0.118565,0.0,195.37
927,landing,3736.832344,39.574262,43.153298,114.27045,232.459825,685.913381,20.958144,0.156996,6.901843,26.578722,1686.147072,mixed_oil_pressure_drop__overheating,1,3,420,1000,-0.595342,-21.760933,23.942066,64.754318,78.793497,0.062017,-0.00161,0.008389,0.0,195.365
928,landing,3746.930635,37.760259,42.709871,114.03021,232.474941,683.162414,20.663453,0.151288,6.815017,25.867792,1794.865588,mixed_oil_pressure_drop__overheating,1,3,420,1000,3.237482,-21.60681,24.056503,65.685785,80.737854,0.0724,-0.002588,0.029802,0.0,195.36
929,landing,3734.817385,40.799631,42.731876,113.45641,229.347307,683.173137,21.211945,0.155271,7.05931,27.11671,1534.329923,mixed_oil_pressure_drop__overheating,1,3,420,1000,1.081302,-21.845296,23.269458,64.294888,78.781037,-0.175512,0.003744,-0.080383,0.0,195.355
930,landing,3719.366572,38.887388,43.437987,114.309699,231.797965,686.006679,21.122423,0.159534,6.922745,26.106945,1802.181542,mixed_oil_pressure_drop__overheating,1,3,420,1000,-4.470359,-22.018837,23.879101,64.299118,80.854099,0.150286,0.001897,0.011266,0.0,195.35
931,landing,3709.490671,41.430432,42.662226,115.31389,232.076277,681.129018,21.106119,0.1666,6.8,26.458631,1694.198248,mixed_oil_pressure_drop__overheating,1,3,420,1000,-1.525369,-21.565241,24.235135,63.390649,80.144337,-0.145898,0.001091,0.004752,0.0,195.345
932,landing,3708.918324,40.937291,42.513037,113.818543,232.452681,679.700023,21.403049,0.163552,6.960454,26.863714,1556.525964,mixed_oil_pressure_drop__overheating,1,3,420,1000,0.322578,-22.0965,23.445232,65.443179,79.095469,-0.354891,0.00112,-0.021805,0.0,195.34
933,landing,3755.723256,42.407978,42.247006,113.496153,230.910819,679.435813,21.125783,0.15387,7.068656,27.082917,1769.791367,mixed_oil_pressure_drop__overheating,1,3,420,1000,1.14066,-21.628107,24.063469,65.726915,78.856557,-0.205926,0.013776,-0.080991,0.0,195.335
934,landing,3751.779423,40.568179,42.525721,114.695996,231.455813,680.202108,21.447286,0.158259,6.98898,26.548038,1545.821543,mixed_oil_pressure_drop__overheating,1,3,420,1000,4.325591,-22.787589,24.157832,64.022402,80.947003,-0.133575,0.00286,0.108502,0.0,195.33
935,landing,3748.941199,40.652514,43.096247,115.27559,232.025989,685.506376,21.304861,0.164072,6.937733,26.869675,1737.203774,mixed_oil_pressure_drop__overheating,1,3,420,1000,-0.243943,-22.245242,24.373769,65.108457,76.898367,0.018133,0.001952,-0.007666,0.0,195.325
936,landing,3724.893098,42.128387,42.958982,114.270117,231.993434,680.871487,21.23599,0.158555,6.938142,26.548038,1628.64509,mixed_oil_pressure_drop__overheating,1,3,420,1000,-1.63875,-21.597252,23.467567,65.323542,81.11456,0.169973,-0.001039,0.035672,0.0,195.32
937,landing,3721.570823,37.863141,42.831987,114.647411,231.893849,680.944552,21.011621,0.158538,6.833392,26.047753,1673.261163,mixed_oil_pressure_drop__overheating,1,3,420,1000,-3.851715,-21.876472,23.308807,63.231428,77.018316,0.136798,0.000221,0.008222,0.0,195.315
938,landing,3744.311676,40.259679,42.628763,114.202949,233.184143,681.122736,21.086118,0.169503,6.947634,27.893153,1600.666333,mixed_oil_pressure_drop__overheating,1,3,420,1000,5.839632,-22.164611,23.737699,65.528062,82.17887,0.027911,-0.015173,0.09899,0.0,195.31
939,landing,3751.895434,41.329773,42.407307,113.649387,230.305297,684.667124,21.16358,0.178208,7.09767,26.872967,1736.738554,mixed_oil_pressure_drop__overheating,1,3,420,1000,4.06415,-22.095529,24.035807,65.089189,78.978612,-0.150333,0.01221,-0.109012,0.0,195.305
940,landing,3731.321982,40.783931,42.701682,114.244161,232.93095,681.727632,21.041222,0.152172,6.843593,27.625588,1639.637553,mixed_oil_pressure_drop__overheating,1,3,420,1000,-1.846539,-22.323205,23.505082,65.45412,79.929881,0.29135,0.000729,0.038028,0.0,195.3
941,landing,3768.665657,40.374528,42.856495,113.810869,231.250437,678.7317,21.275433,0.157103,6.8,26.564817,1565.662837,mixed_oil_pressure_drop__overheating,1,3,420,1000,-0.988769,-21.976267,23.890176,63.381385,79.216007,0.081361,-0.000383,0.000996,0.0,195.295
942,landing,3745.393551,39.862624,42.142537,114.369081,232.116729,684.365782,20.950333,0.165756,6.8,26.674248,1692.193836,mixed_oil_pressure_drop__overheating,1,3,420,1000,-0.695502,-22.489416,23.58753,64.434464,82.919716,-0.016209,-0.003671,-0.080909,0.0,195.29
943,landing,3737.957548,40.451003,42.828867,114.677577,232.160534,681.815184,21.136091,0.15457,6.977931,26.586901,1550.254762,mixed_oil_pressure_drop__overheating,1,3,420,1000,-3.828517,-21.725479,24.159451,65.235572,77.796507,-0.070985,-0.008426,0.018671,0.0,195.285
944,landing,3726.14371,39.531591,42.233626,114.569001,234.722158,680.590035,21.455811,0.16547,6.8,25.608446,1710.722486,mixed_oil_pressure_drop__overheating,1,3,420,1000,-3.891071,-22.529867,24.55155,65.342653,79.728516,-0.056735,0.000344,0.001083,0.0,195.28
945,landing,3735.647601,40.685578,42.962564,114.812178,232.56744,678.080218,21.012144,0.162633,6.8,26.91434,1620.287367,mixed_oil_pressure_drop__overheating,1,3,420,1000,-0.401367,-21.690316,23.564178,64.50583,80.477852,-0.109106,0.00153,-0.048815,0.0,195.275
946,landing,3774.986818,42.737119,43.01479,115.57238,232.367302,682.254941,21.261247,0.162804,6.907969,26.727489,1807.148624,mixed_oil_pressure_drop__overheating,1,3,420,1000,1.039497,-21.730508,24.180939,64.622267,80.6304,0.139496,0.0004,0.093295,0.0,195.27
947,landing,3723.683287,41.512733,43.264117,114.135338,231.774662,681.782845,21.17358,0.165409,6.8,26.57819,1679.568822,mixed_oil_pressure_drop__overheating,1,3,420,1000,-2.90304,-22.096164,23.96574,64.646296,81.399494,0.02187,-0.000871,-0.025694,0.0,195.265
948,landing,3738.340176,41.602602,42.53512,114.274473,234.033929,679.059044,21.261056,0.158715,6.862538,26.469636,1685.884989,mixed_oil_pressure_drop__overheating,1,3,420,1000,-4.19026,-22.035655,24.245829,65.671376,81.98357,0.054416,-0.003068,0.022506,0.0,195.26
949,landing,3762.967708,39.758198,42.855671,114.609775,232.52534,680.417287,21.111526,0.163297,6.8,26.179209,1639.368244,mixed_oil_pressure_drop__overheating,1,3,420,1000,1.522752,-21.838717,23.852038,64.574676,81.293113,0.046984,-0.003787,0.033326,0.0,195.255
950,landing,3736.557791,40.700926,43.512518,113.844404,230.047721,682.671102,21.04463,0.167929,6.8,26.780134,1651.792558,mixed_oil_pressure_drop__overheating,1,3,420,1000,5.093854,-22.040544,24.232418,65.409324,80.170135,0.173023,0.001461,-0.096242,0.0,195.25
951,landing,3745.505974,39.00885,43.411885,114.451807,231.830706,680.192268,21.111102,0.162121,7.113949,28.486904,1706.559896,mixed_oil_pressure_drop__overheating,1,3,420,1000,2.917706,-22.63443,23.548961,66.414293,79.180101,0.148636,-0.004006,0.025536,0.0,195.245
952,landing,3718.185984,41.144552,42.628142,115.194217,231.324469,680.423273,21.077377,0.166897,6.8,24.963107,1770.670421,mixed_oil_pressure_drop__overheating,1,3,420,1000,0.599556,-21.471001,23.768176,65.468392,81.776921,0.184896,-0.003426,0.006316,0.0,195.24
953,landing,3740.475957,38.865756,42.224149,115.090784,231.524556,680.638032,21.37391,0.157123,6.937478,28.001604,1722.590487,mixed_oil_pressure_drop__overheating,1,3,420,1000,2.93097,-21.925796,23.728985,65.119937,82.591132,0.230861,0.000906,-0.088446,0.0,195.235
954,landing,3721.551769,39.451671,42.582858,113.738199,233.716308,681.714186,21.273065,0.156741,6.895289,27.300361,1826.83322,mixed_oil_pressure_drop__overheating,1,3,420,1000,-1.165869,-21.783431,24.209886,64.853414,78.862944,0.135898,0.003138,-0.102125,0.0,195.23
955,landing,3748.402539,40.019556,43.110823,114.137823,232.298411,679.319184,21.006016,0.15581,6.818832,26.795483,1713.791005,mixed_oil_pressure_drop__overheating,1,3,420,1000,-2.327092,-21.57205,24.399298,65.815864,80.244414,-0.219952,-0.002147,0.064198,0.0,195.225
956,landing,3759.161388,40.1298,42.825153,114.038948,231.870198,680.002266,21.100564,0.160927,6.936797,28.564357,1670.582305,mixed_oil_pressure_drop__overheating,1,3,420,1000,-1.738152,-21.537441,23.801334,65.914079,80.455888,-0.051115,0.008606,0.20227,0.0,195.22
957,landing,3773.553822,40.094494,43.085046,114.892837,232.087048,679.913244,21.111359,0.15738,6.919977,26.736732,1669.44396,mixed_oil_pressure_drop__overheating,1,3,420,1000,-0.092005,-21.191636,24.261134,64.910554,80.225249,0.127264,0.006927,0.006594,0.0,195.215
958,landing,3736.196478,40.121513,42.895393,114.439144,232.03359,677.45811,21.03528,0.161902,6.8,23.998944,1622.360123,mixed_oil_pressure_drop__overheating,1,3,420,1000,6.103475,-21.93903,24.405265,65.378796,79.441149,-0.229748,0.000435,-0.054559,0.0,195.21
959,landing,3734.590008,43.011306,42.841469,114.577718,231.910749,677.288701,21.107746,0.16485,6.923028,27.024546,1647.051926,mixed_oil_pressure_drop__overheating,1,3,420,1000,-3.418583,-22.467341,24.345739,63.57447,80.38708,-0.030158,0.000953,0.055142,0.0,195.205
960,landing,3730.30913,41.409638,42.858279,113.765758,230.201114,682.112784,20.771498,0.162765,6.959507,29.643263,1697.896957,mixed_oil_pressure_drop__overheating,1,3,420,1000,-2.650409,-22.745073,23.39251,64.851813,81.786519,-0.083047,0.001932,0.068406,0.0,195.2
961,landing,3716.354377,39.398853,42.828666,113.837358,232.623853,681.209688,20.958389,0.168706,7.030523,25.546354,1672.818629,mixed_oil_pressure_drop__overheating,1,3,420,1000,-2.173011,-21.542072,23.851825,64.121896,79.928685,-0.015717,0.0036,-0.1687,0.0,195.195
962,landing,3713.962628,40.853202,43.690045,113.910882,232.061042,679.236122,21.180527,0.168859,6.8,26.649503,1651.83857,mixed_oil_pressure_drop__overheating,1,3,420,1000,-5.056674,-21.612631,23.98972,63.755118,79.995283,-0.076951,-0.005136,0.003836,0.0,195.19
963,landing,3750.28642,38.075849,42.323012,115.071362,231.139157,680.221788,20.90668,0.15973,6.901824,26.581857,1744.974789,mixed_oil_pressure_drop__overheating,1,3,420,1000,-3.35903,-21.87985,23.483625,64.902311,78.326795,0.305783,0.00308,-0.029168,0.0,195.185
964,landing,3765.360136,39.892631,42.206118,114.604786,230.274703,679.713491,20.974346,0.155965,6.859571,27.659947,1647.791485,mixed_oil_pressure_drop__overheating,1,3,420,1000,0.108959,-21.766172,23.70228,65.936162,80.125485,0.071259,-0.00396,0.087516,0.0,195.18
965,landing,3721.694871,40.389026,42.216722,114.619366,230.865382,683.591167,21.20211,0.156784,7.181182,24.850419,1645.946513,mixed_oil_pressure_drop__overheating,1,3,420,1000,-4.194994,-21.477181,23.408795,65.256114,80.594608,0.012504,-0.002171,-0.048646,0.0,195.175
966,landing,3750.65378,39.444533,43.633273,114.045875,231.599641,681.7853,21.427418,0.149467,6.8,26.218339,1645.120955,mixed_oil_pressure_drop__overheating,1,3,420,1000,-1.531683,-22.694065,23.715646,64.004407,79.81338,0.042234,0.001558,0.058936,0.0,195.17
967,landing,3728.736657,40.429263,43.24156,114.361661,232.101721,680.302426,21.36609,0.165232,6.967274,24.837959,1637.897377,mixed_oil_pressure_drop__overheating,1,3,420,1000,2.942198,-22.358713,24.763147,65.597183,80.000401,0.004405,-0.000799,0.197199,0.0,195.165
968,landing,3778.397918,40.040713,43.363514,113.435803,231.060125,681.670106,21.441873,0.153793,6.927381,26.952026,1827.083821,mixed_oil_pressure_drop__overheating,1,3,420,1000,1.888539,-22.067491,24.378744,64.640631,79.898252,-0.17848,0.003139,-0.076598,0.0,195.16
969,landing,3739.349943,39.404474,43.015444,114.681533,232.68825,685.337426,21.117371,0.16286,6.88248,25.69815,1739.973251,mixed_oil_pressure_drop__overheating,1,3,420,1000,3.00681,-21.910177,24.495302,64.96807,81.321615,0.273151,-0.000522,0.052642,0.0,195.155
970,landing,3738.888461,40.977349,43.670735,114.268087,231.015347,688.211912,21.292659,0.160119,6.837202,26.883327,1651.032758,mixed_oil_pressure_drop__overheating,1,3,420,1000,2.467015,-21.707377,23.854173,64.26591,81.652099,-0.060372,0.001377,0.083601,0.0,195.15
971,landing,3766.971342,38.156361,42.5544,113.43933,230.253804,684.077173,21.31167,0.169526,6.899898,26.915977,1684.748083,mixed_oil_pressure_drop__overheating,1,3,420,1000,1.189983,-22.481501,23.808256,65.415127,81.446244,0.052258,0.007637,0.089331,0.0,195.145
972,landing,3718.998883,40.613897,43.315755,113.866817,232.238194,682.338978,20.902373,0.159993,6.93503,26.359497,1632.703931,mixed_oil_pressure_drop__overheating,1,3,420,1000,1.11472,-21.812426,23.645227,65.857032,80.443247,-0.068132,0.000853,0.018025,0.0,195.14
973,landing,3730.170396,41.358151,42.365664,114.703529,232.194729,681.026355,21.233057,0.168318,6.956263,28.237181,1758.557903,mixed_oil_pressure_drop__overheating,1,3,420,1000,0.099421,-22.375078,24.146608,65.072727,80.293262,0.11097,-0.002326,0.108338,0.0,195.135
974,landing,3746.623297,40.3622,43.277052,114.113932,229.426225,677.055049,21.117374,0.157962,7.055909,25.827325,1666.584827,mixed_oil_pressure_drop__overheating,1,3,420,1000,2.844315,-21.67703,24.07778,63.626557,80.870802,0.028597,-0.00062,-0.15506,0.0,195.13
975,landing,3729.297855,41.354182,42.407684,113.792276,231.210224,677.53064,20.97927,0.160225,6.862324,26.525672,1569.465895,mixed_oil_pressure_drop__overheating,1,3,420,1000,-1.100383,-22.130551,23.910099,64.055066,80.535717,0.205864,0.005213,0.069428,0.0,195.125
976,landing,3772.057966,39.277796,42.643681,115.070562,231.434756,680.323664,21.151939,0.157918,7.038707,26.501179,1841.249731,mixed_oil_pressure_drop__overheating,1,3,420,1000,1.841655,-21.716181,23.850102,64.889557,81.093518,-0.286068,-0.00123,0.02986,0.0,195.12
977,landing,3710.95451,41.281222,42.656215,114.201578,230.19189,680.505897,21.469218,0.156897,6.950454,26.167021,1557.839878,mixed_oil_pressure_drop__overheating,1,3,420,1000,0.832642,-21.631697,23.703155,65.94974,78.244228,0.013179,-0.003392,0.075401,0.0,195.115
978,landing,3734.441945,39.168044,42.701589,114.355875,230.45453,679.025913,21.088888,0.152111,7.047162,27.444898,1642.494106,mixed_oil_pressure_drop__overheating,1,3,420,1000,-0.64756,-22.270698,23.944154,65.123081,80.883444,0.157126,0.011016,-0.040983,0.0,195.11
979,landing,3728.254737,40.900751,42.833375,114.322551,231.496547,679.470581,21.086999,0.159545,6.8,28.030976,1555.182913,mixed_oil_pressure_drop__overheating,1,3,420,1000,-1.177242,-22.102123,23.633872,65.481902,81.564821,0.10895,0.006439,0.035495,0.0,195.105
980,landing,3710.816644,41.210173,43.209568,112.770468,230.275572,679.269615,21.106185,0.154625,6.814322,27.262364,1651.993632,mixed_oil_pressure_drop__overheating,1,3,420,1000,0.705986,-21.964897,23.343696,64.229929,80.756576,0.058357,0.00189,0.063495,0.0,195.1
981,landing,3725.437258,40.391971,43.177492,114.288722,234.761513,682.452038,21.097922,0.167776,6.869835,25.515524,1590.213352,mixed_oil_pressure_drop__overheating,1,3,420,1000,-4.065264,-22.156253,24.022192,63.901962,83.716305,0.081824,-0.003948,-0.113833,0.0,195.095
982,landing,3721.67798,41.833491,42.130701,113.596066,232.653427,678.974353,21.034223,0.155285,6.8,27.049366,1853.500051,mixed_oil_pressure_drop__overheating,1,3,420,1000,4.325111,-22.329151,24.746754,63.808321,83.650991,-0.120639,0.002296,0.095193,0.0,195.09
983,landing,3730.037355,38.757394,42.652786,113.793982,231.87755,683.581776,21.225832,0.158714,6.928835,26.507704,1616.610354,mixed_oil_pressure_drop__overheating,1,3,420,1000,4.650582,-22.728892,23.688638,65.541659,80.046302,0.07112,0.001563,-0.056401,0.0,195.085
984,landing,3744.768549,41.688885,42.203853,113.691456,233.445322,680.8137,21.069028,0.163666,6.8,25.951887,1586.108229,mixed_oil_pressure_drop__overheating,1,3,420,1000,1.579272,-22.205913,24.217745,65.563888,79.12593,0.031598,-0.005454,-0.172572,0.0,195.08
985,landing,3755.151921,38.972917,42.594859,114.459876,229.193093,684.038315,21.127232,0.152427,6.8,26.614548,1694.742638,mixed_oil_pressure_drop__overheating,1,3,420,1000,4.83839,-22.449711,23.533563,63.824538,78.668414,-0.005168,0.003776,-0.19041,0.0,195.075
986,landing,3724.958073,39.955669,42.565479,114.491909,232.115348,679.758018,21.098878,0.160085,6.981194,26.730307,1660.846204,mixed_oil_pressure_drop__overheating,1,3,420,1000,-3.468465,-21.745569,23.951518,64.821012,82.120218,0.013999,-0.000529,-0.064318,0.0,195.07
987,landing,3735.027145,40.672339,43.297972,114.102212,231.744344,680.631037,21.061204,0.166137,7.139582,25.028151,1736.986158,mixed_oil_pressure_drop__overheating,1,3,420,1000,0.896045,-22.00335,23.939919,63.839552,78.981814,-0.339321,-0.00808,-0.005285,0.0,195.065
988,landing,3723.889381,38.773107,42.764136,114.78169,230.059621,688.109167,21.273505,0.156295,6.951634,27.208556,1553.131547,mixed_oil_pressure_drop__overheating,1,3,420,1000,-3.447795,-21.254843,23.534208,66.139371,79.549176,-0.181952,0.006285,-0.013019,0.0,195.06
989,landing,3768.484367,38.877145,42.633846,114.104001,232.516037,677.666242,21.24253,0.161838,6.8,26.707748,1683.592338,mixed_oil_pressure_drop__overheating,1,3,420,1000,1.699769,-21.185914,23.182051,65.240609,79.752546,0.002136,0.003097,0.034785,0.0,195.055
990,landing,3741.703474,40.104425,43.564604,114.067613,234.055496,674.283277,21.297097,0.159054,6.8,27.173614,1821.336367,mixed_oil_pressure_drop__overheating,1,3,420,1000,0.307061,-23.030443,23.339918,64.541732,78.525114,-0.115699,0.001132,0.087836,0.0,195.05
991,landing,3718.983324,39.143884,42.76929,113.39298,232.754345,678.865401,21.20626,0.161182,6.8,27.120139,1781.106573,mixed_oil_pressure_drop__overheating,1,3,420,1000,-2.323905,-21.593234,24.153039,64.047098,79.72014,0.340046,-0.003128,-0.068965,0.0,195.045
992,landing,3755.461645,39.635118,43.303186,113.03589,231.879456,683.936239,20.8625,0.161898,6.8,27.214135,1695.45578,mixed_oil_pressure_drop__overheating,1,3,420,1000,1.837878,-22.168977,23.894795,65.897478,82.696787,0.094294,0.002563,-0.033351,0.0,195.04
993,landing,3740.597283,38.921363,42.931751,114.758399,231.935401,679.962769,21.150756,0.151129,6.8,27.000143,1494.497617,mixed_oil_pressure_drop__overheating,1,3,420,1000,-5.547702,-21.489582,23.71966,64.481155,78.162155,-0.135369,-0.007578,-0.112926,0.0,195.035
994,landing,3733.289926,40.787337,43.147463,114.605588,230.203401,680.519254,21.29175,0.153943,6.978442,26.343047,1862.769544,mixed_oil_pressure_drop__overheating,1,3,420,1000,-0.68656,-21.579049,24.323931,64.169934,80.023364,0.055811,5.3e-05,-0.036485,0.0,195.03
995,landing,3719.92984,41.394847,42.87414,114.726497,230.840515,685.437681,21.071287,0.164729,6.8,27.239998,1592.997843,mixed_oil_pressure_drop__overheating,1,3,420,1000,2.478557,-21.97247,23.956168,65.369214,80.228357,0.186618,0.000826,-0.00944,0.0,195.025
996,landing,3721.87144,37.636987,42.154598,114.587653,232.477954,684.490571,21.149487,0.15559,6.968074,26.497307,1698.314872,mixed_oil_pressure_drop__overheating,1,3,420,1000,0.634647,-21.817259,23.531537,65.613987,77.360421,-0.073273,-0.001257,0.011612,0.0,195.02
997,landing,3737.284368,42.486369,43.127426,113.664993,232.657545,673.360186,20.91272,0.146619,6.8,26.532229,1631.207029,mixed_oil_pressure_drop__overheating,1,3,420,1000,5.001235,-21.944526,24.00454,63.621128,79.696352,-0.088415,0.006281,-0.040552,0.0,195.015
998,landing,3706.433714,40.326241,42.285245,115.763218,229.918919,682.097017,20.938674,0.157547,7.010463,27.251682,1590.723433,mixed_oil_pressure_drop__overheating,1,3,420,1000,0.697939,-21.617053,24.686767,65.105411,82.08551,-0.136363,0.001413,-0.109128,0.0,195.01
999,landing,3716.353107,39.429471,42.966107,113.750023,229.072058,680.447257,21.148029,0.152717,6.905206,25.200494,1634.208458,mixed_oil_pressure_drop__overheating,1,3,420,1000,2.787621,-21.559847,24.217785,65.409132,79.087231,-0.077882,-0.000249,-0.069515,0.0,195.005
