timestamp,mission_phase,rpm,throttle,oil_pressure,oil_temp,cht,egt,manifold_pressure,vibration,fuel_flow,ambient_temp,altitude,fault_type,fault_active,fault_severity,fault_start_time,fault_end_time,residual_rpm,residual_oil_pressure,residual_oil_temp,residual_cht,residual_egt,residual_manifold_pressure,residual_vibration,residual_fuel_flow,health_index,baseline_rul
0,idle,3695.953392,49.06886,53.454792,103.786972,153.260555,572.321822,21.556375,0.24477,7.991299,9.217752,2235.620343,healthy,0,0,0,0,-1.785568,0.26448,0.737109,0.165486,1.815434,0.005276,-0.000587,0.043879,1.0,200.0
1,idle,3715.125743,46.26416,55.177427,103.699553,152.496408,566.392225,21.622806,0.235832,8.102598,9.546382,2358.655838,healthy,0,0,0,0,3.301134,0.830899,0.163108,1.44631,0.469181,-0.130793,-8.4e-05,-0.014544,1.0,199.995
2,idle,3731.557437,46.924379,54.677353,103.913094,151.00087,573.686088,21.624257,0.236778,7.984973,8.101967,2475.713682,healthy,0,0,0,0,6.811929,-0.027456,-0.487916,0.462426,2.368943,0.179517,0.000251,-0.007903,1.0,199.99
3,idle,3708.24729,46.175653,53.942628,104.182457,152.464215,570.253946,21.602369,0.237948,7.912684,9.889642,2340.59918,healthy,0,0,0,0,-5.559921,0.064877,-0.621195,-0.212164,-2.087148,0.043281,-0.003105,0.002723,1.0,199.985
4,idle,3710.290619,46.117346,53.727337,103.546717,152.759861,569.047413,21.279706,0.239773,7.929967,8.101145,2282.167819,healthy,0,0,0,0,-2.528567,0.00159,-0.522836,0.571832,0.810867,-0.137507,0.007254,0.037669,1.0,199.98
5,idle,3736.940046,44.40408,55.089083,103.516884,153.217517,572.344368,21.344679,0.240773,8.14132,7.325121,2456.523777,healthy,0,0,0,0,-3.037953,0.346168,0.518798,0.567891,-0.947697,-0.124445,0.006226,-0.011633,1.0,199.975
6,idle,3725.85849,47.06415,53.713662,103.902974,150.651997,566.654395,21.59552,0.231368,8.165731,8.901789,2415.131663,healthy,0,0,0,0,-0.806276,-0.109208,-0.53795,-0.689649,1.103149,-0.005824,0.001339,-0.009247,1.0,199.97
7,idle,3721.065426,46.901151,54.333454,104.428442,150.813009,566.31043,21.431197,0.247602,8.204159,10.182882,2469.379969,healthy,0,0,0,0,4.159509,0.321929,-0.059743,-0.784809,-0.253319,-0.051505,0.002527,0.24076,1.0,199.965
8,idle,3727.294975,46.359263,54.377883,103.842655,151.837447,565.576479,21.586653,0.242857,8.252625,8.955784,2282.809714,healthy,0,0,0,0,-2.781395,-0.401877,0.316892,1.026576,2.938406,0.18568,-0.004135,-0.022578,1.0,199.96
9,idle,3734.669208,45.869776,54.063266,103.368704,153.054497,576.572694,21.751793,0.255216,8.021331,10.343594,2346.190345,healthy,0,0,0,0,-2.410339,-0.437179,0.19965,0.747571,-0.159746,0.186808,0.013776,0.041295,1.0,199.955
10,idle,3725.808536,46.351835,54.349948,103.654465,151.253203,572.395337,21.394847,0.237544,8.001214,10.147167,2414.184721,healthy,0,0,0,0,-0.150661,-0.581655,0.463359,-0.770757,-0.146334,-0.069896,0.007742,-0.010402,1.0,199.95
11,idle,3748.201796,47.521371,54.170491,103.527133,151.845359,566.864421,21.184404,0.239247,8.109814,9.360971,2563.592694,healthy,0,0,0,0,-3.240334,-0.54477,0.04876,-1.424088,2.067256,0.009256,-0.010984,-0.0654,1.0,199.945
12,idle,3708.045545,46.711669,54.375904,103.606003,151.903078,567.810626,21.498794,0.237317,7.945086,9.025879,2177.356092,healthy,0,0,0,0,0.110827,-0.415829,-0.272297,-0.506003,-1.15105,-0.118325,-0.005822,0.047359,1.0,199.94
13,idle,3687.596811,46.525948,54.304826,104.961128,152.688342,571.370525,21.284705,0.236126,8.005582,8.850342,2069.345714,healthy,0,0,0,0,-0.978281,0.39673,0.400907,-0.555026,3.259599,-0.114834,-0.002811,-0.083213,1.0,199.935
14,idle,3697.913409,45.452118,54.783883,104.251976,154.500865,567.392146,21.689051,0.244248,7.881164,8.429393,2174.461491,healthy,0,0,0,0,-0.538483,0.407992,-0.062527,0.850771,1.238262,0.07605,-0.002798,0.018656,1.0,199.93
15,idle,3722.949795,46.136143,53.839135,103.978957,154.192794,571.911597,21.550218,0.23658,8.277733,9.713239,2344.004846,healthy,0,0,0,0,-0.926179,-0.076698,-0.304437,0.928496,1.046927,-0.044927,-0.002981,0.066165,1.0,199.925
16,idle,3680.424434,45.886236,53.869496,104.142891,151.443568,570.728313,21.446939,0.23859,8.126137,9.365279,2282.503293,healthy,0,0,0,0,5.591779,-0.452922,0.307533,0.13998,1.672887,0.033261,-0.001047,0.076605,1.0,199.92
17,idle,3710.023056,46.486979,54.492744,104.098811,152.881682,567.487675,21.348999,0.251375,8.094946,9.709525,2423.109605,healthy,0,0,0,0,3.678323,0.923707,-0.531724,-0.143068,0.129989,-0.240523,-0.000563,-0.062352,1.0,199.915
18,idle,3706.56463,45.368887,54.31816,103.938209,152.810259,570.538615,21.41997,0.241851,8.208912,9.976327,2130.014997,healthy,0,0,0,0,-2.726823,-1.112368,-0.440802,-0.44854,-1.66553,0.076888,0.004434,0.027337,1.0,199.91
19,idle,3703.971728,46.26484,54.36821,104.28442,152.357284,566.272406,21.361742,0.24931,7.832172,8.474428,2362.083886,healthy,0,0,0,0,-1.914885,0.436033,0.336336,-0.292794,-2.159031,-0.141489,0.012415,0.014068,1.0,199.905
20,idle,3724.378926,46.67164,54.082557,105.263947,152.840496,571.837656,21.572691,0.245962,7.970513,9.750134,2362.378606,healthy,0,0,0,0,0.574147,0.234902,0.081138,0.988619,0.345238,-0.068967,0.003993,-0.097814,1.0,199.9
21,idle,3690.102569,44.430129,54.421624,103.865314,153.17354,566.656152,21.381868,0.244032,7.943893,8.363686,2262.325352,healthy,0,0,0,0,-6.058062,-0.360064,0.573757,-0.425764,-0.281728,0.20896,-0.006674,0.033996,1.0,199.895
22,idle,3722.822525,46.310874,54.522632,103.675322,154.415185,565.30065,21.516607,0.244294,8.098718,10.088011,2401.610424,healthy,0,0,0,0,2.610492,-0.412974,0.661661,-0.865652,2.028554,-0.25416,0.008962,0.006044,1.0,199.89
23,idle,3721.791878,46.774247,54.432518,103.908195,152.126088,567.225308,21.353312,0.241384,8.118977,7.908021,2298.077011,healthy,0,0,0,0,0.960708,0.368777,-0.551995,-0.263696,0.410652,0.167485,0.000197,0.043954,1.0,199.885
24,idle,3732.105643,47.777447,54.051807,103.577045,152.45076,570.47466,21.720562,0.252212,7.828778,9.312242,2279.475716,healthy,0,0,0,0,0.58548,-0.346279,1.640516,0.281657,-0.76004,-0.021378,0.005266,0.100972,1.0,199.88
25,idle,3720.057111,45.877605,54.708321,103.907113,153.275247,570.93724,21.297529,0.239567,8.323615,9.198146,2229.286764,healthy,0,0,0,0,-0.352401,0.701244,-0.433504,-0.451814,1.296835,-0.193047,-0.001689,-0.043574,1.0,199.875
26,idle,3759.545081,46.339061,54.513023,103.485912,154.370909,566.440604,21.358557,0.236679,8.084074,8.899718,2302.179541,healthy,0,0,0,0,-2.241415,0.154252,-0.433495,0.750759,-0.721006,-0.138619,0.000575,0.118789,1.0,199.87
27,idle,3688.895584,45.860163,54.292027,104.237568,152.812678,568.75295,21.139218,0.245575,8.00949,8.935669,2215.21679,healthy,0,0,0,0,-3.268892,0.032782,-0.641026,0.272913,-0.199097,0.046545,0.00011,0.125004,1.0,199.865
28,idle,3715.690152,49.640666,54.805815,105.405379,150.525385,568.756155,21.329225,0.246722,8.022722,10.096938,2374.194895,healthy,0,0,0,0,-2.205464,-0.056644,-0.387108,0.438117,-0.403918,0.121009,-0.002152,0.026309,1.0,199.86
29,idle,3688.275821,46.179161,54.064544,103.85076,152.343313,568.254072,21.360153,0.242581,8.117163,8.446213,2279.571878,healthy,0,0,0,0,0.194944,0.426506,-0.45354,0.506074,1.990461,-0.096247,0.002472,-0.110792,1.0,199.855
30,idle,3743.979065,46.591646,53.887058,103.309406,152.54133,571.994511,21.335613,0.240637,8.116374,10.236851,2264.864549,healthy,0,0,0,0,-6.533473,-0.125303,-0.089611,0.899044,1.146915,0.175806,0.002841,-0.06437,1.0,199.85
31,idle,3720.058432,44.757446,54.953553,102.989668,152.854356,568.470775,21.474703,0.24644,7.932461,7.305347,2273.554618,healthy,0,0,0,0,-1.17124,-0.518427,0.449339,-0.114198,-1.431401,0.004303,-0.002138,0.200003,1.0,199.845
32,idle,3695.313205,46.823713,54.328816,103.557987,152.746222,567.773934,21.581536,0.241909,7.868758,8.582498,2399.738504,healthy,0,0,0,0,1.508237,-0.414102,0.64479,0.013094,-0.077383,-0.067556,0.005704,0.056138,1.0,199.84
33,idle,3747.390361,46.547929,54.709199,104.095655,151.726388,566.527676,21.282372,0.247345,8.201624,8.672924,2310.630723,healthy,0,0,0,0,-3.54237,0.083491,-0.343437,0.305398,0.326405,-0.076395,0.008223,0.130569,1.0,199.835
34,idle,3713.164605,45.361174,54.828859,103.288317,151.523057,569.297643,21.312495,0.242506,8.022087,8.292797,2424.030738,healthy,0,0,0,0,3.680605,0.145222,0.663329,-0.917881,1.913156,0.071949,-0.002544,0.018547,1.0,199.83
35,idle,3702.762877,46.55738,53.651407,103.833137,150.715073,567.338279,21.838327,0.246076,8.054592,7.879642,2354.907552,healthy,0,0,0,0,-4.80935,0.655633,-0.14027,0.222032,-0.398879,0.07665,0.005426,-0.069764,1.0,199.825
36,idle,3690.663736,45.714435,54.490977,104.086558,151.014882,570.528196,21.362701,0.230923,7.847923,9.006417,2384.167531,healthy,0,0,0,0,4.101066,0.067432,-0.044852,0.402565,2.142261,0.121509,0.003813,0.051562,1.0,199.82
37,idle,3735.327977,44.337479,54.233272,104.611676,152.647338,571.844259,21.108914,0.237873,7.833824,9.319929,2412.619734,healthy,0,0,0,0,-1.206426,-0.660257,0.635024,0.666019,0.569793,-0.21692,-0.003895,-0.006939,1.0,199.815
38,idle,3730.425209,46.025014,54.323117,104.560102,153.893889,566.194536,21.040991,0.238508,8.069942,9.300099,2333.843349,healthy,0,0,0,0,-6.526034,0.187314,0.204875,0.123806,-2.471418,-0.180465,0.004201,0.016761,1.0,199.81
39,idle,3687.185882,44.836292,54.674414,103.638345,151.019982,571.112176,21.591655,0.240287,8.110039,8.414101,2285.28738,healthy,0,0,0,0,4.898884,-0.539163,0.657893,0.448462,2.558429,-0.131851,0.003752,-0.070665,1.0,199.805
40,idle,3741.133535,47.648833,54.998472,104.439987,152.655021,567.414888,21.881216,0.247158,7.954406,8.970224,2400.097481,healthy,0,0,0,0,1.177002,0.293848,0.352733,-0.099565,2.362511,-0.001521,0.005754,0.037312,1.0,199.8
41,idle,3754.691703,46.103656,54.97228,104.594659,152.126669,567.800915,21.682385,0.234674,8.00515,6.880546,2358.548442,healthy,0,0,0,0,0.314317,0.925426,-0.015234,-0.648405,1.066962,-0.062068,-0.01015,-0.104339,1.0,199.795
42,idle,3735.233168,45.578182,54.122583,103.704158,152.033216,569.661639,21.355736,0.246059,8.129723,8.045147,2374.623634,healthy,0,0,0,0,0.295505,-0.100057,0.750609,-2.113362,0.999635,-0.082072,-0.004491,0.062563,1.0,199.79
43,idle,3729.179287,45.558894,53.96078,105.721959,152.330762,566.627184,21.657649,0.239453,7.959314,8.943467,2246.475153,healthy,0,0,0,0,2.894375,-0.202582,-0.069126,-0.488344,-0.228135,0.075639,-0.000768,-0.041512,1.0,199.785
44,idle,3740.655453,45.365075,54.760148,104.236425,150.971427,571.254278,21.614147,0.237792,7.999452,9.344331,2228.864086,healthy,0,0,0,0,1.913913,0.120324,0.428059,0.275236,0.935742,0.005104,-0.00701,0.080705,1.0,199.78
45,idle,3728.379545,45.65117,54.562261,104.077421,153.292428,571.811044,21.257753,0.243962,7.976927,9.142198,2490.849356,healthy,0,0,0,0,-4.343619,-0.543712,-0.08489,-0.789256,0.494585,0.185157,0.00684,0.035702,1.0,199.775
46,idle,3740.158517,46.014259,53.749552,104.55883,153.594871,562.048717,21.036789,0.244879,8.100548,8.305739,2465.995369,healthy,0,0,0,0,1.023178,-0.300272,-0.249911,0.174149,0.404914,0.08741,-0.007269,-0.133666,1.0,199.77
47,idle,3717.563412,48.110352,54.252931,105.194765,154.239795,567.702256,21.023009,0.237357,8.185432,7.887553,2310.167162,healthy,0,0,0,0,-3.275554,-0.852678,-0.346069,0.468571,4.004975,0.119224,-0.001744,-0.098397,1.0,199.765
48,idle,3706.875289,46.688627,54.041398,103.918879,152.283812,566.676994,21.695925,0.244357,8.036091,9.678481,2126.643661,healthy,0,0,0,0,-3.490185,-0.159503,-0.439864,0.854658,0.213131,-0.189605,0.007043,-0.084646,1.0,199.76
49,idle,3737.586069,47.684119,54.004194,103.837563,152.595311,566.562776,21.410886,0.245461,7.924397,8.877427,2232.564017,healthy,0,0,0,0,-3.639184,-0.149542,-1.035715,-0.756639,1.829304,0.056825,0.002334,-0.025723,1.0,199.755
50,taxi,3920.992227,60.638265,54.58286,104.153648,163.053842,606.257736,23.444425,0.239171,10.05217,11.007512,2400.31525,healthy,0,0,0,0,-0.911742,-0.056251,-0.070954,-0.974587,-1.050219,-0.138415,-0.003857,-0.01518,1.0,199.75
51,taxi,3912.307591,60.785415,54.35667,104.871103,164.354218,611.041873,23.275107,0.227816,10.119541,10.390218,2408.93052,healthy,0,0,0,0,2.758504,0.184705,0.745367,1.770318,2.052774,0.029316,0.007293,0.03217,1.0,199.745
52,taxi,3912.557211,60.291538,54.252702,103.896706,161.065216,604.842555,23.535109,0.24862,10.139442,10.763172,2443.385034,healthy,0,0,0,0,5.044559,0.101931,0.306651,-0.228284,-0.655113,-0.022572,0.008968,-0.137837,1.0,199.74
53,taxi,3932.325295,63.259453,53.49918,103.809117,164.03687,612.709514,23.746598,0.249446,10.011814,9.388775,2267.422093,healthy,0,0,0,0,-4.816429,0.312117,-0.861555,-0.797599,-2.25545,0.031269,-0.00645,0.017549,1.0,199.735
54,taxi,3909.413969,60.944943,54.424026,103.625965,163.395453,613.539003,23.461351,0.246067,10.025271,8.703336,2210.03913,healthy,0,0,0,0,3.203164,-1.03594,0.044309,-1.411908,-1.090193,-0.314657,-0.001367,-0.024042,1.0,199.73
55,taxi,3914.567078,61.099863,54.098438,104.606958,163.684917,612.212914,23.55426,0.244644,9.821294,8.138998,2226.695318,healthy,0,0,0,0,1.921841,0.199579,0.241625,-0.416003,-0.944477,-0.09661,0.002869,-0.059367,1.0,199.725
56,taxi,3935.306133,60.219767,53.794215,104.1,163.156384,610.580761,23.713123,0.238238,10.091636,8.231995,2326.966103,healthy,0,0,0,0,-3.093524,0.284731,0.299998,1.338931,0.809562,-0.10064,0.002865,0.169939,1.0,199.72
57,taxi,3935.095199,60.056006,54.300565,104.178889,161.537384,608.532266,23.612448,0.242118,10.067618,8.634706,2393.101287,healthy,0,0,0,0,-3.218537,0.384092,-0.275996,0.365492,3.203318,0.083885,-0.004759,-0.151866,1.0,199.715
58,taxi,3913.297786,61.256151,54.015451,104.272834,161.500988,611.489499,23.387557,0.243687,10.030769,7.867725,2213.451839,healthy,0,0,0,0,-2.769564,0.365052,0.176147,0.18938,-2.651093,-0.112872,-0.004165,0.178726,1.0,199.71
59,taxi,3957.066169,61.079861,54.793789,104.842746,162.466928,612.09104,23.846028,0.238553,9.878915,9.88228,2318.203227,healthy,0,0,0,0,-0.498459,0.518804,0.032518,0.675455,1.497866,0.193496,-0.002018,-0.020766,1.0,199.705
60,taxi,3905.717336,61.786462,54.286515,103.843838,163.702412,608.783563,23.434002,0.241026,10.169357,8.964512,2353.358937,healthy,0,0,0,0,3.049551,0.184805,0.493714,-1.292263,-2.448489,-0.094902,0.001293,-0.05161,1.0,199.7
61,taxi,3922.819466,60.423999,54.194466,104.2936,163.174984,607.074249,23.237664,0.239563,10.067021,10.139787,2456.228158,healthy,0,0,0,0,0.643485,0.151983,-0.447207,-1.048855,0.854846,0.084912,0.003436,0.010888,1.0,199.695
62,taxi,3942.676539,61.130235,54.307551,103.719116,161.65826,609.853235,23.456138,0.240517,10.305513,9.99362,2166.263549,healthy,0,0,0,0,0.141243,-0.297573,-0.235953,0.991064,-0.155061,-0.164029,-0.003529,-0.088369,1.0,199.69
63,taxi,3972.884898,62.007145,54.285977,104.01865,162.922854,609.493254,23.734502,0.238834,10.265566,7.327318,2375.222815,healthy,0,0,0,0,-9.053716,-0.680653,-0.314312,1.470196,2.905201,0.134963,-0.008287,0.128263,1.0,199.685
64,taxi,3940.690163,62.90023,54.577168,104.137419,162.823227,608.290197,23.767444,0.238312,10.059215,10.977267,2263.1899,healthy,0,0,0,0,-3.878438,-0.145404,-0.137008,-1.284736,-2.842334,-0.051878,-0.002865,-0.125468,1.0,199.68
65,taxi,3945.433232,61.01692,53.698454,103.82169,162.865658,608.032324,23.373413,0.229229,9.962748,8.03609,2448.920244,healthy,0,0,0,0,-2.700386,0.071573,0.509199,0.439197,2.680378,-0.013181,0.00184,0.076996,1.0,199.675
66,taxi,3906.415619,61.520689,53.54516,104.704336,163.611226,607.699759,23.47881,0.238986,10.112255,9.806668,2394.113021,healthy,0,0,0,0,-1.079223,-0.373534,-0.547853,0.688198,-1.176439,-0.120425,0.002636,-0.209422,1.0,199.67
67,taxi,3909.374775,60.65431,53.63034,103.601286,159.611914,607.753215,23.511414,0.240915,9.995794,9.427342,2228.103486,healthy,0,0,0,0,0.74779,-0.245292,-0.43195,1.170308,-1.678151,0.12022,0.000725,0.002555,1.0,199.665
68,taxi,3923.702213,60.222903,54.213471,103.915744,160.357402,607.00813,23.39128,0.243975,9.75088,8.590459,2353.717753,healthy,0,0,0,0,0.606974,0.294301,0.470523,0.03252,1.114031,0.07569,-0.003859,0.009465,1.0,199.66
69,taxi,3953.462678,58.312353,55.717977,104.228669,163.184713,613.873262,23.67133,0.235388,9.883025,9.086411,2107.98007,healthy,0,0,0,0,-0.880098,0.753998,0.829177,1.63567,1.148886,0.052807,0.004848,0.018416,1.0,199.655
70,taxi,3946.532118,61.531684,54.362085,103.791626,162.267172,608.419046,23.35937,0.242453,9.959005,8.094345,2209.99908,healthy,0,0,0,0,0.83747,-0.178093,0.470579,0.176483,0.043985,0.108835,0.006296,-0.085379,1.0,199.65
71,taxi,3896.804646,59.792757,53.580501,103.664323,163.64357,609.576154,23.503715,0.237227,10.356627,8.040812,2163.196476,healthy,0,0,0,0,-2.826666,-0.163468,-0.441325,-1.302872,-0.76465,-0.061152,0.003608,0.025116,1.0,199.645
72,taxi,3876.08466,59.318499,54.216263,103.954566,163.160173,613.813089,23.498788,0.241806,10.007536,8.140368,2318.308056,healthy,0,0,0,0,6.103936,0.078596,-0.285338,0.324503,-0.761841,0.267266,0.004515,-0.070587,1.0,199.64
73,taxi,3898.842379,63.351284,54.321392,104.636256,162.773407,610.694101,23.671383,0.250822,10.065015,8.321216,2493.546494,healthy,0,0,0,0,-7.403632,-0.014838,-0.515612,0.592751,-3.058076,0.245658,-0.002379,0.114102,1.0,199.635
74,taxi,3933.986798,61.704344,54.069027,103.499541,161.509388,610.337053,23.359137,0.234369,9.858115,8.125565,2348.511335,healthy,0,0,0,0,-1.696907,-0.855003,-0.175093,-1.485268,-0.173712,0.128533,0.012536,-0.041208,1.0,199.63
75,taxi,3951.212393,61.894966,54.744482,104.142957,162.732383,611.765655,23.455232,0.239359,10.173992,9.538665,2201.215783,healthy,0,0,0,0,1.30536,0.052265,0.222911,0.511163,-0.324202,-0.013889,-0.001508,0.066783,1.0,199.625
76,taxi,3910.080537,59.797466,54.123546,103.330837,163.26791,605.785028,23.380101,0.245134,10.172447,10.027348,2281.837809,healthy,0,0,0,0,0.213594,-0.498739,0.531087,0.574628,0.859359,-0.138257,-0.003197,-0.028565,1.0,199.62
77,taxi,3946.637581,60.712771,53.972037,103.582069,161.876811,607.831697,23.468813,0.233498,10.075213,8.102903,2329.333887,healthy,0,0,0,0,0.628007,-0.198601,-0.27688,-0.516998,1.410776,-0.196999,0.0055,-0.007331,1.0,199.615
78,taxi,3903.650622,61.184894,54.441493,103.079917,164.113217,611.06864,23.367357,0.245914,10.114317,10.156942,2329.742262,healthy,0,0,0,0,3.804573,0.24967,-0.215162,-0.503585,2.032235,0.204544,0.000277,0.087969,1.0,199.61
79,taxi,3912.428399,61.271014,54.539248,103.371886,161.979802,609.976775,23.732749,0.232581,10.08347,9.016505,2130.59148,healthy,0,0,0,0,-0.430067,0.417062,0.196659,-0.123061,-0.657309,0.070051,0.001661,-0.049325,1.0,199.605
80,taxi,3895.824959,61.94433,53.967607,103.807977,161.709513,612.706881,23.3507,0.245137,10.248168,8.907709,2414.525427,healthy,0,0,0,0,0.140289,-0.165087,-0.744842,-0.503387,-1.66764,0.01498,0.000876,-0.116555,1.0,199.6
81,taxi,3937.423944,60.728769,54.408089,102.971092,165.235733,608.828325,23.373634,0.244278,10.21175,11.637139,2388.798076,healthy,0,0,0,0,-0.112451,-1.079763,-0.468514,0.117756,-0.993332,0.114634,-0.003091,-0.118288,1.0,199.595
82,taxi,3955.036657,61.961456,54.420297,103.735896,162.63779,607.948136,23.317727,0.23796,9.8376,8.313079,2337.465407,healthy,0,0,0,0,-1.752392,-0.222155,-0.383875,0.58228,1.530675,-0.275012,0.002623,0.05247,1.0,199.59
83,taxi,3902.118005,61.801149,54.159292,103.617013,162.188985,610.286202,23.78143,0.250241,10.05332,8.265949,2281.529184,healthy,0,0,0,0,5.298093,-0.04467,0.034026,1.374779,-1.291467,0.153837,0.00162,0.125567,1.0,199.585
84,taxi,3918.890832,61.019481,53.838013,104.1177,162.735215,603.24183,23.569733,0.238567,10.005101,9.755706,2236.0169,healthy,0,0,0,0,-0.194667,0.431418,-0.465578,0.054053,-1.577303,0.011471,-0.006773,0.09244,1.0,199.58
85,taxi,3933.853177,59.932644,54.338037,103.19925,161.478663,609.481262,23.636435,0.246327,10.142661,8.512417,2457.846959,healthy,0,0,0,0,4.155487,-0.575237,-0.71392,-0.423021,-0.724018,0.152033,-0.007197,0.071543,1.0,199.575
86,taxi,3906.637673,60.750552,54.94805,104.348931,163.327142,606.311783,23.584941,0.234369,10.070438,8.082666,2123.42486,healthy,0,0,0,0,3.733587,0.21978,-0.313466,0.479072,1.937528,-0.202011,-0.007451,-0.099413,1.0,199.57
87,taxi,3905.736043,61.618685,53.747243,104.063581,162.3857,607.49085,23.641082,0.243325,10.122175,8.674693,2203.669835,healthy,0,0,0,0,7.364029,0.078471,-0.331724,1.475114,-0.79825,0.070615,0.003701,0.131068,1.0,199.565
88,taxi,3958.170429,60.409387,55.304249,103.536205,162.671807,611.735707,23.245244,0.240783,9.956271,9.657444,2189.499353,healthy,0,0,0,0,-3.953468,-0.332253,-0.132156,-0.741856,1.812045,0.019505,0.000808,0.093702,1.0,199.56
89,taxi,3901.871215,60.256066,54.58722,103.991278,161.061905,605.158009,23.518108,0.233879,10.021498,10.998139,2411.903467,healthy,0,0,0,0,-1.275347,-0.773836,-0.152974,-0.629749,2.308577,0.148932,-0.001449,-0.036927,1.0,199.555
90,taxi,3929.194844,60.203342,54.54691,104.24011,159.872375,608.980018,23.70275,0.248848,10.047187,9.256021,2482.016725,healthy,0,0,0,0,-4.106773,-0.057265,-0.340568,-0.072939,-0.024161,0.167013,-0.002939,-0.07521,1.0,199.55
91,taxi,3931.896259,62.827262,54.339393,103.356256,162.076406,612.395807,23.282068,0.241465,9.992539,8.833188,2292.614834,healthy,0,0,0,0,0.065252,0.114224,0.729014,1.191951,-0.639699,0.23495,-0.002651,-0.09212,1.0,199.545
92,taxi,3925.753956,63.166436,54.181938,104.121897,161.439032,610.981602,23.295507,0.247098,10.250797,8.577419,2408.987714,healthy,0,0,0,0,2.281702,-0.378796,-0.177189,-0.911337,-0.196424,-0.251809,0.001126,0.015712,1.0,199.54
93,taxi,3907.102338,60.14553,53.854826,104.002047,161.849064,609.606116,23.406599,0.245094,10.069981,9.855643,2333.152264,healthy,0,0,0,0,0.38703,-0.284611,0.199564,-0.969316,-1.727864,0.022598,0.000163,-0.062417,1.0,199.535
94,taxi,3895.076636,59.827325,54.28674,104.108123,161.075729,607.989919,23.244503,0.245788,10.059094,10.275077,2257.230025,healthy,0,0,0,0,-3.157007,-0.145325,0.282019,-0.054962,0.709405,0.336546,0.010434,0.092502,1.0,199.53
95,taxi,3944.508782,61.113782,54.756776,103.691806,162.743136,607.960623,23.605128,0.238082,10.093348,9.246631,2352.628189,healthy,0,0,0,0,-4.419753,0.598222,-0.495297,-0.014521,-0.397616,-0.249137,-0.00273,-0.127583,1.0,199.525
96,taxi,3915.303065,61.444821,54.012939,105.030785,162.297286,609.217497,23.353895,0.24946,10.035299,8.226824,2315.279316,healthy,0,0,0,0,-3.767799,-0.556775,-0.590842,-0.302241,1.428696,0.192148,-0.001915,-0.093797,1.0,199.52
97,taxi,3919.874802,61.406712,53.801482,103.77281,163.094977,610.15372,23.765939,0.244243,10.09759,9.931839,2300.829448,healthy,0,0,0,0,0.805991,-0.513219,-1.253483,0.800632,0.944108,-0.224089,-0.00203,-0.078936,1.0,199.515
98,taxi,3931.276741,61.111044,54.339095,103.765802,161.469901,606.263929,23.145308,0.243464,9.949728,8.17088,2293.470637,healthy,0,0,0,0,1.339783,-0.194452,0.299692,0.912691,-1.581254,-0.260552,-0.004746,-0.020204,1.0,199.51
99,taxi,3936.93353,61.345152,54.070336,104.081463,162.181871,609.366045,23.525467,0.241567,9.818061,10.177372,2315.575793,healthy,0,0,0,0,3.79943,-0.374371,-0.179712,0.659154,-1.236282,0.083904,0.007286,0.142046,1.0,199.505
100,takeoff,4522.037014,91.099008,54.878049,103.996396,193.348153,708.697942,30.336987,0.241768,16.000086,10.656589,2322.65633,healthy,0,0,0,0,-1.091539,-0.270374,-0.282179,-1.086046,-0.852034,0.186941,0.003026,-0.041238,1.0,199.5
101,takeoff,4498.267728,90.887134,53.479475,104.614009,191.321466,707.824291,30.326255,0.248059,16.058227,8.647413,2123.412924,healthy,0,0,0,0,-4.259434,0.156122,0.434222,0.495981,-3.131897,-0.339978,0.002664,0.011574,1.0,199.495
102,takeoff,4528.872396,89.666237,53.960666,103.341172,191.353425,709.440766,30.844371,0.2333,15.916325,9.008923,2432.871699,healthy,0,0,0,0,2.156528,-0.316462,0.940179,0.196976,-0.11682,0.084888,-0.00184,0.098214,1.0,199.49
103,takeoff,4501.123728,90.194259,54.932495,103.977881,193.295324,709.072581,30.419585,0.239589,16.194954,9.353235,2293.36452,healthy,0,0,0,0,3.542598,-0.956623,0.55648,-0.096915,-0.437323,-0.113761,-0.001035,-0.10487,1.0,199.485
104,takeoff,4530.041482,90.140421,53.956255,103.979034,194.382959,713.945355,30.254303,0.243107,16.136002,8.805636,2444.590889,healthy,0,0,0,0,0.565771,0.673508,-0.367864,-1.179742,1.649155,-0.122808,-0.009582,0.085486,1.0,199.48
105,takeoff,4514.513332,91.130141,54.335752,103.891739,193.321952,714.525733,30.399164,0.238716,15.875823,9.042835,2215.734067,healthy,0,0,0,0,-3.506745,-0.41338,0.303176,-0.721111,2.363471,0.049815,0.009299,-0.086094,1.0,199.475
106,takeoff,4522.427287,92.027763,53.747634,104.38689,191.550489,711.152409,30.760903,0.239657,16.109108,9.3012,2248.629496,healthy,0,0,0,0,-2.198644,0.01122,0.213062,0.170854,0.708455,-0.085276,-0.00321,-0.110233,1.0,199.47
107,takeoff,4515.919711,91.242201,54.571082,104.738103,192.702863,709.650026,30.566632,0.235808,15.938249,6.531323,2391.12888,healthy,0,0,0,0,-1.3505,-0.234184,0.185413,-1.083032,-0.216512,0.157755,0.006016,0.134253,1.0,199.465
108,takeoff,4519.972542,92.785523,54.329553,103.892262,193.946757,710.103363,30.589892,0.240583,16.111652,8.743783,2270.173139,healthy,0,0,0,0,-1.066377,-0.539202,0.185446,-0.150635,1.501336,-0.268033,0.001465,-0.074889,1.0,199.46
109,takeoff,4537.684842,90.634558,54.3421,103.40022,194.191962,712.118422,30.448712,0.234189,15.85774,9.210397,2266.116636,healthy,0,0,0,0,-1.184267,0.217236,0.956886,0.462127,-3.355649,-0.043154,-0.004336,-0.008527,1.0,199.455
110,takeoff,4505.69977,92.640662,54.490247,103.800807,190.974593,707.757026,30.062867,0.240011,15.953973,9.375511,2372.691571,healthy,0,0,0,0,3.797854,-0.027444,0.306175,1.254222,-0.274454,-0.063037,0.00195,-0.014772,1.0,199.45
111,takeoff,4520.25106,90.261991,54.225608,103.797463,192.52383,706.745814,30.548193,0.232167,15.968745,9.523078,2286.21834,healthy,0,0,0,0,-2.906406,-0.915921,0.834607,-0.278805,-0.669553,0.168141,-0.004894,0.092817,1.0,199.445
112,takeoff,4518.831847,90.040738,53.673983,103.70346,193.460199,709.801906,30.668779,0.239721,16.048396,9.524061,2329.941166,healthy,0,0,0,0,-0.642349,0.356644,0.379465,-0.552786,-0.513329,-0.072776,0.004427,0.054389,1.0,199.44
113,takeoff,4531.640812,89.898251,54.085743,104.131907,193.118939,707.644127,30.797488,0.244306,16.061644,9.238868,2316.449875,healthy,0,0,0,0,0.221631,-0.861903,0.156589,1.04515,-0.142701,0.025921,0.007694,-0.055637,1.0,199.435
114,takeoff,4513.645691,92.034425,54.760079,104.166977,190.959397,709.209971,30.30284,0.24013,16.055784,10.633958,2295.253031,healthy,0,0,0,0,-2.941093,-0.553591,-0.194603,0.408343,-1.99187,-0.020435,0.001216,0.18022,1.0,199.43
115,takeoff,4518.12012,89.199609,54.16412,104.382438,190.936451,703.63617,30.225366,0.238583,16.172654,8.902655,2156.825254,healthy,0,0,0,0,-4.347139,-0.20017,-0.350113,-0.627169,-0.098534,0.018537,4.5e-05,-0.107625,1.0,199.425
116,takeoff,4493.095654,91.004848,54.006853,104.158782,192.08126,706.797497,30.418834,0.233781,16.204013,9.576932,2395.47279,healthy,0,0,0,0,1.126219,0.198512,-0.123396,-0.808109,-1.221467,-0.054804,0.006445,0.069977,1.0,199.42
117,takeoff,4507.885262,90.702825,53.982605,104.475738,192.596436,711.673926,30.277396,0.240211,16.00976,7.84828,2165.882811,healthy,0,0,0,0,-3.130008,0.350834,0.090078,-1.313274,1.101948,-0.11814,-0.004024,-0.025053,1.0,199.415
118,takeoff,4526.934248,91.904508,54.559019,102.201808,192.615025,706.327426,30.389446,0.245633,15.928389,8.93173,2462.885021,healthy,0,0,0,0,0.116645,-0.181558,-0.313605,0.77345,0.218673,-0.143243,-0.000765,0.040176,1.0,199.41
119,takeoff,4537.321614,90.190352,53.095132,103.687505,193.965121,705.097826,30.593764,0.241017,16.071373,8.985709,2476.962691,healthy,0,0,0,0,-3.013094,-0.29157,0.391012,-0.208311,2.35797,-0.029039,-0.000981,0.018876,1.0,199.405
120,takeoff,4546.872005,91.760675,54.145399,103.347833,191.949019,709.505754,30.120582,0.242331,16.34563,10.210802,2460.114915,healthy,0,0,0,0,-2.121887,-0.314189,-0.542041,0.121361,0.004405,0.134879,0.000253,0.066233,1.0,199.4
121,takeoff,4544.497359,92.315025,54.177393,104.574008,193.432624,707.751496,30.335073,0.241222,15.91365,8.254236,2196.300855,healthy,0,0,0,0,-3.079873,0.304423,-0.219621,0.363845,-0.615904,0.153337,-0.003526,0.093997,1.0,199.395
122,takeoff,4503.204476,90.581978,54.224898,104.445863,193.563029,713.078096,30.68201,0.243939,16.003985,10.314504,2349.812387,healthy,0,0,0,0,-2.639019,0.202321,0.131331,0.197641,0.249142,0.116445,0.003984,-0.096873,1.0,199.39
123,takeoff,4530.17551,90.657367,53.718866,104.511278,190.141539,709.676135,30.245038,0.245436,16.218243,8.898447,2411.312249,healthy,0,0,0,0,3.672056,-0.193045,-0.43337,-0.929616,1.174795,0.189826,-0.005151,-0.094145,1.0,199.385
124,takeoff,4495.908849,91.130104,54.553955,104.706536,192.925514,707.188292,30.544948,0.240079,16.008194,8.394618,2357.192784,healthy,0,0,0,0,-3.441022,-0.194339,-0.629746,-0.390942,-3.615743,0.156195,0.009106,0.037624,1.0,199.38
125,takeoff,4494.840685,91.140828,54.07469,103.208204,192.84623,713.229625,30.551047,0.250366,16.023643,9.790906,2303.99293,healthy,0,0,0,0,-0.480004,0.031529,-0.083617,0.787234,1.271124,0.00134,0.005887,-0.004097,1.0,199.375
126,takeoff,4524.356443,91.616107,54.587679,103.094794,192.564902,708.728396,30.684761,0.244544,16.050462,9.2997,2190.55745,healthy,0,0,0,0,5.21764,-0.996948,-0.634405,-1.666968,-2.865386,-0.102682,-0.001793,0.055794,1.0,199.37
127,takeoff,4514.176888,91.744687,54.898215,103.901625,194.539555,705.571727,30.24073,0.245617,16.248287,9.07137,2210.94246,healthy,0,0,0,0,-0.453931,-0.101277,0.094578,-0.131928,-0.090309,-0.156659,0.004114,0.005919,1.0,199.365
128,takeoff,4523.640325,90.9427,54.105068,103.845241,193.233527,703.136941,30.743357,0.229031,16.104176,8.869026,2424.227794,healthy,0,0,0,0,1.169097,-0.605996,-0.748389,-0.497653,-0.078743,-0.060815,-0.003956,0.085136,1.0,199.36
129,takeoff,4500.373375,90.378716,53.874173,104.290162,194.348757,704.885878,30.636542,0.248026,16.24315,9.351412,2363.386421,healthy,0,0,0,0,-0.436384,0.00421,-0.078687,-0.001009,-2.03965,-0.197299,-0.005041,-0.004929,1.0,199.355
130,takeoff,4520.313121,90.914312,54.426662,103.718942,193.959913,713.242575,30.323509,0.242144,15.947406,9.490066,2297.240333,healthy,0,0,0,0,1.73825,-0.574818,-0.485437,0.323407,-0.560596,0.104935,-0.002864,0.058091,1.0,199.35
131,takeoff,4531.750171,92.975941,53.867195,104.207764,193.00161,707.336091,30.525081,0.245628,16.116693,9.165525,2339.48482,healthy,0,0,0,0,-1.878015,0.894878,-0.060864,-0.839201,0.653284,-0.0396,-0.002126,0.041117,1.0,199.345
132,takeoff,4520.871161,90.993308,54.01228,103.580535,190.650953,710.125356,30.313492,0.244186,16.250711,10.192442,2344.97471,healthy,0,0,0,0,-2.609087,-0.779698,-0.280168,-1.914244,-0.129447,0.114979,-0.004312,0.11289,1.0,199.34
133,takeoff,4503.216186,89.574191,54.229304,104.184789,192.199331,708.505874,30.548526,0.236611,15.999659,10.66912,2324.988698,healthy,0,0,0,0,-3.627161,-0.508753,-0.717625,-0.184648,-1.428016,0.04076,0.001994,-0.033224,1.0,199.335
134,takeoff,4500.66914,91.739196,53.803426,104.376862,192.704308,707.704051,30.23162,0.241635,15.917497,8.640442,2273.455103,healthy,0,0,0,0,2.296327,-0.634025,0.335358,-0.091672,1.129236,0.340612,0.000985,0.146206,1.0,199.33
135,takeoff,4535.787319,91.661187,53.809163,104.156436,194.127532,714.626981,30.638778,0.244579,15.866387,9.764041,2354.657476,healthy,0,0,0,0,2.27283,-0.217571,0.033079,-0.155115,-1.04621,0.171159,0.002844,-0.140263,1.0,199.325
136,takeoff,4519.113121,90.788785,53.930752,103.895135,193.37616,712.505204,30.279099,0.244647,15.95814,8.696682,2306.864044,healthy,0,0,0,0,-0.707553,-0.792817,-0.139471,0.425986,0.858969,-0.238542,0.00592,-0.002524,1.0,199.32
137,takeoff,4523.907133,91.475882,55.015437,103.53963,192.756218,711.18721,30.587522,0.24882,16.159936,9.72719,2291.861294,healthy,0,0,0,0,-5.978193,-0.130984,0.46996,-0.731462,-0.674445,-0.125131,0.001693,-0.052711,1.0,199.315
138,takeoff,4539.558159,91.264457,53.778761,103.699433,191.462206,711.089805,30.112639,0.244111,15.814274,8.147031,2319.574184,healthy,0,0,0,0,-1.782938,-0.085456,-0.473099,-0.004274,-1.229675,-0.077517,0.000278,-0.015557,1.0,199.31
139,takeoff,4492.615279,90.672151,54.581961,104.41798,191.400195,707.177118,30.784268,0.247422,16.065198,7.442965,2287.891457,healthy,0,0,0,0,2.639603,-0.506795,0.463877,-0.291145,0.791521,0.120536,0.002287,0.090594,1.0,199.305
140,takeoff,4495.958577,91.049185,53.504816,103.405567,190.695591,708.48414,30.249986,0.239133,16.247113,7.699751,2312.774332,healthy,0,0,0,0,2.684962,-0.475324,-0.073058,0.531795,0.576957,-0.002972,-0.004112,-0.145223,1.0,199.3
141,takeoff,4484.505855,92.000488,54.35272,104.007104,193.379778,713.323129,30.357612,0.245012,15.846767,9.251128,2359.965991,healthy,0,0,0,0,-4.33204,-0.320713,-0.362815,0.134233,-0.046947,-0.212624,-0.008285,-0.075077,1.0,199.295
142,takeoff,4486.671154,92.026106,53.79291,104.941688,193.50246,708.562633,30.489853,0.242224,16.057096,8.320009,2438.600275,healthy,0,0,0,0,-0.201012,0.027227,1.05241,0.663167,-1.046809,0.138957,0.002263,0.139325,1.0,199.29
143,takeoff,4513.876287,90.607266,53.868715,103.981122,191.266043,706.174719,30.152278,0.234691,15.907456,8.742637,2193.097158,healthy,0,0,0,0,-2.69352,-0.395532,0.176126,-0.293286,-2.698006,0.067164,-0.002073,-0.024838,1.0,199.285
144,takeoff,4521.437048,90.712103,54.158664,104.764824,191.955723,713.731721,30.225606,0.237138,16.044452,10.584285,2329.551053,healthy,0,0,0,0,-0.837989,0.005106,0.099427,-1.197045,-0.258168,0.049045,0.004975,0.046357,1.0,199.28
145,takeoff,4533.876612,91.189813,54.043229,104.170062,190.903319,710.235241,30.601954,0.235303,15.954401,8.566414,2281.168283,healthy,0,0,0,0,0.233654,0.26546,0.170741,-0.583062,-0.118055,-0.158864,-0.004019,-0.074445,1.0,199.275
146,takeoff,4521.033577,91.410017,55.006275,104.465604,193.933677,705.602332,30.270775,0.240409,15.9722,9.424421,2359.165105,healthy,0,0,0,0,-2.509434,0.194187,-0.824768,1.099435,0.04593,-0.135186,-0.001054,-0.0754,1.0,199.27
147,takeoff,4574.258323,91.340552,54.278723,104.460043,192.762988,705.404776,30.41971,0.246836,16.259576,9.592002,2302.814809,healthy,0,0,0,0,-2.76943,0.100738,0.849096,0.317628,0.42127,-0.341916,-0.001773,0.020967,1.0,199.265
148,takeoff,4517.236842,92.478991,54.135123,104.170119,192.42904,707.204047,30.334497,0.238069,15.843747,10.486797,2274.133936,healthy,0,0,0,0,2.85437,0.567244,-0.138551,-1.212577,-0.187649,-0.142929,0.00103,0.076432,1.0,199.26
149,takeoff,4516.218903,91.507262,53.795409,103.961726,191.818329,708.651416,30.782701,0.245206,16.001814,9.544515,2330.071513,healthy,0,0,0,0,-0.698424,-0.604635,-0.564042,-0.075219,0.910684,-0.259296,-0.000491,-0.138979,1.0,199.255
150,takeoff,4522.236959,90.227008,54.018856,103.523939,192.055168,706.231589,30.556141,0.254985,15.967666,8.872659,2208.103894,healthy,0,0,0,0,-4.221953,-0.126424,-0.65585,-1.54969,1.697468,-0.023741,-0.011459,0.027495,1.0,199.25
151,takeoff,4530.641717,90.750909,54.096029,103.624488,193.393234,709.79645,30.769606,0.241977,16.10315,11.010237,2325.731443,healthy,0,0,0,0,1.758126,0.023413,-0.149868,0.255979,-0.697677,-0.001593,0.00142,0.140905,1.0,199.245
152,takeoff,4514.29785,90.370548,54.672795,103.898283,192.782692,708.763973,30.147081,0.247714,15.810182,10.435205,2387.418602,healthy,0,0,0,0,-1.373422,-0.161673,0.594815,-1.22852,-1.348968,0.086622,-0.00253,-0.048919,1.0,199.24
153,takeoff,4500.576023,92.158806,53.954593,102.609841,194.998269,711.191968,30.23274,0.232432,16.30763,7.571195,2225.503927,healthy,0,0,0,0,-6.031173,0.688029,-0.597932,-0.629125,0.320829,0.02635,0.000985,0.040266,1.0,199.235
154,takeoff,4539.164164,89.953699,53.503354,104.271832,191.175719,712.713727,30.654688,0.248172,15.935088,10.604539,2144.056259,healthy,0,0,0,0,1.755084,0.227337,-0.587552,0.684038,1.122575,0.214147,0.005008,0.058523,1.0,199.23
155,takeoff,4477.740336,91.356688,53.917128,103.915846,193.613275,708.514335,30.461638,0.237765,16.049605,9.759581,2347.169879,healthy,0,0,0,0,-1.343356,0.49658,0.852218,1.744066,-1.813599,-0.034778,0.001031,0.031352,1.0,199.225
156,takeoff,4533.151228,90.587093,54.319949,103.31478,189.917823,707.286624,30.093335,0.248798,16.053754,7.896639,2378.908228,healthy,0,0,0,0,-0.777116,0.32204,-0.357253,-0.457679,0.238622,0.031746,0.006011,-0.042448,1.0,199.22
157,takeoff,4500.749374,93.051726,54.206851,104.884165,194.671049,716.134156,30.343585,0.243754,15.992816,9.787164,2432.799975,healthy,0,0,0,0,-0.972766,0.322634,0.758172,-0.993442,-0.482966,0.343042,-0.006845,-0.170628,1.0,199.215
158,takeoff,4500.564663,90.63289,54.798999,104.242947,192.869078,707.443036,30.626327,0.247016,16.125901,9.741155,2351.934859,healthy,0,0,0,0,-4.42345,0.103527,0.560863,1.096968,0.161893,0.182065,0.000302,0.070358,1.0,199.21
159,takeoff,4542.679655,91.394984,54.432982,104.077707,191.673272,707.653711,30.466047,0.24202,15.951471,10.008113,2370.935181,healthy,0,0,0,0,10.399061,0.305133,0.396444,-0.800795,0.767085,-0.005814,0.014907,-0.063216,1.0,199.205
160,takeoff,4512.463239,90.929657,54.082784,103.675695,190.83115,714.404326,30.722399,0.236913,15.967249,8.929348,2208.656653,healthy,0,0,0,0,-2.692375,-0.242431,-0.359523,0.013389,0.481069,-0.160412,-0.002962,0.037062,1.0,199.2
161,takeoff,4508.282106,90.769789,54.659504,103.470012,193.173129,708.966462,30.364619,0.242473,15.85133,10.809786,2311.128227,healthy,0,0,0,0,-0.432723,0.002678,0.179188,0.223768,3.251825,-0.00791,0.0072,0.045805,1.0,199.195
162,takeoff,4514.237215,88.857254,54.376506,102.869689,192.263555,705.076835,30.452935,0.244001,15.775471,9.313945,2324.094759,healthy,0,0,0,0,2.838411,0.115863,-0.788271,-0.024964,3.793694,-0.051573,0.006639,0.049006,1.0,199.19
163,takeoff,4508.175737,90.448995,54.215393,103.793906,192.50791,705.336793,30.597319,0.240713,16.091709,8.943611,2370.30799,healthy,0,0,0,0,0.862122,0.1758,-0.110727,0.259945,-1.451726,-0.171333,0.005347,0.021215,1.0,199.185
164,takeoff,4496.964821,91.288174,54.133978,103.083436,190.863883,709.222947,30.708455,0.244247,16.200589,8.873687,2351.92224,healthy,0,0,0,0,-1.007707,0.318894,0.859791,-1.126194,-0.971933,-0.084489,0.005102,-0.027469,1.0,199.18
165,takeoff,4520.185815,92.103398,53.933745,104.381004,194.577341,706.440187,30.672289,0.245242,16.381638,9.587265,2233.480024,healthy,0,0,0,0,0.693149,-0.251721,-0.081532,-1.878415,0.450103,0.169589,-0.003295,0.061879,1.0,199.175
166,takeoff,4529.262481,91.107591,53.847841,104.552748,189.404842,712.140784,30.493361,0.234971,15.975193,9.580268,2407.876025,healthy,0,0,0,0,-0.073947,0.129717,-0.2401,-0.443703,-0.789701,-0.217914,-0.003758,0.000961,1.0,199.17
167,takeoff,4544.099661,90.919525,54.94851,104.012341,193.340826,705.91615,30.407816,0.242668,15.904432,8.864106,2227.807524,healthy,0,0,0,0,-2.859715,0.214879,0.245458,1.110923,-0.148252,-0.166587,0.001561,-0.194591,1.0,199.165
168,takeoff,4509.29431,90.287389,53.869042,103.454669,191.334436,709.39573,30.2635,0.238805,16.300596,8.530559,2256.665763,healthy,0,0,0,0,1.290543,0.388048,0.514069,0.784978,0.139034,-0.176363,-0.002219,0.087446,1.0,199.16
169,takeoff,4521.98721,92.306968,54.116959,103.300804,192.177268,710.326514,30.212449,0.242551,15.898562,10.895993,2268.781212,healthy,0,0,0,0,-5.075975,-0.223238,-0.16268,-0.459942,0.062467,-0.222232,0.002141,-0.057857,1.0,199.155
170,takeoff,4501.73884,91.401155,54.89482,104.310319,193.897936,713.775394,30.286517,0.236784,16.058293,7.768339,2371.25375,healthy,0,0,0,0,4.033174,-0.063047,0.317465,1.808243,1.599905,-0.173726,-0.003373,0.045089,1.0,199.15
171,takeoff,4527.106967,91.838927,53.879832,105.049409,191.880732,706.701802,30.360235,0.250326,15.837037,7.765373,2333.096928,healthy,0,0,0,0,2.163422,0.149757,0.220933,1.308438,0.138119,0.218772,0.002725,-0.120197,1.0,199.145
172,takeoff,4513.28888,91.128992,53.969912,103.290514,192.654992,708.293299,30.429014,0.24221,15.736003,8.085849,2368.314413,healthy,0,0,0,0,3.210913,-0.377987,0.422309,-1.349308,3.717443,-0.158091,0.000663,0.153215,1.0,199.14
173,takeoff,4509.540204,93.780154,53.585258,103.129954,191.510824,705.833197,30.127361,0.23766,16.644948,9.084625,2231.92372,healthy,0,0,0,0,-0.495161,0.378829,0.530385,-2.151751,0.011683,-0.122364,0.000537,0.02433,1.0,199.135
174,takeoff,4527.632534,91.688012,54.392421,103.518608,189.558901,713.763457,30.449273,0.23668,15.953429,9.517049,2314.750945,healthy,0,0,0,0,-1.902208,-0.43182,-0.365988,0.07779,0.564145,-0.020899,-0.000151,0.040293,1.0,199.13
175,takeoff,4524.184253,92.45606,53.785099,103.187134,192.224974,711.670445,30.712564,0.24479,15.799017,9.860412,2133.775094,healthy,0,0,0,0,-0.277035,-0.262551,0.264529,0.924776,-0.757505,-0.280462,-0.005226,0.130921,1.0,199.125
176,takeoff,4536.197589,91.607814,53.99001,104.377565,192.080078,714.058994,30.452427,0.234548,16.109194,10.854912,2404.885826,healthy,0,0,0,0,5.548076,0.244885,-0.138123,0.85751,1.592264,-0.090913,-0.002856,0.103457,1.0,199.12
177,takeoff,4517.917124,90.208569,54.462829,103.752834,194.239758,706.367022,30.384867,0.252502,16.122747,8.762367,2358.450969,healthy,0,0,0,0,-2.411294,-0.365677,-0.422979,-1.324365,-0.072993,0.274078,0.002046,0.062756,1.0,199.115
178,takeoff,4488.527667,91.421518,54.894467,103.448438,191.051015,703.522324,30.739473,0.232249,15.950398,10.733058,2326.707433,healthy,0,0,0,0,0.453595,-0.415814,-0.307968,-0.825358,0.615654,-0.146595,0.005002,-0.165646,1.0,199.11
179,takeoff,4526.951251,92.700149,53.901674,102.938246,193.502085,711.853201,30.626624,0.247664,16.043937,8.135379,2223.172227,healthy,0,0,0,0,1.755597,0.347356,-0.366665,-0.170672,-0.381231,-0.292688,0.002606,-0.064458,1.0,199.105
180,takeoff,4556.356154,91.645041,54.119866,103.857739,192.416427,707.177374,30.333582,0.247305,16.020889,9.799247,2272.066774,healthy,0,0,0,0,-2.499757,-0.404298,-0.121952,0.311112,-0.382943,-0.09289,0.002485,0.019045,1.0,199.1
181,takeoff,4531.629672,91.271521,54.779295,104.318636,191.672617,713.352295,30.597311,0.250622,16.246899,10.200477,2259.375996,healthy,0,0,0,0,1.40802,-0.043878,-0.032006,-2.117703,-1.163061,-0.071217,-0.000132,0.106001,1.0,199.095
182,takeoff,4498.6743,91.0438,54.197412,104.132643,192.653313,706.10537,30.416689,0.250178,16.107249,8.980646,2232.224746,healthy,0,0,0,0,-0.868461,0.123905,0.497902,-0.93657,-0.528953,0.199395,0.000493,-0.054933,1.0,199.09
183,takeoff,4496.831011,89.081556,53.958699,104.298315,191.780735,713.078653,30.530091,0.236987,16.158037,8.244164,2461.499198,healthy,0,0,0,0,1.648784,0.350898,-0.521219,0.544963,-1.702801,0.110612,-0.003536,0.079872,1.0,199.085
184,takeoff,4501.525621,89.978993,53.537563,103.773453,190.761009,704.76416,30.219038,0.242749,15.97123,9.22447,2328.356479,healthy,0,0,0,0,-0.998416,0.192492,0.196203,0.420424,1.872777,0.194626,0.010087,0.02114,1.0,199.08
185,takeoff,4500.444775,90.605396,53.636303,103.856045,191.836344,708.148012,30.774949,0.232823,15.884526,10.785236,2301.738286,healthy,0,0,0,0,-2.640324,0.214373,0.089715,-0.061581,0.000361,-0.028623,0.003208,-0.0265,1.0,199.075
186,takeoff,4496.38084,92.239587,54.367926,104.374089,192.339721,711.750939,30.563336,0.244965,16.021686,9.406677,2295.438622,healthy,0,0,0,0,-4.463886,0.278743,1.216447,-0.064865,0.981505,-0.078892,0.001943,0.025674,1.0,199.07
187,takeoff,4518.073733,92.302904,54.623824,103.387307,192.00395,708.181033,30.673279,0.24208,15.751232,10.195189,2215.311619,healthy,0,0,0,0,-1.249913,0.724461,0.022378,-1.353532,-0.105413,-0.247007,-0.005681,-0.03072,1.0,199.065
188,takeoff,4534.26753,90.662508,54.197804,104.458432,192.230449,710.995743,29.954086,0.245508,16.325524,8.888356,2342.082298,healthy,0,0,0,0,-1.62301,0.250629,-0.035523,0.42255,-0.161365,-0.11483,-0.000666,0.127932,1.0,199.06
189,takeoff,4535.103629,91.676932,53.598939,103.889902,192.113313,707.508549,30.624053,0.239796,16.203077,10.058036,2289.768292,healthy,0,0,0,0,-0.832797,-0.650307,0.146655,0.794143,1.308431,-0.118025,-0.001903,-0.048929,1.0,199.055
190,takeoff,4511.690688,89.566777,54.448422,104.996678,192.452307,710.715721,30.517603,0.240759,16.152742,10.008661,2297.861732,healthy,0,0,0,0,2.890581,0.552348,0.067549,-0.502761,-0.213821,0.053629,-0.001002,-0.1581,1.0,199.05
191,takeoff,4521.644758,91.124866,54.916062,104.148339,192.937093,707.563898,30.283423,0.240486,16.119228,9.565623,2298.215359,healthy,0,0,0,0,0.359209,-0.452245,0.381678,0.322847,-0.784206,0.256792,-0.000836,0.013473,1.0,199.045
192,takeoff,4509.73109,90.876949,54.670999,104.488827,194.366421,711.669383,30.391737,0.236922,16.148687,6.789517,2428.085252,healthy,0,0,0,0,2.414213,0.737454,0.026103,-0.082956,0.397937,-0.26328,-0.001745,-0.087464,1.0,199.04
193,takeoff,4530.892562,93.35326,54.546446,102.910971,192.01644,703.732775,30.450823,0.24092,16.368544,6.327706,2438.435934,healthy,0,0,0,0,-1.696598,-0.144848,-0.228052,-0.630446,-0.442961,0.07131,-0.004344,0.020511,1.0,199.035
194,takeoff,4526.936331,91.097657,53.892165,104.91745,191.891178,706.403145,30.49993,0.25543,15.847236,9.336142,2394.270129,healthy,0,0,0,0,1.28138,0.274174,-0.368779,-0.879563,-0.880282,-0.060439,-0.004748,-0.007392,1.0,199.03
195,takeoff,4521.253164,90.186666,54.339417,103.684986,191.13332,709.589322,30.553128,0.237253,15.976357,9.281403,2435.336485,healthy,0,0,0,0,0.625274,-0.583715,-0.596634,0.262886,0.580687,0.192889,-0.007903,0.024736,1.0,199.025
196,takeoff,4513.614511,90.521755,53.045322,103.837209,192.946508,711.02475,30.668392,0.242493,15.938856,9.032143,2391.896607,healthy,0,0,0,0,-4.419768,0.106973,0.289959,0.696643,-1.385811,0.095354,-0.002438,0.021181,1.0,199.02
197,takeoff,4534.260815,89.321105,53.775625,103.813972,192.120351,708.449067,30.035524,0.23849,16.14745,9.755876,2338.626124,healthy,0,0,0,0,3.247499,0.688955,-0.326956,0.332936,0.923486,0.048596,-0.014895,0.014429,1.0,199.015
198,takeoff,4508.631608,90.968588,54.686599,103.225156,192.022429,708.445831,30.441932,0.241856,16.06874,9.978467,2542.926889,healthy,0,0,0,0,-0.938513,0.010305,0.06672,1.705349,-1.803765,0.059105,-0.006522,-0.054493,1.0,199.01
199,takeoff,4512.958267,94.557045,54.26422,104.812783,192.008486,709.49219,30.220008,0.24335,16.086282,8.203735,2330.855925,healthy,0,0,0,0,-0.404696,-0.415618,-0.279123,-0.095006,-0.903582,-0.198786,-0.002641,0.062359,1.0,199.005
200,cruise,4136.889349,71.1995,54.450894,103.841924,171.038233,650.685588,26.348638,0.235699,11.902856,8.942113,2351.344818,healthy,0,0,0,0,0.779195,-0.071834,1.10341,0.131411,2.075906,0.029518,0.006645,0.000198,1.0,199.0
201,cruise,4125.764643,70.91207,53.61614,103.967026,172.650765,646.992478,26.396935,0.235542,11.937849,10.057535,2317.812203,healthy,0,0,0,0,0.842636,0.011818,0.909982,0.055114,1.838662,0.052045,0.003041,0.065464,1.0,198.995
202,cruise,4126.26356,70.683578,54.308411,103.488637,171.60713,652.949108,26.430563,0.237031,11.854647,9.079229,2490.025902,healthy,0,0,0,0,-1.348127,-0.367185,-0.769491,0.679365,1.26319,0.081052,9e-06,-0.022924,1.0,198.99
203,cruise,4125.87082,70.571594,54.74629,103.077159,172.348623,648.959144,26.715558,0.238521,11.826755,7.812608,2262.450932,healthy,0,0,0,0,3.773157,0.025817,-0.223395,0.760732,1.029337,-0.011558,-0.0021,-0.189546,1.0,198.985
204,cruise,4145.21016,72.288788,53.132897,104.232673,171.212871,653.218658,26.323108,0.234372,11.771878,10.087384,2364.50664,healthy,0,0,0,0,1.744971,-0.16529,0.526908,-0.363009,1.279863,-0.026893,0.005524,0.105752,1.0,198.98
205,cruise,4134.93648,72.976285,54.106324,104.219048,171.779305,648.842381,26.227253,0.240378,12.108717,9.33203,2291.345083,healthy,0,0,0,0,-4.773407,-0.299606,0.377634,-0.929434,-0.907604,0.033973,-0.003086,0.0577,1.0,198.975
206,cruise,4096.594199,71.983224,54.509678,104.58066,171.891693,648.117419,26.596851,0.237141,12.099614,8.082479,2414.86858,healthy,0,0,0,0,1.798508,-0.895522,-0.254451,0.398566,1.189267,0.045731,0.002489,-0.016081,1.0,198.97
207,cruise,4108.160298,69.72486,54.67174,104.44758,172.549221,647.56215,25.990272,0.244643,11.998426,9.284886,2215.238587,healthy,0,0,0,0,0.729548,-0.388187,-0.015645,0.371228,1.14856,-0.047206,-0.001873,0.12298,1.0,198.965
208,cruise,4136.686605,71.469783,54.071359,105.249853,171.970014,652.6104,25.967814,0.231749,11.903743,9.569556,2330.908302,healthy,0,0,0,0,1.253349,-0.023018,-0.260063,-0.628159,0.064127,-0.109941,0.004201,-0.029445,1.0,198.96
209,cruise,4124.086599,69.822711,53.523784,104.192572,173.240951,646.405936,26.697668,0.245286,11.866243,10.574866,2271.420233,healthy,0,0,0,0,-10.225077,0.223098,0.349627,1.022059,-0.687626,-0.184994,-0.002714,-0.058623,1.0,198.955
210,cruise,4130.685101,73.228067,55.100166,103.933106,172.146392,652.060442,26.257972,0.24168,11.922116,9.491902,2244.230942,healthy,0,0,0,0,4.254012,-0.853675,-0.406874,-0.774359,0.194381,-0.054908,-0.000494,-0.03128,1.0,198.95
211,cruise,4101.225318,71.681909,53.654789,104.963061,172.864488,648.165885,26.42072,0.23716,12.059842,9.812345,2403.150324,healthy,0,0,0,0,2.993638,-0.142034,0.12713,-0.197875,1.414253,0.15735,0.007475,-0.050868,1.0,198.945
212,cruise,4078.256266,69.637212,54.307793,103.477847,172.181975,649.511396,26.500524,0.24363,11.773156,11.59792,2154.562455,healthy,0,0,0,0,-1.190071,0.290757,1.06963,-0.854121,1.824617,0.243439,-0.002893,0.107289,1.0,198.94
213,cruise,4105.295822,71.525147,55.063752,103.220821,173.005388,650.651857,26.534021,0.240204,12.139307,10.143191,2339.846767,healthy,0,0,0,0,3.872259,0.266299,0.549702,0.84104,2.361393,-0.168111,-0.008194,0.028018,1.0,198.935
214,cruise,4099.742732,71.469102,53.843641,104.368231,171.996073,650.551054,26.438092,0.240079,12.207597,8.877961,2268.412832,healthy,0,0,0,0,-1.014112,0.093624,-0.375598,-0.656569,0.220531,0.162651,-0.000708,-0.07384,1.0,198.93
215,cruise,4159.480407,71.543657,54.187538,104.674197,174.374667,646.237363,26.331783,0.245453,12.139753,10.535684,2386.447523,healthy,0,0,0,0,3.979922,0.439546,-0.072784,-0.402305,-0.428475,0.182815,-0.002184,0.056965,1.0,198.925
216,cruise,4114.178691,71.42416,53.487863,103.422593,170.878413,651.458594,26.234894,0.227076,11.902563,9.849382,2360.434001,healthy,0,0,0,0,-2.044477,-0.17202,-0.108539,0.721288,0.978003,-0.228156,0.007625,0.013392,1.0,198.92
217,cruise,4119.804429,70.503927,55.001711,103.492375,172.210488,645.956865,26.435875,0.236631,12.092784,8.30913,2342.646114,healthy,0,0,0,0,0.508807,0.315509,-0.151011,0.588248,1.18724,0.346088,-0.00832,-0.01327,1.0,198.915
218,cruise,4131.863026,71.236125,54.783478,103.415726,171.363201,652.143506,26.423767,0.236988,12.009768,9.213968,2233.684348,healthy,0,0,0,0,-4.32058,-0.526013,0.210469,-0.78161,2.802608,-0.068324,0.003022,0.103331,1.0,198.91
219,cruise,4106.54099,70.552256,54.611899,104.119134,171.904611,647.658207,25.966967,0.233013,12.080264,9.646833,2251.538811,healthy,0,0,0,0,0.833188,0.994258,-0.46537,-0.535267,0.044051,-0.166907,0.007538,0.029651,1.0,198.905
220,cruise,4111.163604,70.672914,53.560904,103.458062,173.787173,652.589991,26.266279,0.239,11.968375,9.53747,2303.215852,healthy,0,0,0,0,3.456114,0.720966,-0.604244,0.677857,-3.459324,0.210419,-0.008689,-0.050492,1.0,198.9
221,cruise,4129.546766,71.671193,53.460129,105.03677,174.476563,649.210854,26.46277,0.2362,11.967318,9.517842,2234.169772,healthy,0,0,0,0,-3.42736,0.01937,-0.508867,1.138465,-2.342433,0.093276,-0.002999,0.040827,1.0,198.895
222,cruise,4138.29085,71.056142,54.727074,103.389477,171.409528,645.845339,26.35595,0.242328,11.920481,9.746001,2350.059506,healthy,0,0,0,0,-1.156415,0.231727,0.653176,-1.280726,0.62059,0.139618,-0.004616,0.048713,1.0,198.89
223,cruise,4133.407112,70.777049,54.747494,103.759494,174.118106,646.360351,26.746216,0.227769,12.030469,10.880924,2255.419357,healthy,0,0,0,0,0.525588,0.253323,-0.006608,0.455604,-1.860223,-0.075836,0.010534,-0.00709,1.0,198.885
224,cruise,4123.395479,71.439328,54.427576,104.446381,172.833707,649.656702,26.398225,0.245626,11.925009,9.370718,2401.565687,healthy,0,0,0,0,-0.416142,-0.823336,0.399875,0.067478,-1.251334,-0.209355,0.007918,-0.065224,1.0,198.88
225,cruise,4119.022425,70.8787,54.212878,102.949527,173.247042,651.01967,26.573491,0.234742,12.19567,10.434316,2412.297917,healthy,0,0,0,0,-2.16591,0.207945,-0.868327,0.373177,-1.391559,-0.104493,-0.003234,0.136338,1.0,198.875
226,cruise,4153.409615,70.694175,53.513714,103.718291,172.684958,648.521949,26.4909,0.246497,11.969133,9.719174,2421.01455,healthy,0,0,0,0,-3.827317,0.247892,0.122593,-0.666122,0.577575,0.095466,-0.007507,0.137136,1.0,198.87
227,cruise,4098.865228,69.859268,54.670706,104.138957,171.490018,648.474999,26.386099,0.247256,12.156628,9.123015,2281.696734,healthy,0,0,0,0,-2.735841,-0.384768,-0.291338,0.418557,0.299455,-0.05998,0.000152,0.040822,1.0,198.865
228,cruise,4089.263331,72.196897,54.601951,104.191457,173.101331,651.185552,26.398717,0.242997,12.28939,9.36096,2409.6161,healthy,0,0,0,0,-0.415137,-0.373858,-0.580793,0.110075,-1.534503,-0.062028,0.011876,0.010505,1.0,198.86
229,cruise,4137.068669,71.413694,54.133075,104.715793,172.486827,649.439428,26.375674,0.241107,11.911509,8.288652,2375.354387,healthy,0,0,0,0,2.602857,-0.283094,0.136907,0.199568,-0.384892,0.126504,-0.00766,0.030325,1.0,198.855
230,cruise,4121.177264,71.799078,53.660574,104.139404,171.343391,651.012366,26.484732,0.22919,12.12446,9.680552,2274.935399,healthy,0,0,0,0,1.45494,0.440009,0.490355,-0.727624,-2.29191,-0.153559,0.000974,0.035374,1.0,198.85
231,cruise,4101.23735,71.854592,54.710324,104.51709,171.688111,656.371018,26.575401,0.24337,12.031607,11.360051,2321.788362,healthy,0,0,0,0,0.068249,0.362223,0.116814,0.267258,-1.227391,0.256585,0.003343,-0.108715,1.0,198.845
232,cruise,4131.623327,71.240198,54.187957,103.547835,172.92362,645.404199,26.573104,0.251119,12.203712,11.340421,2270.332092,healthy,0,0,0,0,-3.076927,0.773593,-0.309841,0.021841,-0.232386,-0.123934,0.000971,-0.071811,1.0,198.84
233,cruise,4126.826014,72.686831,54.763982,103.527212,173.909832,652.752243,26.150628,0.246852,12.233504,9.359729,2322.106968,healthy,0,0,0,0,-2.69211,0.326846,0.206902,1.125624,-0.126911,0.041806,0.018667,-0.044054,1.0,198.835
234,cruise,4122.02231,72.666701,54.696746,103.447199,172.769755,643.485285,26.224327,0.243058,12.047028,7.805345,2374.623616,healthy,0,0,0,0,2.273647,0.366466,-0.757806,0.279491,1.350559,0.069879,-0.002934,0.042153,1.0,198.83
235,cruise,4100.771828,70.055248,54.374732,104.609134,171.624092,650.832645,26.682192,0.246459,11.927362,9.667986,2252.215154,healthy,0,0,0,0,1.298341,0.427409,0.317765,-0.364781,-1.406802,0.100012,0.007308,-0.138086,1.0,198.825
236,cruise,4128.529206,71.029417,54.19216,103.780975,171.172928,643.531696,26.510082,0.250438,12.023108,10.388356,2274.442492,healthy,0,0,0,0,0.325148,-0.766345,0.088543,-0.304257,1.585318,0.022036,-0.001677,-0.004953,1.0,198.82
237,cruise,4118.480476,72.031437,55.396715,104.79878,172.574025,648.437106,26.528014,0.234981,11.869634,9.220466,2530.295945,healthy,0,0,0,0,-2.039638,-0.101663,-0.280172,-0.313998,-1.371797,0.127413,0.001962,-0.151807,1.0,198.815
238,cruise,4151.191201,72.324848,54.653181,104.374729,172.65479,651.419946,26.261072,0.246633,12.059958,10.054625,2344.409959,healthy,0,0,0,0,-5.876664,-0.357218,0.152483,1.269145,0.15036,-0.283017,0.002285,0.030905,1.0,198.81
239,cruise,4093.849606,69.122176,54.845373,104.098096,172.11611,644.473683,26.063271,0.240208,12.178586,10.527538,2342.442501,healthy,0,0,0,0,0.419964,-0.605963,0.35686,0.332431,1.966078,0.05701,-0.001297,0.113671,1.0,198.805
240,cruise,4117.356883,72.056911,54.396242,103.997219,172.220595,648.870229,26.371801,0.245858,11.933775,8.164123,2297.289682,healthy,0,0,0,0,2.282308,-0.294361,0.06004,-0.002294,-1.400083,-0.310035,0.002488,-0.037025,1.0,198.8
241,cruise,4098.850421,69.937487,54.235077,104.344862,173.290975,656.208671,26.347378,0.249876,11.976499,10.800709,2293.276692,healthy,0,0,0,0,0.494633,0.013952,0.27321,-0.580909,-0.766408,0.195824,-0.003896,0.055642,1.0,198.795
242,cruise,4113.660897,70.98964,54.042028,104.098244,171.58061,650.967636,26.396323,0.235779,12.030742,10.084307,2446.488778,healthy,0,0,0,0,1.683043,-0.557106,0.390193,-0.464436,-1.385066,0.000624,0.005549,0.003974,1.0,198.79
243,cruise,4101.975745,70.130898,54.346844,103.917639,172.348561,643.794228,26.45921,0.249378,12.004664,9.659978,2353.421247,healthy,0,0,0,0,-0.08547,-0.332735,0.079604,-0.048801,-1.20123,-0.02158,0.003613,-0.031682,1.0,198.785
244,cruise,4097.533258,71.408912,54.103381,104.097315,172.07545,648.436975,26.465013,0.236796,12.065225,9.581501,2145.382771,healthy,0,0,0,0,-3.903122,-0.334992,-0.244584,-0.001661,-1.439723,0.144889,0.001535,-0.015183,1.0,198.78
245,cruise,4147.353465,70.321518,54.436768,104.130522,175.148008,645.764739,26.565445,0.237041,11.778341,9.709974,2452.510622,healthy,0,0,0,0,-1.965132,0.294136,-0.496628,-0.635764,0.576682,-0.154927,-0.003514,0.05906,1.0,198.775
246,cruise,4112.341792,70.364083,54.341916,103.947473,172.288161,648.047794,26.600463,0.248047,12.073321,6.659257,2237.256682,healthy,0,0,0,0,-0.352076,0.097424,-0.102801,-1.188157,0.967969,-0.075996,0.006875,-0.164628,1.0,198.77
247,cruise,4077.81121,71.701442,54.518834,104.21603,172.632113,650.062452,26.365587,0.24264,11.91242,9.141014,2218.693514,healthy,0,0,0,0,-0.668778,0.333703,0.421111,-0.918319,-0.155796,-0.061784,0.00669,0.080294,1.0,198.765
248,cruise,4126.252045,71.621563,54.734423,103.978132,172.387669,651.063041,26.204335,0.234248,12.255818,9.545329,2483.947201,healthy,0,0,0,0,-1.085588,0.034574,-0.244925,0.647789,0.996771,-0.039742,-0.008914,-0.013934,1.0,198.76
249,cruise,4121.770614,69.894286,53.234565,103.37557,172.62047,650.104346,26.540423,0.243288,12.004302,10.10147,2258.948205,healthy,0,0,0,0,3.550188,-0.92759,0.120171,0.415214,-0.170259,0.022993,-0.000537,0.004906,1.0,198.755
250,cruise,4126.420134,70.314756,54.202152,103.866694,173.280672,648.430451,26.698463,0.247927,11.915746,9.73303,2289.661885,healthy,0,0,0,0,2.464864,-0.180716,0.064572,-0.068371,-1.379816,-0.001077,-0.000282,0.135488,1.0,198.75
251,cruise,4118.290856,70.881098,53.126077,104.147705,172.706195,651.236483,26.639357,0.244204,12.027652,8.465497,2306.068092,healthy,0,0,0,0,0.381775,-0.145737,-0.22705,0.903336,-1.528823,-0.026691,-0.011274,-0.062358,1.0,198.745
252,cruise,4156.86169,70.560608,55.414358,104.485041,171.988519,644.593313,26.4899,0.240381,12.127775,10.422345,2421.07293,healthy,0,0,0,0,3.040541,-0.198747,0.24021,-0.74439,-6.00956,-0.102565,-0.003994,0.019058,1.0,198.74
253,cruise,4095.240431,70.684546,54.434894,103.770321,171.915983,655.178867,26.527303,0.244229,11.936211,10.849158,2367.515645,healthy,0,0,0,0,-2.602673,-0.553948,-0.01187,-1.248227,0.486663,0.112977,-0.006362,-0.093277,1.0,198.735
254,cruise,4141.475208,72.047757,54.624046,103.933386,171.948527,648.426632,26.424726,0.244002,11.954403,7.5336,2317.426666,healthy,0,0,0,0,1.10984,0.099928,-0.580569,0.883592,-2.389037,0.261238,-1.2e-05,-0.022559,1.0,198.73
255,cruise,4129.368887,70.642756,54.10136,103.778273,171.275573,652.047436,26.431526,0.236497,12.226221,7.212134,2356.736738,healthy,0,0,0,0,-2.580756,-0.540852,-1.669929,-0.558836,-0.171972,-0.088395,0.004452,-0.08836,1.0,198.725
256,cruise,4142.137959,71.783306,54.529462,103.619049,173.579683,646.395953,26.577926,0.243347,11.966315,7.639625,2121.326971,healthy,0,0,0,0,-3.100855,-0.235035,0.271799,1.443024,-0.068828,-0.059657,-0.002601,-0.105048,1.0,198.72
257,cruise,4114.346051,70.299666,54.427359,104.557142,174.200643,653.426178,26.233383,0.250809,12.15842,10.857623,2240.161748,healthy,0,0,0,0,-4.314609,-0.193268,0.522074,-0.698994,-0.028257,0.211642,0.008894,0.050189,1.0,198.715
258,cruise,4106.372299,72.500449,54.488474,104.533725,172.683157,646.465862,26.319759,0.235421,11.981269,8.843973,2306.029454,healthy,0,0,0,0,-1.94579,-0.12024,-0.518954,0.864076,-2.067899,0.105499,-0.005176,0.118281,1.0,198.71
259,cruise,4127.630913,71.127324,54.559075,103.110364,173.339025,649.476015,26.332996,0.24054,12.017414,9.740352,2293.634321,healthy,0,0,0,0,1.544202,0.582607,0.048523,-0.642062,-2.134072,0.160782,-0.003568,-0.119131,1.0,198.705
260,cruise,4112.692716,69.812573,54.453376,104.425719,171.161987,652.190466,26.482042,0.243766,11.741423,9.793435,2344.632058,healthy,0,0,0,0,-2.547361,0.352827,-0.844038,0.153547,-1.599336,-0.078545,0.007415,-0.045941,1.0,198.7
261,cruise,4116.055878,71.131315,54.082303,103.904372,175.053385,649.702315,26.400123,0.23497,12.429466,10.103338,2299.978054,healthy,0,0,0,0,0.179376,-0.248871,0.428268,0.739579,-0.817592,0.145365,-0.002175,0.176026,1.0,198.695
262,cruise,4115.381976,70.333062,54.47419,104.960185,172.329683,655.902066,26.571625,0.231578,12.056712,9.779557,2311.568438,healthy,0,0,0,0,-1.415783,0.496296,0.037692,-0.020209,2.112144,0.294198,0.009525,0.062655,1.0,198.69
263,cruise,4098.491614,70.808678,54.138313,103.925266,175.21831,649.182839,26.386519,0.237298,11.962646,10.294091,2407.966451,healthy,0,0,0,0,-5.939645,-0.035752,-0.132944,-1.000307,-1.84955,0.15512,0.00195,0.052795,1.0,198.685
264,cruise,4178.64483,69.164529,53.53691,104.845029,173.175146,647.160089,26.400465,0.240555,11.889989,8.999542,2151.988796,healthy,0,0,0,0,-0.554302,0.253574,-0.195155,-1.292004,-2.386435,0.071685,0.000396,-0.000229,1.0,198.68
265,cruise,4108.08181,72.778609,54.482811,105.352908,172.088878,651.040818,26.485136,0.251196,11.965259,7.924409,2413.283756,healthy,0,0,0,0,-0.568376,-0.178146,0.601324,0.202135,-0.808434,-0.102529,-0.006164,0.087428,1.0,198.675
266,cruise,4135.302853,73.988026,54.01256,103.221513,170.959645,649.866961,26.409187,0.241304,12.117947,9.888846,2335.632576,healthy,0,0,0,0,2.229827,-0.036824,0.343239,-1.348655,-0.401007,0.075965,-0.000948,0.046853,1.0,198.67
267,cruise,4123.147968,71.091224,54.441515,104.14638,172.291938,650.238618,26.438374,0.241489,12.138953,9.134158,2339.560708,healthy,0,0,0,0,1.329286,0.066043,0.389955,1.364718,-0.102421,0.137956,0.001158,-0.138745,1.0,198.665
268,cruise,4139.154687,72.384593,54.524196,104.405884,171.157677,647.996253,26.451349,0.248627,11.89311,9.208869,2325.732904,healthy,0,0,0,0,0.910888,0.186776,0.514979,-0.297104,0.197489,0.301792,0.002578,0.038077,1.0,198.66
269,cruise,4097.164482,72.616811,53.82273,104.083602,172.954188,645.394523,26.368417,0.240713,12.159759,9.194131,2389.698983,healthy,0,0,0,0,-0.540951,-0.05066,-0.48795,-0.395799,0.611033,-0.133733,-0.005388,0.107905,1.0,198.655
270,cruise,4105.559888,70.181854,54.294898,102.94906,172.702118,644.268713,26.379679,0.246946,12.003421,10.679245,2412.757204,healthy,0,0,0,0,0.59407,0.094023,0.303579,0.075714,-1.732842,-0.099106,-0.000503,-0.076137,1.0,198.65
271,cruise,4123.809614,69.761448,54.768761,103.249931,173.354963,650.1459,26.464017,0.238927,12.213108,8.622707,2216.329132,healthy,0,0,0,0,3.096606,-0.115456,0.900014,0.179056,0.968169,0.220736,0.011516,-0.064392,1.0,198.645
272,cruise,4111.164011,72.358377,54.619261,103.437848,173.582641,646.87289,26.436495,0.24455,11.859449,9.890767,2285.332952,healthy,0,0,0,0,-0.710032,-0.292422,0.128925,0.336372,-1.233163,0.167481,0.0031,0.162381,1.0,198.64
273,cruise,4136.222179,71.787208,53.610788,104.422602,171.560811,648.600122,26.653984,0.242356,12.112711,8.336809,2218.268394,healthy,0,0,0,0,-0.538512,-0.027522,0.573719,-0.664641,-1.361045,-0.107234,0.003515,0.044102,1.0,198.635
274,cruise,4099.678369,69.110566,54.701313,104.339151,171.299063,652.726152,26.051982,0.243696,11.978572,9.75822,2438.432237,healthy,0,0,0,0,1.860145,0.247017,-0.227197,-0.628849,-0.74435,-0.134697,-0.004414,0.004232,1.0,198.63
275,cruise,4102.649818,72.165446,54.570361,103.799523,173.697792,650.071369,26.603508,0.222511,12.155949,8.904498,2289.142279,healthy,0,0,0,0,-5.891965,0.278088,0.223209,-0.992618,0.072798,0.017142,0.003584,-0.08306,1.0,198.625
276,cruise,4127.961801,71.910913,54.10718,104.063646,172.229772,652.825369,26.29835,0.244863,12.075103,10.007015,2305.957913,healthy,0,0,0,0,0.786662,0.205234,0.164259,-0.655517,1.119828,0.014119,0.003344,0.070087,1.0,198.62
277,cruise,4129.492492,70.277181,54.150032,103.601751,171.592841,651.122622,26.28742,0.239811,11.976518,9.455723,2274.215448,healthy,0,0,0,0,0.211255,0.207797,0.454466,-1.735066,0.049246,-0.104736,0.004029,0.035606,1.0,198.615
278,cruise,4124.436948,71.382462,54.241493,102.471576,172.581935,649.738661,26.371647,0.240948,12.064398,9.083254,2356.333897,healthy,0,0,0,0,-1.563621,-0.039701,-0.95318,-1.018929,-2.459033,0.050706,-0.00275,-0.007644,1.0,198.61
279,cruise,4110.428872,72.01718,54.230018,104.570306,173.381867,648.108102,26.421864,0.238042,11.904612,7.231678,2489.069775,healthy,0,0,0,0,4.053927,0.058174,0.037927,0.37676,-0.376352,-0.346064,0.000362,-0.042769,1.0,198.605
280,cruise,4090.567032,70.885036,54.226536,104.498372,171.796132,650.805816,26.363194,0.243436,12.002268,7.737479,2197.088279,fuel_mixture_drift,1,2,280,1000,0.423967,-0.888251,-0.442152,0.479542,-1.37754,0.154108,-0.001068,0.028625,1.0,198.6
281,cruise,4102.648509,70.801946,54.422351,104.50913,172.41446,646.814304,26.584601,0.249547,11.84251,9.858362,2251.126271,fuel_mixture_drift,1,2,280,1000,3.459217,0.59629,0.142195,0.253764,1.494267,0.084677,-0.002401,0.038425,0.995758,198.595
282,cruise,4132.116858,72.293907,54.171518,103.576707,173.167603,649.281848,26.483797,0.230115,12.302647,8.295756,2383.499759,fuel_mixture_drift,1,2,280,1000,0.39391,0.730275,-0.864113,0.207283,1.123132,0.096964,-0.003655,0.083268,0.991515,198.59
283,cruise,4125.701923,71.419549,54.952802,104.186309,173.909359,658.294933,26.277678,0.243144,12.009364,10.205467,2274.17231,fuel_mixture_drift,1,2,280,1000,1.795928,0.073761,-0.482118,1.481878,-0.793554,-0.074524,0.001398,0.165691,0.987273,198.585
284,cruise,4148.127237,70.100801,54.388701,104.68543,171.332319,656.403508,26.296316,0.248528,12.064029,8.847822,2242.672162,fuel_mixture_drift,1,2,280,1000,-0.662867,-0.546375,0.1253,-1.563346,2.415862,0.276543,-0.005127,0.147682,0.98303,198.58
285,cruise,4149.432635,72.201138,54.6921,103.79003,172.421456,652.650518,26.730155,0.235648,12.208885,10.619768,2335.652718,fuel_mixture_drift,1,2,280,1000,2.976122,-0.304177,0.325748,0.450533,1.859929,0.100485,0.000709,0.258193,0.978788,198.575
286,cruise,4104.433239,70.699531,54.429226,103.055036,171.7084,650.817045,26.814849,0.247263,12.144961,9.378945,2400.042497,fuel_mixture_drift,1,2,280,1000,-4.191299,-0.162345,0.936712,-0.039044,2.07811,0.177685,0.001759,0.057272,0.974545,198.57
287,cruise,4123.607589,71.536992,53.39269,104.342443,171.413813,651.216395,26.324971,0.252034,12.469941,8.582551,2380.023073,fuel_mixture_drift,1,2,280,1000,3.854827,-0.196143,0.141292,-1.63789,3.040766,-0.006746,-0.00379,0.264934,0.970303,198.565
288,cruise,4134.173664,69.672344,54.074771,103.501133,170.943926,650.535899,26.375885,0.235241,12.521493,7.462171,2467.44373,fuel_mixture_drift,1,2,280,1000,1.357525,-0.507432,-0.550746,0.145235,2.099199,0.133064,-0.001737,0.264336,0.966061,198.56
289,cruise,4174.690003,72.185967,53.752323,104.045909,173.068459,653.795104,26.431678,0.238609,12.730124,10.262726,2350.743014,fuel_mixture_drift,1,2,280,1000,0.199842,-0.4984,0.689046,-0.481756,6.529027,-0.140116,0.002099,0.346589,0.961818,198.555
290,cruise,4142.290527,68.703867,54.368249,103.402954,171.711388,655.759563,26.557745,0.243164,12.603066,8.343822,2394.230334,fuel_mixture_drift,1,2,280,1000,3.045498,-0.40851,0.00491,0.644202,5.845523,0.030334,-0.00501,0.428624,0.957576,198.55
291,cruise,4118.74504,71.689934,54.338012,103.432103,171.098899,655.507976,26.269376,0.237646,12.381157,9.30424,2441.059968,fuel_mixture_drift,1,2,280,1000,-1.332365,-0.398134,0.547475,0.246355,4.477742,-0.147055,-0.007686,0.486157,0.953333,198.545
292,cruise,4121.123072,71.124753,54.773969,105.039251,173.089591,655.200058,26.570702,0.23944,12.677086,9.864227,2472.666658,fuel_mixture_drift,1,2,280,1000,-3.136977,0.792821,-0.708488,-0.000817,4.106686,0.228903,-0.008668,0.511357,0.949091,198.54
293,cruise,4113.177088,70.269942,54.266227,103.838364,173.530865,654.168463,26.482762,0.235395,12.637496,9.91858,2235.410213,fuel_mixture_drift,1,2,280,1000,-2.324686,-0.023463,0.302902,-0.557998,6.639118,-0.035294,-0.005808,0.718266,0.944848,198.535
294,cruise,4125.59184,71.880006,54.63166,104.155538,172.346016,655.78539,26.54426,0.239963,12.750401,9.96036,2360.843593,fuel_mixture_drift,1,2,280,1000,2.053415,-0.257446,-0.660375,1.153035,5.910244,0.091129,-0.003004,0.602019,0.940606,198.53
295,cruise,4115.15132,70.066326,54.107883,104.967248,172.070826,651.722455,26.731313,0.23676,12.781528,7.490502,2295.883913,fuel_mixture_drift,1,2,280,1000,-1.059606,0.321383,0.177323,-0.043584,7.823595,-0.00255,-0.00249,0.664541,0.936364,198.525
296,cruise,4129.195503,70.4418,53.626103,103.419052,170.174117,652.104904,26.376989,0.238655,12.87981,7.775492,2405.669762,fuel_mixture_drift,1,2,280,1000,0.651418,0.04572,-0.022867,-0.337515,7.181166,-0.020084,0.003935,0.671659,0.932121,198.52
297,cruise,4114.380868,71.393602,54.545256,103.488363,171.784574,654.201613,26.751093,0.2426,12.991646,10.524367,2107.576397,fuel_mixture_drift,1,2,280,1000,-0.850371,-0.152214,-0.857504,0.812471,9.365097,-0.150631,-0.006553,0.858339,0.927879,198.515
298,cruise,4088.116989,70.748274,54.460443,103.314804,173.99377,654.539006,26.288101,0.236644,12.801551,8.739422,2409.566311,fuel_mixture_drift,1,2,280,1000,3.251572,0.216941,0.477109,-0.470787,6.795294,-0.016738,-0.004142,0.793271,0.923636,198.51
299,cruise,4106.897049,71.961856,53.818409,104.265394,172.342272,657.882864,26.572455,0.24645,12.721595,9.09545,2212.98379,fuel_mixture_drift,1,2,280,1000,4.92775,-0.150882,0.96302,0.460072,8.566121,-0.034549,0.011126,0.896856,0.919394,198.505
300,cruise,4137.273963,70.762278,54.480349,104.084251,172.469081,659.360577,26.198894,0.241094,13.059074,8.910301,2327.019224,fuel_mixture_drift,1,2,280,1000,1.681442,-0.089382,-0.374929,1.068659,6.339717,-0.031791,-0.002052,0.891059,0.915152,198.5
301,cruise,4091.751598,69.099728,53.626707,104.333125,173.099461,656.377782,26.561543,0.247754,12.978914,11.170035,2414.335744,fuel_mixture_drift,1,2,280,1000,-6.703062,-0.546249,0.132433,0.185002,8.557181,-0.164015,0.000643,0.950571,0.910909,198.495
302,cruise,4108.823628,72.657214,54.550472,104.328923,173.269338,656.545952,26.762036,0.235301,13.046201,10.339611,2386.296201,fuel_mixture_drift,1,2,280,1000,-4.48815,-0.126525,0.085492,0.834689,9.388992,-0.140401,0.007616,1.064889,0.906667,198.49
303,cruise,4117.730853,71.389635,54.268974,104.224701,171.561788,665.96423,26.402996,0.23923,12.97888,9.530543,2396.422792,fuel_mixture_drift,1,2,280,1000,-0.069429,-0.42652,0.041167,0.029437,6.78659,0.064805,0.005972,1.133509,0.902424,198.485
304,cruise,4141.260802,70.463625,54.605044,103.81757,173.978231,658.148987,26.301652,0.2486,13.182946,8.524607,2186.517272,fuel_mixture_drift,1,2,280,1000,-1.591902,0.785633,-0.291883,0.66621,10.680816,-0.023724,0.003758,1.087045,0.898182,198.48
305,cruise,4133.027797,70.276586,54.000527,104.089444,172.421067,660.508949,26.266016,0.243494,12.997263,9.027535,2387.020227,fuel_mixture_drift,1,2,280,1000,1.795379,-0.073702,0.509936,0.295716,9.042196,-0.023225,-0.006136,1.060409,0.893939,198.475
306,cruise,4137.384377,72.003686,53.974397,103.248248,171.091931,658.528022,26.276379,0.238206,13.210014,9.740178,2384.787721,fuel_mixture_drift,1,2,280,1000,2.345462,0.155531,-0.4492,-0.017476,9.712896,0.01216,0.004792,1.306208,0.889697,198.47
307,cruise,4123.121892,70.76522,53.936384,104.457922,172.662551,657.844198,26.462097,0.235173,13.230411,10.363007,2285.781628,fuel_mixture_drift,1,2,280,1000,-1.586861,-0.16697,-0.618575,-0.055111,6.984392,0.018108,-0.00478,1.307375,0.885455,198.465
308,cruise,4124.87881,70.336269,54.094636,103.564657,173.565833,662.078042,26.382675,0.247214,13.529524,8.047003,2210.975506,fuel_mixture_drift,1,2,280,1000,0.122916,-0.234797,0.346489,1.965114,10.412062,-0.101572,0.002332,1.288469,0.881212,198.46
309,cruise,4076.842887,71.428675,55.118081,104.204281,172.427073,658.031539,26.618624,0.233372,13.413895,8.359203,2360.540241,fuel_mixture_drift,1,2,280,1000,6.645321,0.079305,-0.043786,-0.869121,11.784363,0.281878,0.009347,1.256159,0.87697,198.455
310,cruise,4116.095694,70.713924,54.553008,104.963666,172.383116,662.357552,26.310328,0.234832,13.450591,8.641576,2426.947258,fuel_mixture_drift,1,2,280,1000,-1.277532,-0.128267,0.117323,-0.890487,9.639911,0.030445,0.002859,1.272785,0.872727,198.45
311,cruise,4110.71439,69.855264,53.420328,104.658551,172.024363,660.562976,26.460126,0.236557,13.36626,11.103046,2342.699302,fuel_mixture_drift,1,2,280,1000,0.050326,-0.102787,-0.174161,0.314948,10.323396,-0.039012,0.004033,1.464342,0.868485,198.445
312,cruise,4127.065187,70.080452,54.7095,104.196354,173.828017,662.040176,26.138051,0.239498,13.431738,9.938726,2306.665659,fuel_mixture_drift,1,2,280,1000,1.4954,-0.440005,0.617237,-0.221568,13.382371,0.047141,0.008643,1.509325,0.864242,198.44
313,cruise,4110.557553,71.164652,54.733485,105.304148,171.370327,663.398084,26.310696,0.241594,13.537826,8.764641,2221.162797,fuel_mixture_drift,1,2,280,1000,-0.812915,-0.408195,0.065908,-0.345028,13.438669,-0.05084,-0.005078,1.420891,0.86,198.435
314,cruise,4096.483725,70.963545,54.835932,104.189875,172.45141,668.040338,26.495304,0.242227,13.404333,9.176101,2390.980509,fuel_mixture_drift,1,2,280,1000,-1.569964,0.398812,0.88106,-0.379286,14.478457,-0.037486,0.007799,1.515238,0.855758,198.43
315,cruise,4115.290989,72.533287,54.883203,104.070904,172.679245,662.141437,26.349306,0.239312,13.386698,9.963452,2240.176882,fuel_mixture_drift,1,2,280,1000,-1.14636,0.000359,-0.283697,-0.594925,13.514684,-0.10716,-0.00218,1.730916,0.851515,198.425
316,cruise,4100.43953,70.946987,54.506356,104.155661,173.160133,665.416369,26.288065,0.24108,13.797499,10.020514,2217.063695,fuel_mixture_drift,1,2,280,1000,0.185154,0.238126,0.128567,-0.960079,13.917842,0.067585,-0.002637,1.638466,0.847273,198.42
317,cruise,4113.382619,71.744833,53.488024,104.521467,172.826468,664.978006,26.217497,0.233812,13.394301,7.678999,2458.919875,fuel_mixture_drift,1,2,280,1000,4.95807,-0.599257,0.109657,-0.334046,15.986277,-0.172908,0.000497,1.750894,0.84303,198.415
318,cruise,4114.756087,69.850901,53.963465,104.132096,172.565601,667.755957,26.740327,0.243528,13.769947,7.610427,2285.481918,fuel_mixture_drift,1,2,280,1000,-1.711479,-0.527639,-0.12003,-1.282721,13.51561,-0.168728,-0.000374,1.615386,0.838788,198.41
319,cruise,4105.583442,72.859418,54.908341,104.513698,169.036275,666.19615,26.146412,0.249735,14.000795,8.207338,2381.801867,fuel_mixture_drift,1,2,280,1000,2.474267,-0.184849,0.030744,1.403152,14.512964,-0.16902,-0.001557,1.638908,0.834545,198.405
320,cruise,4118.422198,71.573313,54.859886,104.279005,173.441911,667.390616,26.460711,0.241873,14.045148,10.06319,2319.610617,fuel_mixture_drift,1,2,280,1000,4.658196,-0.054862,0.173055,-0.465747,14.806859,-0.027264,0.006234,1.842594,0.830303,198.4
321,cruise,4144.470986,73.029271,54.03621,104.154944,174.436138,668.297495,26.447417,0.252337,13.891234,9.633857,2342.811017,fuel_mixture_drift,1,2,280,1000,-1.678099,0.08972,-0.975125,1.862545,14.09963,-0.167408,-0.000583,1.981742,0.826061,198.395
322,cruise,4135.816258,70.731268,54.03542,104.406323,172.456447,668.644489,26.400186,0.242543,13.891239,9.650786,2252.745176,fuel_mixture_drift,1,2,280,1000,-1.716481,0.085167,0.362842,-0.507901,15.422412,-0.142834,0.007798,1.955989,0.821818,198.39
323,cruise,4136.019346,70.800816,54.415817,104.078618,172.036804,668.246878,26.279317,0.243207,13.942798,8.537931,2474.676587,fuel_mixture_drift,1,2,280,1000,-3.181941,0.213418,0.232478,-0.110072,17.015071,0.134152,0.003395,1.998095,0.817576,198.385
324,cruise,4097.983983,70.454373,54.028027,103.884839,171.046946,665.411584,26.381208,0.242449,14.16705,11.960691,2127.577129,fuel_mixture_drift,1,2,280,1000,0.424615,-0.472522,-0.310198,0.696841,17.034133,0.102359,-0.002546,2.057295,0.813333,198.38
325,cruise,4107.928331,73.260419,54.533496,104.94047,174.424343,668.596318,26.387593,0.235397,14.016438,9.726592,2253.103942,fuel_mixture_drift,1,2,280,1000,-2.733981,-0.132245,-0.172423,0.642332,17.044876,-0.067285,0.001264,2.114527,0.809091,198.375
326,cruise,4134.414574,71.732679,54.785844,103.245709,172.685462,671.101569,26.271166,0.237286,14.274918,11.003453,2322.63228,fuel_mixture_drift,1,2,280,1000,-2.119768,0.359948,-1.249933,0.598434,18.195101,0.11753,0.003688,1.968795,0.804848,198.37
327,cruise,4149.310747,71.425287,54.207209,104.676976,174.950936,665.131106,26.543474,0.248309,14.115959,9.381295,2402.298408,fuel_mixture_drift,1,2,280,1000,1.947451,-0.547137,-0.624944,0.635187,19.730993,0.313109,0.0053,2.168419,0.800606,198.365
328,cruise,4116.643973,71.410981,53.485485,103.906605,170.247144,670.354645,26.537016,0.239589,14.25193,10.356325,2337.745502,fuel_mixture_drift,1,2,280,1000,1.568308,0.453945,0.480558,-0.085384,20.792705,0.071642,-0.002439,2.159476,0.796364,198.36
329,cruise,4142.496014,70.117743,53.903088,103.278856,170.865023,671.360657,26.39743,0.249229,14.116034,9.968118,2289.171492,fuel_mixture_drift,1,2,280,1000,0.842422,-0.477059,0.189738,0.85382,16.652944,0.05716,-0.005238,2.282419,0.792121,198.355
330,cruise,4136.630689,70.1955,54.556839,104.238641,173.296345,676.52427,26.881065,0.244507,14.647149,9.624971,2428.560147,fuel_mixture_drift,1,2,280,1000,-6.235735,-0.239726,-0.867749,0.369806,17.787727,-0.312023,0.003529,2.273431,0.787879,198.35
331,cruise,4151.93532,71.329524,54.356244,103.873911,172.266793,673.555788,26.731241,0.246344,14.417819,9.413234,2277.007079,fuel_mixture_drift,1,2,280,1000,-1.381112,0.6672,0.169159,-0.200471,20.479671,0.115201,-0.008209,2.420013,0.783636,198.345
332,cruise,4107.647442,71.059609,53.795848,103.490428,172.610515,673.094708,26.403395,0.241111,14.659262,10.268356,2198.372681,fuel_mixture_drift,1,2,280,1000,-0.265608,-0.440299,-0.027278,1.234882,22.206998,0.090652,-0.012363,2.409694,0.779394,198.34
333,cruise,4123.212442,71.220504,54.577317,104.794938,172.066095,672.60662,26.507543,0.244644,14.231702,7.717049,2260.807462,fuel_mixture_drift,1,2,280,1000,-2.136303,0.033684,-0.096991,-0.407877,20.491736,-0.033714,0.002213,2.4042,0.775152,198.335
334,cruise,4131.533727,70.64392,54.119276,105.278187,173.105484,669.74086,26.305363,0.235983,14.764395,8.827249,2508.013571,fuel_mixture_drift,1,2,280,1000,6.463233,-0.732148,0.132352,0.195771,21.102586,0.087264,0.000295,2.531066,0.770909,198.33
335,cruise,4136.375267,71.171279,55.246152,103.490731,173.341973,675.344847,26.44083,0.238673,14.504536,8.013347,2237.501105,fuel_mixture_drift,1,2,280,1000,1.024327,-0.660632,0.479002,0.345068,20.201465,0.10083,-0.00939,2.405686,0.766667,198.325
336,cruise,4116.867153,70.430007,54.396381,104.293465,172.770636,676.511115,26.349273,0.241674,14.764135,8.964337,2279.223587,fuel_mixture_drift,1,2,280,1000,-3.218733,0.338918,0.131772,0.02947,22.535792,0.237815,0.002185,2.563665,0.762424,198.32
337,cruise,4149.114652,70.660539,54.514309,104.227637,172.235442,676.003271,26.453651,0.244472,14.610786,10.568871,2271.661217,fuel_mixture_drift,1,2,280,1000,-0.013618,-0.071601,-0.13427,0.767148,21.792057,0.128464,-0.003189,2.752007,0.758182,198.315
338,cruise,4136.372792,70.852593,54.539431,102.831261,171.64934,671.143533,26.496911,0.237614,14.598305,8.834454,2363.549024,fuel_mixture_drift,1,2,280,1000,0.477166,-0.607766,0.03209,-0.656494,23.092762,0.11791,-0.006866,2.68106,0.753939,198.31
339,cruise,4112.95302,70.415765,54.235053,104.626579,171.273559,673.045897,26.439049,0.240303,14.816573,9.827377,2418.236871,fuel_mixture_drift,1,2,280,1000,0.885493,-0.400528,0.121361,-0.259235,22.17024,0.083163,-0.000121,2.72196,0.749697,198.305
340,cruise,4103.33641,69.193597,54.221902,103.839128,173.337983,672.528817,26.253456,0.232037,14.620803,9.335299,2196.931403,fuel_mixture_drift,1,2,280,1000,2.952725,-0.130007,-0.223033,0.314318,22.444615,-0.045117,0.00335,2.715238,0.745455,198.3
341,cruise,4088.42355,71.392111,54.507939,104.392827,173.025826,678.431026,26.419967,0.238254,14.686134,8.085337,2229.751749,fuel_mixture_drift,1,2,280,1000,-0.080895,-0.238823,0.192179,-0.34322,22.583808,-0.004425,-0.006427,2.608587,0.741212,198.295
342,cruise,4135.508062,69.13089,54.045647,104.240527,172.848019,668.957931,26.451577,0.238658,14.774371,9.829226,2315.706269,fuel_mixture_drift,1,2,280,1000,-2.872449,0.213494,0.046937,-0.1974,25.054418,0.21716,0.001633,2.889147,0.73697,198.29
343,cruise,4145.517273,69.960297,54.713123,103.970452,170.958419,675.889745,26.755138,0.233211,14.878063,9.478909,2318.492292,fuel_mixture_drift,1,2,280,1000,2.534704,0.299561,-0.333554,1.220577,22.359914,0.162628,-0.004483,2.778087,0.732727,198.285
344,cruise,4138.513374,72.423577,55.386054,104.115815,172.875875,674.074736,26.010939,0.247533,14.890228,9.322678,2338.239518,fuel_mixture_drift,1,2,280,1000,1.025082,0.321636,-0.051772,0.505633,24.007889,-0.026305,-0.000274,2.923544,0.728485,198.28
345,cruise,4126.494887,70.787387,53.240042,103.323854,171.578343,676.75581,26.270968,0.244008,14.853981,9.662259,2212.242941,fuel_mixture_drift,1,2,280,1000,-0.145173,0.111313,0.059636,1.346625,23.217327,0.108616,0.000473,2.900586,0.724242,198.275
346,cruise,4112.309157,70.498247,55.158184,104.016493,170.371293,674.64102,26.342781,0.249242,15.086043,8.872521,2347.616967,fuel_mixture_drift,1,2,280,1000,-4.914858,-0.358045,-0.223978,0.55304,26.042948,-0.075834,0.001775,3.028966,0.72,198.27
347,cruise,4118.03197,72.795774,53.388817,104.001624,171.320543,681.309686,26.435798,0.247616,15.117863,10.040523,2203.418615,fuel_mixture_drift,1,2,280,1000,-0.95238,0.178735,0.312975,0.163186,23.858057,0.095047,0.004647,2.988712,0.715758,198.265
348,cruise,4085.554044,73.296454,54.37521,104.672836,170.613717,675.754264,26.497382,0.251837,15.122715,9.062801,2275.794519,fuel_mixture_drift,1,2,280,1000,1.395423,1.051513,0.14672,-0.505556,25.688106,0.164511,0.006325,3.040761,0.711515,198.26
349,cruise,4156.494133,71.434253,53.684949,103.773304,173.731211,678.690322,26.424447,0.247896,15.183722,10.827812,2374.997249,fuel_mixture_drift,1,2,280,1000,4.030086,0.417195,0.552157,-0.737222,25.418224,-0.265373,-6.1e-05,3.15485,0.707273,198.255
350,cruise,4131.233531,70.341277,54.092836,104.210915,172.058463,676.722313,26.51233,0.232609,15.220873,8.805224,2379.907694,fuel_mixture_drift,1,2,280,1000,-3.032532,0.30506,0.659131,0.220035,24.74315,-0.247147,-0.000962,3.180909,0.70303,198.25
351,cruise,4129.130372,72.134829,54.110795,102.832419,170.660989,679.636538,26.758607,0.234778,15.136266,9.869925,2209.500135,fuel_mixture_drift,1,2,280,1000,-1.340286,0.337719,-0.178502,-0.678782,25.84794,-0.226439,-0.002844,3.344892,0.698788,198.245
352,cruise,4120.274782,70.565521,53.913694,103.936284,173.28357,679.889611,26.345401,0.236129,15.17959,8.28526,2149.882572,fuel_mixture_drift,1,2,280,1000,4.294565,0.038744,1.163374,-0.535155,28.839809,0.076245,-0.013894,3.400824,0.694545,198.24
353,cruise,4104.110725,69.451748,55.281955,103.892218,172.08302,680.844822,26.296395,0.23297,15.344396,10.26493,2458.151396,fuel_mixture_drift,1,2,280,1000,-2.583524,0.170769,-0.348584,-0.168529,29.061646,0.039775,0.00312,3.246941,0.690303,198.235
354,cruise,4134.460827,70.426713,55.254371,103.670948,172.787439,679.77138,26.260895,0.239909,15.347954,9.887625,2347.497614,fuel_mixture_drift,1,2,280,1000,-5.281662,-0.450841,-0.329277,1.577778,29.606444,-0.068458,-0.008496,3.488842,0.686061,198.23
355,cruise,4136.379083,71.841481,55.034549,104.771757,173.821635,678.510566,26.303901,0.243319,15.271879,7.998328,2324.820331,fuel_mixture_drift,1,2,280,1000,-5.980632,-0.032885,-0.338732,-0.635172,31.000008,0.020577,-0.006011,3.440405,0.681818,198.225
356,cruise,4095.788687,72.085565,54.000929,105.651943,173.698705,688.362036,26.552222,0.240896,15.54554,9.872396,2287.919337,fuel_mixture_drift,1,2,280,1000,6.934764,-0.368558,-0.164208,0.055127,31.645277,-0.114438,0.000537,3.537888,0.677576,198.22
357,cruise,4114.044771,71.255237,54.089534,104.330866,171.754077,681.946037,26.237724,0.246938,15.445013,9.224842,2335.931186,fuel_mixture_drift,1,2,280,1000,1.14004,-0.080786,0.418281,-0.266425,29.774339,-0.124951,0.009908,3.579351,0.673333,198.215
358,cruise,4103.788184,71.937487,53.593012,104.135422,172.545226,681.860472,26.62288,0.233852,15.487959,9.286091,2379.43978,fuel_mixture_drift,1,2,280,1000,-1.238807,-0.35761,0.45866,-0.612271,30.586241,0.040994,0.006038,3.495021,0.669091,198.21
359,cruise,4088.497902,71.026235,54.296088,104.218688,173.838458,685.710205,26.569241,0.245703,15.577278,7.488742,2193.239795,fuel_mixture_drift,1,2,280,1000,-6.951443,-0.709223,0.738618,0.956808,29.546581,-0.200839,-4.3e-05,3.602398,0.664848,198.205
360,cruise,4103.937956,73.300121,54.463885,104.187721,171.926777,680.49633,27.014158,0.248878,15.722094,8.647555,2389.062807,fuel_mixture_drift,1,2,280,1000,0.895032,-0.118143,-0.037499,-0.91574,29.002981,-0.092779,0.003048,3.492573,0.660606,198.2
361,cruise,4106.467044,68.504135,53.638323,103.082535,172.631443,684.824251,26.535662,0.236667,15.758951,9.319553,2292.446777,fuel_mixture_drift,1,2,280,1000,-1.445352,0.285383,0.321366,0.14015,29.362486,0.076795,-0.004324,3.79346,0.656364,198.195
362,cruise,4129.898466,70.15049,54.018718,103.722137,171.216494,686.191868,26.789308,0.243082,15.565064,8.130636,2298.236602,fuel_mixture_drift,1,2,280,1000,-1.221563,-0.023964,0.751745,-0.098998,32.973971,-0.206882,0.000974,3.720052,0.652121,198.19
363,cruise,4117.240036,71.949292,53.786984,104.71562,174.42825,682.860666,26.385052,0.245258,15.888599,7.714093,2310.293992,fuel_mixture_drift,1,2,280,1000,-2.309142,-0.026674,0.473467,0.569335,33.729325,0.182867,-0.000678,3.839158,0.647879,198.185
364,cruise,4101.848042,70.888496,54.918214,103.967949,171.675912,688.195531,26.472099,0.23685,16.156712,9.281612,2367.651558,fuel_mixture_drift,1,2,280,1000,4.81232,-0.118764,-0.336114,0.956965,32.643511,0.075303,-0.001381,3.791135,0.643636,198.18
365,cruise,4109.775598,69.341081,54.567284,103.959628,172.178057,686.160318,26.491729,0.247056,15.634698,9.36723,2448.418349,fuel_mixture_drift,1,2,280,1000,0.929095,-0.653793,0.174268,0.108926,34.457342,-0.217867,-0.001159,3.926919,0.639394,198.175
366,cruise,4112.613348,69.547111,55.127889,104.328525,171.38044,688.042359,26.497804,0.250118,15.843414,12.163199,2436.376502,fuel_mixture_drift,1,2,280,1000,5.226412,0.273498,0.125708,-0.66387,34.818506,-0.114308,0.002022,4.114398,0.635152,198.17
367,cruise,4110.208567,71.170715,54.184691,103.398252,171.077365,685.173658,26.423626,0.239389,15.809259,9.929818,2449.671833,fuel_mixture_drift,1,2,280,1000,-3.43099,0.478124,-0.111956,0.071851,33.109998,0.197973,-0.004424,4.04989,0.630909,198.165
368,cruise,4130.153299,70.466702,53.997188,103.286924,171.873353,681.468987,26.45274,0.242293,16.005545,10.03868,2206.594169,fuel_mixture_drift,1,2,280,1000,0.782381,0.274738,-0.004135,0.280445,33.905863,-0.156367,-0.001536,4.064029,0.626667,198.16
369,cruise,4101.874905,72.48682,54.351067,104.121614,171.538364,688.679184,26.340487,0.246219,16.063477,9.880837,2204.436836,fuel_mixture_drift,1,2,280,1000,-2.577128,0.108388,1.0113,-0.028394,32.75579,0.063034,0.001297,3.911142,0.622424,198.155
370,cruise,4105.06597,69.248308,53.882112,104.215625,173.158473,689.739489,26.350556,0.234123,15.872779,7.652637,2293.702775,fuel_mixture_drift,1,2,280,1000,-5.14275,0.037172,0.785498,-1.160012,36.927459,-0.032143,-0.003794,4.215294,0.618182,198.15
371,cruise,4122.596126,72.378259,54.171403,103.113994,173.273828,687.497306,26.658161,0.234971,16.087572,10.560721,2262.940549,fuel_mixture_drift,1,2,280,1000,-2.644325,0.4003,0.359007,0.009401,35.903079,-0.250253,-0.002262,4.110468,0.613939,198.145
372,cruise,4138.307077,70.639826,54.400805,103.337373,169.657409,682.661028,26.191384,0.236005,16.267303,11.566218,2154.638559,fuel_mixture_drift,1,2,280,1000,-1.97028,-0.098285,-0.027035,0.213497,35.271189,0.05484,0.001871,4.068562,0.609697,198.14
373,cruise,4115.628883,70.436286,54.08294,104.349153,171.562091,686.525129,26.542389,0.235737,16.234555,9.572935,2313.04266,fuel_mixture_drift,1,2,280,1000,2.505689,-0.199735,0.81591,-0.052701,37.645712,0.047812,-0.000305,4.27632,0.605455,198.135
374,cruise,4135.060138,71.006975,53.614718,103.395176,170.685922,686.309108,26.568895,0.242972,16.596651,9.241293,2291.569514,fuel_mixture_drift,1,2,280,1000,-1.524382,-0.305887,-0.475336,1.279558,34.83985,0.140696,0.00508,4.423535,0.601212,198.13
375,cruise,4127.13756,70.965558,54.330233,103.159324,170.504908,686.615432,26.212388,0.239582,16.272703,10.150942,2364.54466,fuel_mixture_drift,1,2,280,1000,1.873824,-0.345753,0.143293,0.041061,34.699688,0.273644,0.004142,4.37482,0.59697,198.125
376,cruise,4164.25303,69.269441,54.417286,103.566831,171.61939,685.856209,26.221703,0.243917,16.442022,9.350553,2304.932209,fuel_mixture_drift,1,2,280,1000,9.431117,0.39787,0.063163,-0.374157,36.872602,-0.26867,0.001345,4.395398,0.592727,198.12
377,cruise,4111.981897,71.912637,55.011059,103.514654,173.563583,691.179686,26.456687,0.239627,16.510869,9.33432,2306.455818,fuel_mixture_drift,1,2,280,1000,1.989854,0.156091,0.011602,0.225231,38.592958,0.060864,-0.010928,4.449005,0.588485,198.115
378,cruise,4110.898159,69.827282,54.41068,104.336129,173.643392,693.573694,26.244515,0.240538,16.324076,7.844227,2329.94434,fuel_mixture_drift,1,2,280,1000,-2.451151,-0.375739,-0.755003,0.861464,37.365023,-0.073794,-0.005743,4.377416,0.584242,198.11
379,cruise,4119.050989,71.147746,55.144773,104.453486,169.886412,688.840908,26.39305,0.243423,16.443225,9.284708,2096.118967,fuel_mixture_drift,1,2,280,1000,0.705201,0.212199,0.498749,0.795585,39.299559,-0.029096,0.007244,4.502684,0.58,198.105
380,cruise,4099.229515,71.89444,54.530235,104.142966,172.483423,690.803583,26.66787,0.245051,16.777205,8.244243,2314.188438,fuel_mixture_drift,1,2,280,1000,1.1765,-0.135518,-0.363212,-0.285988,39.216992,-0.168969,-0.000991,4.595189,0.58,198.1
381,cruise,4145.814025,71.733946,54.070485,103.829576,173.254903,689.820039,26.664181,0.253432,16.699231,8.551699,2310.421239,fuel_mixture_drift,1,2,280,1000,0.57224,-0.246709,0.538963,0.246628,38.902352,0.085583,0.004537,4.489987,0.58,198.095
382,cruise,4145.977932,71.783107,53.877216,104.138627,171.70483,692.137132,26.46673,0.241304,16.540809,8.485975,2309.85686,fuel_mixture_drift,1,2,280,1000,-4.499373,-0.574284,-0.4443,-0.35419,38.412673,-0.382093,-0.012582,4.605668,0.58,198.09
383,cruise,4124.380885,71.357322,53.878562,104.749942,173.298516,693.494672,26.09704,0.243795,16.474199,7.565853,2337.884228,fuel_mixture_drift,1,2,280,1000,1.357063,-0.290707,-0.587451,0.982376,37.878032,0.031689,-0.000598,4.5299,0.58,198.085
384,cruise,4110.743057,71.597553,53.979903,103.384425,172.540048,694.596034,26.559771,0.228711,16.474295,10.032842,2362.6372,fuel_mixture_drift,1,2,280,1000,-0.387828,-0.249146,-0.252289,0.133989,39.23146,-0.083207,-0.002349,4.371461,0.58,198.08
385,cruise,4119.419943,71.757662,54.52635,103.874246,173.345749,689.139653,26.393384,0.242433,16.666752,12.142837,2323.854167,fuel_mixture_drift,1,2,280,1000,1.539688,0.327526,-0.647107,0.721593,34.43099,0.025515,-0.010044,4.489893,0.58,198.075
386,cruise,4091.371941,71.255118,54.188719,103.90917,173.27228,689.406182,26.771952,0.234946,16.367903,10.39501,2329.503087,fuel_mixture_drift,1,2,280,1000,5.612502,0.464969,-0.120275,1.139948,39.989184,0.031761,-0.005699,4.668075,0.58,198.07
387,cruise,4084.631488,71.467064,54.403689,104.917539,171.13083,693.032653,26.276498,0.240112,16.669112,9.222895,2290.226918,fuel_mixture_drift,1,2,280,1000,-2.523854,0.577304,0.060468,-0.265869,34.097676,-0.013218,-0.000553,4.477968,0.58,198.065
388,cruise,4133.148887,72.565893,54.57857,103.601291,171.663319,691.137578,26.397522,0.231936,16.742754,10.885964,2180.356761,fuel_mixture_drift,1,2,280,1000,-6.003968,0.130429,-0.656515,-0.25048,36.766249,-0.023588,0.000111,4.560004,0.58,198.06
389,cruise,4106.739177,70.565638,54.59008,104.115156,171.745806,687.519781,26.512439,0.236532,16.484917,7.879324,2234.927955,fuel_mixture_drift,1,2,280,1000,0.897937,0.009008,-0.459675,-1.816177,35.670554,-0.035379,0.000932,4.526404,0.58,198.055
390,cruise,4124.266212,71.18787,54.279553,103.811608,172.537103,689.464403,26.382082,0.248399,16.79889,11.238729,2340.695215,fuel_mixture_drift,1,2,280,1000,-5.227964,0.295153,-0.65067,1.476434,34.712903,0.046948,5.9e-05,4.55331,0.58,198.05
391,cruise,4133.386763,72.517135,54.079234,104.559817,172.832534,687.777594,26.466177,0.243102,16.414402,9.538325,2327.475108,fuel_mixture_drift,1,2,280,1000,-2.417681,-0.438073,-0.097369,-0.407892,36.69573,0.134665,0.004302,4.64697,0.58,198.045
392,cruise,4116.531277,70.713041,54.21552,104.65164,171.852809,694.495759,26.670516,0.240658,16.474409,9.203729,2289.895509,fuel_mixture_drift,1,2,280,1000,-2.766277,0.520059,0.308941,-0.417793,36.89567,-0.146444,-0.001994,4.473834,0.58,198.04
393,cruise,4156.565168,70.799161,54.701308,104.789305,170.708012,690.544535,26.340047,0.238116,16.723854,9.847081,2376.619941,fuel_mixture_drift,1,2,280,1000,0.714021,0.289412,0.222725,-0.612579,35.364792,-0.149332,0.004255,4.553529,0.58,198.035
394,cruise,4125.973639,70.834277,54.54399,104.22363,173.199551,688.426662,26.424538,0.237635,16.541767,8.606242,2293.196356,fuel_mixture_drift,1,2,280,1000,-0.27001,-0.16425,0.637055,-0.451383,39.385805,0.172266,0.001198,4.545975,0.58,198.03
395,cruise,4111.807711,71.554396,53.356894,103.937029,171.984332,687.991011,26.29019,0.235961,16.392197,10.335786,2323.794384,fuel_mixture_drift,1,2,280,1000,3.444924,0.100262,-0.428474,-1.307392,37.616685,-0.031962,-0.000386,4.351697,0.58,198.025
396,cruise,4075.052608,71.695836,53.966667,103.716253,173.588848,696.11477,26.397658,0.231135,16.811296,9.625269,2333.78094,fuel_mixture_drift,1,2,280,1000,-0.358367,0.280389,-0.837807,-0.170745,37.455271,-0.059408,-0.007072,4.571282,0.58,198.02
397,cruise,4132.348192,72.011287,54.058398,103.320407,170.928345,693.174895,26.569358,0.238544,16.663908,5.667067,2394.350648,fuel_mixture_drift,1,2,280,1000,-3.069519,0.330282,-0.102902,-0.286527,37.266874,0.024908,0.005263,4.546918,0.58,198.015
398,cruise,4125.926869,70.779482,54.056338,103.593638,170.6368,689.950989,26.689974,0.247843,16.536831,9.398061,2367.206772,fuel_mixture_drift,1,2,280,1000,-2.129232,0.332055,-1.198629,0.43788,38.439691,-0.08905,0.001605,4.453784,0.58,198.01
399,cruise,4147.548415,71.889136,53.542685,103.747901,172.256865,696.210728,26.523002,0.247974,16.434129,9.116533,2339.158168,fuel_mixture_drift,1,2,280,1000,1.412126,-0.054798,-0.682982,-0.786642,40.706666,0.111157,0.001349,4.400315,0.58,198.005
400,cruise,4093.225321,70.283471,54.129361,103.497601,171.780377,691.293713,26.623425,0.23428,16.463965,8.605113,2267.840207,fuel_mixture_drift,1,2,280,1000,-0.504808,0.598766,-0.073502,1.159871,37.710403,0.050765,0.005617,4.388488,0.58,198.0
401,cruise,4118.885672,70.153552,54.878749,103.505715,172.448519,690.645879,26.548957,0.238617,16.647777,10.050116,2413.980286,fuel_mixture_drift,1,2,280,1000,-2.676692,0.42167,0.376558,-0.194941,37.685723,-0.067885,-0.004055,4.547055,0.58,197.995
402,cruise,4119.745627,72.390128,54.726933,103.829146,171.188481,692.3246,26.35011,0.232879,16.353269,8.969287,2251.602045,fuel_mixture_drift,1,2,280,1000,1.812291,0.52133,-0.244172,-0.778054,37.444243,-0.113516,0.004416,4.38909,0.58,197.99
403,cruise,4083.022065,70.620979,53.872118,103.122645,173.099757,691.15102,26.298597,0.251577,16.306052,8.460507,2380.882435,fuel_mixture_drift,1,2,280,1000,-1.272022,0.380674,-0.128848,1.222442,37.640125,0.231682,0.002867,4.501171,0.58,197.985
404,cruise,4122.999186,71.000108,55.230503,104.447975,170.965939,690.141814,26.239271,0.235205,16.632443,9.223546,2376.918488,fuel_mixture_drift,1,2,280,1000,-1.614468,0.003068,0.085641,-1.05965,39.375619,-0.144545,0.002476,4.378893,0.58,197.98
405,cruise,4122.214565,72.605265,54.224169,103.796976,172.892591,688.809616,26.616191,0.241777,16.901334,9.74738,2319.58359,fuel_mixture_drift,1,2,280,1000,-2.112809,0.609064,0.459965,1.451287,38.994797,-0.361284,0.000358,4.620699,0.58,197.975
406,cruise,4137.331012,71.698609,54.306242,103.662273,171.894931,692.275043,26.123041,0.243331,16.522007,8.334507,2418.36435,fuel_mixture_drift,1,2,280,1000,-1.35444,0.61656,-0.020057,-0.6637,37.184355,-0.065701,-0.002219,4.674635,0.58,197.97
407,cruise,4125.431995,71.664463,54.722767,103.522895,172.400056,690.130957,26.534305,0.237416,16.296481,7.917966,2296.444493,fuel_mixture_drift,1,2,280,1000,-3.226316,-0.420199,-0.306423,0.213048,38.000702,-0.238901,0.00378,4.401086,0.58,197.965
408,cruise,4123.106463,72.84973,53.320409,104.340272,171.510272,691.741307,26.568732,0.235204,16.611853,12.051547,2246.561218,fuel_mixture_drift,1,2,280,1000,-1.074704,0.055574,0.457847,-0.969217,37.303323,-0.078076,-0.003409,4.510883,0.58,197.96
409,cruise,4102.839573,71.837916,54.123981,104.711435,171.980654,695.271068,26.330315,0.245732,16.493831,11.069072,2315.253658,fuel_mixture_drift,1,2,280,1000,0.941346,0.211864,0.624064,-1.447234,37.524973,-0.03222,0.001344,4.370393,0.58,197.955
410,cruise,4110.266344,71.367209,53.924772,104.00743,172.456502,689.995504,26.414031,0.243832,16.651221,8.950945,2420.989112,fuel_mixture_drift,1,2,280,1000,-1.103701,-0.46684,-0.13202,0.869935,38.32243,-0.014027,-0.00262,4.34428,0.58,197.95
411,cruise,4116.677437,71.834569,55.772941,104.21468,171.983742,692.106654,26.522265,0.239682,16.772009,9.34279,2304.596113,fuel_mixture_drift,1,2,280,1000,0.184464,0.477364,-0.012642,-0.63282,39.255254,0.141987,0.00534,4.514833,0.58,197.945
412,cruise,4145.032567,69.633754,54.373057,103.954787,174.369465,690.525736,26.561524,0.250043,16.465332,7.723411,2034.994906,fuel_mixture_drift,1,2,280,1000,-4.161198,0.059515,-0.140061,-0.541914,39.259011,-0.149564,0.004648,4.480261,0.58,197.94
413,cruise,4116.592607,72.589071,54.132743,103.050284,172.422614,687.491217,26.658454,0.240398,16.474552,8.685674,2306.743791,fuel_mixture_drift,1,2,280,1000,-3.819524,0.224964,-0.688623,0.979779,37.587947,0.40899,-0.010724,4.47062,0.58,197.935
414,cruise,4088.837322,70.746951,53.975932,104.288299,172.298967,695.056915,26.319831,0.246496,16.544781,8.587159,2349.520696,fuel_mixture_drift,1,2,280,1000,10.82461,0.420985,0.022969,0.41675,37.195134,0.074041,0.0059,4.431584,0.58,197.93
415,cruise,4136.618472,72.929432,53.538264,104.490698,174.01349,694.312606,26.601871,0.244243,16.451698,9.102343,2271.080159,fuel_mixture_drift,1,2,280,1000,2.120254,0.165003,-0.418454,0.672914,37.995307,0.058685,-0.003403,4.587314,0.58,197.925
416,cruise,4122.924152,71.131522,54.345905,103.673783,172.446435,694.534899,26.474796,0.235055,16.532251,11.495345,2262.020234,fuel_mixture_drift,1,2,280,1000,2.804733,0.50971,0.020932,-0.50593,37.995482,0.014406,-0.011543,4.558792,0.58,197.92
417,cruise,4133.891869,73.270933,53.752511,103.656499,171.80229,692.098872,26.41818,0.239874,16.40264,9.846245,2095.620385,fuel_mixture_drift,1,2,280,1000,-0.93672,0.075405,-1.471967,-0.973198,33.982073,-0.055144,-0.005149,4.539578,0.58,197.915
418,cruise,4130.063149,69.997912,53.388993,103.839986,175.153993,688.485938,26.126099,0.24032,16.760365,8.561579,2270.295738,fuel_mixture_drift,1,2,280,1000,4.23561,-0.112686,0.537299,-0.446055,39.495967,0.168108,0.008088,4.474504,0.58,197.91
419,cruise,4137.49796,71.761896,53.443658,103.939401,172.475401,691.386043,26.519187,0.230026,16.629942,9.959099,2255.544703,fuel_mixture_drift,1,2,280,1000,1.147579,-0.32344,-0.689936,0.049962,35.305967,-0.123156,-0.000114,4.521176,0.58,197.905
420,cruise,4130.508497,71.48859,53.794714,104.717652,172.240505,692.752271,26.418348,0.248144,16.402059,9.450215,2363.886972,fuel_mixture_drift,1,2,280,1000,0.201262,-0.140252,-0.594992,-0.949331,37.807586,0.058231,0.000981,4.604717,0.58,197.9
421,cruise,4131.266039,71.356899,55.136923,103.993075,170.30124,691.031329,26.486351,0.241981,16.314559,7.719601,2361.733669,fuel_mixture_drift,1,2,280,1000,-0.778592,0.339226,-0.132981,1.120454,35.530745,0.259033,0.001371,4.431463,0.58,197.895
422,cruise,4114.365034,71.1214,54.724762,104.116708,172.669514,691.979993,26.389224,0.242244,16.408768,9.98239,2273.619608,fuel_mixture_drift,1,2,280,1000,2.158114,-0.343517,0.203921,-0.347341,37.888771,-0.019599,-0.003657,4.564218,0.58,197.89
423,cruise,4114.105842,70.137579,53.672933,104.029861,173.786059,689.102859,26.407527,0.244351,16.704872,9.301734,2496.87628,fuel_mixture_drift,1,2,280,1000,-6.345727,-0.03052,-0.719761,-0.813307,35.096839,-0.335787,-0.005324,4.515883,0.58,197.885
424,cruise,4098.703294,71.228782,54.320987,104.292246,170.163444,688.182794,27.057019,0.240008,16.480419,8.603737,2360.576761,fuel_mixture_drift,1,2,280,1000,7.429867,-0.380104,0.098513,1.135821,41.584689,-0.243843,0.000707,4.616598,0.58,197.88
425,cruise,4142.741047,70.126281,53.573249,102.739706,172.60533,691.414616,26.207816,0.232096,16.464737,8.407657,2225.084345,fuel_mixture_drift,1,2,280,1000,-0.917116,-0.017973,0.193536,0.337071,39.135727,0.050709,0.000939,4.604887,0.58,197.875
426,cruise,4122.268901,71.252297,54.707994,104.745347,172.256062,695.869064,26.222659,0.238855,16.51829,8.690951,2363.681315,fuel_mixture_drift,1,2,280,1000,1.094459,-0.346069,0.587403,-0.370391,39.639294,0.061509,0.001944,4.328741,0.58,197.87
427,cruise,4086.656115,71.667279,54.387635,103.576387,171.063206,691.627437,26.306385,0.242693,16.546193,11.156539,2394.566018,fuel_mixture_drift,1,2,280,1000,2.635168,0.112186,0.896408,0.897052,37.515838,-0.033431,-0.005681,4.452504,0.58,197.865
428,cruise,4145.303034,71.749309,54.479327,104.30585,171.186179,691.54414,26.679163,0.254687,16.725806,9.22843,2295.461506,fuel_mixture_drift,1,2,280,1000,-1.186153,-0.56407,0.5122,0.621808,36.505869,-0.100302,-0.000785,4.519179,0.58,197.86
429,cruise,4112.737927,70.42953,54.720216,103.990419,172.96665,692.12907,26.312962,0.248417,16.779657,9.399588,2306.747161,fuel_mixture_drift,1,2,280,1000,1.998771,-0.316538,0.218418,-0.837801,37.381267,0.001621,-0.009502,4.52711,0.58,197.855
430,cruise,4120.568518,70.29194,54.444723,105.177111,175.59503,692.952124,26.599568,0.241658,16.311879,10.293113,2215.663259,fuel_mixture_drift,1,2,280,1000,2.413403,0.293114,0.573799,0.462277,38.788642,-0.101306,0.003646,4.504779,0.58,197.85
431,cruise,4111.762093,73.34805,54.306849,104.540049,172.303116,691.584208,26.52169,0.243383,16.664212,8.812158,2389.298345,fuel_mixture_drift,1,2,280,1000,1.41469,-0.183831,0.975969,1.021938,39.702447,0.23777,0.004843,4.530604,0.58,197.845
432,cruise,4101.06315,70.776379,53.892891,103.363887,172.510013,688.513861,26.328832,0.239182,16.672897,8.716151,2242.49175,fuel_mixture_drift,1,2,280,1000,-2.010437,0.257764,-1.220116,0.420491,37.762155,0.073938,0.006833,4.376759,0.58,197.84
433,cruise,4115.12836,69.517564,54.660723,103.685052,172.911279,695.415682,26.623276,0.241485,16.625898,9.262256,2316.565457,fuel_mixture_drift,1,2,280,1000,-0.215279,0.20944,0.267381,0.4037,36.680577,-0.138637,-0.004383,4.433743,0.58,197.835
434,cruise,4088.099862,71.31348,53.570887,103.196631,173.000622,691.738941,26.122235,0.243913,16.602575,10.274205,2358.042116,fuel_mixture_drift,1,2,280,1000,2.700625,-0.077684,-0.609688,0.105104,40.225552,0.109086,-0.006997,4.601801,0.58,197.83
435,cruise,4130.034835,69.803005,53.977208,103.525407,172.79572,695.08251,26.407156,0.246152,16.373928,10.0991,2291.268213,fuel_mixture_drift,1,2,280,1000,-0.634112,0.408907,0.131461,0.922872,39.592084,-0.305808,0.008437,4.537663,0.58,197.825
436,cruise,4128.392291,70.873416,54.392151,103.448348,173.448344,691.724438,26.443139,0.239249,16.342762,10.804635,2366.354986,fuel_mixture_drift,1,2,280,1000,-1.308796,0.268339,-0.097639,-0.174828,37.972315,-0.081705,0.011337,4.498581,0.58,197.82
437,cruise,4123.675534,71.052477,54.967746,102.2675,172.849405,693.990111,26.562493,0.23308,16.593933,9.186239,2182.230531,fuel_mixture_drift,1,2,280,1000,3.160314,0.215283,0.011436,-0.24251,37.525566,0.023587,-0.006862,4.415879,0.58,197.815
438,cruise,4122.653883,71.088696,53.651696,103.960146,171.869234,691.957303,26.737696,0.236537,16.247856,8.69035,2134.296149,fuel_mixture_drift,1,2,280,1000,-4.94618,-0.728506,0.744662,1.157245,35.167763,0.141399,-0.000433,4.43189,0.58,197.81
439,cruise,4099.505309,71.350913,54.068275,102.533373,170.811716,692.784509,26.477746,0.232151,16.449406,9.083632,2177.183098,fuel_mixture_drift,1,2,280,1000,-1.801911,0.192411,0.777176,-1.86132,37.046201,-0.211397,0.002782,4.564872,0.58,197.805
440,cruise,4105.887582,71.325236,54.927315,103.989603,172.532052,696.184912,26.64232,0.253404,16.418972,10.605197,2229.712183,mixed_fuel_mixture_drift__vibration_bearing_fault,1,3,440,1000,1.297347,0.716508,0.199778,-1.003598,36.978554,0.040733,-0.003506,4.355887,0.58,197.8
441,cruise,4125.655596,70.911463,53.787689,104.076126,173.086103,689.728385,26.573032,0.241882,16.671521,9.271812,2298.095552,mixed_fuel_mixture_drift__vibration_bearing_fault,1,3,440,1000,0.603481,-0.678728,-0.010625,0.329106,38.679643,-0.148637,0.008409,4.487456,0.573939,197.795
442,cruise,4112.609529,71.011916,54.239124,103.472998,171.494723,688.898751,26.729011,0.264029,16.39505,9.416419,2206.732042,mixed_fuel_mixture_drift__vibration_bearing_fault,1,3,440,1000,5.158762,-0.164567,0.82393,0.384228,39.24308,0.055895,0.01871,4.403312,0.567879,197.79
443,cruise,4119.090856,70.920661,53.891522,105.269839,171.934688,690.233891,26.5356,0.267129,16.697194,10.463165,2247.457291,mixed_fuel_mixture_drift__vibration_bearing_fault,1,3,440,1000,4.841197,-0.506612,0.658194,-0.597872,37.078129,-0.209922,0.025214,4.546619,0.561818,197.785
444,cruise,4145.054035,71.243774,54.718835,104.475903,173.665766,692.36589,26.532176,0.302874,16.605397,7.726373,2229.585776,mixed_fuel_mixture_drift__vibration_bearing_fault,1,3,440,1000,3.190801,-0.264861,0.186025,-0.953758,39.224401,-0.197854,0.026811,4.49713,0.555758,197.78
445,cruise,4115.816227,71.869674,53.500332,103.602665,172.120962,689.481386,26.386606,0.283513,16.945491,8.948347,2261.376251,mixed_fuel_mixture_drift__vibration_bearing_fault,1,3,440,1000,0.646319,-0.044511,-0.370575,-1.399549,35.668579,0.072947,0.038461,4.436232,0.549697,197.775
446,cruise,4155.625135,71.567784,53.655878,102.977243,173.978301,692.937239,26.318557,0.32552,16.386754,10.654732,2311.314731,mixed_fuel_mixture_drift__vibration_bearing_fault,1,3,440,1000,0.887967,-0.545721,-0.104115,1.06449,37.114134,0.056969,0.039195,4.485667,0.543636,197.77
447,cruise,4083.041499,71.602993,54.757993,103.49048,172.164629,689.476424,26.428074,0.389371,16.405833,10.529719,2191.819669,mixed_fuel_mixture_drift__vibration_bearing_fault,1,3,440,1000,0.798383,0.144347,-0.463172,0.947587,38.349522,-0.262621,0.063414,4.474052,0.537576,197.765
448,cruise,4084.661397,70.814495,53.375028,104.22765,172.013954,692.56358,26.563156,0.259903,16.635882,10.498779,2516.115467,mixed_fuel_mixture_drift__vibration_bearing_fault,1,3,440,1000,-1.897674,0.093819,0.07975,1.894142,37.471206,-0.263698,0.061988,4.40783,0.531515,197.76
449,cruise,4130.994361,71.074687,53.31456,104.635133,170.560098,694.021451,26.528201,0.284892,16.803001,8.988186,2402.804996,mixed_fuel_mixture_drift__vibration_bearing_fault,1,3,440,1000,-5.91179,0.615455,-0.628394,-1.017009,38.230667,0.267523,0.078256,4.61911,0.525455,197.755
450,cruise,4087.539565,72.304643,54.96519,104.547399,170.809625,689.342268,26.511811,0.361661,16.416453,9.474904,2428.015096,mixed_fuel_mixture_drift__vibration_bearing_fault,1,3,440,1000,-2.108375,-0.330827,-0.328842,0.79889,38.873631,-0.15402,0.083394,4.482607,0.519394,197.75
451,cruise,4184.900381,71.888791,54.724001,103.528014,172.163488,688.854349,26.571588,0.295497,16.589897,8.519506,2279.675642,mixed_fuel_mixture_drift__vibration_bearing_fault,1,3,440,1000,-3.679848,0.228168,0.515761,0.336643,39.309982,0.288688,0.09852,4.480879,0.513333,197.745
452,cruise,4131.174984,69.723229,53.729588,103.221303,170.311928,692.09936,26.644368,0.31168,16.482438,11.216959,2283.201608,mixed_fuel_mixture_drift__vibration_bearing_fault,1,3,440,1000,-2.856997,-0.615144,0.497948,1.376896,38.614963,0.04064,0.103781,4.515048,0.507273,197.74
453,cruise,4145.654278,71.434567,53.756972,104.924166,171.744365,690.029737,26.68791,0.283355,16.418578,8.244258,2217.045189,mixed_fuel_mixture_drift__vibration_bearing_fault,1,3,440,1000,-1.69609,-0.431075,-0.603226,1.516335,38.656322,-0.441309,0.107296,4.351283,0.501212,197.735
454,cruise,4101.756274,70.699082,54.713676,103.689229,174.29823,693.415999,26.578196,0.39128,16.660765,10.501411,2303.630331,mixed_fuel_mixture_drift__vibration_bearing_fault,1,3,440,1000,0.853339,-0.216699,0.067031,-0.985429,38.725724,-0.060645,0.117085,4.574441,0.495152,197.73
455,cruise,4073.496355,70.448133,54.645857,104.242474,172.756673,688.682166,26.54072,0.406402,16.622339,10.238547,2439.305993,mixed_fuel_mixture_drift__vibration_bearing_fault,1,3,440,1000,1.767491,-0.518622,-0.147835,-0.439028,38.146798,0.065094,0.128617,4.610141,0.489091,197.725
456,cruise,4116.018511,69.08827,54.576433,103.508905,172.945439,688.911331,26.261311,0.420186,16.565078,10.685846,2298.862924,mixed_fuel_mixture_drift__vibration_bearing_fault,1,3,440,1000,-0.745868,0.197556,-0.378458,-0.962763,36.538569,-0.043007,0.14248,4.423951,0.48303,197.72
457,cruise,4110.525683,70.215245,54.956056,103.677029,172.877274,691.128304,26.643922,0.26154,16.587287,10.392257,2384.357612,mixed_fuel_mixture_drift__vibration_bearing_fault,1,3,440,1000,0.017374,0.012237,-0.409465,0.01578,40.455973,0.207609,0.138033,4.409878,0.47697,197.715
458,cruise,4115.058036,70.996516,54.231994,103.886219,174.330201,691.383176,26.31837,0.393319,16.716437,8.905643,2203.46831,mixed_fuel_mixture_drift__vibration_bearing_fault,1,3,440,1000,-2.389502,-0.499394,-0.009129,0.443451,36.433046,0.076898,0.151202,4.547449,0.470909,197.71
459,cruise,4124.976188,71.433217,54.71885,104.329974,173.115076,693.236376,26.425283,0.451813,16.537786,9.41607,2212.083777,mixed_fuel_mixture_drift__vibration_bearing_fault,1,3,440,1000,3.766866,0.332954,0.491726,-0.088982,35.751886,0.094102,0.159107,4.517164,0.464848,197.705
460,cruise,4150.33967,71.883183,54.194285,105.145603,171.730328,695.319391,26.706001,0.423094,16.693342,9.203387,2259.84972,mixed_fuel_mixture_drift__vibration_bearing_fault,1,3,440,1000,3.502535,-0.318929,-0.528197,-0.201379,37.054715,-0.399574,0.179774,4.510408,0.458788,197.7
461,cruise,4221.456568,71.058926,53.926328,104.167468,172.599974,690.238168,26.451545,0.381716,16.70365,9.364144,2274.334548,mixed_fuel_mixture_drift__vibration_bearing_fault,1,3,440,1000,-1.819453,-0.226171,-0.139717,0.789168,39.106022,0.094098,0.175076,4.485852,0.452727,197.695
462,cruise,4201.091116,70.210892,53.796681,103.958746,172.619343,690.638119,26.652893,0.396122,16.491542,11.088228,2289.616726,mixed_fuel_mixture_drift__vibration_bearing_fault,1,3,440,1000,1.18779,0.683177,-0.151436,1.428813,40.314233,-0.252144,0.187982,4.604787,0.446667,197.69
463,cruise,4128.9209,72.207238,53.688137,104.454353,171.747912,690.666662,26.490402,0.539129,16.652361,8.639156,2369.35351,mixed_fuel_mixture_drift__vibration_bearing_fault,1,3,440,1000,-4.7597,0.198823,0.278658,-0.014854,37.033234,-0.013044,0.19396,4.476166,0.440606,197.685
464,cruise,4057.283603,70.209168,54.390728,103.789301,172.907221,690.060663,26.445321,0.499416,16.647405,11.215389,2240.98844,mixed_fuel_mixture_drift__vibration_bearing_fault,1,3,440,1000,-1.723367,-0.0603,-0.388791,0.197457,36.639844,0.265864,0.208732,4.476051,0.434545,197.68
465,cruise,4092.319052,71.791607,54.076087,104.203188,173.391502,689.056242,26.300308,0.429046,16.796449,9.519468,2330.216677,mixed_fuel_mixture_drift__vibration_bearing_fault,1,3,440,1000,2.332177,-0.991981,-0.031746,1.069953,40.357557,-0.108831,0.212113,4.631254,0.428485,197.675
466,cruise,4130.85425,70.301579,54.106309,104.289943,172.136281,696.126008,26.48592,0.459197,16.602515,9.217982,2441.015565,mixed_fuel_mixture_drift__vibration_bearing_fault,1,3,440,1000,6.79413,-0.585656,0.29888,0.790497,38.078324,0.109898,0.220505,4.53619,0.422424,197.67
467,cruise,4202.593382,70.315765,53.905243,103.767848,172.605128,692.240407,26.776233,0.519508,16.587979,10.957453,2256.367793,mixed_fuel_mixture_drift__vibration_bearing_fault,1,3,440,1000,3.922232,-0.149848,-0.132678,-1.086665,42.268149,-0.034519,0.242477,4.494665,0.416364,197.665
468,cruise,4151.453636,70.287704,54.269116,104.792443,172.925505,693.709166,26.583066,0.536803,16.729474,7.991058,2303.852283,mixed_fuel_mixture_drift__vibration_bearing_fault,1,3,440,1000,7.527367,-0.369774,-0.390641,1.389384,39.57997,-0.058482,0.240891,4.583979,0.410303,197.66
469,cruise,4161.513232,72.236741,53.74304,103.762191,172.152999,698.93127,26.188969,0.561077,16.57226,8.069869,2345.082548,mixed_fuel_mixture_drift__vibration_bearing_fault,1,3,440,1000,0.743433,0.6194,-0.886229,-0.033174,34.753612,0.047233,0.243704,4.513931,0.404242,197.655
470,cruise,4090.384574,71.444462,53.742045,105.180946,172.41245,692.132032,26.508556,0.38194,16.379072,9.151366,2411.331048,mixed_fuel_mixture_drift__vibration_bearing_fault,1,3,440,1000,0.277464,-0.360499,0.179944,-0.137408,38.443711,0.090011,0.259832,4.586767,0.398182,197.65
471,cruise,4058.140026,70.822184,54.487038,103.504521,173.846817,690.38137,26.542392,0.406035,16.575885,9.354554,2262.140011,mixed_fuel_mixture_drift__vibration_bearing_fault,1,3,440,1000,4.499116,-0.422821,-0.716235,-0.681457,35.856904,0.052405,0.266998,4.71036,0.392121,197.645
472,cruise,4023.350736,71.303965,54.496552,104.734099,171.018354,690.258853,26.475311,0.471665,16.663974,9.343067,2298.224794,mixed_fuel_mixture_drift__vibration_bearing_fault,1,3,440,1000,4.723406,0.074044,0.226456,0.427959,38.757619,0.183129,0.271895,4.538283,0.386061,197.64
473,cruise,4038.033308,71.649421,54.563842,104.082344,171.682366,691.561716,26.701098,0.462484,16.480164,7.536168,2487.302507,mixed_fuel_mixture_drift__vibration_bearing_fault,1,3,440,1000,0.130608,0.74609,-0.241315,-0.238725,38.762113,-0.155115,0.28703,4.549491,0.38,197.635
474,cruise,4078.045492,70.887544,54.704491,103.836311,172.798398,688.151291,26.425738,0.629962,16.20404,8.425155,2236.982927,mixed_fuel_mixture_drift__vibration_bearing_fault,1,3,440,1000,1.24836,0.20084,-0.692337,-0.096553,37.723681,-0.082994,0.297763,4.503741,0.373939,197.63
475,cruise,4118.955617,71.785731,54.700856,104.951915,173.437341,696.395329,26.504941,0.614023,16.613883,7.941769,2197.685062,mixed_fuel_mixture_drift__vibration_bearing_fault,1,3,440,1000,-2.072647,0.022219,0.165025,0.284644,40.968879,-0.120772,0.300255,4.524804,0.367879,197.625
476,cruise,3993.348501,70.416674,54.055145,104.986244,172.231904,685.382261,26.357976,0.589776,16.723318,9.491391,2281.863946,mixed_fuel_mixture_drift__vibration_bearing_fault,1,3,440,1000,0.534443,-0.036469,0.277043,0.59366,38.795503,-0.054029,0.317731,4.484263,0.361818,197.62
477,cruise,4132.119751,71.096918,54.19775,103.771983,170.942206,690.166847,26.432157,0.563111,16.360985,8.25895,2339.774415,mixed_fuel_mixture_drift__vibration_bearing_fault,1,3,440,1000,1.318812,0.049669,-0.121545,-0.380168,38.792013,0.143274,0.318023,4.507753,0.355758,197.615
478,cruise,4137.850506,69.801516,54.939942,103.837314,173.181113,688.402528,26.329379,0.603114,16.44079,10.260448,2426.077314,mixed_fuel_mixture_drift__vibration_bearing_fault,1,3,440,1000,2.923217,-0.082962,0.794695,-1.890379,34.03991,-0.001158,0.325155,4.375138,0.349697,197.61
479,cruise,4040.49049,71.031916,55.016197,103.739741,173.681848,691.845112,26.477874,0.623141,16.46687,10.501631,2205.675815,mixed_fuel_mixture_drift__vibration_bearing_fault,1,3,440,1000,0.264367,0.468887,0.584944,0.189988,37.102591,0.041638,0.336494,4.47514,0.343636,197.605
480,cruise,4123.487677,71.944604,54.936821,104.400143,171.173567,688.373206,26.284669,0.597537,16.603557,6.785111,2304.463125,mixed_fuel_mixture_drift__vibration_bearing_fault,1,3,440,1000,2.040272,-0.195792,-0.810234,0.371445,37.004256,0.173395,0.342677,4.497438,0.337576,197.6
481,cruise,4147.955005,70.774737,54.406311,104.10003,171.66115,690.778554,26.258869,0.633868,16.424544,9.540205,2106.908041,mixed_fuel_mixture_drift__vibration_bearing_fault,1,3,440,1000,1.478407,-0.022549,0.735007,0.562877,38.835033,0.047835,0.349922,4.486312,0.331515,197.595
482,cruise,4236.811898,70.250744,54.671712,103.792118,171.357475,689.954968,26.537484,0.570406,16.614798,8.688889,2312.834552,mixed_fuel_mixture_drift__vibration_bearing_fault,1,3,440,1000,-7.434309,-0.109126,0.118115,-0.793385,38.105093,-0.18914,0.362809,4.450764,0.325455,197.59
483,cruise,4014.525787,72.983787,54.153028,104.23999,173.302779,691.997941,26.345455,0.520189,16.35239,9.371384,2408.226195,mixed_fuel_mixture_drift__vibration_bearing_fault,1,3,440,1000,0.473422,0.025778,0.165913,1.353575,34.867736,-0.265886,0.375253,4.457612,0.319394,197.585
484,cruise,4095.204817,70.549493,54.496667,104.673917,173.199683,694.237627,26.815432,0.665999,16.711084,8.5734,2335.004497,mixed_fuel_mixture_drift__vibration_bearing_fault,1,3,440,1000,-4.280804,-0.280106,-1.195824,0.551592,36.841888,-0.024671,0.377495,4.544847,0.313333,197.58
485,cruise,4148.842646,71.301321,53.617503,103.659756,172.687933,691.708092,26.653738,0.567927,16.490941,9.403231,2203.477328,mixed_fuel_mixture_drift__vibration_bearing_fault,1,3,440,1000,5.656079,-0.837929,0.517867,-0.806513,38.788329,-0.155427,0.381893,4.436425,0.307273,197.575
486,cruise,3980.27824,70.407715,54.221682,103.957647,172.700627,691.118599,26.543,0.685642,16.638078,9.799025,2416.920576,mixed_fuel_mixture_drift__vibration_bearing_fault,1,3,440,1000,-2.718265,0.135224,0.120497,0.063905,38.48966,-0.190386,0.400934,4.406254,0.301212,197.57
487,cruise,4093.571039,71.988132,53.936449,104.916603,172.590242,693.629798,26.265332,0.642171,16.630866,7.769473,2335.672044,mixed_fuel_mixture_drift__vibration_bearing_fault,1,3,440,1000,-5.238721,-0.039366,0.371723,0.52542,40.26435,-0.202115,0.411441,4.535136,0.295152,197.565
488,cruise,4078.104472,69.834836,54.161632,104.094774,173.256161,687.137697,26.405398,0.659619,16.250055,10.226119,2503.400676,mixed_fuel_mixture_drift__vibration_bearing_fault,1,3,440,1000,-3.633545,-0.629426,-0.785113,1.339591,37.95616,0.02496,0.41588,4.577154,0.289091,197.56
489,cruise,4286.181583,72.039052,54.662442,103.152536,172.214135,697.396278,26.160999,0.64852,16.534401,8.124622,2335.944321,mixed_fuel_mixture_drift__vibration_bearing_fault,1,3,440,1000,-0.101407,-0.296863,-0.026562,-0.625599,37.635973,0.008245,0.41931,4.43701,0.28303,197.555
490,cruise,3951.407225,70.671914,54.143113,105.337486,171.831764,693.671577,26.329716,0.640401,16.47103,9.276495,2374.437902,mixed_fuel_mixture_drift__vibration_bearing_fault,1,3,440,1000,3.286838,-0.234298,0.243901,0.775314,36.597415,-0.009119,0.420656,4.649443,0.27697,197.55
491,cruise,4185.761232,70.448675,54.241077,103.27669,171.821441,691.106216,26.60594,0.731957,16.605531,8.364792,2386.717163,mixed_fuel_mixture_drift__vibration_bearing_fault,1,3,440,1000,-0.636179,-0.123628,-0.085868,-0.610651,38.471652,0.06027,0.439135,4.311934,0.270909,197.545
492,cruise,4002.159774,71.185111,54.174297,103.183443,171.403297,692.062161,26.25968,0.718626,16.5273,10.265865,2394.645732,mixed_fuel_mixture_drift__vibration_bearing_fault,1,3,440,1000,6.044958,0.573557,-0.724321,0.502055,39.042363,0.042796,0.449373,4.753673,0.264848,197.54
493,cruise,4063.863673,70.208224,54.523005,104.031361,172.478983,694.795989,26.634294,0.779216,16.603525,8.800459,2227.688026,mixed_fuel_mixture_drift__vibration_bearing_fault,1,3,440,1000,2.433205,1.136274,-0.448187,0.386941,38.018954,0.086568,0.459114,4.442455,0.258788,197.535
494,cruise,4100.006911,70.426064,53.868136,104.507997,172.142728,690.233287,26.864798,0.728213,16.650712,9.942399,2383.840639,mixed_fuel_mixture_drift__vibration_bearing_fault,1,3,440,1000,-1.473279,-0.398229,-0.251392,-0.421153,37.972853,-0.059015,0.462983,4.516526,0.252727,197.53
495,cruise,4101.369586,70.474355,54.086645,103.885726,172.387914,692.84193,26.467967,0.64858,16.625537,11.708377,2283.246359,mixed_fuel_mixture_drift__vibration_bearing_fault,1,3,440,1000,1.062583,-0.173011,-0.479143,0.175755,37.216925,0.021384,0.470863,4.577279,0.246667,197.525
496,cruise,4088.095852,71.715242,55.076657,103.816796,172.410445,691.438368,26.541723,0.72471,16.706265,9.166092,2288.226772,mixed_fuel_mixture_drift__vibration_bearing_fault,1,3,440,1000,-1.34662,0.244279,0.700853,-0.268825,37.8216,0.10501,0.477693,4.291818,0.240606,197.52
497,cruise,4086.634075,70.046115,54.141527,103.770044,171.764229,690.078276,26.015157,0.674374,16.811618,9.153564,2495.417617,mixed_fuel_mixture_drift__vibration_bearing_fault,1,3,440,1000,-0.395743,0.346928,-0.394139,-0.330178,36.747781,0.005049,0.491654,4.56949,0.234545,197.515
498,cruise,4092.907872,68.834432,54.453814,103.338059,172.549315,689.394524,26.566233,0.722068,16.672371,8.669277,2435.275427,mixed_fuel_mixture_drift__vibration_bearing_fault,1,3,440,1000,2.769432,-0.391964,-0.100429,-1.053294,35.271798,0.148351,0.492378,4.454,0.228485,197.51
499,cruise,4084.011609,71.381875,53.308968,104.050916,172.571156,695.558636,26.232666,0.717893,16.445757,9.177281,2381.5738,mixed_fuel_mixture_drift__vibration_bearing_fault,1,3,440,1000,1.117747,0.330811,0.137743,-0.167345,39.65972,0.005108,0.504985,4.472592,0.222424,197.505
500,cruise,4055.228892,71.463761,54.304765,103.951262,174.126844,692.250237,26.465864,0.718836,16.199642,8.686136,2395.599305,mixed_fuel_mixture_drift__vibration_bearing_fault,1,3,440,1000,-3.133248,0.035101,0.659552,0.153156,37.588323,0.097763,0.513579,4.628472,0.216364,197.5
501,cruise,4201.228449,71.84767,54.155176,103.876816,171.909882,690.010622,26.767168,0.733591,16.465931,10.154317,2334.848244,mixed_fuel_mixture_drift__vibration_bearing_fault,1,3,440,1000,1.135338,-0.622713,0.237177,0.536271,38.255132,-0.022864,0.528146,4.506547,0.210303,197.495
502,cruise,4104.60186,72.007411,54.542041,103.299599,173.544213,694.291959,26.378986,0.813229,16.590379,10.323144,2099.249576,mixed_fuel_mixture_drift__vibration_bearing_fault,1,3,440,1000,-3.663852,-0.916006,-0.672315,-0.147086,37.436463,-0.079503,0.532323,4.493273,0.204242,197.49
503,cruise,4140.986216,70.291379,53.249222,104.177853,174.118549,693.855294,26.782647,0.712058,16.564525,9.481788,2197.669615,mixed_fuel_mixture_drift__vibration_bearing_fault,1,3,440,1000,-1.361443,0.816104,0.042843,1.406619,39.758152,-0.102077,0.539272,4.439349,0.198182,197.485
504,cruise,3949.494537,71.440974,54.349926,104.101018,173.287664,692.955766,26.408131,0.868713,16.563239,9.73126,2235.120608,mixed_fuel_mixture_drift__vibration_bearing_fault,1,3,440,1000,0.538421,0.582727,-0.247969,-1.286986,38.030096,0.110601,0.5526,4.593411,0.192121,197.48
505,cruise,4252.015223,71.427412,54.945115,103.863556,170.655325,691.250067,26.54268,0.774081,16.450015,11.046286,2324.984913,mixed_fuel_mixture_drift__vibration_bearing_fault,1,3,440,1000,0.307656,-0.469631,1.023523,0.877728,38.291286,0.09831,0.557667,4.491566,0.186061,197.475
506,cruise,4071.811774,70.904129,54.189499,102.785937,170.419955,689.765297,26.359782,0.816458,16.664867,9.839979,2455.770181,mixed_fuel_mixture_drift__vibration_bearing_fault,1,3,440,1000,1.355112,-0.086692,0.147437,0.21755,38.847219,0.10265,0.561811,4.460632,0.18,197.47
507,cruise,3966.136288,70.628465,54.714327,104.7627,172.825696,687.388964,26.476126,0.815698,16.579653,10.326417,2265.199237,mixed_fuel_mixture_drift__vibration_bearing_fault,1,3,440,1000,0.61425,0.016609,0.729042,-0.701641,38.400747,-0.090579,0.57145,4.406504,0.173939,197.465
508,cruise,4271.190807,69.433659,53.988456,104.315313,172.375486,693.156453,26.511384,0.837915,16.403092,10.944438,2346.981855,mixed_fuel_mixture_drift__vibration_bearing_fault,1,3,440,1000,0.361292,-0.60546,0.177932,-1.979763,37.122008,-0.146681,0.584287,4.504488,0.167879,197.46
509,cruise,4064.668602,71.673068,54.946836,104.754631,172.377826,689.653626,26.826165,0.849527,16.718484,9.131888,2244.08398,mixed_fuel_mixture_drift__vibration_bearing_fault,1,3,440,1000,1.777602,-0.446367,0.023644,-0.037098,37.772597,0.044395,0.596539,4.574127,0.161818,197.455
510,cruise,4058.139621,72.649694,54.398912,104.899699,173.934732,693.922735,26.456119,0.859161,16.547834,8.589698,2326.670444,mixed_fuel_mixture_drift__vibration_bearing_fault,1,3,440,1000,-1.581584,-0.079589,0.008864,0.078848,38.777709,-0.09137,0.601856,4.528533,0.155758,197.45
511,cruise,4277.929691,71.096873,54.504124,103.440307,174.924579,693.028102,26.442242,0.872173,16.676334,8.984695,2488.20662,mixed_fuel_mixture_drift__vibration_bearing_fault,1,3,440,1000,-1.164209,0.631771,0.356712,-0.713783,38.369404,-0.138659,0.59838,4.631898,0.149697,197.445
512,cruise,4157.413332,69.738179,53.643966,104.543818,172.422475,690.228861,26.403997,0.860339,16.516862,9.151819,2342.067383,mixed_fuel_mixture_drift__vibration_bearing_fault,1,3,440,1000,-0.9451,-0.671647,-0.741521,0.927056,36.152051,-0.112337,0.621112,4.423166,0.143636,197.44
513,cruise,4008.863396,71.158442,53.644536,103.003013,169.208609,688.425752,26.458407,0.931691,16.609383,10.492347,2416.185784,mixed_fuel_mixture_drift__vibration_bearing_fault,1,3,440,1000,-2.465468,0.072688,0.604919,-0.063487,40.125795,-0.13943,0.633759,4.552571,0.137576,197.435
514,cruise,4107.779303,72.805182,54.434298,104.386381,173.900932,689.965594,26.318149,0.858434,16.63239,9.091221,2405.178748,mixed_fuel_mixture_drift__vibration_bearing_fault,1,3,440,1000,0.096474,0.47391,0.495644,-0.551459,34.041066,-0.0912,0.631958,4.477702,0.131515,197.43
515,cruise,4050.203109,71.675154,54.382304,103.378093,172.840817,692.760467,26.722823,0.954983,16.701732,7.744292,2218.921772,mixed_fuel_mixture_drift__vibration_bearing_fault,1,3,440,1000,4.225422,0.50028,0.258522,1.048748,37.869531,-0.109483,0.645458,4.504087,0.125455,197.425
516,cruise,4415.328849,73.693542,53.840911,103.833049,170.400635,695.661469,26.533567,0.927048,16.382297,9.806043,2089.59073,mixed_fuel_mixture_drift__vibration_bearing_fault,1,3,440,1000,-1.892339,0.485889,-0.456423,-0.067448,37.569907,0.131095,0.650945,4.554253,0.119394,197.42
517,cruise,4222.89654,71.962578,53.677511,103.041164,172.186249,697.773082,26.404338,0.889391,16.31699,10.83947,2443.204404,mixed_fuel_mixture_drift__vibration_bearing_fault,1,3,440,1000,0.581497,0.48356,-0.152087,-0.298234,37.48573,-0.199184,0.657694,4.487569,0.113333,197.415
518,cruise,4146.308342,72.094385,54.274245,103.692315,173.361551,689.401727,26.339394,0.865208,16.594674,10.936338,2368.39789,mixed_fuel_mixture_drift__vibration_bearing_fault,1,3,440,1000,-1.236235,-0.28328,0.747429,-0.279787,35.088471,0.065623,0.672644,4.555374,0.107273,197.41
519,cruise,4063.418046,71.445947,54.354823,102.941322,171.825472,693.932579,26.273106,0.902164,16.642902,9.573844,2261.04894,mixed_fuel_mixture_drift__vibration_bearing_fault,1,3,440,1000,1.581744,0.801921,0.345502,-0.12717,38.834911,0.132104,0.675937,4.485666,0.101212,197.405
520,cruise,3995.835503,72.222404,54.428461,104.620386,173.295546,691.396251,26.760643,0.933334,16.343251,9.471476,2349.367687,mixed_fuel_mixture_drift__vibration_bearing_fault,1,3,440,1000,-1.699015,0.278818,0.42054,-0.679036,37.687263,0.140062,0.678008,4.436837,0.095152,197.4
521,cruise,4276.748508,70.789795,54.886238,103.063577,172.611981,692.002443,26.375487,0.922403,16.71971,9.787384,2424.705816,mixed_fuel_mixture_drift__vibration_bearing_fault,1,3,440,1000,1.378232,0.417834,-1.424812,-1.770359,33.692665,-0.366576,0.703314,4.601607,0.089091,197.395
522,cruise,4003.662955,72.750502,54.479605,103.251739,173.792746,688.015198,26.663502,1.008055,16.551334,9.801401,2185.030967,mixed_fuel_mixture_drift__vibration_bearing_fault,1,3,440,1000,-1.877122,-0.02775,0.03441,-0.391301,34.263278,-0.150805,0.705339,4.538852,0.08303,197.39
523,cruise,4036.427093,69.808609,55.114861,104.142307,174.017879,689.044518,26.427075,0.944519,16.256967,8.192414,2404.354002,mixed_fuel_mixture_drift__vibration_bearing_fault,1,3,440,1000,-1.77454,-0.20901,-0.710487,-1.057655,36.228595,0.048268,0.711157,4.384017,0.07697,197.385
524,cruise,4221.848539,71.748376,54.407262,103.85491,173.341541,689.983007,26.651945,1.072291,16.590422,10.379639,2292.444033,mixed_fuel_mixture_drift__vibration_bearing_fault,1,3,440,1000,1.639288,-0.20601,0.404916,-1.32966,39.06636,0.077797,0.724799,4.360216,0.070909,197.38
525,cruise,4407.109689,70.093216,54.3534,103.210092,170.189066,696.275883,26.523544,0.985766,16.696862,8.945184,2175.030632,mixed_fuel_mixture_drift__vibration_bearing_fault,1,3,440,1000,-4.706652,0.009758,0.029549,-1.003635,38.267956,0.162772,0.731167,4.451518,0.064848,197.375
526,cruise,4284.730331,70.644403,54.040152,103.397523,171.35974,689.876575,26.418833,0.933559,16.658578,11.425728,2302.664068,mixed_fuel_mixture_drift__vibration_bearing_fault,1,3,440,1000,-4.258884,-0.008411,-0.283109,1.514741,39.258968,0.010063,0.734811,4.50027,0.058788,197.37
527,cruise,4151.700058,70.906387,53.835326,104.247722,173.178572,692.91365,26.386365,0.869775,16.223796,11.437071,2359.486065,mixed_fuel_mixture_drift__vibration_bearing_fault,1,3,440,1000,0.058003,-0.944468,0.435577,0.956106,36.605353,0.120137,0.744096,4.420612,0.052727,197.365
528,cruise,4228.955408,70.471254,54.111321,103.674992,170.822381,690.555065,26.766233,1.001041,16.548026,9.152562,2266.363527,mixed_fuel_mixture_drift__vibration_bearing_fault,1,3,440,1000,0.322949,0.298087,1.07269,-1.287596,35.81335,0.013152,0.76265,4.36246,0.046667,197.36
529,cruise,4307.96263,71.048314,53.54062,103.624827,171.21915,695.471916,26.604722,1.001657,16.443933,9.83542,2326.68814,mixed_fuel_mixture_drift__vibration_bearing_fault,1,3,440,1000,-2.646392,0.627877,-0.167239,0.256656,39.877261,0.142663,0.757686,4.447081,0.040606,197.355
530,cruise,3904.42058,71.952222,54.67565,102.644577,173.127286,689.047409,26.981882,0.984489,16.519995,10.551768,2357.555065,mixed_fuel_mixture_drift__vibration_bearing_fault,1,3,440,1000,6.583949,0.2606,0.591476,-0.655959,38.987509,-0.111567,0.764972,4.499212,0.034545,197.35
531,cruise,4031.19883,71.427348,53.692142,103.185172,173.981679,689.013369,26.414201,1.015129,16.49391,11.310589,2389.462544,mixed_fuel_mixture_drift__vibration_bearing_fault,1,3,440,1000,1.910155,0.856356,0.358233,-0.328397,38.764092,0.045507,0.780739,4.658805,0.028485,197.345
532,cruise,4029.755384,69.582007,54.236151,105.244634,171.238856,688.600347,26.423002,1.028793,16.343517,8.354015,2419.210605,mixed_fuel_mixture_drift__vibration_bearing_fault,1,3,440,1000,-1.083212,-0.62189,0.469097,-0.698284,36.10303,-0.072176,0.796076,4.349046,0.022424,197.34
533,cruise,4141.408753,71.494551,53.53603,103.581128,171.462142,694.081286,26.397139,1.06267,16.300749,8.991505,2273.753184,mixed_fuel_mixture_drift__vibration_bearing_fault,1,3,440,1000,0.183706,0.109015,-0.052045,-0.577667,39.151733,0.154564,0.791478,4.477374,0.016364,197.335
534,cruise,4232.046948,69.84206,54.625603,103.981908,172.014301,692.168565,26.659147,1.027116,16.513816,8.34014,2182.983805,mixed_fuel_mixture_drift__vibration_bearing_fault,1,3,440,1000,-6.051664,0.243078,0.411829,-0.391557,38.565034,0.170515,0.803355,4.460751,0.010303,197.33
535,cruise,4140.798568,70.609792,53.816555,104.76513,171.856206,690.562551,26.013557,1.052039,16.568764,8.996107,2259.30036,mixed_fuel_mixture_drift__vibration_bearing_fault,1,3,440,1000,1.683272,0.089866,0.34863,0.078754,38.068814,0.304686,0.812417,4.537462,0.004242,197.325
536,cruise,4037.860713,71.880703,54.379844,104.278421,173.990598,693.553057,26.221106,1.010512,16.465308,9.984812,2349.003229,mixed_fuel_mixture_drift__vibration_bearing_fault,1,3,440,1000,1.681036,0.067969,0.198411,0.920878,34.509494,-0.051725,0.816993,4.57847,0.0,197.32
537,cruise,4273.434176,69.079154,53.970835,103.825102,172.585246,691.753449,26.438653,1.153489,16.510719,8.659732,2320.750493,mixed_fuel_mixture_drift__vibration_bearing_fault,1,3,440,1000,-3.113688,0.208669,-0.242468,0.016352,38.208512,-0.114691,0.8296,4.539404,0.0,197.315
538,cruise,3887.732364,72.121806,54.019714,103.8018,171.786106,692.399273,26.454368,1.188004,16.318063,8.804671,2323.47567,mixed_fuel_mixture_drift__vibration_bearing_fault,1,3,440,1000,-2.121232,0.032147,0.710189,1.627874,36.629653,0.149031,0.847031,4.431704,0.0,197.31
539,cruise,3874.806138,69.958109,54.013576,103.524307,170.745848,690.808237,26.438416,1.029544,16.609277,8.207279,2321.190427,mixed_fuel_mixture_drift__vibration_bearing_fault,1,3,440,1000,-0.708126,0.16529,0.314113,-0.11805,40.0688,-0.065792,0.851534,4.543262,0.0,197.305
540,cruise,4106.500742,71.387805,53.728617,104.871893,173.590516,693.191741,26.256354,1.031543,16.502294,9.830546,2116.996449,mixed_fuel_mixture_drift__vibration_bearing_fault,1,3,440,1000,1.075708,0.364833,0.025463,0.089439,34.875172,0.52959,0.8518,4.4553,0.0,197.3
541,cruise,4166.692036,71.552654,55.031022,103.025137,172.958038,689.314955,26.35201,1.075743,16.379169,8.978792,2278.776123,mixed_fuel_mixture_drift__vibration_bearing_fault,1,3,440,1000,0.960134,0.005413,0.484167,-1.400162,36.538781,0.112234,0.849005,4.551993,0.0,197.295
542,cruise,4488.584518,72.04124,54.570763,104.169916,172.177979,696.808993,26.070708,1.072872,16.589379,8.928923,2241.443703,mixed_fuel_mixture_drift__vibration_bearing_fault,1,3,440,1000,2.837687,0.242334,0.142133,-0.650254,38.074876,0.210155,0.848269,4.488878,0.0,197.29
543,cruise,3938.940154,70.875467,54.768222,103.919725,170.989652,689.288038,26.33327,1.126599,16.610982,10.404302,2545.388491,mixed_fuel_mixture_drift__vibration_bearing_fault,1,3,440,1000,1.712724,-0.114271,0.84983,0.978651,37.923909,0.015825,0.855775,4.478807,0.0,197.285
544,cruise,4132.153148,70.501973,54.845763,104.500832,171.29081,690.607994,26.213234,1.079794,16.290179,10.731687,2303.654367,mixed_fuel_mixture_drift__vibration_bearing_fault,1,3,440,1000,-1.260436,0.119738,0.060851,-0.182741,37.8537,-0.002465,0.856485,4.341804,0.0,197.28
545,cruise,4075.49364,70.71306,54.494364,103.237014,173.173246,694.708313,26.521366,1.148737,16.30491,7.717189,2263.125093,mixed_fuel_mixture_drift__vibration_bearing_fault,1,3,440,1000,3.872348,-0.142757,-0.312905,0.200734,38.863056,0.051719,0.852262,4.408285,0.0,197.275
546,cruise,4154.747303,71.098457,53.569194,103.594236,171.699602,692.374692,26.556198,1.050662,16.522417,9.359245,2153.59579,mixed_fuel_mixture_drift__vibration_bearing_fault,1,3,440,1000,0.484955,1.001958,0.453395,-0.106495,36.738483,-0.072564,0.854513,4.37297,0.0,197.27
547,cruise,4070.620178,71.801444,54.127051,103.911141,173.006972,686.806538,26.364138,1.104466,16.562045,9.491819,2389.331507,mixed_fuel_mixture_drift__vibration_bearing_fault,1,3,440,1000,-1.507734,-0.204967,-0.397289,0.755141,39.162844,0.074079,0.851681,4.589608,0.0,197.265
548,cruise,4359.488722,72.819643,53.660758,103.929909,171.514325,691.101963,26.487086,1.049521,16.601678,11.545001,2270.574643,mixed_fuel_mixture_drift__vibration_bearing_fault,1,3,440,1000,3.587185,-0.439913,0.161986,-1.029675,40.260216,0.149259,0.842264,4.524777,0.0,197.26
549,cruise,4107.849598,70.700057,54.317136,104.668493,171.789375,688.311726,26.616094,1.107044,16.291124,10.084501,2386.701755,mixed_fuel_mixture_drift__vibration_bearing_fault,1,3,440,1000,0.853529,0.08374,0.339758,-1.608314,38.771451,-0.08646,0.852298,4.55746,0.0,197.255
550,cruise,4051.17656,73.427246,54.094647,103.368896,173.806323,690.124822,26.310593,1.157755,16.37367,10.052274,2342.746552,mixed_fuel_mixture_drift__vibration_bearing_fault,1,3,440,1000,-4.077465,0.458082,0.513259,-0.273693,36.841664,0.159537,0.853943,4.524366,0.0,197.25
551,cruise,4074.872039,71.162869,55.004532,104.090455,173.801656,692.442433,26.421826,1.096274,16.504311,10.322641,2238.959076,mixed_fuel_mixture_drift__vibration_bearing_fault,1,3,440,1000,1.698749,0.057778,-0.42696,-1.262169,37.573059,0.242204,0.857226,4.475772,0.0,197.245
552,cruise,4053.285215,71.815648,54.569892,104.38867,171.698492,693.244319,26.656587,1.146888,16.61745,9.660618,2323.068962,mixed_fuel_mixture_drift__vibration_bearing_fault,1,3,440,1000,-1.32201,-0.329438,-0.393469,1.197001,35.860171,-0.122021,0.848781,4.57173,0.0,197.24
553,cruise,3963.665367,71.457755,54.524496,103.597624,172.251542,689.675491,26.821754,1.073942,16.565487,9.82432,2363.423845,mixed_fuel_mixture_drift__vibration_bearing_fault,1,3,440,1000,-1.596388,-0.272083,-0.354778,-0.18779,39.933913,0.093337,0.849292,4.578042,0.0,197.235
554,cruise,4065.120784,71.567839,54.414441,105.289376,171.199808,689.918254,26.192662,1.076163,16.455545,8.805222,2252.084889,mixed_fuel_mixture_drift__vibration_bearing_fault,1,3,440,1000,4.045284,0.77148,0.12699,0.324972,40.688645,0.164315,0.844556,4.566305,0.0,197.23
555,cruise,4050.859554,71.06812,54.144917,103.98936,172.094162,690.359621,26.389138,1.139588,16.548059,8.770869,2343.704034,mixed_fuel_mixture_drift__vibration_bearing_fault,1,3,440,1000,-4.482463,-0.036626,-0.49253,0.526774,39.379135,0.043645,0.854072,4.553764,0.0,197.225
556,cruise,4386.666563,71.932817,53.781237,104.511263,173.073095,693.172962,26.245037,1.130994,16.562989,8.654587,2100.736819,mixed_fuel_mixture_drift__vibration_bearing_fault,1,3,440,1000,2.050796,0.053432,0.901016,1.296862,37.224053,-0.280732,0.851349,4.485647,0.0,197.22
557,cruise,4265.003006,72.335769,54.351652,104.810114,173.25257,695.948867,26.332072,1.024533,16.749553,8.790563,2348.526788,mixed_fuel_mixture_drift__vibration_bearing_fault,1,3,440,1000,-0.082307,-0.578367,-0.500512,-0.582422,36.107295,-0.023948,0.850132,4.428982,0.0,197.215
558,cruise,4185.245115,71.243218,54.565124,104.976948,173.604657,691.191806,26.196409,1.151382,16.844181,9.716463,2367.167185,mixed_fuel_mixture_drift__vibration_bearing_fault,1,3,440,1000,7.250984,-0.319771,0.408385,1.961558,38.719134,0.170136,0.851604,4.529577,0.0,197.21
559,cruise,4244.649328,69.798828,54.465969,104.778843,171.395332,693.313335,26.44122,1.082507,16.788757,9.310635,2233.152002,mixed_fuel_mixture_drift__vibration_bearing_fault,1,3,440,1000,1.839092,-0.21615,-0.254997,-1.209718,40.532379,0.135563,0.851153,4.547797,0.0,197.205
560,cruise,4037.098404,71.531209,53.837519,103.813708,171.996584,693.999435,26.366885,1.085561,16.417275,7.908786,2260.772891,mixed_fuel_mixture_drift__vibration_bearing_fault,1,3,440,1000,1.77842,0.459761,-0.412978,-0.711069,36.44407,0.15329,0.85242,4.48674,0.0,197.2
561,cruise,3938.040993,71.365374,54.586626,103.975681,171.940224,695.11141,26.407645,0.997537,16.484476,9.742929,2353.007601,mixed_fuel_mixture_drift__vibration_bearing_fault,1,3,440,1000,-0.603914,0.41183,-0.728896,1.702566,33.789747,-0.049184,0.854937,4.501635,0.0,197.195
562,cruise,4173.39833,72.971365,54.640646,103.540714,172.336039,691.302803,26.444003,1.099616,16.742068,8.413094,2285.863192,mixed_fuel_mixture_drift__vibration_bearing_fault,1,3,440,1000,-1.081671,-0.041578,0.026161,-0.28002,39.137853,-0.164736,0.846238,4.698778,0.0,197.19
563,cruise,4029.54855,70.889764,55.17037,103.603726,173.090687,690.120365,26.676073,1.053515,16.593103,9.630727,2367.701183,mixed_fuel_mixture_drift__vibration_bearing_fault,1,3,440,1000,-0.990423,-0.058656,0.171959,0.127167,36.048218,0.048594,0.842946,4.381214,0.0,197.185
564,cruise,4572.179852,70.562377,54.626828,104.577448,171.021118,690.53222,26.654702,1.11453,16.314174,9.322396,2353.925228,mixed_fuel_mixture_drift__vibration_bearing_fault,1,3,440,1000,-0.150169,-0.358086,0.193578,-1.635172,37.016796,0.108401,0.851115,4.522326,0.0,197.18
565,cruise,4094.892538,71.395346,53.641885,104.488495,171.539904,691.445654,26.561146,1.025104,16.426829,10.869354,2261.45895,mixed_fuel_mixture_drift__vibration_bearing_fault,1,3,440,1000,2.378892,-0.257719,0.503295,-0.480126,38.56076,-0.08527,0.848252,4.439836,0.0,197.175
566,cruise,4007.628175,72.704696,53.546904,103.358118,173.103974,689.606746,26.608721,1.078537,16.48431,8.26888,2307.054762,mixed_fuel_mixture_drift__vibration_bearing_fault,1,3,440,1000,4.20526,0.211377,-0.042157,0.600278,35.941816,0.118749,0.851843,4.65127,0.0,197.17
567,cruise,4187.837836,70.62526,55.206683,104.431458,173.030095,689.921567,26.514227,1.003023,16.50152,9.512366,2480.044475,mixed_fuel_mixture_drift__vibration_bearing_fault,1,3,440,1000,-5.2183,-0.133832,0.824404,0.265371,37.447514,-0.001557,0.852033,4.584684,0.0,197.165
568,cruise,4137.784687,69.62554,53.649829,103.098914,173.187334,688.713809,26.458218,1.107255,16.224182,10.017156,2236.497601,mixed_fuel_mixture_drift__vibration_bearing_fault,1,3,440,1000,-5.028733,0.317477,0.477639,0.726676,39.025886,-0.053805,0.850224,4.563956,0.0,197.16
569,cruise,4162.2109,72.463198,53.846726,104.188979,174.849506,690.275434,26.410504,1.119815,16.503466,9.426535,2265.555661,mixed_fuel_mixture_drift__vibration_bearing_fault,1,3,440,1000,-1.45651,0.222415,0.129262,0.308072,38.983702,-0.069163,0.860788,4.459063,0.0,197.155
570,cruise,4005.447857,71.412677,55.370793,104.68177,172.09844,689.382168,26.583901,1.066187,16.682418,9.124138,2310.281281,mixed_fuel_mixture_drift__vibration_bearing_fault,1,3,440,1000,-5.944704,0.452711,-0.308604,0.401934,37.789995,0.125006,0.848531,4.614848,0.0,197.15
571,cruise,4084.092174,69.946905,54.407456,104.360286,173.803379,688.512294,26.488249,1.036573,16.509143,9.077803,2298.767439,mixed_fuel_mixture_drift__vibration_bearing_fault,1,3,440,1000,-2.190959,0.017237,-1.211377,0.138584,36.572782,-0.232704,0.85838,4.504097,0.0,197.145
572,cruise,4188.746725,69.903425,54.638126,104.465228,170.649709,695.037788,26.431911,1.009553,16.781201,9.290004,2361.42441,mixed_fuel_mixture_drift__vibration_bearing_fault,1,3,440,1000,-2.943816,-0.042217,0.328287,0.147891,38.727203,-0.106073,0.851301,4.508906,0.0,197.14
573,cruise,3999.245573,69.573448,53.948183,103.836674,172.423732,690.6455,26.312572,1.120282,16.528598,10.316955,2332.056208,mixed_fuel_mixture_drift__vibration_bearing_fault,1,3,440,1000,0.578095,-0.558581,0.362174,-0.495239,37.975875,0.065028,0.859321,4.542248,0.0,197.135
574,cruise,4098.116988,71.206192,54.592266,103.387154,170.557839,692.535341,26.551075,1.061192,16.670033,10.040677,2279.090991,mixed_fuel_mixture_drift__vibration_bearing_fault,1,3,440,1000,2.803812,0.002867,0.165536,-0.152884,37.197972,0.171857,0.849504,4.547909,0.0,197.13
575,cruise,4168.043443,73.475038,54.653654,104.437553,171.262987,689.307489,26.593927,1.109212,16.532468,8.38365,2165.151614,mixed_fuel_mixture_drift__vibration_bearing_fault,1,3,440,1000,0.556717,0.109965,-0.631839,0.683245,37.717901,-0.170474,0.859898,4.421215,0.0,197.125
576,cruise,4289.370145,72.356556,53.155608,103.79282,173.323696,691.715244,26.373734,1.029032,16.347408,8.264763,2328.408262,mixed_fuel_mixture_drift__vibration_bearing_fault,1,3,440,1000,5.292051,0.741157,-0.278381,0.751361,36.537669,-0.078617,0.841905,4.605746,0.0,197.12
577,cruise,4334.58425,71.123005,54.127501,102.987575,170.75402,689.778749,26.568283,1.15832,16.529682,11.008434,2333.251336,mixed_fuel_mixture_drift__vibration_bearing_fault,1,3,440,1000,-1.453836,-0.43856,0.187805,0.140036,39.264559,0.19886,0.852565,4.287373,0.0,197.115
578,cruise,4389.681905,71.896151,54.736351,104.702195,171.275409,688.555833,26.392625,1.088791,16.782178,10.527494,2132.313659,mixed_fuel_mixture_drift__vibration_bearing_fault,1,3,440,1000,-5.464055,-0.655803,-0.152601,0.079262,36.222953,0.031549,0.849164,4.385981,0.0,197.11
579,cruise,4242.813178,72.734331,53.77141,103.785135,171.83989,691.922583,26.454071,1.032743,16.56905,10.137087,2312.154241,mixed_fuel_mixture_drift__vibration_bearing_fault,1,3,440,1000,3.482272,-0.53221,-0.099622,0.208431,38.209995,0.256936,0.84831,4.466593,0.0,197.105
580,cruise,4018.570775,72.725996,54.60422,104.022535,172.972348,690.395169,26.149845,1.027992,16.537858,8.779275,2231.354793,mixed_fuel_mixture_drift__vibration_bearing_fault,1,3,440,1000,5.132148,-0.171398,0.483142,-0.158244,38.270537,-0.278076,0.843121,4.299493,0.0,197.1
581,cruise,3748.168673,71.648444,53.301467,103.945198,171.358205,693.825777,26.145604,1.04553,16.591583,8.872587,2238.344285,mixed_fuel_mixture_drift__vibration_bearing_fault,1,3,440,1000,1.961152,-0.012471,0.540282,-0.485564,38.574222,0.329529,0.852677,4.538344,0.0,197.095
582,cruise,3837.499921,70.026566,54.26241,104.117612,170.89678,690.088225,26.259627,1.105859,16.468721,9.378723,2276.463462,mixed_fuel_mixture_drift__vibration_bearing_fault,1,3,440,1000,3.854997,-1.235255,0.89698,0.623291,36.595414,-0.03467,0.850186,4.527826,0.0,197.09
583,cruise,4203.4147,70.609406,54.368608,104.136713,173.180468,687.536569,26.346957,0.994676,16.570296,10.915024,2328.07175,mixed_fuel_mixture_drift__vibration_bearing_fault,1,3,440,1000,-1.574805,0.667474,-0.630765,-0.804377,39.529571,0.031667,0.844179,4.598393,0.0,197.085
584,cruise,3868.021299,71.430288,54.152331,103.607919,173.322109,692.503104,26.479677,1.151345,16.611861,8.739559,2318.355515,mixed_fuel_mixture_drift__vibration_bearing_fault,1,3,440,1000,-2.025803,-0.10154,0.443654,0.995534,39.762032,0.09152,0.854141,4.473148,0.0,197.08
585,cruise,4170.6791,72.797094,54.374136,103.970412,173.57861,688.852332,26.461714,1.068679,16.60192,9.809887,2450.094874,mixed_fuel_mixture_drift__vibration_bearing_fault,1,3,440,1000,0.597907,-0.08705,-0.222097,-0.403961,39.614678,-0.127826,0.852565,4.435417,0.0,197.075
586,cruise,4311.251564,72.187648,54.055323,103.65066,173.849504,692.49313,26.318743,1.032499,16.527235,9.34512,2173.952623,mixed_fuel_mixture_drift__vibration_bearing_fault,1,3,440,1000,1.3051,0.357946,-0.007687,-0.416446,39.546486,0.109489,0.850608,4.458469,0.0,197.07
587,cruise,3998.391196,74.259043,54.742553,103.887532,173.520767,689.868351,26.509409,1.168093,16.571178,11.034164,2115.505311,mixed_fuel_mixture_drift__vibration_bearing_fault,1,3,440,1000,-0.700231,-0.543141,-0.669995,0.196391,37.307696,-0.033354,0.84498,4.549128,0.0,197.065
588,cruise,4359.486481,70.607322,53.768025,103.613452,172.019265,696.535823,26.122269,1.055823,16.681889,8.705068,2324.854683,mixed_fuel_mixture_drift__vibration_bearing_fault,1,3,440,1000,-1.717524,0.208132,0.066757,-0.630893,38.056802,-0.06742,0.850717,4.603476,0.0,197.06
589,cruise,4305.885952,70.565067,53.926888,103.715131,173.567499,687.727985,26.389162,1.067728,16.763006,8.331711,2367.46546,mixed_fuel_mixture_drift__vibration_bearing_fault,1,3,440,1000,1.409279,-0.578246,0.125639,-0.010443,38.439125,-0.060379,0.852919,4.482304,0.0,197.055
590,cruise,4124.626513,70.603414,54.682877,104.423243,171.51911,693.2743,26.428085,1.004393,16.497995,8.786224,2317.799708,mixed_fuel_mixture_drift__vibration_bearing_fault,1,3,440,1000,-0.596616,0.26338,0.389728,-0.834023,37.290806,0.038765,0.856161,4.404908,0.0,197.05
591,cruise,4453.509777,72.337426,54.641105,104.604739,173.877457,692.970153,26.572165,1.032645,16.609721,10.522536,2347.606227,mixed_fuel_mixture_drift__vibration_bearing_fault,1,3,440,1000,-1.242279,0.124653,-0.274029,-1.813869,39.049225,0.128164,0.853932,4.654055,0.0,197.045
592,cruise,4227.120987,73.18213,54.067466,103.849894,171.467688,689.217095,26.851796,1.11194,16.482521,9.942683,2430.102495,mixed_fuel_mixture_drift__vibration_bearing_fault,1,3,440,1000,2.847443,0.809967,0.325276,0.046631,40.403267,-0.133211,0.850321,4.5639,0.0,197.04
593,cruise,4255.236005,72.082009,54.625329,104.138022,171.880321,692.635794,26.368217,1.143465,16.481128,10.066978,2241.239507,mixed_fuel_mixture_drift__vibration_bearing_fault,1,3,440,1000,-2.520405,-0.285776,0.248181,-1.766404,37.808345,-0.133895,0.856966,4.37502,0.0,197.035
594,cruise,4118.800698,70.861278,53.998763,104.762857,172.419739,696.001984,26.393416,1.032577,16.590785,11.334636,2313.278891,mixed_fuel_mixture_drift__vibration_bearing_fault,1,3,440,1000,2.635982,-0.000738,-0.122464,0.253831,37.986407,0.228723,0.848202,4.524148,0.0,197.03
595,cruise,4303.468777,71.655382,55.293729,104.583656,173.190663,690.146343,26.507956,1.053815,16.490135,6.536856,2367.382516,mixed_fuel_mixture_drift__vibration_bearing_fault,1,3,440,1000,-0.786206,0.123327,0.513517,0.067562,35.756291,0.163484,0.852563,4.480237,0.0,197.025
596,cruise,3710.316221,71.065009,53.830665,103.491324,171.902314,693.759902,26.502501,1.148566,16.822124,9.779721,2287.576275,mixed_fuel_mixture_drift__vibration_bearing_fault,1,3,440,1000,-1.83832,0.491555,-0.278727,0.957762,38.774345,0.138312,0.843235,4.394663,0.0,197.02
597,cruise,4635.155009,69.512414,55.292337,103.889977,172.479314,693.122521,26.424733,1.041322,16.635991,11.619191,2175.775173,mixed_fuel_mixture_drift__vibration_bearing_fault,1,3,440,1000,-3.494896,-0.6148,-0.596048,-1.073411,34.917853,0.129345,0.850908,4.399988,0.0,197.015
598,cruise,4338.968625,71.172392,54.189367,104.775799,171.999078,695.104685,26.710283,1.021245,16.683885,11.457289,2194.779632,mixed_fuel_mixture_drift__vibration_bearing_fault,1,3,440,1000,3.048494,0.320944,0.536764,0.497733,38.260358,0.139165,0.850687,4.605152,0.0,197.01
599,cruise,4349.338615,70.017247,54.831638,103.364837,173.069343,689.763144,26.331867,1.047797,16.585052,11.595746,2276.709429,mixed_fuel_mixture_drift__vibration_bearing_fault,1,3,440,1000,-1.61831,-0.135299,-0.586633,0.440107,35.64014,0.219334,0.850096,4.45665,0.0,197.005
600,cruise,3941.605343,70.921184,53.300788,104.299375,171.549616,691.513769,26.387849,1.099965,16.265474,9.651203,2344.797396,mixed_fuel_mixture_drift__vibration_bearing_fault,1,3,440,1000,3.859102,-0.290444,-0.494614,-0.177851,36.112965,0.140023,0.849913,4.537816,0.0,197.0
601,cruise,4213.89645,72.409793,54.016425,104.270244,172.920032,690.61723,26.343142,1.111728,16.462699,10.165341,2260.679848,mixed_fuel_mixture_drift__vibration_bearing_fault,1,3,440,1000,-1.095597,-0.323106,-0.388325,1.084362,38.546869,0.252234,0.854599,4.527862,0.0,196.995
602,cruise,3972.728802,71.250711,54.566538,104.823794,172.023252,692.257039,26.291132,1.123923,16.436527,8.053374,2253.733259,mixed_fuel_mixture_drift__vibration_bearing_fault,1,3,440,1000,1.414895,-0.557162,0.743263,0.885894,36.539895,0.048014,0.853463,4.557852,0.0,196.99
603,cruise,4449.337312,69.641904,54.489782,104.483297,172.780043,693.637629,26.918449,1.030756,16.553157,9.031941,2252.337462,mixed_fuel_mixture_drift__vibration_bearing_fault,1,3,440,1000,0.888597,-0.060297,-0.093988,0.837344,37.72968,-0.087017,0.846909,4.427795,0.0,196.985
604,cruise,4235.052469,71.85409,54.66834,104.486833,173.555611,689.613154,26.642353,1.056505,16.698992,9.714716,2295.590333,mixed_fuel_mixture_drift__vibration_bearing_fault,1,3,440,1000,1.513413,0.321351,-0.77819,0.877753,39.120685,-0.207612,0.861907,4.409531,0.0,196.98
605,cruise,3943.921341,69.562797,54.456292,103.852604,171.387901,692.978639,26.633425,1.111817,16.337002,9.738449,2145.172412,mixed_fuel_mixture_drift__vibration_bearing_fault,1,3,440,1000,-0.134499,-0.209808,-0.417865,1.187705,39.767213,0.094329,0.85119,4.459365,0.0,196.975
606,cruise,4067.563561,73.829499,54.762538,104.030605,172.951256,690.647517,26.49667,1.130044,16.412267,11.691828,2353.153688,mixed_fuel_mixture_drift__vibration_bearing_fault,1,3,440,1000,-0.389146,0.80132,0.327647,-0.396586,36.744909,-0.087994,0.852616,4.505327,0.0,196.97
607,cruise,4109.716632,71.922131,53.894314,102.998168,171.753071,689.899178,26.322173,1.030537,16.611486,9.384662,2296.031712,mixed_fuel_mixture_drift__vibration_bearing_fault,1,3,440,1000,3.527621,0.323988,-0.195398,-0.013949,36.068511,-0.121225,0.853036,4.409453,0.0,196.965
608,cruise,4129.626044,70.344005,54.712003,103.482039,173.565854,694.221733,26.380058,1.105842,16.281584,9.217927,2397.423205,mixed_fuel_mixture_drift__vibration_bearing_fault,1,3,440,1000,-5.249071,0.53427,0.161131,0.507643,39.103704,-0.149697,0.850701,4.502784,0.0,196.96
609,cruise,3894.086747,72.603322,54.708964,103.922809,170.871941,684.785857,26.608617,1.124169,16.511021,9.585541,2168.966327,mixed_fuel_mixture_drift__vibration_bearing_fault,1,3,440,1000,-0.688939,0.148593,0.030985,-0.377137,39.594902,0.085316,0.852771,4.581653,0.0,196.955
610,cruise,4166.123233,71.541264,54.122595,104.353951,172.786839,690.854938,26.119538,1.178538,16.310196,10.883937,2398.830583,mixed_fuel_mixture_drift__vibration_bearing_fault,1,3,440,1000,2.57387,0.244365,-0.296456,0.936326,35.035589,-0.158127,0.842131,4.345704,0.0,196.95
611,cruise,3990.330184,71.115467,55.08409,103.95608,172.878827,692.783889,26.2069,1.076,16.457337,9.064972,2151.40915,mixed_fuel_mixture_drift__vibration_bearing_fault,1,3,440,1000,-2.421066,0.491322,-0.124141,-0.838552,37.419663,-0.034111,0.848695,4.488155,0.0,196.945
612,cruise,4199.949291,71.367709,54.95854,104.524673,172.125989,688.44162,26.184342,1.091978,16.55538,7.090493,2384.49376,mixed_fuel_mixture_drift__vibration_bearing_fault,1,3,440,1000,-1.959156,-0.966596,-0.563774,0.288473,35.211074,0.137386,0.84877,4.645159,0.0,196.94
613,cruise,4415.566548,69.533239,53.960251,104.237056,172.874602,690.374807,26.242224,1.034895,16.423758,7.860994,2253.285134,mixed_fuel_mixture_drift__vibration_bearing_fault,1,3,440,1000,-0.600593,0.495872,0.457804,-0.42889,39.57801,-0.007455,0.850599,4.395951,0.0,196.935
614,cruise,4048.391478,72.112421,53.731408,104.811759,174.8776,692.626558,26.563725,1.136629,16.330672,9.340694,2097.298448,mixed_fuel_mixture_drift__vibration_bearing_fault,1,3,440,1000,3.216478,-0.190299,-0.274208,0.647606,34.875385,-0.008539,0.857015,4.435754,0.0,196.93
615,cruise,3813.73131,71.985142,54.117839,104.6079,174.208056,693.880312,26.565982,1.129432,16.617342,10.714366,2252.742523,mixed_fuel_mixture_drift__vibration_bearing_fault,1,3,440,1000,-2.545718,-0.194044,0.187227,-0.685642,40.443774,-0.048999,0.857808,4.467431,0.0,196.925
616,cruise,4159.340605,72.774513,54.385687,103.636239,172.037565,693.177693,26.296704,1.005469,16.296276,9.991601,2199.441759,mixed_fuel_mixture_drift__vibration_bearing_fault,1,3,440,1000,0.938977,-0.425614,0.330836,0.214132,37.132677,-0.005084,0.853078,4.496221,0.0,196.92
617,cruise,3736.641343,70.64808,54.213759,103.395838,172.077906,693.380094,26.493294,1.07393,16.634319,9.362187,2433.914854,mixed_fuel_mixture_drift__vibration_bearing_fault,1,3,440,1000,-2.497819,0.342239,0.130986,1.489032,39.42146,0.059154,0.852743,4.467065,0.0,196.915
618,cruise,4127.322524,70.157536,55.19875,104.281268,171.345542,693.363837,26.232006,1.14872,16.357843,9.522966,2404.921737,mixed_fuel_mixture_drift__vibration_bearing_fault,1,3,440,1000,-0.238282,0.549976,-0.060872,0.378612,35.344671,0.065599,0.854982,4.391835,0.0,196.91
619,cruise,3988.194695,72.270026,54.196154,104.549617,174.603451,693.319436,26.50898,1.118237,16.205179,10.819813,2373.400869,mixed_fuel_mixture_drift__vibration_bearing_fault,1,3,440,1000,-4.051567,-0.099249,-0.133274,1.05434,39.783834,-0.182015,0.841094,4.405259,0.0,196.905
620,cruise,4228.695487,70.762576,54.085431,104.028637,170.929954,688.278968,26.379866,1.076232,16.477806,9.989829,2336.673614,mixed_fuel_mixture_drift__vibration_bearing_fault,1,3,440,1000,-1.015009,-0.449619,-0.104513,0.064809,37.194421,-0.011254,0.852665,4.57963,0.0,196.9
621,cruise,4379.006657,71.005741,54.795178,104.833666,173.996575,689.109887,26.551825,1.168065,16.459445,9.194542,2316.870803,mixed_fuel_mixture_drift__vibration_bearing_fault,1,3,440,1000,0.262517,0.705984,-0.06921,0.311541,38.392536,0.108188,0.856288,4.43095,0.0,196.895
622,cruise,4198.518294,71.149511,54.549668,104.138325,172.402342,692.004549,26.736428,1.187774,16.712072,9.60846,2317.292989,mixed_fuel_mixture_drift__vibration_bearing_fault,1,3,440,1000,-1.028535,0.082706,-0.471981,0.753909,40.779809,-0.008989,0.851905,4.379348,0.0,196.89
623,cruise,4035.319288,71.717107,54.3862,104.146897,172.14588,691.435808,26.34967,1.17579,16.778022,9.153447,2361.28531,mixed_fuel_mixture_drift__vibration_bearing_fault,1,3,440,1000,2.967348,0.906124,-0.825675,0.518903,39.466793,0.23474,0.851457,4.451484,0.0,196.885
624,cruise,4295.111946,70.330173,54.726682,103.69693,171.727727,691.861358,26.646614,1.048682,16.237739,9.514546,2288.657472,mixed_fuel_mixture_drift__vibration_bearing_fault,1,3,440,1000,-3.092978,-0.043889,-0.057257,-0.140303,39.6023,0.019976,0.850813,4.386925,0.0,196.88
625,cruise,3613.164845,70.63448,54.255289,103.929926,172.582411,691.473939,26.470876,1.156506,16.632392,9.773208,2191.255518,mixed_fuel_mixture_drift__vibration_bearing_fault,1,3,440,1000,-0.913419,-0.376306,0.240085,-0.205146,34.28059,0.136815,0.849697,4.602374,0.0,196.875
626,cruise,4175.817924,71.731959,53.968517,104.808448,171.744906,691.428465,26.451507,1.165843,16.374289,9.15169,2330.065498,mixed_fuel_mixture_drift__vibration_bearing_fault,1,3,440,1000,-0.010081,0.556421,-0.270764,-0.690638,36.935295,0.137561,0.861399,4.495711,0.0,196.87
627,cruise,4095.319256,70.846338,53.267572,104.194822,172.544508,692.921324,26.531771,1.088768,16.686535,7.740782,2288.283146,mixed_fuel_mixture_drift__vibration_bearing_fault,1,3,440,1000,-2.299034,-0.345108,0.32045,0.007107,39.113296,-0.051398,0.850499,4.494852,0.0,196.865
628,cruise,3922.296051,74.17372,54.258642,103.052301,172.664115,690.301117,26.331823,1.050515,16.600865,10.368925,2339.231407,mixed_fuel_mixture_drift__vibration_bearing_fault,1,3,440,1000,-1.241808,-0.278154,-0.596856,0.049572,39.410491,-0.046142,0.84708,4.537767,0.0,196.86
629,cruise,3692.627658,71.114904,53.661893,104.144216,171.808357,698.873039,26.443485,1.181318,16.302538,9.78644,2270.677068,mixed_fuel_mixture_drift__vibration_bearing_fault,1,3,440,1000,-2.573848,0.193411,0.320912,-0.4503,40.346022,0.185621,0.856746,4.549448,0.0,196.855
630,cruise,4403.9911,71.181641,54.559611,103.610858,171.280656,688.073275,26.210448,1.091296,16.590456,8.296089,2282.569242,mixed_fuel_mixture_drift__vibration_bearing_fault,1,3,440,1000,1.724472,0.094594,0.022458,-1.24873,39.134718,-0.253877,0.848063,4.433136,0.0,196.85
631,cruise,4305.352604,73.164135,55.082087,104.387739,172.127413,695.311815,26.394182,1.137197,16.311741,9.945371,2361.12207,mixed_fuel_mixture_drift__vibration_bearing_fault,1,3,440,1000,-2.754137,0.407426,0.036575,-0.300909,37.661275,0.081053,0.849253,4.593347,0.0,196.845
632,cruise,4161.656782,71.978321,54.175017,105.175881,174.70273,691.930263,26.576549,1.159483,16.80322,9.771245,2425.350614,mixed_fuel_mixture_drift__vibration_bearing_fault,1,3,440,1000,1.017703,0.267113,-0.016191,0.024864,38.825275,0.155682,0.844818,4.46475,0.0,196.84
633,cruise,3877.835745,69.619768,54.563383,104.485623,172.009189,689.693021,26.292708,1.061614,16.427599,11.398326,2221.107674,mixed_fuel_mixture_drift__vibration_bearing_fault,1,3,440,1000,-4.153887,-0.225913,-0.405236,0.899874,39.367017,-0.183965,0.854492,4.529515,0.0,196.835
634,cruise,4116.266898,71.210345,54.22692,105.411427,173.765889,688.723678,26.339436,1.005175,16.677887,9.662651,2264.799147,mixed_fuel_mixture_drift__vibration_bearing_fault,1,3,440,1000,-2.097206,-0.000426,-0.313503,0.215041,37.695383,-0.100693,0.851398,4.518977,0.0,196.83
635,cruise,4025.057481,69.644073,54.761427,103.821272,171.801192,691.820419,26.593384,1.140108,16.284879,10.686336,2210.816644,mixed_fuel_mixture_drift__vibration_bearing_fault,1,3,440,1000,0.237923,-0.117168,0.312284,0.867052,37.955547,-0.224995,0.856112,4.443086,0.0,196.825
636,cruise,4220.826771,69.981827,54.178903,104.146867,171.47001,693.994144,26.018468,1.093428,16.490447,8.736973,2300.030982,mixed_fuel_mixture_drift__vibration_bearing_fault,1,3,440,1000,7.228639,-0.150863,0.164855,-0.040451,39.259401,-0.085603,0.847198,4.508006,0.0,196.82
637,cruise,4421.458972,71.881751,54.726755,103.171147,173.203245,691.436696,26.427213,1.108802,16.74614,8.589265,2340.498469,mixed_fuel_mixture_drift__vibration_bearing_fault,1,3,440,1000,-4.223205,0.666221,0.062386,-0.401178,34.302684,0.007245,0.850469,4.361185,0.0,196.815
638,cruise,3990.780864,70.973837,54.48948,104.245865,172.695888,694.653456,26.584527,1.033882,16.462774,9.285131,2368.351159,mixed_fuel_mixture_drift__vibration_bearing_fault,1,3,440,1000,-4.559325,-0.292414,-0.553529,-1.484266,36.900927,0.022468,0.845192,4.524737,0.0,196.81
639,cruise,4710.604238,67.819779,54.362906,104.471518,174.000724,688.888634,26.187145,1.130805,16.446681,9.343747,2407.56734,mixed_fuel_mixture_drift__vibration_bearing_fault,1,3,440,1000,0.174246,-0.756693,-0.485351,-2.567167,38.893279,-0.100965,0.847353,4.427946,0.0,196.805
640,cruise,4132.572584,70.107666,54.556034,103.199949,173.088171,692.245867,26.650674,1.089341,16.518394,7.829505,2397.969751,mixed_fuel_mixture_drift__vibration_bearing_fault,1,3,440,1000,-7.72468,-0.096537,0.261424,0.34276,37.828487,-0.181804,0.853414,4.460225,0.0,196.8
641,cruise,4148.484862,71.713535,54.520865,104.199608,171.776388,690.390223,26.649436,1.108824,16.356343,9.011365,2417.741069,mixed_fuel_mixture_drift__vibration_bearing_fault,1,3,440,1000,-0.049872,-0.207993,-0.104441,0.711726,36.01445,-0.19421,0.845027,4.536017,0.0,196.795
642,cruise,3786.593987,72.070654,53.421414,103.51016,173.19817,690.112586,26.634023,1.100487,16.682299,8.028795,2249.073331,mixed_fuel_mixture_drift__vibration_bearing_fault,1,3,440,1000,1.597209,0.37179,0.278106,-0.237368,36.829864,0.094649,0.843796,4.496327,0.0,196.79
643,cruise,4213.159006,70.897318,53.83003,103.853606,172.115751,692.741387,26.692753,1.046151,16.599606,7.43275,2210.416288,mixed_fuel_mixture_drift__vibration_bearing_fault,1,3,440,1000,3.363031,0.588532,-0.299443,0.26429,37.07677,-0.202512,0.855683,4.401539,0.0,196.785
644,cruise,3999.797196,72.482747,54.638862,103.536403,172.641649,688.154266,26.158357,1.061412,16.729068,9.687886,2180.256381,mixed_fuel_mixture_drift__vibration_bearing_fault,1,3,440,1000,-1.358331,-0.53388,0.030371,1.215771,37.130755,-0.004061,0.845343,4.577462,0.0,196.78
645,cruise,4085.720074,70.490528,54.160513,103.567461,171.643197,688.740603,26.543929,1.041925,16.625444,10.650324,2335.990572,mixed_fuel_mixture_drift__vibration_bearing_fault,1,3,440,1000,-3.669035,0.75016,0.215087,1.402534,38.707707,0.04958,0.839595,4.529507,0.0,196.775
646,cruise,3922.886546,71.297466,54.670752,103.742064,173.421863,689.534662,26.252063,1.045078,16.428884,9.283161,2276.11117,mixed_fuel_mixture_drift__vibration_bearing_fault,1,3,440,1000,4.175678,-0.228022,-0.205611,0.55751,39.472994,-0.226798,0.85294,4.449218,0.0,196.77
647,cruise,4070.497614,71.341841,53.903348,103.98961,172.434112,689.478398,26.203502,1.064009,16.434693,7.371429,2607.429594,mixed_fuel_mixture_drift__vibration_bearing_fault,1,3,440,1000,-3.124033,0.704668,-0.232881,-0.830904,37.605797,-0.09286,0.849955,4.511979,0.0,196.765
648,cruise,3881.058299,70.153719,54.130577,104.115131,173.7386,690.133658,26.576116,1.049277,16.65477,8.342196,2296.800549,mixed_fuel_mixture_drift__vibration_bearing_fault,1,3,440,1000,2.084546,-0.101679,-1.202953,-0.578695,37.205843,-0.079849,0.849482,4.449511,0.0,196.76
649,cruise,3934.407218,70.904187,54.785451,104.939084,171.571729,691.632771,26.34672,1.042644,16.573412,8.8291,2260.099677,mixed_fuel_mixture_drift__vibration_bearing_fault,1,3,440,1000,0.388186,0.180048,0.421754,-0.212572,38.269203,-0.13496,0.852,4.558081,0.0,196.755
650,cruise,4266.493439,71.67246,54.545616,103.836308,174.200781,692.433097,26.29254,1.159702,16.529819,7.884189,2347.118754,mixed_fuel_mixture_drift__vibration_bearing_fault,1,3,440,1000,0.42301,0.438794,0.175638,0.028917,39.345826,0.041947,0.848883,4.567469,0.0,196.75
651,cruise,4271.465529,72.942368,53.723943,104.208739,172.817404,691.882148,26.513127,1.127552,16.621504,9.434389,2417.959954,mixed_fuel_mixture_drift__vibration_bearing_fault,1,3,440,1000,-1.159112,0.396913,-0.553353,0.381217,36.292031,-0.034349,0.851117,4.5819,0.0,196.745
652,cruise,3874.937095,71.054229,54.181987,104.115928,172.253054,692.145057,26.706822,1.112773,16.240086,10.090833,2283.606319,mixed_fuel_mixture_drift__vibration_bearing_fault,1,3,440,1000,-7.309049,0.616155,-1.185473,-1.250462,35.861353,0.046437,0.837995,4.52418,0.0,196.74
653,cruise,3879.071674,70.68704,53.71843,104.237301,172.081566,692.600804,26.729161,1.067497,16.593721,7.098212,2161.18783,mixed_fuel_mixture_drift__vibration_bearing_fault,1,3,440,1000,0.542116,-0.102475,-0.09298,0.186,36.772045,0.159298,0.85688,4.606009,0.0,196.735
654,cruise,3869.164481,71.522479,54.331621,103.554361,170.648096,693.489888,26.486699,1.076949,16.489538,8.870128,2287.689228,mixed_fuel_mixture_drift__vibration_bearing_fault,1,3,440,1000,3.217991,-0.249598,0.368642,1.602988,37.244837,-0.113965,0.850212,4.42159,0.0,196.73
655,cruise,4323.332724,71.61953,54.081952,104.326369,171.432076,690.459274,26.416965,1.070178,16.388943,8.439888,2203.307644,mixed_fuel_mixture_drift__vibration_bearing_fault,1,3,440,1000,1.190809,-0.263581,-0.535343,-0.103189,38.880249,-0.02106,0.856889,4.587166,0.0,196.725
656,cruise,4197.061756,70.799631,54.434329,104.034717,171.217703,693.653402,26.013471,1.060345,16.513464,10.686817,2126.444016,mixed_fuel_mixture_drift__vibration_bearing_fault,1,3,440,1000,0.721963,-0.793918,0.041298,-2.074735,36.887945,-0.172548,0.853091,4.428543,0.0,196.72
657,cruise,4011.338344,70.549077,54.417347,104.345995,171.275204,693.193617,26.661133,1.106604,16.556579,8.481909,2377.245433,mixed_fuel_mixture_drift__vibration_bearing_fault,1,3,440,1000,-1.98649,0.204697,0.177982,-1.227691,37.973729,0.061152,0.856865,4.360637,0.0,196.715
658,cruise,3627.474791,69.80221,53.286835,103.735301,173.660238,690.396636,26.396891,1.082693,16.593528,10.515852,2221.795557,mixed_fuel_mixture_drift__vibration_bearing_fault,1,3,440,1000,-0.321765,0.519254,-0.193695,-1.049895,37.262839,0.091016,0.852404,4.55082,0.0,196.71
659,cruise,3971.821535,70.631783,53.351393,103.841211,173.040366,687.434527,26.464616,1.105753,16.624244,7.312258,2301.397941,mixed_fuel_mixture_drift__vibration_bearing_fault,1,3,440,1000,0.687178,-0.621983,-0.22079,-0.24259,38.99023,0.121944,0.843563,4.541698,0.0,196.705
660,cruise,4101.989851,73.431993,54.015486,104.235476,172.214797,694.306181,26.509052,1.132848,16.520698,8.007893,2076.845319,mixed_fuel_mixture_drift__vibration_bearing_fault,1,3,440,1000,2.400861,0.22204,0.823177,0.834079,38.591547,-0.071926,0.841511,4.612473,0.0,196.7
661,cruise,4114.209795,72.532068,54.122729,103.846633,172.160426,696.445011,26.542783,1.149878,16.368159,8.273138,2280.727,mixed_fuel_mixture_drift__vibration_bearing_fault,1,3,440,1000,3.699757,-0.44643,-0.478647,1.764734,38.917662,0.238223,0.853933,4.44739,0.0,196.695
662,cruise,4144.41993,70.445822,53.725926,103.063487,174.414586,695.709675,26.234109,1.09338,16.660094,10.42266,2290.790421,mixed_fuel_mixture_drift__vibration_bearing_fault,1,3,440,1000,-4.068589,-0.510302,-0.037523,-0.926168,37.277351,-0.275785,0.850966,4.680411,0.0,196.69
663,cruise,4070.877335,71.873038,54.273638,103.847782,171.885823,687.95741,26.760598,1.061802,16.45763,9.751597,2343.644345,mixed_fuel_mixture_drift__vibration_bearing_fault,1,3,440,1000,-2.117512,0.211622,-0.577958,0.368324,37.22113,-0.005526,0.850124,4.470863,0.0,196.685
664,cruise,4133.677784,71.358375,53.943765,103.306488,174.615201,691.815083,26.704948,1.073167,16.6322,10.037075,2287.609284,mixed_fuel_mixture_drift__vibration_bearing_fault,1,3,440,1000,0.299041,0.28605,-0.565439,-0.95358,38.293781,-0.02631,0.844346,4.451156,0.0,196.68
665,cruise,4123.809488,70.732238,54.35857,103.987704,172.934012,690.631901,26.326618,1.132369,16.134791,9.490419,2236.097899,mixed_fuel_mixture_drift__vibration_bearing_fault,1,3,440,1000,-1.290177,0.388196,-0.398687,0.468187,40.579384,0.116646,0.84997,4.507209,0.0,196.675
666,cruise,4160.00936,73.555662,54.284785,104.006486,172.08884,688.835755,26.524673,1.11315,16.357571,11.075681,2222.115006,mixed_fuel_mixture_drift__vibration_bearing_fault,1,3,440,1000,0.858984,0.133857,0.050613,1.100769,37.826271,0.176332,0.846668,4.529129,0.0,196.67
667,cruise,4058.767071,69.77143,54.560354,104.45719,172.97828,684.569529,26.339487,1.104326,16.532783,8.042755,2295.457892,mixed_fuel_mixture_drift__vibration_bearing_fault,1,3,440,1000,-0.896076,-0.172,-0.276686,0.070751,37.586714,0.181215,0.859657,4.470557,0.0,196.665
668,cruise,4221.480674,72.373092,54.415786,104.224649,171.049744,691.330727,26.521977,1.054832,16.441038,8.720101,2391.568253,mixed_fuel_mixture_drift__vibration_bearing_fault,1,3,440,1000,0.007454,-0.047829,-0.024423,-0.140018,38.171201,-0.096232,0.838683,4.672657,0.0,196.66
669,cruise,4061.912486,70.50282,54.526119,102.941558,174.274969,691.228074,26.661549,1.083488,16.477252,8.520947,2258.712285,mixed_fuel_mixture_drift__vibration_bearing_fault,1,3,440,1000,-0.09166,0.225963,0.115448,-1.832789,36.531592,-0.02202,0.846927,4.435245,0.0,196.655
670,cruise,4118.455368,71.364829,54.04116,104.109949,171.539498,692.371872,26.188982,1.107665,16.395882,9.04607,2239.315747,mixed_fuel_mixture_drift__vibration_bearing_fault,1,3,440,1000,2.157706,0.020984,0.632247,0.174245,37.86034,0.062113,0.847154,4.525434,0.0,196.65
671,cruise,4211.029012,72.48555,54.011315,103.523114,173.768916,691.712115,26.427161,1.018201,16.497401,9.308232,2170.766362,mixed_fuel_mixture_drift__vibration_bearing_fault,1,3,440,1000,-0.874415,-0.548955,0.124849,0.809934,37.609294,0.273652,0.8505,4.558369,0.0,196.645
672,cruise,3695.355693,71.191067,54.316484,103.205472,172.042252,690.482735,26.322174,1.074189,16.431507,10.335812,2285.276736,mixed_fuel_mixture_drift__vibration_bearing_fault,1,3,440,1000,-1.603106,-0.598392,0.521175,-0.398065,38.637099,-0.251026,0.854659,4.460145,0.0,196.64
673,cruise,4483.836675,72.04516,54.391412,104.304087,172.440642,686.548788,26.363994,1.067378,16.58213,9.815385,2360.544884,mixed_fuel_mixture_drift__vibration_bearing_fault,1,3,440,1000,-6.232768,-0.119248,-0.363148,0.295051,38.286247,0.142395,0.840626,4.648976,0.0,196.635
674,cruise,4322.049788,72.461189,53.480765,103.486186,172.395724,689.885838,26.773097,1.06174,16.770938,10.409931,2257.523465,mixed_fuel_mixture_drift__vibration_bearing_fault,1,3,440,1000,-2.025521,-0.329955,0.375216,0.393142,39.657111,0.123659,0.850041,4.603065,0.0,196.63
675,cruise,4337.219759,72.3806,53.572064,103.373784,173.595546,691.656594,26.416894,1.127539,16.839767,9.973762,2344.461693,mixed_fuel_mixture_drift__vibration_bearing_fault,1,3,440,1000,-0.681691,-0.354188,0.084939,1.872083,38.524387,0.014017,0.855634,4.403959,0.0,196.625
676,cruise,4052.723322,71.960543,54.124646,103.302879,172.253433,693.912318,26.061842,1.108075,16.561982,9.877064,2296.436293,mixed_fuel_mixture_drift__vibration_bearing_fault,1,3,440,1000,4.386526,0.082155,-0.243853,0.730173,36.802691,0.042175,0.843894,4.615297,0.0,196.62
677,cruise,4247.855644,70.289879,54.16958,103.606733,172.181754,690.366038,26.526596,1.099516,16.429589,8.100947,2304.596923,mixed_fuel_mixture_drift__vibration_bearing_fault,1,3,440,1000,4.423542,0.478625,-0.326927,0.918763,37.491827,-0.067866,0.846521,4.43778,0.0,196.615
678,cruise,3880.699442,70.57828,54.052841,104.713094,173.379205,693.59214,26.476944,1.155924,16.620489,9.138298,2297.397702,mixed_fuel_mixture_drift__vibration_bearing_fault,1,3,440,1000,5.859768,0.471957,0.426008,0.782015,36.605397,-0.303729,0.851605,4.641905,0.0,196.61
679,cruise,4227.787894,71.002764,54.694223,103.759063,172.42056,691.949629,26.522272,1.16024,16.498978,8.303619,2273.837254,mixed_fuel_mixture_drift__vibration_bearing_fault,1,3,440,1000,1.301267,0.357772,-0.039854,-1.807098,36.637518,0.072928,0.847182,4.555146,0.0,196.605
680,cruise,4132.716843,69.300187,54.135428,103.518848,173.961633,688.074523,26.663688,1.040655,16.497964,9.937638,2262.101799,mixed_fuel_mixture_drift__vibration_bearing_fault,1,3,440,1000,-1.216737,0.303819,0.19778,0.42477,39.339942,-0.004328,0.851282,4.614678,0.0,196.6
681,cruise,4638.377982,71.128517,54.660429,104.202071,172.438613,691.960912,26.646824,0.952349,16.57037,9.800576,2401.732854,mixed_fuel_mixture_drift__vibration_bearing_fault,1,3,440,1000,-1.936847,-0.328912,-1.049379,1.067246,36.345097,-0.137393,0.84838,4.586252,0.0,196.595
682,cruise,3906.642066,70.699426,53.547713,103.454371,172.102988,695.281664,26.194138,1.022452,16.447966,9.9244,2396.96915,mixed_fuel_mixture_drift__vibration_bearing_fault,1,3,440,1000,1.396383,0.065074,0.197708,0.567797,40.223748,0.033945,0.842039,4.632587,0.0,196.59
683,cruise,3977.644887,72.841836,53.869844,104.805623,171.726506,692.771178,26.400302,1.209069,16.602352,9.774021,2301.553169,mixed_fuel_mixture_drift__vibration_bearing_fault,1,3,440,1000,2.779494,-0.569529,-0.360098,-0.795825,36.128648,-0.059259,0.8586,4.370144,0.0,196.585
684,cruise,4517.515661,70.842596,53.592732,104.290411,173.511671,691.529258,26.620959,1.093943,16.419488,9.95031,2313.913457,mixed_fuel_mixture_drift__vibration_bearing_fault,1,3,440,1000,4.059125,-0.048007,1.142612,-0.722499,37.023033,-0.023754,0.847091,4.604725,0.0,196.58
685,cruise,3983.977588,72.085422,54.027089,103.915907,174.531659,692.012555,26.636111,1.133796,16.488837,9.662166,2267.728339,mixed_fuel_mixture_drift__vibration_bearing_fault,1,3,440,1000,-1.02532,-0.003714,0.922851,-0.2023,38.505136,0.173319,0.861812,4.55009,0.0,196.575
686,cruise,4027.960013,71.538015,54.217916,103.404947,173.405833,695.435319,26.412588,1.049559,16.391461,9.16476,2219.950435,mixed_fuel_mixture_drift__vibration_bearing_fault,1,3,440,1000,6.020649,-0.28842,-0.285521,-0.981794,39.685181,0.097423,0.840241,4.58843,0.0,196.57
687,cruise,4189.166946,71.97339,54.590477,104.49443,171.946408,692.066036,26.652167,1.01593,16.601511,8.347986,2280.006276,mixed_fuel_mixture_drift__vibration_bearing_fault,1,3,440,1000,1.271354,-0.009488,-0.65457,0.173388,37.544666,-0.074007,0.846882,4.462815,0.0,196.565
688,cruise,4079.50772,72.047085,53.663847,103.813742,170.997669,686.410389,26.59424,1.01327,16.257187,7.494611,2249.457353,mixed_fuel_mixture_drift__vibration_bearing_fault,1,3,440,1000,-0.94393,0.719129,-0.31594,0.220381,41.961379,0.24255,0.844519,4.478808,0.0,196.56
689,cruise,4392.321445,72.054737,54.416173,103.442408,170.816699,693.08935,26.623855,1.042755,16.535826,8.023044,2235.014906,mixed_fuel_mixture_drift__vibration_bearing_fault,1,3,440,1000,-0.867048,0.829371,-0.009095,-0.907367,37.284864,0.003113,0.845825,4.60284,0.0,196.555
690,cruise,4211.572917,71.928701,53.943149,104.078846,171.311242,687.489917,26.491671,1.076069,16.704345,9.631155,2357.633424,mixed_fuel_mixture_drift__vibration_bearing_fault,1,3,440,1000,-3.679362,-0.875576,0.322998,0.967428,39.447336,0.221156,0.849784,4.471539,0.0,196.55
691,cruise,3831.401156,70.264661,53.920382,104.55252,172.581762,688.626368,26.381596,1.060355,16.502981,11.752435,2323.818422,mixed_fuel_mixture_drift__vibration_bearing_fault,1,3,440,1000,0.784291,-0.900451,-0.560177,-1.151077,36.945056,-0.011342,0.856922,4.509108,0.0,196.545
692,cruise,3973.092124,72.891272,54.435742,104.15277,170.704901,689.76925,26.61587,1.136068,16.410152,8.683541,2465.038497,mixed_fuel_mixture_drift__vibration_bearing_fault,1,3,440,1000,0.569969,0.252072,0.557048,0.881897,36.807645,0.104795,0.852327,4.618039,0.0,196.54
693,cruise,4015.727346,70.389661,53.835856,103.91099,171.595142,689.291803,26.433013,1.056153,16.487753,9.139788,2316.863429,mixed_fuel_mixture_drift__vibration_bearing_fault,1,3,440,1000,-2.070571,0.372304,0.458048,-0.202355,35.964757,-0.206987,0.841297,4.517673,0.0,196.535
694,cruise,4028.670396,72.320902,53.804102,103.506997,170.395188,690.98061,26.203037,0.985721,16.582922,8.575197,2468.39575,mixed_fuel_mixture_drift__vibration_bearing_fault,1,3,440,1000,-3.963666,0.770944,-0.579087,-0.834743,37.437742,0.00012,0.8551,4.326573,0.0,196.53
695,cruise,4112.368592,71.75284,54.180567,104.764329,172.127746,693.985347,26.64816,1.041425,16.657502,9.950103,2465.876058,mixed_fuel_mixture_drift__vibration_bearing_fault,1,3,440,1000,-2.847799,0.245842,-0.61868,0.16316,38.300417,0.099127,0.854672,4.445263,0.0,196.525
696,cruise,4188.8348,71.642241,54.576839,103.568137,172.908837,692.308997,26.278941,1.179007,16.498865,9.245842,2357.981118,mixed_fuel_mixture_drift__vibration_bearing_fault,1,3,440,1000,3.16209,0.998607,0.313967,-0.075337,39.556604,0.245044,0.847632,4.239784,0.0,196.52
697,cruise,3686.248471,71.367476,53.569627,104.28196,172.718489,693.072091,26.506192,1.044832,16.494661,10.279184,2367.656176,mixed_fuel_mixture_drift__vibration_bearing_fault,1,3,440,1000,-1.135958,-0.159902,0.160004,0.561374,37.590411,-0.164263,0.847446,4.476314,0.0,196.515
698,cruise,4272.125603,71.55316,54.043822,103.010357,172.900077,692.737589,26.754455,1.064957,16.846552,11.032325,2188.606619,mixed_fuel_mixture_drift__vibration_bearing_fault,1,3,440,1000,1.251291,-0.052848,-0.448476,-1.583038,38.616255,0.042385,0.84468,4.503314,0.0,196.51
699,cruise,4272.721133,71.772379,54.216855,103.449723,171.898379,687.717581,26.623085,1.142045,16.492968,10.454434,2342.433075,mixed_fuel_mixture_drift__vibration_bearing_fault,1,3,440,1000,1.386552,-0.070343,-0.395646,1.300681,39.052712,0.055413,0.853273,4.610543,0.0,196.505
700,cruise,4284.301687,69.282559,55.115225,103.975459,171.866861,690.736919,26.66332,1.123815,16.447212,11.351821,2387.342066,mixed_fuel_mixture_drift__vibration_bearing_fault,1,3,440,1000,0.402986,0.229153,-0.073973,0.186729,41.708691,0.011053,0.84405,4.571479,0.0,196.5
701,cruise,4180.772949,74.104818,54.295934,103.744373,172.212175,690.299461,26.467905,1.135701,16.496758,8.398911,2338.453974,mixed_fuel_mixture_drift__vibration_bearing_fault,1,3,440,1000,2.275021,-0.121262,-0.372404,1.033626,37.194321,-0.216627,0.851451,4.528731,0.0,196.495
702,cruise,4143.318081,71.623675,54.976072,103.793491,172.431501,692.989245,26.740992,1.08701,16.42532,8.011377,2444.287285,mixed_fuel_mixture_drift__vibration_bearing_fault,1,3,440,1000,-1.269108,-0.462965,0.547239,-0.322309,37.535391,-0.045356,0.853305,4.684582,0.0,196.49
703,cruise,4151.550537,71.785855,54.914421,104.121781,171.729179,687.688632,26.222284,1.102395,16.490732,9.734781,2392.34659,mixed_fuel_mixture_drift__vibration_bearing_fault,1,3,440,1000,0.045327,-0.208161,0.584729,0.037644,36.939591,-0.212759,0.844155,4.538905,0.0,196.485
704,cruise,4380.071397,71.451494,53.615016,103.840051,171.058692,695.079766,26.535091,1.093202,16.486943,9.152767,2276.989761,mixed_fuel_mixture_drift__vibration_bearing_fault,1,3,440,1000,3.156492,-0.24282,0.774122,0.797306,37.30844,0.063887,0.858411,4.416174,0.0,196.48
705,cruise,4034.097004,70.744634,54.004597,102.983303,172.58967,689.544947,26.362863,1.127331,16.359977,11.420228,2353.764088,mixed_fuel_mixture_drift__vibration_bearing_fault,1,3,440,1000,-3.392332,-0.289344,0.528027,-0.34061,40.701924,-0.271213,0.842641,4.481971,0.0,196.475
706,cruise,4197.723798,68.180115,53.586789,104.736426,172.038217,684.715675,26.476279,0.925499,16.438339,9.660428,2385.789464,mixed_fuel_mixture_drift__vibration_bearing_fault,1,3,440,1000,4.136236,0.112219,0.274041,-0.47836,36.974666,0.241042,0.845393,4.496929,0.0,196.47
707,cruise,3719.001606,71.453501,54.858713,103.922333,172.844882,688.37456,26.575198,1.054613,16.67649,9.40663,2432.272598,mixed_fuel_mixture_drift__vibration_bearing_fault,1,3,440,1000,-3.664174,0.044971,0.220996,0.515975,37.157239,-0.062955,0.845326,4.445031,0.0,196.465
708,cruise,4263.104281,71.00454,54.581048,104.109605,176.473913,694.359437,26.58984,1.120014,16.681476,8.841656,2125.984917,mixed_fuel_mixture_drift__vibration_bearing_fault,1,3,440,1000,0.175542,0.382281,-0.338965,0.255238,37.889945,-0.061902,0.85782,4.509424,0.0,196.46
709,cruise,3821.15417,70.585608,53.358651,104.178033,171.020257,690.762897,26.238632,1.106629,16.398822,7.053693,2222.776932,mixed_fuel_mixture_drift__vibration_bearing_fault,1,3,440,1000,2.697227,0.155787,0.485981,-0.706634,39.974283,-0.086618,0.844211,4.605792,0.0,196.455
710,cruise,3797.179396,72.353479,53.274677,103.648699,173.715053,691.890242,26.394546,1.187113,16.83817,10.114339,2291.689183,mixed_fuel_mixture_drift__vibration_bearing_fault,1,3,440,1000,4.067479,0.274047,0.954136,-1.205193,37.307349,0.203231,0.85127,4.397739,0.0,196.45
711,cruise,3873.176513,70.495578,54.599239,103.973126,172.260764,692.348907,26.491897,1.100263,16.539479,10.539731,2277.365422,mixed_fuel_mixture_drift__vibration_bearing_fault,1,3,440,1000,-1.148981,-0.260123,0.066846,0.436051,35.351394,-0.010993,0.856142,4.454801,0.0,196.445
712,cruise,4069.098793,70.48198,54.025846,103.443345,170.949032,689.011573,26.569633,1.191873,16.5595,10.759464,2078.151017,mixed_fuel_mixture_drift__vibration_bearing_fault,1,3,440,1000,4.56615,-0.685724,0.447919,0.477464,37.847204,0.240652,0.85681,4.4169,0.0,196.44
713,cruise,4262.002328,71.390771,53.889899,103.610206,173.760018,689.861369,26.188582,1.105679,16.564274,9.131417,2293.494666,mixed_fuel_mixture_drift__vibration_bearing_fault,1,3,440,1000,-2.126603,-0.210006,0.398745,-0.787045,36.894117,0.052473,0.855295,4.538177,0.0,196.435
714,cruise,3993.72538,71.481168,53.888286,103.978265,170.845692,692.710177,26.828875,0.997236,16.564446,10.202039,2254.810777,mixed_fuel_mixture_drift__vibration_bearing_fault,1,3,440,1000,-2.185717,-0.596062,0.111657,0.096739,39.596899,-0.056893,0.8494,4.650003,0.0,196.43
715,cruise,4297.106026,72.542034,54.062002,103.87568,172.818678,687.849732,26.634882,1.041047,16.426982,10.257522,2334.868502,mixed_fuel_mixture_drift__vibration_bearing_fault,1,3,440,1000,2.674024,0.028409,0.243031,-0.41641,38.674948,-0.052954,0.852786,4.565021,0.0,196.425
716,cruise,4405.503687,71.464831,54.155944,104.710942,170.586882,691.142045,26.642131,1.11764,16.380447,11.27112,2234.759751,mixed_fuel_mixture_drift__vibration_bearing_fault,1,3,440,1000,4.025766,-0.164434,-0.655962,-0.946353,38.623129,-0.132364,0.843377,4.663123,0.0,196.42
717,cruise,4183.609347,70.452048,54.63683,102.923046,173.610769,690.998338,26.547374,1.00959,16.455015,9.000617,2272.121243,mixed_fuel_mixture_drift__vibration_bearing_fault,1,3,440,1000,1.697634,0.377528,-0.691666,-0.689667,37.590398,-0.200652,0.841969,4.51138,0.0,196.415
718,cruise,3694.710749,70.512827,53.975782,104.432033,172.551073,691.095452,26.281053,1.045249,16.237504,8.487157,2106.253221,mixed_fuel_mixture_drift__vibration_bearing_fault,1,3,440,1000,3.569981,0.125432,0.127716,1.2163,39.750865,-0.046766,0.85076,4.455143,0.0,196.41
719,cruise,4050.725149,71.852181,53.856488,104.668457,172.016522,690.037552,26.806772,1.070457,16.544621,10.384981,2425.121586,mixed_fuel_mixture_drift__vibration_bearing_fault,1,3,440,1000,1.123838,-0.013475,0.131584,-0.15686,36.444521,0.036125,0.839879,4.602271,0.0,196.405
720,cruise,4209.934452,73.086513,54.094635,103.24855,174.220163,691.54363,26.156643,1.162998,16.533734,9.468795,2232.818692,mixed_fuel_mixture_drift__vibration_bearing_fault,1,3,440,1000,4.151869,-0.252851,-0.148568,-0.95158,37.689522,-0.061926,0.848757,4.585136,0.0,196.4
721,cruise,4263.4619,71.926698,54.293645,104.186172,172.064304,689.188386,26.198791,0.997501,16.805632,10.093942,2563.27163,mixed_fuel_mixture_drift__vibration_bearing_fault,1,3,440,1000,1.57806,0.113851,0.288575,0.236795,38.354862,0.063174,0.846029,4.415006,0.0,196.395
722,cruise,4075.513434,70.923661,53.969353,104.175728,173.552508,693.539891,26.759391,0.997043,16.436278,8.930302,2229.310233,mixed_fuel_mixture_drift__vibration_bearing_fault,1,3,440,1000,-2.59957,0.436793,0.104134,-0.700921,39.656256,0.056631,0.850677,4.414822,0.0,196.39
723,cruise,4447.803104,72.075977,54.37022,103.290325,171.632,688.268487,26.335235,1.065696,16.473678,8.985305,2294.591175,mixed_fuel_mixture_drift__vibration_bearing_fault,1,3,440,1000,5.203018,-0.109641,0.315574,0.442932,41.915452,0.231026,0.852154,4.42257,0.0,196.385
724,cruise,4050.994863,70.986631,54.121848,104.12216,174.2376,691.491428,26.140157,1.038775,16.774257,9.483085,2100.730308,mixed_fuel_mixture_drift__vibration_bearing_fault,1,3,440,1000,-1.601039,0.626374,0.823979,-0.246719,36.478717,0.109012,0.85441,4.459767,0.0,196.38
725,cruise,4067.671551,70.28075,53.812023,103.612458,172.588135,691.051557,26.367684,1.046306,16.615101,10.549223,2218.92476,mixed_fuel_mixture_drift__vibration_bearing_fault,1,3,440,1000,1.471435,0.073938,-1.006725,-0.192538,38.883338,-0.122356,0.842215,4.541491,0.0,196.375
726,cruise,3955.854036,71.399516,54.796917,104.219993,174.174604,695.227319,26.538405,1.066859,16.558129,8.700122,2192.590527,mixed_fuel_mixture_drift__vibration_bearing_fault,1,3,440,1000,1.468699,0.910981,-0.285975,-0.484677,37.642482,0.424972,0.847936,4.387543,0.0,196.37
727,cruise,4335.135501,72.068363,55.050997,103.903686,171.470512,694.670901,26.642239,1.074509,16.339743,8.893583,2258.195508,mixed_fuel_mixture_drift__vibration_bearing_fault,1,3,440,1000,-4.542796,0.413645,-0.080266,0.619031,36.643098,0.03604,0.847116,4.401586,0.0,196.365
728,cruise,3961.60309,71.71876,53.86703,103.91778,171.75807,692.845183,26.376957,1.132853,16.378176,10.093135,2291.306488,mixed_fuel_mixture_drift__vibration_bearing_fault,1,3,440,1000,3.744056,-0.14322,-0.058343,-0.656718,36.749649,0.164663,0.848356,4.449631,0.0,196.36
729,cruise,4084.957849,71.931462,53.118985,103.318057,172.522685,694.385424,26.343454,1.029899,16.484448,9.108878,2380.729171,mixed_fuel_mixture_drift__vibration_bearing_fault,1,3,440,1000,-1.919474,-0.068352,-0.292809,0.064805,38.706168,-0.077812,0.844323,4.502698,0.0,196.355
730,cruise,3520.814527,71.568622,54.871274,103.126894,170.709387,691.038305,26.765512,1.029348,16.513244,8.734556,2361.191686,mixed_fuel_mixture_drift__vibration_bearing_fault,1,3,440,1000,2.208032,-0.182843,1.219046,-0.479076,35.583672,0.080323,0.851109,4.426174,0.0,196.35
731,cruise,4242.524482,70.179847,54.871238,103.693122,172.338722,686.928541,26.5481,1.060401,16.577575,8.959584,2399.145129,mixed_fuel_mixture_drift__vibration_bearing_fault,1,3,440,1000,2.851047,0.818564,0.283162,1.568711,37.655419,-0.086872,0.850597,4.413579,0.0,196.345
732,cruise,3671.608169,71.972355,54.536835,103.336541,171.893474,691.955019,26.693017,1.124315,16.384514,9.550426,2493.465358,mixed_fuel_mixture_drift__vibration_bearing_fault,1,3,440,1000,3.779926,-0.095184,-0.554084,0.361529,37.426165,0.065167,0.855929,4.632101,0.0,196.34
733,cruise,3907.973311,70.793262,54.657043,104.738829,172.919065,692.209463,26.105266,1.017468,16.642533,8.359943,2282.889447,mixed_fuel_mixture_drift__vibration_bearing_fault,1,3,440,1000,0.694114,0.094648,0.07426,0.774403,36.44725,0.020731,0.854376,4.401875,0.0,196.335
734,cruise,4203.352044,72.547826,53.413055,104.428386,171.977199,685.689213,26.411017,1.135389,16.38095,8.144601,2345.474573,mixed_fuel_mixture_drift__vibration_bearing_fault,1,3,440,1000,-3.265506,-0.573927,0.180155,0.647231,35.789497,-0.070526,0.845868,4.533699,0.0,196.33
735,cruise,4223.545122,69.629313,53.895934,103.834904,171.593676,688.615374,26.595339,1.098584,16.535254,9.521873,2355.93364,mixed_fuel_mixture_drift__vibration_bearing_fault,1,3,440,1000,-1.505259,0.418501,0.169591,-0.771813,37.696332,-0.077188,0.845009,4.541422,0.0,196.325
736,cruise,4270.874332,70.444658,54.579811,104.921211,173.657056,690.399888,26.251204,1.081929,16.554448,9.614901,2272.197176,mixed_fuel_mixture_drift__vibration_bearing_fault,1,3,440,1000,5.157404,-0.448356,-0.825062,-0.167974,39.304956,-0.229743,0.847378,4.527396,0.0,196.32
737,cruise,3799.426882,72.537613,54.265431,103.925006,173.239976,690.976255,26.272054,1.096302,16.577391,8.490114,2189.59214,mixed_fuel_mixture_drift__vibration_bearing_fault,1,3,440,1000,-1.278104,0.503434,-0.212019,-0.378132,36.571492,-0.166665,0.850408,4.386559,0.0,196.315
738,cruise,4273.05071,70.292423,53.809076,104.471635,171.348992,695.655618,26.298362,1.107228,16.601283,10.30542,2060.57997,mixed_fuel_mixture_drift__vibration_bearing_fault,1,3,440,1000,-0.429939,-0.111053,0.709699,-0.045733,36.256823,0.001725,0.851581,4.481251,0.0,196.31
739,cruise,4040.275417,69.990573,54.149825,103.368182,172.968184,691.410599,26.532463,1.046296,16.498368,9.247591,2133.714185,mixed_fuel_mixture_drift__vibration_bearing_fault,1,3,440,1000,-2.243972,-0.200178,0.373997,-0.093345,39.398498,0.064479,0.85634,4.536149,0.0,196.305
740,cruise,3977.048602,70.579289,54.229956,104.797409,173.748445,691.259884,26.544479,1.189699,16.546861,8.668347,2230.984219,mixed_fuel_mixture_drift__vibration_bearing_fault,1,3,440,1000,7.141804,-0.632548,0.159951,-0.437236,36.703039,-0.126837,0.851165,4.625915,0.0,196.3
741,cruise,4182.306389,71.848253,53.609646,103.617293,172.339108,689.984238,26.468767,1.111485,16.651716,10.789781,2280.83049,mixed_fuel_mixture_drift__vibration_bearing_fault,1,3,440,1000,0.102865,-0.113335,-0.103948,0.241726,37.455972,0.297674,0.855472,4.493175,0.0,196.295
742,cruise,4292.464408,69.431438,54.80551,103.689076,172.326694,691.486858,26.364575,1.064615,16.599357,8.604276,2495.911038,mixed_fuel_mixture_drift__vibration_bearing_fault,1,3,440,1000,0.357115,0.059811,0.605732,-0.29043,37.909519,0.041073,0.848484,4.518925,0.0,196.29
743,cruise,4008.785917,70.895816,54.397587,104.56494,171.987624,691.370549,26.531556,1.103918,16.597764,9.420079,2362.078604,mixed_fuel_mixture_drift__vibration_bearing_fault,1,3,440,1000,1.444493,0.229205,-0.001831,-0.440231,39.167529,-0.093976,0.85352,4.517792,0.0,196.285
744,cruise,4245.619957,71.772522,54.42339,104.182122,172.471812,691.281089,26.749327,1.069626,16.727637,7.900812,2474.743864,mixed_fuel_mixture_drift__vibration_bearing_fault,1,3,440,1000,-3.232471,-0.606602,-0.43422,0.482895,38.958712,0.214144,0.848087,4.375747,0.0,196.28
745,cruise,4303.085538,68.510954,54.514754,104.46057,170.566376,693.620314,26.460273,1.047009,16.426983,7.943745,2400.68503,mixed_fuel_mixture_drift__vibration_bearing_fault,1,3,440,1000,-0.072163,-0.327889,0.362681,-0.289311,34.968523,0.042426,0.848978,4.343842,0.0,196.275
746,cruise,4007.836585,70.697791,54.43427,103.793605,170.8626,694.510968,26.660696,1.081502,16.547786,7.039445,2160.941075,mixed_fuel_mixture_drift__vibration_bearing_fault,1,3,440,1000,5.068514,0.451861,-0.811389,2.091316,39.674297,0.223226,0.846916,4.530433,0.0,196.27
747,cruise,4152.747198,71.340151,54.210287,104.12947,171.600739,694.599081,26.654375,1.103507,16.76899,10.165041,2278.586547,mixed_fuel_mixture_drift__vibration_bearing_fault,1,3,440,1000,0.409155,0.040351,0.310875,0.63179,39.731302,-0.241958,0.849431,4.407973,0.0,196.265
748,cruise,4364.480068,71.332586,54.726157,104.39221,174.964349,693.654126,26.519183,1.132611,16.542379,7.65511,2230.983394,mixed_fuel_mixture_drift__vibration_bearing_fault,1,3,440,1000,-1.184186,0.104169,-0.325421,-0.396095,39.635542,0.105741,0.856364,4.555226,0.0,196.26
749,cruise,4293.360309,69.650135,54.012798,103.723816,172.915016,687.863313,26.390471,1.11606,16.451855,11.059885,2273.671944,mixed_fuel_mixture_drift__vibration_bearing_fault,1,3,440,1000,1.239034,0.05786,-0.297242,-0.57903,39.558667,-0.001762,0.846334,4.458947,0.0,196.255
750,cruise,4038.113702,72.044958,54.556429,104.159332,172.33751,690.986191,26.630384,1.113692,16.793674,10.926739,2362.183959,mixed_fuel_mixture_drift__vibration_bearing_fault,1,3,440,1000,2.406053,0.014005,0.160993,0.092969,39.467192,-0.040583,0.856687,4.371128,0.0,196.25
751,cruise,3820.050584,70.224882,54.717231,104.892062,172.188801,691.831623,26.4223,1.062493,16.371835,11.791018,2197.398917,mixed_fuel_mixture_drift__vibration_bearing_fault,1,3,440,1000,1.792274,0.685333,-0.297973,-0.279757,37.538129,-0.080504,0.840188,4.590065,0.0,196.245
752,cruise,4510.49179,72.021173,54.49359,104.42487,172.409466,695.870035,26.439861,1.070424,16.581838,8.114422,2419.397676,mixed_fuel_mixture_drift__vibration_bearing_fault,1,3,440,1000,1.477784,-0.129036,0.425896,0.293598,38.413511,-0.013657,0.848823,4.497089,0.0,196.24
753,cruise,4236.950326,71.190033,54.029937,103.941442,173.531773,694.10032,26.484526,1.122886,16.625557,9.715024,2308.521851,mixed_fuel_mixture_drift__vibration_bearing_fault,1,3,440,1000,-0.669604,0.061663,0.628192,-0.732496,39.827178,0.086355,0.851647,4.492722,0.0,196.235
754,cruise,4211.35541,73.30049,54.774531,104.18821,171.997607,694.851968,26.591275,1.058224,16.518697,9.086498,2313.108794,mixed_fuel_mixture_drift__vibration_bearing_fault,1,3,440,1000,-2.95495,0.425889,0.107325,-0.579697,35.415046,-0.013124,0.851733,4.610353,0.0,196.23
755,cruise,4047.274122,71.251563,54.334411,103.92052,170.495552,691.334771,26.408495,1.120715,16.361932,7.665646,2340.5403,mixed_fuel_mixture_drift__vibration_bearing_fault,1,3,440,1000,2.041197,0.527935,0.415954,-0.508866,37.372458,-0.044866,0.853312,4.479233,0.0,196.225
756,cruise,4035.403703,71.340973,54.328507,103.803268,173.283693,691.227288,26.345942,1.092517,16.222517,8.208968,2402.890794,mixed_fuel_mixture_drift__vibration_bearing_fault,1,3,440,1000,1.994491,0.438353,0.354769,-0.31237,35.95262,0.09209,0.845194,4.457228,0.0,196.22
757,cruise,4138.780667,69.816644,54.289036,104.479468,173.679847,688.108154,26.706989,1.131975,16.600029,7.752969,2507.841205,mixed_fuel_mixture_drift__vibration_bearing_fault,1,3,440,1000,-0.571032,0.2422,-0.892909,0.760099,36.905956,0.253752,0.856843,4.614361,0.0,196.215
758,cruise,4203.708971,73.274579,54.738994,103.712419,172.625503,689.923119,26.3233,1.019916,16.657538,9.197369,2231.9665,mixed_fuel_mixture_drift__vibration_bearing_fault,1,3,440,1000,1.230064,-0.291334,-0.850111,-0.119784,38.037566,0.102009,0.852547,4.391682,0.0,196.21
759,cruise,3824.727243,70.504183,54.432897,103.728689,171.512129,693.560134,25.970202,1.089203,16.806516,9.769944,2272.662334,mixed_fuel_mixture_drift__vibration_bearing_fault,1,3,440,1000,7.327156,0.677863,-0.15587,0.033134,39.266366,0.195701,0.841306,4.387605,0.0,196.205
760,cruise,4445.170724,71.004415,54.781882,104.29031,173.057277,688.922861,26.513211,1.064918,16.543389,8.314443,2393.833461,mixed_fuel_mixture_drift__vibration_bearing_fault,1,3,440,1000,1.190349,0.841976,0.430451,0.951831,40.757462,0.052252,0.849694,4.471525,0.0,196.2
761,cruise,4199.610794,74.004809,54.560731,104.090603,170.222032,694.700664,26.634166,1.083837,16.552817,10.551106,2331.922767,mixed_fuel_mixture_drift__vibration_bearing_fault,1,3,440,1000,2.255257,0.059248,-1.205841,1.185557,38.068367,0.086093,0.8422,4.484382,0.0,196.195
762,cruise,4379.401618,73.038134,53.786589,103.891734,172.207921,693.702882,26.240763,1.003054,16.669519,8.671982,2428.363089,mixed_fuel_mixture_drift__vibration_bearing_fault,1,3,440,1000,5.007607,-0.152933,0.090989,1.34298,38.618133,-0.04854,0.85119,4.57758,0.0,196.19
763,cruise,3950.34366,70.643537,53.987579,104.454548,172.018144,690.167099,26.231199,1.129678,16.324723,9.831864,2355.43057,mixed_fuel_mixture_drift__vibration_bearing_fault,1,3,440,1000,-0.00753,-0.584243,-0.221984,-0.571377,39.907729,0.041298,0.853482,4.486396,0.0,196.185
764,cruise,4097.699635,71.070873,54.265999,104.321603,174.504338,697.887975,26.571857,1.163158,16.742694,10.61724,2402.400346,mixed_fuel_mixture_drift__vibration_bearing_fault,1,3,440,1000,-8.196768,0.553012,-0.113632,0.671773,38.31355,-0.010715,0.845863,4.586941,0.0,196.18
765,cruise,3750.660275,71.275657,54.476016,103.881724,171.136862,690.78876,26.303584,1.068673,16.610695,9.169226,2317.219855,mixed_fuel_mixture_drift__vibration_bearing_fault,1,3,440,1000,-2.552766,0.154556,0.09883,1.415909,36.978663,-0.398861,0.838878,4.450487,0.0,196.175
766,cruise,4119.646849,72.241139,54.44803,104.117224,171.926967,689.842184,26.11749,1.021968,16.720799,8.564564,2332.740979,mixed_fuel_mixture_drift__vibration_bearing_fault,1,3,440,1000,4.482516,0.840573,-0.450644,0.885465,38.593982,0.287236,0.856843,4.630169,0.0,196.17
767,cruise,4053.810252,71.92313,54.432506,104.48697,172.184704,688.722927,26.593408,1.120752,16.344327,7.918742,2257.101259,mixed_fuel_mixture_drift__vibration_bearing_fault,1,3,440,1000,-0.654103,-0.304442,-0.116783,-0.115786,40.166137,0.122889,0.853396,4.514904,0.0,196.165
768,cruise,3962.28737,71.005841,53.681546,104.746909,173.170078,694.40951,26.413937,1.113516,16.51553,9.645446,2271.304835,mixed_fuel_mixture_drift__vibration_bearing_fault,1,3,440,1000,-1.764865,-0.157133,0.271427,0.936473,37.895448,0.054496,0.847723,4.481296,0.0,196.16
769,cruise,4113.836016,68.724351,55.67302,102.969209,173.406936,692.541223,26.386063,1.085047,16.484941,8.594815,2271.331488,mixed_fuel_mixture_drift__vibration_bearing_fault,1,3,440,1000,-6.064553,0.015847,0.00757,-0.697154,37.380533,-0.002834,0.856592,4.529251,0.0,196.155
770,cruise,4431.451873,72.101991,53.870977,103.570608,172.768328,693.560356,26.182258,1.105865,16.630201,8.794938,2199.439739,mixed_fuel_mixture_drift__vibration_bearing_fault,1,3,440,1000,-1.199347,-0.031792,-0.256397,-0.326052,37.668531,0.016535,0.844638,4.392043,0.0,196.15
771,cruise,4107.673563,71.650289,54.977889,103.443683,171.621619,689.354258,26.545486,0.984012,16.516096,8.287452,2307.929167,mixed_fuel_mixture_drift__vibration_bearing_fault,1,3,440,1000,2.390514,-0.184385,0.752652,0.062839,36.404649,0.110179,0.8461,4.429635,0.0,196.145
772,cruise,4240.017275,68.720661,53.974913,103.830891,174.221835,692.605317,26.323096,1.066507,16.372675,8.735867,2447.267885,mixed_fuel_mixture_drift__vibration_bearing_fault,1,3,440,1000,-1.494803,-0.300557,0.336338,0.15435,37.146551,-0.014714,0.851627,4.517186,0.0,196.14
773,cruise,4131.939707,71.996504,53.943234,104.652152,171.913541,690.321167,27.014103,0.993471,16.639591,11.222442,2493.579873,mixed_fuel_mixture_drift__vibration_bearing_fault,1,3,440,1000,-3.198558,0.008192,0.34937,-0.034939,40.460532,0.002627,0.84566,4.462495,0.0,196.135
774,cruise,4031.474248,69.875189,54.523123,104.234683,172.698186,689.710476,26.310731,1.04206,16.726813,9.306453,2273.712871,mixed_fuel_mixture_drift__vibration_bearing_fault,1,3,440,1000,-0.02867,-0.357513,-0.179969,0.494539,37.161808,-0.077188,0.848295,4.489746,0.0,196.13
775,cruise,4250.357205,72.712335,54.178398,104.136619,172.702384,691.521789,26.572975,1.093925,16.484942,8.964976,2158.127392,mixed_fuel_mixture_drift__vibration_bearing_fault,1,3,440,1000,5.582011,-1.173482,0.748386,0.59648,38.319031,-0.088713,0.849592,4.468554,0.0,196.125
776,cruise,3962.089206,69.730793,54.589116,103.799941,171.421553,693.169631,26.490082,1.020664,16.654049,8.500604,2134.973778,mixed_fuel_mixture_drift__vibration_bearing_fault,1,3,440,1000,-2.396474,-0.163059,0.158972,0.770226,37.618112,0.040733,0.850393,4.493818,0.0,196.12
777,cruise,4080.059735,70.717286,54.325618,103.670374,172.160934,690.601941,26.246715,1.21247,16.557768,10.424092,2371.361607,mixed_fuel_mixture_drift__vibration_bearing_fault,1,3,440,1000,1.932377,0.209438,0.068114,-0.043974,37.904863,-0.126178,0.845977,4.467857,0.0,196.115
778,cruise,4082.822693,72.587889,55.126707,103.932263,173.714714,694.988022,26.240685,1.066278,16.508893,10.505071,2338.513604,mixed_fuel_mixture_drift__vibration_bearing_fault,1,3,440,1000,-4.859416,0.128449,-0.263084,-0.497603,39.332915,0.141062,0.853596,4.614292,0.0,196.11
779,cruise,4333.752048,69.977788,54.342785,103.171886,170.527264,693.712936,26.311299,1.074547,16.677062,7.743519,2427.670777,mixed_fuel_mixture_drift__vibration_bearing_fault,1,3,440,1000,0.455192,-0.469844,0.002251,0.519714,38.158399,0.026863,0.857146,4.397478,0.0,196.105
780,cruise,4234.554765,69.952191,54.19652,104.280675,172.307154,686.693122,26.247122,1.042779,16.647183,9.178214,2260.787714,mixed_fuel_mixture_drift__vibration_bearing_fault,1,3,440,1000,-2.082489,0.291695,0.650009,0.127772,36.115419,0.103148,0.844786,4.39518,0.0,196.1
781,cruise,4076.922747,72.062454,53.897892,103.986042,172.583365,695.070174,26.469795,1.047453,16.52102,9.389622,2424.505281,mixed_fuel_mixture_drift__vibration_bearing_fault,1,3,440,1000,-0.660543,-0.055102,-0.01936,-0.063437,36.902325,0.036492,0.850266,4.585392,0.0,196.095
782,cruise,3975.156033,72.807306,54.453333,103.249268,172.46106,695.319907,26.240496,1.113364,16.707072,7.885101,2316.458717,mixed_fuel_mixture_drift__vibration_bearing_fault,1,3,440,1000,0.230602,-0.569113,-0.037587,-0.028422,34.151527,0.011311,0.84624,4.586786,0.0,196.09
783,cruise,4191.301063,72.572306,53.34025,104.478176,173.679457,693.429464,26.686637,1.082786,16.737105,8.080815,2214.544361,mixed_fuel_mixture_drift__vibration_bearing_fault,1,3,440,1000,4.566802,0.47085,-0.270658,0.213299,40.713015,0.170652,0.845382,4.493931,0.0,196.085
784,cruise,4038.212986,70.274157,55.363954,104.824965,173.346037,688.560866,26.461324,1.055313,16.569704,9.184351,2409.816086,mixed_fuel_mixture_drift__vibration_bearing_fault,1,3,440,1000,2.302672,0.020069,0.415963,-0.182435,35.871544,0.172312,0.850113,4.445774,0.0,196.08
785,cruise,4210.487954,70.712257,54.416604,103.560919,173.898166,690.601011,26.343298,1.081123,16.788072,6.802828,2219.203316,mixed_fuel_mixture_drift__vibration_bearing_fault,1,3,440,1000,4.647045,0.408349,-0.416315,0.404621,36.373533,-0.206077,0.853018,4.429053,0.0,196.075
786,cruise,4300.224601,70.226041,54.533746,104.587239,170.835182,689.172121,26.347034,1.126773,16.559346,11.268204,2260.923193,mixed_fuel_mixture_drift__vibration_bearing_fault,1,3,440,1000,1.647021,0.928173,-0.209271,-0.341176,36.391813,0.112574,0.842874,4.445591,0.0,196.07
787,cruise,4019.914548,71.01811,54.942768,103.347023,171.538884,692.056128,26.60806,1.224957,16.487183,9.680095,2333.977085,mixed_fuel_mixture_drift__vibration_bearing_fault,1,3,440,1000,-1.467566,-0.171994,-0.20189,0.903355,36.422536,0.001454,0.849432,4.466268,0.0,196.065
788,cruise,4324.37971,71.914814,54.502595,105.071303,172.349423,690.496354,26.665136,1.262178,16.538719,8.559072,2472.308959,mixed_fuel_mixture_drift__vibration_bearing_fault,1,3,440,1000,1.513768,0.887339,0.44196,0.483051,37.481022,-0.152634,0.844817,4.557204,0.0,196.06
789,cruise,3968.118658,70.522603,54.628898,103.097097,173.733257,688.461773,26.499892,1.052699,16.532981,8.659982,2250.666252,mixed_fuel_mixture_drift__vibration_bearing_fault,1,3,440,1000,-3.439792,0.129701,0.250781,0.514134,38.81535,-0.135397,0.851576,4.562812,0.0,196.055
790,cruise,3852.220413,70.957563,54.163282,103.880708,171.789108,692.752083,26.178834,1.031166,16.45897,9.44709,2373.511728,mixed_fuel_mixture_drift__vibration_bearing_fault,1,3,440,1000,1.680253,-0.076737,0.136223,0.088806,38.16956,0.367518,0.84884,4.526859,0.0,196.05
791,cruise,3945.481013,70.41892,54.68267,104.026305,173.586598,692.64436,26.321708,1.036614,16.551258,9.723308,2395.76516,mixed_fuel_mixture_drift__vibration_bearing_fault,1,3,440,1000,1.832338,0.054154,0.165286,0.863205,36.348662,-0.180261,0.845345,4.599365,0.0,196.045
792,cruise,4153.251114,69.924583,54.817688,103.489386,169.228297,692.802509,26.284431,1.11622,16.531166,8.80093,2512.304332,mixed_fuel_mixture_drift__vibration_bearing_fault,1,3,440,1000,0.869531,0.454258,0.343045,-1.403123,38.679797,-0.116515,0.852789,4.456896,0.0,196.04
793,cruise,4334.030378,71.851747,54.782451,103.613049,171.748362,693.797736,25.936444,1.03618,16.650324,8.155731,2383.606037,mixed_fuel_mixture_drift__vibration_bearing_fault,1,3,440,1000,-2.654814,0.503408,0.975733,-0.750007,35.800801,-0.230973,0.850566,4.542307,0.0,196.035
794,cruise,4231.058206,71.482431,53.972134,103.104641,173.781676,692.37335,26.5931,1.150619,16.573294,10.60515,2397.470703,mixed_fuel_mixture_drift__vibration_bearing_fault,1,3,440,1000,-0.176926,-0.511452,0.334266,1.041585,37.436594,-0.1979,0.857581,4.60391,0.0,196.03
795,cruise,4373.398023,71.437349,54.788418,103.601965,173.347452,691.027705,26.686959,1.096884,16.368865,10.223829,2312.045798,mixed_fuel_mixture_drift__vibration_bearing_fault,1,3,440,1000,-0.111155,-0.757662,0.125088,-0.036561,33.931749,-0.089038,0.850313,4.508033,0.0,196.025
796,cruise,3779.759203,70.333213,53.822292,104.209249,172.147542,690.949824,26.244486,1.101583,16.305143,9.130024,2378.722754,mixed_fuel_mixture_drift__vibration_bearing_fault,1,3,440,1000,-1.95234,0.097978,-0.912866,-0.355345,36.429208,-0.252062,0.840212,4.486345,0.0,196.02
797,cruise,3912.31345,69.54048,54.392612,104.049763,172.623283,692.030456,26.5578,1.071042,16.777459,9.478369,2260.000123,mixed_fuel_mixture_drift__vibration_bearing_fault,1,3,440,1000,2.601649,-0.220353,-0.476379,0.78342,38.693831,0.063436,0.856389,4.446915,0.0,196.015
798,cruise,4250.037097,70.360381,54.273484,104.261503,172.955678,686.28005,26.61754,1.150468,16.560692,9.585428,2366.576909,mixed_fuel_mixture_drift__vibration_bearing_fault,1,3,440,1000,-1.846405,-0.192337,-0.862828,0.663761,38.817565,0.187009,0.837572,4.529975,0.0,196.01
799,cruise,4355.271207,71.644152,54.380047,104.30223,172.459091,691.051874,26.588839,1.115993,16.569974,8.84319,2301.196358,mixed_fuel_mixture_drift__vibration_bearing_fault,1,3,440,1000,0.783353,0.257339,-0.152303,-0.343745,38.581507,0.055309,0.841665,4.47234,0.0,196.005
800,descent,4015.879226,52.106185,53.587941,102.837554,162.378324,643.942563,23.435938,1.032587,13.758472,8.774268,2411.918449,mixed_fuel_mixture_drift__vibration_bearing_fault,1,3,440,1000,1.376585,-0.268238,0.499444,-0.965282,38.760341,-0.236925,0.851911,4.44773,0.0,196.0
801,descent,3834.121004,51.066032,54.407534,103.597604,161.825687,642.807782,23.493391,1.033267,13.35505,11.475551,2362.504593,mixed_fuel_mixture_drift__vibration_bearing_fault,1,3,440,1000,0.465696,0.464412,0.541506,0.283695,37.410508,-0.095362,0.845634,4.470966,0.0,195.995
802,descent,3830.652943,49.566852,54.019647,104.091004,162.063893,641.019224,23.31164,1.113373,13.826947,8.492943,2315.034169,mixed_fuel_mixture_drift__vibration_bearing_fault,1,3,440,1000,1.958019,-0.527155,0.326701,0.37335,40.562108,-0.052553,0.843728,4.620856,0.0,195.99
803,descent,3858.85017,53.264012,54.794121,104.554289,162.321123,641.705346,23.727127,1.097218,13.423024,9.176313,2358.497703,mixed_fuel_mixture_drift__vibration_bearing_fault,1,3,440,1000,4.833069,0.320193,-1.063948,0.646365,35.886202,-0.235017,0.846861,4.528188,0.0,195.985
804,descent,3811.41462,50.999804,53.874782,104.365495,161.282629,641.836823,23.278073,1.126702,13.374723,8.408138,2340.509652,mixed_fuel_mixture_drift__vibration_bearing_fault,1,3,440,1000,3.290012,0.077933,-0.406735,1.475603,35.921696,0.136634,0.846486,4.480465,0.0,195.98
805,descent,3750.777759,50.763889,54.269711,103.797128,160.834917,639.981527,23.290783,1.005607,13.748101,5.956064,2399.397121,mixed_fuel_mixture_drift__vibration_bearing_fault,1,3,440,1000,-0.118616,-0.486015,0.449837,-0.579555,35.164747,0.178175,0.860965,4.253274,0.0,195.975
806,descent,3818.94362,53.021112,54.001711,104.442737,164.252768,637.500981,23.560666,1.094236,13.614006,10.270237,2119.060534,mixed_fuel_mixture_drift__vibration_bearing_fault,1,3,440,1000,-0.080414,-0.361923,-0.438972,0.810051,40.110689,-0.279374,0.847554,4.516543,0.0,195.97
807,descent,3818.42747,52.186912,54.401607,103.164892,162.428523,640.267277,23.674549,1.06078,13.71352,9.506587,2273.67498,mixed_fuel_mixture_drift__vibration_bearing_fault,1,3,440,1000,-1.821618,0.906409,-0.931655,0.445597,38.106323,-0.068235,0.844279,4.469387,0.0,195.965
808,descent,3814.744594,51.180524,54.63399,104.141727,163.529305,643.129463,23.65142,1.127445,13.556348,9.049803,2393.582298,mixed_fuel_mixture_drift__vibration_bearing_fault,1,3,440,1000,1.011402,0.031691,-0.141616,0.038665,37.912089,0.192804,0.851928,4.517707,0.0,195.96
809,descent,3769.981633,52.350038,53.52013,105.268825,163.667058,641.066836,23.407344,1.04779,13.378968,10.11741,2344.345858,mixed_fuel_mixture_drift__vibration_bearing_fault,1,3,440,1000,-1.338251,-0.224237,-0.79729,0.182941,36.517372,-0.142405,0.857721,4.52458,0.0,195.955
810,descent,3678.036412,51.336185,54.736842,104.355486,163.674657,640.692665,23.368429,1.012821,13.686282,8.001646,2398.520567,mixed_fuel_mixture_drift__vibration_bearing_fault,1,3,440,1000,3.847478,0.054131,-0.889709,0.179389,35.743786,0.098697,0.858791,4.419014,0.0,195.95
811,descent,3744.283303,51.614608,54.095543,103.661242,162.304599,644.036971,23.551051,1.128254,13.699806,8.674457,2361.792313,mixed_fuel_mixture_drift__vibration_bearing_fault,1,3,440,1000,2.824556,-0.444063,0.059016,-0.312772,40.887493,-0.296396,0.852429,4.542379,0.0,195.945
812,descent,3878.033567,50.710632,54.103986,104.415921,161.31677,641.906714,23.566798,0.984723,13.729417,10.007325,2477.488752,mixed_fuel_mixture_drift__vibration_bearing_fault,1,3,440,1000,0.016619,-0.021904,0.36859,-0.208057,37.384843,-0.153965,0.842652,4.500176,0.0,195.94
813,descent,3869.399961,52.637823,54.4366,104.064097,163.018996,641.473339,23.414652,1.117903,13.524764,9.922191,2306.102173,mixed_fuel_mixture_drift__vibration_bearing_fault,1,3,440,1000,-1.786972,0.555653,-0.832873,-0.343933,36.695052,-0.108774,0.850867,4.341631,0.0,195.935
814,descent,3749.014842,51.161723,54.731366,103.164756,162.28852,646.137788,23.470773,1.052619,13.531487,11.620333,2246.201613,mixed_fuel_mixture_drift__vibration_bearing_fault,1,3,440,1000,1.665629,-0.264673,0.570777,-1.814027,35.55143,-0.224988,0.850869,4.721275,0.0,195.93
815,descent,4016.440604,49.832847,53.973751,103.962459,161.189416,641.282154,23.419755,1.056268,13.588555,9.649347,2325.267757,mixed_fuel_mixture_drift__vibration_bearing_fault,1,3,440,1000,3.91318,-0.315593,-0.623291,0.826619,38.097673,-0.252036,0.845155,4.478398,0.0,195.925
816,descent,3980.424382,50.847416,53.976606,104.903584,163.672383,637.253468,23.469651,0.9781,13.323989,9.296566,2160.978818,mixed_fuel_mixture_drift__vibration_bearing_fault,1,3,440,1000,-2.797132,0.515611,0.008769,0.835678,37.870092,0.234988,0.852437,4.553823,0.0,195.92
817,descent,3908.704385,52.013326,54.802601,104.05175,162.699179,643.147222,23.676045,1.014186,13.403971,8.490503,2477.712183,mixed_fuel_mixture_drift__vibration_bearing_fault,1,3,440,1000,-0.010002,0.571602,-0.029312,0.408195,37.901525,-0.004444,0.854159,4.569652,0.0,195.915
818,descent,3660.380976,51.526647,54.177586,104.608352,160.48066,638.584481,23.525066,1.097049,13.660644,11.668402,2412.810769,mixed_fuel_mixture_drift__vibration_bearing_fault,1,3,440,1000,-0.333632,-0.374397,-0.602658,-0.39255,41.438187,-0.11835,0.847243,4.480525,0.0,195.91
819,descent,3933.308834,51.289535,54.152863,104.062473,160.976412,645.41231,23.558446,1.067528,13.780961,10.186775,2192.219845,mixed_fuel_mixture_drift__vibration_bearing_fault,1,3,440,1000,1.200614,-0.050915,-0.091219,-0.179584,34.987375,0.125803,0.853993,4.587805,0.0,195.905
820,descent,3919.031157,49.587243,53.763169,103.35317,164.003078,643.239579,23.173999,1.038319,13.632574,9.498996,2263.549234,mixed_fuel_mixture_drift__vibration_bearing_fault,1,3,440,1000,2.368205,0.053118,0.209032,-0.381877,39.503708,-0.067924,0.856009,4.485604,0.0,195.9
821,descent,4014.459022,51.772176,53.730962,103.488105,163.326381,642.061693,23.525768,1.108819,13.566643,8.944296,2309.386424,mixed_fuel_mixture_drift__vibration_bearing_fault,1,3,440,1000,2.916222,0.380033,-0.111528,0.340813,38.251087,0.095687,0.846095,4.475426,0.0,195.895
822,descent,3751.842565,50.168745,54.836584,103.919872,162.022104,641.727256,23.652131,1.092509,13.666181,7.340227,2363.738367,mixed_fuel_mixture_drift__vibration_bearing_fault,1,3,440,1000,0.170109,-0.755581,0.74309,-0.082475,37.961776,-0.265168,0.85623,4.577534,0.0,195.89
823,descent,3618.916636,50.434675,53.698313,105.402903,162.351761,634.589867,23.393706,1.069029,13.39034,8.327532,2340.540132,mixed_fuel_mixture_drift__vibration_bearing_fault,1,3,440,1000,-2.790412,-0.085428,0.660795,-1.165879,35.911259,-0.067019,0.861715,4.66506,0.0,195.885
824,descent,4067.103053,52.085249,53.839079,103.48152,162.816782,643.106657,23.704638,1.162174,13.571561,8.047528,2316.252265,mixed_fuel_mixture_drift__vibration_bearing_fault,1,3,440,1000,6.014502,-0.543866,0.299714,1.014519,38.907748,-0.315774,0.85668,4.423149,0.0,195.88
825,descent,3611.289066,53.385462,54.00514,103.657072,162.025635,641.788893,23.276874,1.101309,13.229034,9.477423,2316.550239,mixed_fuel_mixture_drift__vibration_bearing_fault,1,3,440,1000,-6.01307,0.310706,0.10093,-0.096181,38.337217,-0.014157,0.852049,4.548101,0.0,195.875
826,descent,3537.183726,47.678944,54.559598,104.270566,160.954868,641.581672,23.287088,1.084888,13.577004,10.036385,2382.131738,mixed_fuel_mixture_drift__vibration_bearing_fault,1,3,440,1000,-3.279585,0.089015,-0.532424,-0.679793,40.054283,0.073906,0.855345,4.482561,0.0,195.87
827,descent,3574.249919,48.443851,53.474568,105.058001,161.412937,638.225054,23.256884,1.0519,13.786978,7.793602,2142.500362,mixed_fuel_mixture_drift__vibration_bearing_fault,1,3,440,1000,-0.279024,-0.035719,0.449329,-0.737866,39.21533,-0.139143,0.85485,4.612681,0.0,195.865
828,descent,3652.026108,52.812897,54.51494,103.192626,163.214393,647.308041,23.488499,1.055082,13.454538,8.329002,2245.564809,mixed_fuel_mixture_drift__vibration_bearing_fault,1,3,440,1000,-1.742838,-0.368673,0.016046,0.173726,40.068854,-0.00234,0.850201,4.422376,0.0,195.86
829,descent,3684.370684,50.041523,54.121171,103.365781,162.315141,638.38856,23.668232,1.063043,13.541774,10.748851,2230.192095,mixed_fuel_mixture_drift__vibration_bearing_fault,1,3,440,1000,-3.136346,0.207051,-0.406618,0.124333,35.781168,-0.011764,0.847533,4.52835,0.0,195.855
830,descent,3713.977257,52.412463,54.743559,103.751912,163.224237,641.503934,23.589623,1.089043,13.657458,8.861374,2293.767812,mixed_fuel_mixture_drift__vibration_bearing_fault,1,3,440,1000,-0.326814,-0.013015,-0.678582,0.22175,35.362021,-0.096628,0.853746,4.425009,0.0,195.85
831,descent,3799.578634,53.276496,55.041568,103.782941,163.228473,642.030846,23.347585,1.122372,13.397629,9.918156,2249.938168,mixed_fuel_mixture_drift__vibration_bearing_fault,1,3,440,1000,-3.316353,-0.171887,-0.076965,0.168302,38.95499,0.130436,0.852554,4.53183,0.0,195.845
832,descent,3842.398879,53.158282,53.904206,104.201483,162.412068,640.353817,23.652121,1.022057,13.675809,9.803278,2400.953746,mixed_fuel_mixture_drift__vibration_bearing_fault,1,3,440,1000,2.37796,-0.187596,-0.101868,0.22379,38.772675,-0.148873,0.844465,4.57524,0.0,195.84
833,descent,3772.414456,50.917556,54.37184,104.598397,162.778978,643.62243,23.488663,1.122213,13.607582,9.859577,2334.478647,mixed_fuel_mixture_drift__vibration_bearing_fault,1,3,440,1000,-0.875846,-0.132364,-0.857472,-0.422975,40.283803,0.006447,0.850931,4.510792,0.0,195.835
834,descent,3703.557889,52.548213,54.475875,103.971618,164.363202,643.986376,23.721003,1.095033,13.287321,8.442175,2318.63655,mixed_fuel_mixture_drift__vibration_bearing_fault,1,3,440,1000,-3.28326,0.215429,0.376359,-0.676829,38.888606,0.022912,0.857182,4.464889,0.0,195.83
835,descent,4050.598463,51.251619,53.97551,104.541126,163.597883,638.713062,23.305026,1.073293,13.785331,8.102989,2124.899564,mixed_fuel_mixture_drift__vibration_bearing_fault,1,3,440,1000,4.430277,-0.223317,-0.426806,-0.357378,35.203244,-0.026872,0.856729,4.461223,0.0,195.825
836,descent,3890.911824,50.407051,54.88607,104.272084,161.529535,640.404084,23.564434,1.086558,13.713988,9.137397,2410.130825,mixed_fuel_mixture_drift__vibration_bearing_fault,1,3,440,1000,2.186686,-0.814946,-0.276529,-0.487347,39.0188,-0.027157,0.847722,4.383329,0.0,195.82
837,descent,3902.628576,51.91525,54.49601,104.319603,163.500951,643.65188,23.441386,1.151235,13.662487,10.155184,2378.116841,mixed_fuel_mixture_drift__vibration_bearing_fault,1,3,440,1000,-2.433898,-0.128335,0.15347,0.363521,39.729428,0.167031,0.851567,4.496101,0.0,195.815
838,descent,4117.958122,51.709698,53.812956,105.844705,161.605788,644.011315,23.203398,1.127481,13.885299,8.2747,2295.487895,mixed_fuel_mixture_drift__vibration_bearing_fault,1,3,440,1000,2.479453,0.41322,-0.105278,0.826214,42.09705,0.23158,0.852588,4.386628,0.0,195.81
839,descent,3660.477129,52.282477,55.009363,103.300295,162.843386,636.919791,23.476688,1.1694,13.776709,7.893288,2348.166088,mixed_fuel_mixture_drift__vibration_bearing_fault,1,3,440,1000,-4.863481,0.285085,-0.560332,1.039277,37.862889,0.023035,0.854443,4.43979,0.0,195.805
840,descent,3584.4453,50.787982,54.507698,103.224143,161.471685,644.253129,23.464732,1.145955,13.271759,9.574914,2421.18404,mixed_fuel_mixture_drift__vibration_bearing_fault,1,3,440,1000,1.92584,0.004305,-0.330737,-0.314604,38.154844,0.265636,0.849155,4.598494,0.0,195.8
841,descent,4038.752373,50.053595,54.31504,104.539189,162.434212,641.138835,23.393763,1.077128,13.598175,8.935568,2424.36212,mixed_fuel_mixture_drift__vibration_bearing_fault,1,3,440,1000,5.108105,-0.330748,0.45652,-0.44409,39.619128,-0.084619,0.844698,4.596151,0.0,195.795
842,descent,3748.339447,52.152492,54.271626,104.15509,161.323627,646.048036,23.972521,1.10558,13.471198,9.242445,2464.632829,mixed_fuel_mixture_drift__vibration_bearing_fault,1,3,440,1000,-0.105419,-0.348201,-0.412506,0.522483,40.407566,-0.092516,0.850056,4.548477,0.0,195.79
843,descent,3880.796313,51.217179,53.84779,103.06162,163.083391,644.922143,23.616068,1.221418,13.704732,7.940594,2426.450974,mixed_fuel_mixture_drift__vibration_bearing_fault,1,3,440,1000,-1.283945,-0.507854,0.128195,-0.892205,39.335871,-0.066586,0.852488,4.573426,0.0,195.785
844,descent,3570.439242,52.915694,54.223523,104.661414,161.892807,640.318181,23.238215,1.060244,13.392852,7.515379,2177.05065,mixed_fuel_mixture_drift__vibration_bearing_fault,1,3,440,1000,0.189296,0.415688,0.8199,-0.397789,34.936214,-0.090993,0.846704,4.44429,0.0,195.78
845,descent,3601.384604,52.182884,54.173229,103.784773,163.105364,645.320517,23.390467,1.145532,13.543914,9.960473,2261.299966,mixed_fuel_mixture_drift__vibration_bearing_fault,1,3,440,1000,0.720169,0.446679,0.052213,1.437837,35.686534,-0.051247,0.860426,4.457851,0.0,195.775
846,descent,3576.55163,52.128943,53.837369,102.904446,163.464693,641.445069,23.474449,1.04628,13.73101,11.074436,2300.10529,mixed_fuel_mixture_drift__vibration_bearing_fault,1,3,440,1000,-1.735743,0.482117,0.278492,-0.630926,39.594457,-0.200533,0.851531,4.587782,0.0,195.77
847,descent,3441.156293,52.418551,54.307618,103.104544,163.638784,640.677391,23.452322,1.1841,13.522304,10.13746,2358.798663,mixed_fuel_mixture_drift__vibration_bearing_fault,1,3,440,1000,-0.741726,0.495045,0.4073,-0.284546,37.393619,0.084416,0.850868,4.408258,0.0,195.765
848,descent,4013.83258,52.933406,54.392646,103.834212,161.287019,645.107254,23.346987,1.058343,13.383975,8.043682,2343.271413,mixed_fuel_mixture_drift__vibration_bearing_fault,1,3,440,1000,-2.314322,-0.015716,0.127625,1.283294,37.602828,0.045856,0.85481,4.482985,0.0,195.76
849,descent,3925.41592,53.87727,54.753543,103.535892,163.08625,634.747106,23.458833,1.101943,13.541937,10.209655,2254.496887,mixed_fuel_mixture_drift__vibration_bearing_fault,1,3,440,1000,1.244499,-0.027181,0.393768,0.05475,40.701896,-0.027947,0.85491,4.48177,0.0,195.755
850,descent,3819.587609,50.619896,54.661454,103.493568,162.940067,639.704398,23.478591,1.026131,13.505731,9.380539,2455.249612,mixed_fuel_mixture_drift__vibration_bearing_fault,1,3,440,1000,-1.281803,0.168337,-0.850859,0.100895,35.406205,0.029912,0.836006,4.651559,0.0,195.75
851,descent,4046.344584,49.250626,53.55808,104.248631,163.616567,640.569967,23.98041,1.10573,13.386367,7.488687,2384.72015,mixed_fuel_mixture_drift__vibration_bearing_fault,1,3,440,1000,-4.948751,-0.309072,0.245541,0.375113,39.821069,0.392838,0.850081,4.527406,0.0,195.745
852,descent,3684.256038,52.339023,54.447302,103.445408,161.292319,642.870372,23.246674,1.024386,13.441183,8.786249,2398.088915,mixed_fuel_mixture_drift__vibration_bearing_fault,1,3,440,1000,-1.92271,0.048674,-0.098798,1.742225,37.002159,-0.024863,0.854124,4.399091,0.0,195.74
853,descent,3804.326214,49.496569,54.863153,104.249078,162.754406,638.349778,23.64421,1.153493,13.123164,7.585983,2287.214958,mixed_fuel_mixture_drift__vibration_bearing_fault,1,3,440,1000,-4.326187,-0.085667,-0.725612,-0.768343,39.319539,0.033867,0.84612,4.493553,0.0,195.735
854,descent,3889.651685,52.030842,53.794331,104.713968,161.572601,640.512782,23.488941,1.117846,13.591175,8.947201,2397.259044,mixed_fuel_mixture_drift__vibration_bearing_fault,1,3,440,1000,1.184329,0.520896,0.221629,-0.255805,38.405971,0.025649,0.849635,4.570276,0.0,195.73
855,descent,3763.302425,52.286624,54.061926,103.864827,164.222228,640.193205,23.31447,1.025538,13.595283,9.576775,2317.717427,mixed_fuel_mixture_drift__vibration_bearing_fault,1,3,440,1000,-1.427209,0.58206,0.47823,1.431192,36.937342,0.006442,0.847568,4.534922,0.0,195.725
856,descent,3667.104038,49.261012,55.094739,103.886959,162.078289,639.04879,23.547922,1.08314,13.431929,10.450695,2495.204023,mixed_fuel_mixture_drift__vibration_bearing_fault,1,3,440,1000,0.546949,-0.310848,-0.14936,-1.792979,38.106857,0.082799,0.842166,4.481918,0.0,195.72
857,descent,3608.749676,48.714981,54.747094,103.663163,162.30787,640.566428,23.969918,1.12969,13.609581,8.788558,2421.550111,mixed_fuel_mixture_drift__vibration_bearing_fault,1,3,440,1000,-4.596677,-0.727492,0.297592,-0.569631,37.747185,-0.20216,0.852528,4.497154,0.0,195.715
858,descent,3588.482194,51.918504,54.106704,104.234346,159.908206,644.925867,23.434185,1.096931,13.488382,9.208644,2283.604565,mixed_fuel_mixture_drift__vibration_bearing_fault,1,3,440,1000,-0.686955,0.093208,-0.082305,0.751283,36.875217,-0.111057,0.851922,4.65781,0.0,195.71
859,descent,4054.891162,51.561981,54.206112,103.737558,160.899815,643.814094,23.313048,1.019811,13.35298,10.46007,2292.592398,mixed_fuel_mixture_drift__vibration_bearing_fault,1,3,440,1000,1.402304,0.527097,0.736004,0.660131,37.424051,-0.153604,0.86086,4.367511,0.0,195.705
860,descent,3825.319697,51.054407,53.93591,103.806004,160.485595,643.457367,23.42396,1.103118,13.368409,8.131786,2303.706722,mixed_fuel_mixture_drift__vibration_bearing_fault,1,3,440,1000,3.497591,-0.358418,-0.661704,-1.711999,38.10041,0.020323,0.855548,4.491556,0.0,195.7
861,descent,4049.400792,49.41963,53.923616,104.167164,163.98277,643.336597,23.507398,1.114209,13.515338,8.587943,2331.012409,mixed_fuel_mixture_drift__vibration_bearing_fault,1,3,440,1000,-2.645406,-0.396761,-0.023761,-1.287295,40.041589,-0.347508,0.841981,4.446525,0.0,195.695
862,descent,3613.781028,51.878406,54.152498,104.244402,161.47316,639.498621,23.496166,1.129754,13.57768,9.686862,2195.452686,mixed_fuel_mixture_drift__vibration_bearing_fault,1,3,440,1000,-1.269638,-0.191863,-0.205705,0.516181,38.290548,-0.014048,0.85213,4.524448,0.0,195.69
863,descent,3734.104065,52.391973,54.52612,103.488671,164.39602,636.691448,23.362829,1.129194,13.529073,11.088586,2251.722876,mixed_fuel_mixture_drift__vibration_bearing_fault,1,3,440,1000,5.008142,0.002576,0.401051,1.771899,37.295456,0.096675,0.845473,4.355116,0.0,195.685
864,descent,3607.178825,51.010136,54.509763,104.379333,161.325991,640.666397,23.675539,1.04977,13.623965,8.94619,2263.149454,mixed_fuel_mixture_drift__vibration_bearing_fault,1,3,440,1000,-1.497433,0.18365,-0.554146,1.137174,39.792776,0.155385,0.848258,4.548001,0.0,195.68
865,descent,3830.545416,49.66554,53.853456,103.73806,161.782089,641.835944,23.394538,1.07038,13.634152,7.96979,2167.325544,mixed_fuel_mixture_drift__vibration_bearing_fault,1,3,440,1000,-6.118773,-0.308545,-0.768002,-0.934263,37.752275,-0.066825,0.860478,4.464068,0.0,195.675
866,descent,4021.291129,50.186998,53.910062,104.488244,163.930588,640.96297,23.620145,0.997835,13.600796,9.068327,2375.747613,mixed_fuel_mixture_drift__vibration_bearing_fault,1,3,440,1000,-5.397583,-0.515288,0.252001,-0.614036,36.839819,-0.193887,0.857328,4.521861,0.0,195.67
867,descent,3627.081284,51.492626,54.088747,103.394564,162.545406,639.72716,23.32272,1.095689,13.294629,8.332668,2357.81156,mixed_fuel_mixture_drift__vibration_bearing_fault,1,3,440,1000,-1.556786,-0.384138,-0.284024,1.083369,37.727796,0.042779,0.844579,4.665496,0.0,195.665
868,descent,3603.003572,51.103402,53.923756,103.703579,161.863898,641.087557,23.356546,1.013276,13.269704,8.128331,2216.119223,mixed_fuel_mixture_drift__vibration_bearing_fault,1,3,440,1000,0.250308,0.001512,0.473864,0.15506,38.676022,0.090708,0.850821,4.556832,0.0,195.66
869,descent,3780.089674,52.246617,54.096001,103.691693,161.8643,644.980084,23.32021,1.149772,13.48519,8.427408,2227.540325,mixed_fuel_mixture_drift__vibration_bearing_fault,1,3,440,1000,5.099877,0.078504,-0.755379,0.917727,38.823167,0.119078,0.850889,4.497603,0.0,195.655
870,descent,3800.72311,49.931394,53.796052,104.307422,162.389082,646.597236,23.294337,1.016387,13.548728,8.317676,2373.94679,mixed_fuel_mixture_drift__vibration_bearing_fault,1,3,440,1000,2.69734,0.195416,0.076329,0.410394,36.428131,0.062215,0.850822,4.400027,0.0,195.65
871,descent,3673.568448,51.326745,54.543681,103.496618,163.754551,642.974318,23.476858,1.066217,13.668497,8.701275,2374.326477,mixed_fuel_mixture_drift__vibration_bearing_fault,1,3,440,1000,-0.467603,-0.673013,-0.544593,-0.210337,38.282054,0.01188,0.840032,4.611751,0.0,195.645
872,descent,3513.793625,51.477513,54.194218,104.346341,161.969116,643.818642,23.763832,1.092305,13.316443,9.966295,2315.997683,mixed_fuel_mixture_drift__vibration_bearing_fault,1,3,440,1000,2.87603,0.273879,0.59369,-1.076586,38.086381,0.060802,0.856982,4.426351,0.0,195.64
873,descent,3892.848509,51.109857,53.889913,103.882722,163.083333,642.897453,23.045027,1.177495,13.519127,9.37989,2325.575082,mixed_fuel_mixture_drift__vibration_bearing_fault,1,3,440,1000,-4.349638,-0.361147,-0.029471,-0.644466,37.263015,-0.030667,0.845593,4.354406,0.0,195.635
874,descent,3779.847337,50.171398,54.108259,103.665988,161.688523,639.257777,23.265308,1.078449,13.469606,9.693711,2228.144607,mixed_fuel_mixture_drift__vibration_bearing_fault,1,3,440,1000,1.412225,0.414604,-0.314244,0.647928,40.118105,-0.024313,0.861816,4.6159,0.0,195.63
875,descent,3472.504382,49.511088,54.849071,103.395735,161.15684,641.162958,23.427084,1.163842,13.504318,7.561172,2301.00972,mixed_fuel_mixture_drift__vibration_bearing_fault,1,3,440,1000,-0.688336,0.023562,0.936744,-0.116031,39.288673,-0.032099,0.849479,4.440686,0.0,195.625
876,descent,4075.357694,50.440643,54.100264,103.985143,159.445599,647.423954,23.390643,1.103641,13.334922,9.421347,2307.82698,mixed_fuel_mixture_drift__vibration_bearing_fault,1,3,440,1000,0.370191,0.756166,0.066655,0.953856,38.856835,-0.041561,0.84819,4.50846,0.0,195.62
877,descent,4055.463776,50.892707,53.369442,104.196192,161.979178,640.976126,23.776913,1.088733,13.48939,8.828271,2272.878641,mixed_fuel_mixture_drift__vibration_bearing_fault,1,3,440,1000,5.58261,-0.35692,0.487575,-0.553311,36.302789,-0.320768,0.840304,4.508247,0.0,195.615
878,descent,3834.017426,49.311726,54.557979,103.879163,163.385794,642.686884,23.153842,1.062356,13.509284,9.231647,2397.729535,mixed_fuel_mixture_drift__vibration_bearing_fault,1,3,440,1000,3.531391,0.888657,0.18873,1.23452,37.147884,0.206409,0.855232,4.618727,0.0,195.61
879,descent,3809.714131,50.467235,54.876311,104.38142,163.710156,641.521732,23.559303,1.149098,13.744844,9.791904,2285.227134,mixed_fuel_mixture_drift__vibration_bearing_fault,1,3,440,1000,-1.546707,0.03092,-0.427299,0.041831,37.558282,0.023473,0.852059,4.545527,0.0,195.605
880,descent,3711.148556,52.060548,54.137438,104.510669,164.401849,635.616254,23.488006,1.069329,13.337098,10.077914,2350.229535,mixed_fuel_mixture_drift__vibration_bearing_fault,1,3,440,1000,-3.725297,0.134772,0.217681,-0.339198,38.196687,0.002768,0.853514,4.565436,0.0,195.6
881,descent,3871.767123,52.619286,54.291491,104.28753,160.664323,640.033712,23.658607,1.033404,13.596249,10.67921,2391.956133,mixed_fuel_mixture_drift__vibration_bearing_fault,1,3,440,1000,-2.54282,-0.302751,0.36555,1.529323,38.976771,-0.032257,0.857566,4.478718,0.0,195.595
882,descent,3928.954086,50.469093,54.114207,103.529838,162.229693,642.517566,23.579238,1.054958,13.575695,9.990493,2330.665613,mixed_fuel_mixture_drift__vibration_bearing_fault,1,3,440,1000,-1.662166,0.626034,-0.0464,0.650102,36.24654,0.121555,0.846496,4.607799,0.0,195.59
883,descent,3849.98682,51.369322,54.275554,103.579474,162.353007,643.313603,23.469126,1.083581,13.58662,9.684258,2508.470979,mixed_fuel_mixture_drift__vibration_bearing_fault,1,3,440,1000,-4.685603,0.299056,0.720528,-0.520451,39.409357,-0.045006,0.854251,4.442662,0.0,195.585
884,descent,3703.313572,49.774507,55.342913,103.944937,161.660522,641.703273,23.306509,1.046087,13.57628,9.048521,2255.06847,mixed_fuel_mixture_drift__vibration_bearing_fault,1,3,440,1000,-1.369876,0.165351,-0.710178,-0.260949,38.94243,-0.121828,0.846227,4.503991,0.0,195.58
885,descent,3776.066049,50.270586,54.725796,103.688094,161.361479,642.266316,23.187803,1.009999,13.450633,10.156922,2269.528579,mixed_fuel_mixture_drift__vibration_bearing_fault,1,3,440,1000,2.901118,-0.284053,0.207031,-0.573079,36.571852,0.35236,0.849269,4.618963,0.0,195.575
886,descent,4085.605811,49.732768,54.100448,103.487332,162.479071,637.553288,23.367814,1.070438,13.483712,8.568777,2239.377937,mixed_fuel_mixture_drift__vibration_bearing_fault,1,3,440,1000,2.198477,0.017661,0.025932,0.101845,36.928584,0.167159,0.848541,4.473617,0.0,195.57
887,descent,3523.421616,50.983408,54.332272,103.479525,161.664688,642.361555,23.440058,1.07921,13.302659,9.674372,2335.388915,mixed_fuel_mixture_drift__vibration_bearing_fault,1,3,440,1000,-2.035247,0.065699,0.406905,0.509844,39.721868,-0.130638,0.851372,4.57166,0.0,195.565
888,descent,3808.248831,49.607034,54.287108,104.531643,162.852077,639.895848,23.279091,1.00332,13.587571,8.980723,2218.186547,mixed_fuel_mixture_drift__vibration_bearing_fault,1,3,440,1000,-1.496161,-0.121323,0.09375,-0.224064,37.373491,0.31034,0.847823,4.580044,0.0,195.56
889,descent,3844.691066,51.373046,53.396221,103.576386,161.971535,638.011467,23.463717,1.090988,13.34979,10.357728,2137.934667,mixed_fuel_mixture_drift__vibration_bearing_fault,1,3,440,1000,2.284444,-0.567316,0.085162,0.751207,39.607105,-0.087556,0.851112,4.413465,0.0,195.555
890,descent,3637.468925,51.79314,54.153943,103.116837,161.759912,641.493665,23.345764,1.141827,13.598851,8.765034,2328.832616,mixed_fuel_mixture_drift__vibration_bearing_fault,1,3,440,1000,1.486201,0.420539,0.580425,0.654557,38.885917,0.159647,0.856999,4.462154,0.0,195.55
891,descent,3760.534519,51.948526,53.769926,104.057386,162.110415,642.917623,23.345981,1.146426,13.780446,8.904984,2232.477437,mixed_fuel_mixture_drift__vibration_bearing_fault,1,3,440,1000,1.122733,0.046258,-0.925422,-0.366618,37.444788,0.31063,0.843996,4.447229,0.0,195.545
892,descent,3680.707355,51.629503,55.250493,103.64253,161.751199,643.74483,23.471609,1.022504,13.508962,9.750854,2253.654162,mixed_fuel_mixture_drift__vibration_bearing_fault,1,3,440,1000,1.006317,-0.211491,-0.375431,-1.627192,36.162728,-0.157822,0.845763,4.555364,0.0,195.54
893,descent,3671.18742,51.238609,54.948968,103.678342,161.139659,645.653059,23.538978,1.21402,13.572311,9.288094,2358.76892,mixed_fuel_mixture_drift__vibration_bearing_fault,1,3,440,1000,-6.312446,0.252236,0.1598,0.258525,39.893058,0.202957,0.855688,4.51524,0.0,195.535
894,descent,3768.639404,51.28856,54.054801,104.093941,163.233979,640.215733,23.689554,1.124539,13.483222,8.991137,2365.596078,mixed_fuel_mixture_drift__vibration_bearing_fault,1,3,440,1000,-0.549548,0.21653,-0.791382,0.968708,37.426712,-0.01289,0.855389,4.490503,0.0,195.53
895,descent,3739.066642,51.452729,55.04041,104.503857,162.948011,636.553093,23.306407,1.064705,13.442094,10.313305,2366.489981,mixed_fuel_mixture_drift__vibration_bearing_fault,1,3,440,1000,4.78668,0.573945,-0.818327,0.715723,37.991038,0.092082,0.858121,4.490289,0.0,195.525
896,descent,3904.578578,51.333707,53.827868,103.96312,164.023114,648.294462,23.518754,1.071439,13.418876,9.700077,2401.459488,mixed_fuel_mixture_drift__vibration_bearing_fault,1,3,440,1000,0.444023,-0.145651,-0.980071,0.126718,38.688645,-0.014527,0.844522,4.713422,0.0,195.52
897,descent,3956.653046,49.518246,54.470865,104.43162,164.603012,643.555092,23.395482,1.129492,13.531902,10.120739,2288.258613,mixed_fuel_mixture_drift__vibration_bearing_fault,1,3,440,1000,3.646591,0.466079,0.346661,-0.417501,37.202176,-0.159245,0.843895,4.360867,0.0,195.515
898,descent,4052.931605,52.07784,53.98283,104.415438,162.804515,642.488643,23.542875,1.123127,13.595897,9.587109,2342.837544,mixed_fuel_mixture_drift__vibration_bearing_fault,1,3,440,1000,-2.007956,0.256127,0.765238,0.036577,35.906323,0.258066,0.853298,4.472843,0.0,195.51
899,descent,4035.700014,50.687848,54.545123,104.889577,161.589652,642.377867,23.464854,1.15227,13.577759,10.343586,2365.33662,mixed_fuel_mixture_drift__vibration_bearing_fault,1,3,440,1000,1.281028,-0.026324,-0.534176,-1.436513,40.017015,0.04056,0.848018,4.351881,0.0,195.505
900,landing,3684.210955,46.172368,54.110312,103.133166,158.035362,635.077274,22.426165,1.045066,13.675067,10.171589,2386.339548,mixed_fuel_mixture_drift__vibration_bearing_fault,1,3,440,1000,1.727596,-0.049006,0.419342,0.072797,38.851375,0.277593,0.849704,4.568884,0.0,195.5
901,landing,3879.510956,47.025368,54.937698,103.869893,155.418545,627.922356,22.282379,1.126365,13.686736,9.087446,2361.488928,mixed_fuel_mixture_drift__vibration_bearing_fault,1,3,440,1000,1.858005,0.493255,0.526526,-0.496992,38.641562,-0.304409,0.851977,4.577475,0.0,195.495
902,landing,3753.726564,46.557936,53.787752,103.853248,159.083076,630.603589,22.535903,1.148267,13.526441,8.699989,2444.391287,mixed_fuel_mixture_drift__vibration_bearing_fault,1,3,440,1000,-2.757574,-0.234199,-0.373028,-0.480542,36.901708,0.139507,0.848605,4.475496,0.0,195.49
903,landing,3703.966377,44.831831,54.290697,104.52296,156.97922,630.551171,22.42101,1.105756,13.558071,8.700531,2248.703726,mixed_fuel_mixture_drift__vibration_bearing_fault,1,3,440,1000,1.702054,-0.186925,0.932722,-0.221535,38.332412,-0.131748,0.852718,4.498204,0.0,195.485
904,landing,3872.249416,45.875641,54.663669,103.833017,157.614565,635.811678,22.354201,1.04755,13.402791,10.204472,2322.345335,mixed_fuel_mixture_drift__vibration_bearing_fault,1,3,440,1000,-3.563879,0.193052,-0.098755,1.290797,39.241048,-0.13528,0.851975,4.498687,0.0,195.48
905,landing,3911.192634,44.680518,54.609955,104.032289,159.595086,634.347387,22.570765,1.103144,13.413189,7.962152,2373.220052,mixed_fuel_mixture_drift__vibration_bearing_fault,1,3,440,1000,3.311861,0.309741,-0.211316,0.455882,37.61765,-0.01172,0.849886,4.367231,0.0,195.475
906,landing,3761.671758,46.161176,53.980517,104.464808,157.368801,636.042941,22.673891,1.146876,13.541145,9.096514,2304.278629,mixed_fuel_mixture_drift__vibration_bearing_fault,1,3,440,1000,1.839422,0.079483,0.228558,-0.43409,39.303466,-0.007573,0.849593,4.48069,0.0,195.47
907,landing,3376.232304,47.406909,53.585397,104.587057,156.210619,629.386639,22.28363,1.096091,13.652144,7.326395,2278.071025,mixed_fuel_mixture_drift__vibration_bearing_fault,1,3,440,1000,1.281378,-0.655983,0.301064,-0.328388,39.597079,0.017931,0.852138,4.521589,0.0,195.465
908,landing,3967.267135,44.528615,53.98088,103.88689,156.936325,629.969571,22.396065,1.080264,13.757076,9.110554,2364.239894,mixed_fuel_mixture_drift__vibration_bearing_fault,1,3,440,1000,0.968721,-0.015752,-1.029563,-0.194425,38.634239,0.095656,0.84837,4.433671,0.0,195.46
909,landing,3886.181559,45.918711,54.49091,104.266808,157.708521,633.218137,22.624608,1.057843,13.616388,8.446367,2371.629285,mixed_fuel_mixture_drift__vibration_bearing_fault,1,3,440,1000,0.805731,-0.152243,-0.364671,-0.09462,40.754836,-0.090953,0.84279,4.490768,0.0,195.455
910,landing,3686.411692,47.339835,54.547415,103.516868,157.62147,629.68303,22.628604,1.054823,13.445338,9.499432,2294.131249,mixed_fuel_mixture_drift__vibration_bearing_fault,1,3,440,1000,-1.171252,0.337518,-0.931472,-1.025331,37.504644,-0.141064,0.851349,4.565734,0.0,195.45
911,landing,4108.835749,46.403224,54.336225,104.507725,158.063853,636.172666,22.195,1.092705,13.521801,10.068607,2249.478921,mixed_fuel_mixture_drift__vibration_bearing_fault,1,3,440,1000,-0.547588,-1.176577,0.30271,0.18497,38.972069,0.004115,0.845169,4.485655,0.0,195.445
912,landing,3932.469441,47.047175,54.913133,103.543362,157.037426,630.319548,22.637436,1.095667,13.633822,9.082637,2280.40444,mixed_fuel_mixture_drift__vibration_bearing_fault,1,3,440,1000,-0.302005,0.035246,0.304908,-0.57973,40.389127,-0.005421,0.844597,4.474883,0.0,195.44
913,landing,3756.160297,47.013782,54.459536,104.477013,158.245593,632.348324,22.722272,1.153924,13.285739,9.367477,2290.19816,mixed_fuel_mixture_drift__vibration_bearing_fault,1,3,440,1000,-5.76855,0.457422,-0.727738,-0.230896,39.356637,-0.032171,0.857564,4.389664,0.0,195.435
914,landing,3769.84078,46.961187,53.745944,104.39425,158.253671,632.852153,22.808387,1.053738,13.740427,10.414874,2324.79826,mixed_fuel_mixture_drift__vibration_bearing_fault,1,3,440,1000,5.221365,0.503828,-0.519546,-1.027142,37.688562,-0.172929,0.849391,4.51637,0.0,195.43
915,landing,3828.759435,45.59292,54.263208,103.560817,156.908771,635.252002,22.556824,1.034009,13.490326,9.941269,2384.235992,mixed_fuel_mixture_drift__vibration_bearing_fault,1,3,440,1000,4.561001,-0.40601,-1.057274,-0.597495,36.816515,-0.025456,0.866933,4.515618,0.0,195.425
916,landing,3641.58103,47.381726,55.006649,103.980164,156.350598,638.235442,22.246728,1.083378,13.597633,9.184167,2451.748793,mixed_fuel_mixture_drift__vibration_bearing_fault,1,3,440,1000,1.286065,0.285224,-0.024652,0.374653,35.173005,0.148357,0.8508,4.528325,0.0,195.42
917,landing,3925.993191,46.466842,54.569255,103.063467,156.276732,625.327473,22.37708,1.107481,13.556426,9.808852,2208.796167,mixed_fuel_mixture_drift__vibration_bearing_fault,1,3,440,1000,-3.116265,0.169495,0.900643,-0.167235,37.120474,-0.050723,0.856371,4.284935,0.0,195.415
918,landing,3448.156641,47.144636,53.74041,104.705295,158.18752,630.694888,22.492477,1.03646,13.375843,8.957608,2316.535099,mixed_fuel_mixture_drift__vibration_bearing_fault,1,3,440,1000,2.198795,-0.314212,0.128101,0.260086,41.331342,0.057668,0.845322,4.558248,0.0,195.41
919,landing,3849.020274,45.408885,53.527251,104.496125,158.84753,632.615947,22.427088,1.121049,13.502913,9.31334,2354.074944,mixed_fuel_mixture_drift__vibration_bearing_fault,1,3,440,1000,-3.086242,0.104799,0.214088,-1.631742,40.289925,-0.109873,0.848854,4.453408,0.0,195.405
920,landing,3609.683049,46.220427,53.652484,104.636323,157.14468,631.303581,22.435753,1.161506,13.428887,8.92184,2311.574137,mixed_fuel_mixture_drift__vibration_bearing_fault,1,3,440,1000,7.42673,0.078132,0.03927,-0.005989,36.602498,0.146846,0.857037,4.537717,0.0,195.4
921,landing,3896.320421,47.081144,54.459042,104.497661,157.397066,630.439508,22.503955,1.132123,13.353964,8.185105,2149.639976,mixed_fuel_mixture_drift__vibration_bearing_fault,1,3,440,1000,-1.22802,-0.12443,-0.250162,1.090888,41.507319,-0.023772,0.862653,4.401951,0.0,195.395
922,landing,3807.370589,47.113277,54.533341,103.763099,157.431583,627.95688,22.539134,1.201726,13.345976,9.396165,2266.77008,mixed_fuel_mixture_drift__vibration_bearing_fault,1,3,440,1000,-2.122029,-0.01896,-0.122386,0.314967,38.95147,0.053715,0.840816,4.601269,0.0,195.39
923,landing,3659.690242,47.436194,53.893362,102.974776,157.898747,627.979295,22.679094,1.177212,13.635534,9.649564,2410.912007,mixed_fuel_mixture_drift__vibration_bearing_fault,1,3,440,1000,-1.534241,-0.017462,-0.871953,0.708298,38.747614,-0.147049,0.849185,4.501757,0.0,195.385
924,landing,3805.983338,44.695673,53.805997,105.194369,156.658764,630.259442,22.303601,0.989281,13.410499,8.14608,2315.15203,mixed_fuel_mixture_drift__vibration_bearing_fault,1,3,440,1000,5.825197,0.462599,-0.215939,0.009436,39.313007,0.058842,0.851011,4.6102,0.0,195.38
925,landing,3929.441024,45.790947,54.206808,102.589065,156.720456,631.29558,22.334515,1.175536,13.773784,9.360925,2301.144843,mixed_fuel_mixture_drift__vibration_bearing_fault,1,3,440,1000,-4.358005,0.048447,0.430229,-1.145561,35.433257,0.032134,0.851787,4.431565,0.0,195.375
926,landing,3765.643053,47.253133,54.970763,104.139724,157.385368,631.745444,22.427189,1.117877,13.496092,8.855319,2298.779981,mixed_fuel_mixture_drift__vibration_bearing_fault,1,3,440,1000,3.212967,-0.249159,-0.530235,0.620792,40.424883,-0.172884,0.853933,4.378849,0.0,195.37
927,landing,4111.951348,46.90234,53.941286,104.696223,157.199148,631.810585,22.589694,1.071298,13.287338,10.141778,2224.801936,mixed_fuel_mixture_drift__vibration_bearing_fault,1,3,440,1000,-1.153634,-0.369533,-0.023888,0.094495,36.918646,-0.192435,0.857951,4.650045,0.0,195.365
928,landing,3812.706013,46.663875,55.51885,104.553098,157.6142,628.508906,22.668434,1.109552,13.34917,9.005447,2342.927167,mixed_fuel_mixture_drift__vibration_bearing_fault,1,3,440,1000,3.302838,0.028218,0.50001,-0.216031,37.235694,-0.163944,0.845777,4.7886,0.0,195.36
929,landing,3823.43274,46.979149,53.977517,103.58628,157.818802,630.196166,22.386047,1.111171,13.420056,8.935654,2446.975081,mixed_fuel_mixture_drift__vibration_bearing_fault,1,3,440,1000,0.00852,0.151151,-0.25884,1.064183,39.321633,-0.183939,0.847768,4.261509,0.0,195.355
930,landing,3510.881978,45.378901,54.084442,103.854188,155.540997,629.661097,22.609406,1.035753,13.370834,9.483154,2396.030549,mixed_fuel_mixture_drift__vibration_bearing_fault,1,3,440,1000,5.956616,-0.403732,0.456078,1.477706,38.317,-0.068065,0.851201,4.534511,0.0,195.35
931,landing,3846.464445,44.183921,54.201219,103.943393,158.147314,636.071636,22.695926,1.092952,13.825481,9.885611,2230.323449,mixed_fuel_mixture_drift__vibration_bearing_fault,1,3,440,1000,1.247789,0.000117,-0.06704,0.368287,37.320377,-0.331744,0.856649,4.608346,0.0,195.345
932,landing,3841.439903,45.833434,54.336326,104.146994,157.490153,631.836789,22.360763,1.074688,13.536581,8.456403,2468.388371,mixed_fuel_mixture_drift__vibration_bearing_fault,1,3,440,1000,-0.865444,0.353218,-0.283719,-0.354281,39.792887,-0.135529,0.854608,4.458293,0.0,195.34
933,landing,4145.984663,43.914481,54.146687,104.313085,157.903962,629.176595,22.351228,1.081424,13.512193,8.967693,2262.43926,mixed_fuel_mixture_drift__vibration_bearing_fault,1,3,440,1000,2.095355,0.379371,-0.111468,0.476668,37.597061,0.104363,0.846333,4.568139,0.0,195.335
934,landing,3438.300563,46.391256,54.498119,104.035296,158.325947,626.353022,22.757561,1.076209,13.72957,9.30911,2188.698703,mixed_fuel_mixture_drift__vibration_bearing_fault,1,3,440,1000,0.193795,-0.595479,0.176611,0.636491,38.739936,0.008509,0.850222,4.403942,0.0,195.33
935,landing,3745.171661,45.590404,54.214936,104.702533,157.279524,630.544818,22.400149,1.041187,13.301189,10.054966,2293.74931,mixed_fuel_mixture_drift__vibration_bearing_fault,1,3,440,1000,-2.064613,0.167106,-0.121162,0.13767,36.66515,0.280598,0.843532,4.510394,0.0,195.325
936,landing,4013.970939,46.537719,53.892826,104.216691,157.915782,630.26082,22.715967,1.077357,13.486794,8.058979,2348.558018,mixed_fuel_mixture_drift__vibration_bearing_fault,1,3,440,1000,1.430774,-0.398265,-0.691779,-1.422625,38.975499,-0.128385,0.845354,4.528547,0.0,195.32
937,landing,3916.725134,46.27353,53.816185,103.240425,159.212949,630.591907,22.313581,1.074678,13.661234,9.634466,2402.08095,mixed_fuel_mixture_drift__vibration_bearing_fault,1,3,440,1000,-2.679231,0.28301,-0.081484,-0.745285,38.305131,-0.186503,0.842712,4.459365,0.0,195.315
938,landing,3835.693802,46.25681,54.437007,105.041879,157.202575,629.406853,22.218506,1.028203,13.475601,9.842098,2139.411135,mixed_fuel_mixture_drift__vibration_bearing_fault,1,3,440,1000,0.89966,-0.283164,-0.127756,-0.244017,38.973138,0.0166,0.854412,4.511768,0.0,195.31
939,landing,3341.744732,46.908519,54.576452,103.551193,158.741873,632.247752,22.35766,1.048056,13.544355,11.558359,2147.963007,mixed_fuel_mixture_drift__vibration_bearing_fault,1,3,440,1000,-0.711234,-0.026999,0.263415,0.453809,35.653186,0.045423,0.855435,4.425011,0.0,195.305
940,landing,3660.186497,45.885623,54.302757,103.574118,156.779973,632.346042,22.756727,1.057231,13.382314,10.252451,2248.748007,mixed_fuel_mixture_drift__vibration_bearing_fault,1,3,440,1000,-0.417686,0.584757,0.168958,0.598703,36.635084,0.150051,0.852437,4.554931,0.0,195.3
941,landing,3718.388184,46.953225,54.919301,104.268444,157.098491,630.167222,22.661112,1.142687,13.457295,9.144247,2284.133473,mixed_fuel_mixture_drift__vibration_bearing_fault,1,3,440,1000,0.336251,0.880846,0.287562,-1.027402,37.825549,-0.11372,0.852075,4.376624,0.0,195.295
942,landing,3685.788154,48.047628,53.443311,103.709092,155.956372,631.836839,22.454867,1.080478,13.47264,9.02671,2272.069729,mixed_fuel_mixture_drift__vibration_bearing_fault,1,3,440,1000,4.253289,0.045089,-0.215016,0.379473,39.191937,0.289039,0.853267,4.575997,0.0,195.29
943,landing,3602.78525,45.375502,54.273309,104.317214,156.284179,624.592808,22.440433,1.104535,13.684663,10.554597,2486.166565,mixed_fuel_mixture_drift__vibration_bearing_fault,1,3,440,1000,-0.595638,0.30645,0.278316,-0.968922,39.193858,-0.020983,0.851516,4.544653,0.0,195.285
944,landing,3732.071631,47.159723,54.671444,103.66612,155.587296,631.392887,22.368595,1.098046,13.563772,9.528263,2258.04201,mixed_fuel_mixture_drift__vibration_bearing_fault,1,3,440,1000,-1.789436,-0.192352,0.116259,0.858589,38.006554,-0.077296,0.851594,4.493853,0.0,195.28
945,landing,3876.288955,47.231366,53.578125,103.021593,157.079666,629.172754,22.49812,1.13657,13.672991,8.602675,2209.721327,mixed_fuel_mixture_drift__vibration_bearing_fault,1,3,440,1000,-2.703546,-0.268301,-0.44078,0.830265,38.895625,0.078102,0.856904,4.551772,0.0,195.275
946,landing,3737.921231,45.79288,54.390745,103.652645,156.896425,634.210563,22.4662,1.12771,13.703183,8.433592,2296.939288,mixed_fuel_mixture_drift__vibration_bearing_fault,1,3,440,1000,1.781995,-0.025834,-0.19161,-0.661052,37.732641,0.078093,0.854478,4.64334,0.0,195.27
947,landing,3504.880976,47.188634,54.635236,104.10468,157.420036,631.128611,22.725062,1.121099,13.470766,10.32984,2206.396526,mixed_fuel_mixture_drift__vibration_bearing_fault,1,3,440,1000,2.40884,0.191129,0.494606,0.593729,34.836116,-0.066696,0.850727,4.455951,0.0,195.265
948,landing,3574.272225,46.607795,54.234572,103.573243,157.854723,634.22122,22.61933,1.093789,13.183634,9.729132,2425.537462,mixed_fuel_mixture_drift__vibration_bearing_fault,1,3,440,1000,2.136115,-0.17699,0.025282,0.922397,37.07935,0.236123,0.850226,4.566467,0.0,195.26
949,landing,3566.257684,46.410758,54.188167,103.784696,157.094454,631.745682,22.301099,1.026136,13.312853,9.059545,2311.661586,mixed_fuel_mixture_drift__vibration_bearing_fault,1,3,440,1000,1.872693,0.051482,-0.622006,0.672317,38.494475,0.026857,0.839047,4.534749,0.0,195.255
950,landing,3777.98446,45.994794,54.602435,104.194141,157.165017,631.509627,22.366742,1.051685,13.554231,9.399808,2548.872235,mixed_fuel_mixture_drift__vibration_bearing_fault,1,3,440,1000,-4.615812,-0.550647,0.259546,-1.528308,41.042824,-0.116457,0.849034,4.4753,0.0,195.25
951,landing,3881.832408,45.516345,54.342258,103.804237,155.056066,631.391111,22.710415,1.183923,13.558577,9.441304,2312.664442,mixed_fuel_mixture_drift__vibration_bearing_fault,1,3,440,1000,1.312646,0.242753,-0.162871,0.587323,38.406396,0.188144,0.846294,4.523437,0.0,195.245
952,landing,3751.993677,48.511183,53.71019,104.294695,158.746219,633.416759,22.581079,1.101488,13.729618,9.486525,2315.888375,mixed_fuel_mixture_drift__vibration_bearing_fault,1,3,440,1000,3.170189,0.734868,0.207636,0.908484,37.520082,0.052645,0.849175,4.371405,0.0,195.24
953,landing,3651.732233,46.968385,53.672867,104.038903,158.824984,631.715016,22.662397,1.09099,13.562581,8.312001,2400.087781,mixed_fuel_mixture_drift__vibration_bearing_fault,1,3,440,1000,-0.210807,0.60368,-0.058023,0.011678,37.768194,-0.18054,0.852169,4.55525,0.0,195.235
954,landing,3859.181048,46.078137,54.991082,103.004384,157.640748,631.8627,22.281631,1.036385,13.389093,8.321192,2190.830218,mixed_fuel_mixture_drift__vibration_bearing_fault,1,3,440,1000,-2.580267,-0.62911,0.048433,-0.375382,40.060841,0.242092,0.847319,4.485401,0.0,195.23
955,landing,3595.809846,46.139321,55.068851,103.664531,157.717694,627.912478,22.30309,1.0811,13.460016,10.028897,2470.149844,mixed_fuel_mixture_drift__vibration_bearing_fault,1,3,440,1000,-5.754944,0.256818,-0.323677,2.346011,38.885854,0.025965,0.846505,4.587344,0.0,195.225
956,landing,3969.85464,47.520926,54.459998,104.351524,155.568551,630.219911,22.331613,1.153608,13.787665,10.11484,2252.704157,mixed_fuel_mixture_drift__vibration_bearing_fault,1,3,440,1000,-0.467769,-0.286791,0.12071,0.775654,36.450431,-0.206818,0.854167,4.53248,0.0,195.22
957,landing,3590.629383,46.689373,54.299815,103.800082,157.19983,633.496638,22.640407,1.085284,13.699976,9.597612,2399.254479,mixed_fuel_mixture_drift__vibration_bearing_fault,1,3,440,1000,1.724138,0.235337,-1.112968,-0.726607,39.258136,-0.049095,0.855736,4.483389,0.0,195.215
958,landing,3946.922817,46.033992,54.090025,104.068877,158.550373,630.968933,22.370634,1.115151,13.605204,9.461267,2352.33593,mixed_fuel_mixture_drift__vibration_bearing_fault,1,3,440,1000,0.85442,-0.31268,0.029851,0.422861,39.138779,-0.164618,0.846747,4.361702,0.0,195.21
959,landing,3975.714761,48.148694,53.990373,104.445592,158.496337,632.218392,22.567108,1.017756,13.388862,9.587455,2293.507356,mixed_fuel_mixture_drift__vibration_bearing_fault,1,3,440,1000,1.085087,-0.169563,0.502473,-0.191654,38.168689,-0.125689,0.856774,4.465279,0.0,195.205
960,landing,3676.052102,46.336052,54.417212,104.549153,156.394555,633.487531,22.144821,1.093065,13.551189,8.519415,2238.098772,mixed_fuel_mixture_drift__vibration_bearing_fault,1,3,440,1000,-2.124816,0.075684,-0.347533,-0.717149,37.468137,-0.216469,0.84743,4.667847,0.0,195.2
961,landing,3990.1746,46.195546,54.389217,104.556114,159.556244,636.073156,22.701628,1.070943,13.520166,10.802665,2315.106675,mixed_fuel_mixture_drift__vibration_bearing_fault,1,3,440,1000,0.104581,0.072855,-0.345359,-0.391233,35.788194,-0.041182,0.847021,4.580695,0.0,195.195
962,landing,3939.498388,44.889183,53.632962,104.993948,157.003802,630.921016,22.615232,1.059843,13.748254,10.11507,2302.68943,mixed_fuel_mixture_drift__vibration_bearing_fault,1,3,440,1000,-1.400274,-0.455774,0.406054,-0.171435,38.218954,0.055257,0.849133,4.484845,0.0,195.19
963,landing,3464.921091,46.906301,54.097787,103.562839,158.136695,629.818656,22.341948,1.10054,13.729251,7.970879,2407.70263,mixed_fuel_mixture_drift__vibration_bearing_fault,1,3,440,1000,0.639482,0.185139,0.378027,-0.207884,40.207591,-0.068751,0.850921,4.395257,0.0,195.185
964,landing,3633.738791,48.318511,53.64351,103.699264,159.055021,628.190968,22.309687,1.120007,13.369749,10.977734,2250.840196,mixed_fuel_mixture_drift__vibration_bearing_fault,1,3,440,1000,-2.041826,-0.311737,-0.442485,0.560717,38.098799,0.230006,0.844369,4.546129,0.0,195.18
965,landing,3815.614994,44.400084,53.703053,103.171008,158.315381,628.729106,22.613147,1.125169,13.759571,8.274711,2377.531545,mixed_fuel_mixture_drift__vibration_bearing_fault,1,3,440,1000,2.241135,-0.328366,-0.693957,-0.285545,39.130256,-0.070249,0.85469,4.426117,0.0,195.175
966,landing,3848.993368,46.271042,54.204089,103.689293,156.984769,633.717216,22.455626,1.101175,13.697327,8.382021,2307.971362,mixed_fuel_mixture_drift__vibration_bearing_fault,1,3,440,1000,-2.227231,-0.298076,0.451233,0.153156,35.986665,-0.061143,0.842978,4.480961,0.0,195.17
967,landing,3716.15754,47.020703,54.713793,103.57202,155.862173,637.495014,22.765078,1.040812,13.528911,8.301807,2219.645287,mixed_fuel_mixture_drift__vibration_bearing_fault,1,3,440,1000,3.011749,0.375579,-0.352393,-0.929712,38.2031,0.046443,0.852686,4.430071,0.0,195.165
968,landing,3581.843025,46.03136,54.536845,104.087835,155.860046,629.012914,22.045729,0.995625,13.577134,8.195114,2355.909352,mixed_fuel_mixture_drift__vibration_bearing_fault,1,3,440,1000,-1.257445,-0.33013,-0.322044,0.338366,39.250595,-0.138653,0.859831,4.457985,0.0,195.16
969,landing,3814.601829,47.036521,54.527841,103.007632,157.528124,628.047889,22.393107,1.139257,13.669185,8.225584,2422.614121,mixed_fuel_mixture_drift__vibration_bearing_fault,1,3,440,1000,-1.979637,-0.147031,-0.779377,-0.378335,38.511807,0.0011,0.854552,4.520215,0.0,195.155
970,landing,3904.273435,46.579005,54.363034,103.877305,159.491644,631.892654,22.513543,1.119467,13.541942,9.933195,2251.619963,mixed_fuel_mixture_drift__vibration_bearing_fault,1,3,440,1000,-3.933587,0.598504,0.563028,-0.36685,34.666392,-0.13992,0.857588,4.520595,0.0,195.15
971,landing,3781.120541,48.622899,53.955031,103.166483,156.542466,628.816807,22.751462,1.12001,13.601762,10.108111,2380.998697,mixed_fuel_mixture_drift__vibration_bearing_fault,1,3,440,1000,0.402252,-0.167584,-1.182189,-0.456346,37.557561,-0.064573,0.853135,4.389888,0.0,195.145
972,landing,3667.877765,48.333563,53.934078,103.415756,158.649121,631.75652,22.253651,1.02672,13.644341,10.074288,2424.668984,mixed_fuel_mixture_drift__vibration_bearing_fault,1,3,440,1000,4.811047,-0.403299,0.73608,0.472885,38.873174,0.03444,0.843886,4.629495,0.0,195.14
973,landing,3976.379298,46.075671,54.731707,104.24157,159.546841,629.419011,22.472948,1.097466,13.622502,9.451802,2227.650111,mixed_fuel_mixture_drift__vibration_bearing_fault,1,3,440,1000,1.794043,-0.190525,-0.857764,0.135694,37.142079,-0.011371,0.846488,4.394847,0.0,195.135
974,landing,3621.543914,46.796484,53.783159,104.323806,157.775884,626.277661,22.380614,1.10112,13.513128,10.549377,2415.664458,mixed_fuel_mixture_drift__vibration_bearing_fault,1,3,440,1000,0.227008,-0.233787,0.124908,0.501324,36.469717,0.040942,0.854693,4.386402,0.0,195.13
975,landing,3611.931415,46.983228,54.348805,104.576339,156.312101,631.657189,22.26713,1.099001,13.657438,9.257482,2302.742839,mixed_fuel_mixture_drift__vibration_bearing_fault,1,3,440,1000,-0.744582,-0.138304,-0.194703,1.886479,39.861469,-0.011137,0.849648,4.480048,0.0,195.125
976,landing,3630.258517,45.801734,53.971381,104.997542,157.838247,631.490088,22.750379,1.101581,13.686648,9.438285,2395.637662,mixed_fuel_mixture_drift__vibration_bearing_fault,1,3,440,1000,-1.355557,0.790441,0.45146,0.475234,40.991387,-0.076735,0.848668,4.484094,0.0,195.12
977,landing,3666.550728,46.454424,53.826582,103.884067,158.110167,631.928651,22.147344,1.085194,13.547903,9.71681,2318.408615,mixed_fuel_mixture_drift__vibration_bearing_fault,1,3,440,1000,2.852511,-0.053633,-0.487296,0.741284,36.661731,0.055665,0.843478,4.478113,0.0,195.115
978,landing,3813.446493,46.635045,54.702909,104.365922,157.802016,630.59659,22.291762,1.112356,13.636451,7.210101,2317.47002,mixed_fuel_mixture_drift__vibration_bearing_fault,1,3,440,1000,5.325632,0.289017,0.310161,0.889511,40.788151,-0.022547,0.854231,4.432789,0.0,195.11
979,landing,3469.980228,44.596336,54.596557,104.455341,157.26769,627.867985,22.026693,1.064442,13.275648,7.297266,2407.808097,mixed_fuel_mixture_drift__vibration_bearing_fault,1,3,440,1000,-3.777054,0.054468,-0.366189,-0.380728,36.821065,0.071622,0.850372,4.586214,0.0,195.105
980,landing,3780.363592,45.049147,54.450899,103.697425,157.502801,634.643305,22.231126,1.110521,13.486399,9.797879,2212.49505,mixed_fuel_mixture_drift__vibration_bearing_fault,1,3,440,1000,0.422907,-0.070239,0.585258,-1.849244,37.077378,0.115936,0.843205,4.435668,0.0,195.1
981,landing,3605.570013,45.404855,54.263028,103.061513,156.539058,635.039547,22.552013,1.108117,13.595893,9.48363,2334.989329,mixed_fuel_mixture_drift__vibration_bearing_fault,1,3,440,1000,0.213771,0.215668,-0.411828,-0.138573,37.002,0.133723,0.849034,4.506122,0.0,195.095
982,landing,3850.675193,47.077261,55.457995,103.538573,157.020163,628.065467,22.420468,1.133028,13.47116,9.242933,2181.92092,mixed_fuel_mixture_drift__vibration_bearing_fault,1,3,440,1000,1.593981,-0.227612,0.43321,-0.390403,37.993029,0.019697,0.845847,4.478803,0.0,195.09
983,landing,3623.882375,44.533374,54.168176,104.417863,155.714659,626.390962,22.430305,1.191643,13.544451,10.161661,2315.632426,mixed_fuel_mixture_drift__vibration_bearing_fault,1,3,440,1000,-2.371189,0.760117,-0.067909,0.624586,37.44573,0.197774,0.855116,4.614552,0.0,195.085
984,landing,3918.449022,45.323246,54.340512,104.824849,155.991121,633.175057,22.608091,1.080804,13.454296,10.455422,2304.11843,mixed_fuel_mixture_drift__vibration_bearing_fault,1,3,440,1000,6.759002,0.18382,-0.174906,-0.071548,36.132535,-0.050141,0.84944,4.503746,0.0,195.08
985,landing,3691.804094,47.108253,54.903493,104.302541,157.9355,634.554434,22.173797,1.115807,13.596416,8.989794,2269.423742,mixed_fuel_mixture_drift__vibration_bearing_fault,1,3,440,1000,-5.665091,-0.178081,0.518964,-0.090673,36.76998,-0.064861,0.852746,4.335399,0.0,195.075
986,landing,3623.360804,46.253153,54.22119,103.230456,156.73258,630.419087,22.648824,1.113943,13.520729,9.312016,2211.163176,mixed_fuel_mixture_drift__vibration_bearing_fault,1,3,440,1000,0.047193,-0.303852,0.053515,-0.222737,37.411829,0.297329,0.847641,4.642404,0.0,195.07
987,landing,3808.82759,46.697236,53.539449,103.99544,159.954177,634.4887,22.331742,1.15709,13.430949,7.166798,2368.553221,mixed_fuel_mixture_drift__vibration_bearing_fault,1,3,440,1000,-6.939766,0.039911,0.121737,0.301049,34.858204,0.059449,0.84424,4.516131,0.0,195.065
988,landing,3719.866659,46.196985,54.896284,102.959434,158.001621,636.842775,22.311897,1.064627,13.517864,10.083566,2208.954328,mixed_fuel_mixture_drift__vibration_bearing_fault,1,3,440,1000,7.323398,0.151998,0.329941,-0.346545,39.710765,-0.185526,0.855725,4.574176,0.0,195.06
989,landing,3949.720125,46.086269,54.137566,104.603697,158.18294,632.019158,22.38242,1.044533,13.335188,8.006898,2305.990323,mixed_fuel_mixture_drift__vibration_bearing_fault,1,3,440,1000,0.166761,0.651894,0.093538,-0.306171,37.406523,0.157615,0.855875,4.492523,0.0,195.055
990,landing,3920.979768,47.078929,54.889416,103.291339,158.866088,630.091476,22.347412,1.151132,13.420612,9.588351,2541.729989,mixed_fuel_mixture_drift__vibration_bearing_fault,1,3,440,1000,-0.057386,-0.523167,0.694718,-0.741385,41.381478,0.084171,0.855684,4.439729,0.0,195.05
991,landing,3670.041696,47.694278,54.616509,102.663409,157.331393,631.370908,22.357792,1.229755,13.603288,8.249879,2436.134353,mixed_fuel_mixture_drift__vibration_bearing_fault,1,3,440,1000,-3.099016,0.416653,0.172492,0.388829,37.862501,0.087045,0.853844,4.575027,0.0,195.045
992,landing,3515.926879,45.996076,54.332918,104.835997,156.965838,629.73256,22.287561,0.99767,13.520355,10.304893,2303.632859,mixed_fuel_mixture_drift__vibration_bearing_fault,1,3,440,1000,-0.87629,-0.118638,-0.421555,1.576552,37.442419,-0.024236,0.848163,4.451339,0.0,195.04
993,landing,3765.072786,46.166368,54.546377,103.46823,156.890071,634.476929,22.475725,1.131336,13.67453,9.68028,2254.909748,mixed_fuel_mixture_drift__vibration_bearing_fault,1,3,440,1000,3.905868,0.007065,-0.255896,-0.209151,37.0062,0.028728,0.847649,4.383836,0.0,195.035
994,landing,3580.238343,45.414626,53.627911,103.688795,157.399545,630.680661,22.387117,1.117145,13.456956,10.303295,2258.749983,mixed_fuel_mixture_drift__vibration_bearing_fault,1,3,440,1000,-2.418389,-0.997604,-0.650723,-0.183682,36.507,0.318504,0.842214,4.415146,0.0,195.03
995,landing,3913.898238,44.777983,54.863061,103.129445,157.913628,626.488989,22.259719,1.22531,13.702497,10.713561,2152.753318,mixed_fuel_mixture_drift__vibration_bearing_fault,1,3,440,1000,-0.812054,-0.605861,0.139378,0.532018,37.610315,0.172173,0.847179,4.519871,0.0,195.025
996,landing,3839.126407,44.964536,53.629798,103.250087,157.210701,632.523063,22.52701,1.07517,13.525855,9.285253,2255.370785,mixed_fuel_mixture_drift__vibration_bearing_fault,1,3,440,1000,1.646378,-0.463343,-0.055741,1.072948,35.887099,-0.091,0.845116,4.428718,0.0,195.02
997,landing,3795.841918,45.999591,54.20393,103.87189,157.480135,632.862601,22.384063,1.036968,13.612511,10.318454,2451.03837,mixed_fuel_mixture_drift__vibration_bearing_fault,1,3,440,1000,-2.755908,0.025498,-0.162686,0.520813,39.481824,0.233792,0.839498,4.526019,0.0,195.015
998,landing,3731.964091,46.440531,54.580939,104.171528,156.233183,628.558502,22.786638,1.091307,13.530276,10.878003,2314.797332,mixed_fuel_mixture_drift__vibration_bearing_fault,1,3,440,1000,0.585261,0.938035,-0.444564,-0.40869,36.225546,0.083972,0.85341,4.422362,0.0,195.01
999,landing,3741.26872,45.675513,54.062939,104.262634,156.820959,629.343404,22.268143,1.096841,13.432416,9.854399,2336.881919,mixed_fuel_mixture_drift__vibration_bearing_fault,1,3,440,1000,2.213785,-0.758016,0.384611,0.315767,38.932435,0.19177,0.854836,4.54605,0.0,195.005
