timestamp,mission_phase,rpm,throttle,oil_pressure,oil_temp,cht,egt,manifold_pressure,vibration,fuel_flow,ambient_temp,altitude,fault_type,fault_active,fault_severity,fault_start_time,fault_end_time,residual_rpm,residual_oil_pressure,residual_oil_temp,residual_cht,residual_egt,residual_manifold_pressure,residual_vibration,residual_fuel_flow,health_index,baseline_rul
0,idle,4107.404788902937,60.83246010075121,54.23381877942062,90.40715500207077,161.07144892601752,719.6609164639933,25.67583975167331,0.1627058402476154,8.579405135652802,7.854259588567265,4953.712282132083,healthy,0,0,0,0,-0.3301404333548269,0.9633523679838721,-0.4738159633063618,-0.41001346687833096,-0.3116408476831458,-0.8231186147741647,-1.3398662101507592,0.5428781416089433,1.0,200.0
1,idle,4087.506640892024,58.91992987506473,55.032539093067705,89.83660443037233,160.54464923107972,713.6653637801495,25.599683035395945,0.1574685522368469,8.59921071686632,8.95920137314868,4801.654649525306,healthy,0,0,0,0,0.015048604505002214,0.4552941695455911,0.18419479568961367,-0.5356331274071319,0.07962082594546921,0.09385184571005917,0.5371423127749818,-0.5880121309145332,1.0,200.0
2,idle,4097.036001514979,59.90815109358677,54.702232025069236,89.20694649036858,161.12169894319436,716.0933754277083,26.04767867502803,0.1657238926354709,8.452878399174796,9.018794388495765,4791.330356657058,healthy,0,0,0,0,0.3666190784069341,-0.46965582972118347,-0.17494337771119478,-0.5357739377144276,-0.8786054716500162,-0.4003735016289113,-0.053477993838655966,1.0829470891872552,1.0,200.0
3,idle,4132.080136282681,55.45895119187332,54.07455259167985,90.655121998915,159.73891181689038,714.0271775934865,25.745497036202103,0.16048585861830206,8.563567677813378,9.901885815152443,4821.070865866052,healthy,0,0,0,0,0.5881942505092087,-0.03799794571724773,0.5423908083701908,-0.5435866209022013,0.016333688339329324,0.04317976211118512,-0.4827986583311674,0.4238481913631932,1.0,200.0
4,idle,4082.430009623825,59.4746199776371,54.67486678254688,90.76540946644971,163.32139685644418,715.7632975448173,25.973818643516367,0.1517140563915747,8.40556731857221,7.588690378600665,4882.092599053078,healthy,0,0,0,0,1.2067834556071069,-0.008317447106942254,0.7672808720971427,0.16642792448032812,-0.17985015954547923,-0.46118779221958056,0.06586367763317812,0.365036387933865,1.0,200.0
5,idle,4103.091053151179,55.816544216056684,54.60443531034172,91.05021230830688,162.3692555417993,712.1434500695719,26.045316482630504,0.15827988813017912,8.463467700369927,9.795897336938015,5066.05454746237,healthy,0,0,0,0,-0.21091375063907764,-0.2591671862741909,-0.04119847270038369,0.364252046945955,0.11830049223071386,0.6104992192639949,0.24179410510404956,0.512553255259926,1.0,200.0
6,idle,4108.493312450005,57.81703401671555,53.961450044725915,90.40305358044753,162.68703389498071,718.2657875861577,25.721896894431733,0.1538884987357902,8.521489680028068,7.864922156606815,4738.852265630741,healthy,0,0,0,0,-0.20054179665894922,0.077802332637686,-0.060768221526131976,0.06532080371337774,-0.1402444405037604,-0.1838942084094322,0.3474506998958048,-0.66698023356708,1.0,200.0
7,idle,4109.867580013084,59.735309495491165,53.88275276205155,91.7786688436172,162.4521219006537,713.6728891440565,25.948810615123215,0.15270316803259193,8.545295687489755,9.076682218168573,4874.744021952848,healthy,0,0,0,0,0.4047512507314189,-0.1367946357032145,0.4760606667114948,0.1823504937857153,-0.38845170002796153,0.0019353026900085298,-0.5647878509659503,0.23642170752988853,1.0,200.0
8,idle,4133.927039381401,58.044734738482184,55.03825741193688,88.94105752002308,158.24538134095815,718.9425091251322,25.47060193379161,0.13936562661498703,8.640273446073587,9.819671804624814,4866.833543930346,healthy,0,0,0,0,-0.5400544060327434,0.15612839204181256,0.7451900056186124,-0.6555479419377837,0.6474039819751051,0.06900184596097343,-0.36452890945254784,-0.49277184438027544,1.0,200.0
9,idle,4142.6046892046925,57.082469582485274,54.26690731970097,90.74460289575877,163.0351027294799,721.1931980749686,26.21344843380024,0.15003226020569377,8.522259177964699,7.757577356325659,4797.4898098483145,healthy,0,0,0,0,-0.058791454589289714,-0.24574286548820726,0.3348413028662256,-0.11836084944812031,-1.5485046801301185,-0.938083954693862,0.32432710028338857,0.07208375304283988,1.0,200.0
10,idle,4106.928563727397,60.02566449031041,54.50258114180096,90.02520406550705,162.13111174985374,717.6424712249305,26.2899906197722,0.1509568642510859,8.31692979841884,10.561526177376063,4818.285270172227,healthy,0,0,0,0,0.165948778210538,-0.2152557404977195,-0.41816112546483447,0.4447311600897739,0.09177041062004979,-0.6954133542452073,-0.6017939907612004,0.04552532160282874,1.0,200.0
11,idle,4077.139839047443,59.37423667196741,55.19917318358956,90.32675495770506,160.93128247916943,715.1021743281083,26.13316809721138,0.15159118142248335,8.661957582263058,8.96494179319551,4824.248238198641,healthy,0,0,0,0,-0.3031573603019319,-0.30291163678097704,-0.2817244711027294,-0.059934715705141396,0.23536809994745367,0.4579733192831389,-0.4458453723375704,0.43459898763986876,1.0,200.0
12,idle,4113.997745501974,57.62091924519384,55.334554614230655,90.09091445928752,161.12478252215956,713.9937313344653,25.763899123598584,0.14495866463771198,8.179847716037225,8.28004682900934,4973.62528800939,healthy,0,0,0,0,-0.7638939675304693,0.6070950048797163,0.03013359305628883,-0.0979484364040186,-0.25444594519495833,0.26296720662011436,-0.626741946788113,0.21853594241824678,1.0,200.0
13,idle,4114.66179502339,58.14964083066633,54.07923132588241,90.24899166082896,163.3085442136589,720.309050467649,25.879991402775424,0.1513938640062979,8.545475322799394,9.223028011425367,4727.6392727954535,healthy,0,0,0,0,-0.26420452563397306,0.08826285022557463,-0.5832019517757884,-1.0539291054557154,0.7264041557979821,-0.013538516360820705,0.035348269702650814,-0.37781699954341813,1.0,200.0
14,idle,4119.59180262347,57.11255626988579,54.193650670898315,90.34475898093544,162.52345891607013,714.6827117205344,25.75824791777981,0.15421867541540074,8.5336985899448,9.51724081490837,4672.382132967422,healthy,0,0,0,0,0.35133590416929505,-0.439869267489872,0.21038948552273165,-0.10176409365102736,1.2296928549316402,-0.15825631012409366,0.3492804191372771,0.2406984706629366,1.0,200.0
15,idle,4120.188960841705,61.55816377301763,54.9027358123942,90.21322217460403,163.58755668075034,715.4717413837619,25.702804328864886,0.1748130300838339,8.3664530770187,10.064938052742498,4832.850199579795,healthy,0,0,0,0,0.43581762921688105,-0.3453953822918951,0.7119875479111504,-0.09293372201273603,0.3546202544365458,-0.013585039119287757,-0.3436524945454313,-0.550320833310969,1.0,200.0
16,idle,4112.652728859886,58.77627372847701,54.274527210785365,90.46619665776528,159.89033256519886,712.265500020614,25.646010815443855,0.16135234454258607,8.372721606084886,9.010966354852304,4916.920438430033,healthy,0,0,0,0,-0.12005521343561053,0.46685557377492015,0.05918899078582874,-0.8956347226417262,0.7670346924146264,0.09411448009722237,0.16021363188274926,1.3206846584304461,1.0,200.0
17,idle,4115.236050008974,55.256164535600476,55.66419253761154,90.74679338083638,161.7129631235281,716.8176207255908,25.935624258988387,0.15225509475742258,8.545489142578486,9.52912681626539,4898.1305396445305,healthy,0,0,0,0,-0.4439154517823501,-0.807254352142252,-0.14190706751011903,-0.08803106395474637,0.3766962663766275,-0.36432260633257874,-0.43240923155325417,0.24400011267919192,1.0,200.0
18,idle,4105.749767987482,57.58916648502264,53.93419207033829,90.41513444686805,162.4140197252437,715.8152870237116,25.4980442244696,0.15948359289320885,8.819058226347655,10.438458565091592,4771.728655416609,healthy,0,0,0,0,-0.7916572051697853,-0.35768464389565535,-0.005422792104492368,0.257114836687224,0.336276864429336,0.6932156102130848,-0.6078178263663692,0.6017243726163023,1.0,200.0
19,idle,4137.773342406177,57.7507163684137,54.84170000489421,89.9863329258712,162.6426046190575,716.0497270147526,25.74966668227372,0.15810732119473483,8.26061628795786,9.252591376984016,4787.844864937945,healthy,0,0,0,0,-0.03433613532185588,0.6443266251069931,0.934876985358188,-1.0159554724150766,-0.022459940134267383,-0.8408028365633939,0.42990010215568075,0.04255810287525106,1.0,200.0
20,idle,4111.290971447289,55.14995048360388,54.66620403923086,90.01042338731413,161.99074095310007,718.965421837447,26.199772534325522,0.1600388558987665,8.524067855851321,7.654461901665595,4984.867752413276,healthy,0,0,0,0,0.6602388832451722,-0.153032698439271,-0.4240109096384171,-1.158030971363969,-0.2378395921030353,0.6078322372953658,-0.24755661027464443,0.16356334027577044,1.0,200.0
21,idle,4103.111315711972,59.39195734502061,54.32992101618974,90.53172721763134,161.17694216670247,713.7299685907841,25.912098038669438,0.15172736600377432,8.382860488360288,8.301529026036686,4980.347198678343,healthy,0,0,0,0,-0.29213683534232765,0.058695925950604036,-0.45750911068761196,0.6255348904406075,-0.7874647476651363,-0.43569762546151225,0.6322555870627696,0.8051551904125279,1.0,200.0
22,idle,4123.907964082582,54.86993921697517,55.364040957790536,90.61120869167881,162.96409950799006,720.3528054177748,25.921825432388303,0.15580492515248445,8.67052939221391,9.887008850200328,5062.732875412521,healthy,0,0,0,0,0.32070256939230435,-0.549242565069491,0.5100978933573306,0.2326157965016845,0.30133945947160173,-0.7480021672613035,-0.2335280862785134,-0.2315891630970522,1.0,200.0
23,idle,4147.720027111412,61.24547892153983,54.03515998639047,90.23568601695473,158.92818381258868,720.8284559492942,25.95773874085808,0.14657091532360353,8.586898801734769,6.257990547153536,4868.976671186401,healthy,0,0,0,0,-0.31673279871000787,0.37108095935204893,0.7855794053798725,0.20837533017101495,-0.09608567707319891,-0.052310354994478205,-0.0575667973272351,-0.20093473383713947,1.0,200.0
24,idle,4118.538733260924,59.86219233789156,53.82401974043656,90.24092240784805,161.7525486223118,716.817199672616,25.80013243678064,0.15681756278339373,8.637117091756341,9.55994512814118,4945.260496406967,healthy,0,0,0,0,-0.4010023548761361,-0.28290458676113533,-0.5871146125548814,0.1425033221768929,-0.565186176025829,-0.09235840085229426,-0.6264711110121567,0.4427773306821331,1.0,200.0
25,idle,4092.1975869675503,59.5807678971198,54.30727311242642,88.69308067931665,161.8685915903035,714.4982252342795,25.93420040398543,0.15113330990997345,8.466576916145154,11.833708099749103,4911.6063249929375,healthy,0,0,0,0,0.3315085611545942,-0.8999385662309249,0.3670503952131873,0.23662662820276384,-0.07438880789223186,-0.7639220741881273,-0.32627088252453157,0.23929647503949464,1.0,200.0
26,idle,4061.434509797577,56.74466459863044,54.846767673371474,90.03779358258024,162.98737657349398,714.4291820780504,25.739792663778825,0.16157922310498757,8.708509058670773,9.3289130606237,5066.576882782105,healthy,0,0,0,0,0.2622838324864465,0.22597750241633596,0.8904522093859005,-0.6250030899688614,-0.4120640491917012,-0.16657875045070134,0.15612025217478784,0.5957220028808828,1.0,200.0
27,idle,4104.176392889725,60.99961027896595,55.019620996933845,90.74206738652909,160.58197972143796,715.5675302635773,25.762932650008725,0.1496693981986632,8.663352383769544,7.5293719064004705,4723.623751984179,healthy,0,0,0,0,0.29377037746830653,0.44492115638129254,0.09597099515291553,-0.317315925329036,0.8169660092778958,0.5327682558923531,0.04541654459492125,0.0025436150127750466,1.0,200.0
28,idle,4093.9688505038885,59.463253160563994,54.287852924558635,90.4139399835344,159.74208588160866,714.909060038342,25.691932831120738,0.14859026129784123,8.49837255598085,9.641092982795328,4844.29805606522,healthy,0,0,0,0,-0.022082667321876776,-0.40692576119200996,0.41753461991223645,-0.6435865474247576,-0.0922049364866289,0.47710072037602347,0.45754013672576255,-0.28001185045779314,1.0,200.0
29,idle,4135.575826956932,59.82582108584753,54.73903108563004,89.86580077504044,164.3361531194738,718.4617641299078,25.830300452413592,0.15841433084663042,8.448568008541818,8.161035820836048,4682.5707942695035,healthy,0,0,0,0,0.22419113631221935,-0.161207997134397,0.41002891049886636,0.062114507877074815,0.07776690228137617,0.29265079915158915,0.3038189486046173,-0.5418429816112011,1.0,200.0
30,idle,4079.207331712173,59.64117783378135,54.560638413863835,89.8436725481077,160.47047154632654,717.7244596385733,25.81712657558803,0.14611487610611848,8.310824135393807,7.98112495237243,4927.783579348296,healthy,0,0,0,0,-0.6315774563883002,0.49077390117231184,-0.2716952961412117,-1.0004514605826162,0.013706818222505733,-0.19359928067154175,-0.29177733282408924,0.11464521561446858,1.0,200.0
31,idle,4094.0613738256534,59.48629305646048,54.87869191073293,90.3329973764823,160.80814087563795,718.5091806285634,25.67886419615318,0.15519049897436876,8.234810610701347,7.885280816893,4900.204861228285,healthy,0,0,0,0,-0.21640881378892818,-0.43287020416379185,0.2357208213553188,0.049206135921670995,-1.61003487227617,0.39091513364043257,-0.7330980147454557,-0.2074873388013495,1.0,200.0
32,idle,4110.468363516478,59.48564016115362,55.0296189963394,89.75332308480304,162.2951797350483,718.8083818022553,25.602825806597604,0.1653293864459258,8.56565149177866,10.306502798863404,4755.16883617879,healthy,0,0,0,0,-0.02844292606373211,-0.13019676559053067,-0.4431812846452492,0.4140716738756607,0.040107502858028166,-0.02422578007852821,-0.18530797927181372,0.3457137135819157,1.0,200.0
33,idle,4140.039075105035,59.483752343669295,54.428109257789444,90.33565230184865,162.38764616934435,714.9558642464139,25.862132206846223,0.1659862229057057,8.541949447251824,9.134187622079308,4743.921532317349,healthy,0,0,0,0,0.7975340391940934,-0.3436105374930811,0.7596057853606681,0.2926777668911171,-0.3612303324226988,0.3389219153699859,0.045042218723439484,-0.3177574169005188,1.0,200.0
34,idle,4110.5542025669565,59.273465345505926,55.02708145252366,90.18308113975863,162.229015788162,718.4926914144363,25.59981674130555,0.1532714410426664,8.352049819006043,9.050730643539074,4755.960911744883,healthy,0,0,0,0,-0.46425145830082143,-0.006064351578730256,-0.22551869726901455,0.1124127726638825,1.3549632814617467,0.3467764398834441,0.0938687776088817,-0.014742989721512058,1.0,200.0
35,idle,4121.255480507856,59.26753526788838,55.59244745270766,90.15448421282159,162.01197672989088,713.5914919256668,26.058805421384115,0.15651346472362657,8.306760392865232,8.929207725543227,4792.001528403697,healthy,0,0,0,0,-0.14802481025394962,0.8666713981159212,-0.12152789053659381,-0.41960276849819467,0.5306580217543748,0.06811721893010547,0.034044307545081046,0.5524745929171024,1.0,200.0
36,idle,4117.04034476622,57.63545756219613,55.22363107439609,89.43782910407862,163.04857469832294,717.1496930600999,25.898468727550135,0.1510751390665101,8.127240547142156,10.390532452945575,4726.976834857312,healthy,0,0,0,0,0.3657603381158638,-0.1197248021791548,-0.35767047000740654,-0.2776514742992733,-0.43100535284244085,-0.24320472092390846,0.6215763392149073,0.18404676975620263,1.0,200.0
37,idle,4081.826090609409,57.01125558986627,55.211437759973784,91.62098989703537,159.70316862858323,715.2045295737909,25.445409421985566,0.15963047924790313,8.727508546968053,10.572089290429785,4860.537308711648,healthy,0,0,0,0,-0.5270232687627171,0.17505499714774345,0.2978827792480231,0.34195539910006506,0.09182815010011344,0.4062352310999447,0.5912896653551062,-0.6735457882699825,1.0,200.0
38,idle,4103.391532444512,58.68559198835209,54.53055597161698,89.82860920027385,163.50252842265687,718.2784791523712,26.083970409228208,0.15287784522282022,8.374307159251961,9.713675622701865,4750.397437099404,healthy,0,0,0,0,-0.2975488285228149,0.14869391632831513,-0.41155376142709926,-0.35667159052950537,0.32853059897446735,-1.0143872392640019,-1.0369320492615575,0.04064809460101596,1.0,200.0
39,idle,4103.371848950169,59.23142231480067,54.41099493536993,90.69656578174255,159.64935925366476,717.8115111395891,25.88488631135318,0.15474781965080073,8.67155835106476,10.006120234460619,4858.064830565239,healthy,0,0,0,0,1.0416111596874293,0.38143234840233226,-0.13771685006202777,0.1815433898431598,-0.1872610323780825,0.17904715009190203,-0.5577903987432042,0.594632190577757,1.0,200.0
40,idle,4121.146611144238,57.38762636035214,54.91357056193116,90.81309868940842,160.87206639077712,717.5119075145545,25.926560694003893,0.1427947382089055,8.45890231863368,9.328712997816439,4891.191112003901,healthy,0,0,0,0,0.33474873584092546,-0.16008446277395233,-1.317373808684104,0.7838556026043193,0.9157508610931024,0.48403566507309126,-0.03827890712807491,-0.8131079833315871,1.0,200.0
41,idle,4094.98438979727,59.513572296766995,55.04256191186228,90.97668981852235,162.709215077914,712.8430565098666,26.14020103553767,0.15351367368922306,8.616429298805771,8.417040175667134,4952.00151148953,healthy,0,0,0,0,0.04821198026806785,-0.7378559439528218,-0.40284226725557004,-0.6187140561724811,-0.6315151355389618,-0.9384142047384859,0.07621355790276561,0.26100842247119027,1.0,200.0
42,idle,4143.358681571478,56.06718700555465,54.0402365170423,90.43101504515305,162.21574337723555,717.918762081756,25.563542146889564,0.15315352844762176,8.244394216685594,10.358723759303487,4780.324395280317,healthy,0,0,0,0,1.0690632385728926,0.1673718038544858,-0.4674198399446722,-0.2644612862906184,-0.14978419603958315,0.2372662342428059,0.05717282495154668,0.08515151394298993,1.0,200.0
43,idle,4108.5668784729105,56.58325036748859,55.50067676636798,89.37453328935555,162.58149127085719,715.0670026859633,25.797215615797178,0.14900786705482072,8.650699434816389,8.566512315057086,4871.096037727748,healthy,0,0,0,0,-0.1738821674866032,-0.575261307535801,0.9975877747992816,0.29888491850536586,0.6812675440612004,0.08617741281286617,-0.41308435086962114,0.2504767774914488,1.0,200.0
44,idle,4098.839419851388,58.17800746571084,55.01294418380242,89.91203836089494,159.81751282237687,718.0066587251451,25.784274832584146,0.15228348226396343,8.444069825239628,6.690352683028477,5004.483821216941,healthy,0,0,0,0,-0.12863782890181513,-0.012258266497042071,-0.6708843182666776,0.347737927947857,-0.2333632369257015,-0.3069731207558694,-0.04572773132474832,-0.5813803041238593,1.0,200.0
45,taxi,4150.487034852443,56.0774898722122,54.58244377945835,90.16763387247194,161.99978094308557,714.9105747482283,26.152233252095833,0.156589667086573,8.584701333143036,8.42227528914756,4860.8077484815385,healthy,0,0,0,0,-0.19138027298316357,-0.44395540425014934,-1.2256146093189215,0.10603952539133821,-0.6078205219882384,0.026821565866661904,-0.1620961480483566,0.1621489243905911,1.0,200.0
46,taxi,4093.3708849812006,58.44874356591782,54.2370797927104,90.14443377068697,161.04833241752056,713.5438615439733,25.614487646533156,0.14293707200785835,8.284289885490681,6.909876028081886,4758.269205731657,healthy,0,0,0,0,-0.20372245559772462,0.3006077946877841,-0.6271439976425447,0.479421455016165,-0.13906633974781252,-0.5003319484819871,0.05351675270033599,-0.3984435451865576,1.0,200.0
47,taxi,4158.8580487593545,59.89516819083609,55.37824709803462,90.80887178684151,161.78159774885768,715.9839534618163,25.829533399628563,0.14240073077563298,8.443201679989844,8.135484556197202,4784.2258320334,healthy,0,0,0,0,-0.34673911076920977,0.2381260615217371,-0.1959527733831038,0.6260504413951283,0.7285619114703918,0.07200066593252306,-0.06842306841566786,-0.3276015471273187,1.0,200.0
48,taxi,4112.077514090435,60.47215673699199,54.77526920009826,90.77750893291689,162.0775109275775,718.6702969769947,25.79206357002475,0.15749246681102239,8.844795199983484,9.831880175478537,4788.363975801387,healthy,0,0,0,0,0.1569589455156813,-0.01157128171340156,-0.15967891072938062,0.5261031284431851,0.11584721061428062,0.5148164533314531,0.5215963507555572,0.5751176215677795,1.0,200.0
49,taxi,4130.335451922253,58.607519083669274,55.11805083078041,90.81460119112745,161.60789132843573,713.0888917776438,25.94469999545253,0.15075993307393448,8.509500088924435,11.301308634518222,4823.03607032394,healthy,0,0,0,0,0.37144350654585906,-0.354597722862962,-0.3229154506844157,-1.2373456299006085,0.45774481524837096,0.33892321014122606,-0.20376916297319297,-0.052743108115529014,1.0,200.0
50,taxi,4145.799007608208,60.70415588821238,54.20553802165876,90.07867036705174,164.0520455099088,715.8827514424867,25.871802116609214,0.15079582635302513,8.700242175237308,8.335854982522202,4753.686128880174,healthy,0,0,0,0,0.22152191203900992,-0.3227591635064751,-0.18703728063691533,0.29716373167522475,-0.06725176343495469,0.056144138670584896,-0.0714775658221516,0.021460794136171354,1.0,200.0
51,taxi,4129.015455087323,59.968947873799095,55.27141113019742,90.83091140230057,161.38461307631152,713.0070075672087,25.84296769120821,0.1539424848197588,8.452143985760069,9.693355251952584,4793.46895920729,healthy,0,0,0,0,0.010277750096057496,0.15388278994480623,0.6144860978186409,1.3047512790287188,-0.24922749344782752,0.5987113096468766,-0.8012055889545566,-0.19866571972210773,1.0,200.0
52,taxi,4117.059574499387,60.09941080720853,54.378941137053836,91.22069449690582,162.9185014598158,712.2798010469696,25.691749646941727,0.1524371514493782,8.685880364872006,8.025243631719402,4721.9617555194445,healthy,0,0,0,0,-0.7999861702145855,-0.10149778899326398,0.17410751097686988,-0.5519595326934326,0.2759801341660424,-0.9994820069039574,1.1670724962495806,-0.3528910378611399,1.0,200.0
53,taxi,4107.845703109906,59.02319745940727,54.947280716682194,90.05904653694388,158.51295884551672,722.0884737950329,25.757077708242086,0.1436114862486727,8.393989098411184,9.748716122011741,4805.048324806649,healthy,0,0,0,0,0.10260076606815238,0.10458213385759743,-0.16411100146617388,0.6151415945250744,0.5419057950865273,-0.1535243825315943,0.08480571508962353,-0.0856350196274767,1.0,200.0
54,taxi,4096.772881601257,59.81098333602007,54.52622443786616,91.38745414099603,164.64031842296458,713.238017971682,25.57868885191455,0.14853970338060515,8.373550745522758,10.294577825026611,4939.176375080776,healthy,0,0,0,0,-0.24433296399023036,0.595906559916522,-0.05949562097734288,-0.3421924718279981,0.5023289160890403,0.1776480936598547,-0.044369209669787434,-0.2181491829693414,1.0,200.0
55,taxi,4111.529796853614,58.07268690246325,54.09070529200094,90.17537929643545,162.09366850263658,714.1246185020284,25.899829864833453,0.15936889109549243,8.15917384554561,8.43327626956175,4951.490912984707,healthy,0,0,0,0,0.6524820838449026,0.5740652239589513,-0.19917043415776847,0.7099917898661299,-0.10051988066345607,-0.0554926872743457,-0.12010581773707395,-0.1580896445692815,1.0,200.0
56,taxi,4084.296016062684,55.95078932267949,54.80322213283276,91.20037494480762,161.8299000165568,715.5342923314968,25.85862559778393,0.1571746321983944,8.716091408710954,9.06300564493381,4921.074790100887,healthy,0,0,0,0,-0.2554163617296958,0.5752175093221233,-0.35127402721693896,0.13230021716445436,1.2824354090372165,-0.4040613359990816,0.11658891611726006,0.33311284854557077,1.0,200.0
57,taxi,4084.945522306368,59.36989055133022,55.128109451070614,90.12899019307112,161.70474660459342,714.2926066144109,25.818561396385128,0.1497666484154785,8.55021680652134,8.102888523786424,4782.283313081662,healthy,0,0,0,0,-0.0023518939026098648,0.32684172098374065,-0.3804101422820802,0.43958027342662964,0.43658019909934015,-0.25095179045707977,0.7445289390734581,0.41199241933483993,1.0,200.0
58,taxi,4085.7105428326267,58.9234904375747,54.93602125609826,89.48426178472144,162.21471438974243,715.1372036947793,26.11593021858581,0.14337027881301628,8.445988948714959,9.13023470103683,4787.699516022726,healthy,0,0,0,0,-0.035200040766589814,0.8957319457124743,-0.34984267190806956,0.3904052026702684,0.1988241988876143,-1.051828674881308,-0.3360672403010119,-0.023261602821852273,1.0,200.0
59,taxi,4109.863921019309,58.157154538099824,55.08562818085985,91.2694725213122,162.65191972839963,713.6801603655273,25.74044304616843,0.15167193878621912,8.456066019702272,7.568336996780467,4891.010976334668,healthy,0,0,0,0,-0.012681204985655958,-0.049141712466073295,0.5129239426685355,-0.02334247845944458,0.41649518906995614,0.7864435435237981,0.23589378473557543,-0.6151747720426781,1.0,200.0
60,taxi,4094.481628343013,63.9480331309759,54.112678750519684,90.45363649552122,163.38277234366888,713.317438008143,25.699298850857414,0.15063295358651116,8.399443786713334,9.28042231342118,4852.006748642429,healthy,0,0,0,0,-0.5308127415238032,-0.34726867969998687,0.0179658021408151,0.9325285657796507,0.17585513697139052,0.24046714484058915,-0.7456621674861406,0.42916456894316374,1.0,200.0
61,taxi,4119.714724311248,58.87899653930061,54.98183656818082,90.9150339448818,162.4855079788672,714.3415416664906,26.480594579726475,0.16210704037664736,8.447201939475638,9.22753109496699,4875.061092039277,healthy,0,0,0,0,-0.5126708440137723,-0.28215336887479237,-0.4232896248587517,-0.052587771059126716,0.19286698641363098,0.0016326584136284854,-0.008658517722422588,-0.050006327633883955,1.0,200.0
62,taxi,4119.656357471959,58.057588883735654,54.891770869649434,89.75163967204358,164.0175279320103,711.9331008066122,25.799842638440108,0.1494506037587885,8.701259118916942,8.498670345658466,4704.998750074723,healthy,0,0,0,0,0.5510050544572347,0.4900342066021344,-0.6487648993685678,0.019246253442916934,-0.16511495960635678,0.36645563442724105,-0.0708683363804739,-0.8533612549345002,1.0,200.0
63,taxi,4128.210705167377,58.275574196279955,55.24951132660997,90.29008045381585,161.09872214770965,716.7358663570404,25.715764193833024,0.1493973503927953,8.545823779249051,9.531441191917864,4695.411233935762,healthy,0,0,0,0,-0.1747856224425715,-0.0931795178301267,-0.638400281401564,0.2864291098961106,-0.5618515398075884,0.9723470252445933,-0.6690173619966063,0.2664746495493102,1.0,200.0
64,taxi,4133.094484099297,59.408488617004096,54.810707917799895,90.82551781484906,162.41113448017637,715.8680080585049,25.70104658889546,0.15127985117831516,8.739480604317425,8.95494263786902,4877.640476534141,healthy,0,0,0,0,0.15412162037210206,0.08401615535753333,-0.605249442421389,-0.13802260849793851,1.023695863145661,-0.8250297330609355,-0.915824653000244,0.1585688237364446,1.0,200.0
65,taxi,4094.0742035020075,59.816463286260976,54.77970612335494,90.38513913016187,162.12075222902172,711.0775377207882,25.59535712112304,0.15273241393895068,8.612515846271057,9.567407799681245,4727.437236317003,healthy,0,0,0,0,-0.0506945623288722,0.4579538584902385,0.17718129034183894,0.17160258276702522,0.8495001903743883,-0.5970070419832839,0.19971404376416363,-0.01864485867833497,1.0,200.0
66,taxi,4086.8082901946104,59.63992808315042,55.462676103387075,91.32831901431742,162.4268198498809,721.5980555990541,25.618089581426197,0.1442167390499291,8.169374463772622,10.088019384442859,4758.083818165596,healthy,0,0,0,0,-0.19273177497057511,-0.4458260057840554,-0.09485342773914487,0.06685229647521383,0.2036655656838542,-0.15693055048880752,0.1669690638852022,-0.2494878899717757,1.0,200.0
67,taxi,4122.537445291356,59.34807131130947,55.10536339162693,89.49998662233149,160.468027464905,717.0984972279327,25.855132587300066,0.14280971733324102,8.806075134188296,8.220842878749997,4736.024123940173,healthy,0,0,0,0,-0.38728808740777143,0.9079739161781136,0.441525720892792,-0.2148240600002612,-0.5707310394768053,0.17978314061581555,-0.5320358747883775,-0.07575125351986922,1.0,200.0
68,taxi,4092.179607095782,62.25796207026231,54.1592710534489,89.91060710643215,160.1347137738587,711.7493286393826,25.491329095980824,0.16123924208001955,8.35466382801357,6.642472544142645,4935.073543792049,healthy,0,0,0,0,-0.07954190960195838,0.1969160354185743,0.6316315209717546,-0.5975004115547384,0.9492815836293034,0.063317123673225,0.7309684647171182,0.5212709563577398,1.0,200.0
69,taxi,4099.069357760541,56.018567127020525,54.20607790229995,89.79357241454497,163.1056715138894,718.1075854764136,25.58667341341789,0.16400806856581224,8.52163070378407,9.772898668866809,4772.927622267681,healthy,0,0,0,0,-0.16824622665968184,0.6138149199564618,0.14889928624620186,-0.3970823245144893,0.044715090002533875,0.10028695212505391,0.43173316362316794,0.5351626276814703,1.0,200.0
70,taxi,4097.3369603410565,58.46620196206193,54.29200542912414,90.20633225475102,161.56060343684442,713.4314079030435,25.831952518421073,0.15608724999321477,8.22467397456382,8.839854338161405,4800.732452056862,healthy,0,0,0,0,0.15735417858235592,0.24345323901818028,-0.8244025960447494,-0.028283682089849577,0.3233782246250863,-0.06154364518609001,-0.3918735594734932,-0.15529951815575355,1.0,200.0
71,taxi,4118.971860937136,56.16549445779308,54.15969985894886,89.98123526276743,161.6555310537467,717.1396658567279,25.618117605338863,0.15587003604991417,8.394793863215135,11.564545140155595,4814.838905964617,healthy,0,0,0,0,0.5567868942684376,-1.2067895683044858,0.6459773877403909,-1.0015688787657802,-0.8761146919489441,-0.6657120340166445,-0.4447533519351311,0.6398995355276831,1.0,200.0
72,taxi,4127.707828001913,55.75248142432952,53.75990530208919,91.260472824851,159.55904577104326,718.0754265505162,25.785311227862305,0.14736812309107894,8.565115847744572,7.19943769415959,4951.088939794533,healthy,0,0,0,0,-0.6523182922995614,-0.022467191894921953,-0.4617253973798532,-0.8634433463050257,-0.34597255310395064,-0.49632848776091787,-0.08740531199070888,0.7057702697931308,1.0,200.0
73,taxi,4117.175709636115,59.56954539558382,53.486181915073495,90.46411756921908,162.62503597155072,717.4356000757955,25.808331672507713,0.15893493876829182,8.539892401907688,8.925995215552714,4875.156836084802,healthy,0,0,0,0,-0.03824282077421176,-0.31338412769677226,-0.2709790981592365,0.2614355509221138,-1.0693171861523278,0.2954450507131198,-0.3608500066326152,0.4436037142798372,1.0,200.0
74,taxi,4137.089018282519,58.89852087404079,54.45775096388979,90.93662344589343,162.5715997580199,717.3058296358904,25.81860302709226,0.15719948487834742,8.400960399476059,10.818752215291594,4681.856856551525,healthy,0,0,0,0,-0.30358069385286196,0.8160659767353042,0.2943270868762728,-0.3673370618246749,0.7049731116120447,-0.21457514429135535,-1.0101687775006591,0.4117638888417625,1.0,200.0
75,taxi,4086.0448202142475,60.833875818701216,55.049619735756096,90.09761862901644,162.75884241739186,712.2190114936085,25.71039161370411,0.1545421513263656,8.45311969798751,7.72923418586387,5038.48110734979,healthy,0,0,0,0,-0.21051765785920704,1.1138070823467052,0.12049266540959423,-0.017929638422086776,0.027545342771149457,0.02279084052626006,-0.24953909623707454,0.18411310578026588,1.0,200.0
76,taxi,4108.23176873427,58.90991463368715,53.819498739394234,90.99470323158681,162.72207548869088,717.4662160442788,25.921644623101265,0.1394845116410695,8.49364929343349,7.02329778100659,4801.131700629601,healthy,0,0,0,0,-0.9603651617506916,0.0342436331869816,0.10584131723258151,-0.07085435606894755,-0.4591241626323505,0.19999342579210927,0.2812185560377564,-1.213207160441135,1.0,200.0
77,taxi,4125.457699514553,62.335603835788746,54.38748536486544,89.65176446787898,163.36897858152383,711.9797351733602,26.141008103490513,0.1640514431593236,8.369568139606942,9.44616436714025,4833.260601945101,healthy,0,0,0,0,0.059688072658538205,0.4255165591249899,0.3720691293591519,-0.059294127714111085,0.7908459066709507,-0.7550067175545186,-0.27573738914601714,-0.3973764325648115,1.0,200.0
78,taxi,4118.804886475667,59.84273546901766,54.30639898881622,90.4248239574173,165.24816872890474,718.4483727192603,25.718913581143248,0.14805755625491737,8.37638251742665,8.656015933369078,4803.03515296986,healthy,0,0,0,0,0.30515964226552006,-1.0965152018956317,-0.22639151379589173,0.39765745658222224,0.8275976684472155,0.39043118302035273,-0.3160195065577002,-0.4626002006159836,1.0,200.0
79,taxi,4116.714807504948,57.59786516240221,54.98248762055344,90.03107848114172,162.57981425568772,719.9877071523165,25.56104964985514,0.1437900925462412,8.197336994315682,6.841056420512645,4938.3394720328815,healthy,0,0,0,0,0.11423879914992931,-0.3838923935729952,0.09095552329974917,-0.6955802040722595,0.4822665319448767,-0.5272438145781426,0.052243587273702735,-0.29485559194086514,1.0,200.0
80,taxi,4091.3293931926505,60.76057226099046,55.12092766438132,90.15943888536324,160.99576938266344,720.7283670613914,25.77837522315823,0.1547469104907938,8.783308344223153,9.863785856345261,4823.030038120651,healthy,0,0,0,0,0.1230671395703943,0.11029767159592051,0.277699566207904,-0.30988775908605815,0.5282345586378139,0.0020967726611579277,0.9435067717646751,0.6007757492102946,1.0,200.0
81,taxi,4119.347930903922,59.522014511294174,54.76371467631414,90.62746527878757,160.6865214336412,711.8254836948047,26.07712009248443,0.15094179138749345,8.302491406755731,9.725645782406975,4939.791885189563,healthy,0,0,0,0,-0.4411716618021781,0.15952295907413058,-1.5392402528603888,-0.023845168466624968,0.11266252867589022,0.3417407970039482,0.1646528352823559,0.3163557222650026,1.0,200.0
82,taxi,4141.538657104244,58.181172380706755,54.99213241677049,90.0066291767906,161.73675221623137,713.0089880406285,25.63052646078698,0.16486101429377,8.504221212390803,7.508576372347788,4799.622358553775,healthy,0,0,0,0,0.4657505887771772,-0.14873451563076456,0.5535803958482038,0.3664345817464881,-1.2326892056883807,0.08273999187658578,-0.883013576627691,0.14301136499558373,1.0,200.0
83,taxi,4085.1280516935462,60.85816297300811,54.56448475832444,89.6814318605241,159.81842265655686,718.2282336027798,25.608024007443493,0.16164870333216538,8.423857225777702,6.2352511747705535,4761.300035071858,healthy,0,0,0,0,-0.05104015203975611,0.5572969618750836,-0.18383331755364082,-0.19946936777548643,-0.6549183160541536,0.4680627178223987,0.15226284986487174,-0.183452580426069,1.0,200.0
84,taxi,4149.390164153904,57.960683338811556,55.22978206377768,89.82882402876236,163.27070143023136,716.8434461711794,25.84037659921497,0.1589749341464003,8.61114090612285,7.8035402018492075,4818.0111842574825,healthy,0,0,0,0,-0.6723870520189238,-0.691080455158654,-0.4984035702196992,0.7489560149229864,0.3599068032355629,0.0786297010322555,-0.281990038706131,0.24492002302570293,1.0,200.0
85,taxi,4064.9160369522665,58.32490638517978,55.18382431298125,90.28908747655329,161.892694127658,717.6169427871329,25.50057150586372,0.16937763618529306,8.373073586337457,6.788102294886205,4867.1241919412205,healthy,0,0,0,0,0.02664147082712692,0.15521044033383838,0.04840582898508428,-0.2638999288828067,0.1465365456788126,0.792072185806867,-0.3292245046411168,0.032186833733623445,1.0,200.0
86,taxi,4138.963146133065,60.030761036512864,54.71433626016245,90.21405122750241,161.49322441551945,717.3364304037532,25.58011027487812,0.15113449516480476,8.226793429260988,9.553244463583649,4962.388023610611,healthy,0,0,0,0,-1.3376583607262555,-0.2051999063877142,-0.44043951146319754,-0.24122889045172494,0.3652239263478483,-0.7224239027636477,-0.27632942617078715,-0.0623457409382255,1.0,200.0
87,taxi,4087.414247598256,56.98256900213459,55.0040948919946,89.56286319449455,161.10447251493318,717.2640395532526,25.67736671015201,0.15834753754202097,8.644119769839135,9.121691081873937,4710.7133028441485,healthy,0,0,0,0,-0.04610177959747014,-0.10290135695741824,0.5644625898695068,-0.6865143087672562,0.2470864855546965,0.4614145954055024,-1.107997633247335,-0.04853347486272677,1.0,200.0
88,taxi,4058.5125816930654,61.6353893726601,54.62198289111875,90.11211374291084,162.67537497347033,716.5879093817038,25.60504447726018,0.16200618142095413,8.396595175121611,10.903036824767733,5060.480278909998,healthy,0,0,0,0,0.0969543321218625,-0.2236077001225344,-0.4172618982801869,-0.4242931551303668,0.11662338601981187,0.02858048909171968,0.15157073492613762,0.6014555702197377,1.0,200.0
89,taxi,4084.4266527918685,60.540643936515856,54.895239090621395,89.46876347345501,160.44033070117547,712.6442772786882,25.83574989261713,0.1484731893494072,8.238792384831285,11.56173622997532,4861.487494854506,healthy,0,0,0,0,-0.07666821296180258,0.015421746835136214,-0.04523559386388119,0.7318058565299195,-0.4893459046210721,-0.11109682601388482,-0.5992814466252109,0.1552856415137917,1.0,200.0
90,takeoff,4107.530800996502,61.963743502057284,55.8644054261843,89.18194748805365,162.0065258503834,712.1640483825048,25.555781214206487,0.15405005332283825,8.6339188650269,7.292172819188952,4754.81516673487,healthy,0,0,0,0,0.14148044065307636,-0.366847099812826,0.18585951398641304,-0.015152379969460804,-0.6218316901689698,-0.4127413194449744,-0.5917781504639763,0.4015844352218687,1.0,200.0
91,takeoff,4092.282716493489,58.78068445231178,54.96771848953235,89.27618888742337,163.0628346045794,710.0723268561198,25.784474363559113,0.1555540186358604,8.518448000552576,9.895547123543754,4897.7505637649065,healthy,0,0,0,0,0.028632107563936887,0.8093925370782623,-0.08778854513734406,0.9969677023609779,0.36155890156467196,-0.7320211274255901,0.16758621262018006,0.1766300680291113,1.0,200.0
92,takeoff,4094.796675240368,59.66107146257344,54.48374475818851,89.82050101824622,162.22306474021045,716.7736069247488,25.76502834318188,0.15298417317233745,8.406920818631168,7.653231393885542,4694.274684529677,healthy,0,0,0,0,0.13701899538851672,-0.5801853174198005,1.0402015109692466,-0.9707604538673185,0.01419241078027459,0.3990754566457044,0.0504123452003215,0.25600059597136465,1.0,200.0
93,takeoff,4086.4482379680258,61.471147202761834,54.931383683115435,91.20795306275797,161.8680524974285,718.889210444147,26.12405806142152,0.16044597919032516,8.482263178090692,8.247026086215238,4866.968299698779,healthy,0,0,0,0,0.13616763057679046,-0.38271554231067373,-0.04240267820395523,1.0128649864910753,0.625937829059691,-0.33655532228034485,0.8224507971251979,-0.43041589885596926,1.0,200.0
94,takeoff,4122.373150185472,61.1968059873014,54.670407621080244,90.88603167678109,161.50581583215225,719.0436665255005,25.395257237100132,0.16061516499206208,8.159719706264985,9.145138099186578,4855.63571986704,healthy,0,0,0,0,-0.32363366157248663,0.0946565816900483,-0.17518175987936774,-0.37462429215157594,-1.1402577829020195,-0.5505176760382708,0.8543987103805597,-0.6615576467768092,1.0,200.0
95,takeoff,4129.139497785531,62.294610298647804,54.7434989025884,89.88816752283522,161.24052420302118,716.4937320135597,25.83964404614871,0.156342514273853,8.673013177010386,8.487507479677092,4775.58960732667,healthy,0,0,0,0,0.331321534676255,0.7780067983367885,0.43167465796231985,-0.5152577509548119,0.595096578486869,-0.9758919045670436,1.0386930400907075,-0.19737897767317855,1.0,200.0
96,takeoff,4113.92509722097,60.39602091703835,54.396858979853384,90.27655479098857,161.40078134352697,716.2934062884972,25.76240480539453,0.1465925818094357,8.344209069977719,10.539052894259681,4952.547698984258,healthy,0,0,0,0,0.23195998366889023,0.001857215387490067,0.19464113420179022,-0.3482218184078643,0.4241631690166152,0.4249506222412437,-0.49054218804006944,0.5897918686279966,1.0,200.0
97,takeoff,4121.075953756724,58.85739320384818,54.7955636319152,90.82058152201398,163.0504962077244,716.8021749157136,25.892421861290607,0.1576264274133553,8.23070803687223,8.864164609257173,4870.267916945577,healthy,0,0,0,0,0.7961084298688542,-0.42088663739709736,0.3465203850346375,0.24189680116515636,0.05010826414962247,-0.09756572263399378,0.11315535671443981,1.1847095953945885,1.0,200.0
98,takeoff,4126.356862720022,55.05436969516276,54.66842719628394,90.83672885563843,161.53770425091102,714.929242932839,26.299549208628406,0.15647325502414527,8.818795235860463,8.539867936433307,4825.44460068415,healthy,0,0,0,0,0.4945011206612937,0.14047701757059644,-0.19193659150442371,-0.9159539442773859,-0.007711917592239786,-0.32417154499308487,-0.5409524209036305,-0.5616415010638578,1.0,200.0
99,takeoff,4093.8788791336997,61.65006691621545,54.78655162414667,91.11965798160732,163.25260915684623,718.7873506827561,25.745978762892797,0.15560695332222146,8.98851171189855,7.199372882191588,4863.674761958427,healthy,0,0,0,0,-0.14037586891378306,0.7491741767109462,0.12036304839863883,-0.6906874871064264,0.6118618256963384,0.09350562778124809,-0.1450626561260211,0.44420355482134855,1.0,200.0
100,takeoff,4110.659387387822,58.32053405945382,55.09502946346445,91.02910599039706,163.1789263252659,717.2810161202575,25.35016815919144,0.1543975274771131,8.47274819840764,8.81080984793224,4821.980177949198,healthy,0,0,0,0,-0.22623828092659257,-0.3022446293680856,0.18278040733644832,0.25428606819638977,0.24899752578395526,0.906426611498043,-0.6343534849837662,-1.0729999739016158,1.0,200.0
101,takeoff,4103.451535599773,63.89745126518722,54.81500525281267,90.52716250483658,161.50831509425632,715.5897681449001,25.808960006814853,0.14969079772859722,8.680391114703054,9.820083043016247,4874.828237109503,healthy,0,0,0,0,0.9252389586703216,-0.42433079463352474,-0.38462810409351156,-0.19823283290120983,-0.10647850837930362,-0.2707846917702618,-0.1523445596254783,-0.8984135051476594,1.0,200.0
102,takeoff,4100.874695796054,60.493683145831014,55.19472938047885,90.30421909924414,162.09781442259896,718.5656255370933,25.885272258776578,0.15567327631432118,8.34945633875616,9.5435905551821,4876.798139670478,healthy,0,0,0,0,0.40899133854990294,-0.45624855662386415,0.48430236359566353,-0.14953524718672015,-0.968519606599924,0.20548850449784162,1.3907231995883225,-0.24171172719315545,1.0,200.0
103,takeoff,4105.894285202492,58.63781971115399,55.49689724060184,90.70606379324252,161.44586448686385,711.5167008518547,25.802250461399236,0.14666324086112503,8.438272810431886,8.274624964764294,4692.806300300177,healthy,0,0,0,0,0.3331847876980129,0.7310999867616752,-0.37033221238163033,-0.266126802540965,-0.3914895951296969,0.3346725046039617,0.14880946089096456,0.5235114089357439,1.0,200.0
104,takeoff,4135.664072680872,59.62559631361327,55.20696400633806,90.67484538968226,161.8682059012178,713.609207209362,26.01631387959864,0.15198645788433557,8.188725391018725,9.732773174600243,4824.217177257186,healthy,0,0,0,0,0.36063932693537715,-0.25251162584511055,0.47311323327371474,1.2127745923130788,-0.9042812254930663,0.713304892310442,-0.27975180881780987,0.7300344489526898,1.0,200.0
105,takeoff,4107.089351569065,61.32647830119671,54.512421174849095,90.6068696727119,162.63570448737568,714.6021106390904,25.988311832996146,0.15235635735787348,8.369888041736012,11.027660617713565,4905.1036154175445,healthy,0,0,0,0,1.2929845391644879,0.16857114933487308,0.9075853799009174,-0.018198800316306326,0.5231355655963216,-0.651840203606553,0.30811314725938316,-0.09215567891295849,1.0,200.0
106,takeoff,4127.634422567707,60.39122133298283,53.33474930833188,90.24532299460301,160.54005685177668,717.7713025242887,25.88086120860635,0.1535399540177103,8.487892971446591,10.151882775564747,4845.40038573536,healthy,0,0,0,0,-0.4101834928504777,-0.1831385426080702,-0.9420193254255123,-0.022788736424995275,0.9034035491661163,-0.08790682348221793,1.3306628917720495,-0.5217319171723019,1.0,200.0
107,takeoff,4093.5423424510827,57.89464695061346,54.053872535409596,89.76357530454521,159.64808836868082,713.9449151598773,25.75400754325004,0.1577499836475112,8.562744915851278,7.835935679156806,4810.343501286271,healthy,0,0,0,0,0.49251623960015,-0.5523917428161004,-0.5063212863557266,-0.6231446796272003,-0.19554146519557836,0.42355419665063015,0.00629539018760399,0.019806476400510677,1.0,200.0
108,takeoff,4100.277017941689,55.958908898977256,54.38380653179277,90.77396581778383,162.21996092517543,718.439379176431,25.764176495577022,0.14296126165204173,8.57808372592903,9.389903727832156,4844.2779318165085,healthy,0,0,0,0,0.07882283909541497,-0.09310065483431718,0.05610243378731482,-0.9741514487966517,0.1655983571644665,-0.6189569838295239,-0.22392083998532955,-0.47233762159289455,1.0,200.0
109,takeoff,4116.701956903529,58.538607774881285,54.150099678818236,89.56771727466057,164.1751912382024,719.5720848973834,25.747986576240503,0.1612110712509944,8.713240160666674,8.56292601529899,4901.840464291613,healthy,0,0,0,0,-0.12349445032226773,-0.1545831122001348,-0.28716102441278213,-0.48203831715142065,0.08942859884191574,0.2735207634849277,-0.27904676126324035,0.5479811546221593,1.0,200.0
110,takeoff,4090.757132494886,57.93223290866485,54.81129720275536,89.904984126697,160.82965934050918,716.0469735998232,25.97006711389185,0.15157963390400428,8.54524957766692,7.468008019764236,4846.8113318277055,healthy,0,0,0,0,-0.00837581129760732,-0.28935377179627353,1.1961192190527778,-1.1572849957343683,0.539092045111076,-0.7070244778372793,0.029439439795773473,0.3121092186181083,1.0,200.0
111,takeoff,4130.170045690822,60.04498495662593,55.30005741062193,89.93329913471726,162.7373218030902,718.3768752099289,25.859163462831688,0.15030334157096378,8.532606765937771,8.041467555893565,4902.193662741447,healthy,0,0,0,0,-0.44494411545922585,-0.12858080652077597,-0.3600868157737843,-1.4154917491754486,0.5422779541363861,0.06472881878883445,0.4134146883026315,0.669430257193379,1.0,200.0
112,takeoff,4136.247972006347,59.818509326866035,55.70223423989983,89.58499258586319,162.22610976161732,715.5521822072559,25.541163566634026,0.15545643478607793,8.392661967079889,11.69005521821826,4799.0196162645625,healthy,0,0,0,0,0.8319230130716851,0.46609585597212966,-0.11428959008677593,-0.6295361467440215,0.2987902208433404,0.27729630435054675,0.7676594282573155,-0.10987331113209586,1.0,200.0
113,takeoff,4104.594924216609,58.89254235836812,54.49274127523243,89.06299859019323,161.25525985492584,718.7637283456289,26.249383897394967,0.15642048647048376,8.668324293047677,8.50434907681737,4913.99994032607,healthy,0,0,0,0,0.0639051240898705,0.22047557425199446,0.24721295667091636,-0.08996720663614179,-0.3329762371272716,-0.031142648141052148,0.6091009851688667,0.4696860725075761,1.0,200.0
114,takeoff,4114.27434970263,59.49180830570225,54.17803048385179,91.07820787133984,160.13229872720976,714.3387155408136,25.34898978161339,0.1515676472489836,8.762089122316564,8.770100335591858,4885.2764437126125,healthy,0,0,0,0,-0.6814911642480789,0.3276728515088407,0.5129451893090426,-0.7707387271403645,-0.5354076123152618,0.4076453436230354,0.4746619187913672,0.1911031397648339,1.0,200.0
115,takeoff,4083.9416432246107,59.206612091036135,54.501030105446006,89.87943214331757,162.7386418868076,718.3997956679059,25.875112375686342,0.160918400170077,8.51746787076022,9.67154080332213,5031.834366064053,healthy,0,0,0,0,-0.17928554659135704,-0.01940170622349985,0.24315191750903123,-0.17725586115038194,-0.17734987608314462,-0.12486013318964982,-0.18924543591709506,0.32020930617058263,1.0,200.0
116,takeoff,4126.823524595765,55.26400257770811,55.28872622815515,90.38909097273051,161.09321444685872,717.5590115851593,25.483711641508382,0.16249176086514705,8.692479127047617,9.47451603574799,4864.372881999345,healthy,0,0,0,0,-0.1574386552878826,-0.12329166860404396,0.5493953477976075,-0.43374304318941925,0.1890203954940465,0.15551852951589942,-0.6022696248881437,0.41721290516276743,1.0,200.0
117,takeoff,4109.158351185675,60.79235089917072,54.26090016752954,90.19666294573533,163.27536196845827,717.517066200288,25.711855972986065,0.16015491887446454,8.33322115714236,8.929444694228915,4922.504517488048,healthy,0,0,0,0,-0.4583354545581683,-1.294500177782415,0.8540959758305778,0.7103318508200875,-0.05261493293778042,0.19176522617664546,0.5296898784543835,0.18843170200137352,1.0,200.0
118,takeoff,4112.2531418346725,61.4441917596592,54.320418901436085,89.72709816726349,160.47916913745357,712.3825065456165,25.886740078794308,0.1606806248869927,8.489800819918937,8.60361053951806,4889.370909994866,healthy,0,0,0,0,-1.574701377259963,0.4791830260713973,0.38249794942334553,-0.15017439697091628,-0.0483157833170416,-0.051884550291526235,0.11683448306883494,-0.3440686866582581,1.0,200.0
119,takeoff,4138.3878389291,58.38645708043344,54.77662753756078,90.27378274023518,160.6437700075742,721.5853550829119,25.572077871754825,0.14217963287736723,8.681137816530635,9.926264060855859,4979.974631250403,healthy,0,0,0,0,-0.32148334744976015,-0.1610882958824402,0.3952647650289829,0.7813663960176868,-0.2531603945288879,0.4669182981147994,-0.8405901067965452,-0.24172989676038528,1.0,200.0
120,takeoff,4112.6936095713945,59.03135961168333,55.10748495955719,89.43023675275923,162.11325359513867,717.2007339235006,26.161937274429327,0.16103527129046102,8.450199238182188,9.627693711759575,4712.485981896349,healthy,0,0,0,0,0.7306542051597317,-0.6506548348345395,0.5459253423207858,0.09155847517288387,-0.050611819768793864,0.5863250147202159,-0.18564693760160378,0.08234601379608752,1.0,200.0
121,takeoff,4129.613801935793,60.53237448168741,54.161775050916454,89.45888585474634,161.27258510074213,718.0723880822344,25.97476086701126,0.16252724995322676,8.608807115450881,10.874959372404588,4863.83151798939,healthy,0,0,0,0,0.5385470302320047,0.6930544509115426,0.41871837687585756,0.7270507238424401,-0.07301439116231215,-0.26108866633465805,0.8124963500791516,-0.3686928591499121,1.0,200.0
122,takeoff,4118.167086787595,59.542498916905735,54.604146242536984,89.80787598579802,161.0442673460084,710.7767034653144,25.88416312178875,0.14790973231294852,8.403077179982965,9.672338185260742,4856.562644215206,healthy,0,0,0,0,0.019620144948803292,0.9856227906201952,-1.208390007449345,0.37712023099659064,0.21360562025856664,-0.25646496350523,0.7244110883132078,0.2976079060810154,1.0,200.0
123,takeoff,4113.903496900329,61.243915068911726,54.45533016668426,90.18693062856963,162.26952769918688,715.4340856567255,26.044352784147932,0.16152899078834795,8.363595629535236,10.160369545634984,4887.886874157684,healthy,0,0,0,0,0.17606388050690783,-0.5024689032055925,0.4494535143892169,-0.8160737934432909,0.0030747978179185243,0.6872202688623752,-0.10601157129875013,-0.007990180280330413,1.0,200.0
124,takeoff,4145.296250958243,60.811275657416694,54.129687824447444,90.6694789453438,162.302235141822,714.7899615165757,25.971444028574034,0.1521338042779446,8.57602313395847,9.14731300874017,4844.688059943461,healthy,0,0,0,0,0.09993619679360169,0.4167941096446785,0.14667363303017755,-0.022813168238624795,0.7386967833354977,-0.3251320579110164,-0.3197147502737971,0.10603572513208502,1.0,200.0
125,takeoff,4090.8797670863596,62.05749329316274,54.63355915216289,90.68489394402316,162.31254843984547,722.5794749052194,25.930055388208693,0.15473361755547166,8.569019234043983,11.185500432298301,4915.081999090355,healthy,0,0,0,0,0.1292369254991945,-0.4887628512798249,0.3480764042511406,-0.37466722735465463,-0.542468089095199,-0.4335890938991811,-0.733727487210171,0.3762331418323352,1.0,200.0
126,takeoff,4118.173735391824,58.933418168300605,54.74304174738345,90.69219441002525,162.16097460870031,715.1997459604129,25.658089074288668,0.15870305056168071,8.581395533330705,7.400383896839705,4876.969376031582,healthy,0,0,0,0,-0.28890834979744695,0.5994059114467328,0.4945344455409287,-0.07268320687211531,-0.16830586189435984,0.10942543627671038,0.17005226451569988,-1.255626531108159,1.0,200.0
127,takeoff,4107.779394531888,59.076848874739255,54.870361322419484,90.11046180642589,162.61804340922987,714.4393882341209,26.037629570445347,0.14966401164411058,8.652132665814277,9.575084123397582,4930.343809151229,healthy,0,0,0,0,0.47640545816133717,-0.44196761124421535,0.23649858446725391,0.6110996966129048,-0.2878964939333115,-0.8371738818441178,0.011413053649004724,0.07511222560700027,1.0,200.0
128,takeoff,4086.156789625525,57.71091917462056,54.69154050171369,90.05499298348067,161.09445634764072,714.9112849307057,25.79182235642764,0.15778736939403237,8.638867537744161,10.098779074224494,4874.4127236745635,healthy,0,0,0,0,0.05458617706997865,-0.5168285288315881,-0.47783256577405553,0.8654531688677969,-0.06091386507976802,-0.3371946215242749,-0.693336513267467,-0.8997587940963747,1.0,200.0
129,takeoff,4127.0204554027,57.95300354928161,55.359441515357624,89.61217545727742,162.66182570050918,716.2716907320727,25.67717391074444,0.16029304033975822,8.51266954382072,7.120560694496843,4707.593150431479,healthy,0,0,0,0,0.07176319360300938,-0.32556394400173944,0.5722213659213745,-0.24214951430392273,0.1387300719488589,0.194516271741432,-0.12548318527342173,0.6922283696996823,1.0,200.0
130,takeoff,4077.425435898361,59.288678571847505,54.61375969886737,90.38941051367092,162.22833579236917,716.5530555678238,25.833476091642016,0.16337945718217553,8.719361762611795,8.20155724318555,4592.994986393589,healthy,0,0,0,0,0.3766072725706935,0.7133232637062368,0.40995552235777755,0.80253450936775,0.5444390728864341,-0.4662489701427623,-0.3636161220723092,-0.15603351016486786,1.0,200.0
131,takeoff,4108.546393344117,60.84177860522723,54.14117326004133,90.38036414247043,163.7060682824835,712.3323655158941,25.843306831269054,0.15393918733941028,8.39996275512284,11.108394073159332,4924.223069307269,healthy,0,0,0,0,-0.41315288475071105,-0.4829324108772581,0.004139795393939345,-0.09588016258240456,-0.4177088955337725,0.6403817287595568,-0.4238442534208273,0.28182101873810145,1.0,200.0
132,takeoff,4104.241829525689,59.07075512643688,55.39239404550256,90.0510955566793,160.62257209614776,711.2383386810886,26.13534341576546,0.1571393291704607,8.597908614388398,9.310854107459317,4916.469032446946,healthy,0,0,0,0,0.3327351369799809,-0.1590358652292736,-1.1626611602934032,0.5180904077926307,-0.9415970470130692,0.7305489290827032,-0.7791658964794135,-0.34966402423500625,1.0,200.0
133,takeoff,4124.6950967634375,60.10548204924904,54.55788249848765,90.62428825812917,160.21214162206527,714.7699240886042,25.805107711109915,0.16209109780956144,8.643136996296588,9.338583339159143,4733.0912920809715,healthy,0,0,0,0,0.1872335418019845,0.4126538756915945,-0.10654979358046197,0.6691364836146224,0.22388350425877265,0.8215978951403352,-0.011912605865251025,-0.9217553116532425,1.0,200.0
134,takeoff,4133.102159877636,58.58960316584106,55.13593613143804,90.53837676660322,162.74309833228045,717.052786154095,26.074659385983892,0.15923909866070382,8.503199270391452,10.09887710031819,4841.703457540289,healthy,0,0,0,0,-1.2258978884221259,0.7340870305027364,0.882621638181167,-0.2313239878832045,-0.628683787363716,-0.1710685724247127,0.13623614865296022,0.8278973736218466,1.0,200.0
135,takeoff,4094.2921055973375,57.59221695781674,55.215350117655376,89.94683027687269,161.7479762140291,720.4136224671445,26.06999678085576,0.15740522787960784,8.353557608068908,8.651260603822267,4933.245170277486,healthy,0,0,0,0,0.48013090494915933,0.4627236464359836,-0.06763521070518716,0.7930457702961136,-0.1615072742734567,-0.10141391464858637,-0.04240682296883279,0.12115775939431374,1.0,200.0
136,takeoff,4111.910221444386,56.53284389300927,53.72249935846152,90.78637759058194,161.98234576328417,714.0460489183653,25.864708164812956,0.1612670682226463,8.630044847526309,9.101213229429794,4972.792842612016,healthy,0,0,0,0,0.5261800313283204,0.42957588792085927,-0.23540049271704205,-0.28902850942272557,0.11304080394008141,-0.34237385558637,0.24529619156700622,0.1932194376835019,1.0,200.0
137,takeoff,4147.040729270679,62.17082082104876,54.84192667955291,89.8044069623134,164.15060954702906,710.521258348995,26.022688515792584,0.1512318242089944,8.832014799034171,9.993608178357265,4972.462980005337,healthy,0,0,0,0,-0.6851192827557993,0.055606026453484704,-0.01407002369003735,0.4254039326726169,-0.8242111972535433,0.4818531451814524,-0.7021760614832847,-0.029133051081840458,1.0,200.0
138,takeoff,4114.611284130907,59.18066058348641,55.05009652784951,89.83422524531844,161.2798702141171,716.0974177151825,26.013579801997004,0.15923008869226885,8.462185058211501,9.725053176355024,4908.930252851237,healthy,0,0,0,0,0.590421373933996,0.024972155521399548,-0.18167726393780334,0.5536048934705713,0.5155304013369911,-0.09165002857618215,0.3682743880488521,-0.21539695334519504,1.0,200.0
139,takeoff,4135.68474046201,58.90906984884798,54.49198981688399,90.71521832786867,159.38291932564636,715.1025655902934,25.99032585235329,0.16168456298367895,8.329233279535227,9.499139719512588,4679.690206590574,healthy,0,0,0,0,0.486323450063182,0.03864486246266145,0.24334154841461705,-0.3103021493298127,0.015670752375990523,0.11974759286938498,-0.05323605057691787,-0.21675931599120865,1.0,200.0
140,takeoff,4130.244776006384,59.23547244699908,55.25049408241586,89.85890527842008,160.66823627326016,716.3148615250146,26.101746724734305,0.1584920294432866,8.180700293655743,10.522422350046561,4832.240043202868,healthy,0,0,0,0,-0.9914905454307856,-0.42771251420375145,0.3922373702394885,0.38408465413337944,-0.11990852125920344,-0.14882856658362206,-0.2496728998386822,0.41289327941373954,1.0,200.0
141,takeoff,4137.176662614151,57.6329017912318,54.414459954783396,90.06821861713836,161.59495309487122,717.2793885990739,25.71595835467654,0.15349370846027244,8.353044701415513,10.036455211783146,4857.525594021586,healthy,0,0,0,0,-0.5642351259436472,-0.31572893378371747,0.5742031515431266,0.3743102095157121,-0.5813121276428761,-0.7715234601222961,0.3211978182758905,0.31218124749128795,1.0,200.0
142,takeoff,4104.886836434985,59.891146977224004,54.88226451364883,90.6939472528345,161.71726076789633,719.9110888811564,25.528728973593633,0.15529908488690528,8.335905157950208,10.69052788520869,4966.956447474531,healthy,0,0,0,0,0.9347516310623054,-0.9378794323184537,0.07397374569727327,-0.4355204972560974,-0.5218283666444854,-0.2163270033240336,-0.6572840534350971,-0.10180875316217408,1.0,200.0
143,takeoff,4134.239521047411,58.50017754664565,54.813538351776586,90.74548162043716,162.09090988977715,714.7271445108667,25.638834963473617,0.14532972031477312,8.521631920236953,8.737403190629822,4965.229346656392,healthy,0,0,0,0,0.5780703811769621,0.8881143677085064,0.5725477409379943,-0.46811053039421213,0.0420128896231143,0.2069112152678351,-1.0432881826640334,0.3466741641257996,1.0,200.0
144,takeoff,4136.7437067398805,58.582162806058136,55.24442578754366,90.6927757738864,163.10017240205195,715.1752087205576,25.68345615686648,0.1550080764411167,8.369633232125762,8.789763564950853,4957.219151997016,healthy,0,0,0,0,0.16763842374338095,0.03602589258476358,0.4497008200601208,-0.22565403371846526,0.700828384705732,0.07937740822384218,0.22824710325573472,-0.6607584269449653,1.0,200.0
145,takeoff,4106.641910148339,58.49336540500353,55.096052167570015,90.8527263048784,159.2916006924828,714.8581566312987,25.934957924725122,0.15429813465966616,8.479555228871986,10.108842251787197,4933.387649119891,healthy,0,0,0,0,0.2839071079451824,0.3414855018975537,-0.08042768174112555,-0.6932138646148319,-0.10696470138295512,0.3698302592935752,0.26679193293896053,0.4568648688534749,1.0,200.0
146,takeoff,4138.625160871763,55.94177932096058,54.59946253555612,90.80358128285252,161.98591352485042,717.2340858758565,25.636695856650704,0.16055745485924586,8.49269038765025,9.806565575179077,4937.711820998802,healthy,0,0,0,0,1.1326454008100286,0.3121845168752772,-0.7520367127824662,0.11214321592159715,-0.2320625092357561,-0.3325097076361971,0.23635056421603942,0.244585604450086,1.0,200.0
147,takeoff,4109.608340642124,56.79359935006079,55.031927151813235,90.31615045066921,162.0147294856668,717.4351732451876,25.646361829008615,0.15316986233979238,8.478898897087758,9.98493173583886,4851.461267967558,healthy,0,0,0,0,-0.5703702651672244,-0.013932370420044436,-0.4136628965822428,0.5647738392002151,-0.6945877617760482,0.04523957300629828,-0.3886251263966362,0.24255002207910142,1.0,200.0
148,takeoff,4111.490591321525,58.94513405459254,54.519327633704265,90.99377861111535,161.30697800737116,713.8484194283187,26.002589055879298,0.16056752670975205,8.108170227351783,9.691088720857136,4939.986142397032,healthy,0,0,0,0,-0.33632094427964454,-1.3249582074062924,0.9638729495437793,-0.32887289611080706,0.4347605366877891,0.5511484216068421,0.39936083118525445,0.09669415898581131,1.0,200.0
149,takeoff,4108.972088270755,59.08645022103882,54.473695845404094,89.29472558806263,163.51489040909743,720.4592672473976,25.846830668611435,0.17387190519716278,8.448989121046408,10.671134992978944,4692.83361899671,healthy,0,0,0,0,0.7501865879108918,0.648193360429271,-0.9843595295185819,0.27865014481202116,0.08977028809991816,0.42684053812857464,0.6599704655990447,-0.05048537785178736,1.0,200.0
150,takeoff,4125.382647612775,62.55712750045127,55.29718434733679,91.11485046227139,162.264425050967,722.4418166308794,25.67682247887734,0.16024995664994857,8.462278662597113,7.712090796873098,4613.96553879043,healthy,0,0,0,0,-0.3032906635962027,0.5158231821598425,0.5493237513334681,0.8949771518465787,0.16440585576997832,0.7206156939901082,-0.8282221654082348,-0.8521422485038997,1.0,200.0
151,takeoff,4096.48262743157,60.57263444451185,55.20027449037565,90.86761507157841,161.6718007528821,711.4427041477937,25.839879695306333,0.15498052760072276,8.658570852005633,7.8685539082172475,4966.5642099920005,healthy,0,0,0,0,0.3254987276143503,0.09382461728831588,0.053944514503395324,0.5007092308065753,0.587638238094094,0.5010126577405525,-0.41036408200495106,-0.4991321445560555,1.0,200.0
152,takeoff,4108.5663522857085,61.29875053379401,54.54938394957166,89.09258057361711,164.1807066396832,714.9695461109542,26.026324621837865,0.1592336744489882,8.32743659293584,8.2216351474453,4822.493905422521,healthy,0,0,0,0,0.3358647300883128,0.01879216518340675,-0.04549167391260894,0.029369969108628696,-0.47845470666298523,0.47050438161667446,0.09974858521881043,-0.46350695751212173,1.0,200.0
153,takeoff,4125.157184527932,59.67151071364677,55.02585807893777,89.9593912870673,162.33513269979005,717.3889003462689,26.103807602339767,0.15446886269230667,8.652370475082359,10.243118744079778,4759.220919785713,healthy,0,0,0,0,1.0276568234840173,0.4138363526765448,-0.3678240891271961,0.22646819082665223,0.011727866093360432,0.11284420313195373,-0.05337453190026047,0.23600441105815645,1.0,200.0
154,takeoff,4133.462883730098,57.89466216078038,54.483298967157886,90.04962742483355,162.43035477548375,719.317622243529,25.80586924207632,0.15598271348691425,8.695026867706034,10.570734393791415,4917.585082026984,healthy,0,0,0,0,0.22165655263808742,-0.0698562083830683,0.3652326972548862,0.2956772077224587,-0.1125755363395469,0.4701650967013839,0.8940717915145678,-0.8533777489857988,1.0,200.0
155,takeoff,4109.922788305194,60.814574131550906,55.190692821227834,89.98059825135734,162.4052843360284,720.9274008081882,26.014465032573685,0.15570283546024735,8.281853770185274,8.573900902733538,4765.654892968388,healthy,0,0,0,0,0.2809354130616815,0.23810790691183126,-0.07911230539389193,0.23764813848967434,-0.4683178095297684,0.09788660128358523,-0.8195225283382928,-0.35163136051577487,1.0,200.0
156,takeoff,4117.623770474698,58.43738168090802,54.86636740902258,90.3192291178155,162.51315537569627,713.9006524213605,25.809745491582614,0.15336131121753988,8.216425935523802,9.38270687990514,4870.384829589941,healthy,0,0,0,0,-1.0614029885218585,0.3050511905010521,-0.43799160833700745,-0.37998412426618045,-0.4839505696588455,0.8534288063400173,-0.21785956554868854,-0.12602285857457501,1.0,200.0
157,takeoff,4131.626957104505,57.3995647280764,54.5438244852877,89.23963543901162,161.41186438929486,712.4670808603781,25.727910215974664,0.14771516920908453,8.732217538980983,8.667840492010681,4751.035617527837,healthy,0,0,0,0,-0.24669783357812206,-0.6683483832091509,-0.09644802193092863,0.9400446979200437,0.5501025283328993,-0.17962963878998178,1.4856003654183736,-0.2603854582410225,1.0,200.0
158,takeoff,4163.553796099091,60.578066905781434,54.81926773508125,89.74983286926448,159.74988831274726,717.0698641609936,25.903028006411745,0.1632632313368605,8.467694229780106,8.81928493605401,4914.863492666825,healthy,0,0,0,0,0.47905481809773365,0.39790674757876326,0.5825816547211168,-0.05679840683585111,-0.3779987484677346,0.5977316084390174,0.32365071635298776,0.46576789221963655,1.0,200.0
159,takeoff,4121.630431852239,58.89993591013486,55.31051146935677,90.11889136691319,160.9114887626188,718.9732573899527,25.69619063747952,0.15530250248687494,8.473943474598194,8.698565321558103,4928.361424449979,healthy,0,0,0,0,0.6646459137948993,-0.4977185343162971,-0.25710349624654144,-0.1385021228500596,-0.34001285210372467,-0.17206760297280427,-0.1691466337411089,0.5063726610962974,1.0,200.0
160,takeoff,4101.958128577137,58.35248340082814,54.714409794113365,90.29041280297123,161.37276070194483,718.5164821046833,24.999323542039477,0.15816344046188271,8.4714395113737,9.566109163482432,4781.668859847156,healthy,0,0,0,0,-0.7639174217786725,-0.1164798675963039,-0.17908630639131962,0.7007517657149551,-0.8182113797150589,0.6508146245519887,0.18968954478327946,0.02297384021682308,1.0,200.0
161,takeoff,4121.541177014993,57.4680413678963,55.0233851177147,90.21515937938304,161.15300484301983,715.448578373968,25.840598569649423,0.15126602082842294,8.418311869240839,9.114340722011505,4773.550571037303,healthy,0,0,0,0,0.04428400056540379,0.45862764328631295,0.6314588833025588,-0.41863287061482285,0.5919029790546706,-0.311882326253715,0.35226952071668943,0.21437187778319905,1.0,200.0
162,takeoff,4100.340994613031,61.883456026909364,55.36349346658752,88.61858413412737,163.68550771686748,717.9485771323767,26.179251422738318,0.16672627835804538,8.759027154223187,6.754556466423578,4935.889727374483,healthy,0,0,0,0,-0.258946851234238,0.21065909843745717,0.9225840651801683,0.5278974403285643,-0.22526830799374967,0.26722146533819974,-0.15748508990609153,0.2784980390760381,1.0,200.0
163,takeoff,4096.85297935772,61.205766280146456,53.68119233062329,90.78047403439655,162.0557030301332,714.125353565943,26.183306607184257,0.1490201978368118,8.289683268753047,9.549821360650807,4806.534520175953,healthy,0,0,0,0,-0.22029949524707493,-0.08600300162288506,-0.5828287643006466,0.23300754657821218,-0.44517085642093657,-0.32085427626368096,0.9634049326780314,-0.3560583826332643,1.0,200.0
164,takeoff,4113.649976549541,57.663113827830564,54.57331157704531,90.83729133438162,162.56102448491572,715.1828648002632,25.718602695765,0.1484402795542406,8.414817591787646,9.403096574527915,4747.543444670007,healthy,0,0,0,0,-0.15835573747151452,-1.2847236951990157,0.2585599090049202,0.07971133395813522,-0.004536838086850327,0.045098616946198704,-0.3092372967175148,0.9076780293040493,1.0,200.0
165,takeoff,4099.550433646212,58.28643017751813,54.82043805132581,89.95661283344221,161.1897706119965,713.3812472595915,25.598566809091604,0.1525508150256132,8.422902935986858,9.176132473368412,4874.660993900356,healthy,0,0,0,0,-0.46962157747046823,-0.5057593638033124,0.5336141217074433,-0.05705754136433707,-0.007292441130380632,0.034381991365361214,-0.30229696604174233,0.43529560017837166,1.0,200.0
166,takeoff,4125.341439011836,59.00518893441051,55.05512556155464,90.80077585854775,163.03630949995878,714.2995555567512,25.834482537089414,0.1607101680609685,8.089174612244422,8.521798769681597,4678.697797660778,healthy,0,0,0,0,0.36887749417459126,0.3188058782413626,-0.026087683572700197,-0.4193829602531583,0.5703724532966248,0.35399243097387517,0.28164831340226326,-0.7480193572876277,1.0,200.0
167,takeoff,4107.490547599592,60.73011311803724,54.541349239262914,90.46025207046888,163.1188345903338,717.0179935952661,25.724443743525416,0.14883730967904202,8.48118116174874,10.472833771804632,4782.847919765633,healthy,0,0,0,0,-0.14731334867665252,-0.015368361546671497,-0.24572230099517595,0.675269659351823,0.05542983900621735,-0.9795434111193518,0.5951983055140295,0.500897908777513,1.0,200.0
168,takeoff,4092.9039187758726,57.730771740897836,54.769105501545575,91.85687620947698,160.41539393503336,716.538140308781,25.578372174364272,0.1608212446262045,8.669876089150776,9.265570448918787,4850.470904436713,healthy,0,0,0,0,-0.06688000130414778,0.33796950151455063,0.5246352813534348,-0.1975544447238815,-0.17160442730249517,0.23711487505757842,-0.6310010610620701,-0.3002969938032871,1.0,200.0
169,takeoff,4111.03006203572,56.08424899778502,54.28554670362914,91.0116829961552,161.58950251471248,713.7131952342904,26.193370915776356,0.15443202435897552,8.713396538350496,9.955246032872088,4810.434127837248,healthy,0,0,0,0,0.16557749158791563,0.06347285584277139,0.15689493676372315,-0.07403655797814879,0.49811571514256103,0.6760101693893017,0.08097179609315974,0.04930845928450605,1.0,200.0
170,takeoff,4102.7278060445,58.59342991699463,54.530232404282685,90.56649596086865,161.81997605202397,718.7994198838367,25.906485439966016,0.15113327020123749,8.350880879472513,9.126603455357241,4959.289097394756,healthy,0,0,0,0,-0.5218723761153822,0.71290429228225,0.2291906432337298,-0.6584066989795534,0.848166291614852,-0.2687000956230874,-0.05448597236371853,0.2546633162150593,1.0,200.0
171,takeoff,4097.682728740927,59.46866458408185,55.291119471138835,90.02094175587064,162.05943056122123,712.4108876449635,25.595009567846095,0.1513619124606278,8.401814004644367,9.692699651128995,4782.674838677674,healthy,0,0,0,0,0.3455433722841833,0.09514678046388406,0.3938287714854728,-0.36469302709720364,-1.0730945403162933,-0.3006611752673392,0.2081619733664499,1.0306634244525998,1.0,200.0
172,takeoff,4102.061538562235,58.64940129681863,55.03073153565402,89.46500836691403,161.24845349174026,720.3713835901854,26.090893138675543,0.16622656447594014,8.870714151036475,9.36914506597847,4925.387796141351,healthy,0,0,0,0,-0.11067103624638873,0.04179193277131152,-0.6459535118807307,-0.3414532054669737,-0.07683192684890762,-0.01010484347146953,0.14491648830800907,0.8792010266025153,1.0,200.0
173,takeoff,4138.7966190907955,61.37096424530441,55.373450090701596,90.1660886609439,163.3729082480056,715.6509235722148,25.89241334557663,0.1668012590584082,8.804173155066458,8.776870041498803,4856.482173358206,healthy,0,0,0,0,-0.9157976151552671,0.7889621519590742,0.689741668553644,0.16358443676038265,0.7972198097606871,0.6374519194535061,-0.028183592989655296,0.6673014027439546,1.0,200.0
174,takeoff,4106.050670667645,58.158275691686825,53.954308979194856,90.40825425155971,159.8769865023191,721.3669335586999,25.773770901416192,0.15364504323558076,8.467528887913968,9.127873305752933,5032.465366079304,healthy,0,0,0,0,-0.5258841842431924,-0.7265826005664338,0.10774452440947076,-1.1332631430699245,-0.2424820669650265,-0.10296342468136611,-1.052788760159289,0.0006494691887635773,1.0,200.0
175,takeoff,4139.496270334666,56.83828653522697,54.50722361953919,90.33853037879089,160.9974049887398,720.9910348800884,25.987962296779926,0.1453271246069787,8.559823790198765,12.147287840486623,4808.116000745901,healthy,0,0,0,0,0.054149140194894904,0.11113070600428664,0.21894338846666303,0.1405805588039732,0.4047709461273585,0.38460814659706694,0.013518394121499914,0.35366178758131717,1.0,200.0
176,takeoff,4149.702550431765,55.369217150455555,54.45963781853671,90.4687618517014,163.0905331241906,719.7452020370314,25.469528647810208,0.1483482084314074,8.378856969139894,9.82898465342183,4967.02551864194,healthy,0,0,0,0,-0.515878266105168,0.03162024543570247,-0.20950048110770694,-1.0010183709526745,1.0172630869958714,0.032144892650278374,-0.6517894886761134,-0.05793648188028633,1.0,200.0
177,takeoff,4096.239710213705,57.96599457707078,54.35059384903062,90.26812984370157,161.50184057744872,713.8685508211172,25.86663535602621,0.1483218600993782,8.531429334380192,9.8579881154563,4841.151889107596,healthy,0,0,0,0,1.0794859372652683,-0.06010914327517223,-0.6218314474532899,0.027334825854135082,-0.5479255087997587,-0.4935372331809601,-0.11194471173418113,-0.12775801400222056,1.0,200.0
178,takeoff,4165.090151377988,59.64536112767276,54.52838960831896,90.94629894862811,163.46988244159485,713.0671228177973,25.858407763658466,0.15417189380668847,8.307205016310006,8.849897529407674,4974.299664790704,healthy,0,0,0,0,0.18339914869897367,-0.19883635478917114,0.9856362853038874,-0.04672415619776444,-0.40261081860383663,0.01999424736673652,-0.052946311770735895,0.09020577379718124,1.0,200.0
179,takeoff,4122.210166633341,55.55256241228161,54.04677043350822,89.55809782115332,162.68162476351873,713.5833312532835,25.78311840232298,0.15258238341606248,8.554477380562764,7.750779944276695,5041.253286612825,healthy,0,0,0,0,0.455691665653788,-0.06469194127194312,0.992741004953782,-0.9066087623595673,0.7163705735080408,0.3637147309242182,-0.044089370775772546,0.13231078113690223,1.0,200.0
180,cruise,4146.367798362666,60.21408673197345,55.44165587858968,90.31949427660304,163.29753603062045,716.195798483714,25.547473522848524,0.15703234095109664,8.678558995896289,7.963173241482467,4784.384439778968,healthy,0,0,0,0,-0.09223978833954509,1.130997903645094,-0.31162143320601904,0.020766987998318328,0.3414519221302184,-0.3550727759605727,-0.7161697537460308,-0.42029228745961106,1.0,200.0
181,cruise,4111.1893980488385,58.663416057867245,54.99064332722782,90.34162101544315,160.794768321935,716.6910257788654,25.88466745971173,0.16223882832728415,8.674285275932876,8.973281247794366,4949.308790508456,healthy,0,0,0,0,0.6001894825865239,-0.22806406144833724,0.725653962682232,-0.765963108767302,0.5042497589061344,-1.479956836371176,-0.8896707359085119,0.31330302562850965,1.0,200.0
182,cruise,4125.079292077277,61.62977829461837,54.48866240135036,90.26347217042847,162.40418589237768,717.958326089988,26.010747361042394,0.15066256860613178,8.418961071260663,11.45606848571483,4807.744023693818,healthy,0,0,0,0,-0.26758612068204735,-0.4679537125592031,-0.3640306176125736,-0.0006153734650379007,0.589682095938915,0.06167392342210964,0.12526174521990005,-0.037444988217674724,1.0,200.0
183,cruise,4125.462603757239,58.81970602185784,54.79895240743499,90.58079908074323,163.382805686016,720.5782789939713,26.189507819801328,0.1568175918339883,8.525841813326943,8.95313553912066,4774.311091352076,healthy,0,0,0,0,-0.7119617763243958,-0.8180789160272763,-0.6624348781409604,-0.339068608847057,0.07569049805907378,0.43318232735827855,-0.040196182513835034,0.49448775610702,1.0,200.0
184,cruise,4119.582630616264,57.52764519039229,54.50666528234128,90.37094686207011,162.76377805766617,719.7548531130961,25.584252289878762,0.14993171055088958,8.54619128740491,8.716606042613742,4783.667128967321,healthy,0,0,0,0,-0.1115284896665198,0.4172737431768529,0.13111573895064027,0.5831412609091992,0.6119472901831435,-0.028300987113150704,-0.3140944474463252,-0.2634970651623059,1.0,200.0
185,cruise,4126.2036587845005,58.21271727756052,54.17223601707669,89.36348485135521,162.74094980976497,716.0221983425379,25.679608488503668,0.1538942008888831,8.343502268710553,9.818649754898379,4760.89229403199,healthy,0,0,0,0,-0.40422367852406094,-0.07895252384105413,0.6111691052259829,0.1767665312777467,-0.18052331200137803,-0.015499781506842067,0.3064855186845599,-0.5514202755626625,1.0,200.0
186,cruise,4115.835681904722,55.914365149249804,54.647996205368514,90.17583108245769,161.8309291771705,715.7073631781818,25.847449411156795,0.15061961702272766,8.76783018190256,9.254061465413908,4779.354913734703,healthy,0,0,0,0,-0.16769082804779317,0.12984764917993533,0.5976775436363685,0.13830477426441246,0.2328237151923925,0.8755820730529641,0.7841900836430087,0.6381993262304492,1.0,200.0
187,cruise,4121.385142459848,58.435683993609516,54.18761650265258,90.70316779298437,163.71968550413314,718.3165274719473,25.7054323614495,0.1550966422501495,8.119865696986917,9.025228703599472,4959.250847849592,healthy,0,0,0,0,0.39654423746112527,-0.9862307291721165,0.5239913757104862,-0.5783973353700744,0.1386410931852744,-0.49201548683995394,-1.3161675219472857,-0.9455647078832018,1.0,200.0
188,cruise,4077.7820630522283,61.37881737871661,55.408360355597594,89.77340969587378,161.4115581543275,718.1034752358763,26.14869453824947,0.16204199754564994,8.513052634410688,8.49893517989058,4865.7834439054295,healthy,0,0,0,0,0.22578368647157745,0.49035070451211377,-0.1922357916269617,0.5239138583781464,-0.05090066648330016,0.1010186001232153,-0.5651044780529385,0.11037589792438803,1.0,200.0
189,cruise,4133.1204308378465,58.47333933499367,54.73031804628767,90.54286019186922,162.18876147150752,718.3560784432991,25.8576182830511,0.15261034372468052,8.522071782454354,7.600073657008835,4859.946445672149,healthy,0,0,0,0,0.2555641008585507,-0.04897546751832492,0.581064919806658,0.448964881030362,-0.5090838081566822,-0.21177540460260097,0.41982675241936845,0.3050200300414946,1.0,200.0
190,cruise,4115.211580749893,60.97751477908626,55.566922626805116,90.21378534869694,162.34714664157028,715.238910914089,25.95006035503753,0.15613572668936113,8.597367072080552,9.674863412163935,4997.548733261427,healthy,0,0,0,0,-0.188421291291776,-0.562400104174372,-0.5109199980117934,-0.06764656209020252,-0.18186270673654106,0.10619989315979676,-0.28858521844055235,0.2674586932810377,1.0,200.0
191,cruise,4096.206675070042,56.336369060163996,54.50176909278532,89.86694767195439,160.87080940382398,718.3855165367213,26.04446057373912,0.1600950980827638,8.382532633273192,6.678565892164306,4987.48662349714,healthy,0,0,0,0,0.14743678538730326,-0.5092987559078747,-0.8384310853057346,-0.632424977203585,-0.13583145041567093,0.011668115691204073,-0.0347174444446071,-0.028822381213017813,1.0,200.0
192,cruise,4112.9184897107625,59.065159446815585,54.99155252581607,89.3954666452494,162.12769133512109,714.4787280733409,25.829696845752483,0.15682534333105255,8.629275657391126,10.97688452916016,4741.671166983863,healthy,0,0,0,0,0.6610950577506974,-0.12158594229875112,-0.3329391091078981,-0.2754586244166512,-0.14294820154908106,0.19305884107183183,-0.23944059653033273,0.11885396407527031,1.0,200.0
193,cruise,4105.282748076453,57.27515605694031,55.12665474718607,89.54947372535206,161.1900959834073,722.6158718644209,25.948469546014337,0.16297479917227597,8.85440749580128,9.920676252055042,4906.301079258468,healthy,0,0,0,0,-0.10897319260879743,0.3529232721170983,0.6043689477212821,0.06462603878097664,0.003272608803447261,-0.40320380497932273,0.08891537587562029,0.06412573151466325,1.0,200.0
194,cruise,4141.07493128233,59.90661802490816,55.14592979883604,90.19195576502965,160.57039394057642,712.982022141271,26.08101003106658,0.14648696723033702,8.45676803726576,9.638253271678037,4842.815033484329,healthy,0,0,0,0,0.4500602481129048,0.195554275817323,-0.6050592231266038,-0.283881504576153,0.6091193285391584,-0.3546100883849438,0.46173864655488184,-0.4974124354589905,1.0,200.0
195,cruise,4133.6486113953915,57.42594554053022,55.618385547945486,89.7816366066759,162.29532159123337,713.3978188922423,26.022392336541813,0.15597061591085273,8.602984106208975,9.505702514262307,4895.283238571119,healthy,0,0,0,0,0.07941949406938215,0.07273720479944237,0.17554462007867364,0.25294220022021013,-0.06683985794149006,0.1365283335380693,-0.363891682251546,0.13302741413751246,1.0,200.0
196,cruise,4117.862906407178,59.70143027075809,55.3450932513197,90.98196953804289,161.19124265437506,714.8597750437029,25.475589846159995,0.15600302812158884,8.737073870444805,10.067767313976706,4789.814058185777,healthy,0,0,0,0,-0.35059775563322154,0.16686334799155036,-0.6627563061219566,0.873026060696076,-0.28981814169332976,0.016173856901342095,0.48712280911604994,-0.37920985398993984,1.0,200.0
197,cruise,4087.8320594162983,62.19132155674005,54.86971269699947,90.8787832026229,159.7580962920839,719.4828838230741,25.89061690805669,0.16093431491787702,8.284276232514964,8.777579728652078,4790.869922755537,healthy,0,0,0,0,0.27862166271199684,-0.30511777715137794,0.27235782982263185,0.5635787087815071,0.21049117765696881,-0.17518790556081112,-0.562085423447138,-0.20482455753680318,1.0,200.0
198,cruise,4098.968404938171,59.31426611446539,54.386729980634385,90.91102611805735,163.12320231132088,709.8382091161143,25.88719500450807,0.16236240455559062,8.389596724922104,8.210220047781197,4951.931075630296,healthy,0,0,0,0,-0.13251149011776997,0.06823848650826761,-0.10957735137061375,0.11172287014667966,0.8117070068181204,-0.37594668752414256,-0.7418039442112955,1.0726824294602286,1.0,200.0
199,cruise,4096.551262491588,61.34569357444593,54.57133940351649,90.44125353900687,160.11501964914288,714.5068092296456,25.941436064226522,0.16386625972804247,8.397580654700908,8.705938400030728,4870.1580251473315,healthy,0,0,0,0,0.3612061943138453,0.04436690291859385,-0.4459713047257299,0.24081301965091745,-0.24472108421985908,0.3647119545615791,0.5770154728275813,-0.13294212316960047,1.0,200.0
200,cruise,4111.010221328282,59.95209472536409,54.459211874138624,89.7170533591404,165.5723994663726,718.4861420936803,25.503563125671064,0.14359752772212822,8.442456613461873,9.823747122709308,4696.1883286006805,healthy,0,0,0,0,-1.0688447921205102,0.3839931235265726,-0.4207537630467327,0.1629719639203012,-0.319089205337977,-1.235202670728404,0.6234877722201791,-0.4797624447140013,1.0,200.0
201,cruise,4125.133431167404,55.665629642746296,55.51365664898682,90.34611003406972,161.5951156714725,718.6544254502904,26.057373105618456,0.1551284926699025,8.4169500802743,6.521691860235563,4808.373749961573,healthy,0,0,0,0,0.2034942682062415,-0.37008915764640765,-0.41929216839377925,0.23750234936631762,-0.4214560460905302,0.6163570160085862,0.19121232628614676,-0.2507741330790798,1.0,200.0
202,cruise,4144.207257093318,60.465651890947406,54.330998742162386,88.7636917007552,161.9905975823663,712.4391132206704,25.794178680975147,0.15039125745574602,8.27937556287661,8.075899810864385,4868.115714463008,healthy,0,0,0,0,-1.2836806788513457,-0.05571178345004264,-0.5074923224780429,0.16295019379173648,0.03183682659031356,-0.06458046492883174,-0.006186225479977784,0.46809524232768557,1.0,200.0
203,cruise,4076.018298004903,60.52891113009748,54.41641458762457,90.54682623161291,162.76978994188042,721.5578192513209,25.961623703678068,0.15839179048369018,8.46130791289656,10.266572639825627,4773.740695798394,healthy,0,0,0,0,0.4050401213468626,-0.33485145842271696,-0.07737719259987452,0.754646782875749,-0.6796568690322005,0.02234373633248363,0.5246402512221027,0.40247099649126117,1.0,200.0
204,cruise,4090.092556631174,62.690891682539494,55.09474891718324,90.92900566822023,161.65281268686834,715.0324845626624,25.76228158510729,0.14895324896840165,8.585664297439186,8.395775352604428,4796.594149469004,healthy,0,0,0,0,-0.4258051181090857,-0.489267874277024,0.5347837782702176,0.0061776250500994645,-0.7342777656343867,-0.27987609420072057,0.11997001603735677,0.009736975395776313,1.0,200.0
205,cruise,4104.508843495567,60.48152326508482,54.79953841727847,90.0743756644672,159.07617120600568,716.5344813774053,25.87883438290764,0.15803613930758362,8.363718679430935,10.488956852488414,4862.575202033133,healthy,0,0,0,0,-0.071553151375212,0.24243682849031103,0.005682457768454576,1.270326820431601,0.33534727554540206,0.07328057483573903,-0.06641262024765356,0.20957732446287589,1.0,200.0
206,cruise,4086.909936147778,57.1367036801133,54.2487784910766,90.21558737387359,160.73212567874117,712.7380272849016,25.910638371469023,0.1606905582589241,8.67376996529365,7.97212342560631,4907.553164841575,healthy,0,0,0,0,-0.8120027168186917,-0.053247791622230055,-0.3153791399036117,-0.8921696857665157,-0.4879844758617987,0.05302478125035092,-0.445890962095744,0.06943922869675319,1.0,200.0
207,cruise,4127.139652482645,58.01029208445847,55.143607164054934,89.53928737323837,161.29378002512385,713.7860922819563,25.72115487530625,0.15770957624932874,8.251970952844387,8.593314288630227,4866.420391277642,healthy,0,0,0,0,0.34003144414722625,-0.4737126394258957,-0.5988039034929169,0.3230163651176742,0.4764231485714009,-0.6750721634667733,-0.06407244268316191,-0.06956270407758083,1.0,200.0
208,cruise,4126.519891172166,58.79637365071363,55.21116480982416,90.68640035372074,162.19487055170606,715.8404247352087,25.72561387100853,0.15081086651001877,8.759576810282258,7.703343867689087,4815.280323766713,healthy,0,0,0,0,0.40609046633785645,-0.16638911489872008,-0.2427402170419082,-0.02029238967444427,-0.2747666260465376,-0.28743664360310517,0.5294359072230004,0.4633849345738331,1.0,200.0
209,cruise,4117.86497847313,55.49352027401963,55.84197855233596,91.19321100598442,162.66615213441298,718.4167585327259,26.217782723169552,0.16262424615248156,8.335688458020112,7.481888911487571,4774.731135623637,healthy,0,0,0,0,-0.13234524818017934,-0.14823638944807963,-0.6859813849105619,-0.3489900013141765,-0.4590907699134744,0.29616347731490483,-0.6403004258643102,-0.33903243274184686,1.0,200.0
210,cruise,4117.243743030394,58.96437492957166,55.20004291175966,90.42582288550138,161.3605819360889,716.6971594685826,25.858635691280615,0.15239329753778164,8.222155152037992,8.569583720717311,4876.583845348961,healthy,0,0,0,0,0.14957432189004766,0.5281782658514921,-0.20841763547453007,0.14776443246622947,0.2031979563804931,-0.03930922347570732,0.019246085427574625,-0.07625323025419022,1.0,200.0
211,cruise,4121.1877513878935,60.44227825909419,55.34025136922003,90.14136190189771,161.1660375860654,717.6382820632815,25.88840290844428,0.1575731300160279,8.635990621927343,8.706512748963622,4783.308830605408,healthy,0,0,0,0,-0.38774413649069306,0.47813775176718365,-0.5739542588665285,-0.272838390139034,0.9123772249446943,-0.9189684039303855,-0.42288657029226684,-0.23150890222598036,1.0,200.0
212,cruise,4105.946300898825,58.98437272159719,55.75996649009466,90.19503891801409,162.98147324179828,714.6370270308863,25.13444056969234,0.15010883627468533,8.569341052576974,7.668304334385777,4865.700580756031,healthy,0,0,0,0,0.831929526183547,-0.27251436717833605,0.8356053736029422,-0.23191464410229895,-0.3548009497339674,0.7861587522533307,0.48870108285305336,-0.061339185128103366,1.0,200.0
213,cruise,4087.6654844499994,58.605869113809355,54.75511022079773,91.81370596697107,161.97997768368592,718.2656798955683,25.896860378343035,0.150601708601488,8.512336724733414,9.48931658424415,4856.266826491809,healthy,0,0,0,0,0.15833907125036803,0.4654175475928826,0.25714286357760374,-0.10626230291886554,0.5437548452730864,0.13208305267550277,-0.006217485442393294,-0.4770925669151838,1.0,200.0
214,cruise,4129.318220698007,60.59224965044179,54.103966566908454,89.74216820156104,159.91792998157095,716.3670173099023,26.095784807933384,0.15832980625052473,8.386657442966662,8.090657227123566,4804.973652383863,healthy,0,0,0,0,-0.7535832249569533,1.103255546712549,-0.3621663908102888,-0.13137450370095918,-0.01828159765006454,1.2308571025591195,-0.48702315603405294,-0.42540531418342814,1.0,200.0
215,cruise,4094.3988787089597,58.788188547133224,54.08634399904611,90.57807727981994,160.2669182941789,718.2303089218682,25.789332194367717,0.1610362455412625,8.283934347629954,8.520532255934171,4945.0120959910755,healthy,0,0,0,0,0.4082662011500464,-0.12230260745758731,0.8362284856889618,-0.6272092691922497,0.20063832368394602,0.6999634263357668,-0.39027357263332313,0.2987274369556509,1.0,200.0
216,cruise,4095.461738638477,61.85089849760871,54.74223457815702,90.6034073943655,161.54790615435076,718.2696075107971,25.760298655397126,0.15078683247502572,8.493254532268669,9.611942985731867,4838.544677884731,healthy,0,0,0,0,0.4732201475564374,-0.4392550363264547,-0.16935386424312335,-0.20117420624438107,0.11639127481415812,-0.7741469680733892,-0.5274700277329502,0.22749290496565155,1.0,200.0
217,cruise,4069.9915338258807,56.147194066313475,55.15830227286827,91.21253744383918,160.42827022233135,720.1904023282568,26.420937240089838,0.1640560096165515,8.49312505906098,9.132057584513392,4754.901514748169,healthy,0,0,0,0,0.3882746676087721,1.0332855615069627,-0.03606212918111057,-0.23056721020418397,-0.2337085496523471,0.34237689853010944,-0.3611762045513544,0.499562560364516,1.0,200.0
218,cruise,4074.9572211368495,61.30351133097413,54.47131658645772,90.29400375671233,162.27047068085676,717.995322255426,25.965772688513486,0.15480397757481995,8.579643169202077,8.490141171507673,4791.653066412305,healthy,0,0,0,0,-0.17185834699481928,-0.20793811694927117,0.05151182640450999,-0.35713874126856354,0.12119176662396478,0.017760148994746875,0.07275522151617086,-0.6514040769548977,1.0,200.0
219,cruise,4137.5016274395475,54.9967830029994,55.58398918462419,88.80078942492572,160.9690212230859,717.8772875688267,25.640954997639493,0.1655339543106988,8.82073295661376,6.51609331926012,4911.158555259512,healthy,0,0,0,0,0.5047945920233479,0.4143409441259739,-0.42688494570090635,-0.6640777900783996,0.2847482692425907,0.4766904290371257,-0.0916167824497684,0.4511326441214612,1.0,200.0
220,cruise,4115.404418913371,57.3103375665093,54.84814328540939,89.98398692501145,163.85642080162205,717.3722121096304,25.94466202732301,0.15077440329089076,8.30406748607872,9.166484054181627,5004.838984225099,healthy,0,0,0,0,0.37130134572236995,0.3566574202526502,0.3510781712819861,-0.13683659950288665,1.0297975608878265,0.39600245841855636,-0.4654256617659416,0.26110826937728276,1.0,200.0
221,cruise,4142.503734585673,60.53119649949678,55.45014174450749,90.22721876357097,162.9670587894198,715.5930467590223,25.479912122794282,0.15369312358253712,8.416675921570853,8.054975303298718,4842.802001000995,healthy,0,0,0,0,0.37730223932992435,-0.06569874754792414,0.9046357597040356,0.2310763635727066,-0.1279253170302775,-0.43611023317967407,0.462033191167677,-0.5008813180046462,1.0,200.0
222,cruise,4118.170098744402,63.24804769287429,55.462981480113875,90.58523822126551,161.38473492982473,713.8178328611912,26.05390513954061,0.14859211355182647,8.317663998434552,8.452010414174595,4900.8683940098035,healthy,0,0,0,0,0.2635279565492592,0.038583527946517565,0.30321782613295056,0.18875736397602114,-0.4326521795485691,0.6157420326403372,-0.11060037064445057,1.13588755786702,1.0,200.0
223,cruise,4103.457256028758,53.262569793938866,54.77161558967743,90.4094167804123,161.24151945778559,715.6028889656085,25.80908236469875,0.1516176658463507,8.536933470630087,10.790617882936443,4753.422811634398,healthy,0,0,0,0,-0.45499002253823756,0.4875244635035176,0.192888459810968,0.16280048004532016,0.040441672984710575,0.4475589921391454,-0.8213440602124562,-1.002760945104766,1.0,200.0
224,cruise,4102.583151672897,58.64511548674739,55.094677762475335,90.04744805383562,162.5420032742462,713.71195504138,25.885349817652312,0.16434088516306933,8.255053802968071,10.278248950715774,4795.899945555739,healthy,0,0,0,0,0.8743011741028822,-0.08736523249489507,1.1716321629044308,-0.07439308891742233,0.4689806370629671,-0.8825056079491814,-0.23902637001970714,-0.3978189793959501,1.0,200.0
225,cruise,4088.4171387340134,60.56768566860111,54.52143115389696,89.28276050758433,162.0310166204122,714.3568487492483,25.850069049316197,0.15082877833577382,8.76099548427808,8.655876215653405,4827.444429988314,healthy,0,0,0,0,0.5297339056453545,0.07503465946780696,0.2720190838208337,0.793787185350512,-0.24620027268783062,-0.2040961983149538,-0.0545881074227717,-0.13422366227803748,1.0,200.0
226,cruise,4100.807037878997,58.15135660473304,54.46738871393049,90.12016138441238,161.19620518289048,720.533240263443,25.504824427180697,0.14462496041801162,8.462259881998799,8.756046373566964,4858.663308624435,healthy,0,0,0,0,0.6165289990850207,-0.2573772717132663,0.4946980945509143,-0.693713903339303,-0.46073263896032807,0.05976625022995121,-0.3292187791225301,0.10495312352999894,1.0,200.0
227,cruise,4117.721910043592,55.99613485491553,55.53375039060858,90.08302759334099,160.81262012724744,715.6188825033882,25.31939924987908,0.14608194320970638,8.406728032256499,9.75742106351839,4971.212651310283,healthy,0,0,0,0,0.5223004721100715,0.3604523932507571,0.15742478837231255,-0.28894293889366585,-0.4666424844440996,-0.5350778999594967,0.5250992858371326,0.394553354819814,1.0,200.0
228,cruise,4108.790891058593,60.40488506674495,55.01677036896993,90.93164913963301,162.64885550071412,714.98730389624,26.110498430504624,0.15767213880484876,8.470193778858789,8.884161447649005,4797.667497965304,healthy,0,0,0,0,0.039828704782625506,0.07204789143250431,-0.20445045117555477,0.2567950454373846,1.2769293791140641,0.47821318025765563,0.3648689984605766,0.06895363693137854,1.0,200.0
229,cruise,4120.1904215833865,58.823972355269134,54.958438455323936,91.27957312269811,164.360338132751,714.4692667327106,25.974642242151607,0.1605275287193378,8.871009407333512,10.021663718387277,4996.600777778274,healthy,0,0,0,0,-0.1654916034800096,0.0629160029082115,0.22743411646261105,-0.7663578198809683,0.25902128226895266,0.6691668273381556,0.11972883159759773,0.293327742098345,1.0,200.0
230,cruise,4094.5800724180526,55.969570758100794,54.85449218856788,90.70610890804981,160.5433347409094,717.960783641275,25.673828158139845,0.1676772352312127,8.286338788531598,7.929869333543895,4759.248493570911,healthy,0,0,0,0,-0.18414382548573513,0.19908926412781222,0.020696555523302847,-0.6321500342423785,0.7566703073392304,-0.33129111746119627,0.3343369948126733,-0.8781004705412385,1.0,200.0
231,cruise,4094.2067803115237,62.14775612379929,54.5678816812261,89.94068122513318,159.8815176121336,720.4966074884663,25.8551173576159,0.15011202445515426,8.419702387975633,8.838766468290167,4910.955469690612,healthy,0,0,0,0,1.4769944899030494,0.02703423777840102,-0.14938412100753107,-0.15636513226867033,-0.08814478239393377,0.16527878649482677,-0.705671495172459,-0.45296543800050887,1.0,200.0
232,cruise,4124.956435156382,60.61708291263024,54.75224975835804,91.25167143371664,162.074358144011,710.8992348757034,26.041504314761738,0.15568337623917528,8.277069733401865,7.756868886481442,4860.985619237095,healthy,0,0,0,0,-0.20979805761239073,0.23832692752786505,0.2069822873086965,0.3278212110198512,-1.1188182178122388,-0.5190029646864103,0.0935820633853447,-1.1794089091735,1.0,200.0
233,cruise,4120.467947050823,64.02855300198408,54.537163913049824,90.18040445081283,162.03280381072236,719.5260938656372,25.967566437770962,0.1478612549835156,8.653075910888347,8.861428790474813,4839.361861856192,healthy,0,0,0,0,-0.436635077383144,-0.1257982925465154,-0.768346738061668,-0.003386863955431357,0.3165340162469699,0.3370114253237068,0.5088961445134543,-0.2927092314082199,1.0,200.0
234,cruise,4092.8183515885785,55.16252776565618,54.26826962007075,90.53453080711564,164.1844304098035,715.8954102902711,25.67298391353208,0.16724143929016339,8.769390241000139,9.798228052848856,4613.862722345425,healthy,0,0,0,0,0.07640639791610464,0.13099164681502012,-0.8363955512375775,0.4554759976732303,0.24556628324811827,0.5472550891037317,0.3652443215794032,-0.3596132298471947,1.0,200.0
235,cruise,4062.774051070054,60.01639735252735,55.146857520673926,90.60628493379468,161.19599821156348,720.0552849745757,25.80306136101221,0.16185818240442904,8.400787428430872,10.003103961858368,4797.341649955454,healthy,0,0,0,0,1.154320537975912,0.5799265490111671,-0.8209203406323303,0.5299823858701315,0.8005662766197951,0.41028621469812154,0.16059898546220402,0.6944939282378177,1.0,200.0
236,cruise,4100.782368295896,60.73618134350718,55.002077125575525,89.84807645316349,160.16177657432132,714.3746099060244,25.810182846039236,0.16266330019445285,8.311256415976535,8.189993251394556,4822.173581751268,healthy,0,0,0,0,0.30335074886689095,-0.2335190359964078,0.08835458336923659,-0.2787867183603846,-0.41443299198677847,0.17355492913282916,0.07326303641570536,0.5317280870499701,1.0,200.0
237,cruise,4085.6819889766207,56.61291953048185,54.76307585606814,90.50008370932858,162.0543339885889,715.1674276420944,25.939588961706388,0.13944911509841773,8.268881244465243,9.48882895834955,4766.95879012537,healthy,0,0,0,0,-0.039606686911893736,-0.9438806272805161,0.08850285590702152,0.17411821011929682,0.20819424818737947,-0.41739599104318964,-0.17095243734547563,0.362532905805977,1.0,200.0
238,cruise,4132.9832458229785,57.534876255176684,55.42237371830606,89.97049247576496,161.64080276946444,711.8199144305001,25.46708120588794,0.14609217137881247,8.275531028628247,8.661306506767344,4850.9422234078165,healthy,0,0,0,0,-0.3253853669469248,-0.29480692706330075,-0.866985510195125,0.19802812068983136,0.5486642822864017,0.7895289262828321,-0.45375735640654125,-0.5339610895976067,1.0,200.0
239,cruise,4105.529411582398,62.195968425803365,55.38121106460853,90.7672300430659,161.49945570733308,719.755448013425,26.302872193794638,0.15378609741215435,8.259140333092063,8.416050522237047,4912.94069899851,healthy,0,0,0,0,-0.43250112415473946,0.3296459077242385,0.15256938857297506,0.15595935618650583,0.7235224591907726,-0.14893287584387152,-0.38522016545582116,-0.2567494989726877,1.0,200.0
240,cruise,4120.242098997083,58.942048953280484,53.58080444049735,89.67096021564814,159.97033127897666,714.5733281778879,25.86967740340087,0.1634756748697516,8.799644087456608,8.164705699486273,4864.944131011476,healthy,0,0,0,0,-0.29277108985557815,0.22393835122692948,-0.036214667392527135,-0.18677671308558735,-0.9416685120959519,0.5407609257566457,-0.7640468016389685,1.0388224867820786,1.0,200.0
241,cruise,4094.9468690161007,58.07666890491689,54.4393836767823,90.2367763435674,161.01574016668926,714.2450971856055,25.944594497604502,0.16043620187765367,8.922271980808732,9.520020717907139,5077.451055531566,healthy,0,0,0,0,1.0036487383603392,-1.1129553926136024,-0.35359195009381295,1.1918637293570147,0.552544804507411,0.3976501588671068,0.254987491211636,-0.3972593381445042,1.0,200.0
242,cruise,4091.226231760621,61.55944541421519,54.09300772891705,90.41541547759157,164.18305341689987,714.7634169328794,25.61193481950837,0.15644055195273324,8.612942474513881,7.282672230370799,4882.539018428989,healthy,0,0,0,0,-0.4565346305909826,0.1992325228068313,0.1021562865699618,-0.15448149765141378,-0.7008327239905637,-0.2521707805749185,0.2665708857639436,-0.10211352725087292,1.0,200.0
243,cruise,4116.48488815763,56.96575514839656,54.7377069699799,89.51753061856374,162.7871077681807,712.6391498440094,25.455795973236075,0.14999072872254782,8.43576765184967,8.090689858943033,4956.0776481441135,healthy,0,0,0,0,-0.5610554106119032,-0.05424710638349855,-0.11114070428995332,-0.14208822967131737,-1.086423632583346,-0.9024892977667984,-0.3315242619782136,-0.08489406965547278,1.0,200.0
244,cruise,4106.481602566055,59.486709066057344,55.354009547697906,90.73948778443727,160.61117360153807,714.2643577753918,25.567482562711888,0.15964429593467455,8.782155558045206,8.633118806963337,4865.62093422499,healthy,0,0,0,0,-0.42226046456216093,0.01061101167530045,0.1828553436023673,-0.07780725540637255,0.025894081522651095,0.6892659442898135,-1.251675470902598,0.19488512820425535,1.0,200.0
245,cruise,4088.5127313591574,56.79250969330453,55.130674973673095,90.64882985337289,161.18347927769418,720.6813629923992,25.756830757618147,0.15639522977129008,8.443887739061667,7.47572814985457,4876.970722713423,healthy,0,0,0,0,-0.5318449093960764,0.08326421992577358,1.0393559477272167,-0.8876497134744836,0.7835943107323781,-0.3645773096383898,0.019098840325170365,0.22274070130456602,1.0,200.0
246,cruise,4131.768045526927,59.20373926632168,55.49229580980247,90.51263368368697,161.77345221900518,714.7014019534431,25.687464997293624,0.14546250913421413,8.360051652875503,8.622226218835529,4868.28440437006,healthy,0,0,0,0,-0.23630434152297586,0.031102044126197204,-1.0942936396119496,0.2829689222976058,0.2705118029532955,0.46121281550612325,0.654251995547955,0.12093027811998858,1.0,200.0
247,cruise,4101.145391198629,58.886020160217285,54.79646815717145,90.54286764676871,160.69329714834174,719.5768943572957,25.433916573500742,0.14996127582371854,8.492330969056388,9.463768925709816,4648.2266292105505,healthy,0,0,0,0,-0.226714716330214,-0.24306743051230467,-0.09436371226713224,-0.17022531391674714,0.12172931417513418,0.5718899207333958,-0.36763179429770115,0.041550742216215866,1.0,200.0
248,cruise,4114.154973809211,59.39520204093888,55.375008427062824,89.54712514809351,160.97893761617743,720.9370352084612,25.598365594609827,0.15109426487559868,8.645594172138722,8.99040420981988,5010.408561320176,healthy,0,0,0,0,-0.24258775780764666,0.07829447000961844,-0.4747970616621678,-0.2581556578608749,0.11618717191504038,-0.5670330505213856,-0.014149601522443407,-0.6012623953549422,1.0,200.0
249,cruise,4136.803377777779,60.48702438281981,54.477020957435066,90.51077293133714,160.83101291580667,717.2209035408125,25.719187032888343,0.160550657655074,8.681533923220421,10.457024101804642,4736.948687895546,healthy,0,0,0,0,-0.1427197251521555,0.6240236371074677,-0.9311808093840164,-0.5783207425464355,-0.218759542001141,-0.16386688168580135,-0.45828099656838256,-0.8281767049788868,1.0,200.0
250,cruise,4108.516912061518,55.934500190468796,54.35377792417225,90.23432750751478,163.2178465493337,718.6683270079094,26.304692036028925,0.14888348727687747,8.457423560144527,10.140282438147961,4813.023392013158,healthy,0,0,0,0,0.07198266206300526,0.509553283785108,-0.03847926918796661,0.633219457135508,0.5319492270165471,-0.336753641257727,0.4036076079854534,0.5114671839673547,1.0,200.0
251,cruise,4110.101487721961,57.51144482940817,55.31678407744412,89.52936719521777,160.55055233238403,715.774215456652,26.07829466812871,0.1610802409903879,8.57659157612928,8.433380061740905,4857.526976568325,healthy,0,0,0,0,-1.4319486578950589,0.2387517917624346,0.48287967478615296,-0.5908127012560958,0.08502239266015782,-0.6924479455585064,0.1330538013138229,0.8487406658117933,1.0,200.0
252,cruise,4109.850925927757,60.924598488363344,54.98470616054018,89.95323450859615,161.7628444204703,709.67812017368,25.503371782896025,0.15800668778751403,8.555967231649133,7.99380480149704,4910.801699798058,healthy,0,0,0,0,0.1589948793430694,-0.018336889195743455,0.176034345313499,-0.009050904563112892,0.9973634506916909,-0.0504053980645846,-0.24383670146575698,-0.5345767907276723,1.0,200.0
253,cruise,4133.266900372031,58.865325217477654,54.917229760327935,90.78622832040736,161.97383641900785,718.1766408512199,25.664571318280238,0.15182769611598676,8.541778153319052,9.985095006973074,4776.045389911507,healthy,0,0,0,0,-0.08476539643834005,-1.0038637864815276,-0.48601100551940773,0.10232214634525992,-0.31005742185510343,0.20834879118503602,-0.8886391669568039,-0.28926251439811584,1.0,200.0
254,cruise,4085.758820991087,60.78166950640822,54.36789907048241,89.42868301538411,164.72792281875124,718.2771498729795,25.592137010641498,0.1664056171055795,8.513820213564527,10.010768389826112,4738.610828452425,healthy,0,0,0,0,-0.6339850328715723,0.1745615422204182,0.3988653177052213,0.32528591698604614,0.5728343272198018,0.1863521584102927,-0.7062513836775229,-1.1235229824129618,1.0,200.0
255,cruise,4074.101095870415,61.112096473081834,54.57535320707454,90.49329171007439,162.9982471810791,713.5193454498406,25.731927236114966,0.14014339200327341,8.713231774136933,10.326392069592217,4905.581315573013,healthy,0,0,0,0,0.3437145619988579,0.4773612548870779,-0.14215916447254373,0.5746904607167217,0.9247708045545265,-0.11739879439900897,-0.22372177670764326,0.16293329885809807,1.0,200.0
256,cruise,4124.444004130618,59.33692391042286,55.49824458467898,89.61473788504262,160.12778553887404,719.6812963547857,25.37297834865959,0.1563597544435116,8.459039232395652,8.729915643094504,4906.674542366979,healthy,0,0,0,0,0.39123745820846034,0.1692492161508718,0.21311002253377404,1.2934571649025945,-0.21760356327264563,-0.3222097400387462,0.14655597450616173,0.4264336481605991,1.0,200.0
257,cruise,4154.4563585602455,58.05286353006141,54.767875287415926,90.80562967851664,162.1638150983053,714.9334328721551,25.734395494408624,0.1434312073781663,8.672306517474485,9.51669302968083,4739.213734465752,healthy,0,0,0,0,0.050747373821528066,-0.426908424457332,0.7579240786588233,-0.3228188599732897,-0.006047983914679208,0.3360217313801373,0.1095138134921842,-0.9148363031383908,1.0,200.0
258,cruise,4118.59876611265,61.860098419098534,54.84145152112411,90.07949056090338,161.34830454571693,715.713730761553,26.102598555435033,0.1563204030942394,8.554931237797993,8.527468926495063,4785.64417287839,healthy,0,0,0,0,0.7112636712801456,0.5557236199674274,0.5655343736065476,0.38104309933220604,0.09825764305021113,-0.6936801229031662,-0.33844025452140825,0.21229230271872512,1.0,200.0
259,cruise,4113.908919882315,63.21667636930628,54.90911230747704,89.02134707055865,161.15775615374093,710.9650020299135,25.899624764059105,0.160149273779342,8.145625669225604,7.331839055960845,4818.873883493403,healthy,0,0,0,0,-0.12338348171233439,0.9908318622981243,0.45438545369955924,-0.18750119184286723,-0.8101927327939795,1.0241410909363635,-0.1289770471986931,-0.35555813728833713,1.0,200.0
260,cruise,4123.421266817389,55.38761339323379,55.354563545717006,89.61015971860822,161.65875761736152,716.3466233203842,25.94395704648324,0.15016349437506887,8.588647793900185,9.1380022528322,4826.615693550102,healthy,0,0,0,0,-0.7211548030342223,0.6041377081002843,0.09724616655336253,0.3870608988304995,0.4021213383124737,0.27300827856020926,0.03237487732194975,-1.1102639385338824,1.0,200.0
261,cruise,4125.821894911014,58.744216752565556,54.04552663967482,91.09631825114089,160.3963716228709,719.047076151539,25.87441417497541,0.162443690864551,8.32925792494575,8.53884573354409,4758.735287276874,healthy,0,0,0,0,0.8754038324941587,-0.08146059504238784,-0.25496641672969017,-0.7884016764671421,0.261619199184479,0.4305126021555062,-0.12902355962740994,-0.5576187976388531,1.0,200.0
262,cruise,4090.6894132866005,59.33631067478266,54.6987416324476,90.65146064509068,161.7128479225537,717.1299275883545,25.724728954177664,0.1578171400345978,8.53956352183002,8.499392386238775,4930.480748547439,healthy,0,0,0,0,0.8285755065103122,0.5739728195887057,-0.5632219350279113,0.13961996309471225,-0.9208038755530839,0.46300187488176714,0.09411874654065833,0.13533617378105448,1.0,200.0
263,cruise,4111.503978623571,58.16738271987519,54.13643585853937,90.15366477110491,160.01863164218767,718.6891047139716,25.718411331158435,0.15019456869477077,8.419909103991031,9.325312267339855,4886.243379486408,healthy,0,0,0,0,-0.42979380991766825,1.2553344296509477,0.09429640053579284,0.019282060404778225,0.4895539673133342,0.5043328804262718,0.5185030401129609,-0.5264042841861707,1.0,200.0
264,cruise,4102.439685298054,61.83858741425457,54.685518449470145,89.5957158009364,162.18832387177008,720.3293397931961,25.798342185670368,0.1521619857544368,8.218050772694088,7.260069119568595,4880.029714140021,healthy,0,0,0,0,-0.14473797627265683,-0.6409738345247606,-0.458377963793034,-0.5018333267840124,0.5011868788699186,0.10603766026211235,-0.36923248572111295,-0.01546146089850356,1.0,200.0
265,cruise,4111.24167195632,61.00407034163049,54.882240777809805,89.74033675484179,164.26217962079838,714.8775930959207,26.060011313429715,0.14925862396058218,8.107265707483013,8.970986428435273,5038.760166961745,healthy,0,0,0,0,0.5693882470742205,-0.15114946616692063,-0.0019288573774158377,0.04702774769650049,-0.26969592653593694,0.5612714471638365,-0.20087154798994983,-0.4126511698589991,1.0,200.0
266,cruise,4110.392561257941,58.285284799637836,54.620733088583314,90.24597391460026,161.35529026481214,716.0578909044934,25.873770783523643,0.14940695621065309,8.756387803501955,10.302785228910937,4763.609982394638,healthy,0,0,0,0,0.054027662944657925,0.2505436411151182,0.4858109517175855,-0.4099984893938746,1.1018414302943371,-0.18604448569259827,-0.8268086999530725,0.7564206437986715,1.0,200.0
267,cruise,4122.290220540751,59.64889390161144,54.17877628960335,89.45934163732153,161.28512526034262,716.7262629779794,25.726848678644654,0.15446740736372677,8.513665254459811,10.215258285930004,4785.932113214556,healthy,0,0,0,0,0.3438318506706882,-0.08877968946061511,0.20151104453558652,-0.12900325292263512,0.028997953323143758,0.2236178469514184,0.15507869965518908,0.7279266404778009,1.0,200.0
268,cruise,4114.2087432135695,58.045601401524486,54.9345512497307,90.7526431845136,162.2851573362596,715.8405461163416,25.71520901184275,0.15718863926694465,8.523202832908074,6.436748672021453,4824.489051880322,healthy,0,0,0,0,-0.7809016628749763,-0.7832337258862718,0.039374157865466976,-0.2711795629647902,-0.6648420796513588,-0.10826185617163889,0.3086436296991464,-0.18171782497293482,1.0,200.0
269,cruise,4065.2842134899565,57.37457689886611,55.14696319599191,90.3439086215586,159.15135376763183,720.0710593465571,25.8615074007767,0.14642197718093866,8.337770016439684,9.094687782755228,4779.376004287586,healthy,0,0,0,0,-0.8025522079985705,-0.9098705733236665,0.1744446767664353,0.22759951593085934,-0.45282025050904434,-0.3141017463459906,0.25037817330011447,-0.43270983782769595,1.0,200.0
270,cruise,4139.421192733934,56.77183630004306,55.27816929999122,90.88417599157236,162.23939983580632,721.5645943140407,26.14001258138773,0.14919381411099533,8.336457093884697,8.424552232976252,4819.0288942494,healthy,0,0,0,0,-0.3281889428863636,-0.24651598998127713,-0.3550519455793118,-0.18002426198596533,-0.07810345820503414,-0.7683261950331463,-0.32658815248747186,1.1363717636417623,1.0,200.0
271,cruise,4103.83210591151,57.5088675073699,54.19976012873522,90.59631857086458,160.58260421741264,716.1970929484904,26.019027538950393,0.16159065961525565,8.614051292749572,7.573304378783145,4919.368265927869,healthy,0,0,0,0,-0.3020912560724769,0.2744824187425934,-0.22123850575010584,0.1565500900951418,0.59671596241306,0.2690430813314588,0.8678993952473186,-0.6792340622217643,1.0,200.0
272,cruise,4123.217112828963,57.27650876190449,53.818632695006876,90.47818394650528,161.236164746088,714.4323155395304,25.90031590437588,0.15147746239891965,8.340604725764422,9.901682591427031,4940.121678431106,healthy,0,0,0,0,-0.21861398758702588,0.11961381454520326,0.288426985544218,0.19621257116125645,0.017878454534330554,1.37086136453653,-0.23530189835373103,-0.5613129912229715,1.0,200.0
273,cruise,4146.44543256809,60.584088404540054,54.74549177574853,89.84628178709977,160.857672636938,719.0916661824182,25.915184578328038,0.15177458098524188,8.422431318769663,8.464820224805777,4934.272924484242,healthy,0,0,0,0,0.8788604409621363,-1.0499348971119133,0.24274612156746384,-0.6835096332719934,0.1384616324711591,0.24409999879589606,-0.6122702302620877,-0.3165753151000253,1.0,200.0
274,cruise,4120.116353804404,59.68778388217832,54.347419338989624,91.14917605084861,161.5746913829236,714.1965238349173,25.7344860307239,0.15341598017780064,8.444625556977135,9.02601438090793,4843.115909965732,healthy,0,0,0,0,-0.8398053429700073,0.25006905453214406,0.8855386008358727,-0.5173769529103803,0.0844554108949046,0.596117490161491,-0.1315245781522292,-0.7462569337393766,1.0,200.0
275,cruise,4133.5238515869105,62.37917521676238,54.06910638142291,89.12554697024741,159.794432563445,713.2776348515719,26.367016001191235,0.14302590358962813,8.514790585829754,10.432628329946763,4756.589377373632,healthy,0,0,0,0,-0.8067497025004123,0.4146703807609078,0.7738353445354207,0.17644426626333587,0.48234391272487837,-0.9610066438320203,-0.6853514465580559,-0.6587437719668389,1.0,200.0
276,cruise,4135.907123444133,58.06254168858787,54.13428732959981,90.27762991804309,162.22779181658842,714.8503933198833,26.109317242407183,0.15786467148599798,8.497931652771577,9.31391858731684,4895.19686261384,healthy,0,0,0,0,-0.4305788836345465,-0.1846505825374581,-0.27004545269237007,0.2535115141182387,-0.019858573699503695,-0.3893112253975421,-0.04156859464488577,0.361581241151678,1.0,200.0
277,cruise,4100.49617064664,57.32042503254574,55.05050215644213,90.10550048502962,160.40109280937708,721.3999468210792,25.589984895696613,0.14549203089981635,8.662411562488328,8.437892943972837,4912.803691393943,healthy,0,0,0,0,0.16383859023767863,-0.1945461447740026,0.027189091306997325,-0.4597849792638245,-0.22978404026338092,0.08942962256442874,-0.03618013550382178,0.5692366966275579,1.0,200.0
278,cruise,4140.293094963815,54.48351138304664,53.509885151926,89.2790313413951,161.78381209355933,723.468916883978,25.850573638540926,0.15480068946087566,8.455570944902174,7.62773957024071,5039.666862486074,healthy,0,0,0,0,0.29465486826115067,-0.18118635066415426,0.3778454473276897,0.3806520192158499,-0.18374699646443102,0.3203411773304747,-0.491946792195265,0.7199839594705049,1.0,200.0
279,cruise,4119.939377779954,62.109147558034515,56.064523619052146,90.35838396744289,160.77866281031322,715.1686760087847,25.7397005784626,0.15957527345845027,8.59902545289972,8.824285751243597,5003.197459490177,healthy,0,0,0,0,-0.2147649778877845,-0.3118536844610491,-0.38194752964484047,-0.44500326814645685,0.40478461561855655,0.47725858220789324,-0.6613399704006943,-0.3823428024643284,1.0,200.0
280,cruise,4100.765000629694,56.0170225921263,55.35985255164175,89.07800808446915,162.0880772417676,722.9087293582994,25.719591228608007,0.15950845435465616,8.601269672011867,7.871760081939696,4815.421034073251,healthy,0,0,0,0,0.02306830045389699,0.3216013792212678,-0.3221702523709391,0.16326135522034543,-0.29682400955104177,0.23169043282455665,-1.1393001150915396,0.25432509355603405,1.0,200.0
281,cruise,4132.997891239106,61.5041820485823,54.275336492006154,91.53873486737564,164.27062369857282,717.5267632906975,25.524423678599586,0.14849043119240823,8.29033150044731,10.059073683206293,4810.985544380056,healthy,0,0,0,0,-0.1719786023839603,-0.4552130837432569,-0.014313468835738958,-0.9287756502282626,0.7501829627071571,-0.45770575828777144,0.21521974505482858,1.0096368040454817,1.0,200.0
282,cruise,4106.162190010709,56.55759199532091,54.33454757348996,89.76975292698243,162.7853753783754,716.1391811410997,25.744271337144944,0.15947104276650373,8.298635788975838,7.4039621902673325,4922.6076172737285,healthy,0,0,0,0,-0.34265415953790695,0.7024416001793522,0.946771089684045,-0.8493493556173087,0.006283997629003306,0.03753140149999802,-0.5471162384643533,-0.5508117396988533,1.0,200.0
283,cruise,4136.7593440238925,61.25445002083106,54.43391565456541,89.94898603961339,161.27957783397187,715.658230791543,25.713945820789938,0.15553578903869542,8.705282607733427,8.695482490420021,4776.541532751878,healthy,0,0,0,0,0.6640856741719287,0.24706644856184928,-0.40013532815352515,-0.957216924906291,0.2420587117191274,1.0140528582631887,-0.3080414066586621,0.31292835615429043,1.0,200.0
284,cruise,4117.214688484569,60.06837431076531,54.11074735584482,89.7300789334384,163.27773993431776,718.6833709644405,25.413394990857054,0.13785740060056179,8.292989630696471,8.749134735621766,5005.408583026105,healthy,0,0,0,0,0.3218152689063519,0.3185554081000013,-0.17987822465665737,0.22890050054509456,-0.09689514242247041,0.08636211958350629,-0.45017415943199024,0.1858892401266234,1.0,200.0
285,cruise,4098.560323253702,59.36684602696079,54.81453297181922,90.85915278425807,163.6060880799547,718.8550815662203,25.78495307739401,0.14823722646656534,8.805026900236614,9.633741821564254,4683.006961856891,healthy,0,0,0,0,0.558849443001044,-0.4925375102137249,0.12809811525274198,0.5274278956908205,-0.0946458106047163,-0.38795132822499967,-0.19259214841344927,-0.07171880433067518,1.0,200.0
286,cruise,4109.858222740105,60.608037548279086,55.47747968433489,90.12197294439457,163.30231829825718,718.5949856463831,25.508442506341108,0.14910510580050812,8.6441850471522,9.883187292501413,4953.508783547389,healthy,0,0,0,0,0.15753486737381117,-0.20761417676860439,-0.19939175278608617,-0.14231154604735477,0.16960442638587414,0.08032384217267906,0.14318835942401192,0.16896626823719874,1.0,200.0
287,cruise,4072.594925560497,60.02962805494133,54.27129576723661,90.24905917205659,161.97376332336438,713.4266714261146,25.816444936767862,0.1512676866231408,8.468589728490933,11.079285902998723,4848.256430258166,healthy,0,0,0,0,0.33058616793097656,-0.1541397051490503,-0.4222969558288821,-0.06907312284678523,0.6101389184005402,1.1103494795163884,0.09913038507761265,-0.36005379004370935,1.0,200.0
288,cruise,4100.924114221241,59.7379629693058,54.94511564262865,90.58824749169612,160.970040288207,718.8508919613579,25.698342425620535,0.14996159453660726,8.81529929574311,8.98820166870072,4864.300712111537,healthy,0,0,0,0,-0.1022912531122139,0.4010884159301245,0.6914686808314345,-0.16084077444279038,-1.3004437279860255,-0.7512308455559543,-1.3186253229277938,-0.031507012706153276,1.0,200.0
289,cruise,4136.781073270966,60.43853649985604,54.84703000245332,90.72227807543649,162.18220750409492,715.2183484296265,25.740434421677378,0.15546514657816482,8.584785835863713,9.182861273911382,4929.132451759765,healthy,0,0,0,0,-0.061015040204081314,-0.33711175381021063,-0.37478550464178717,-0.5316478349052103,-0.6339103941075644,1.032505523162451,0.19068543243618846,0.7965291639551216,1.0,200.0
290,cruise,4119.680466621017,59.66901950032738,54.440722931688434,90.38427652338679,160.8932946937589,715.0432179851211,26.055950754579534,0.15277747835243005,8.581864571492108,9.826210829519143,4879.889305828765,healthy,0,0,0,0,0.25652786561668844,-0.5257396664940273,0.9031750675847382,-0.5655447253942865,-0.0066949471125233116,0.9089225201802489,0.48358688652903736,0.047714419659633266,1.0,200.0
291,cruise,4100.003695572756,55.481215968286335,54.46034477555398,89.62596169536896,161.74230729031382,719.4336209597604,25.941263197921295,0.1528255288144166,8.565763992622186,10.122771027090645,4690.593069387389,healthy,0,0,0,0,-0.21642254788006518,0.6158433267926776,1.0133009041787986,-0.8001238320594095,0.4075408841586428,0.7092954387840789,0.642652685338986,-0.9094165056701643,1.0,200.0
292,cruise,4111.14894492997,58.450345237251724,54.32606724706784,90.45295777372122,161.15669269546726,717.7648113455652,25.95105199726338,0.1517012774574071,8.39393846206654,10.478159623874285,4882.659378637989,healthy,0,0,0,0,0.21954064691066624,0.8198859219415223,0.151851478758085,0.030669245092376195,-0.6440181517262002,0.7183786434690089,0.28466666986040806,-0.467893122800163,1.0,200.0
293,cruise,4103.428588112284,59.07596245873781,54.44194188289527,89.912495672869,161.2259050248695,712.545522814625,25.992102982175517,0.15226681573547368,8.403888950839775,9.057440415965694,4795.052989841679,healthy,0,0,0,0,-0.584408931566623,0.27894797403241983,-1.1111103985293742,-0.11309478065651586,0.11427117289076312,-0.8153861872036225,0.16477935722641068,0.2984494129900844,1.0,200.0
294,cruise,4098.858292408781,58.930439275297644,55.23580787288657,91.37218652436137,162.37411548138175,715.3296554765894,25.73448195564013,0.16222592239908412,8.464293774027249,9.849450707474013,4801.848623684273,healthy,0,0,0,0,0.39001074815353726,-0.6938953328667228,0.5056355058127342,-0.8309715906701334,-0.06218348845100583,0.0033099716024956767,0.37905258143297266,0.4699393381657147,1.0,200.0
295,cruise,4117.345534465764,59.04161802745259,55.491821443199,91.08426776371732,162.66378191536748,711.9186829032611,25.631730951786082,0.1625566057240857,8.572017757921115,8.730572279639716,4849.709674848155,healthy,0,0,0,0,0.048448791413940186,0.006245313392793352,-0.44844299339933064,0.04793695414627164,-0.6348036462571843,-0.37066077916531476,0.39698969564291936,-1.1199102029615908,1.0,200.0
296,cruise,4115.660766536575,59.768838517756656,54.64391355023498,90.45704981607277,162.09627562879578,716.465391356754,25.873164224520742,0.1639059975045389,8.38923261400194,9.104306741866298,4996.409643738788,healthy,0,0,0,0,-0.3187476480491632,0.038555221079690664,-0.38556411867013834,-0.619031272457152,0.024898771709736367,0.7780849019348929,0.3022343462474625,-0.26473639647189495,1.0,200.0
297,cruise,4089.6256899695895,58.858765888513084,55.77404116553637,89.343644880351,162.2868523031312,719.9466043949055,25.83461835036073,0.1475945352660321,8.401470800279165,9.730321586858139,4643.2558137295455,healthy,0,0,0,0,0.01955890195311109,0.14238894007509895,-0.6302290487950978,-0.47976639475116095,-0.19696404289916755,-0.49823592420611024,-0.5105027305237475,0.5839123361772369,1.0,200.0
298,cruise,4107.098324767895,56.30019433021354,55.397379005473454,89.76441120775715,165.317979615666,717.1997030225656,25.822212036882924,0.16247401130537753,8.746269393945413,10.211235899277206,4721.608039097621,healthy,0,0,0,0,-0.3601424903247652,-0.11228409768429155,-0.9454715220012477,-0.15163498341291454,-0.482366719103475,0.19962400374141992,0.2557565285635021,0.4722185475526251,1.0,200.0
299,cruise,4089.1173410385204,60.09665663244112,54.34728127518134,89.75975131576031,162.0368706251679,716.0016017810266,25.95808958309233,0.15234670606654105,8.715131006728127,7.057281377361084,4898.1702551119115,healthy,0,0,0,0,0.018095945652558662,-0.698038129860534,0.1388140486647184,0.40998903584193375,0.4943215886430506,0.19066988669879506,-0.4113194196629307,0.48848599620425115,1.0,200.0
300,cruise,4100.677315139388,57.74705313011822,54.70094876067013,91.32288957832475,164.00103918970024,715.6441019718346,25.854491439895614,0.15258074942756078,8.432060013298942,8.344994161059196,4843.016864452679,oil_pressure_drop,1,2,300,900,-0.7937001037742131,0.38681459181064476,0.5429964136284376,0.4335296076238582,-0.26025293523703696,0.3246691913469715,0.19412814295552833,0.36517694693623276,1.0,200.0
301,cruise,4123.434969499709,57.25627304818265,53.93077912236249,90.66990029575207,161.7468849185817,712.9917459799411,25.934043420904477,0.15120773513966326,8.256353384099075,8.612456809795697,4950.086453064993,oil_pressure_drop,1,2,300,900,0.07403032336484407,0.5018988326563659,0.6893845617274681,0.426549720799151,0.3719960668939845,-0.08902404389508645,0.38218485561643245,0.07301474127535304,0.9988313856427379,200.0
302,cruise,4087.273561200576,58.61387646585343,54.36768398749462,89.83956380181193,160.77065376566017,720.3536458581198,25.461068126722285,0.15996113965014902,8.41040184895305,7.298611595523277,4840.8772739441065,oil_pressure_drop,1,2,300,900,-0.17486466406806506,-0.034065805458454716,0.2309139217869415,0.04992253808758215,1.0867913815809322,-0.18407969443613126,-0.34210607868293763,0.5220997471243357,0.9976627712854758,200.0
303,cruise,4113.549880705215,57.69540994882617,53.97820874243438,90.45733139319329,161.44068877512558,712.59323798746,26.103292459641292,0.16224765477985936,8.500635776662637,9.683696100745879,4712.667141636404,oil_pressure_drop,1,2,300,900,-0.3547448676061522,-1.096291179713268,-0.10971061662551962,0.5976294867846603,0.5394623154064241,0.13297082006001607,-0.7763237708201055,1.4254960090209055,0.9964941569282136,200.0
304,cruise,4135.765581398207,57.304105508679,53.81619360321778,90.58137380719275,160.45199158452408,715.704858351606,25.24052648804107,0.1658111378923628,8.424769612009516,6.8594841419738515,4784.413413554643,oil_pressure_drop,1,2,300,900,-0.6764156838471297,-0.23686079631893284,0.26519541062110763,0.42822593159235667,0.5396016326377683,-0.22646155870802337,0.24020968939082124,-0.017165043112963605,0.9953255425709516,200.0
305,cruise,4127.513270483848,60.387751660122234,54.662140791176974,90.67668293566128,160.30850216843774,717.5628408930394,25.83277636343264,0.1493662016906107,8.674990548128871,9.599446895048082,4840.864269897884,oil_pressure_drop,1,2,300,900,0.012375672672152102,-0.023452902661959762,0.0021959322334665493,0.031313398926011315,0.34325744218070103,-0.7505017377185926,-0.28144724447043706,-0.22979507280925793,0.9941569282136895,200.0
306,cruise,4111.176175350529,60.08290110185018,53.743325927176464,90.8194233923505,161.92641168665304,717.0978471608455,26.05458633340273,0.15389163473433842,8.37121014216868,8.330212412412806,4826.737586746204,oil_pressure_drop,1,2,300,900,-0.13511602293327382,-0.8279229349673537,-0.7973488942868581,0.03556984378363463,-0.5315607009823358,0.3688387642668897,0.3112179184964996,-0.3562984415148911,0.9929883138564274,200.0
307,cruise,4097.625338332529,59.84852620828844,54.556126962735526,90.3261668074673,161.32897303971282,712.8214705058372,25.92012454915403,0.13716504707299348,8.460923229379125,8.315700280888802,5058.879315512044,oil_pressure_drop,1,2,300,900,0.48392649730287224,-0.13094767480233566,-0.26164222249076863,-0.2668064947370304,-0.61806363197569,0.8694545958796289,0.4469026889806842,-0.9898078165453544,0.9918196994991653,200.0
308,cruise,4093.0036491123965,59.185799326642424,53.94301284318865,90.2628909996384,161.91406112804646,709.9595978276593,25.596936408819165,0.14941193399042596,8.557386458102233,9.282741105486105,4852.129169657174,oil_pressure_drop,1,2,300,900,-0.43266533875746443,-0.7299032429747994,-0.037982833892307694,0.4190910772831789,0.06349715374386206,-0.4270792729572166,0.0802801204631094,-0.18265054154875798,0.9906510851419031,200.0
309,cruise,4101.153583042806,59.56212111806077,54.65493154464145,90.24704699784164,161.62507763956265,712.6211196684571,25.92858440157337,0.15221510907973315,8.288447480510703,8.606151696304458,5000.18720147786,oil_pressure_drop,1,2,300,900,-0.8738577739198189,0.04535567846575694,-0.12297808824837761,-0.5648258725809798,-0.32895917756081317,0.3936147239078684,-1.0673575556258839,-0.03073832713420144,0.989482470784641,200.0
310,cruise,4072.7801254847554,58.99847884552031,55.017090748858486,89.97367651662144,161.08221500004012,715.8528249473051,25.54008983252943,0.15516434771307214,8.387630308357952,11.97386361493951,4827.402235460291,oil_pressure_drop,1,2,300,900,0.0126410065230704,-0.06931259995841221,0.4136386385477071,0.4911485402357143,-0.0387156492777447,-0.700792547149257,-0.14650387000052323,0.42486249258024333,0.988313856427379,200.0
311,cruise,4115.006903632877,57.636181936340456,53.653977700417954,90.9567252609452,160.83181860351698,716.6907988452153,26.098705738662524,0.15466710036394488,8.395421710974105,8.647759757416578,5049.690443467786,oil_pressure_drop,1,2,300,900,-0.3911118740286655,-0.18063101479021457,0.19853905492695995,0.37763032772557203,0.8028799168576786,0.22878385473682716,0.7418323668564542,0.443985694848835,0.9871452420701169,200.0
312,cruise,4097.634398478517,56.08941859215695,54.58704434629566,90.44122137197289,161.3868825714636,720.5079904309974,25.765043975568755,0.16041046864098266,8.358657679383073,9.031663644988045,4810.3666141654685,oil_pressure_drop,1,2,300,900,0.3997674223056435,-0.023353067296906727,0.7351480249328463,-0.5787559846430733,0.9623143223128807,0.6325671255465324,-0.21511673104761364,0.1844296992588273,0.9859766277128548,200.0
313,cruise,4129.331017341711,59.3807492622324,54.068590784577296,90.60224236903989,162.24102666788343,717.4385258236738,25.889703216460752,0.1546917651139534,8.181947498579428,9.488811568105268,4865.132500421551,oil_pressure_drop,1,2,300,900,-0.42416714310170056,0.6625713295392486,0.25322685070559653,-0.0963437665616993,-0.7695091378095046,-0.011345004876588946,0.2634718156045679,0.3246408637295405,0.9848080133555926,200.0
314,cruise,4115.81225778358,59.62420549739951,54.060924428940176,91.59214435915075,161.72943987414573,717.5089165537157,25.5678836707581,0.15792573769785942,8.433141060264099,8.75882471561076,5011.633030092422,oil_pressure_drop,1,2,300,900,0.0955716908283746,0.421419063817309,0.1301025543782646,0.5520565370900928,-0.8371833367427853,0.21401465640802952,-0.8484481735661925,-1.034667010454415,0.9836393989983305,200.0
315,cruise,4118.637132593722,59.89731370158644,54.117177121985094,90.84279847478798,162.1198073522051,715.5616713575847,25.895185615114755,0.16068382968661984,8.290617683145015,9.199098785658677,4804.621742881843,oil_pressure_drop,1,2,300,900,0.025651957051121877,-0.4873799319316475,0.48688414807988156,-0.44677553669970554,0.4981989812376314,-0.7216606376876882,0.044722598587165104,-0.11103879726397031,0.9824707846410684,200.0
316,cruise,4097.941468991203,61.869050488876816,54.702717457046184,89.67553492386618,160.51823910629713,716.1947341051475,25.815558791719912,0.1613042265319583,8.684686712441332,8.170803450964728,4687.775535052546,oil_pressure_drop,1,2,300,900,-0.29631102075429666,-0.502272967874804,0.6302580400036925,0.46101254272918335,-0.2581742063897813,-0.0512387936947684,-0.9652467456928241,-0.6169102532539839,0.9813021702838064,200.0
317,cruise,4118.17724256935,62.725368354065544,54.71620539443862,90.86972469841538,161.4697416053083,718.056174375297,25.988604628024564,0.14599396154681524,8.360462062519483,10.348553780516085,4930.691876251683,oil_pressure_drop,1,2,300,900,0.48496132202071135,-0.4290208545279336,0.5317549260294654,0.010068194778208816,0.5198122277948949,-0.4685152799990415,-0.05037310052835039,0.5517769166482498,0.9801335559265443,200.0
318,cruise,4102.385459444635,61.848059651075694,53.49415293404724,90.91256489447282,162.93939912103755,714.1180296934485,25.996580274174555,0.15845715245642847,8.498652263289518,10.240394764775466,4829.385980821903,oil_pressure_drop,1,2,300,900,0.022314619418282215,-0.2864767546795103,-0.04341198231172566,0.18156533888481605,0.15588942256539767,1.1323978721397188,-0.14985744685499638,-0.2585405809750034,0.9789649415692822,200.0
319,cruise,4131.07264750635,58.245203898214946,53.62357885091851,90.18812482484627,161.31482489659575,714.8771747532654,25.34095207497568,0.1558225442410735,8.605993599576042,11.497208059178893,4794.072549907214,oil_pressure_drop,1,2,300,900,0.12463312789123708,-0.21053309929035757,1.4501898343660762,0.5753421338286344,-0.23425193431990696,-0.039544723750969187,0.8861493977470982,-1.161787268704965,0.97779632721202,200.0
320,cruise,4116.318438302214,61.434254203864874,53.25085914781369,90.06660489318645,161.97861093700743,715.2484283655909,25.702178451243583,0.15492554726710703,8.412131181748775,9.38238023457526,4711.400381724552,oil_pressure_drop,1,2,300,900,-0.2729859083858825,-0.4207328532476345,0.39031114961555013,-0.9867706548912352,0.45151968281651134,0.14176023523919837,0.47262269175603266,0.623763040850391,0.9766277128547579,200.0
321,cruise,4149.023424877826,57.64468476476275,54.54850820508852,91.43477253635477,162.67801514188145,714.5984182288279,25.881773497532457,0.15941696194970395,8.259349636538783,8.42634611843204,4901.747112847569,oil_pressure_drop,1,2,300,900,-0.018031121773576245,-0.5533100184187076,0.1881229275828039,-0.2558426903272974,0.4920440011771863,0.2463400169976238,0.6594892510203205,-0.24551475044510382,0.9754590984974958,200.0
322,cruise,4090.568964399937,57.326171102991864,53.622517635715454,90.57804182678248,161.97791024885365,718.2530515774972,26.101699611868003,0.144576741606125,8.680491744967432,10.878911162030061,4749.23484637904,oil_pressure_drop,1,2,300,900,-0.017261810388656925,-0.1524892936990796,0.8929604640030477,0.10733163871810944,-0.24680128804738438,0.13118093953565016,-0.08301024667470522,-0.08628113751577565,0.9742904841402338,200.0
323,cruise,4133.258867986128,58.19962286626616,53.966045894759326,92.69274057276759,161.46551400495923,716.6517840551045,25.5849249746266,0.16151588111009624,8.161018323150145,8.859446949432392,4895.040492269154,oil_pressure_drop,1,2,300,900,-0.6630173259723082,-0.8803231952989952,1.0225612102358028,0.22648221695736195,0.10082047737046472,0.8675479773241183,0.9812032558445504,-0.5066704622675282,0.9731218697829717,200.0
324,cruise,4094.596986389307,58.67354684268204,54.71571039777983,90.47261240092921,160.5314216357863,718.9471154663728,26.352753913870895,0.16173712215291952,8.613792455719107,7.523828671335151,4728.937650104353,oil_pressure_drop,1,2,300,900,-0.6102687944704626,-0.6591134027283524,0.7032218518465078,-0.594918444239724,-0.7142364428915264,0.7043476623285364,0.32019305573344864,-2.3917856426102646,0.9719532554257095,200.0
325,cruise,4102.361083973804,61.36784220075671,54.28347632756022,89.89205412876485,159.8052122568253,722.0955634249628,25.777702921419614,0.15362240044061456,8.352339813542695,8.387049348833601,4737.161322689802,oil_pressure_drop,1,2,300,900,-0.6161099505811461,-0.22452848126679503,0.8616085673765297,0.90372381434128,0.026074159743191622,0.1334683293128904,0.12233929219301087,-0.5438066230479912,0.9707846410684474,200.0
326,cruise,4102.0262253652145,61.55178434314936,53.20942473186846,90.64573565592524,161.86752301418238,716.495721036814,25.666458263309785,0.14500772295044131,8.534345558072813,9.7573111266615,4741.654892008688,oil_pressure_drop,1,2,300,900,-0.6551494594972385,-1.588984353817891,0.08676930570828578,0.18070736601128462,0.10046535702866798,-0.13383269700466136,-0.5106603666242481,0.10387065011480133,0.9696160267111853,200.0
327,cruise,4080.6704499706893,59.79675980207117,54.027258837751,90.49724681596096,162.5225984372508,714.4448385741194,26.38350800011282,0.15345458481072743,8.62635974435864,8.355859223959834,4968.328990157437,oil_pressure_drop,1,2,300,900,-0.06665104482018915,-0.6994330118696461,0.3727463248636286,0.5680437415242626,0.22442985103279095,-0.12290228007602838,-0.430397005867992,-0.46822853784572865,0.9684474123539232,200.0
328,cruise,4066.721557106627,57.57503850701083,53.74461890701652,91.05142857555674,162.60858046561904,716.2351684434253,25.781679770787573,0.144265373521216,8.588637792020362,8.260845183267435,4918.290740289491,oil_pressure_drop,1,2,300,900,-0.2303096652501177,-0.9278399080012357,0.3390568458714849,0.1342957345251005,-0.12490165722767556,-0.12548690418686545,0.513514603198994,-0.1670488406755793,0.967278797996661,200.0
329,cruise,4120.127179879341,60.06044407173688,53.60674136331978,90.91695860891336,162.46234165718244,715.3803914225258,26.200883114160888,0.15160962707571332,8.473676271067893,8.400596462230034,4936.046228780667,oil_pressure_drop,1,2,300,900,-0.19423532664628185,-0.8058854860634166,1.495551046346302,0.2445928135805112,-0.3200665945970388,-0.8332986697855669,-0.4687603640991125,-0.05505328691251174,0.966110183639399,200.0
330,cruise,4104.360017538635,60.20648599978431,54.04044397058658,90.68295206079198,159.66106560461023,712.1639254012664,26.037697575921605,0.15714222371895842,8.538946588756739,10.681926972902632,4936.441062609973,oil_pressure_drop,1,2,300,900,-0.062429841976501754,-1.5950252077187748,-0.5733803109664221,0.22083495997368155,0.26289263814507596,0.19661825758165316,0.07350704100455069,0.506035736277804,0.9649415692821369,200.0
331,cruise,4106.1516133186005,61.14452010045775,53.15562862020346,91.43501625881596,163.69092137829838,715.887482779833,25.63498898626466,0.15880201698175112,8.741763919014758,7.57925899565117,4940.140168322398,oil_pressure_drop,1,2,300,900,-0.7288126125000355,-0.8484127097748061,0.8898430727116172,0.04703765652401605,-0.6007832617178687,-0.8708172786099012,-0.25857182392356653,0.046549351885756526,0.9637729549248748,200.0
332,cruise,4112.89131122919,55.68623054799451,54.328351903221616,90.74032089927105,160.19606375431505,718.9901755503193,25.774649741317102,0.14200672550192034,8.502599902614648,8.584595995640186,4783.258693681642,oil_pressure_drop,1,2,300,900,-0.16184582531610256,-0.2776855017489477,0.21362445239510874,-1.0082244739397215,-0.3874299640697601,0.057260386666200126,-0.20596426921658095,0.238693238905211,0.9626043405676127,200.0
333,cruise,4079.031418481842,60.04340055451111,52.51328463222627,91.76180698106035,161.9937315618841,721.1079172496015,25.73229215650177,0.15374355685920818,8.462778065450275,10.566797230539695,4989.543144452833,oil_pressure_drop,1,2,300,900,-0.44523326852992784,-1.9027802326499192,0.6803757204315157,0.02220983705062279,-0.580165842685645,0.7976034337349752,-0.1521043016356449,-0.2963903514232841,0.9614357262103506,200.0
334,cruise,4108.952981364611,56.80298602118644,52.78192190779044,90.61544093696635,161.578145252232,714.2271283575309,25.871940319854158,0.15770189918085004,8.490188097056828,9.474617381873863,4867.161465484584,oil_pressure_drop,1,2,300,900,0.024106346186652423,-1.976640460964753,1.5939855245245342,-0.14598260495170548,-0.7704695805028994,-0.13381028650607507,-0.18845779719583347,0.14155761694300245,0.9602671118530884,200.0
335,cruise,4105.097225178894,54.350893658457615,53.35631379314646,91.3449351824997,164.21548458318264,710.6439730666557,26.000301377904403,0.16448925074775106,8.58222523082398,7.365279412131452,4669.892712295308,oil_pressure_drop,1,2,300,900,0.8240240465754703,-2.1177578290330787,0.5327011959770813,-0.6083631402331653,0.06997805285609918,-0.25417135441145444,0.006586289023863203,-0.9692509054390471,0.9590984974958264,200.0
336,cruise,4124.876185008381,57.71795008871965,53.817406080568,90.3299944356342,163.19493498957678,713.630034392949,25.903928891813003,0.16301431940887187,8.73614458230089,8.938684865785575,4854.054326467458,oil_pressure_drop,1,2,300,900,-0.5204733922332498,-1.1870121400804172,0.7399662376523692,1.038909848034961,-0.6825643025604906,-0.18844365537795088,0.9764025203683439,-0.6850152794538641,0.9579298831385643,200.0
337,cruise,4154.713041413555,58.949098724466474,53.38282162317588,90.10927753489136,162.2218372307031,714.7437782370835,25.665113518872932,0.15521182399029468,8.858285066444981,8.15890437106043,4823.467646991564,oil_pressure_drop,1,2,300,900,-0.387483687425518,-1.6962203812768408,1.1661618446601925,-0.3923466667603,0.0870424375482302,-0.9808169051971949,0.5105658572925562,0.27743877800292266,0.9567612687813022,200.0
338,cruise,4155.191230785191,56.37287893495404,53.03764142865562,90.71992722839809,163.29439221697615,713.5869267137688,25.984629078334585,0.1529673001678603,8.443180243465696,9.586687448488806,4881.813808940034,oil_pressure_drop,1,2,300,900,-0.620313207503372,-1.251897077265003,0.37185565437527524,0.7452910688108968,0.1878223294727865,0.9921016313652056,0.2782871359696134,-0.22829160489441452,0.9555926544240401,200.0
339,cruise,4065.8871043189156,55.355474035662354,53.41708245330727,90.09117281758,163.3322851694464,716.8495618246451,25.59757115269941,0.1460350235551417,8.75798353575819,8.753986299708641,4739.931638275551,oil_pressure_drop,1,2,300,900,-0.29332310895874025,-1.926513850272417,0.7171981969369742,0.10444415928373224,0.41120720960767926,-0.3608818831067094,-0.857145949730899,-0.3377611602505534,0.954424040066778,200.0
340,cruise,4099.005580631141,63.01094372062858,53.904187123749544,91.08934193729719,163.82547524370366,714.2557413911335,25.884302554373974,0.16700288437678656,8.615054431035041,11.042977283720052,4854.284422878131,oil_pressure_drop,1,2,300,900,-0.36482530825665405,-0.853306217643918,1.4725946985660199,-0.34245393102755817,-0.4653160410787761,0.9266338132426456,-0.13837493464085138,0.18191711584956402,0.9532554257095158,200.0
341,cruise,4140.78360846832,58.986043751810094,52.91380362532834,90.4151069630291,161.62723784139027,712.7872732609576,25.764045820030955,0.15700512349661294,8.443574221764868,8.541132633687779,4795.390293334045,oil_pressure_drop,1,2,300,900,-1.4291972166554685,-1.2163417290254277,0.4051759444186741,-0.7639674928597808,0.7941152694289311,-0.2742374533465046,-0.6593871376724827,-0.7752911634440967,0.9520868113522538,200.0
342,cruise,4128.654882532193,58.40013996407801,53.47810823571653,90.74970648098493,161.056783519751,719.1252192410382,26.1019121984617,0.14353816437270886,8.413177015982146,7.452608836809613,4943.110433308351,oil_pressure_drop,1,2,300,900,-0.6545529288451288,-0.5751949043338815,1.762921430966772,-0.48941339862067296,0.1082540112252261,-0.7859983911107,0.57662243233422,-0.19337999857266444,0.9509181969949917,200.0
343,cruise,4120.119304344804,56.79158497496863,53.52054840290202,92.01298581536598,163.0737416173751,716.9455264405688,25.948685446818896,0.1587316149621424,8.355583648781524,9.169494700937333,4769.8686755761855,oil_pressure_drop,1,2,300,900,-0.12349282674802232,-0.8075500828470265,0.8078420299295908,0.6240705857117151,0.14279831415223307,0.8321827722012997,-0.6455657655949617,0.5221469986975188,0.9497495826377296,200.0
344,cruise,4142.369332474803,61.15808123664017,52.72074155192923,91.95159733973672,163.55540556898634,720.4527855198695,25.6164100788133,0.16115836328117486,8.033732330887105,9.451125197438014,5077.20598015846,oil_pressure_drop,1,2,300,900,-0.05542148634956977,-1.5241552237494007,1.2671419355437474,0.7048884716865794,0.16929911712656762,0.026280457360431737,0.09261158690950391,0.19948582205086904,0.9485809682804675,200.0
345,cruise,4126.4916146214355,59.87253490529654,53.47454882558315,91.36121086771553,163.18388206632423,717.569604359489,25.816087618235713,0.15379883742197117,8.350053768018237,10.438538653465072,4906.823569182048,oil_pressure_drop,1,2,300,900,1.0583085684726012,-1.3543744998337766,0.5751340501652321,-0.20282212851689108,0.015227991483878277,-0.23088804985426592,-0.062685004431405,-0.43216848582612427,0.9474123539232053,200.0
346,cruise,4111.0941368854465,57.62920551461274,52.823151835621715,90.90036789458918,161.19535378152824,715.8584868503292,25.669154693996354,0.14737585909119508,8.431033187250476,8.402450856723073,4817.309909936777,oil_pressure_drop,1,2,300,900,-0.41105330417276764,-1.8612811633673039,1.3905177243704832,-0.29890099050890345,0.28098716709581045,-0.35815036901004355,-0.8426584116368896,0.47617251547126166,0.9462437395659432,200.0
347,cruise,4102.150137190343,59.46149534772961,53.982001445462515,91.42874832909885,161.3159048286164,718.7676113233712,25.850654242388487,0.16601365875125715,8.440734261728826,10.10561182326089,4964.536907142748,oil_pressure_drop,1,2,300,900,-0.2372612478193753,-2.25831223756739,0.41127218831979906,-0.3128758289208676,-0.3534131894995187,-0.5935093949828132,-0.2861765461695387,0.023606953961607842,0.9450751252086811,200.0
348,cruise,4091.9965174108656,56.98996143877546,52.65284126308333,92.09255829741842,162.68343665045373,714.4855505648991,26.106882658900656,0.15154583887132883,8.332046624142087,8.724612237980114,4881.429042576418,oil_pressure_drop,1,2,300,900,0.22176428433436535,-2.22833586630481,1.2727788054468863,-1.3261569798920483,-0.036345724693151574,1.0748651542666754,-0.3660111572181603,-0.11193318574117224,0.9439065108514191,200.0
349,cruise,4104.822821129553,59.47369699809253,53.641038171659545,91.53036899229873,160.58900482416993,720.4658533758602,26.07029448794295,0.15145613714660855,8.389836267007267,7.256155114860362,4833.193344068325,oil_pressure_drop,1,2,300,900,-0.3045349454032498,-1.5162316322845006,0.6596801188654093,0.15504398075395207,-0.031265816781523396,-0.4431132620139246,-0.3684833449752959,-0.0029981840473044725,0.942737896494157,200.0
350,cruise,4106.521267290364,59.2031130092738,51.88514409552468,91.90755426630585,162.32389143853655,718.5060466488777,25.811455003310208,0.16325629446925402,8.653394849196959,9.839563247449652,4851.6606857957,oil_pressure_drop,1,2,300,900,0.6117658236385002,-1.9003355072962536,0.6991262563210626,0.15611145041616262,-0.3639683816429428,0.10066611292454795,-0.7396477642330217,0.41373315821363305,0.9415692821368948,200.0
351,cruise,4112.299064719018,54.886779628497216,54.09192584127652,90.72782731438123,161.9845421775025,714.8752160902565,25.718182695627853,0.1510953840697931,8.574737838684344,8.874966831463492,4788.873299976614,oil_pressure_drop,1,2,300,900,-0.839308157195388,-2.4592247011710286,1.5717591901969903,0.0997131703242976,-0.14034381205630753,0.09659224181565412,-0.3806645536976035,0.8954339021610412,0.9404006677796327,200.0
352,cruise,4115.909130136982,58.33858195791648,52.8179606761803,91.0836806512755,160.2801192952881,718.1766966350943,26.048836146384797,0.15717411063534242,8.002725986042103,9.22492445328765,4791.156922448124,oil_pressure_drop,1,2,300,900,-0.5987303982088658,-1.792799367379713,1.7345202378073803,-0.9390600302483887,0.045202507788167645,0.6227067569657424,0.21782043176779964,0.5136583715606589,0.9392320534223706,200.0
353,cruise,4135.207534913134,59.260962880239624,52.30832753568657,91.58544003515459,162.34787804111397,714.1847049092182,25.625707467606265,0.15453937266012155,8.225565567214923,10.29170585218964,4804.638840641158,oil_pressure_drop,1,2,300,900,0.5903728336065582,-1.4848016258941015,1.4284645854146312,-0.049672192918426714,0.42979592270014516,-0.11077132117542418,-0.365133644884596,0.07043321016352155,0.9380634390651085,200.0
354,cruise,4143.682716101902,60.282157771834946,52.495258625766965,91.61961870319415,161.24900972594824,712.4474814147197,25.703874327923504,0.14370491456489,8.670237215332305,10.079566954003468,4915.1752216110235,oil_pressure_drop,1,2,300,900,0.34258968372320575,-1.3471222021598575,1.5302904776950257,-0.05254982916512042,-0.6070981561233583,0.026557109325570163,-0.8511545758943228,0.07305136307160566,0.9368948247078464,200.0
355,cruise,4087.6398447817564,58.82362790637497,52.531118556717026,91.12623688895626,159.9739910883776,717.3151812023301,26.096003532172553,0.16485238378853453,8.155490344010378,9.875335627699439,4965.17826624073,oil_pressure_drop,1,2,300,900,0.5236546826544028,-0.9815676143101069,0.9337993169996344,-0.5782523511864661,0.3465346168266637,0.9215299275558765,-0.37822054569122326,0.31532598346514645,0.9357262103505843,200.0
356,cruise,4096.567918135647,60.347864522763416,51.711377435491656,91.38390811956138,160.4584222472182,716.128654939921,25.662470971757152,0.15452744213716774,8.505541134906553,9.930045810869249,4984.819767733173,oil_pressure_drop,1,2,300,900,0.5527621588651552,-2.1693328144739388,2.033786219016311,0.1782196001946398,-1.173067004686352,-0.4398929979364086,0.5941547697742479,-0.6032216117676492,0.9345575959933222,200.0
357,cruise,4128.467098623728,58.116976307541854,52.50791599673219,92.9609678485855,160.16954663262302,717.114981528495,25.39542061984512,0.14710352326835938,8.655924176066005,10.244562421468746,4916.0035698013635,oil_pressure_drop,1,2,300,900,-0.553822003456311,-2.1016309157307314,0.19537093933748761,0.29935637207577004,-0.13906614425156502,0.275755174889311,-0.44834673729856345,-0.44924405868240197,0.9333889816360601,200.0
358,cruise,4087.909480618921,63.21020509746312,53.08917696705832,92.64888051703477,161.21156327632957,716.4379545996333,25.71079072461646,0.1512346851573731,8.450123693346853,9.95818693268949,4857.406144967988,oil_pressure_drop,1,2,300,900,0.8629583022957109,-2.1807393907141748,1.4382533807939633,0.0406614377131227,0.13841686660888136,-0.07953948880363129,0.09117815030747169,0.4873359761882799,0.932220367278798,200.0
359,cruise,4104.930524665776,59.25863871443032,51.92479411086812,91.12847024333651,161.89075347693486,719.8173548469739,25.757577748593746,0.15035569200417215,8.659710610493796,9.137407243310383,4711.353520407203,oil_pressure_drop,1,2,300,900,-0.0007913635860102657,-2.427592764271444,2.1177677823864096,0.19733498837773075,0.6520305335721767,0.4290095808604443,-0.5452700218743125,-0.963057191511773,0.9310517529215359,200.0
360,cruise,4095.4470920317135,59.96427858271964,53.44205261961694,92.3368890642976,160.20626456264336,716.636214433576,25.791344425221315,0.15740088062700155,8.574903497138074,8.365624358450816,4942.157710147007,oil_pressure_drop,1,2,300,900,0.20871996723843902,-0.9109992176082031,2.4556593453228235,0.19939250290813018,1.2357971053813028,-1.0109868096520107,0.24547336824397945,-0.2456235546041344,0.9298831385642738,200.0
361,cruise,4103.214905487623,57.80190309726146,52.9592625372455,92.34405562511603,161.27469402500174,720.0980076902886,25.65498410492225,0.15975406691445365,8.397499333071451,8.843359622622609,4844.199254189794,oil_pressure_drop,1,2,300,900,0.85659651168379,-2.2720656374968233,1.823072092697577,-0.05573294957727992,0.1486046776334695,0.3188806529254067,-0.5171248111306584,-1.3727345892612925,0.9287145242070117,200.0
362,cruise,4064.383641035786,57.84161399691342,53.25751890575115,91.5345760033027,161.82546879833805,712.7716742256014,25.41818371013431,0.14335624180517553,8.583158486541725,8.679819341926084,4928.788830998067,oil_pressure_drop,1,2,300,900,0.4123950885754417,-1.9702469992549019,1.2764499379430914,0.15730743751022572,0.5514026155949675,0.4419006061070481,-0.03495040597682521,0.1660272595219988,0.9275459098497496,200.0
363,cruise,4107.538910323523,56.53569942623819,52.53134620998077,92.25359493420143,163.49316701566084,713.640756882093,25.80577862702925,0.15843095062574838,8.488539669542362,7.426643918507444,4894.114362567256,oil_pressure_drop,1,2,300,900,0.7434189190057583,-2.159868944201416,1.7146073964650848,-0.39442985867815494,-0.06442016610041211,-0.7195555604873631,0.542712835954629,-0.4231373624711827,0.9263772954924875,200.0
364,cruise,4097.016648695347,58.49949806127602,52.09800131245661,92.97007485456577,161.68179307124387,718.0546394945266,25.930427801063225,0.15462021793436032,8.538714647933578,8.278000718818129,4786.227327225328,oil_pressure_drop,1,2,300,900,-0.08006639881349237,-1.8611768251133365,1.8668420330491635,0.34726398199841935,0.3142080858648439,-0.2776714506173981,-0.09480158991959359,0.5432003215602144,0.9252086811352254,200.0
365,cruise,4113.100046847457,61.159426062329466,53.30493550672344,92.2235251982544,159.0336955794423,714.2306781317525,25.655187822324642,0.16219771905230804,8.237557343838267,10.628252088610473,4843.767661820852,oil_pressure_drop,1,2,300,900,-0.2951834188418291,-2.0874786211353697,1.5614401756490293,-0.0063520042390033974,-0.44243382885213856,0.16399539715421482,-0.36031520018491137,-0.4872426567147224,0.9240400667779632,200.0
366,cruise,4137.268562248181,55.6967146445981,52.431230518245414,91.10958288348034,163.28214569085472,717.4484502373858,25.845449225301508,0.1498685406082499,8.74189160569342,10.180002816113735,4994.472026331777,oil_pressure_drop,1,2,300,900,0.10362949241965197,-2.89053099612563,2.521489903608735,0.7633593498376048,0.2865345149566807,0.01196739182131703,0.26306686061046125,0.4205685852359078,0.9228714524207011,200.0
367,cruise,4085.941030471033,60.07202763197774,52.75105390380856,92.56455879780853,161.6478479296962,711.8220030083309,26.106849998199774,0.1516456538058587,8.679524405317935,9.252428842112497,4837.990059179634,oil_pressure_drop,1,2,300,900,0.454452484348957,-2.9248820948139205,1.0661757829527536,-0.4793320159922824,-0.32198705633169533,0.2492143983915258,0.08909275306875022,-0.0358247465825021,0.9217028380634391,200.0
368,cruise,4085.9334605831896,59.65496122942396,51.80431519000415,92.5458936632381,160.8348765151885,714.7490324420736,25.872663305308063,0.16207984915838244,8.422669204358868,9.8391659251562,4986.4694204352645,oil_pressure_drop,1,2,300,900,0.35600382528591873,-1.5786766482191972,1.6677860099602773,-0.16491725327129844,0.12627188751752202,0.3125887683241496,0.03868350253975483,-0.8125908331024859,0.920534223706177,200.0
369,cruise,4122.875915903733,59.48727714990432,52.04125564768592,92.19929165445653,163.1179348975474,715.5070252487003,25.723983966608362,0.1602060236226902,8.449875768516106,8.085803685877488,4721.8181585971015,oil_pressure_drop,1,2,300,900,-0.46096029299130026,-1.7060677868428058,1.8296062915728009,0.18828902624116511,-0.14200638673799526,-0.5377442968544807,-0.394227742016846,0.0800951640253967,0.9193656093489149,200.0
370,cruise,4087.2478217857524,59.79780410887961,51.9279436240649,92.62270169857459,162.16127985590188,717.6539006788892,25.918603602883863,0.15893474552368758,8.493179102964202,8.17075903756065,4784.6060534606395,oil_pressure_drop,1,2,300,900,-0.37468578912743117,-2.282133892633337,1.807229666864038,-0.46253499625874095,0.25208765243388404,-0.6684391576397393,0.11485054334712726,0.02150656172894202,0.9181969949916527,200.0
371,cruise,4095.4667589948867,60.09591227155115,52.4333520077025,91.85643502580918,162.5502074146282,718.1214940494654,25.60859380620238,0.15042481683748699,8.547863991043767,10.208644337748392,4771.789534239509,oil_pressure_drop,1,2,300,900,0.8610512162335016,-1.868069457985129,1.197372035965524,-0.689593717501256,-1.0217539654625976,-0.16264037498961093,0.8791367798816515,0.5445928702423131,0.9170283806343906,200.0
372,cruise,4073.9739126696118,59.97167728726381,52.567697062777164,91.29258035634487,163.06829829606218,716.943871389677,25.546452111870234,0.1661030904901368,8.444561516366093,8.224621365918358,4678.340553978651,oil_pressure_drop,1,2,300,900,1.4257101476662588,-2.740301113046676,1.2943059184856591,-0.5145630857846051,0.705007699577324,-0.2798654497567439,-0.15702219935216274,-0.9029047896517012,0.9158597662771285,200.0
373,cruise,4056.1528968908415,56.82239235235069,52.13628365380207,92.8099279422771,161.1750261079618,714.4467330124044,25.55567081890035,0.1529620612489151,8.35599603534672,8.785359176887738,4834.105334180079,oil_pressure_drop,1,2,300,900,0.5398470768489037,-2.606151235821624,1.6149310409633308,0.4001114484862844,-0.4335264657614145,0.24633146470300785,-0.614532510700104,0.055336500950124524,0.9146911519198665,200.0
374,cruise,4117.05236176303,60.25436384472782,51.94241598663048,90.68875525667183,163.19430005669446,713.9950412996297,25.903764957163585,0.15694147703998226,8.415861178341398,9.618266308770577,4950.95010395908,oil_pressure_drop,1,2,300,900,0.15745076850101314,-3.3429595070694016,1.9327169430366935,0.6350940613359,0.04753845430111012,-0.7902195409287585,-0.44023256205759875,0.09626577034275506,0.9135225375626044,200.0
375,cruise,4112.079733749593,59.69616784996697,51.58471991407211,92.22195342981631,162.96335456360725,714.5781512476519,26.066912427921817,0.1544118091983644,8.494189208095023,8.461723248556279,4755.265185794044,oil_pressure_drop,1,2,300,900,0.10389444506148321,-1.849639040756165,1.817582066651985,0.2675095720047147,0.07182510849341765,-0.16366387747018524,-0.13466916469467036,-0.3057161235591448,0.9123539232053423,200.0
376,cruise,4079.6527703481356,64.05846593227241,52.07674095376784,91.8092645697752,161.41008743600636,711.0864388022881,26.139861619314026,0.15377252480208722,8.302042236432182,9.476166457637568,4878.949974785905,oil_pressure_drop,1,2,300,900,0.7728395816043496,-3.0716806936741277,1.071685272690515,0.1617626186399011,-1.2569983369437812,-0.0038648725510838514,-1.0965164467763533,-0.25355234561999707,0.9111853088480801,200.0
377,cruise,4128.62933869963,57.427926796687274,51.247407710285835,92.14830439859803,161.52261061168673,716.0165210148164,25.471084890179917,0.15997316601744707,8.548306544553702,10.251923512887391,5037.008674466115,oil_pressure_drop,1,2,300,900,0.07001904828354202,-2.760083741867046,2.5844664205595906,-0.40505917542041286,0.003132415960400145,-0.5190926806885384,0.34774039449793165,1.7066458579201988,0.910016694490818,200.0
378,cruise,4120.987038412227,59.76391564646331,52.21411669962545,92.74542217449742,159.55131212562134,720.9574953854897,25.795750250505094,0.15972662827234468,8.568712980886806,8.555022263762877,4802.31204313321,oil_pressure_drop,1,2,300,900,-0.03263532132949226,-2.4045969293507783,2.4064003389922304,0.540296286849421,-0.9898169567813052,0.2091205915887597,-0.15109459215268883,-0.06311118527197898,0.9088480801335559,200.0
379,cruise,4124.824999534133,59.40893933358826,52.623543659628915,91.73496451169856,163.31047327020974,716.3905359672708,25.727331101686552,0.1641944274693525,8.41214109536214,7.636415072683996,4849.661136603727,oil_pressure_drop,1,2,300,900,0.0640112564683546,-3.4159596701316546,2.141400645656885,-0.13893104091573097,0.16972743240689672,-0.35710900033986426,-0.4517516267161215,-0.7874753697929124,0.9076794657762939,200.0
380,cruise,4128.551531124271,62.89433535112868,51.83877849128585,92.20441959338622,162.32301510672127,713.6775413298964,25.256670440861672,0.1582852461698789,8.740555674855049,10.217174199552293,4606.38179779088,oil_pressure_drop,1,2,300,900,0.061230535272956105,-3.7885148155355104,1.727896641604148,0.4093825600161554,-0.006159418219868318,-0.4334371354876138,-0.33913672390563604,0.5271989800299293,0.9065108514190318,200.0
381,cruise,4102.294716972933,61.269474722897776,52.47841802902644,92.86966998609873,162.76160808085652,714.4356513358624,26.046451578752663,0.1396804853689829,8.543660790407463,9.883326657080907,4719.108887675915,oil_pressure_drop,1,2,300,900,-0.23967022701604365,-2.973632222635566,2.2176525561087024,0.19835561368922375,-0.2528416590575523,0.42410119817227626,0.34036053415803125,-0.6638715168741162,0.9053422370617696,200.0
382,cruise,4109.81605710994,60.87617214326602,52.03962827106622,92.17319745581311,159.71415664667933,717.9912819601877,25.702701467722047,0.14946460095170727,8.136083486030191,9.391131645949589,4797.216040190599,oil_pressure_drop,1,2,300,900,-0.12934415506017455,-2.59547141949698,1.9745116795595599,-0.4847185483754095,-0.27600487143741415,0.9501006536389021,0.2221573022311706,-0.08608681347730653,0.9041736227045075,200.0
383,cruise,4077.5684663117363,59.01759055818163,52.3049270196069,92.53819176580055,162.99735772558532,718.0803439497522,25.493473539512213,0.15324096946203236,8.445691158958107,10.003698831745117,4941.249974455677,oil_pressure_drop,1,2,300,900,0.3071324189701009,-2.537627828924337,2.784412789246919,-1.0859488728372086,0.31798605930410573,-0.6018274270479919,-0.7279500524228165,-0.150423677506374,0.9030050083472454,200.0
384,cruise,4071.662592284857,58.60550904807979,51.28948090369847,92.618467362566,164.89536312926467,719.4351686641357,25.747600455703925,0.14917810139808105,8.459690451715094,9.262416848715999,4827.429314775585,oil_pressure_drop,1,2,300,900,0.1937815104969734,-2.486704907702675,2.2581833166302383,-0.6848317201986922,0.4761465269876586,-0.212846514866767,-0.3924503525457832,-0.7639720205298701,0.9018363939899833,200.0
385,cruise,4125.02561732573,59.37995433317384,52.095349340789454,92.70466918156356,162.77187689741257,713.2625395173978,26.08711670856181,0.14903721726023017,8.50068371707795,8.403273620816838,4880.83785644695,oil_pressure_drop,1,2,300,900,0.5044645326747392,-3.471736295452131,2.686748439040585,0.06866484496168367,-0.07362888930843106,0.19299821147052662,1.1165793257153942,0.5160989667175071,0.9006677796327212,200.0
386,cruise,4142.313962940536,58.62129549578264,51.92336430938432,91.75254809430378,162.39742003294336,714.173680729268,25.74285131091045,0.16151828743174643,8.678847587857064,9.348533506255666,4900.163233903634,oil_pressure_drop,1,2,300,900,-0.3563268643405897,-3.5530003144765914,2.7705495979646333,0.4651797161500912,-0.19710485211104592,-0.7380199371236444,0.11031490072807894,0.507938180735701,0.8994991652754591,200.0
387,cruise,4151.569035692955,61.03703780742773,52.021525318981,93.11089705877443,164.24269111163366,714.9383580412707,25.97994138943183,0.15725549446283096,8.399671704006774,7.01050434028498,4734.841527030292,oil_pressure_drop,1,2,300,900,-0.09645690097125376,-2.848859552790918,1.8747641917748792,-0.5379704684750444,0.1581516488827939,-0.6955560948580757,0.6972847362545793,-0.30906530289342937,0.898330550918197,200.0
388,cruise,4140.748028377446,57.654013892903606,51.92346556664957,92.19460160263385,162.6513633681379,718.0211168275006,25.957202063614787,0.16043293222939636,8.79045198084734,7.608100509350027,4836.359259356836,oil_pressure_drop,1,2,300,900,-0.38099831097876774,-2.9798393950479305,1.670445896416715,-0.035777812914223356,-0.026509402578665357,0.5465997351879681,0.15443323763382166,0.10120366046949605,0.8971619365609349,200.0
389,cruise,4084.763044410267,59.942775237359264,51.59696631738699,92.27101178452462,161.50804247975034,717.5389194578879,25.915546527439794,0.16130433936241959,8.73742061968043,9.191400021260803,4786.4991750418485,oil_pressure_drop,1,2,300,900,-0.268685172163519,-3.2704975287782063,2.541169738835062,0.012274661535990683,-0.18472350973916485,-0.3385255880945388,-0.5489742561850616,0.6120340785466574,0.8959933222036728,200.0
390,cruise,4120.443032738849,59.275510465539185,51.51461860144036,92.58410529355915,160.78398095605144,719.0844206175374,25.80854519972723,0.1507122141519315,8.479757315431387,7.415017345647499,4888.168234816376,oil_pressure_drop,1,2,300,900,-0.33893405901059503,-2.9889311658802598,1.667498758146737,-0.1230248357786267,-0.7490918718887775,0.032873584870133504,0.1946464623430832,-0.04013764124761588,0.8948247078464107,200.0
391,cruise,4132.495039542149,59.862750828412295,51.172530615041666,92.79603751477589,162.12562779051237,715.103428947898,25.965631723087455,0.1452514787418925,8.375089214349908,7.6185180648493835,4890.6527800437925,oil_pressure_drop,1,2,300,900,-1.0557396550462168,-3.3369072374606725,2.689921754670864,1.0283467369435257,0.2699811601165246,-0.43133992891059403,-0.6508126931915085,-0.5147798204368587,0.8936560934891485,200.0
392,cruise,4140.178086472995,57.39708638006634,51.12055944221891,91.1833718348101,160.64426551124401,716.773920804016,25.563527289887507,0.1542243634695653,8.492199219957598,9.227571285262718,4893.52517051596,oil_pressure_drop,1,2,300,900,0.4561385889914241,-2.984444869788653,2.148447608264743,-0.7371489324954422,-0.15855664893564828,-0.024815438035410118,0.8578260046414525,-0.8207559184616405,0.8924874791318865,200.0
393,cruise,4105.614933067053,55.1445555267522,51.35788574844921,92.84505229851214,163.3812770140029,717.1662846102138,25.715154933461704,0.15261330555727393,8.498269825503217,10.840836827353591,4767.388209383702,oil_pressure_drop,1,2,300,900,0.6331456604009792,-3.3009454887820984,2.7167263320150874,-0.20129608768420487,0.35049921805905626,-1.0015944031732908,-0.5743257215970571,-0.5741220061894134,0.8913188647746244,200.0
394,cruise,4105.3989242905645,59.95508326149905,51.235941361399064,92.26674214486206,163.30506886390927,715.4884496336311,25.6753426503049,0.1445282906008647,8.441017841469074,9.105345831422538,4788.675729183804,oil_pressure_drop,1,2,300,900,0.686634074290505,-2.8239441216259737,1.8761480948396976,0.05092740518687712,0.34978461728986676,0.007874690726148733,0.28798173889652445,0.988817206301639,0.8901502504173623,200.0
395,cruise,4099.712911687875,58.91220555940505,51.90367495805873,92.99475706448165,162.31154512467938,714.6900391718004,25.912072109036348,0.1533464026978568,8.492971081831646,10.02855340711948,4790.899691481644,oil_pressure_drop,1,2,300,900,0.08462573132298792,-3.0513966843247067,3.222185313654601,0.14904582739730227,-1.1698387656251064,-0.05970548308323768,0.38482665796301363,-0.47090302730872974,0.8889816360601002,200.0
396,cruise,4067.9269269460674,57.780125077621534,51.837913464866986,93.78724415762915,162.5757137952883,719.6674740458892,25.863454641694467,0.15060801757346537,8.450469302064194,10.24991489799586,4639.3324210704695,oil_pressure_drop,1,2,300,900,0.2680873481520828,-4.07532808408925,2.791993294314954,0.4311458780963183,-0.06596279278233194,0.24471037076820124,0.5377907967469182,0.1556761410604551,0.887813021702838,200.0
397,cruise,4149.497450290309,59.89733892240053,51.884759223798106,93.4123192107636,164.33624000502894,719.1173892238683,25.922172928130582,0.15438570572179602,8.460740484611371,8.879886781397301,4935.747294908651,oil_pressure_drop,1,2,300,900,-0.7362543347084587,-2.5018997054074887,2.811358988244179,-0.005112647481937881,-0.41879958976288667,-0.40975955148603027,-1.1100397975581036,-0.06325019664442859,0.8866444073455759,200.0
398,cruise,4113.985289089684,59.648734173024216,51.29160366079271,92.24755870883924,163.58480079838742,718.8439093618725,25.522284167374952,0.155145279901247,8.682931241249207,8.002177480435236,4803.498449201059,oil_pressure_drop,1,2,300,900,0.2200009530696454,-3.2696883850093412,2.3005271645953136,0.4997512935665641,0.06205757180545776,-0.06691228005371054,-0.4121815594668176,-1.253438315114783,0.8854757929883139,200.0
399,cruise,4095.812895985294,58.23832367896039,52.270533056223144,93.7771081477122,163.02758558096752,717.089742134845,25.98940796580423,0.13685693192830978,8.734372378888974,9.942482987217991,4810.292920346136,oil_pressure_drop,1,2,300,900,0.5991784225347454,-2.8536577779165393,2.3385827031441058,0.45643104668839074,-0.29404668798719047,0.23370928570315325,0.041682417155636274,-0.5283169001721407,0.8843071786310518,200.0
400,cruise,4128.273994620752,55.83271524596883,51.08975269332316,93.07850851256296,161.9259287756256,710.1329264241675,26.00881162380296,0.16153934954986282,8.708196794007822,9.509280554481728,4893.949889770957,oil_pressure_drop,1,2,300,900,0.16920505566225902,-3.673305486106803,3.033402226429759,-0.10034736938445755,0.06461749316755358,-0.4467345413578577,-0.3603249268487036,0.13435475543326927,0.8831385642737897,200.0
401,cruise,4128.483160702404,56.60987059353614,51.4186839858101,92.95459033385383,161.35439993384674,715.7202540131541,25.52049771161458,0.16577326268999884,8.571270139022094,8.77673076773988,4719.642156109312,oil_pressure_drop,1,2,300,900,-0.5409865475442371,-1.9523398754479133,3.440076797005376,0.7888429358473363,0.020248346162236638,-0.5667343704642268,0.5882338195219058,-0.23642018639779405,0.8819699499165276,200.0
402,cruise,4095.485889565373,60.44254180726437,51.184542739139644,94.25232064310592,159.9424555681629,713.4333206781329,25.75140845493996,0.15885269564533505,8.51005836939535,9.388468422536134,4889.404425855555,oil_pressure_drop,1,2,300,900,-0.2534467600625101,-3.124294671476004,1.9617054294346041,-0.13230508183341153,0.05276711749414598,0.05864878404866056,0.030251513054014127,1.0462060569543323,0.8808013355592654,200.0
403,cruise,4140.095255043104,62.204107177517656,51.73589511114534,93.81551585553196,161.2677478724525,715.7846537538275,25.54884007253836,0.14598466203690408,8.458016889742773,9.377177513877294,4778.565295051208,oil_pressure_drop,1,2,300,900,-0.4848445446749374,-4.069602295982427,2.9415670956533297,0.2014564199904643,0.5144345366488983,-0.3962770340990284,0.8007253148707487,0.1502374079039411,0.8796327212020033,200.0
404,cruise,4106.237325090591,55.01665030534164,51.66571144368747,92.89067191559717,162.34718447183238,716.2206274814836,26.12664607988638,0.15531314348672462,8.592093710582198,10.456806373095093,4819.35245714626,oil_pressure_drop,1,2,300,900,-0.5395551833509522,-3.364587005584908,2.3616872441241745,0.05324209625485714,0.6220811528772464,-0.31054022225556394,-0.3050505443598371,-0.11799686478768487,0.8784641068447412,200.0
405,cruise,4083.2485708723843,61.554864794117165,50.849095764337825,92.667840706581,161.92407977181205,711.6436515778121,25.987424021677562,0.15507287843008036,8.516433379095107,8.84839891579905,4732.265297277851,oil_pressure_drop,1,2,300,900,-0.34893544994758174,-2.5106570621403232,3.1336230429280763,-0.30817756738641117,0.49297879645454046,-0.09316399846325638,-0.8423059716911949,0.02691981270220443,0.8772954924874792,200.0
406,cruise,4140.862256743761,58.11982192309296,51.22668251286487,92.70556719158635,161.89408256601584,716.2587664369694,26.047072048700105,0.15595934562669392,8.21930632629169,10.651348426003658,4747.466304621185,oil_pressure_drop,1,2,300,900,-0.0269461337145759,-3.297598835170023,2.0950929264746545,0.32320701607274227,0.2293139492905015,0.11228652530860539,0.7924483328956354,-0.3786360171177181,0.8761268781302171,200.0
407,cruise,4143.694017702463,60.5708628828573,51.58892507756105,92.38683640030739,161.63710398712047,722.8670456613886,25.92349016874054,0.15607678717582824,8.616218875700756,9.927862132108945,4774.079749570118,oil_pressure_drop,1,2,300,900,0.8305267062573297,-3.8861111093943665,2.56815224668189,0.5252927773725621,-0.34462260553947655,-0.008619215452915706,0.6630668124021692,-0.6156814544924321,0.8749582637729549,200.0
408,cruise,4140.927430443022,59.01359702262622,51.19743463940484,93.24880368763043,161.2659705639514,712.1357568888202,25.9595172131187,0.14505066977865008,8.610977455237823,9.799510585416238,4807.704237616443,oil_pressure_drop,1,2,300,900,0.15905717741145184,-3.19312030640274,2.94230834831319,0.6354998467068739,0.2514430232768463,-0.3697192927748906,0.430548761959865,-0.42377185789910377,0.8737896494156928,200.0
409,cruise,4105.717066949579,59.9092376703754,50.82632250422066,93.14491540176597,162.88050109092586,714.7054018932527,25.748895759761126,0.1625484947120149,8.603038213682277,10.429541198363335,4775.888565496146,oil_pressure_drop,1,2,300,900,-0.4422166520248235,-2.6821914338809956,2.7735028452587613,0.21499084456326634,0.16125856685506898,-0.49267492876810337,-0.09390104532065152,0.13677510439382257,0.8726210350584307,200.0
410,cruise,4120.379619851421,59.24776018949481,50.37549448083592,92.00463948053988,162.60473267465315,714.324577920251,25.80428593018,0.15765084055929104,8.507491234862238,7.98857656961999,4828.158408553743,oil_pressure_drop,1,2,300,900,0.05150680639287076,-4.015917811032175,2.567153539126005,-0.31520400554443084,-0.29344531423466924,-0.5224522401573752,-0.18255724714068627,0.019598504164386788,0.8714524207011686,200.0
411,cruise,4137.461388826419,57.19772889982365,51.65503791001746,93.95679166110999,163.21041633071178,712.3942961256911,25.590252507669938,0.15376113001576272,8.34950044305959,8.572988571107501,4868.935867318341,oil_pressure_drop,1,2,300,900,-0.06532084085449363,-3.8483553631811107,2.7207606616715228,0.7767915602366393,0.11647972674999155,-0.8965215137124378,-0.36497579679173736,0.16046732794321736,0.8702838063439065,200.0
412,cruise,4100.621781845362,58.787510150079434,51.44475751843659,92.15600401529785,161.90310039437458,711.2715346701376,25.610610702341123,0.14654721024260012,8.591475876399308,8.412719559851686,4950.644873835729,oil_pressure_drop,1,2,300,900,0.2538806587288347,-3.2811272767038475,2.594811784309093,-0.2988520340082113,-0.053082163700036065,-0.25389084817461705,-0.6795821031339544,0.17053889350345752,0.8691151919866444,200.0
413,cruise,4102.260717135211,54.99817970674037,50.53094529590526,93.32107780231017,159.62156101663984,715.9912958178478,25.60570035788879,0.15800450286691042,8.715551550547028,8.278326505187207,4831.611891149004,oil_pressure_drop,1,2,300,900,0.06639565222568147,-3.6484560849140024,2.6247806387227928,0.1446942681033547,0.12351956973802761,-0.3959523571708653,-0.5731463759294952,-0.12496545780153072,0.8679465776293823,200.0
414,cruise,4087.7150860085794,58.648874442702066,51.11372911457113,93.2440044998785,161.14173221269562,715.5112214568865,25.771903474360343,0.15212368513302332,8.59189301194401,7.436893206530605,4764.776297607173,oil_pressure_drop,1,2,300,900,-1.01168232776661,-3.9631643235401435,2.582041909846453,0.33573145704783974,0.29546161485140354,-0.7312510053731599,-0.5366333211564958,-0.15172469904413377,0.8667779632721202,200.0
415,cruise,4145.906167663416,61.1362824724077,51.32173012810274,93.23924883826054,162.78245423343736,714.0715248990222,26.155674452588478,0.15552999947362922,8.234663342051572,9.124340522512403,4635.852065982033,oil_pressure_drop,1,2,300,900,0.8548057766707976,-3.7720123769784806,3.016951275973472,1.0705100347763485,1.2911734281846874,0.6334980225868141,0.6073156949775361,-0.30311510117516915,0.8656093489148581,200.0
416,cruise,4102.3701058172,58.84503412610212,50.82142266963781,93.22013024870837,162.5099595417284,712.8896395269571,25.7628967910164,0.16100527679060292,8.401193708352784,8.374990208722583,4925.761032145288,oil_pressure_drop,1,2,300,900,0.17271709135473154,-4.932712263897745,3.134291201271153,0.6826200774663094,-0.5067212974697725,0.132710796272179,0.01669904740262293,0.5102694982488284,0.864440734557596,200.0
417,cruise,4122.086281141994,60.42345012545063,51.133943473217,94.66462906450215,161.95118844069646,716.042277845484,25.54332353664945,0.15024156990407406,8.477830058520674,7.424567336995278,4878.912617731602,oil_pressure_drop,1,2,300,900,-0.057020612852154026,-4.707094470870974,3.1165281110840226,-0.13082283032451117,0.4831748909556906,0.7853446611453889,0.09485800393085884,0.06264530392204341,0.863272120200334,200.0
418,cruise,4106.028665755555,59.55960688109936,51.04171384401506,94.24124150727476,161.65296620865715,714.9507450608286,25.68723651090281,0.1564525277194363,8.433851414064144,8.544430213872701,4860.704691714068,oil_pressure_drop,1,2,300,900,0.9605450815430379,-5.654409773982828,3.1943854264694482,-0.7943803164303399,0.1640131655836952,-0.5288296951140788,0.7571948056338509,-0.36995842838480847,0.8621035058430717,200.0
419,cruise,4153.33644788496,57.66111642127221,51.35343807617187,94.30245715251814,162.36852337560654,717.3057350216691,25.75245331344749,0.15938432848992806,8.343656241802115,10.212328748242587,5004.35435491637,oil_pressure_drop,1,2,300,900,-0.39202438716787497,-4.387768145303439,2.5306758934779543,-0.30553015665618877,-0.14549455591815272,-0.8105990604864379,-0.5518456962829508,-0.16874551772367988,0.8609348914858097,200.0
420,cruise,4116.932541439675,61.470682150325516,50.823026685079114,93.53288140644833,162.2536378415302,717.971812909184,25.831671516659217,0.1596026807722187,8.58040254450632,7.58215493426942,4996.523753943963,oil_pressure_drop,1,2,300,900,0.003974587946509876,-3.4261707294957064,2.1317859905734373,-0.5142736479927447,-0.3349747637959131,-0.23810011761547545,0.11918655760210643,0.5413618524910956,0.8597662771285476,200.0
421,cruise,4142.058493013849,62.39630771615908,50.73332790305014,93.12140981718613,161.7610026367275,717.0682548422594,25.773068334439525,0.1610609962516403,8.696944457720052,8.512262760277414,4755.856688152346,oil_pressure_drop,1,2,300,900,-0.547081152000647,-3.6463999307638995,2.6997075693501245,-0.3080695040549189,0.1622113535800564,-0.044926495109359074,0.6474907696745547,0.6747074452503262,0.8585976627712855,200.0
422,cruise,4133.622921964154,58.26548885978342,50.672616308756204,92.53950450554713,161.00363178240352,719.4659937732051,25.606226840535925,0.14741659049700717,8.53414803302921,9.737165361426191,4889.424305236483,oil_pressure_drop,1,2,300,900,0.4734629093001034,-4.006599786037903,3.856266109758103,0.3291908729798618,0.7914728943920737,0.29637186179339875,-0.4485254255708303,0.7115965513727867,0.8574290484140233,200.0
423,cruise,4106.920875306075,56.62319423827874,50.098814256040576,93.26373173696388,160.66212517871665,716.6006906628892,25.64519839323847,0.1547688928287445,8.433999437109561,9.682974895016741,4844.927220158309,oil_pressure_drop,1,2,300,900,0.9492335470286256,-3.844685399771951,2.2501619675377533,-1.409016971367212,-0.8692077475042127,0.1727950276338191,-0.36273213799942655,-0.4447347076605976,0.8562604340567612,200.0
424,cruise,4085.1746580085214,55.37394063515866,50.34777103105536,94.096202687525,160.2671255768872,714.3255766360519,25.833993713345293,0.15629704409199469,8.715852685335447,8.039434672683363,4622.850624423965,oil_pressure_drop,1,2,300,900,0.06361047636031605,-3.8100654075224525,2.9675738855336773,-0.11383327170528648,-0.5738776640944728,-0.6351765520143426,0.40950007789378234,0.6589314954960847,0.8550918196994992,200.0
425,cruise,4070.3511584781168,57.57497310823375,49.533183365873924,93.51453471482125,161.1688398591583,713.7712250133095,25.908685594875138,0.157402491999971,8.555240395314843,9.860500361476586,4798.434258998319,oil_pressure_drop,1,2,300,900,0.2539281740084985,-4.347796400144161,3.0882893831383256,-0.38321735732370893,-0.010987555022109921,-0.001456135413640546,-0.6728279166247686,-0.5360771641655302,0.8539232053422371,200.0
426,cruise,4086.599629127233,59.0893064671095,50.68483974444342,93.2518113698607,160.87500225671155,714.8530301443358,26.103737222405748,0.1558079732784043,8.608205419529837,9.188882889591135,4773.725210504749,oil_pressure_drop,1,2,300,900,-0.7741026660268605,-3.756805165102325,4.002202501067008,-0.3890268852012792,-0.2760431760225944,0.030461206727959954,-0.15088809549226295,-0.1790912557075836,0.852754590984975,200.0
427,cruise,4105.4261255907295,57.35726937617995,50.70894070382496,93.87745856296699,163.1373161802174,712.8832583320433,26.2553248117941,0.15730325567311415,8.604961125767511,8.829438766256034,4836.251814727899,oil_pressure_drop,1,2,300,900,0.03477153196813977,-4.1976187301071075,3.0950905298728077,-0.5841261185910935,-0.33835430803099764,-0.01896797171846974,-1.0854162907866316,-0.5260027437497479,0.8515859766277128,200.0
428,cruise,4085.43066761499,58.780857775888684,50.163153043223716,94.37538493011637,161.6668354597188,717.4186425842187,26.123442870335523,0.1609112905406622,8.412725101052146,7.730083906769962,4857.300781464615,oil_pressure_drop,1,2,300,900,0.29752354923319685,-3.745934644824123,3.467271554237625,0.09432373103246328,0.2125066119171005,-0.3970512894613605,0.5334985648946163,-0.5527740732010739,0.8504173622704507,200.0
429,cruise,4135.351553299057,59.30869329594815,50.55179361630636,92.92264139810959,160.6389462652973,716.329455760135,25.79766408675138,0.14230834614675297,8.680172318451248,8.585874238973204,4745.443067539003,oil_pressure_drop,1,2,300,900,0.7428423695762384,-3.87607180175685,3.6673492441743987,-0.69413038050015,0.3469100316698317,-0.03009207801752763,0.19559462140751313,0.7548981066871104,0.8492487479131887,200.0
430,cruise,4130.625417780013,56.73713768439169,50.19805259292549,94.71481909344507,163.1244043271492,713.4754048475261,25.665152661417793,0.15787269198512474,8.655637571229928,7.87614011895967,4691.268210620613,oil_pressure_drop,1,2,300,900,-0.6347963769221996,-4.376349917688329,3.036968766805292,-0.11734392632398637,-1.5767124200026579,0.3048145951328962,0.7526982411783005,0.6760768701913572,0.8480801335559266,200.0
431,cruise,4130.303180314031,58.942348249672605,49.74700650108117,92.49287528395003,161.96160800013007,714.5933297929483,25.797935352439183,0.15180458659504864,8.624898821148204,7.653857283272181,4811.583319223096,oil_pressure_drop,1,2,300,900,0.16054029246339238,-4.642255086066552,2.669778312704584,-0.008991725789468264,-0.42823376100948163,-0.36744121669247376,0.4408253291080129,-0.4580600967949533,0.8469115191986645,200.0
432,cruise,4120.304319168363,58.865896367858674,50.383094904855724,93.86403034901336,160.50232414168374,712.9740072697318,25.702167608520288,0.1556157574680046,8.770703382558008,8.977145508455918,5065.041165307022,oil_pressure_drop,1,2,300,900,-0.7395108912135319,-5.0992865079619625,2.868902427953715,0.06385204261130853,-0.991777812294856,-0.6235867358935535,0.9820725113261837,-0.3029200984130468,0.8457429048414024,200.0
433,cruise,4091.939996263357,57.92969771871292,50.4309215083509,93.20255446079429,163.87879700764944,710.7262365558837,25.72590681761918,0.14632483233626495,8.537456610700065,8.616992705309512,5043.113352637941,oil_pressure_drop,1,2,300,900,0.5014808318085996,-5.185322225131154,3.162304887849174,-0.21370226812586143,-0.7007629470831335,0.12530520365924522,-1.08581471858403,0.3306050535477647,0.8445742904841402,200.0
434,cruise,4104.412907519286,57.72868129397183,50.62587730979504,94.31204621285626,164.19329500950715,719.2869860599423,25.3319654931483,0.1511294424038705,8.759877398238167,10.433435325496642,4917.747084737035,oil_pressure_drop,1,2,300,900,0.530159181202681,-4.3287413660685194,3.553453433885227,0.1921485629816131,0.2745688903790708,0.01713447670600688,-0.20482955894383428,-1.1523265075432032,0.8434056761268781,200.0
435,cruise,4134.978530370052,57.9752877588847,51.07634655083404,93.33832014392613,160.71222702175277,707.0799712680664,26.021961328985963,0.15779528761171396,8.56733735397132,9.145576692647968,4974.679076320883,oil_pressure_drop,1,2,300,900,-0.44082361195609626,-4.507770356873933,4.00798200010566,-0.142987590750319,0.2862432644590427,-1.0811750057800382,-0.47529023540670057,0.02170137433998443,0.842237061769616,200.0
436,cruise,4076.3540058573444,58.44245146239621,50.52116327530681,93.4123679820118,161.33101794685993,716.0224367684685,26.05411305385703,0.1592819504025406,8.53334081294153,8.841699809922467,4771.139271139335,oil_pressure_drop,1,2,300,900,0.30475676451954303,-4.282046913530854,3.1737163084678377,-0.22539206865961703,0.6646209949729697,-0.2623612841386866,-0.9602313152861169,1.1619091834744097,0.841068447412354,200.0
437,cruise,4097.126725266046,56.44906273202219,49.749219157828044,93.43149080485719,162.97857283778993,717.5209650624527,25.96073036509094,0.15447540631652562,8.471092774094226,9.729431121724971,4894.677578613977,oil_pressure_drop,1,2,300,900,-0.2560672805398122,-4.2643086411934075,3.136553126973708,-1.264373999165674,0.5389244354673689,-0.08523617806820241,0.5530232181672369,0.22971178238272008,0.8398998330550919,200.0
438,cruise,4109.234210944579,61.13578068347885,50.609110243027324,93.63857250757779,162.10954090846042,715.3566201394767,25.84191811975255,0.15384119127890997,8.462142499647431,7.5590203957436195,4783.785753764411,oil_pressure_drop,1,2,300,900,-0.23515111981995493,-3.946922343407522,3.3943670987855397,0.48135639976296735,-0.21415808009145573,-1.1013316888421403,-0.08565619805315006,-0.7168024920466685,0.8387312186978297,200.0
439,cruise,4125.964875064664,59.25052049557959,49.546448057066705,93.56635079302428,161.08953959800164,715.8163066008484,25.90824877224863,0.14838207702863157,8.43399766108255,10.40937729731691,4913.493734143281,oil_pressure_drop,1,2,300,900,0.8959024816982446,-4.180619786542674,3.65520811521358,-0.2678187752335439,-0.05108626157673633,0.0669552174020696,-0.4672851404065687,-0.18012002180473127,0.8375626043405676,200.0
440,cruise,4132.831442289108,62.60478697596619,50.08910063414431,92.71085760956714,162.17392909024275,714.1174040690767,25.669533663961943,0.1516419686558065,8.361120484503376,10.75028271152716,5014.781780940141,oil_pressure_drop,1,2,300,900,-0.09119899771667678,-5.236333220274286,3.570244721325715,0.4831837381793456,-0.0967300255901212,0.4827964410865617,-0.5937984005412965,0.14987729599465943,0.8363939899833055,200.0
441,cruise,4146.271449325208,60.98057965214909,48.950545669783196,94.60961210190001,161.19507168392676,716.3339003238663,25.78684976992665,0.15673544414193466,8.577711423787154,9.617503369557305,4827.302113673833,oil_pressure_drop,1,2,300,900,0.39443468165040596,-5.516592626923419,4.9601055921067,0.893351950397206,0.6844965274335751,0.3648085584625921,0.7455039345492195,-0.6150355550659463,0.8352253756260434,200.0
442,cruise,4127.757914751533,57.52382546214017,49.91950997607364,92.52646143687821,159.75079086370118,722.8779424083098,25.575530655427933,0.15364261829805317,8.451248923545089,8.028484314027397,4863.661092020238,oil_pressure_drop,1,2,300,900,0.8767819721113576,-5.072067594002547,4.200071335200615,0.147593655847672,-0.2912345949546221,0.09172341528183298,0.02455912703894103,0.021432833522673528,0.8340567612687813,200.0
443,cruise,4098.688395912431,61.42156215633258,49.74388242844722,94.0532126887362,161.0663039582291,713.2982291541284,25.934245911148505,0.1606789531290273,8.734980134515562,7.229898730024234,4720.186136131288,oil_pressure_drop,1,2,300,900,-0.6025097691671604,-4.443577743032039,3.743584627008513,-0.4480713114181054,0.4054694717081498,0.2514815718174839,-0.5892115772793386,0.3864599383726044,0.8328881469115192,200.0
444,cruise,4099.878120779497,59.79505336151871,50.386625260574796,94.13005053471535,161.7027619344584,727.456695846772,25.755360994769177,0.15536605525132177,8.360860291206814,8.631666685215428,4881.204773884019,oil_pressure_drop,1,2,300,900,-0.13869588229815774,-5.0031422929372935,3.408638835515961,0.14544994983716122,-0.2545669271936056,-0.5460286311516767,-0.45701542236244835,-0.18477578565380454,0.8317195325542571,200.0
445,cruise,4124.948161008573,56.68102944143081,49.7580001010187,93.8239453851608,163.1733975278527,712.711525225617,26.115792112613395,0.16027715808317258,8.505042472118825,9.978706830505484,4919.8808313121845,oil_pressure_drop,1,2,300,900,-0.4836257031249497,-5.038887259799495,4.188985597515457,0.04879017707259799,0.30486052958122983,-1.1850155138847398,0.5302222075895726,-0.6503928742975046,0.830550918196995,200.0
446,cruise,4088.459731284674,61.29297005914253,49.67537405394347,94.42588348265512,159.2517614171108,717.513550350655,25.703858944344404,0.15994778012420216,8.600898817277013,7.358431569352691,5002.827998256922,oil_pressure_drop,1,2,300,900,-0.4199291354561593,-4.215993232850673,4.082194873138568,-0.2678980021217516,-0.8026821284415034,-0.03998132950240332,0.7131179015543218,0.8210024555549676,0.8293823038397329,200.0
447,cruise,4130.123314752363,58.03106750539585,49.452825508234795,93.49502660183128,162.87097400202876,715.590496387381,25.852299916525613,0.15409862971473234,8.465002555221652,6.856610853285735,4894.517801474832,oil_pressure_drop,1,2,300,900,0.33864445022135803,-4.849728548898416,3.8312113794653193,-0.3421665967302176,0.6897278533570363,0.15842126036387214,-0.3320970306949491,0.3592623348133513,0.8282136894824708,200.0
448,cruise,4098.500234850832,60.243329610089184,49.90562917228738,94.20726617392612,161.40368475545745,713.7339517622228,25.969561540108025,0.1563761530717744,8.47340024153579,9.422682504150924,4762.708215908976,oil_pressure_drop,1,2,300,900,-0.49067061501700926,-4.340122487001477,4.015351194267225,0.06251016494964769,-0.16277184451439133,0.05627561747365438,-0.6346594111223404,-0.7979590949215094,0.8270450751252088,200.0
449,cruise,4107.770145287867,61.89285183540973,49.71130070332088,94.5048609168024,162.73758224080785,715.5673219514501,25.677291502804678,0.15148771638252148,8.426719214972117,10.298743002426297,4838.216237417317,oil_pressure_drop,1,2,300,900,-0.09883284324234574,-5.385222138338489,3.8467686030452932,0.8105487392102193,-0.6412250294701267,-0.5315956128605218,0.03302941761011464,-0.8988882357797564,0.8258764607679465,200.0
450,cruise,4127.493286609784,59.66392718119559,50.123282585571246,93.53372683700874,162.30093796373424,715.9813198703941,26.00118015914675,0.15345481569746605,8.39729920426937,8.518266660979075,4913.291651909463,oil_pressure_drop,1,2,300,900,0.17963450764837038,-4.96378887584401,4.81265933555997,0.5894139241212173,0.32068051113479673,-0.4857337937588479,-0.5542055430351723,0.7070860904406525,0.8247078464106845,200.0
451,cruise,4128.498041878862,61.93332210469651,50.103528628093144,94.01828859088928,161.58089349462008,724.7327303944431,25.82833861535354,0.15554981862040054,8.261179201415267,7.964137396645051,5032.360417300058,oil_pressure_drop,1,2,300,900,-0.22410739175489178,-5.135665542132036,3.63153888923485,-0.18355275226220563,-0.03610983874705063,0.24922662227901088,-0.23016363639733536,0.3948849436197081,0.8235392320534224,200.0
452,cruise,4110.233579635393,59.782619894148965,50.253231244261194,94.41370398952239,160.2226081158275,716.0505373069842,26.096825698592337,0.14545944915572057,8.32763154271632,10.861682539590632,4761.574306560202,oil_pressure_drop,1,2,300,900,-0.12079483203569716,-5.102335213526516,4.55619768584087,0.5258732223544734,0.47538600548759985,0.9774446917715978,1.1325928575299506,0.8543826360607906,0.8223706176961603,200.0
453,cruise,4108.80136987303,58.26386199086222,49.501119498478914,93.99129009487393,162.8050392169565,714.1948639070133,25.81603377528039,0.1564953915958221,8.316235329076852,9.502853085460618,4845.6655835543215,oil_pressure_drop,1,2,300,900,0.3051758530840911,-5.238332111526829,4.092098404325706,-0.8200364530941255,0.33648386874031705,0.08639445618101346,-0.23733266989323654,-0.9541049412486848,0.8212020033388981,200.0
454,cruise,4102.550971843595,59.6866191357727,49.24937657675336,95.23541302820428,160.86357729616853,717.1444496424044,25.75358029759466,0.15939294679425092,8.325035152834802,8.732086750691824,4809.690889005489,oil_pressure_drop,1,2,300,900,0.4305411436494011,-5.048737939161751,3.842040097599353,-0.15241090362652376,-0.71999900660417,-0.14242277751869384,0.5454490370268787,0.788059255951511,0.820033388981636,200.0
455,cruise,4104.757378341234,62.97757925758842,49.560873923853805,93.02286962155566,163.3919776823278,717.1010453916278,26.36998884682259,0.15054234877440886,8.225399643644376,8.16793964969935,4797.663098613128,oil_pressure_drop,1,2,300,900,-0.07240034587570421,-4.416404146549393,3.980696580866654,-0.20209622982187175,-0.11923412449872002,0.08584961627722483,0.22076647163812843,-0.3996548602827995,0.818864774624374,200.0
456,cruise,4163.2706802187495,57.734567103213784,48.53627685749871,93.10245377154287,163.94490265770622,716.0332197630563,26.042070854261105,0.1483030701849192,8.490399548932189,9.898559623008529,4860.9333475499525,oil_pressure_drop,1,2,300,900,-0.12787143423230296,-4.799666291055067,3.4110672172269236,1.0395367639739277,1.1799524084902766,-0.18429147021546674,-0.23160445273376928,0.4577271385266931,0.8176961602671119,200.0
457,cruise,4115.965104501532,57.48525100049448,49.64846308768713,94.08007521802824,162.21314856856935,712.1597714812281,25.579868170436015,0.1584356044820449,8.21539798947973,8.078856563459054,4858.073473929371,oil_pressure_drop,1,2,300,900,-0.8640765943978984,-6.146370696265325,3.96607036921847,0.15072829405805577,0.45755904432477207,-0.5759523856006918,-0.9046654140000548,1.6810897138268113,0.8165275459098498,200.0
458,cruise,4093.5146707704616,60.36238562475419,49.023283839948235,94.7204368095266,162.2627726580742,718.5993068089474,25.592112681023302,0.16060173737548591,8.358020808647758,8.434214049256447,4761.7696593831,oil_pressure_drop,1,2,300,900,0.3880575742651751,-5.4591303977062315,3.0988173711956155,0.4889222985525304,0.26481884099601505,0.014450786788203088,0.28934429774546827,0.23356501919080075,0.8153589315525877,200.0
459,cruise,4119.103883485794,60.12195608017728,49.57646970925558,93.44411756331303,161.64996480879623,718.0153920778915,26.103815376708532,0.14459551088182052,8.863958492004176,8.471924106267972,5091.525240068341,oil_pressure_drop,1,2,300,900,-0.06195582589524886,-5.468834112259024,4.080781902723781,-0.07863037807979203,0.12962756435702869,0.04143088529979507,-0.6301014080828952,0.3121065050769363,0.8141903171953255,200.0
460,cruise,4145.797831528076,61.9075973235663,49.258709963307275,95.35973309183046,161.0705011039469,718.7892684070358,26.06692421051975,0.15388972472130466,8.255133910289064,8.489460244964484,4912.281457756107,oil_pressure_drop,1,2,300,900,0.5554915277916463,-6.551824068384018,4.0564053264652555,-0.3138415411877842,-0.6797128099860216,-0.3821045795224863,0.5258521562348742,0.09891763576146445,0.8130217028380635,200.0
461,cruise,4074.5443028415184,55.43102993373134,48.996662199080816,93.50704614979945,160.34434876267943,719.9510263680555,25.88920938716956,0.1501375584936001,8.56987596588966,9.499596444779815,4872.275142607959,oil_pressure_drop,1,2,300,900,0.5410946831632037,-6.21201313896648,3.6710647836548023,0.020070287719442536,0.23815706819750335,0.21077595542964264,0.18104512635807474,0.35227175104126535,0.8118530884808014,200.0
462,cruise,4147.810254375565,58.436050303659435,49.40427119260227,95.07239147449604,161.06053950920315,716.7877554861665,25.883986482347055,0.1524914918377537,8.333529389091815,10.856400963553721,4905.18100912443,oil_pressure_drop,1,2,300,900,0.15243009223481405,-5.555222581247487,5.042016571622084,-0.6708366324454004,-1.554365390084031,-0.07422217009588128,0.07692744022708171,-0.544372450667611,0.8106844741235393,200.0
463,cruise,4103.338754030615,62.45384813228635,49.41489841555411,94.20352953467986,162.7704803530882,721.67148241297,26.07642639654466,0.16347723966464908,8.653618060708414,9.779513120619614,4853.202473447297,oil_pressure_drop,1,2,300,900,0.3376940315501568,-4.5772993095202805,3.7680902134864263,0.36496719439490694,0.2005309989622128,-0.11823407572319684,0.22838443779926118,-0.029159778432727494,0.8095158597662772,200.0
464,cruise,4157.741971712732,55.22809049566359,48.51301305891612,95.13640418247667,161.64139518387546,716.8487599985995,25.84055942334047,0.15048976508601436,8.536414982392216,8.260157172865373,4832.344748041788,oil_pressure_drop,1,2,300,900,-0.2136155275825259,-5.6320743191419815,4.0861694793560766,0.19509406333688054,-0.2888174805950392,-0.5065937766225835,1.4783302231113917,-0.9487295432020495,0.808347245409015,200.0
465,cruise,4102.476321516658,56.93839036700699,50.07811524929614,93.08445324937301,160.62927424045816,713.2609198519807,25.805809085836827,0.15269026699684318,8.28176123113105,8.56838561243339,4827.468565156091,oil_pressure_drop,1,2,300,900,0.8924302596939777,-5.451324867651529,4.695539155278327,-0.23548361557848752,-0.34738477085178693,0.056523764292970034,-0.3625792789865459,-0.37877240573762744,0.8071786310517529,200.0
466,cruise,4120.529995250967,56.75965276107603,48.39814175408667,94.03387272556834,163.21732775720923,719.0481734830884,26.051228334629144,0.15294390125806964,8.66004529255012,8.551548441685885,4863.648925516752,oil_pressure_drop,1,2,300,900,0.6658076524251905,-5.930642914735738,3.8458795560137586,-0.14293887536706745,0.08966088303255423,0.6720204004939972,-0.011776596961755467,0.04690953550887285,0.8060100166944908,200.0
467,cruise,4095.7653383003667,59.263093777853776,49.747930847931606,93.59266442853549,161.52426956574732,709.0289620652002,25.946350118613374,0.15936646103654672,8.361499525910501,7.591002117264331,4800.064680256181,oil_pressure_drop,1,2,300,900,-0.5027397778587419,-6.43548117240622,3.892879914276485,0.2812711506476801,0.2451234548891747,0.5618935064263825,0.6181250502177604,0.10692808953697325,0.8048414023372288,200.0
468,cruise,4108.974573748548,59.553388068109406,48.42193888919304,94.94214860559731,160.1158949663127,716.0179797740053,25.878980653033032,0.15158698459170772,8.568448385278812,8.251860744852268,4932.222484475614,oil_pressure_drop,1,2,300,900,0.3452737859468483,-5.437346184701505,3.763089921337579,-0.3499001091691024,-0.22899268358398464,0.05427801188790384,0.9042555486841525,-0.12952924266865062,0.8036727879799667,200.0
469,cruise,4120.4558958266925,61.263810566076494,49.57268460011961,92.99011730547119,161.50478502863496,720.0719547666944,25.940829420061227,0.15245488896155784,8.607087359214098,6.774414399310215,4935.224602887969,oil_pressure_drop,1,2,300,900,-0.009957098077504806,-5.67875273869417,4.403878979820644,-0.8552602578560027,0.5177176006559868,0.579698897572273,-0.2100403670906685,1.0731242243848842,0.8025041736227045,200.0
470,cruise,4123.857878303456,59.53606779268924,49.57273202465737,94.76758225175332,161.06722019143086,714.9362939526441,25.391234623273355,0.1543946312042344,8.385561033933884,9.411458981181616,5058.431221769909,oil_pressure_drop,1,2,300,900,0.025459157173496585,-5.038151180983617,4.185874030199792,-0.37762897479383273,0.8549150422118574,-0.21726725647538497,0.0384526734645311,0.5031698972811509,0.8013355592654424,200.0
471,cruise,4096.070140663575,56.570607917776385,49.22281519252156,95.65427527215337,160.92502159919184,710.2961221338085,26.061914033207998,0.14872835766865367,8.524626896110773,8.701531763727946,4827.08207980287,oil_pressure_drop,1,2,300,900,0.6031306239598896,-5.979229606240296,4.940053760573452,-0.3500044628737021,0.659393089000048,-0.21185069154263297,-0.1728123510531453,0.4363876473430374,0.8001669449081803,200.0
472,cruise,4159.199054406514,55.353562066074026,49.16883023143038,94.83363810891304,160.2212745181259,715.5893453723453,26.02544917558989,0.15553477764885035,8.57333076372515,10.418234336090705,4796.745297462334,oil_pressure_drop,1,2,300,900,-0.2902062161237173,-6.5274213367981,5.157143045867591,-0.15516887220494818,1.0806174711730712,-0.4470789299138876,-0.6831489846081621,0.5939113425640353,0.7989983305509182,200.0
473,cruise,4086.401696962335,58.17430173041983,48.86279911655906,94.34774647262603,161.8208921608848,719.1530750042272,25.43571386099431,0.14683248684654363,8.420575502003462,8.036745668063581,4858.426313004352,oil_pressure_drop,1,2,300,900,-0.28751624689911487,-6.344182900031843,4.4799343054650205,0.6349528909254831,-0.7645951756108571,-0.6408131074599424,0.22809248727609438,-0.7675022812476077,0.7978297161936561,200.0
474,cruise,4087.142905903156,60.39634281721559,48.99615680329799,95.10655487674899,161.88114986766632,715.3673783787597,25.722503688886373,0.1535218924103699,8.547996048516156,10.215618097299545,4882.753498621862,oil_pressure_drop,1,2,300,900,0.372525881681618,-6.754540807813233,5.319575670830814,-0.13723460545403665,-0.5470446154211406,0.176593748452098,0.848998526699962,-0.7769617482774525,0.796661101836394,200.0
475,cruise,4110.1556324204,58.39902899280011,48.79638270598444,94.58179374775108,161.55805472605337,711.6210477371387,25.61449871483063,0.15136754925181475,8.485333239920877,9.388175886735244,4947.903415737004,oil_pressure_drop,1,2,300,900,-1.0313558806162848,-6.306496262798098,4.597186890307574,-0.15092495403916237,0.6111631474532442,0.2581219994277371,-0.11707395011020175,-0.35165617449743813,0.7954924874791319,200.0
476,cruise,4097.57064892865,56.929396159645286,48.961728410338765,94.46467605610584,159.5750521649766,718.9990163956624,25.65273516980461,0.1505635242045768,8.348415502972586,9.064158785400819,4890.828140249803,oil_pressure_drop,1,2,300,900,0.24004194327806824,-4.883725603740414,3.680334610151641,-0.11346499237346831,0.11639123537347251,0.006065035791464111,0.15283369933221888,-0.11397849973642998,0.7943238731218698,200.0
477,cruise,4136.078359036868,59.83988393890598,48.938740678235106,93.84844018666976,162.2082670792819,713.5585020163905,25.79776874475742,0.1504004841423354,8.659811251867279,6.685258036746275,4779.467005072336,oil_pressure_drop,1,2,300,900,-0.07405668108382837,-5.884994405250513,4.3704728392370455,-0.9012067421809619,-0.21996821591179752,0.6751211346881159,1.0298142980844913,-0.4250403798204326,0.7931552587646077,200.0
478,cruise,4107.131144954295,60.304036591007375,49.130806185852514,94.99476467911843,160.70762566979735,719.7412462521874,25.46994851868405,0.16164464972020384,8.49955308543407,7.428813859338056,4753.194124041733,oil_pressure_drop,1,2,300,900,-0.4461411603445886,-5.616183596850511,4.03930792556295,0.15028023525143488,-0.8765566602933037,-0.23148546609906043,0.006066201759484163,0.4669078251947577,0.7919866444073456,200.0
479,cruise,4118.881733799389,57.486340828498186,48.49699879775421,95.23561319337024,162.6987027997488,713.2837152372964,26.073311823452457,0.14727043457760156,8.605231640524508,10.196385219570901,4863.913834932956,oil_pressure_drop,1,2,300,900,-0.32333264570631726,-5.702465626243956,4.313119200394304,-0.8314800742594319,0.14968870240796808,-0.16089534679366907,0.507143049173991,0.3991446988536174,0.7908180300500834,200.0
480,cruise,4109.882169944624,55.00458015697389,48.46694781762284,95.01472882645238,164.84261732094507,717.7762987475923,25.56836416801526,0.15021713241665843,8.437248809311537,8.104869047369549,4900.097550939938,oil_pressure_drop,1,2,300,900,-0.15401183130498367,-6.012755412669328,4.3318494471638225,0.033761762471053516,-0.07952645880182663,-0.3004638910791537,0.710646268842543,-0.23633316215190847,0.7896494156928213,200.0
481,cruise,4117.193647579507,55.904482046627756,48.80810351480592,94.4720075152033,159.9887353584381,713.2084548674611,25.900849693405274,0.15418480445820518,8.854406201021378,9.359532435270195,4777.348861872522,oil_pressure_drop,1,2,300,900,-0.10172292878509233,-6.0354710101708156,4.759894657048219,-0.11704026970431049,-0.25150944655175506,-0.6212254173348893,0.3795467966075106,0.10921233071991776,0.7884808013355593,200.0
482,cruise,4106.627409636001,58.761608825867455,48.86960429168491,94.0551759873402,161.2770308569791,714.3641017194815,25.456039067131016,0.15834324211048587,8.615770569311588,9.144299199484655,4869.572552344554,oil_pressure_drop,1,2,300,900,-0.014212800207690422,-5.87944855994874,3.7556884658094916,1.5565339157522402,-0.8294219058146374,0.04803818200109941,-0.47524499403298914,-1.3012383924695208,0.7873121869782972,200.0
483,cruise,4102.3529899686855,57.67414632926737,48.15771162437556,94.92988622419409,163.54965539109858,715.1737832427049,25.86690976820917,0.15240975670523238,8.495936363957973,9.048450273238208,4866.961136890636,oil_pressure_drop,1,2,300,900,0.7566104022326161,-6.123587867055625,6.13899481583503,0.13321779799187866,-0.523891051291756,-0.013842197369040654,-0.23788627530200554,0.16230195702537056,0.7861435726210351,200.0
484,cruise,4120.689842220283,58.42085145262679,48.13345714984109,95.36459099134647,162.6328713939415,719.1174653969111,25.54106855890331,0.1540224724758017,8.688853262337775,8.863749448376527,4921.445351336596,oil_pressure_drop,1,2,300,900,0.14080000259845799,-6.238205223776479,3.857808594936278,-1.0642433190911562,-0.48745601668813177,0.32414162727813073,-0.5919132656048505,-0.29623478989346474,0.784974958263773,200.0
485,cruise,4138.655740275334,56.307515559687296,48.32855108702254,94.64068184104406,160.35561543527058,717.942020205437,26.30301261370958,0.15367283885813462,8.614128315392279,7.86403866081348,4853.32591244271,oil_pressure_drop,1,2,300,900,-0.36676352543595503,-6.053589486706843,4.836613487972203,1.074707103219477,0.1514501446400289,-0.3541373750755478,-0.3408585496866633,-0.8873022931667821,0.7838063439065108,200.0
486,cruise,4121.797007946996,58.77740856574915,48.533214453929176,94.84133418175814,162.6443206370625,715.8711787248401,25.769770916649616,0.15269088098417574,8.528457116596801,10.14932768396675,4653.657908413776,oil_pressure_drop,1,2,300,900,0.13151400474044445,-5.7660205324405505,4.917919816076832,-0.39893688277200384,0.3657733342828172,-0.5410896783204988,0.059481134217490114,1.0149005891899892,0.7826377295492487,200.0
487,cruise,4119.816307846751,60.96419773971797,47.77426284722372,95.96004584940468,161.54012205475553,716.512129552401,25.89260496284682,0.15395057143814317,8.457586822897293,8.57578184566033,4822.988164828338,oil_pressure_drop,1,2,300,900,0.34314630870026785,-6.868996753286954,4.580970742997928,0.34964018027691707,0.05663178993430009,0.7212179099243171,0.3230651303696171,-0.09255951209664214,0.7814691151919866,200.0
488,cruise,4102.457173435044,58.01895094595459,47.583644654867165,94.75314416583183,161.11634070585112,716.6413167250811,25.638300601412656,0.1491216133894024,8.487793706673434,7.870386692657205,4872.54996811537,oil_pressure_drop,1,2,300,900,-0.1131242016620514,-6.285641403316758,5.099263387515787,0.18939853849456897,0.09602058352150827,-0.19004934621443526,0.33147731805172376,0.4291514627787718,0.7803005008347246,200.0
489,cruise,4115.615141337566,57.59275097743629,48.426695810285935,95.64560254033744,162.9969421083302,718.9040833089846,25.443432285244917,0.15343120232614196,8.521140699433737,8.397236442200779,4842.8349122247255,oil_pressure_drop,1,2,300,900,-0.32180866812524483,-6.073677153413737,4.949543516580093,0.39224753350251923,-0.12459363497482091,-0.5275855404470771,0.13637497058742148,0.14107406155440536,0.7791318864774625,200.0
490,cruise,4115.824979085149,56.56782612612639,48.91043951864177,94.86011055117744,162.84160171410764,711.3824460070279,26.039055945952335,0.16133884171240895,8.382176811362699,10.33649478402023,4980.928455262034,oil_pressure_drop,1,2,300,900,0.19377194630608108,-5.7305459387121305,5.488918493103124,-0.16013118221639058,-0.45931740082350503,1.415589947216171,0.377235946079959,-0.14547964205643318,0.7779632721202003,200.0
491,cruise,4113.622462006855,57.2350238522282,49.34228207146304,95.66116342370644,161.68425578794069,715.6538510808039,25.90410121918724,0.15613768333976455,8.61697580437398,9.089449676584254,4737.654657062822,oil_pressure_drop,1,2,300,900,-0.19642794429474747,-6.808535095980836,4.822738785305629,-0.4097154893493782,-0.03332452077728798,0.14640641569826152,-0.584427394736537,-0.10569191008523898,0.7767946577629382,200.0
492,cruise,4105.637923122445,56.834930875664796,48.5829225686439,93.58434837937634,164.58939920411132,714.6476086263502,25.949249674312057,0.16196497781583366,8.433131481434962,8.401737026169021,4832.294555783572,oil_pressure_drop,1,2,300,900,-0.4788046661684293,-7.2541370891395065,4.5757062367937875,0.43697526799849523,0.27617105969692957,-0.3049124382985467,0.9959550933864588,0.3388014692251732,0.7756260434056761,200.0
493,cruise,4119.564327750587,57.40593557575117,49.24866921738138,94.9965195448821,162.12993283202186,719.8334535341844,25.60961718221366,0.16038257481399418,8.400589529042637,11.002845358809726,4911.401997891544,oil_pressure_drop,1,2,300,900,0.40357385852138455,-6.305002449674515,5.38939719072142,-0.3037882934036898,-0.055013309136183026,0.39342860575361643,0.06617150641699163,-0.18659433412725837,0.7744574290484141,200.0
494,cruise,4129.739396792366,54.03576765572654,47.66059021174884,94.60404030596149,161.7496841018905,710.739342034805,25.674132421165254,0.15097715123569466,8.532122071415825,9.671526865176043,4846.174180817339,oil_pressure_drop,1,2,300,900,-0.6597421915657831,-6.289946962724917,5.453936027583966,-1.0938478048681846,-0.8923763634515791,0.27918036902830434,-0.1558609614677502,0.2854846984923343,0.773288814691152,200.0
495,cruise,4103.870913239484,58.16944482385886,47.32629597714336,95.72022019825478,160.86025624554492,720.2414062551093,26.104772928332483,0.14612537268594358,8.602920435331837,11.108145143788835,4786.29138169621,oil_pressure_drop,1,2,300,900,-0.3627053462939976,-7.377250629800253,4.6711555296983445,0.6840866267136909,-0.1533278824307148,-0.34651174530270423,-0.20393226476514317,-0.20583595329209492,0.7721202003338898,200.0
496,cruise,4121.151476123819,61.85879983730379,47.278616208017134,95.05213241619786,160.962090704494,710.6213948181925,25.83049691248338,0.15705219266913487,8.508747398558882,8.69282736608057,4859.031183064361,oil_pressure_drop,1,2,300,900,-0.46519583280192084,-7.1084650325750625,4.667007322750641,0.6314541001471198,-0.8102391682195348,-0.16074595097952074,0.47802728599630595,0.3911238794760026,0.7709515859766277,200.0
497,cruise,4123.978597209149,60.82275085873679,47.58341580953054,94.5734248121255,162.71858413671964,718.069853307034,25.826916798053652,0.15710642840903333,8.623762159686507,10.177126453844132,4888.780650303102,oil_pressure_drop,1,2,300,900,-0.002183290764212025,-6.5540448482058205,5.3069964194583665,-1.019385231274715,0.08276647418334145,-1.0984478230227328,-0.3849052586595877,0.5450128323895324,0.7697829716193656,200.0
498,cruise,4094.9795908918004,62.51374655532251,48.196077519308886,96.10735703903885,162.64224183176617,712.0932121410543,25.741260632765016,0.14793433527444644,8.314194759091608,9.219184688021318,4889.187358845996,oil_pressure_drop,1,2,300,900,-0.2358585552004543,-6.135194914782762,4.722407280837557,-0.3328861462979705,-0.1129843936878493,-0.4038960631743731,-0.3430371368139036,0.26363524742780026,0.7686143572621035,200.0
499,cruise,4142.795932203338,64.91041166615202,47.423466455484956,95.83543811347138,160.91120640206788,716.933323149971,26.252724681325418,0.1522975500676829,8.27219431629893,9.799226506793554,5018.8709217949545,oil_pressure_drop,1,2,300,900,-0.5449126334769027,-7.10063794269765,4.6981791371371635,0.069265363816998,0.3039707642083743,-0.12795966081068497,-0.5595246946234133,0.6898978249487816,0.7674457429048414,200.0
500,cruise,4114.376128197027,55.36296583942221,48.235470143662354,95.00589606372844,162.12611099962345,717.5623123846652,25.970386639042786,0.15398520683332714,8.352210672085487,9.619897868945209,4898.675252888838,oil_pressure_drop,1,2,300,900,0.33888732174069963,-6.184363440923788,4.805731430025969,-0.30959269650985205,0.7887884514454909,0.6506556351221711,-0.0903042105821858,0.5782860030200577,0.7662771285475793,200.0
501,cruise,4194.949514789843,58.89065912730077,48.35825800656063,95.6856075693738,162.14253428102205,717.2399155761831,25.84877631526676,0.1566066051990765,8.547467487559832,8.898233239937271,4728.678205621333,oil_pressure_drop,1,2,300,900,-0.5927126301302182,-7.15185851103642,5.317472453671854,-0.8700224740110859,0.7549362171481445,-0.11924652323102884,0.5592043350811361,-0.1086864050632654,0.7651085141903172,200.0
502,cruise,4132.026258351181,59.22237004045674,48.23968147248765,95.90092643924392,161.7012697878992,721.1350488978725,26.057722492408406,0.16258860813125653,8.796485627393135,8.883585485692238,4767.342481384452,oil_pressure_drop,1,2,300,900,0.33214845664345843,-7.429218627484589,6.0923084271604795,-0.17174928108241974,-0.5573509875601227,-0.35679568939958684,-0.8979507396704437,-0.2583845959325133,0.7639398998330551,200.0
503,cruise,4113.9461664879545,57.23821689666879,47.249837937186385,95.61767296239184,162.2910298329125,715.3091885529855,25.700733420014128,0.14618846217314654,8.488505274146595,9.603004550147249,4849.204782525136,oil_pressure_drop,1,2,300,900,0.35291108305251867,-6.717406160959696,4.827612706017473,-0.4314250959780333,0.10171145190308652,0.6902897920681249,0.6426234538770275,-0.05346365378616397,0.762771285475793,200.0
504,cruise,4104.489614467439,59.742226659503785,47.88626565816962,95.7725124061319,160.31099860280403,715.7386096683181,25.92561707689836,0.15950024516707909,8.195892430973476,9.271020692425923,4810.068505740426,oil_pressure_drop,1,2,300,900,1.4371364343851032,-7.5130120844747745,5.178478437919182,-0.11224986375364235,0.09639320293484553,0.1445897679042237,0.341378930471706,-0.32169226718309746,0.7616026711185309,200.0
505,cruise,4090.778016257814,58.71492701796406,48.59845695416354,96.0896090099943,160.34134233166938,719.0350283683356,25.811480375323903,0.1570987842025471,8.525938888229797,9.778481543842185,4936.352911446883,oil_pressure_drop,1,2,300,900,0.036469532451414564,-6.329933680870253,5.4473638153627535,0.9096869285571304,1.1783645773333635,0.3709660099296502,-0.5732497785823214,0.16475624629418462,0.7604340567612689,200.0
506,cruise,4124.384827740386,60.39297561089732,47.40242597792407,95.93465224650487,162.26203836749437,715.9615349098111,25.74521585817247,0.16316884347096589,8.305656809483256,9.421798612672482,4893.740202798587,oil_pressure_drop,1,2,300,900,0.0753168903705079,-7.490204093000339,4.629751704768477,0.524693326921368,0.5302032944683166,-0.46454240540369496,-0.8627223454957845,-0.35906979526706706,0.7592654424040066,200.0
507,cruise,4109.200992133431,60.6995369134613,47.16251108222142,95.94617542372575,161.2942410824287,721.0050349933676,25.83300951383727,0.15968078042932474,8.450599097816092,9.591548744058256,4820.3366811215365,oil_pressure_drop,1,2,300,900,-0.33145341281288004,-6.02818999647412,6.109502515593155,-0.5162106063877693,0.5724481492500556,-0.36591969581907097,0.13549562487933886,0.7047027522377641,0.7580968280467446,200.0
508,cruise,4116.927847140929,57.66723189081228,47.164974475329664,94.4887821472925,163.61979225213116,716.1837459731979,25.670134655158755,0.15562508959700466,8.40493478710949,8.646656360177008,4969.5148996815,oil_pressure_drop,1,2,300,900,-0.664474214958156,-7.2836140245471395,4.183132679072081,-0.9030685040878145,0.06104710946003478,-0.5506843618484007,0.34688894392928354,-0.8930733434510504,0.7569282136894825,200.0
509,cruise,4085.732712786747,56.02296392801078,48.139702048696684,95.57626197120184,159.99084193553568,714.3403855082109,26.045605670455817,0.15902355936732224,8.39990115862603,9.213990210786614,4880.781248526843,oil_pressure_drop,1,2,300,900,-0.1520953440009255,-6.700718504774026,5.164337958347009,0.12177561098721519,0.4899147771351835,0.06709713377563563,-0.9360819016207573,0.129130376571376,0.7557595993322204,200.0
510,cruise,4093.2409974765105,56.59401045717563,47.297673689743526,95.08739569303681,161.61915827949687,713.287796540894,25.610655600153294,0.158506925003614,8.28994182323962,7.858698677297613,4853.071029842718,oil_pressure_drop,1,2,300,900,-0.7187228089570611,-6.811793814407077,4.734983499784474,-0.49790261486078324,-0.3207375142534208,-0.009753263156033807,0.30977492368036147,-0.810500276196745,0.7545909849749584,200.0
511,cruise,4115.159773865206,59.27525848161925,47.486230577637954,95.86926827808243,159.77233565186503,715.4638214730234,25.99862172938161,0.16664991325403083,8.44781956789165,8.136804833531645,4917.628056420117,oil_pressure_drop,1,2,300,900,0.11593057615420295,-6.914757458154388,5.521980626832675,-0.5454460971216322,0.38780404474385227,-0.7703233811945509,0.2733701640990356,0.4306285380579645,0.7534223706176961,200.0
512,cruise,4119.009999948227,60.093504572481386,47.18012837343313,95.98650042685729,163.64185654354964,718.45756156398,25.600227757825483,0.16527108900645796,8.449801580139342,8.001596948708611,4812.922544860447,oil_pressure_drop,1,2,300,900,0.20461158873613952,-6.978509670703553,4.965816933110716,0.4631589352683381,-0.42130264368094467,0.3923589570888681,-0.5793954987171255,-0.1821305464431051,0.7522537562604341,200.0
513,cruise,4114.320967307695,59.091257602868524,47.39374659772564,96.22297230920532,159.48376113268185,715.1212236152347,25.694104187726168,0.1491187273182838,8.466244907052754,8.885635335930854,4697.621981264846,oil_pressure_drop,1,2,300,900,-0.1418141406965836,-6.94238618912934,6.138880912424904,-0.10096756277243628,-0.3659456317065663,-0.6580899540459332,-1.0437761451487237,-0.12539751897080637,0.751085141903172,200.0
514,cruise,4134.094142815826,57.039862880961046,47.4141464920005,94.5651278950822,163.36899311643197,720.929089475382,25.791358708165436,0.15289496855885495,8.784567097707605,8.224580699245674,4986.229760420388,oil_pressure_drop,1,2,300,900,-0.9352164463242603,-7.916160235957714,4.765760329182591,-0.08830848097436403,-0.0330316773708661,0.34389250717065667,-0.2828535927342051,0.8425218962932771,0.7499165275459099,200.0
515,cruise,4120.132612153767,59.37383032716051,47.32547544307118,95.12930055395381,162.38437594023176,718.1720073923808,25.823308959096416,0.1505117284249175,8.472091041977382,9.816653548621328,4956.68049448499,oil_pressure_drop,1,2,300,900,-0.027312608113685872,-6.37686522316648,4.055111930389649,1.1374742666381161,0.06057807279953491,-0.2921250755606746,-0.21123667701894133,-0.21312638808577083,0.7487479131886478,200.0
516,cruise,4104.947597691793,61.189335011111595,48.01631486329671,95.42103111141823,160.57357049961107,707.8552801298864,26.180801537802193,0.15226910030133056,8.314194278183596,9.717926932081811,4953.74139330478,oil_pressure_drop,1,2,300,900,-0.16831327200669122,-6.617173391854958,4.923472461335357,-0.7740319640885113,-0.9536100442984059,-0.5192262541070498,-0.3846947186896267,0.05532049220215397,0.7475792988313856,200.0
517,cruise,4081.736032393427,54.65871176211454,46.6156741101299,95.69180138007003,161.04811431114533,719.0738273990715,25.94745853415282,0.157932739857073,8.494655812006654,9.387763704861696,4856.816830233352,oil_pressure_drop,1,2,300,900,-0.2093278659465923,-7.689744097551079,5.214420959172147,0.6361867312816634,0.006254336412977199,0.5223362468553708,-0.3234585226432076,0.06044580356768428,0.7464106844741236,200.0
518,cruise,4104.452676080726,59.18584613260022,48.38912019417643,95.47322648217087,164.33759270728163,713.1505085537303,25.98563243813257,0.14936195325141655,8.499609225267301,7.777823302882256,4877.993012924205,oil_pressure_drop,1,2,300,900,-0.3217526045391196,-6.924966445958053,5.047959761473039,-0.2353263412051354,0.03847474746962627,0.983170254351609,-0.3251082344707568,0.5044402733025535,0.7452420701168614,200.0
519,cruise,4104.724918751372,60.54591738702448,47.77318605227795,96.50524826291625,162.07070129715396,712.8287634534353,25.761778771469434,0.1564306280269838,8.570133000793314,9.024322385514125,4977.137623532787,oil_pressure_drop,1,2,300,900,-0.21193190696437084,-6.7425738456700754,5.41155735083802,-0.11173318257327443,0.36743412594736286,-0.2269324801153695,-0.2709263159114,-0.7268035843439069,0.7440734557595994,200.0
520,cruise,4114.044564470237,59.13680190531624,47.455866409752666,95.37393867585729,163.06263956205737,714.5507564404447,25.891003899443657,0.157984532244711,8.150731129655547,8.910619531608624,4947.389113840079,oil_pressure_drop,1,2,300,900,-0.06856237816563691,-6.371250204122487,5.705503624961127,-0.46217530111145205,-0.29679926251730526,0.3619340496544829,-1.281543291482004,-0.033596791948292265,0.7429048414023371,200.0
521,cruise,4111.254977846356,57.66192481929756,47.29572792353366,96.09213915271462,160.26185944386958,715.2055722733992,25.734469667755835,0.14856141957229727,8.788683946658393,9.508983637984288,4907.130021901206,oil_pressure_drop,1,2,300,900,0.32973507583899364,-6.630035677496768,6.547848158011318,-0.7508977746210924,-0.28314066325335646,-0.1026671921546662,-0.6820967919390653,-0.03238968149518229,0.7417362270450751,200.0
522,cruise,4119.646906347837,57.39032563053498,47.545795530936786,96.64728219688685,160.8823012373773,709.659385924455,25.441460472398216,0.15357381391916136,8.664934447752692,9.204845344272966,4871.652154596019,oil_pressure_drop,1,2,300,900,0.5525990214221882,-8.055881418545143,6.008221610296017,0.007493171039021465,-0.0294531391384994,-0.9957086306457404,0.17999341321916404,0.04428909886114179,0.740567612687813,200.0
523,cruise,4100.684427790599,59.2916657386551,48.24790460335577,96.54353730336194,164.36410203409827,717.8926449449101,25.79764010249181,0.14788798514023582,8.27598632526576,8.674441724247814,4750.900475347483,oil_pressure_drop,1,2,300,900,0.43539172719200936,-7.912108264389883,5.088839873160246,-0.4086442341887294,0.8402418057786827,0.014244455328423389,-0.056973457651549785,-0.23853462271666512,0.7393989983305509,200.0
524,cruise,4131.42973416998,55.4048800714436,46.89213998785749,95.56121224546713,161.5426357881423,715.8582281709209,25.98699514325714,0.1497649239915209,8.623195939805173,9.854796357041852,4735.293909565118,oil_pressure_drop,1,2,300,900,0.14244750588111385,-7.730509916594759,5.663349000685238,0.7200711221619722,0.23308438603231454,-0.13833074644724416,1.1478969720770582,-0.585430968217063,0.7382303839732889,200.0
525,cruise,4139.99328208052,60.36420405270138,47.40047417924825,96.38049548666035,163.7341157603517,713.5713854880308,25.602428627808084,0.15250487174176425,8.414674373694966,10.46003908840294,4985.053468987782,oil_pressure_drop,1,2,300,900,0.1455506798704801,-7.657449990738601,6.121568636754175,-1.2481807624067907,0.09936469111093761,0.12478530441154316,0.2835039089534672,0.1339553864951106,0.7370617696160267,200.0
526,cruise,4107.430767687965,59.68549154334787,47.47213303010282,95.85329266048106,160.62428011310777,712.802485888564,26.079972651289147,0.15510185445766198,8.498713921925397,9.547763627032866,5000.65187142103,oil_pressure_drop,1,2,300,900,0.20917048934166524,-7.434780346423577,5.381490599149116,-1.2362963081366685,0.03964536494394173,0.5344719159949736,0.4424437746901037,1.0420528996750937,0.7358931552587646,200.0
527,cruise,4101.137909987208,57.42513051431738,47.139351755614165,96.42151455600262,161.79811280472907,717.2411086765064,26.26035949898274,0.16340869673899294,8.552168177374822,9.315784695240849,4949.470003665121,oil_pressure_drop,1,2,300,900,-0.49260446099817107,-7.66351534611335,5.729948262083205,0.4120326855011514,-0.3922402378324606,0.08600012028098049,0.22886086628759458,0.23261665119242012,0.7347245409015025,200.0
528,cruise,4114.895062818202,59.14513649860472,47.239023008087514,96.1768337923584,162.87109574065136,711.8777549361108,25.896969504039625,0.15885637397119803,8.47478578081366,9.319193177793869,4813.888398978212,oil_pressure_drop,1,2,300,900,0.13284390072173047,-7.147788339597343,5.200269453435564,0.030080051958969362,-0.11301887703987665,0.461340431283351,0.03921476921922093,0.0401927014349855,0.7335559265442404,200.0
529,cruise,4109.0002232804,60.90345071387445,46.861726422415835,95.45383805257134,163.03242898312655,714.8850092944379,25.95811875095233,0.1467385128595572,8.4499715489634,9.817043342101417,4902.559056978351,oil_pressure_drop,1,2,300,900,0.41472841740401517,-7.894444142547145,5.487111899939706,-0.5513925853102885,0.6264937385101699,-0.2944316352208446,0.22748339691224204,-0.23467708835808196,0.7323873121869783,200.0
530,cruise,4143.988028126694,56.70588793515514,47.584676876758216,96.81405996412384,161.02624335669114,720.169771435392,26.025893859705057,0.15780523066192537,8.491725747365114,7.441848228674781,4868.170442009448,oil_pressure_drop,1,2,300,900,0.8115359707556671,-7.917517799301818,5.40317725851947,0.4720856260398681,0.04431442915259969,-0.08858713383514843,-0.3365561187881716,-0.7035635723688786,0.7312186978297162,200.0
531,cruise,4136.499330345934,57.04261762925559,46.58882314832665,95.68213146074793,162.7305388741188,720.1055845656008,25.5250200279498,0.1583251292262862,8.56925507244815,8.316800123964953,4818.724863338289,oil_pressure_drop,1,2,300,900,0.41074911472884934,-6.4921016511912875,6.137034546202825,-0.07542273328699531,-0.36736505541990094,-0.06251782645109003,-0.06784056143933644,-0.29367175462886247,0.7300500834724541,200.0
532,cruise,4120.825727397637,63.92555241736695,47.80702149577752,96.68350601422476,161.27151927451507,713.754929516634,25.582912525311823,0.1464189544701934,8.476155204913805,9.753826913541106,5007.916873066967,oil_pressure_drop,1,2,300,900,-0.7694334028021012,-7.312878050611756,5.893888040865824,0.2584007984596274,-0.028704937026336416,-0.20294501103491594,-0.31903585081477365,0.35757883954206143,0.728881469115192,200.0
533,cruise,4082.9267692264116,57.518435250456626,46.20345138723327,96.03920214119013,162.17418011598127,718.5206776297239,25.32004436973811,0.15760543220817502,8.478299136381386,8.572847101545449,5045.576099941779,oil_pressure_drop,1,2,300,900,-0.5032257790271826,-7.358061909586707,5.189591266869665,0.8360898564087084,-0.28666414584539884,-0.4599420953563907,0.6024716794543524,-0.2606056285602441,0.7277128547579299,200.0
534,cruise,4087.546922566099,57.449420238031095,47.18892727714422,97.07562032515429,160.7983338159088,710.7739457941943,25.71126343324332,0.14726931399558485,8.620997416416376,10.703165501816933,4942.482470326048,oil_pressure_drop,1,2,300,900,-0.09554390363415648,-7.350722578218119,4.73053805446305,0.4029937562098766,-0.481064830076158,0.004534674341710104,-0.10945029339926383,-0.41596160219988293,0.7265442404006678,200.0
535,cruise,4087.350606650947,57.07047704308169,46.818002387518995,95.01897785971376,160.8766177506658,720.4813198308931,25.69488889961564,0.14327120432761747,8.423457695957067,10.913912804639113,4835.229546163703,oil_pressure_drop,1,2,300,900,0.42642671272931365,-8.470860465881302,5.304100902098108,-0.7093398824843167,-0.23647219525851468,-0.15173767822495285,-0.44414187469922783,-0.7215936787339798,0.7253756260434057,200.0
536,cruise,4108.954293262387,61.02459175638347,45.99458935246906,95.97780478106624,160.9752704984723,711.971474687124,26.106086918926756,0.1476036499466429,8.594543843050735,7.078997676013266,4669.852924047039,oil_pressure_drop,1,2,300,900,0.8604477145408925,-7.805934137891094,7.3456241306454135,-0.36731440558712647,-0.4463935397937323,-0.9658265990328515,0.39868252015241595,-0.2897690950664808,0.7242070116861435,200.0
537,cruise,4117.452781598719,56.957251178874884,47.393248331077004,96.1858741796862,163.32839582192975,714.3599299575424,26.023547128719716,0.16158184566865533,8.404517338019962,8.468043779226939,4949.784307260227,oil_pressure_drop,1,2,300,900,-0.05251387320452679,-6.916305929701402,4.7751472327844535,0.017818447493903267,-0.4119133586156637,-0.2171179213964506,0.5919221944567998,-0.0007674487647608172,0.7230383973288814,200.0
538,cruise,4108.7915538350835,55.20402687985608,46.86880598637319,96.56407026660521,161.78509443612793,717.8252545485224,25.75961170970124,0.16047471934474933,8.37445965675549,9.914727815788511,4882.171168085657,oil_pressure_drop,1,2,300,900,-0.16227639892651835,-7.9159230728539445,5.828456278706253,0.3660237980953101,-0.19998718709950714,0.29593983718299793,-0.3997859502849911,-0.797718456801844,0.7218697829716194,200.0
539,cruise,4106.724994981574,60.772674476702505,46.90423160844318,96.81927028952661,161.325774999486,714.4232836419153,25.754325575228147,0.15299179638187876,8.538854082809124,7.4163725421603495,4844.822171577048,oil_pressure_drop,1,2,300,900,-0.07061421445200183,-6.343646068844254,6.5670074741124145,0.4332855934243016,-0.4359383028253074,-0.2378468401420518,0.4907411430046478,0.4852190609460757,0.7207011686143573,200.0
540,cruise,4122.367080324582,58.84224456659556,46.6466206040197,96.9658316498743,161.03593642637745,711.8592020671738,25.795737451472164,0.15328168538852507,8.793288773169118,9.528654275068762,4899.307076660697,oil_pressure_drop,1,2,300,900,-0.187094012784118,-8.355738284347478,5.48089269793591,0.14430847846710187,-0.6249296675457459,-1.0121443788220499,-0.1405082403219734,0.22683267614372699,0.7195325542570952,200.0
541,cruise,4138.050261486581,58.258358573995835,46.16319305297624,96.58891028186483,161.9012860696307,717.033744920711,25.70606428400384,0.15484991000025525,8.334539486946198,9.29327618544906,4919.709024678924,oil_pressure_drop,1,2,300,900,-0.2731258629237963,-7.8385016744517815,6.24214269728643,-0.8243981577949034,-0.03658115219603054,0.32673944054622234,-0.18580292451632183,0.16629987474634497,0.718363939899833,200.0
542,cruise,4129.933383186884,57.70053770028372,46.700208572732805,97.4298610164004,163.00915417072432,709.2856029102637,26.03680844927507,0.1587021321944369,8.551305186043654,7.988764036425674,4858.406383963311,oil_pressure_drop,1,2,300,900,0.4632833317619154,-7.850426223232675,6.218794677974254,0.5710213754047708,0.18282782094090697,-0.28445495170825885,0.013343554069903193,-0.4887471413132013,0.7171953255425709,200.0
543,cruise,4102.777487143466,59.378156722503896,46.61570259989538,96.07440034215624,165.67853755441277,713.7642882533714,25.78201375594381,0.14103043219434339,8.632607489460243,9.368388902993017,4751.495817318356,oil_pressure_drop,1,2,300,900,-0.5826151555135735,-8.35027392928651,6.286286105391659,0.12653417350321844,-0.623817188458378,0.12546689349541756,0.1618826043476488,0.16083203226919232,0.7160267111853089,200.0
544,cruise,4087.6560563418734,57.903114835418904,45.55148768357767,95.82368778159366,162.8297747326424,717.8075042637932,25.90422069308533,0.15860336693076635,8.271821694477067,7.588166253244442,4720.773055344314,oil_pressure_drop,1,2,300,900,0.7983173607922,-8.329934986411331,5.832232960684464,0.21585253461432802,-0.11195741603528596,-0.04741076927759934,-0.40598052680092667,0.30466288316678164,0.7148580968280467,200.0
545,cruise,4091.8670803240407,61.653589291759054,45.63170428768859,96.61666167908824,162.8877221620549,714.3723334516325,25.86380042131334,0.17054891248666307,8.377147335045226,8.530511510293394,4909.152075522092,oil_pressure_drop,1,2,300,900,0.3413795316026392,-8.410511394524162,5.9411470122626895,-0.3670522649851129,0.3628669401383485,-0.7716928405601629,0.96640218133365,0.39092086361337713,0.7136894824707847,200.0
546,cruise,4116.052423143148,61.33549283664196,46.02563604516177,97.00549947775298,162.5087861265773,714.4778819250556,25.900703766894107,0.15188350006755377,8.671863133757755,8.412150552648233,4737.876437865176,oil_pressure_drop,1,2,300,900,0.25746289903925007,-8.739108358388137,5.860841842320166,0.15667253896892433,-0.5409823105000735,-0.3525133240311328,0.38561487946047907,-0.08455674160507522,0.7125208681135226,200.0
547,cruise,4105.737716827599,63.80138559917696,46.88769819601799,96.26136566476451,161.04514909695285,721.0843364076557,25.983764293872877,0.14945740810884267,8.61539367810982,8.134810642677802,4802.058169648708,oil_pressure_drop,1,2,300,900,-0.4249072444807834,-8.792954460613018,5.836167651243816,0.6420252409134234,-0.047935098199666036,0.7977978765575003,-0.4300863175853205,0.0002697781956068673,0.7113522537562604,200.0
548,cruise,4105.091622678841,57.52291137768022,46.30901954231611,96.23007446919911,162.67804022611313,718.8924535834867,26.06781233521804,0.15462254475460946,8.327754862537551,10.835823506147884,4674.820804107205,oil_pressure_drop,1,2,300,900,0.791793020908016,-8.16783592822034,5.871937904227122,-0.9030950823629075,0.7077947553657822,0.09073103575570234,0.3994353447022266,-0.3144266080249239,0.7101836393989984,200.0
549,cruise,4106.160013877724,57.44343259145652,46.42893298494455,97.26071690745567,160.71564286297013,711.6337279817246,26.183586785832336,0.15410927331446822,8.413770273742275,11.313106728175752,5051.0313936843095,oil_pressure_drop,1,2,300,900,-0.20632179483923646,-8.703418532247255,5.484411409270067,0.4958247369005121,0.08015775343465438,0.2484531568242476,0.527200304397412,0.17724627075454766,0.7090150250417362,200.0
550,cruise,4113.786618583455,59.584804095688135,46.694222121107984,95.97402318858445,162.80621352373106,712.046150731042,26.142617202495767,0.15095736602779436,8.4520749957872,7.692141063166991,4991.427342283248,oil_pressure_drop,1,2,300,900,0.026688179146704533,-7.569165817169508,6.393534383233583,-0.010669259171877577,-0.444636644864268,-0.7302887225488223,0.6207217990330394,-0.03591338325994494,0.7078464106844742,200.0
551,cruise,4133.512886828846,59.240476983697754,45.96024392327523,96.91063022984297,162.73391792816557,716.6790520491409,26.238875978574576,0.15967964461003722,8.501945323123392,9.877165511004618,4941.112863204723,oil_pressure_drop,1,2,300,900,0.30189303883523316,-8.433833308740065,6.524829669179622,-0.2689858577425543,0.034988154543997285,0.3963914273913465,0.24419648089552817,-0.1603203904305744,0.7066777963272121,200.0
552,cruise,4089.61466909932,57.1289254317282,46.60801559536985,96.83783961246095,161.10058416712693,716.8205680142223,25.939724503049508,0.15018585788589914,8.430482289559807,9.534035616069605,4977.250943237464,oil_pressure_drop,1,2,300,900,0.35674951460273935,-7.716185663800443,5.9196119336360775,-0.08291220926752338,0.49696194688959117,-0.444475711440053,0.37405493632697845,-0.2978402312431925,0.7055091819699499,200.0
553,cruise,4096.940134458741,57.049059223014304,45.764530559580805,97.4526350471268,160.42053350374363,715.3242056548086,25.610764363233134,0.14601573077668709,8.477049478510073,8.747703015477006,4975.229657640808,oil_pressure_drop,1,2,300,900,0.49329635994250015,-8.395804247773796,6.613838855196766,-0.5616117607273264,0.045209487571256625,0.5179064769291115,-0.32302861228827723,0.12956245830682947,0.7043405676126878,200.0
554,cruise,4109.14951497324,57.79359722762024,44.9973550278569,97.39443415953637,162.3101639706558,714.6312414310171,25.76561249808375,0.16824007285670792,8.473097025787611,8.387175991522916,4844.098332775029,oil_pressure_drop,1,2,300,900,0.5226725808178536,-7.830363723793882,5.8349625403314445,0.13398691917727987,0.5010247560506906,-0.9882087112044021,0.26926111384461604,-0.5100743644347587,0.7031719532554257,200.0
555,cruise,4113.592796991156,61.632059791477516,45.91489917971043,96.70806400926598,162.24634275662035,712.8809932837107,25.893612015662963,0.15871238021817688,8.483497612501766,10.246730878686323,4880.427147214721,oil_pressure_drop,1,2,300,900,0.1858910925386714,-8.656899064358086,6.19929118405899,-0.43648055682627585,0.10216898426810303,-0.4382138506050134,0.4144934086774336,-0.7796133176099901,0.7020033388981637,200.0
556,cruise,4109.551525713619,62.30855853319668,46.60669406138035,96.90112679990771,163.7288967665014,713.8955898270249,25.847720808082425,0.1542806217817745,8.366256734347429,8.679074779127717,5079.166304574253,oil_pressure_drop,1,2,300,900,0.27916382760342834,-8.417691436739284,7.033791892079319,-0.23311123767162503,-1.078302456807938,-0.2205628475722066,-0.01568172822142933,0.3725077058380316,0.7008347245409015,200.0
557,cruise,4103.316157526649,62.52426014072388,46.00601043542034,96.69070293230116,164.581755966973,712.806290681528,25.925363020950613,0.14787358662979314,8.406740617589426,8.277274863656755,4895.673084976289,oil_pressure_drop,1,2,300,900,-0.31155051940527134,-8.413941490468204,5.974079406777361,-0.10626300944196984,0.5214246716472647,0.006241053754215855,0.018005214743795336,0.6877862310016165,0.6996661101836394,200.0
558,cruise,4106.370988100546,59.49962627248904,46.24077415612857,96.21196757075487,163.86454380617073,713.4654100944418,26.062579183529312,0.1616231137312872,8.127600418256963,8.01962120303148,4835.457590303149,oil_pressure_drop,1,2,300,900,-0.7812115333606496,-7.931437423683292,6.808596868309139,0.4997427638627587,0.29563251928320045,0.010592543544417538,-0.3031095453295997,-0.33625212568417756,0.6984974958263773,200.0
559,cruise,4113.325699115706,59.85369375827739,46.71472382832434,97.47405981067175,161.62965879858217,719.4468751968592,25.547554544418592,0.16018265100041232,8.43454743143222,8.048124736810239,4785.564100498123,oil_pressure_drop,1,2,300,900,-0.00658311635547631,-8.541337384059048,6.600919999699333,-0.14419382674700115,0.01014406207631278,-0.419499284063232,-0.2260476688462918,-0.36566753599710566,0.6973288814691152,200.0
560,cruise,4106.693886846204,58.38511143901207,46.518489964599844,96.98998566711404,161.8191549171978,721.4369360791404,25.727643526582,0.15583275980046113,8.76586896608978,10.961407159965937,4913.504751687353,oil_pressure_drop,1,2,300,900,0.725893253581669,-9.677980092151818,6.058651053842634,-0.41970138456636547,-0.03842485286447532,-0.46801523408624435,0.4655324029385484,-0.018378599499209357,0.6961602671118532,200.0
561,cruise,4049.9394267175985,54.7776483339087,46.29801534598382,96.77938908791872,160.50064080358828,713.9333735290613,25.75060423023386,0.15274900053576376,8.587156841649698,10.288221386006903,4723.596267885784,oil_pressure_drop,1,2,300,900,0.8047167209204893,-8.44881990577091,6.5341442165623445,0.7193731683821682,-0.530124880829209,-0.16489996336445553,0.4935841073812464,0.984646742113539,0.694991652754591,200.0
562,cruise,4118.827714448246,59.13710516561864,46.72394430627982,96.4355844231537,161.2002146392978,718.1367392037826,25.363847222014613,0.15661390067045125,8.758296248738123,8.164366632662933,4834.00692930277,oil_pressure_drop,1,2,300,900,0.1274235930107638,-8.599713672501805,7.202379738298154,-0.4235513445814135,0.060581350906562886,0.1821731534085896,-0.8443171570840357,0.37360140588069657,0.693823038397329,200.0
563,cruise,4108.625782757307,58.961280551196104,45.939247280363496,96.82450327386323,161.3146609933521,716.868278825602,25.858185660754412,0.15153405930854827,8.849198255320562,8.36974900762941,4912.387350893177,oil_pressure_drop,1,2,300,900,0.4925293290100437,-8.43609518277917,6.423846989726128,-0.5599724462638436,0.5199047694702407,-0.43783783660232745,0.1866969758845584,-0.3608449653735184,0.6926544240400667,200.0
564,cruise,4108.1360282957885,61.80003748459827,45.03526088359254,96.51125761813455,160.31343780345304,717.0291104013971,25.688638866401167,0.1465691987394981,8.34969582792366,10.104410854129714,4996.190356226834,oil_pressure_drop,1,2,300,900,-0.5461484456479917,-8.909067540233096,6.410061832339246,0.5704744102384534,-0.03676517595125804,-0.6716453265690949,0.31640805896737784,0.29282842980341367,0.6914858096828047,200.0
565,cruise,4073.939016539477,58.104294039371084,46.495979639978295,96.48426918518281,163.2146375978135,711.9595826109609,25.4775507207703,0.16182494616084947,8.680760497479712,7.632888299291639,4839.110548766977,oil_pressure_drop,1,2,300,900,-0.6006915150475863,-8.596313237055606,6.316326474213085,0.31537067036817296,-0.07251317567678743,0.026838579232982322,-0.1597503350870327,0.8523143514825933,0.6903171953255426,200.0
566,cruise,4071.7701039430117,61.786756902526356,45.11198688636213,97.12775050590511,164.1759432954391,717.2455474881988,25.76161678951887,0.16453360174477644,8.651706832265019,8.541915756466349,4823.847402286567,oil_pressure_drop,1,2,300,900,-0.892214815149956,-8.329071723687802,5.640394549450693,0.6386585845119982,0.22529478748124135,0.055873816219385745,-0.2647232323030917,0.46537418159663696,0.6891485809682805,200.0
567,cruise,4096.559508426084,59.50497389424718,44.56867143280202,96.74636557788389,162.50328826266332,715.9623993473839,25.87577949153664,0.15499785228481852,8.485873208655521,9.364158844324601,4800.745570120141,oil_pressure_drop,1,2,300,900,0.08446272025265551,-9.666200180357794,6.563600887586515,-0.312239002082033,-0.5549908665054947,-0.0684618313746929,0.3966853627030852,0.12042175670059513,0.6879799666110185,200.0
568,cruise,4115.971750110449,59.060286143209254,46.30247918815074,97.75149602178521,162.10078689145826,715.540587914292,25.663723581757058,0.1486260819452036,8.18873302691022,9.174535874098819,4760.795810029503,oil_pressure_drop,1,2,300,900,-0.56214288224362,-9.033057106496011,7.3399350688083596,-0.5882686267246476,0.6110621791791081,0.21090860667456943,-0.23153736517597953,-0.2382195260883808,0.6868113522537562,200.0
569,cruise,4125.457065706196,56.454813193246416,45.843607505620994,97.13896343694768,160.05142967279164,719.4075701626074,25.524304816262894,0.15688557924765947,8.64340458284636,9.62679055481163,4919.345367766347,oil_pressure_drop,1,2,300,900,0.5550101296682622,-8.302341534190482,7.22252992949121,0.030701918028065083,0.7352416327948998,0.5906325528939343,0.10548888828548834,0.18204898083496732,0.6856427378964942,200.0
570,cruise,4168.866045209278,57.32134341419018,45.81198348579493,96.05925458794991,162.16627612837445,711.3401465500178,25.86703596234836,0.1649148239943288,8.763739134046565,10.232759090965878,5053.870096852287,oil_pressure_drop,1,2,300,900,-0.08992271952939812,-9.83441752078604,6.847512318919139,-0.10033904572544286,0.2699066470813104,0.06267048402500573,0.397809977575441,0.7082305339500298,0.684474123539232,200.0
571,cruise,4095.04489128879,60.46993869717948,45.586896326320684,97.89520279439117,162.3054739322511,716.2717398791871,26.11084214839336,0.1573306321346183,8.350957790760933,8.690027699309546,4749.051427098988,oil_pressure_drop,1,2,300,900,-0.2440385586812388,-8.687079422501341,6.310085754696877,-0.23743813233921307,0.0886206816569099,0.5727732914155892,0.6534077851631224,0.919938684329104,0.68330550918197,200.0
572,cruise,4097.753184081511,56.25818777169689,44.703291403615324,97.16350603459492,160.3147952475122,719.2453588119869,25.876390069103373,0.15755799836558174,8.389544845008432,9.012176862524717,4978.2550252413785,oil_pressure_drop,1,2,300,900,0.10075395430791696,-9.43462889668741,6.05014168797982,-0.6341986448105237,-0.24318265398860794,0.15736028811024677,-0.25621151832515454,-0.30264233715083344,0.6821368948247079,200.0
573,cruise,4127.042379959855,55.97231974886514,45.76300400154145,97.4051256324919,162.99337015757183,718.326121023107,25.850567656582754,0.15648960985985785,8.262297117098212,9.434691131921227,4843.42509024756,oil_pressure_drop,1,2,300,900,-0.10845275852794503,-9.103294933160527,7.429374094999776,0.10006395558229883,0.5095130232591867,-0.047028214094521334,-0.886359111499685,-0.05118076160816162,0.6809682804674457,200.0
574,cruise,4122.988544168538,59.687779063069065,45.27414292987792,97.29693107234176,162.99178417791413,715.0466883579656,25.956052871650947,0.1536747922860652,8.530170248140704,7.81253593748938,4738.901575153914,oil_pressure_drop,1,2,300,900,0.6420793826603474,-8.758847680685587,6.926134387149571,-0.3841728918116755,-1.5093954041294717,0.35840991030760894,-1.1855822650067278,0.09928887385840945,0.6797996661101837,200.0
575,cruise,4096.7542159040595,57.66653919965273,45.92456213120353,97.23844854740604,161.7363666317589,715.5575957462039,25.669870266877812,0.1393512303441024,8.6469538306824,10.118012320776675,4867.528871583062,oil_pressure_drop,1,2,300,900,-0.5481074881890691,-8.781798517112714,6.873637848798386,-0.958156945091011,0.23471631451332933,0.08319227520019612,-0.31596342917420306,0.24561457940664377,0.6786310517529215,200.0
576,cruise,4100.934057862482,61.60792057388505,45.097797865836995,97.41779577479087,162.04842407905988,715.2473967397051,25.88618576561782,0.15041228086555708,8.390096435945445,8.726699139116752,4708.715370795359,oil_pressure_drop,1,2,300,900,0.7091105097828053,-9.234299137997523,7.044096492237169,0.24556070244222167,1.0173091124808813,-0.5067287937807717,-0.4771244773561517,-0.16115574802476731,0.6774624373956595,200.0
577,cruise,4108.220526476482,55.186777963854034,45.60729558146545,96.84349924800888,161.24960079112975,717.9682925488353,25.739713762847547,0.15757288327284044,8.707067659897216,8.476392646429062,4954.514710442171,oil_pressure_drop,1,2,300,900,-0.18497789651007915,-9.598479364788064,6.521806085366914,0.37922438468495157,0.03192967221340521,0.475012061034082,-0.3922805549810223,0.8470979345694669,0.6762938230383972,200.0
578,cruise,4120.0032458576425,57.196680082032024,45.352023008551434,96.181723101101,163.25659900423665,713.6296488120994,25.884006425927215,0.14864659992345222,8.523243058765452,8.454959355778048,4774.74233442458,oil_pressure_drop,1,2,300,900,-0.18033919872868379,-9.67246590467627,6.293452887718142,-1.0750745607376484,0.1254569168797672,0.37883735888579884,0.13985838794958724,0.4617562319841261,0.6751252086811352,200.0
579,cruise,4113.644372009801,56.74648317469261,44.33752629128463,97.99391393374982,161.01804944871648,716.5342276301373,25.744300379571857,0.15196739103263152,8.417674245431682,8.122645194225566,4888.317456413165,oil_pressure_drop,1,2,300,900,0.04782929739969033,-9.437573641132078,7.083993110139897,-0.09855566312304846,-0.5915116367545089,0.020932738740774413,-0.5527337074041664,0.6032509575885189,0.6739565943238731,200.0
580,cruise,4076.8221699530955,61.525171722276575,45.37486990060717,97.70661868192406,161.44962546598208,720.2439693822394,26.15410213644804,0.16031444646297258,8.67052484827037,8.434046847523994,4946.550059337423,oil_pressure_drop,1,2,300,900,-0.24528541525355718,-9.101411424231218,6.749837077119812,-0.8206884071687598,0.6293652752831724,0.5734108749562916,-0.15031486356737064,-0.02979421430495399,0.672787979966611,200.0
581,cruise,4104.3999328377395,60.609701677788834,44.686660446047895,98.08114888800633,161.09388863167067,710.7501174751994,26.325446277899136,0.15936438548053988,8.250941741687368,8.162276096992994,4778.469780686864,oil_pressure_drop,1,2,300,900,0.6960570034103294,-8.763109289243427,6.636985128829373,0.4083647841175939,-0.6960492703181264,-0.14400357877826986,0.6058380504529824,-0.3729978335655561,0.671619365609349,200.0
582,cruise,4124.342356926634,57.86625031888432,45.2299779322104,98.1484705836908,162.60001596598352,716.3443541120237,25.840906696560797,0.148715546902934,8.39632577378753,7.176957942201799,4860.519408564825,oil_pressure_drop,1,2,300,900,0.04701584350136444,-9.012876655384918,6.661686767407228,-0.29225623354504504,0.3306052934025262,0.26630128199306835,0.4613400019880463,-0.11702573791172771,0.6704507512520868,200.0
583,cruise,4138.874804718062,63.138044707285985,44.96829004691029,97.7413783356575,162.97744458774525,716.2058800288515,25.836732508324623,0.1572551030282817,8.484445689275152,9.287791603698215,4863.59775363248,oil_pressure_drop,1,2,300,900,-0.41031525737442104,-9.039692612733763,6.217323351935161,-0.15893324836851097,-0.29034330417127086,0.5897555812496655,-0.17291501485261365,-0.3576987654974398,0.6692821368948247,200.0
584,cruise,4079.63294665626,56.81284066048041,45.7226646996381,98.36390329917963,162.701990840531,717.1153660310214,26.149222925204736,0.1724451914045532,8.52473039589825,8.952620063493098,4687.672528083864,oil_pressure_drop,1,2,300,900,-0.36699612444957763,-9.304810886826068,6.8828961143286485,-0.08999013508859312,0.5481119902459431,0.8565283481155432,0.49485651193949876,-0.8058853111318683,0.6681135225375626,200.0
585,cruise,4104.408236028668,57.89380742816297,45.29762721662818,96.89570944314025,163.40673090042765,714.7253545313745,25.95563947325009,0.1590949815451888,8.531259621559174,10.34409489831855,4981.958094190759,oil_pressure_drop,1,2,300,900,-0.5935290910635951,-10.151689720957144,7.363769623699288,0.7112276183754623,-0.03208404374213398,-0.14400914893278433,0.4136049163949217,0.9840161884669465,0.6669449081803005,200.0
586,cruise,4102.703764558358,59.05127076189277,44.905810954532754,98.56399753147045,160.39574950311368,715.4537088281373,25.84684992128889,0.15198517082361873,8.451986398532313,8.9253247356497,4822.45336546849,oil_pressure_drop,1,2,300,900,-0.17085376147164455,-9.637764414736445,7.722841836316746,-0.24460062427540788,-0.7116713823326315,0.31551649380862823,-0.43397331140415196,-0.7777303370123344,0.6657762938230384,200.0
587,cruise,4101.98022548798,58.717773036383306,45.69044636603443,97.47551276908116,159.95854397468923,713.3462507428688,26.08265390978504,0.15779770674812477,8.587332470854637,8.014358066189189,4755.663217454682,oil_pressure_drop,1,2,300,900,0.26124030599986103,-8.660200873398956,7.7333260513527495,0.5539555988365863,0.04742804052045112,0.33392438197186286,-1.1248550563572308,-0.3535244185057174,0.6646076794657763,200.0
588,cruise,4101.885086412643,61.139657969684784,45.65422674998405,97.26881936702344,160.2955472990567,713.4463580502478,25.91933746632367,0.15749123931100154,8.536218551445652,8.903228156542804,4900.107214713964,oil_pressure_drop,1,2,300,900,0.3916900772756005,-9.346857496427793,7.184003564663747,0.3924697190472457,0.8849152573966714,-0.9341726230849192,-0.49544278394322927,-0.22176556451340151,0.6634390651085142,200.0
589,cruise,4158.529784856389,59.21045797558968,44.964211764153525,96.49117556230118,162.70179847005485,720.5300093019215,25.63140079083197,0.16485920102785387,8.267998426371953,7.840584646835707,5025.016864173251,oil_pressure_drop,1,2,300,900,-0.20397500271791538,-9.363100164652288,7.462719613823455,-0.5289216906598238,-1.159622736573645,0.1331155498144993,0.4363292900788346,-0.34734182335895897,0.662270450751252,200.0
590,cruise,4136.511997898782,60.58803009620612,45.76474164444131,97.10323463404565,160.61446961132762,716.8945825409317,25.73363310033457,0.1577408660670307,8.657289063246685,7.893490229195293,4788.291431621708,oil_pressure_drop,1,2,300,900,0.07981066719078603,-9.471545595722928,7.783853520976859,-0.08185609502743652,0.19460178773852296,0.1367584956266036,-0.02767514912646139,0.1295133005684231,0.66110183639399,200.0
591,cruise,4108.947060188406,55.810309128962906,45.31634297790585,97.48166237536624,160.79749604215027,716.6561156748887,25.749218159410123,0.14292486395314097,8.717999363995819,7.093642550125117,4766.517422105986,oil_pressure_drop,1,2,300,900,-0.6318370422018181,-10.00491170071772,8.065736209722836,0.7530682561093399,0.6542478490599187,0.23525223951074384,-0.14426616405939105,0.26635761694358073,0.6599332220367279,200.0
592,cruise,4116.787236042832,60.93331264263261,45.01856226323899,97.07584419746144,163.7320150021075,721.500842028169,26.029910714426556,0.1537054051064328,8.540913153332642,9.16694458418246,4868.0991139832095,oil_pressure_drop,1,2,300,900,0.9730035212561842,-8.84607436124458,6.529259018572719,-0.41777072297457546,0.20508112676819362,-0.5595038772514409,-0.29313984893793466,-0.7642766820800496,0.6587646076794658,200.0
593,cruise,4132.156499720359,60.86456198464022,44.259461966250115,97.45449355167213,161.9434113233056,714.9773498041043,25.599719096039575,0.15727867699644754,8.435690186469367,10.321268539075541,4873.529122421193,oil_pressure_drop,1,2,300,900,-0.5888675860767842,-8.841789576583235,7.554550854292719,0.4751963437693481,0.7050921556086095,-0.15167697555056223,-0.39607872100076263,-0.26515411408439254,0.6575959933222038,200.0
594,cruise,4145.469673224013,57.183851083274995,44.88662954224026,97.6015810454864,159.91930319283978,716.9584741362803,26.13007132002972,0.15208676443712094,8.553191248846836,9.295641566109282,4768.467695537741,oil_pressure_drop,1,2,300,900,0.33529554100158543,-9.953499419293863,6.903770555853058,-0.02373859997724772,-0.5233342553684399,-0.039701957923498656,-0.14789917857271917,-0.39674966163905245,0.6564273789649415,200.0
595,cruise,4114.732401468838,57.53711030049136,44.870847152788414,97.4801058136386,159.78662793970068,716.0089069959104,25.712632247567146,0.15864689171029084,8.590431482642742,7.8382846480591155,4830.009300986986,oil_pressure_drop,1,2,300,900,-0.48503097713483634,-10.72362334613627,6.788871099248049,-1.1250457865326948,0.6423023618478884,0.38808437595093537,0.22099878080665136,0.035488771479098076,0.6552587646076795,200.0
596,cruise,4140.248727361801,56.41880660272631,44.61989092479496,97.33519933071379,162.27162931395154,716.9378441005675,26.104995317476945,0.15830987730544788,8.476438372367602,8.334495411746323,4716.93734228991,oil_pressure_drop,1,2,300,900,-0.11975965678442795,-10.648441817296716,7.816200073883488,-0.41358611563187886,-0.5434924960500876,0.5522974498189659,0.16632770078162065,-0.8142541227757908,0.6540901502504174,200.0
597,cruise,4097.798243987983,63.23719864103527,44.77292630220581,97.39509533399962,160.59393637174375,718.5787924888436,26.193774912409094,0.15704699997435326,8.150641304482162,8.063626088996413,4960.728080788383,oil_pressure_drop,1,2,300,900,0.7996583794452692,-9.457429718782324,7.68370952310477,0.33077614691209273,0.5307065917396696,1.440836944933269,-0.2929009052158336,0.068490582254892,0.6529215358931553,200.0
598,cruise,4121.767225332835,58.82433034679352,44.397521336426216,96.88268652810324,161.70089046009517,717.2596559105544,25.6577156792646,0.147504927283709,8.586867241518137,11.670041346273663,4910.3892826966685,oil_pressure_drop,1,2,300,900,0.8072556735535028,-9.156687197194803,7.787916308320253,-0.2792033796817266,0.8067376709141892,0.24637178900996154,-0.12138214326562112,-0.7860381467577225,0.6517529215358931,200.0
599,cruise,4128.6134806361315,57.5373018578212,44.582932728282074,97.96111116045923,161.53491371420935,713.219252777739,25.88826186010217,0.16806368559799936,8.223757119455348,7.9019313213849145,5030.545658729841,oil_pressure_drop,1,2,300,900,-0.08032463550959576,-9.73855967822558,7.235377334931493,-0.7112825834554478,0.34972860685680823,0.7852054402285767,0.17346144312833184,0.035743136171580335,0.650584307178631,200.0
600,cruise,4152.158656605916,57.410208398566795,44.74659494544167,97.89550588905308,160.62021277195564,716.3292080145649,25.607607627955304,0.15864052356184843,8.599027512896125,9.342777479774139,4795.808022552531,oil_pressure_drop,1,2,300,900,0.21521428902262643,-9.816215114201741,7.566139266172521,-0.4897264221643733,-0.9795449743889628,0.003970852180970652,-0.4009507882275017,0.16562239623859054,0.649415692821369,200.0
601,cruise,4114.25732738574,59.30694634858661,44.33465977860651,97.33790093940382,161.0266882098108,719.4860754976727,25.635802976807884,0.16191872294314905,8.428770554110335,9.115903889675794,4895.061786767452,oil_pressure_drop,1,2,300,900,0.4011143913788497,-9.962527050336256,7.578560670728415,0.13741833226697092,-0.20806079843946687,-0.7810946361673025,-0.20198503381504251,-0.24168186713395545,0.6482470784641069,200.0
602,cruise,4094.3129871787232,59.09886709960063,44.61557506975579,98.4232556033403,160.91417908221717,715.3145135958707,26.168137887147733,0.15723282297293653,8.536700444561335,9.349553576395465,4731.221864053507,oil_pressure_drop,1,2,300,900,0.8580705670954589,-10.338232113754799,6.739048031402655,0.03256402553184059,-0.7038589276832863,-0.49948508987499735,-0.19657980963853672,-0.5063617493967391,0.6470784641068448,200.0
603,cruise,4113.970553513465,58.0427162265405,45.046756746537866,98.00203574495367,161.49434870387208,716.2408527865717,25.977359508803403,0.1539738142324925,8.476260852189958,8.26715445929082,4812.212075465043,oil_pressure_drop,1,2,300,900,0.561987047981189,-9.923872711062513,7.473622916930705,-0.14889176140104396,0.09440061110103372,-0.3810373358501929,-0.43667174880154347,-0.8926180464403349,0.6459098497495827,200.0
604,cruise,4145.759273182438,58.807971432090156,44.81313576945432,97.93708916579943,162.93062820008336,714.7412283679935,25.999332049175035,0.15029264705815298,8.538937024065508,6.600463732623998,4702.4824417655755,oil_pressure_drop,1,2,300,900,0.16629439488523176,-9.574962934574904,7.493463157242147,-0.3044916075431864,-0.5052134613476944,0.8422127152545363,-0.35215064220511105,-0.0634736153943072,0.6447412353923205,200.0
605,cruise,4113.046976777347,56.95006455566529,44.20476147353022,97.27468438914592,163.67424846466085,717.8835526521824,26.001268101736965,0.1634820712335399,8.934091892412624,6.944661997486914,4931.65850838132,oil_pressure_drop,1,2,300,900,0.37658877846111666,-9.869311242547179,7.972288974147791,-0.38005265883533157,-0.645919220860787,-0.04907368414552603,0.2567529239030722,0.14005465179081728,0.6435726210350585,200.0
606,cruise,4076.7025617194004,57.8170192850348,44.45508087099758,98.78535893909614,160.03122507730765,724.1866188024688,25.694387088003317,0.14966992016306635,8.570080611988931,8.623283525259527,4932.887683191233,oil_pressure_drop,1,2,300,900,-0.26458431209497435,-10.276669348616185,8.091603418456158,0.26569943829244147,0.2944609438530864,0.11724390310292604,0.11190564365393973,0.20665586408638983,0.6424040066777963,200.0
607,cruise,4152.42164438434,58.464881794732364,44.76140793205698,97.46438796473682,163.6344590487249,717.2906064006139,25.5055241309598,0.15756179666212158,8.605762938547015,11.548705623276117,4956.50214181313,oil_pressure_drop,1,2,300,900,-0.4047886494559317,-9.687152468119358,8.164652282945989,0.5321285955306431,0.1472261144813873,-0.5704927344054549,0.3673496076667866,-0.3040237083949661,0.6412353923205343,200.0
608,cruise,4100.67242668337,58.48738793955033,43.36654291803512,98.2545408576196,160.9688030569146,713.3203392553488,25.943359163655895,0.15173015072539114,8.648888080845715,8.536837728823654,4794.974342885574,oil_pressure_drop,1,2,300,900,0.46389281161497004,-10.934183153955603,7.497810751712536,-0.6335741075632271,0.33828695370672873,-0.47694369187419033,-0.25822857783946407,0.35760326270627996,0.640066777963272,200.0
609,cruise,4074.541967684269,55.00927735408573,45.212182793588326,97.7223460505804,160.2418644842298,713.9143898189174,26.0151054076101,0.14320446741486856,8.54862658683551,6.413631027254136,4861.681323713363,oil_pressure_drop,1,2,300,900,-0.6392834023826811,-10.401434980961195,6.808297487716244,0.46861701929930566,0.22161936478529243,-0.45599863769790694,0.24021604654274212,0.510655346551648,0.63889816360601,200.0
610,cruise,4103.378858869543,56.00945075674319,44.762374575893475,98.05991631654672,160.35483595299567,715.9219697317708,25.86725977061118,0.16911424609160317,8.617109114353767,10.049344578372153,4865.270311001182,oil_pressure_drop,1,2,300,900,0.15660315968918898,-10.440135363773749,6.563855209257509,-1.0824997559478493,-0.48541941209400946,0.5874939643753174,-0.47926209791886637,-0.736653456355505,0.6377295492487479,200.0
611,cruise,4116.611271090078,60.102283542280134,44.55621086669714,98.80799111420109,163.0707824719138,720.2031591747598,26.282612071889027,0.15070941746387562,8.558995507802164,9.62813262368376,4810.471811386468,oil_pressure_drop,1,2,300,900,0.9683073885005449,-11.295162940543118,8.08185408602283,1.0267883514477067,0.6701574809455594,0.4418123134034826,-0.8050146493925866,-0.10744806538506542,0.6365609348914858,200.0
612,cruise,4104.447348975803,62.269239228051276,44.611937390793955,98.13348416038133,163.24347170495003,714.0940140017728,25.872990853892713,0.1542234287282127,8.354935831082596,10.089201968208355,4803.561737860914,oil_pressure_drop,1,2,300,900,0.015430941095125387,-10.122451255107915,6.778811276283008,0.8154040205491422,-0.7591028248828716,-0.7966954898951952,0.4663762656012393,-0.2548010214157375,0.6353923205342238,200.0
613,cruise,4125.436677177789,62.57794120228961,43.09302450634193,97.6499377104293,160.55693796452877,711.0014715419036,26.021443448912628,0.1513634236073133,8.512876193281873,9.650717999897966,4789.377537686764,oil_pressure_drop,1,2,300,900,0.1732912273415514,-10.472006649347518,6.887533535950858,-1.0191567657058045,-0.7959890237341131,0.6028498172234007,-0.1961903992030881,-0.2303144004223333,0.6342237061769616,200.0
614,cruise,4124.674925069689,54.83741090313242,44.75961237576239,97.6443602401594,162.6206901827299,711.3646701364893,25.90042503461047,0.15570745168595637,8.224948496244766,10.701401487426665,4941.741840631569,oil_pressure_drop,1,2,300,900,0.13935295587483348,-10.528144996359,8.470388651202736,-0.6230190406090697,-0.2929867275698703,0.16677779752785876,0.13597726729124365,-0.2502235272228403,0.6330550918196995,200.0
615,cruise,4140.994850471891,57.727594632568184,43.01269598784276,98.0410586764272,162.9329532614663,713.689775079279,25.984645212658894,0.1580597561975756,8.471179560460845,9.999545244202183,4763.053334958638,oil_pressure_drop,1,2,300,900,-0.43618150660312804,-10.205368340035484,7.838692744343105,0.6317727614791189,-0.7775461507649735,-0.030335150121323397,0.8230957866801132,-0.9277500475611895,0.6318864774624374,200.0
616,cruise,4103.6407316880495,62.28977960337951,45.55414405299901,98.79974475487789,162.57745742845194,713.168405206385,25.82092211885708,0.1502278350004587,8.34537059793599,9.451663595012741,4973.460557163795,oil_pressure_drop,1,2,300,900,-0.2611812836529557,-10.599826683932106,7.978397922096816,0.36862424333898475,0.8926673522185006,0.8801940923270913,0.07402986472744731,-0.010575585401354245,0.6307178631051753,200.0
617,cruise,4111.35406180004,57.97762973412408,45.1890112237327,98.27849032150323,162.69997004533244,713.7516412633615,26.07786285548061,0.15305685587293819,8.443409113778666,8.249945285407652,4924.712600443977,oil_pressure_drop,1,2,300,900,-0.8768409747790614,-11.614512903996129,8.758890921156528,0.06541440784764808,0.1853435841978957,-0.3402037071265911,0.35653385192503123,0.628634491626587,0.6295492487479133,200.0
618,cruise,4114.114780546784,58.511525629830096,42.884757268855466,98.18248206371376,163.7377629528271,714.0135643595956,25.97339995862798,0.16463426291376768,8.261786915083139,9.972268476614596,4633.135859646119,oil_pressure_drop,1,2,300,900,-0.16698896316826425,-10.354826350776076,8.224203887816735,-0.38698966928537254,-0.15961974669375556,0.42303034180694865,0.43573138716198984,0.08814402123595534,0.6283806343906511,200.0
619,cruise,4057.809929957187,61.381366887231096,43.66015040616225,98.11586945022485,160.77937957148373,714.2940346212504,25.810321641910022,0.15054261507500796,8.701581367528778,8.84555158900188,4737.463921444295,oil_pressure_drop,1,2,300,900,-0.2911257680443324,-9.877749672941937,7.4804197890199395,0.6358808369241085,-0.3186654343217075,-0.16414480993066233,-1.0257306279677831,-0.5753064128889853,0.627212020033389,200.0
620,cruise,4088.9344392953767,59.19765777687143,44.1133991478745,98.79003307934687,164.27642704428982,709.6254702427608,25.83254889058896,0.15083636916571425,8.323469872261452,8.75337888764168,4854.84848887821,oil_pressure_drop,1,2,300,900,-0.18743708173571175,-10.211581587189476,8.055739125634199,0.590746416106026,-0.06594421490960975,0.04293110900694035,-1.2036179326418606,0.8641638530722199,0.6260434056761269,200.0
621,cruise,4098.724819459479,60.99307677340108,44.43414717200473,98.09397731365776,161.1447794190728,711.1403502645093,25.940343070400655,0.1571082987906622,8.62770095609534,8.466334207968082,5083.506674025283,oil_pressure_drop,1,2,300,900,-0.38476178598078586,-10.758287363834842,8.964586645855512,0.7268962584397666,0.337729093391777,-0.6107618802708603,-0.25296804259927985,-0.30564316886164467,0.6248747913188648,200.0
622,cruise,4095.719664716081,56.97214332195616,43.92777826310483,98.62914478928275,163.855012201285,713.8662553787821,25.6574275750741,0.15333224053331296,8.484213036039657,8.766734324507624,4821.933210630017,oil_pressure_drop,1,2,300,900,-0.2642479041826143,-9.713698876515743,7.826118590921203,-0.395677528967868,0.651437733575933,-0.23327070297923755,0.49806404245348007,0.008550227057569823,0.6237061769616028,200.0
623,cruise,4114.074281662244,59.88949878975123,43.20912138764475,98.29968838931197,160.48450334492134,715.8237799486387,25.860903713144243,0.14696051972499916,8.752192900446188,9.874090020030138,4878.198159232601,oil_pressure_drop,1,2,300,900,-1.0627739455472913,-10.931493107444156,8.617847654750692,-0.36561763043958173,-0.6734664297608609,0.1389186953875631,0.9674853715484221,-0.6696729270583155,0.6225375626043406,200.0
624,cruise,4127.748739013157,57.719386051155766,43.953950221695806,98.19728517264578,161.52765217468138,719.4304045220085,25.916394688401233,0.16193107193405254,8.517399891103096,9.550774892070272,4760.126195113739,oil_pressure_drop,1,2,300,900,-0.32773464537492664,-10.651536015728833,7.5749388697992535,0.0707021501119528,-0.0771774395719885,-0.34356643359952316,-1.0137960686243044,-0.37757311880697164,0.6213689482470784,200.0
625,cruise,4100.956549236691,59.53614855065997,44.961211022766776,97.64390364473807,160.99071527682761,715.8550288511262,25.481728826800857,0.14838723362115025,8.559951832038468,7.03400901761013,4933.898023443355,oil_pressure_drop,1,2,300,900,-0.10820712255997467,-10.888207941543357,8.698517826181916,0.4949967664133316,-0.22437094352227607,-0.4767430132164186,0.2425508344794532,-0.2089684504028747,0.6202003338898163,200.0
626,cruise,4129.921121811566,56.57053929791776,43.143239046804226,99.24355600617238,162.14554651718126,717.4455816364466,25.987767946595486,0.15571552295288904,8.514680737071213,8.897950557555882,4777.671741785504,oil_pressure_drop,1,2,300,900,-0.6815157036055584,-10.500588316855934,8.72791918965362,0.627360645739284,0.17498517555080859,-0.29544117645038315,0.3264928743862799,0.44893034973828394,0.6190317195325543,200.0
627,cruise,4115.412340188994,59.50880642307214,43.69636818658558,98.74261931419174,162.45642051296622,714.7612837340362,26.03400298921369,0.1612841350580744,8.388681810223373,7.623010657815145,4636.157682579608,oil_pressure_drop,1,2,300,900,-0.6297985202588219,-11.27461769263347,8.31484153236862,0.2609163589703919,1.0797275249720537,-0.481407347089367,0.2679326733103954,-0.30202774477625494,0.6178631051752921,200.0
628,cruise,4095.438196389407,60.154283638381344,43.92371315227249,98.82778274421229,162.18597895646064,719.2716237718894,25.709708092707796,0.16334132043876415,8.355739184730908,9.007795917323527,4907.702285775991,oil_pressure_drop,1,2,300,900,-0.294931185814082,-10.58164288802482,7.744579692327209,-0.5119256095474058,0.8149916848560513,-0.1800931859756055,1.4110112882896446,-0.5701675701802825,0.6166944908180301,200.0
629,cruise,4122.951169135287,58.796784557825376,43.75770529311649,98.09365896019341,160.88204580637668,717.8056618414441,25.873610463050294,0.142147231838447,8.561205889187482,7.52369638658749,4825.151944513788,oil_pressure_drop,1,2,300,900,-0.6265434914705307,-10.693760247562803,7.963270816222697,-0.029119972023972828,-0.18099147099757157,-0.030569389689854995,0.14850513694160236,0.03571040876106364,0.615525876460768,200.0
630,cruise,4143.867817790037,59.253318564376,43.43357566028809,98.09600073467688,162.32184414356544,714.2512783475651,25.823040896132806,0.15607780189174672,8.198280458328139,11.115909000328632,4861.801506557824,oil_pressure_drop,1,2,300,900,-0.3503087574791522,-11.397487575583076,7.894781655935061,-0.3231379174250653,0.1514119175999982,0.9088244106473766,-0.10016932082544706,-0.8954714555847537,0.6143572621035058,200.0
631,cruise,4117.590255348149,60.047996087098404,43.46126294893627,98.37354503688539,161.36786443218816,713.4545932670079,25.773570438597762,0.1457623429648743,8.574868043701125,8.728241628824547,4782.151341626141,oil_pressure_drop,1,2,300,900,-0.8035427372160331,-10.932186490867625,7.8593672852427385,-0.0478443513268512,-0.5199021606876226,-0.37283064798701293,0.65049808951262,-0.08504785153957783,0.6131886477462438,200.0
632,cruise,4081.991711517288,57.81942981853218,43.237146380709426,98.43588201529965,160.88127168641725,714.9600607881542,25.67916238455003,0.15306366456048826,8.647406245055539,9.735882821907587,4985.657559281069,oil_pressure_drop,1,2,300,900,0.21317300151293003,-10.927284115546257,8.036078521351348,-0.5555015251066143,-0.37943263609870403,-0.3905435396108768,-0.3348104388060862,-0.3846460792465351,0.6120200333889816,200.0
633,cruise,4102.367672231766,57.349020748532304,43.23648836055577,98.62753980301733,163.55771635125907,716.1559778961079,26.07299658532194,0.15467661961678755,8.482607439682399,9.148821895193928,4926.33896237007,oil_pressure_drop,1,2,300,900,-0.039134362167711184,-11.17596953070024,8.13664709441171,0.31282358366384305,0.3828158242425717,-0.3484389415574952,-0.5277530222008617,0.8493202520261113,0.6108514190317196,200.0
634,cruise,4113.03845826645,57.61954532364621,43.433014473073264,99.73797228136365,161.36154723711562,712.638062013199,25.653529096945523,0.1588063307775344,8.35902625878265,7.662701314017658,4815.37282835134,oil_pressure_drop,1,2,300,900,0.8562635342326236,-11.19420405903671,9.953874424237712,-0.7187461300097104,-0.12617525642354785,0.027850368441788193,0.0929862651811706,-0.5008813332372876,0.6096828046744575,200.0
635,cruise,4093.903066316328,62.57163512600159,42.728397255310654,98.52551079774992,161.31058515894622,713.0214145793121,25.75655127223856,0.1404712758270872,8.607134812239229,9.533362317169507,5002.3172720801285,oil_pressure_drop,1,2,300,900,-0.27336772542064974,-12.026551589072403,9.485586478064302,0.5324838284177081,0.5104402856449517,0.12273327215419304,-0.12254310090010734,0.6523852080677947,0.6085141903171953,200.0
636,cruise,4083.9560447200834,58.21579228394827,43.25761536220913,100.04434319564952,162.09691876198096,714.8144276833957,25.632276591273698,0.14711724473241372,8.481113248319833,9.83244721575925,4952.77353274389,oil_pressure_drop,1,2,300,900,-0.6413975042401041,-11.850344439408602,9.403900495634405,-1.0316803342243268,0.5171779270367198,-0.030251711737352346,0.16101199241493283,-0.19581112573196519,0.6073455759599333,200.0
637,cruise,4062.67855118712,57.41662881287501,43.605867285339656,98.73235745385766,158.91168342663744,712.4871400077956,26.084848221680648,0.15046087817707288,8.296563667399024,9.190697230715477,4803.116243165752,oil_pressure_drop,1,2,300,900,1.0172841427720565,-12.151272490965708,8.93521992075722,0.3650547395212083,0.10620291378230423,-0.009950150842303569,0.4979131231505945,0.2782533812056315,0.6061769616026711,200.0
638,cruise,4093.6459389365045,62.25888721863124,43.0802853041518,98.53331348744484,162.17313855933875,714.7431384827219,25.953266898682372,0.15039185040438277,8.425311449841196,8.632459575610145,4696.456536591329,oil_pressure_drop,1,2,300,900,0.48425752747333134,-11.037154570478684,8.55218076888156,0.7658803815199906,-0.23365673478851348,0.4520958551651745,-0.1621397712078072,0.08925266575789043,0.6050083472454091,200.0
639,cruise,4139.697571713056,58.3200705341733,43.33293255677171,98.8041787136025,163.8146921193834,719.4278274202335,25.6545109338696,0.14309452158764327,8.478646706914102,10.090965099380256,4678.492687760077,oil_pressure_drop,1,2,300,900,0.7792806351710232,-11.238008146941972,8.513056657266446,0.2730356362872329,0.7264401618420517,1.0005149222730017,0.15887445229241615,-0.054355183735149,0.6038397328881469,200.0
640,cruise,4125.823445172585,60.241145703967014,42.86251461307491,98.9739219742825,161.51179752683822,715.6417201310546,25.63178269088268,0.14698564184680293,8.406069344547376,10.088360928517362,4761.699584315535,oil_pressure_drop,1,2,300,900,0.5309894251103658,-10.948546462162646,8.03630757677236,-0.027337499616080025,0.4025652455251006,0.4485540608751035,-1.1466636051855144,0.2505841540728443,0.6026711185308848,200.0
641,cruise,4138.071893340183,59.83324405981217,43.36769847426174,99.03391869570811,159.99539000295138,714.582303073277,25.951219448817064,0.15938891813489042,8.29809986969914,8.632118248760342,4782.22498092751,oil_pressure_drop,1,2,300,900,-0.11274668228398756,-11.124575817527285,9.233582452122535,0.08547152507996097,0.7992121814651068,-0.09561568497129173,0.1691947209448,0.14270426407434295,0.6015025041736226,200.0
642,cruise,4122.966118012547,57.29674281545044,43.39847181028024,98.31364857910317,160.55007307125172,716.8268524466623,25.614661986198968,0.15426713439762535,8.542212193068648,7.285666264683543,4961.994788493197,oil_pressure_drop,1,2,300,900,-0.30051200205964224,-11.591750021672288,9.271702181019371,-0.17593908285592652,-0.9548052560018161,0.3379348218860444,0.05349809082426844,-0.1420508422281877,0.6003338898163606,200.0
643,cruise,4113.914367276518,57.063305462310495,43.269579602312916,98.59549047242564,161.47643721248662,709.376097349832,25.86877929070154,0.14465641489988618,8.537645118226312,8.757911056166945,4848.983242693509,oil_pressure_drop,1,2,300,900,0.5374387505738595,-11.687962471063816,8.913922917301043,-0.3182031997472037,-0.7284927071033315,0.6057206873327403,-0.010508878083341552,-0.690334831664241,0.5991652754590985,200.0
644,cruise,4132.011543419751,59.620448178008594,43.841500533173516,98.41873416935265,160.9901889125771,714.310520859503,25.972727405361447,0.15595207021777066,8.552268726482747,10.295565255880826,4881.45644808431,oil_pressure_drop,1,2,300,900,0.6487513192932935,-11.682984192958935,8.523070617970369,-0.5136966334362256,-0.40407376088549163,-0.27822695086845795,-0.06606982626414601,-0.44966618273213066,0.5979966611018364,200.0
645,cruise,4108.346849960747,59.72194832130907,43.097567035475635,98.59243194798512,164.22610458215883,713.8842839560702,25.710435180606876,0.15541470807301405,8.469157434410599,8.411517632795912,4941.645694140261,oil_pressure_drop,1,2,300,900,0.08465932774081475,-11.756425953729595,8.936860872186251,-0.24611645146144986,-0.015337722854413538,0.5515990114103949,0.9039927194583411,-0.5215638546665167,0.5968280467445743,200.0
646,cruise,4115.44606945125,57.1786176491788,43.00714199514121,99.18301379083377,159.75386227181963,716.183705772383,25.831658647211455,0.15495787825151605,8.297012237155643,9.267661697053192,5041.809228914202,oil_pressure_drop,1,2,300,900,-0.4912492137023354,-11.68360249779726,9.196033043263862,0.45230150952782844,0.4643590131294367,-0.5643243593063012,-0.09661393910084405,-0.5398460641022588,0.5956594323873121,200.0
647,cruise,4107.541297893435,57.94871797038567,41.96345534357672,98.48885827355443,162.5024134935109,716.6087816591777,25.65054044096813,0.15027238826214648,8.52594800345273,10.524346107627562,4801.419410216734,oil_pressure_drop,1,2,300,900,0.4709688890032431,-10.980490988856186,9.24754620374514,-0.2648553876135153,-0.9936381713493414,-0.059296669955733544,0.10750794025728273,0.18196849892418843,0.5944908180300501,200.0
648,cruise,4128.246164742143,57.66798492387174,43.256736256056925,98.63793246081647,161.707088594586,708.259191202108,25.656122537835767,0.14316692898363997,8.560712943101564,7.966739574809047,5049.637502856136,oil_pressure_drop,1,2,300,900,-0.7433467418486889,-11.06881785481416,8.647153417409385,0.2405137743221458,-0.12477469653963673,-0.19140768761382848,0.7892036034338135,-0.3083611961093157,0.593322203672788,200.0
649,cruise,4141.7287117080505,59.0161624186443,43.60150649791284,99.30145341377278,160.06215653864842,717.018844921385,25.73799599520545,0.1515016171685177,8.621844603065732,8.511245716338635,4713.328352021227,oil_pressure_drop,1,2,300,900,0.2257678927356097,-11.387619221622435,7.33687969230504,-0.13834842043797782,0.020691488038262748,-0.6736299644876664,0.6636895205685552,-0.013276161702116537,0.5921535893155259,200.0
650,cruise,4129.67697095325,57.81533394553193,43.640932785624024,98.68624486811828,164.11216604043042,715.7232134414187,26.078289654097627,0.15626640002403897,8.53727411621635,9.600605382590894,5091.739996378811,oil_pressure_drop,1,2,300,900,-0.07766263853307441,-11.913938891070528,9.015567227916835,-0.4235838058245023,0.5618751402822196,0.3486480158126888,-0.8333503817974898,-0.20354563995635444,0.5909849749582639,200.0
651,cruise,4119.173267246835,57.26777898320526,43.09938004999966,98.92035435958468,160.5030363312609,716.5672802818065,25.715648921841723,0.15910491710030777,8.616265220019129,9.568370947840585,4791.6472833211565,oil_pressure_drop,1,2,300,900,-0.9735822455448011,-11.460812643481994,8.576048891321898,-0.06370491550587466,-0.6232998191976815,-0.04584876641295186,0.29022569028915385,-0.04275474890912087,0.5898163606010016,200.0
652,cruise,4111.355245061789,58.664358185755376,43.007501444804944,99.19873197164651,163.12880433762137,721.7464798655086,25.946073501289433,0.15777482546069183,8.394572133208843,9.996969195240615,4766.602225720438,oil_pressure_drop,1,2,300,900,1.0092227470027593,-11.085981049740154,9.153048230820142,-0.5356668978515859,0.20312983126509312,0.18928798455068724,0.5099845433441065,1.088788795374038,0.5886477462437396,200.0
653,cruise,4083.058573593386,60.988607323244764,43.145368361901895,99.39307102393539,161.95236602859978,715.1509291563885,25.844340348972207,0.14824463316557407,8.832316972523316,8.299620389809673,4995.206290573127,oil_pressure_drop,1,2,300,900,0.0372119565248768,-11.123914336022748,8.971795388662445,0.12385067659149596,0.08702508968531912,-0.5793171520379211,0.9960092124263523,-0.7195107564857792,0.5874791318864775,200.0
654,cruise,4107.665367501443,59.86822325979746,43.08301061282267,99.85341807424115,161.5207767702998,718.0045029717166,26.04548720367262,0.1576391610508623,8.591496708007952,11.661928150142398,4741.689118118598,oil_pressure_drop,1,2,300,900,-0.4757024863838167,-11.010297488653618,9.430742265082502,-0.4264088523626915,0.30970772783271117,0.8484098376825177,0.055375717740397803,-0.38831246367414585,0.5863105175292154,200.0
655,cruise,4104.29002940188,60.012190801311604,42.52999413189874,98.88793394902928,161.4325912530369,716.3106210257513,25.57954550465933,0.14806845192440612,8.732645600052049,9.181402189782098,4792.457054614974,oil_pressure_drop,1,2,300,900,-0.40199593694648317,-11.347170557656005,9.577970467997499,0.49618953917660547,-0.9808984749851606,0.11509414629972224,0.7439368069723212,0.6799045793571119,0.5851419031719534,200.0
656,cruise,4110.831870330072,54.51687237013287,42.42365134863342,99.50576130096982,162.83042859626414,723.1343188386841,25.832489403303736,0.16369633738025366,8.856830694125376,9.914282343331307,5007.710835424216,oil_pressure_drop,1,2,300,900,0.8147534376739918,-12.661223757178304,8.07702589811441,-0.5403530019452982,0.12005079402406708,0.9708843848960554,-0.6525550779954894,0.1937858693730897,0.5839732888146911,200.0
657,cruise,4131.349690287186,57.29766624340719,42.58879436610002,99.66012935812562,163.4474129857028,717.1881506576975,26.17582983377386,0.14663797520087746,8.70824350813194,7.236342567228021,4831.179777827242,oil_pressure_drop,1,2,300,900,-0.46888564402649097,-11.833894635251557,9.094973262446013,-0.10541084039769573,0.1565475379099168,0.3017649126728868,0.07812594160218753,0.262556781245929,0.582804674457429,200.0
658,cruise,4133.412025398199,57.55645132501666,42.606863961164336,98.97773542638494,162.541257023416,716.4922357957948,25.80763519357601,0.15663932866141073,8.891681933838207,10.383914074118184,4854.644366895906,oil_pressure_drop,1,2,300,900,-0.0846247442769001,-10.87227455092928,9.543159735789745,0.2660408495762775,-0.1940921605202151,0.15117981517628287,0.07445183380683239,1.098693099876181,0.5816360601001669,200.0
659,cruise,4107.400364611957,60.19042777485138,41.80256433301366,99.97797402442244,161.30204081899365,713.1564688619186,25.932812731454938,0.16020520217500595,8.339074761299473,9.034661498905733,4881.422975273638,oil_pressure_drop,1,2,300,900,0.16220753048439557,-12.450511959056188,9.062837817488393,-0.34304959932866075,-0.68329956162961,0.9749708429265044,-0.307703256718614,0.6902627432062368,0.5804674457429049,200.0
660,cruise,4111.835503214336,58.878934738286375,42.592084988542815,99.13620173473231,160.69748273868015,717.0892494603904,25.555535068623435,0.155217751623359,8.299458322061506,10.13980799228562,4836.169037774285,oil_pressure_drop,1,2,300,900,0.5297581374267875,-12.595824413821429,9.013163154349854,0.5120513341393836,-0.34313210323024596,0.034253234944253565,-0.16886183943997185,-0.4779541387302873,0.5792988313856428,200.0
661,cruise,4110.826611915723,58.20450176674045,42.965398492243594,99.59580521627682,161.71671649165668,718.6438688099774,25.918326132730638,0.15870373321440745,8.369837618101833,8.718750722260156,4921.559799527386,oil_pressure_drop,1,2,300,900,-0.10381440289830081,-12.61337507736789,9.136172769722195,0.6415909226266162,-0.4218767385461084,-0.06454031917540463,-0.44746009928560104,-0.18301499782106714,0.5781302170283806,200.0
662,cruise,4139.556021507896,56.77760040283919,42.56868048006693,98.4861253587441,161.56657801788313,717.3401823916791,25.474766248276083,0.15360421819776482,8.085341176673296,8.322571641052619,4888.99945231369,oil_pressure_drop,1,2,300,900,-0.5887590756818228,-11.365136388664451,9.186123476464045,0.4874607899565058,0.023966536591716315,-0.27990466509669126,-0.6752832519224785,0.6916604323900731,0.5769616026711185,200.0
663,cruise,4089.535648983603,58.96018506946021,42.965338795706415,99.48873354212569,161.7274455963178,716.1929077305007,25.959975813666198,0.15782473651903328,8.450461828830257,7.83898246287032,4884.63194673517,oil_pressure_drop,1,2,300,900,-0.1879151875396503,-13.115863835748817,8.725677153189958,-0.7013453760411658,-0.5291471271289634,-0.34411466161689325,0.023749411008726157,0.6273429017435489,0.5757929883138564,200.0
664,cruise,4107.760123764626,61.92440798151534,42.891829800922864,99.05132140207586,162.9856935928644,714.0251355749848,25.8661906666872,0.1485455149434333,8.412680055279179,8.902190706843493,4965.992763926149,oil_pressure_drop,1,2,300,900,0.07658426385238527,-11.376274890328459,8.45379114728296,-0.4342718718796399,0.3501985593023862,-0.15549477839987508,0.14915163935160336,-0.12620113100020172,0.5746243739565944,200.0
665,cruise,4103.521594771597,61.046101109272016,42.11323990028672,98.26493250419232,161.56476281639195,714.1198266192529,25.575959374547505,0.15406438031324687,8.556072497735542,8.986775708026348,4872.198431471397,oil_pressure_drop,1,2,300,900,-0.6205827664016283,-12.280910821906815,9.650772610404394,-0.6294688160528551,0.04142561839985968,-0.6317752172904517,0.2414552100580694,0.0186214827051715,0.5734557595993323,200.0
666,cruise,4110.1292131204455,60.39031344402913,42.100729365653336,99.98397885972591,162.24691700096724,718.5879303703114,26.00796313959648,0.1580048566272604,8.315164988399044,10.18320234553974,4740.951915147182,oil_pressure_drop,1,2,300,900,-0.43997348682893433,-12.470510952766341,8.837676959514562,-0.05996113815773331,0.13945470715691116,0.19220899533182673,-0.23249420484831876,-0.025525596358866472,0.5722871452420701,200.0
667,cruise,4105.767175386496,59.63530289172209,42.00631859828299,100.36522783432349,160.10329970096936,717.0795802902643,26.128466744377956,0.15610447409270917,8.318361016021266,7.971992294685871,4953.280251575532,oil_pressure_drop,1,2,300,900,0.5677522282762271,-12.172699539079643,8.429581372920898,-0.022699453844439377,0.12468646233979257,-0.3618663550088878,0.12206936248149974,-0.41628200355148287,0.571118530884808,200.0
668,cruise,4129.1216426692345,57.71008441823828,42.15277238669141,99.39212792718897,161.03935675978397,709.7514882578238,25.588635624713678,0.1605564495285894,8.382898426765891,7.4764317425633635,4785.576715560214,oil_pressure_drop,1,2,300,900,0.45709470264657176,-13.282852747219167,9.764087077167458,0.02908234679503316,-0.2767460622607004,-0.4695485351504732,-0.7476493537905744,0.06041393570968056,0.5699499165275459,200.0
669,cruise,4075.1266322098772,57.84037882540068,43.08111712762002,99.33274624032293,160.99353637044848,720.9107004086032,25.787774683653442,0.152042582906974,8.575981075114475,11.206749245232494,4913.770412183767,oil_pressure_drop,1,2,300,900,-0.6598246786110944,-12.502674116268858,9.526638459533096,0.1497581060134414,-0.5036842875350027,0.8245998476058828,0.04275040964237379,-0.0023655339759454286,0.5687813021702839,200.0
670,cruise,4121.292494610424,53.916090201840944,42.35757205713921,100.53903836730827,163.02313827782228,719.924297825539,26.039580658653055,0.15099320630380428,8.576722014107661,11.520320316140278,4766.181277303467,oil_pressure_drop,1,2,300,900,0.4751364136919302,-11.864706156142045,9.404314176910395,-0.3709839963465504,-0.03107565287329609,-0.48515177099761847,0.05704157504629819,-0.03864292944602641,0.5676126878130218,200.0
671,cruise,4082.6061160206536,54.00517311776707,42.230267457033605,99.26735483062475,162.26840493393064,717.5102118296873,26.017814315192943,0.1519527638175317,8.6544333860728,10.639229150161094,4854.853880475994,oil_pressure_drop,1,2,300,900,-0.33896177857685095,-13.104375669538005,8.549639382883123,0.4662686088467619,-0.8764606276252285,-0.1486129879796451,-0.7134429425478538,0.23396001860113955,0.5664440734557596,200.0
672,cruise,4110.6976653557,58.953665513509605,42.69662547776567,100.42001582508031,162.46962515968355,723.2378537261994,25.58119422389115,0.15949713733561488,8.335183900575284,7.344027830417555,4895.444157389467,oil_pressure_drop,1,2,300,900,-0.7713268883860049,-12.297857564553299,8.789459968968606,-1.4196434451915452,0.5087121628366148,0.29668861150000564,0.2652514296384863,0.10590578451571858,0.5652754590984974,200.0
673,cruise,4094.688126202943,60.73707829867661,42.472156033877496,99.9166427105597,161.6463061757972,715.6883271906652,26.168610625222357,0.1470180113316626,8.684896902861318,8.713418731289066,4661.221788909487,oil_pressure_drop,1,2,300,900,-1.0056633079142747,-12.278813940506009,8.29043734374746,-0.10220567572756237,0.3295950933063001,-0.7535381756311993,0.05420950665929592,0.11548277368041715,0.5641068447412354,200.0
674,cruise,4095.998891207072,55.420375770440984,41.796633204886355,99.75690042759614,160.60557520019586,718.301354113097,25.981485615776382,0.16081650639083167,8.241167089015788,8.7242542655133,4787.545138574115,oil_pressure_drop,1,2,300,900,0.45222584352011325,-12.380890783194245,9.023504382895869,0.29869255768805053,-0.20393820952930916,-0.5683389806967326,0.7933174735698778,0.015285184081739553,0.5629382303839733,200.0
675,cruise,4083.3217186163174,56.34581684702047,41.39463275365081,99.86738548922995,162.84595116267502,712.2640655377451,25.90085028876348,0.14679588702027305,8.552647864256821,10.466128967215276,4857.365659689522,oil_pressure_drop,1,2,300,900,-0.15127466311852536,-11.593316604733232,8.792037838245575,0.5485290240228697,0.3459741640865664,0.014774043201692571,0.4754055146795804,0.07943112481508668,0.5617696160267112,200.0
676,cruise,4110.141468769408,56.619144518780786,42.31009944667407,99.19130987424201,158.91525973897544,716.4944958433925,25.752705612335802,0.15854195127136553,8.557252764107636,9.085443432045286,4887.0605733083685,oil_pressure_drop,1,2,300,900,-0.2262346493519839,-13.028967755994188,10.009018829791575,-0.3980369851540506,0.09378960008207417,0.14875644812038644,0.4103534607231372,0.06701426879647224,0.5606010016694492,200.0
677,cruise,4123.192027158521,60.02508713637869,41.91318604023178,99.00157458439844,160.05439036872698,716.925956919989,25.951691231981727,0.15706737461727818,8.056742589220613,9.664592536955753,4642.0659781480235,oil_pressure_drop,1,2,300,900,-0.4010032719444801,-12.519915583282383,9.985774702311918,0.22467629569423775,-0.9914582001353753,-0.004131425269079452,0.9654059215516289,0.7770623537618944,0.5594323873121869,200.0
678,cruise,4115.471333097083,58.38057126149025,41.802334728665876,99.56836039014463,160.64644597355468,712.7481867409496,25.537486138422963,0.1582763175423035,8.77159807715993,8.289750060005915,4776.324058874934,oil_pressure_drop,1,2,300,900,-0.017276568273438882,-12.388239016328567,9.59079054850261,-0.5060614445350254,-0.07355820743398257,-0.1948714943904071,-0.6298021612965623,-0.17191473537405957,0.5582637729549249,200.0
679,cruise,4126.226625769274,57.52413080102157,42.54463431081502,100.0208712196384,162.5487143925589,719.334539548819,26.035413736418057,0.15800389463018233,8.490647284136156,10.855704891405056,4924.9543642528115,oil_pressure_drop,1,2,300,900,-0.27648680560829536,-12.779233689423863,8.82698778619783,-0.8107878439016915,-0.06650369099065492,0.4671600157945409,0.7999262059259454,-0.2913126539918127,0.5570951585976628,200.0
680,cruise,4137.931984840125,56.108851189094366,42.893359181177836,100.38706411245496,162.91446826093957,722.0564783140882,25.992276181460692,0.14959142024510697,8.545771967022318,9.464031528423497,4907.082919310114,oil_pressure_drop,1,2,300,900,0.5099126313400132,-12.48324693503946,9.461511362439046,-0.36028561371396123,0.6589501876664768,-0.37861671082545856,-0.30901716632202114,-0.19769939996028715,0.5559265442404007,200.0
681,cruise,4099.2281760163205,59.63818879718099,41.51340531126708,101.1504503806625,162.50233483801048,712.3470036033218,25.845527694585265,0.15089432713378612,8.683006584214498,7.9525478608619995,4992.017137824164,oil_pressure_drop,1,2,300,900,-0.17928798257295814,-12.886998094364012,8.369185587243372,-0.00980021246483878,-0.1641552795479591,-1.0286730052947124,-0.6437884771411612,-0.5838447409244623,0.5547579298831387,200.0
682,cruise,4097.123642098497,59.593288995757675,41.930964446427836,99.3935924501602,162.18795572639849,712.7715188655371,25.805937983094783,0.15746343813820224,8.336452783540903,9.87472317500474,4964.706104597267,oil_pressure_drop,1,2,300,900,0.022318998019970112,-13.032005348185798,9.763918709839157,0.06673594589532915,1.2937163792025823,0.2591900397688232,-0.6869523113939662,-0.218538425427415,0.5535893155258764,200.0
683,cruise,4116.941910596983,58.816481579920335,40.63663053006351,99.9759903214526,163.3988252061065,719.6485179667593,25.82587956766316,0.1590781505260982,8.602524889254141,8.915075665189072,4930.595547331386,oil_pressure_drop,1,2,300,900,-0.9773018948760611,-13.045098662587492,9.930267367006198,-0.17798987019442356,0.2452204561709438,0.2267528883417378,-0.21702273652659795,0.08351092482873941,0.5524207011686144,200.0
684,cruise,4117.302100731585,59.96506805341042,41.406328425689644,100.34580850046791,161.11383620769902,715.2333983823424,25.89370567206769,0.14731838174334397,8.32048601160668,8.866264660644397,4929.223768418734,oil_pressure_drop,1,2,300,900,0.22330352061149983,-13.343249293148443,8.950280745976892,-0.2836996476107432,0.22071684069028902,0.2612747192527525,-0.4935093307779523,-0.43461631715902765,0.5512520868113523,200.0
685,cruise,4111.130342633334,59.86569890320969,41.546507726493175,99.65008087181617,162.09206486339218,711.9188220312727,25.774800186852325,0.14309802477750447,8.783932716740814,8.765725489267679,4929.599873732984,oil_pressure_drop,1,2,300,900,-0.34158601605953476,-12.107241121917504,9.278634972191906,-0.7343623679816004,-0.41636709558102536,-0.3313013202964099,0.14981310755569646,0.11801969582894717,0.5500834724540902,200.0
686,cruise,4110.908740735403,58.675644830200795,41.929249241860084,99.9799176981544,162.6551983199267,718.1468720553617,25.928995709725307,0.15896230387710525,8.624035216301378,7.187748386351611,4903.293361081251,oil_pressure_drop,1,2,300,900,-0.3260313163041989,-12.731740792890918,10.037535414348179,-0.8282622041964527,0.022602711863447533,-0.7669935659257215,0.3070724504409485,-0.3473792519629495,0.5489148580968282,200.0
687,cruise,4096.4813372705285,59.55491834677422,42.12911411888287,98.63486452803005,161.2679173674763,713.4155385306151,25.891134377357105,0.14800104451654966,8.46886145370884,11.73483949516093,4616.454328296426,oil_pressure_drop,1,2,300,900,0.005488054126710816,-12.790587948448895,10.582276811319131,0.05908535847094459,-0.43724205659813,0.2655150026881843,0.435189297114159,0.5602167501302074,0.5477462437395659,200.0
688,cruise,4089.2908068205293,55.535783770809346,42.00538273187199,100.17869677362256,162.54425562560985,718.2594933769079,25.74875474095992,0.1499911564123858,8.27257241797828,10.341030122502868,4861.313415367284,oil_pressure_drop,1,2,300,900,-0.12883529048753287,-13.581688537715863,9.831167244017383,-0.7561713379359977,-0.1544576658929509,0.40642261186989886,0.11021784626526548,0.5426302310971428,0.5465776293823039,200.0
689,cruise,4089.106377541143,62.71075036546018,41.60297855227329,99.86245985910531,161.97783069585282,711.4386539259672,25.843589788060072,0.14931405394781652,8.295701248358581,9.024124514069497,5009.969820567119,oil_pressure_drop,1,2,300,900,0.629164247413823,-13.559642957894123,9.553023009426711,-0.4314308202137815,-0.08640905142372739,-0.09141001250049942,-0.7053355357225577,1.1018946560811462,0.5454090150250417,200.0
690,cruise,4122.872119191776,58.95203501485845,41.902965178663216,100.3613403026457,161.08056010616014,715.8144580672811,25.534487567102968,0.1563717815620501,8.247102966747399,9.668513038108815,4830.122093410673,oil_pressure_drop,1,2,300,900,-1.4387122164756925,-11.746016862348387,10.420098026751932,0.16889220016843565,-0.14376265475962674,0.10965486690022673,-0.9320959227358114,-1.3324829367702824,0.5442404006677797,200.0
691,cruise,4127.61250388091,61.731706217753825,42.12324128791664,99.7047829206871,161.50705071317796,717.388444880316,25.78393517362825,0.15585005327011345,8.57498586370498,10.18556177227925,4994.061409474229,oil_pressure_drop,1,2,300,900,-0.6007432714589256,-13.023049561192423,8.705709173804479,-0.054678942846202054,-0.30866652157142555,0.6163671645377976,-0.038889898887804274,0.1461618908509821,0.5430717863105174,200.0
692,cruise,4081.1841881742575,60.25273808885625,42.007465036130085,100.69890760352041,160.8902417213698,714.2152388173811,25.39214996915141,0.14427941589683918,8.642808893457353,7.481745333953062,4799.361916040514,oil_pressure_drop,1,2,300,900,0.1179644595605694,-12.83462296358281,9.114219124128681,-0.5661027471614485,-0.19425521125917955,0.731574181814784,0.39720897998026883,-1.7973624009905118,0.5419031719532554,200.0
693,cruise,4121.670427901708,54.70329017331265,41.559233803549574,100.06285021480896,164.0597022355137,710.3200976411971,25.733625818096368,0.1514617341488157,8.35265048913408,9.1153093011182,4657.0763965995775,oil_pressure_drop,1,2,300,900,-0.32747847277898434,-12.26590096276028,10.014629116701581,0.38302621100085166,0.061263278952772594,-0.32231021526772796,-0.17744308999080421,0.04201349143845559,0.5407345575959933,200.0
694,cruise,4097.419754174344,60.14454187770004,41.79095042338278,99.69098464088663,161.19222925231034,714.6702093992849,25.71071227829413,0.15558067978723714,8.30187031987323,8.771271769707468,4868.958108428049,oil_pressure_drop,1,2,300,900,-0.3835342328496699,-13.737444063380758,10.474168942714261,0.7140928388472902,0.0303496705283043,0.037483076006672306,0.8980823735203597,-1.0756731415675425,0.5395659432387312,200.0
695,cruise,4111.9938376673335,58.23346421054081,41.42718508792206,99.89446406710206,160.189013987732,711.9556403854972,25.79583927840912,0.15596704569532596,8.545973003630149,11.596273716604676,4899.883563722733,oil_pressure_drop,1,2,300,900,-0.009972869823451502,-13.479684098000895,9.099419430378191,0.1445396109684511,0.08861764336824045,0.013547983776237057,-0.4068597728664599,-0.647218916876635,0.5383973288814692,200.0
696,cruise,4126.330961843407,61.042700384728555,40.923761297239366,100.9359514050656,160.79683585854218,717.2296871450732,25.828560893062242,0.16235305335216785,8.646737294490721,7.49356109406935,4650.6673401474345,oil_pressure_drop,1,2,300,900,-0.2559760782191166,-12.792016214444581,9.531940329535693,0.17281746868901712,-0.4661760070795564,0.48194836140062136,-0.4451420533661615,0.5294335351002742,0.537228714524207,200.0
697,cruise,4055.6435035490613,55.05353464772149,41.34134764739526,99.48419206369532,164.43484895973208,711.9431852541329,25.993405089222925,0.1510819208119968,8.443710327738987,9.972837226465717,4896.392573645493,oil_pressure_drop,1,2,300,900,-0.4936113291344427,-13.40277754672794,10.312337044247005,-0.14973729945119504,0.40393126338793367,0.24488468113017497,-0.578545921310106,-0.887263272090407,0.5360601001669449,200.0
698,cruise,4131.879926270504,61.209941579228925,41.26350146915253,99.77630947560856,160.99486109498903,715.6922440936826,26.1082496715412,0.17015875921290616,8.52592210201938,8.461395332108369,4886.178626752382,oil_pressure_drop,1,2,300,900,0.5996859962482585,-13.456751768878105,10.312452552738112,0.05020172743144082,-0.6167413223865633,0.26596672208387134,-0.13449415082844188,0.6765442064692287,0.5348914858096828,200.0
699,cruise,4117.618743381159,56.8825664963133,41.50336462943731,100.33553930587918,161.27430877454736,714.6096089021147,25.66430276601792,0.14874153625504613,8.47948754459557,8.428164988985886,4827.683646367637,oil_pressure_drop,1,2,300,900,-0.6231523823770394,-13.236410937027337,10.395276721492419,0.3898926361719777,-0.606299660733055,0.04942542095591739,-0.26801363595975686,0.47612655419886984,0.5337228714524207,200.0
700,cruise,4122.365270784648,61.1275066272946,42.79630322950217,100.21593819340436,161.4705552086183,711.8493863691955,25.92428799350015,0.1575247662188754,8.426839473228574,9.122217395498586,4840.067788698762,oil_pressure_drop,1,2,300,900,0.883086637344627,-13.625963891922732,9.534918160110978,-0.11890638300769464,0.18578522489716492,-0.07739330938482794,-0.2676045396522563,0.5878508565339119,0.5325542570951587,200.0
701,cruise,4130.2278744119485,55.73004015666085,41.152574561475156,100.88018937936693,163.21823691912599,710.6422492155647,25.56760900861569,0.15156624127078563,8.257176122096853,10.664823966772282,4912.907818849082,oil_pressure_drop,1,2,300,900,0.5591543608143802,-13.342884246821878,9.393267946042808,-0.04938994775898211,0.7519484596786482,0.7344897400670558,-0.1476232972940005,-0.7262656546287911,0.5313856427378965,200.0
702,cruise,4074.952966904416,59.78957032633509,41.440838585742846,101.09649836214669,162.38524163890526,717.3977935762371,25.799996352716455,0.1562350794879737,8.546682182717094,7.200791755443584,5004.562056377702,oil_pressure_drop,1,2,300,900,-0.9462594124976091,-13.675541663229206,9.769277088624177,-0.9994297739915939,0.13449510898806125,0.1845575835467405,0.2576501554334753,0.48015034915655175,0.5302170283806344,200.0
703,cruise,4078.7315370656684,58.9654628969536,41.591355372998784,100.21358475578126,160.63601643733543,716.3434199366081,25.927861742623847,0.15110593841346148,8.505111652421396,9.983058782244907,4747.754595067281,oil_pressure_drop,1,2,300,900,0.5867894995689888,-13.865786323911717,10.483918035796023,1.0046168624885528,0.5960693108408254,0.2849746850749106,0.1304778341650077,-0.286081815713141,0.5290484140233723,200.0
704,cruise,4141.866550382364,60.39860628471511,40.749168943424436,100.35093259438231,164.76806172653937,718.3559194194281,25.722835904649486,0.15469351092022246,8.590499143901507,10.033313683546833,4878.124611541792,oil_pressure_drop,1,2,300,900,0.6139668284883909,-13.71427816747329,10.544928796287806,0.1886700062467866,0.6044873025676157,-0.6387907832098106,-0.667957019243538,-0.04480956310645746,0.5278797996661102,200.0
705,cruise,4109.810772199071,60.052646425090074,41.70020411011427,100.64903242159154,162.48492841090493,722.1909596602683,25.711060018435454,0.16213362271061335,8.248405153795188,8.571465555721836,4862.513163541542,oil_pressure_drop,1,2,300,900,-0.5128119876079538,-13.556458854676286,9.470376728440497,-0.10532993912808353,0.002021756337848295,-0.30288644781247215,-0.6389726562339771,0.19108211440499578,0.5267111853088481,200.0
706,cruise,4099.744561169761,59.783127903859935,41.080188882963824,101.12445867614055,163.01279684651274,716.599494860674,25.647643454946785,0.15698148198053816,8.621806703451014,8.183014178068998,5022.451899020365,oil_pressure_drop,1,2,300,900,0.08750867378598812,-13.832164782962625,10.555610245408838,-0.8974571880631633,0.9857415814779588,-0.02143524602598627,-0.5759327362580529,0.8116069045520412,0.525542570951586,200.0
707,cruise,4111.117025365547,57.043973384058816,41.28728958609085,99.91023485487449,161.48427857460118,716.3111943403457,25.814598634571716,0.1644123250980256,8.177654588957525,9.512918820091446,4745.420550874608,oil_pressure_drop,1,2,300,900,-0.11590059931291512,-13.63310623404433,9.967167947774458,-0.6360859172290376,0.4930674500847871,-1.1827352136169516,-0.7050149129751832,-0.5810166440661044,0.5243739565943238,200.0
708,cruise,4119.123683328688,59.306961055200084,41.06949938667051,101.00034975157779,161.07599770283144,712.83214636318,26.048348032047425,0.1526491131918276,8.341353674897926,10.949645416663357,4865.522594916373,oil_pressure_drop,1,2,300,900,0.3112895602300534,-13.80748345780644,10.86411299867052,0.06534605379139231,-0.17413524816470405,0.03978974536503392,0.7791198894221872,0.5084816767014232,0.5232053422370617,200.0
709,cruise,4149.588047666838,58.20585333942565,41.09123481565751,100.37193692501823,162.6157627853222,711.5060139573227,25.791498293182006,0.14856598631479445,8.805914419195515,8.434491277176406,4934.789299230705,oil_pressure_drop,1,2,300,900,0.5009049693542977,-13.68546899395081,9.973200112656231,0.5534499255473242,0.30183117331033366,0.7692505313567563,-0.22085331808114994,0.3982389778818253,0.5220367278797997,200.0
710,cruise,4091.57587138761,56.18671068732738,41.32823490438139,100.62254726576062,160.84081208852047,714.006473832174,25.975559237555704,0.16188016568179078,8.77586321822036,10.064455136398676,4794.459520804502,oil_pressure_drop,1,2,300,900,0.24321429111367476,-13.750572813997477,11.504270282652557,0.7287211081806426,-0.11591153173250014,0.30579875100494675,0.04018073198959356,0.7667962905352937,0.5208681135225376,200.0
711,cruise,4107.972544578505,59.83884144838235,40.99862285692902,100.89489148748581,162.6704879379556,715.5999036561814,25.59673301844014,0.1605310388799791,8.37158146661071,8.5842647060591,4781.977318177738,oil_pressure_drop,1,2,300,900,0.38947870704365206,-13.538939036369165,9.7604066832586,0.4179109076056003,-0.4074450481044804,0.5124555652106293,0.30523925762599036,0.32200210899460435,0.5196994991652755,200.0
712,cruise,4121.309111824842,58.23404137447313,40.56584938540136,101.78965423412961,162.44326026601652,717.2927808898568,26.082728256984797,0.1510312978399168,8.442782689588656,9.983155483160267,4968.160032042731,oil_pressure_drop,1,2,300,900,-0.4815367438634691,-12.914003141706477,9.955244257952522,0.27495221993380053,0.19159163670187257,-0.3250896509602148,-0.1024285680940396,-0.6590688410725766,0.5185308848080133,200.0
713,cruise,4091.0961574872367,60.79042071561815,41.77930393176569,101.02258239507356,160.1635768696409,719.3736281240632,26.03290897860746,0.15608018222361814,8.422349294504437,9.109953838390684,4824.966178023857,oil_pressure_drop,1,2,300,900,0.4527693545976276,-13.785308579243202,10.660474030681351,0.13185951421946832,0.14960203069813705,-0.4365193255270101,0.13421664262193375,-0.5079161840545027,0.5173622704507512,200.0
714,cruise,4056.619343202099,58.818223671081576,39.746316293462726,98.96772304854558,161.5909384086726,716.232761530059,25.42043835809309,0.16214808694696217,8.660995183964314,9.5457382495055,4743.19121331038,oil_pressure_drop,1,2,300,900,0.6087642434816934,-14.307596345156949,9.92851902854437,-0.1501968468171083,-0.34556214755397496,0.21270656086292122,0.5123675279695268,0.10656399638024239,0.5161936560934892,200.0
715,cruise,4128.641753780074,61.68690870385046,40.365301033658454,100.33066511997032,159.79950850406766,712.5380376130214,25.891178806635978,0.14873200559257704,8.706698323998253,8.5191216628708,4843.041541690057,oil_pressure_drop,1,2,300,900,-0.3999490014622893,-13.702565063915976,10.67676988748656,0.14753164867631188,-0.7605367114718129,-0.3582156914617424,0.21644467198928388,-0.6348545576789096,0.5150250417362271,200.0
716,cruise,4093.7125367409676,60.00106084276462,41.325639898280265,99.65608183297056,162.5438383222689,718.6812862466586,25.64012275401533,0.15968193739891043,8.440716226553151,8.129596745832325,4856.968730297093,oil_pressure_drop,1,2,300,900,-0.8347208603935252,-13.408617298126996,9.954325416604991,0.7418513383862796,-0.6649238871081764,0.5856138907254232,0.03164221025992681,0.21415106471516937,0.513856427378965,200.0
717,cruise,4096.161239313049,62.43037510554905,41.040273619908334,100.6538277601945,161.08004296234802,713.9815291795412,25.89477076060255,0.1529930304995206,8.498565440390067,8.504856544664122,4924.405152218404,oil_pressure_drop,1,2,300,900,1.0894633817483141,-14.19905674962863,10.9312775443428,-0.33598472929328727,0.02263478996334396,-0.4678822251333098,-0.5246986246346713,-0.14362349902007207,0.5126878130217029,200.0
718,cruise,4076.160404679449,57.70898153858676,40.4665143469455,101.50268907491716,163.168012028314,719.431714499242,25.67067345403364,0.15285132380399996,8.537764590205875,6.89480718427666,4949.366270058826,oil_pressure_drop,1,2,300,900,0.13957352806237708,-14.249996716959245,10.110449598435086,0.44966213193307736,0.1175764315028154,-0.35244542665492196,-0.7758305910309391,0.7916253575654348,0.5115191986644407,200.0
719,cruise,4120.8791466231705,59.325130758190554,41.876190989398324,99.88193499583113,160.71825080238216,716.827288354036,25.81559865898372,0.1544652901188044,8.287547223703406,9.534434630367421,4879.581300777307,oil_pressure_drop,1,2,300,900,0.7479119363446924,-14.579064041671511,10.171390452941704,-0.020045648033379014,0.20357822279718651,-0.23611230957854829,-0.20282611119176,0.26952727966621953,0.5103505843071787,200.0
720,descent,4078.537470833648,59.362891070442515,40.431343587652236,99.82875380642228,162.75791828438227,721.5885301917555,25.90202925036335,0.15676344422180127,8.373252110772482,10.648037813694136,4936.301480341616,oil_pressure_drop,1,2,300,900,-0.9125487445312903,-14.561386521961243,10.979695469404234,0.641991765517025,0.5064457390859058,0.685958867377544,0.2622579304572784,-0.015962239055343927,0.5091819699499166,200.0
721,descent,4113.712684759339,58.891328303080265,40.949410386612385,101.8024728418478,161.40006065656556,717.4596418407315,25.71490488170552,0.15335417452354483,8.46573314864774,9.45878149892824,4763.589830467043,oil_pressure_drop,1,2,300,900,-0.6844631302666266,-13.636400004363352,10.357282376422374,0.006634286407722038,0.4544961858793721,0.6981317391310876,0.11754131805692418,-0.5265337929652728,0.5080133555926545,200.0
722,descent,4097.543696417223,59.08161840454487,40.802756499182536,101.66335348531611,160.6469369298479,720.4757945420047,25.445571463225015,0.15440909023216945,8.622458667576675,10.659968202586402,4693.043973129449,oil_pressure_drop,1,2,300,900,-1.4335605991392675,-13.698761592479663,10.742200660989358,0.13113988792117892,0.10447844958544118,-0.4355642153740495,0.1431722784173216,-0.09513623660409112,0.5068447412353922,200.0
723,descent,4114.455638377715,59.93375774660293,40.96864826758343,101.50129527304692,161.39004386964928,720.589058452495,25.71701718664834,0.1573306428699929,8.836618020998833,8.407677353049623,4980.023917934863,oil_pressure_drop,1,2,300,900,0.33201954476754914,-14.010992273140335,10.607867422377474,0.9644317353690023,0.1903661690537873,0.4532863333070145,0.09596742068783183,0.5562253860498814,0.5056761268781302,200.0
724,descent,4119.468656486019,62.52522359211626,39.29571868250328,101.1914901247393,160.0952273574401,715.2960060308035,25.569231712025193,0.1610185818187521,8.404234098632914,12.065116645469315,4802.812979017007,oil_pressure_drop,1,2,300,900,0.6731571560159866,-14.415882314609219,11.12484443950881,-0.07940899002708247,-0.5077674838965243,-0.7727014731412195,-0.7510293008818044,-0.6442747197911497,0.5045075125208681,200.0
725,descent,4117.113867878819,56.103593358868004,40.43589535787889,101.02701186977488,164.07056288649957,713.8732121654544,25.648130005225422,0.13820089990529494,8.64863095205239,9.447358824926816,4963.736010969312,oil_pressure_drop,1,2,300,900,0.3435898753722787,-14.067851835292496,10.74534455877141,-0.32292664971691337,-0.9114994075646508,-0.07727360094221475,0.3232764508965474,-0.4006116743554071,0.503338898163606,200.0
726,descent,4061.930411642794,58.81214376424386,40.18127807038515,100.20224107807253,159.8814271753643,714.8850811753249,25.672726549330076,0.15789310706187612,8.373717772867527,7.687163967273402,4941.40100780802,oil_pressure_drop,1,2,300,900,-0.09630636363959678,-15.333163612880679,10.573407682400282,-1.3164528646930271,-0.48322858740320646,0.00554835195048755,-0.5305543384784979,0.05356639716601499,0.502170283806344,200.0
727,descent,4080.1381738209784,63.07233771414824,40.06195562585578,102.17755852316012,162.10709797320055,717.5942872074286,26.197283995750546,0.16384126475321067,8.183083885937489,8.559488423076342,5013.773046858598,oil_pressure_drop,1,2,300,900,-0.7011731696325556,-14.305116096554876,10.03788013092292,0.39641382989757606,-0.5219045652944764,-1.621035481348649,-0.6400851095657951,-0.9386144461088194,0.5010016694490818,200.0
728,descent,4115.816507338557,61.08619960005581,39.82598205998327,101.41889705869194,162.25922643154618,714.9435393635877,25.922132197650548,0.15526681791430377,8.39870306191914,8.902035239766754,4683.559112458664,oil_pressure_drop,1,2,300,900,-0.658564301349817,-14.434330538660122,10.870381852543945,0.6353629190834931,-0.39564383809560155,-0.7141704835505667,-0.3493754560802041,-1.070138013519343,0.49983305509181974,200.0
729,descent,4077.6410640162294,58.938837837358356,41.386723015268785,102.04207342328105,162.14822978564132,721.8543062547501,25.76990341581664,0.15214798893583653,8.390991484188714,9.725400932737374,4845.487559989258,oil_pressure_drop,1,2,300,900,0.7023385879453256,-14.333832649671107,11.155145166298055,-0.4325802253232989,0.4943843976782417,0.10419645105947047,-0.5069006813011258,0.5844148536502007,0.4986644407345576,200.0
730,descent,4129.576642710733,57.64565920300635,39.96957549091479,101.51951999217736,162.63339236239497,713.151946472992,25.698797621192917,0.1580701945315004,8.383387973842662,11.200291736455409,4960.7879723749775,oil_pressure_drop,1,2,300,900,-0.36487439492409257,-14.186633223590418,10.86965110875272,-0.9197076101452615,-0.36300977654966426,0.4095774741409206,0.7521076677160551,-0.24071030750175124,0.4974958263772955,200.0
731,descent,4104.288653636195,54.68213669352348,40.15035192153835,101.54379119968871,159.90299876391063,715.1909351719981,25.458493803232063,0.16036318366134225,8.663517175532501,8.991400718381016,4873.449493065062,oil_pressure_drop,1,2,300,900,0.8373629070926853,-14.826650759322842,10.389724781932971,1.0491992734438786,-0.29077453177530543,-0.720386819159603,0.07264916295541939,0.08354628062902802,0.4963272120200334,200.0
732,descent,4101.101957795193,59.753336796491304,41.13711252165432,101.70742816412351,162.02635265683793,715.7018530526507,26.080427181191553,0.15621536910293618,8.41261622755802,7.465606144222933,4928.48354743461,oil_pressure_drop,1,2,300,900,0.15536070100348753,-15.137825742652794,10.901819423775878,-0.24171624918228496,-0.04774786266899391,0.22823595154249784,-0.20392586028835147,-0.7281514711456258,0.49515859766277126,200.0
733,descent,4107.142142285916,53.26500859819077,40.4804069390249,100.76468148492918,161.40982794016537,714.9282339105,25.639646414230125,0.14437925868902085,8.615096520563165,8.498000566666342,4962.309764733735,oil_pressure_drop,1,2,300,900,-0.7094983413593977,-13.47415030970105,10.394638396915699,-0.40655780946068687,-0.35297138129817957,0.4839773865914423,-0.8729788986622913,0.06693252786889088,0.49398998330550925,200.0
734,descent,4122.301985524562,57.097629959308925,40.442863801140774,100.66886234979913,162.7950381401389,710.7965221101364,25.357244084749542,0.14844006723102235,8.404597250311788,9.261380960872703,4961.202595794204,oil_pressure_drop,1,2,300,900,-0.10691541209641521,-13.885743860778945,10.81947998374775,0.5988009277817445,-0.6256609930234911,-0.07775524838997735,-0.5579664478052263,0.11156122951740227,0.49282136894824713,200.0
735,descent,4151.568609998896,57.762359891399974,40.094524836357415,101.64124840587155,161.17717606409076,719.8200601930464,25.568273710136303,0.15361022797596705,8.613350307150347,9.524162747745672,4849.244590115536,oil_pressure_drop,1,2,300,900,-0.39635882712188175,-14.990721906605863,11.368505521083158,0.7190371173104378,-0.48832380494771505,-0.46329424488520354,-0.0990000959293978,0.45000457165297875,0.491652754590985,200.0
736,descent,4120.61852530889,58.85564933794337,39.86239532927869,100.64652503236503,161.25783199747502,712.3678095031469,25.677992253635875,0.15696050760945104,8.34186424435695,7.601405921879027,4798.72970808112,oil_pressure_drop,1,2,300,900,-0.01460809767293145,-14.118230086317576,10.020639274495483,0.24270349194608848,-0.17845148712926773,-0.5892089579738303,-0.21635015415275743,0.5549537540620509,0.4904841402337229,200.0
737,descent,4124.711811870117,64.7658493068138,40.77368039765257,101.86103219829063,163.35530260646718,720.2084353473512,25.90233238737601,0.16395700030495935,8.454355604132893,10.901331673046963,4841.480033411071,oil_pressure_drop,1,2,300,900,0.25844235827555173,-15.376374523963769,10.815135437744386,0.4428673721507378,0.2843204270189031,0.8576342836401927,-0.5574810527159625,-0.10639631911271195,0.48931552587646077,200.0
738,descent,4083.517488528791,58.86137422719207,39.70714657530235,100.98593473672497,162.04863996562173,717.632241708868,25.95301061861622,0.15157103664187002,8.513644630810493,8.494140123149709,4804.588531034142,oil_pressure_drop,1,2,300,900,-0.2828622536754812,-15.157224983228842,10.951052555251636,-1.4370789066569931,-0.15945036347667407,0.49827378799404365,-0.008264986248810018,-0.19634990519659679,0.48814691151919865,200.0
739,descent,4111.080454632757,58.693019050172786,39.427933376614504,101.2851819461541,163.31969487098738,716.7595632749279,25.968052629626218,0.16139386562985505,8.66486808425585,8.95558199266237,4826.472366056818,oil_pressure_drop,1,2,300,900,-1.2918257017117192,-14.578754559971454,11.482498763554007,0.7367368581294526,-0.3363910792247512,0.10315671148731827,0.9647117745778979,0.8623345160790251,0.4869782971619365,200.0
740,descent,4104.244170361639,61.250959485096345,39.53261161254717,101.35100385681946,162.56752746756737,712.9011414514075,25.947846887286083,0.1411003281481169,8.667844379003393,9.309427251124541,4752.276655302623,oil_pressure_drop,1,2,300,900,0.8615700956494339,-14.922818058849556,11.946991729366815,0.21036612926605847,0.04698803338385267,0.15110320240536088,-0.10304682362633243,-0.27176049582057243,0.4858096828046744,200.0
741,descent,4112.909702892932,60.116792018532855,40.508417098316606,102.37377525810169,162.6373340823549,715.1007359077709,25.70435990612306,0.15301151784987826,8.614430823528647,9.611527423833751,4778.968393077737,oil_pressure_drop,1,2,300,900,-0.0733637099142764,-14.889017161299947,10.958107708426299,0.10826660824396855,0.445944368023951,0.4840008072214095,0.29004341400268635,-0.14132878119163014,0.4846410684474124,200.0
742,descent,4048.8285556606493,59.088616731935446,40.057702102120636,100.49117745551314,162.73088749249183,713.062695884374,25.527545926974884,0.14955697539882484,8.42380346307438,9.107226467284343,4699.812478512879,oil_pressure_drop,1,2,300,900,0.47620863386664347,-14.599187860705632,11.00370421313296,0.8586083945292733,-0.023204564912546813,-0.48653643257049184,-0.618100622308995,-0.223028391402177,0.48347245409015027,200.0
743,descent,4086.613308792832,62.39137652532264,39.3460388049501,101.61141015936667,160.611075291415,716.8428233127534,25.841277041401085,0.16585306095053107,8.555564170913058,10.076789204293807,4810.114310649108,oil_pressure_drop,1,2,300,900,-0.553281096111208,-14.826450228737228,11.53344767036275,-0.04937726772450152,-0.04177863529526509,0.5828630599299686,-0.3203489880896623,-0.6339419664538309,0.48230383973288815,200.0
744,descent,4145.289414304743,60.11326476820744,39.6461778768729,101.4719467095244,162.41719452773054,716.5459682285581,26.0725988718129,0.1608159617561338,8.46674447325252,10.340434088111545,4867.556551857601,oil_pressure_drop,1,2,300,900,-0.8901890686941477,-14.350096321502535,10.71552048382088,-0.046519144188406684,-0.26057726287127203,0.16052330475456694,-0.6533136395876707,-0.01674107306286037,0.48113522537562603,200.0
745,descent,4096.1405222565845,58.15692001092988,39.888180887631044,101.32722720648329,162.1019596448274,715.9177949782094,26.020452212601807,0.15850915027190388,8.36127681361538,9.289662592734343,4977.636165522441,oil_pressure_drop,1,2,300,900,-0.4556862112442122,-14.96507444443361,10.433205335580693,-0.39048705870489214,0.17240987164427898,0.029728019993991918,-0.1661596388356989,-0.33810502116609936,0.4799666110183639,200.0
746,descent,4096.003217760775,58.329401820347094,40.09769464877798,102.04462999348833,161.57193657427112,718.9600340003874,25.308632986717154,0.16090051099857905,8.469911817148382,9.431659553674137,4665.243252233041,oil_pressure_drop,1,2,300,900,-0.5441225445615822,-14.655740585648402,11.170923980022506,0.12093170261113712,-0.46128985357685715,1.5028848338977845,0.4251017202277204,0.23791552108023742,0.4787979966611019,200.0
747,descent,4116.792957532068,56.012014962242475,39.66122286071476,100.77684323657172,163.12457080856365,714.139533215552,26.025414727944057,0.15759039189216653,8.22792107544703,10.597716545280674,4886.406693196069,oil_pressure_drop,1,2,300,900,0.06598495164101832,-14.551891694540224,10.853827218277866,-0.11904842082385668,0.23894402705946863,-0.6831714217810677,0.15287182029020782,0.1514727432826047,0.4776293823038398,200.0
748,descent,4101.145912997988,59.33541877890509,40.59625926593111,101.43942966447581,160.9176735281039,718.3143252761668,25.382127583630293,0.1609011277939303,8.238301298701666,9.473302972343378,4568.080510063421,oil_pressure_drop,1,2,300,900,-0.3622668989389041,-14.93171729120895,11.523718329483003,0.06749074592994946,0.5602096701840762,0.030140009271883466,0.027595505365058788,0.17772957643575793,0.47646076794657766,200.0
749,descent,4130.529817867466,58.240137618761096,39.532412678367706,101.26833788197182,161.72758540094793,720.2639621486506,25.534693029128228,0.149161968430613,8.57615428969942,8.601711804525387,4869.244181837738,oil_pressure_drop,1,2,300,900,-0.20702304390492865,-15.273139794036219,11.911771242968776,1.2127927235771898,0.017928589038584,-0.18362554724811433,0.6473539097958588,-0.614880472605625,0.47529215358931554,200.0
750,descent,4117.751328684526,59.8700988084213,39.10332470284797,101.78434079651608,162.3265158428644,711.6144968575779,25.624587824204255,0.15220364218361876,8.501166578842863,7.9763115518582355,4940.945135746235,oil_pressure_drop,1,2,300,900,-0.33634622379405393,-14.894528283761106,10.809282843472598,-0.15308691441701652,0.3139625813182673,0.30996675971247856,-0.46406091625478485,-0.31909889111234935,0.4741235392320534,200.0
751,descent,4100.947204215767,61.23324770090067,39.38802920387555,101.91596816327649,161.99039773004247,713.3869738670118,25.842287322760637,0.16569764302673082,8.43061534965321,9.310137384892132,4600.176726973239,oil_pressure_drop,1,2,300,900,-0.09001517005789743,-14.39958343993332,11.2942378228262,1.187856649957633,-0.10545380480361692,0.13223819833097245,0.1954032125611891,0.26897330505569056,0.4729549248747914,200.0
752,descent,4102.984979724314,58.7223689513183,39.21882796933281,102.22203392708586,160.14604501356885,721.2808696375465,25.77307092974833,0.14772924199410697,8.75070851690759,9.006355250979615,4844.772524613217,oil_pressure_drop,1,2,300,900,-0.18520432459678365,-15.149290738830246,10.96002522202007,-0.5649984335336505,-0.03253805291349546,-0.9157114383182691,0.5619504493609927,-0.04886425815729811,0.4717863105175293,200.0
753,descent,4084.0157405942737,51.907301554699586,39.888247042925016,101.10034178953677,161.57079870700733,709.9289649408186,25.78591687490448,0.15684116190934067,8.546200149601978,7.396288406950572,4859.629335528421,oil_pressure_drop,1,2,300,900,0.2901648694852986,-14.319214367203946,11.321540029122971,-0.3387682902432926,0.21002792335641257,-0.16411103730675686,0.11703591109003751,0.5546633759019197,0.47061769616026716,200.0
754,descent,4099.86093195844,57.750096426193586,38.48420696691754,101.72967446145906,161.74352858729023,712.39933621659,25.893505692413218,0.1640198903920321,8.593934012607487,9.921993258188946,4935.9664529641195,oil_pressure_drop,1,2,300,900,-0.8593638767522523,-15.226741032708134,11.207401721448344,-0.37896807096891505,0.367865616910274,0.5409147930150761,-5.267154193238787e-05,0.09081804174361531,0.46944908180300504,200.0
755,descent,4102.411873759596,58.70882055250818,38.95932319465341,100.89543800734972,160.29047462656098,715.0426391689556,25.722037093742905,0.153288811393276,8.212967157115894,8.911161210412992,4939.745161530456,oil_pressure_drop,1,2,300,900,-0.4068455082689154,-15.392191853793705,11.310003034993786,0.5018056380562043,-0.4299968549391969,0.4539690367018269,0.06116249140523945,-0.6554670224935366,0.4682804674457429,200.0
756,descent,4110.7961676032255,59.23133198443218,39.37418997003493,102.04312226437867,160.85961262212703,716.8545160903017,25.6387146778396,0.1514103884069628,8.674177076796653,8.709276119773607,4773.2756232208285,oil_pressure_drop,1,2,300,900,0.19139525683393194,-16.24121622670374,11.651344590178418,0.12844167688833286,0.45561223346573015,0.16377315207068635,0.33260006219333027,-0.46312425972281723,0.4671118530884808,200.0
757,descent,4103.851492057293,61.960063362244085,39.275774258310555,100.66562915322169,161.3509394364637,722.483931974854,25.704944872057528,0.15738971432020452,8.649915371516412,9.135230992601983,4817.417574486523,oil_pressure_drop,1,2,300,900,0.006115042957794837,-15.293190048422234,11.181450002758117,0.5313241540161131,0.07243552725382421,-0.396733718059411,-0.5332500799782111,-0.9795184801544694,0.4659432387312187,200.0
758,descent,4095.7395233515113,59.66503688330295,40.46405644699492,102.22604105714697,163.06952201242643,721.402265573003,26.03280450382214,0.1570965637133374,8.642982122745295,9.562669431898673,4773.381034667404,oil_pressure_drop,1,2,300,900,0.3628934552340096,-15.782363166283805,11.211858801982821,-0.437309301477027,0.36524955087281524,0.3664573810833852,0.07720418807540155,1.0011292384577857,0.46477462437395656,200.0
759,descent,4108.9362842433275,56.09369781242909,40.54836276734605,101.08716360868107,163.09258185502907,717.4675809125397,25.880107663850985,0.15544250885487343,8.522152701101621,8.46719818709311,4789.531735017701,oil_pressure_drop,1,2,300,900,0.2265650859482253,-15.321528501892633,11.893083887977186,0.5198358532090136,-0.23645087029037684,-1.020030610602644,-0.07287169924790117,-0.036010718663781825,0.46360601001669455,200.0
760,descent,4126.690972073479,65.09050319747374,39.48511105961139,101.90464089785644,161.6410521270124,716.5794862761131,25.97853908005579,0.1438825814630368,8.555863477283628,8.93291153210227,4662.430386508191,oil_pressure_drop,1,2,300,900,0.11712474696981195,-15.219809199132774,11.242498066782089,0.00027020798093409595,0.09576999536654002,-0.746313242456604,0.05835785798460019,-0.5249939340399735,0.4624373956594324,200.0
761,descent,4143.769040995027,56.64960863344341,39.22220935464597,101.43673355187246,161.53052805289005,717.2468540786422,25.806293436089135,0.1523974651883665,8.610480443640473,7.56027220496793,4881.766482559828,oil_pressure_drop,1,2,300,900,1.529408761439242,-15.769566833311139,11.573995262328056,-0.04451101929136565,-0.4910645973885485,0.11868867244202431,-0.9687343750599184,0.17348860733978613,0.4612687813021703,200.0
762,descent,4134.892445064839,61.25282359403891,39.07265191421194,102.16426151542584,162.50042628800864,714.385855887135,25.30660003062458,0.1645974148002547,8.464893531046842,9.913918117801408,4607.044210859712,oil_pressure_drop,1,2,300,900,0.5479533801870522,-15.116552822141486,11.891589953429479,0.07565991697498525,-0.812857956796503,-0.2394165547814654,0.1010357956807589,-0.19426181921548694,0.4601001669449082,200.0
763,descent,4106.640775874857,62.90131633802706,39.173057853328004,100.88363793017079,162.9046033283536,717.9409663667952,25.85292943162581,0.15614621040381324,8.827697710241091,8.17963597171282,4904.741870998988,oil_pressure_drop,1,2,300,900,0.16583007887403142,-15.929339233663834,11.603807898797928,0.237842875652339,-0.4252400622426887,0.07896802785354493,0.1796073445178083,-0.17746427647416407,0.45893155258764606,200.0
764,descent,4097.568961755908,57.15133167168982,39.43882817546243,101.97238887890828,163.2513190235743,718.4140253639824,26.165479496630454,0.15175679350467902,8.409968491126957,8.169147964947467,4828.980661122149,oil_pressure_drop,1,2,300,900,-0.2389006564706848,-15.077235956742689,11.651730141177625,0.04999219568782589,-0.6035506514504257,-0.12180937853456465,0.9049939232045068,-0.09401468105560726,0.45776293823038405,200.0
765,descent,4087.6243372032336,60.06523922937675,39.29367407990702,101.54654410208985,162.162113573117,719.2199554549562,25.964346799571878,0.14888570707361673,8.430415262199618,10.996346996529791,4804.048371693427,oil_pressure_drop,1,2,300,900,-0.20874954426505404,-15.48125822963478,11.69299455231461,-0.12556905824582174,0.8098155702503134,0.21444401369192953,-0.8889582860181383,-0.06702217499740493,0.45659432387312193,200.0
766,descent,4128.908801549,58.12044751261611,38.72862702819446,103.0406426355068,161.37736649036972,719.9083230821698,26.138898757827434,0.1418625851624221,8.603850469821472,9.422624705189094,4911.019711242354,oil_pressure_drop,1,2,300,900,0.30143962578367006,-14.805855897163857,10.614574676531007,0.6630889613755048,0.2808558329021207,0.33975263250877685,0.11809085852615149,0.32630263574198576,0.4554257095158598,200.0
767,descent,4097.441399512061,56.767650613974496,39.44988337978013,102.92628571831035,162.6900361842055,718.7920317940915,26.01674658016931,0.15661493158971632,8.686942156222395,10.12988450628924,4852.444577796873,oil_pressure_drop,1,2,300,900,-0.6039608970913889,-15.221891677517101,12.016447512966797,-0.1779633328747402,-0.32667143505056284,0.7768083254251346,-0.8279993546489265,1.7140898632748727,0.4542570951585977,200.0
768,descent,4092.2215116911866,56.92032037970299,39.72612705500972,102.18994106907991,161.85820191094268,716.193438336114,25.42473035650855,0.15720528476097476,8.555347613998398,8.82674808360613,4892.308652046585,oil_pressure_drop,1,2,300,900,0.02775139675176903,-16.009798184156775,12.120653726291133,-0.3964650373658308,0.2059846523343789,-0.3506271763959926,1.335727575267349,0.20503304905540215,0.45308848080133557,200.0
769,descent,4107.667976413314,56.50957067834427,39.73789478582919,102.09135150935312,162.5495140088595,713.4430797645801,26.23678682215187,0.1577878859982602,8.439421054926576,9.449931467268081,4927.561806856773,oil_pressure_drop,1,2,300,900,-1.059452074070224,-16.01908057505019,13.081466169975013,-0.6970743363072661,-1.1252638618771007,0.9794490270212116,-0.00655579058629354,-0.39408395900567345,0.45191986644407356,200.0
770,descent,4083.2470447070214,60.17034545180551,39.00302409417325,101.3450413185094,161.8501199153337,717.0705533865957,25.592631253142326,0.16145729508837345,8.58607914382752,9.04337052317032,4785.448547086522,oil_pressure_drop,1,2,300,900,-0.10189734156357237,-16.36881522624762,12.308136516400367,-0.14997756534861212,0.028892865476706754,-0.44426066561872685,0.4103406261854878,0.23861765864032525,0.45075125208681144,200.0
771,descent,4129.373207328781,58.42205940366158,39.880053620466654,102.50871707189265,160.3156723798311,715.0183363662021,25.93219901816607,0.1645984655893093,8.759996946023502,7.699437625258586,4967.886745506264,oil_pressure_drop,1,2,300,900,-0.031012296710439917,-16.416936389217035,13.165094167252528,-0.17921701828715303,-0.35099515909515294,-0.45294234398518135,-0.46636145791502787,0.1820669262555395,0.4495826377295492,200.0
772,descent,4117.360530341287,58.87378916781075,39.414862065092585,102.44767048141091,160.94743126995917,714.1429267735945,25.73363956517704,0.15755868814386928,8.667268641233743,9.451517640175407,4742.341841311314,oil_pressure_drop,1,2,300,900,-0.31219656738270085,-15.207722333940692,12.343372638220425,-0.3262838886146316,-0.29090678434768624,0.4362677436878163,0.1482288981323683,0.07580851029952153,0.4484140233722871,200.0
773,descent,4110.201024707701,58.750617289347566,38.82288502877083,102.52427523105038,162.30519076052877,714.6687241262694,25.73525327675621,0.15621049503102066,8.709998659270449,8.206318237411416,4888.81830422032,oil_pressure_drop,1,2,300,900,0.23220909220199243,-16.085720956868595,12.020765023908666,0.11128621005808742,0.21470256031137333,-0.2172394273275415,0.6030841070390929,-0.36171924358348984,0.4472454090150251,200.0
774,descent,4072.322839452888,55.34463912915813,38.70886514530807,102.40551359985672,160.25298805477257,711.8094440651962,26.189376036161374,0.156831355390053,8.603901702407718,9.732902743737508,4945.005104971742,oil_pressure_drop,1,2,300,900,-0.1326906045094313,-15.085794928388768,11.196882420684664,0.009759778023215787,-0.28728874642850966,-0.33038894805398084,0.5959375958676973,-0.4143306925249934,0.44607679465776295,200.0
775,descent,4109.797678915935,62.91797839444465,37.94901513767717,102.40064291382257,162.52324450858129,713.9764039732465,25.876086683762242,0.1611182486337444,8.41141685771299,9.070433576469755,4844.956280928058,oil_pressure_drop,1,2,300,900,-0.5800321561290604,-15.942735891451518,12.736061764041205,0.1077720174065743,-0.05743622421582764,-0.10479371943250645,0.10694314491449158,0.43702183595702665,0.44490818030050083,200.0
776,descent,4111.156917141306,57.37374056992305,38.590589337779164,102.74264590638484,162.32327967892917,713.7014156638877,25.725654364378844,0.1491964192585587,8.578907556163976,7.078438324853758,4826.168491482919,oil_pressure_drop,1,2,300,900,-0.15847086592028176,-15.553021371379334,12.003998156709502,0.08908429521970364,-0.10225548820889778,0.21632255809709347,0.14173286344300184,0.17293211357177427,0.4437395659432387,200.0
777,descent,4126.978731982834,55.65546293653386,38.06386360388116,103.24381413175828,162.32197794744494,713.8079216040343,25.803756850458914,0.15332320168075766,8.663805358364046,9.598875723316512,4779.567029010337,oil_pressure_drop,1,2,300,900,-0.1956909837611472,-15.762751645742656,12.135009364520437,0.21497159260878013,-0.5094123964049795,0.12466711531248147,0.18532662681831427,0.6774003090326071,0.4425709515859766,200.0
778,descent,4108.470899110183,59.68149370201962,39.35836955402421,102.5309108966737,163.76928130875487,710.4900647317997,25.567447917448643,0.14775052516759496,8.673197810054182,10.479163821737966,4928.062962260872,oil_pressure_drop,1,2,300,900,0.317100867173851,-16.257808642079414,12.248129936935868,0.0741987694204976,-0.30562165523949375,-0.5183349425936594,-0.013896161066052744,-0.03466973979930903,0.4414023372287146,200.0
779,descent,4117.443022865489,59.28769813041368,38.82171358344567,103.17347919326966,160.71644534446756,714.7900281733521,26.003968356177097,0.16736371197475053,8.669154996380714,7.090074476867995,4868.809008409788,oil_pressure_drop,1,2,300,900,-0.4557718748570382,-15.010726979281179,12.344730759869849,-0.2323924420336257,0.48347987425705724,-0.3634963134660285,-0.025096441130651466,-0.37740713713106855,0.44023372287145246,200.0
780,descent,4122.80046761817,60.010814670042556,38.15847960952478,102.89286545975945,161.91419977089342,713.5964823477723,25.832447257768017,0.1596684455834629,8.49157761862384,9.331006547179014,4899.528019144455,oil_pressure_drop,1,2,300,900,-0.7117119650124804,-16.064455090257443,12.648265545004069,-0.05069118875547131,-0.20096160292447707,-0.2782799898014898,0.4946921308882848,0.27427628942497606,0.43906510851419034,200.0
781,descent,4103.208892874921,59.15661073860949,39.531246132480945,101.96405206155114,162.2675884442878,717.3153672677572,25.48602114827394,0.14340749910739192,8.292357136651901,9.27516839911348,4985.122657991429,oil_pressure_drop,1,2,300,900,0.6028067611244395,-16.653076524059664,11.07793212461405,-0.24488661631878098,-0.18509026810502785,-0.215790454422674,0.5391845039682335,-0.034462254582596955,0.4378964941569282,200.0
782,descent,4113.157170764044,59.19881482631991,38.3551492924437,101.58685904761575,162.18727633823573,715.428598576045,25.997760835922513,0.15057461880698655,8.311971119945138,9.981184654423371,4980.644705858168,oil_pressure_drop,1,2,300,900,-0.12822962291695283,-16.611253247189715,11.884308734302122,0.9097248161361153,0.028618676034330836,-0.6497142691602197,-0.5589383263857269,-0.9803226556254604,0.4367278797996661,200.0
783,descent,4093.073806447907,59.27946559841215,38.36652639760308,104.32024651372214,161.85007878537888,716.1615329308486,25.946442224326947,0.15097881954009737,8.402594082828186,6.965983324665421,4726.8953311580635,oil_pressure_drop,1,2,300,900,-0.4902651034177992,-16.367546961746587,11.987005441318864,0.8570022052094233,-0.21025628006079594,-0.3312312305789896,0.7412586123941143,-0.08702894941046119,0.4355592654424041,200.0
784,descent,4124.61115445868,57.97053137380036,38.267444673418815,102.68273518845156,160.84082003268435,720.964748255087,25.903517262017978,0.1493787275157783,8.54513624197799,8.081936742674136,5000.796061281869,oil_pressure_drop,1,2,300,900,-0.1668060643831144,-16.555702855064556,11.444798644922896,-0.35628481986061245,0.43656763010473854,0.7811324753301063,0.390765593320641,0.43940477803902983,0.43439065108514197,200.0
785,descent,4123.569753501774,58.87119755961036,37.75651164475866,102.18149754933403,160.28201816169081,717.2001443887958,25.769673111408082,0.14891514595575928,8.627920679644172,9.099232976743636,4834.490740684796,oil_pressure_drop,1,2,300,900,-0.09053772412242198,-16.290465897201226,11.8306804887591,-0.3066443724361767,1.414509436721468,0.269228237178075,-0.0026780334587317377,0.15802019492781486,0.43322203672787984,200.0
786,descent,4100.157004547389,58.737222367453526,37.43635112996782,101.61694973156831,162.2680395532187,715.8904251280113,26.052786336357382,0.15559725056484985,8.365462308053543,9.894857525077024,4799.108304127065,oil_pressure_drop,1,2,300,900,0.16595478366386876,-16.820791956590938,11.80940237230805,0.0023682055919130407,-0.033744375846590194,0.20007870132588743,-0.5250447745747425,0.18268255949166815,0.4320534223706177,200.0
787,descent,4094.865886534418,59.96016723570391,38.39529825195684,103.13500760298228,160.64239281706077,714.686960583484,25.624911635362437,0.1553871559426023,8.370339941940921,8.747552896510449,4789.931297257951,oil_pressure_drop,1,2,300,900,0.6295491707404314,-16.05486148523334,12.64591485625059,-0.5950829297639293,-0.025814197124212988,-0.10591239620953807,-0.21252980806891042,0.6454307484553352,0.4308848080133556,200.0
788,descent,4111.310298816316,55.95424672089065,38.783692502964584,101.51872594174141,161.02908899919564,716.6585381432492,25.644033006313602,0.1515844677354126,8.53157479858549,9.777917189979888,4816.544933786961,oil_pressure_drop,1,2,300,900,-0.25522764680543897,-16.93321082336332,12.822878779517147,0.21217377700489834,-1.1848090758916985,-0.5854358978081452,-0.41297713033407774,-0.4824077378976926,0.4297161936560935,200.0
789,descent,4144.866317330394,62.576690094393875,39.097665621166556,101.67344168703191,163.56023979227254,711.733818678416,25.642020610049016,0.16111505618033714,8.0837061065263,8.84939065118231,4857.887945406804,oil_pressure_drop,1,2,300,900,-0.6285415919007823,-16.27147287312821,11.99668476601233,0.6061258775825628,0.2208810448086047,-0.20471595365138961,-0.6700064233986278,-0.4231133244247752,0.42854757929883136,200.0
790,descent,4147.82894334403,59.08913299041302,39.15773166376397,102.29334178625693,161.89136215475742,714.9805728009102,25.88573787241222,0.1563238043561349,8.69789354572931,8.57009777354353,4756.740105806098,oil_pressure_drop,1,2,300,900,0.2648100377530314,-16.067524425814966,12.479775338073008,-0.14065748275563633,-0.02959593682167962,0.6879204078651516,0.7410895765426044,-0.2492015708753849,0.42737896494156924,200.0
791,descent,4100.359199591494,59.76706779690591,38.445277331156184,101.94850675582042,161.90967713359916,712.3007294621216,26.036875716948984,0.15374604230148098,8.643579499237651,8.084013799804042,4665.266926059527,oil_pressure_drop,1,2,300,900,0.18319043966024068,-16.576655081011285,12.438368846290588,-0.22918170390231565,0.2558472744687445,0.7302333814426337,-0.3639415637484701,0.0005931679083275686,0.42621035058430723,200.0
792,descent,4137.239813252793,63.61153413465461,38.11554604017371,102.04961011363632,162.4913039271638,715.1361705123044,25.39750266081635,0.1505188445709444,8.590795891889032,7.622839773920756,4858.247660061769,oil_pressure_drop,1,2,300,900,-0.7163037557799975,-16.091453579383987,13.00658416414092,-0.21047307967454726,-0.23789011544862843,-0.7020899909645871,1.074147950750905,0.3222311051546986,0.4250417362270451,200.0
793,descent,4119.979654344697,60.99517151495247,37.62129494190063,103.48370687026393,160.41820527124426,720.5697392603789,25.197710765444068,0.15712963588994952,8.517619488344137,9.792975981653216,4866.9975402119935,oil_pressure_drop,1,2,300,900,-0.16799499415519178,-15.972714144876077,12.661757746892055,-0.41122393734439466,-1.5537789373653854,-0.28507939518549186,0.6119513537630312,-0.7643059629311456,0.423873121869783,200.0
794,descent,4124.617207893066,55.508014791893146,38.88737824073124,102.53954383980512,161.03813366928892,713.0872816721363,25.69426099950454,0.16535640305247,8.315837274011399,11.472443215810294,4786.034170167404,oil_pressure_drop,1,2,300,900,-0.25458714264100113,-16.03616483124456,12.20750462325017,0.349802272313806,-0.24367798155557194,0.04806739333379562,0.17901965221239485,-0.5692514775074148,0.42270450751252087,200.0
795,descent,4129.183079710787,56.91905492077355,39.008922440614285,102.40003861202044,162.709303772316,720.201997593693,25.958742898950508,0.159920006649376,8.38105825547253,10.387863239737245,4735.677004082611,oil_pressure_drop,1,2,300,900,-0.6284733643756494,-16.93068085864282,12.116130915235631,-0.9372105813635621,0.07192815399054385,0.5943932987585018,0.20556882738291432,0.07095664717604852,0.42153589315525875,200.0
796,descent,4097.53858651336,59.40004001177586,38.7151682837259,103.50590729457377,161.39776264227612,717.5418898217171,26.023195687000026,0.16459784353673768,8.721295471233004,10.641031307435089,4889.55691244184,oil_pressure_drop,1,2,300,900,-0.10145068273330782,-15.927033348347804,11.430740279449585,0.1991991840118879,0.4090977209376167,0.021465457963373173,0.16570939131899204,0.6013249324059483,0.42036727879799674,200.0
797,descent,4089.4305361739002,61.68389739224378,37.75878304710271,103.37736360874393,161.372902814086,713.8745774724609,25.518379610288022,0.15574026082358308,8.607189980720584,8.340309722304655,4702.027460734852,oil_pressure_drop,1,2,300,900,0.7428900806004567,-16.95373466723493,13.692857624787951,-0.19830240617679076,0.2086775009560378,0.5055546129823808,-0.6388803338548086,0.20796945659996588,0.4191986644407346,200.0
798,descent,4118.561308024631,59.97982780813915,37.93630459517044,103.10850474976463,160.7176370432516,716.0046575888284,25.773243741169534,0.14680076056221694,8.506682037470258,8.38862584907001,4909.843082967602,oil_pressure_drop,1,2,300,900,0.03303971969483984,-16.897219111488624,12.364060132963878,0.08956058143195629,-0.3491327172748784,0.17854772266595148,0.244193185414537,0.5276801416314905,0.4180300500834725,200.0
799,descent,4111.499661343598,59.05834868705266,38.305498489714125,102.87131841629599,161.3184188229501,714.0061064036114,26.01306283542913,0.15777918080491024,8.5305310906828,7.288912139320102,4857.762332167521,oil_pressure_drop,1,2,300,900,-0.48653613159621817,-16.891203244990436,12.51076043743436,-0.2075134656847724,0.7700180458361578,0.33220443969441904,0.43627529209726695,0.7578248436041426,0.41686143572621037,200.0
800,descent,4097.563612242135,52.56187387102074,37.15202304056304,102.13711017470946,162.26746816256852,713.1550819183625,25.853060471893723,0.15726304241320188,8.456654775610753,7.124714325609213,4879.857337958126,oil_pressure_drop,1,2,300,900,-0.5130485294572413,-16.898117032704008,12.084706679162595,0.22471236078162554,0.12834451534678634,0.9676184989289708,-0.07534488767983417,0.20332229640341276,0.41569282136894825,200.0
801,descent,4109.5166904567905,60.68341154378465,37.076182776681065,101.38098979327663,162.60443278711548,719.0004508461651,25.797764152629757,0.15381761376395692,8.396007501633376,8.712220271280383,4682.504873003002,oil_pressure_drop,1,2,300,900,-0.6989003489933586,-16.618515489224716,12.649626019927563,-0.09596741194104817,-0.6217472204911431,-0.8362286942507972,0.28388227426625695,0.008021906818332996,0.41452420701168624,200.0
802,descent,4124.937249572893,58.3847498437772,37.800230901783515,102.9122874023437,161.6618064046884,712.7073567086244,26.097856208987057,0.1622683906275675,8.523439483691101,8.045893734601204,4801.106125419041,oil_pressure_drop,1,2,300,900,-0.9828451279661787,-17.28793373920493,13.431146934167488,-0.15192949226420038,-0.32760347633009074,0.8625971480967961,-0.8042657564169389,-0.621637780818182,0.4133555926544241,200.0
803,descent,4122.2181901864415,61.51691485719685,36.7787687375741,103.3256925828866,161.50552461040596,716.9927777363331,25.695162000832156,0.15097241131055408,8.398553840399984,9.98456519255369,4899.726322049622,oil_pressure_drop,1,2,300,900,-0.12895296284883165,-16.72458572337343,12.678961001378347,0.45037905995198396,-0.540847826216222,0.781028888836052,-0.5975586704625361,0.12027656559731398,0.412186978297162,200.0
804,descent,4101.597176850324,61.358453552951616,37.61634822113098,102.70177977052786,159.40029216678087,717.1864579172994,25.544065673345543,0.14832207687014853,8.339562474978433,8.456134361840519,4920.92401093922,oil_pressure_drop,1,2,300,900,-0.5839550913283311,-17.13981192049556,11.554309553441529,0.7895502550803505,-0.0802739832149069,-1.0861472368479677,0.2793757816580231,1.3401756102889208,0.41101836393989977,200.0
805,descent,4064.835372441783,58.114718894288835,38.168391581683316,103.38367484545434,162.4975562421437,717.8953170550335,25.991352784185253,0.1573690146340166,8.748083526466678,6.8055900260182565,4845.548598852879,oil_pressure_drop,1,2,300,900,0.46208068075746606,-17.165686973780037,12.588374126582517,0.07272713053747083,-0.00320640100098132,0.5340590567292871,-0.5175244896968003,0.739915723109164,0.40984974958263776,200.0
806,descent,4143.152777391797,58.44591857219522,37.426598977390434,103.35768284481448,162.26913116956737,715.8205313311688,25.933605955103424,0.1539498129874071,8.49220860894136,8.359176034097326,4898.065324890047,oil_pressure_drop,1,2,300,900,-0.5680427215975952,-16.61554617437914,12.543780487579488,-0.12525102455064047,0.30284548015252416,0.2865271001029106,0.43217404002511933,0.007052855845096851,0.40868113522537564,200.0
807,descent,4129.317452597024,60.46681231156549,37.49335141604334,102.39589583205438,163.24225312910227,708.727289956535,25.64617573896864,0.15660306534026058,8.52537183535657,8.870699650530014,4738.347027456129,oil_pressure_drop,1,2,300,900,-0.1847781607135994,-17.227577916068554,12.321256251229292,-0.6686833649360409,-0.7250286031445587,0.9151700766341151,-0.7487030385156626,-0.280384569293168,0.4075125208681135,200.0
808,descent,4097.675672783643,61.93458539700119,37.72132503584173,103.62077177359448,161.93330292633746,717.5268327522372,25.36739914012593,0.15375357899916,8.552450228101712,8.735426311832114,4874.6224296799,oil_pressure_drop,1,2,300,900,0.24778722795415498,-16.649464159161433,11.928230571625422,1.0180132030828861,-0.29133833603695425,-0.8598129759652061,-0.5933314266135887,-0.04616253768121524,0.4063439065108514,200.0
809,descent,4052.866239762964,59.84229119592687,37.0749289353424,102.55147973891934,162.9913943162829,710.4740421223304,25.633954620189083,0.1496475441569866,8.453507218233458,8.835418074512376,4957.669037197119,oil_pressure_drop,1,2,300,900,-0.8867721371949253,-17.177549979868594,12.34929675152841,-0.0838236054835063,-0.9852720997042844,0.1262567207440415,-0.12036799890794396,-0.15853046846785113,0.4051752921535893,200.0
810,landing,4118.315648749142,55.756143323451276,36.83686170621043,102.46044301837365,161.8889405629931,715.5388621823696,26.064285079740557,0.14931890328514041,8.235685895877321,10.142806174305852,4881.164176721783,oil_pressure_drop,1,2,300,900,-0.21410346970963257,-17.06944662530022,12.203269738291157,-0.23934185857802642,-1.3817725191809143,-0.6337660752725269,0.6955088007564354,0.4925992752831544,0.40400667779632726,200.0
811,landing,4125.801330439142,54.60705298113587,36.80851331296353,104.08234953321384,161.4373260455532,717.7484693677611,26.073152991970453,0.15087436008203928,8.428659284541343,9.148792549129093,4851.944010192112,oil_pressure_drop,1,2,300,900,0.7122106914771466,-16.87211741940774,12.560173393053226,0.3269173236093792,0.05497921980612922,0.379005437711466,-0.588256821912398,-0.1265641873604501,0.40283806343906514,200.0
812,landing,4075.9478466651894,56.003174560456856,36.74397720259063,102.51476173726755,162.80570442331341,714.650568143557,25.919043401188702,0.14833630660997263,8.433318659649418,7.8446096925099305,4985.8394952971785,oil_pressure_drop,1,2,300,900,0.41340831975395886,-16.66084691682159,12.624192854944683,0.9525661489947623,-0.07476688340855975,0.4096502920206398,-0.11685949471583838,0.12517710765356277,0.401669449081803,200.0
813,landing,4104.73957983832,57.73299724244685,37.94954437229548,103.1377423173736,160.7330264470596,718.7776713629545,25.74625489586366,0.16547967379494094,8.377364407491765,9.063456559467536,4987.355095965364,oil_pressure_drop,1,2,300,900,0.45459669344262116,-16.5701690725246,12.377338628291858,0.38738922130111225,-0.765851035229738,0.24616495299774338,0.313046457639697,0.31899154071830654,0.4005008347245409,200.0
814,landing,4111.008534613285,59.6001522932397,37.5189264932544,103.28707312182007,163.0548221852836,715.2596068201499,25.811481749505898,0.15566436674531556,8.587343299627461,8.914593601567,4865.979062550118,oil_pressure_drop,1,2,300,900,0.21819577070869445,-16.821605229975685,13.369208324410277,-0.7564416588327261,-0.6297815942931461,-0.23238428539511832,0.3934060981396365,-0.18521641096915858,0.3993322203672788,200.0
815,landing,4108.4065120072,57.6558020421048,37.46197465928367,103.24221553348609,160.92713791239265,716.318839203234,25.857002428398935,0.1537956906062602,8.516927785815273,8.408422509526263,4889.513631796204,oil_pressure_drop,1,2,300,900,-0.7372555812946598,-17.943237084834443,12.115826994938526,0.15080716902762123,0.6347821089566812,0.010740745522837663,0.5284101000888417,-0.09082279846415038,0.39816360601001677,200.0
816,landing,4078.5883153427394,58.288238894456356,37.94509319647511,103.31364098384736,163.4373514474408,717.228183783913,25.94692048711012,0.1507785115464766,8.499048824068055,10.760942473036277,4893.0930158413075,oil_pressure_drop,1,2,300,900,0.3066945703233618,-17.341174489175387,13.683581826320971,-0.3781291668224929,-0.44061148169496744,0.710364079381323,0.07387774098087205,0.8446916431227249,0.39699499165275465,200.0
817,landing,4150.316695396243,56.66778169520248,37.60108923706128,102.91118549736714,159.70562014229935,721.4942012116475,25.875444632877965,0.14927658710064295,8.433877712268218,11.417437490367794,4826.5231291913615,oil_pressure_drop,1,2,300,900,-0.6234030768127424,-17.40415145229268,12.832640969881602,-0.5818147781590212,0.07122808412825489,0.0715693832888931,0.10051560359359565,0.23654956201568328,0.3958263772954925,200.0
818,landing,4123.541072807051,56.83123015888486,37.31422506482998,102.36311406883203,161.80829348491508,720.0294976319703,25.64400721577333,0.16215864725438844,8.500103866566738,9.129715181038602,4870.362179840339,oil_pressure_drop,1,2,300,900,-0.05030992922535438,-16.965681059392036,12.98834125219128,-0.5686190832260067,-0.17227482641920974,-0.46449638342580046,-0.5937933132298199,-0.273694872330249,0.3946577629382304,200.0
819,landing,4128.341571445336,59.27963865055282,38.10409459226901,102.1071195746469,162.99600676737407,715.0232152524117,26.37727054230553,0.14801156905335716,8.866182430976007,8.523651853198908,4850.476901714264,oil_pressure_drop,1,2,300,900,0.25717638354934713,-17.350660177002048,12.731213187693143,0.6797181658589918,-0.5610449909759158,-0.26046075100100585,-0.1439881833048259,0.24596208013342183,0.3934891485809683,200.0
820,landing,4084.7177646730593,57.95975770955241,37.536040795218256,102.19661744409642,162.5846567259553,719.0859985298698,26.0281341983679,0.1501693908595408,8.006083947963504,8.146506967560025,4698.424015733788,oil_pressure_drop,1,2,300,900,-0.7766907897875327,-17.259794975475316,13.329118413301972,0.4922570881375529,0.4835476610887359,0.012025064232861628,-0.39490166749488215,1.0751410987194874,0.3923205342237063,200.0
821,landing,4138.831368720386,56.750298340698336,37.419698147407246,104.21082160518453,164.02149010027355,719.886667251952,25.833179261226604,0.14868925043350975,8.650302942206668,10.428237067562032,4917.261252389387,oil_pressure_drop,1,2,300,900,-0.3041983967266499,-16.71645966111983,13.17345339021757,0.5802937143332626,-0.2509111510228527,-0.22211519791596063,0.03260843725877085,0.08246264033625549,0.39115191986644404,200.0
822,landing,4134.063099793913,57.86052552276398,36.95962242570057,102.78453336801968,161.27402871599273,718.151203892288,25.751342258536134,0.15228079015554197,8.60911762595032,9.656480572427292,4882.1957635732715,oil_pressure_drop,1,2,300,900,0.3343305267662075,-16.818773450130145,14.04200756106906,-0.6088828017864328,-0.3760282728504143,0.725740306295624,0.12191386446594145,0.48709233709543664,0.3899833055091819,200.0
823,landing,4104.815101559458,54.34997842013317,36.4778738844927,103.83922229068123,160.91611056498888,716.3452099759618,25.330627412052046,0.1424717029960986,8.379306085200803,8.599959116851023,4861.719121715429,oil_pressure_drop,1,2,300,900,0.8423541799367812,-18.248838470548037,12.905480344285294,-0.177941010198285,-0.012060311687909487,-0.2398550881999619,-0.38308001322848595,0.989624297612705,0.3888146911519199,200.0
824,landing,4129.632700095795,59.244980817167466,37.392714853139914,103.39758248212752,159.98783561239958,712.6098497800645,25.747075610301188,0.15829743337927096,8.357664436175986,8.835801800185386,4826.804532130058,oil_pressure_drop,1,2,300,900,0.37642790791664116,-18.59051175160054,12.67310924079451,0.34353596657790353,-0.9088029236817875,-0.3100576746476932,0.4345821912372795,0.11514625988542362,0.3876460767946578,200.0
825,landing,4092.4717086743535,58.19500651624209,37.54921243251729,103.5243546341581,161.3745469377769,713.0751669950346,25.78720485728734,0.15699601848985095,8.628225843219633,8.921801631492128,4834.470971201724,oil_pressure_drop,1,2,300,900,0.2090446046727171,-17.707246171303197,13.02547924682651,0.19052299054051114,-0.6282873839344061,-0.42805762509630846,0.23172722888295053,0.46556254231647587,0.38647746243739567,200.0
826,landing,4086.9704780456136,62.684192035719,36.30128736945373,103.6052063134825,163.33707025817523,710.5290340631219,25.56177416602965,0.15737537933020232,8.610479631837793,8.796455971850275,4874.003097746603,oil_pressure_drop,1,2,300,900,-0.35416676921622237,-17.477307001236564,13.588298636103483,0.26157275311205513,1.133555740007704,-0.5095448829806587,-0.15108518217191066,0.2200719498486819,0.38530884808013355,200.0
827,landing,4074.9314332288577,62.726612872062944,37.224669305961854,103.48817402459817,160.68213992127565,714.7713152792903,25.720124511973186,0.15455022930851905,8.889138268748237,8.09499117783667,4601.635316856742,oil_pressure_drop,1,2,300,900,-0.5438972485672995,-17.807637274721834,13.538354171130292,0.03580080639004727,-0.5414532409089831,-0.7223774231021793,0.4262528164193524,0.248081643035155,0.3841402337228714,200.0
828,landing,4094.314104211739,56.13029864855075,36.82798812095005,103.34059684733536,162.6801324037688,716.1654845565745,25.802222798707096,0.15587058643073626,8.51786558895844,9.675307824400807,4723.23531124758,oil_pressure_drop,1,2,300,900,0.2630063937975488,-18.043745157423828,13.619865923479987,-1.1313187204064536,-0.21872138412497732,0.08473199754732712,-0.2892182556923506,0.22105264604521488,0.3829716193656094,200.0
829,landing,4109.777284088309,56.68646832531797,37.140440098280806,102.44954150978202,164.05962577098313,718.8657164640683,25.5594889183044,0.14775048792310502,8.235730778078667,9.744438228783887,4696.8442349588395,oil_pressure_drop,1,2,300,900,0.34219830678311747,-17.40404916764339,13.65519150035489,-0.968106723853834,0.43137204728445405,-0.8404609814766493,-0.3373405963433448,0.2968921486938994,0.3818030050083473,200.0
830,landing,4084.651283361887,60.20913137352931,37.46802322236552,103.27882903425292,160.90421437887508,710.1620906273346,26.10712694121294,0.15626111906433698,8.57090230120381,8.150588992892965,4755.200973396783,oil_pressure_drop,1,2,300,900,-0.9673190786043856,-18.471039482931225,13.027511514415508,0.18528070333539462,0.14106550639763227,-0.14682008722874776,-0.3864779911637966,-0.07274732121615542,0.3806343906510852,200.0
831,landing,4107.581977893647,58.422847183249246,37.12247075013666,103.3414971335295,162.42195869622375,715.3343634971369,25.907627571975706,0.14653256772995826,8.458929217872205,10.317512113320596,4845.144283851301,oil_pressure_drop,1,2,300,900,-0.9057509022485245,-18.303861415928132,13.156299215333533,0.20510494197927062,-1.284737433522308,-0.39645324306327157,-0.20242936635375636,0.039988509829957955,0.37946577629382305,200.0
832,landing,4110.705587403,58.17856018564151,36.60241801285402,103.88095236903946,160.82321094993554,708.7962733390208,25.845203171962872,0.16599017213219106,8.508584762023428,7.846708717022331,4810.41660672348,oil_pressure_drop,1,2,300,900,-0.24050332217219317,-17.475626654598724,13.026869376135805,0.058137947393260024,0.8723087614233032,-0.7638984833369841,0.09259404516669563,0.04840374017984014,0.37829716193656093,200.0
833,landing,4134.092122369155,60.37003006790808,36.85170279798623,103.3229033699802,162.23951491073385,717.3323184993016,26.169085899267074,0.15994547980561832,8.361656122938752,8.780986404859634,5015.571454261576,oil_pressure_drop,1,2,300,900,0.04398777890311296,-18.173757423594967,13.392229922741748,-0.3866513159306825,-0.17795055602417528,0.3260081037118354,0.24615063556889333,1.2670558321180316,0.3771285475792989,200.0
834,landing,4129.16507073329,57.688201549998865,36.04918100772089,103.36031352430497,162.56996833244406,716.9354712920652,25.71752444823257,0.15348976415108861,8.357945609639662,8.452235475069163,4891.949990759879,oil_pressure_drop,1,2,300,900,-0.18791799370068382,-17.828726324366485,13.156077988949368,-0.25562765519439223,-1.054369285862272,0.02077812176475096,0.08949910882255374,-0.7697832281989094,0.3759599332220368,200.0
835,landing,4141.831864441972,60.03725273792324,37.217909192160754,102.87363732375496,162.50583578903036,716.3175892320595,25.800251707619385,0.16467650129999492,8.461367748183115,8.394881909183422,4781.827988975144,oil_pressure_drop,1,2,300,900,0.28327294385309304,-17.951808876897402,13.076442563538743,-1.0166966251783003,0.08520707592702344,-0.20812122212605855,-1.1868625387285625,-0.29065568958403043,0.3747913188647747,200.0
836,landing,4157.224710324551,58.55283785328217,36.8176622361292,104.4380881982147,162.55488475382998,717.8774768089472,25.881815561235314,0.14994813216144498,8.394296670356557,9.567575057227671,4783.299330280677,oil_pressure_drop,1,2,300,900,1.502420197093105,-17.73193477486633,13.697610249433229,-0.11933522163670965,-0.3486568070418903,0.2572225941853228,-0.38940514965914086,-0.3621277751441681,0.37362270450751256,200.0
837,landing,4081.351474410938,58.31116299075161,36.737523569039595,103.86608218335357,163.39331114004847,714.0854817013501,25.466391589589552,0.1558050030805794,8.597349111733587,9.3573863646275,4931.224401916321,oil_pressure_drop,1,2,300,900,0.48074557304167714,-17.487001692694935,13.456775867162936,0.5960426627501825,0.09171823920885983,-0.41620013187928073,0.2579243028612609,-0.5852495844857026,0.37245409015025044,200.0
838,landing,4113.658043206372,56.99476319157275,36.60144895642911,105.0566927428635,160.65600758896596,716.0888326805377,25.70691361851111,0.15932868755956442,8.34565827201635,9.324881585109843,4816.516566300777,oil_pressure_drop,1,2,300,900,0.1474131875312139,-18.617498221029074,13.181105868694445,-0.0529732693779878,0.22475901339360052,0.017370423055908298,-0.6202553013269761,-0.8092078225391509,0.3712854757929883,200.0
839,landing,4080.8053833326835,55.97451836532258,36.77677364542962,103.52003579615746,164.45329926858514,713.3573534905995,25.908515087286688,0.15298094082349567,8.574072720406601,9.660859300374046,4868.178325015837,oil_pressure_drop,1,2,300,900,0.00798656245631049,-17.637704388691887,14.78466515836579,-0.37468572603496897,-0.641480688847909,-0.523461310911902,0.3392084556684256,-0.5788602353743347,0.3701168614357262,200.0
840,landing,4127.864382100851,59.744014522763464,37.405157573967614,104.53408162432581,162.64300078897034,712.3875283604183,26.137468482387384,0.15338616746581668,8.45303105806501,9.856714493152225,4854.049696358645,oil_pressure_drop,1,2,300,900,0.6804380421734286,-18.233316066831357,13.574466611384494,0.35269449287060844,-0.20967657547019508,0.357502542082002,-0.44520394061810104,-0.5186209110832852,0.3689482470784641,200.0
841,landing,4100.881814948819,56.68594558829755,36.319176330324495,104.36322653950793,160.88692097473978,715.7091409376927,26.005060034088224,0.14766685000369964,8.419612106291556,11.147997189709555,5002.366187725341,oil_pressure_drop,1,2,300,900,1.0341264876418819,-17.6033858235927,13.050766536103296,0.19838884622998318,-0.6253312995522567,0.36695831244859156,-0.4926908745723573,-0.09009279125951149,0.36777963272120195,200.0
842,landing,4101.121377687922,57.267339407956875,36.385393825985275,103.8657295164407,159.79263253140104,713.5419395220077,25.864796777568788,0.15635796032633426,8.47137823502619,10.633072451563514,4812.381628126218,oil_pressure_drop,1,2,300,900,0.4576463032468933,-18.2365082422889,13.389581535960012,-0.05124308079112537,-0.6094205935180782,0.7508569877797586,0.0915158807419414,0.4957675655530316,0.36661101836393994,200.0
843,landing,4131.793747122051,58.86476173307647,36.72618578160418,102.75665910011061,160.38563646429037,716.7935670243904,26.002897400886756,0.1622678358477393,8.609409539366194,10.5518090146852,4999.29689399166,oil_pressure_drop,1,2,300,900,0.32726147112325243,-17.934108887903566,13.907590242816324,0.13555382576913869,0.07413975355749887,0.518849513521973,-0.2332045754117023,-0.5293108987709003,0.3654424040066778,200.0
844,landing,4127.823918604428,60.114178717543545,35.891836593521674,104.1471018504936,163.1462782370605,713.1391818469502,25.878130326152174,0.1468169233330459,8.53346678480163,10.966309691213562,4721.872468590027,oil_pressure_drop,1,2,300,900,0.3726526915783073,-17.31307317788279,14.126113427465265,-0.3102034898440915,-1.0043338078741146,0.2047442411033696,-0.27949927449569784,-0.1429417269870285,0.3642737896494157,200.0
845,landing,4121.907209026124,61.31758053123381,35.43627957935061,104.14196464053316,159.98308851380938,711.2899715417211,26.30202505177752,0.15846876657329734,8.590296110248406,9.601921783318902,4755.211022024278,oil_pressure_drop,1,2,300,900,-0.011412714638104842,-18.489129378649405,13.736972064926274,-0.6648900336353406,0.6774480147216759,-0.15084630124352005,-0.4461775487314919,-0.30317994155295475,0.3631051752921536,200.0
846,landing,4108.673294224813,58.67555336799873,37.50399590061005,103.68932996950264,160.5525676539954,710.8646699077427,26.100248402839036,0.14815874117050404,8.58633861983072,9.308039172961479,4843.387977852195,oil_pressure_drop,1,2,300,900,0.7643476461029282,-18.216698288234348,14.014908114375515,0.5584966332085474,0.6239539056644303,0.3425687946124739,-0.4251076380334089,0.20785892031147474,0.36193656093489146,200.0
847,landing,4105.564842184984,62.39826988379912,36.56603333402153,103.67453410011586,159.91981760454408,716.864040715312,25.53231598844347,0.15278978852766,8.851073713450937,8.756386767165399,4744.309596166627,oil_pressure_drop,1,2,300,900,-0.48498894524856967,-19.246821037392742,13.461479109650584,-0.7381760885946269,-0.04898861913320984,-0.10558243058919495,0.32390271630186235,-0.7383514203364148,0.36076794657762945,200.0
848,landing,4132.0603783710085,58.44292299525495,36.1979026167336,105.30273743550754,162.26841733502525,713.018333430925,25.628840808143515,0.1483838947436906,8.773677544619272,6.94529958535785,4693.210725381983,oil_pressure_drop,1,2,300,900,0.8137196452822342,-18.304791543539018,13.073049966764469,0.2546437137185826,-0.26277506196527406,0.11652636586345017,0.49033597193062295,-0.25625547844511615,0.35959933222036733,200.0
849,landing,4142.013324764778,58.07180218551617,36.06610268473628,103.95113410170813,160.60056013751014,714.9247753132266,25.741322485564872,0.16162322400479137,8.597463435150942,9.674207449331918,4951.15884306572,oil_pressure_drop,1,2,300,900,-0.431742286402065,-18.007323437745256,14.110738861063593,0.15573379744417415,-0.4968897316558851,-0.9228657049387093,0.2988380255156608,0.2729121892318963,0.3584307178631052,200.0
850,landing,4124.067976901161,60.20811776916938,35.95355597308077,105.52970949081738,163.8059541572796,714.8279276176377,25.578459861182978,0.16523456614827967,8.35176931099017,9.622761222576424,4926.719940884687,oil_pressure_drop,1,2,300,900,0.22624861520585313,-19.331932038580142,14.196491547061166,-0.14242512665187856,-0.19505211838773823,-0.06851744543959279,-0.09941717184396293,-0.0779342830929868,0.3572621035058431,200.0
851,landing,4141.880674734128,59.73489707641834,36.735067826064345,103.90049453261538,162.33683503410273,719.5739673783407,25.844734953667427,0.16631551269049338,8.75203343898855,11.92345601014201,4925.798676052193,oil_pressure_drop,1,2,300,900,0.26118720730997086,-18.356696446942916,14.039745362100959,-0.6926830582728962,-0.12453200619538957,-0.5702564973364427,-0.25380271245964525,-0.2575309904298017,0.35609348914858097,200.0
852,landing,4108.567611618886,60.20245565433305,36.040457790584995,104.47574652671739,162.56514097994184,712.9956516748296,25.68784185142404,0.15126558020339378,8.255092181372701,8.774702188409195,4799.489450495149,oil_pressure_drop,1,2,300,900,0.6234288177966226,-18.785434740153335,13.951172139365157,0.6904533866717746,0.7810315671777259,-0.39842490371580896,-0.5442164015473736,0.8351016940740678,0.35492487479131896,200.0
853,landing,4086.015996236021,58.28241210603965,36.278605811614156,104.00027029453135,162.24383986146802,713.2494163512412,26.106841994897156,0.1601930418222952,8.411616867174676,7.927031493815706,4998.501357354376,oil_pressure_drop,1,2,300,900,-0.6090818145930011,-17.669970595499684,13.709260220346803,1.1235537747816422,-0.6475025397377163,-0.49154317443658113,-0.22216351389008593,-1.3747737609403483,0.35375626043405684,200.0
854,landing,4084.498496680689,59.26879268345815,35.82668563579832,104.20761007692816,161.2712824241814,712.7110185775642,25.689496343503375,0.1520700726209354,8.417968441970475,10.48972966903886,4951.642420592501,oil_pressure_drop,1,2,300,900,-0.052874197212716065,-18.8095348688134,13.675469771964293,0.0394479751950884,-0.326865938157323,0.2833443447889786,-0.1706036584943274,-0.4085311103754741,0.3525876460767946,200.0
855,landing,4071.1403419904973,57.12109432303236,35.651557856572154,105.21226801149739,163.5679992639808,715.6495480586515,26.28367691834256,0.16175460239783102,8.337543724342236,11.944917313626684,4995.57163887633,oil_pressure_drop,1,2,300,900,0.2749124165835693,-19.092492358983563,13.739501658499925,-0.16118136485967402,0.15155783830330685,-1.4070889439715584,0.07318482724909356,0.4181370781381772,0.3514190317195326,200.0
856,landing,4103.224108483155,60.07488616202782,36.819847826515655,104.07567267851121,162.8783038951058,716.2629436247752,25.876554970874395,0.15205269099658694,8.338680636793619,8.356677061210501,4989.590735824984,oil_pressure_drop,1,2,300,900,0.4971596660498421,-18.499525891136482,14.6957305146455,-0.8423159567457952,0.2632531113355018,-0.1860632500187697,-0.305093861015797,0.8759060678600622,0.35025041736227047,200.0
857,landing,4095.6979532965715,59.11208975762012,36.31968120756246,104.08689324417382,160.58866098517296,716.7971194043953,25.57837578254839,0.16657548421907148,8.472308802877562,7.549726375391999,4909.41075519168,oil_pressure_drop,1,2,300,900,0.22474040718468644,-18.142582475593954,14.201392292301222,-0.9862070340859227,-0.12022486025357432,0.4262448293884366,-0.05267509013361007,0.3832215110910737,0.34908180300500835,200.0
858,landing,4093.6349453834937,60.54196824242973,36.29713850208407,103.81277608462372,163.3203387957211,712.6996558451877,25.730545917863978,0.1485733082511572,8.674222872014527,8.879725913299671,4893.779434815802,oil_pressure_drop,1,2,300,900,-0.11378965092725678,-19.80944674449757,13.991656106659528,-0.05017186251970251,-0.2223549570198727,-0.23293197092212997,1.1595342630384236,0.246466049982704,0.34791318864774623,200.0
859,landing,4143.620991943821,60.04125379385422,35.718394206441445,105.07477424396767,159.7968972495729,711.0799796208538,25.4550337782673,0.15682819817650606,8.505721595875375,8.451149814219496,4706.480848102058,oil_pressure_drop,1,2,300,900,-0.17957774705433277,-18.274114047450734,12.933725362031819,-0.01148261909142483,0.008795788836082362,-0.09008745068262566,-0.2281105347319942,0.4553106604000744,0.3467445742904841,200.0
860,landing,4118.474496874032,63.76420202454458,35.681868125900124,104.82697547918602,163.8506546466384,718.9435091221504,25.94029930736492,0.16088243899560942,8.497632175807246,6.800240260021342,5035.776271353513,oil_pressure_drop,1,2,300,900,0.5512385421220541,-18.428123040763836,13.684161487187916,-0.6328358100229635,0.010276504258402177,0.5996410643351194,-0.7342082481911493,0.055477047568474123,0.3455759599332221,200.0
861,landing,4091.6376930751458,58.755908673135835,35.65989271973722,104.0430738288508,159.72737393442085,718.4550939802823,25.52824267679578,0.16401290247067482,8.707086657180689,7.287548302021028,4919.152410504913,oil_pressure_drop,1,2,300,900,-0.26895994941702456,-18.572284217185775,13.749313805184197,0.2406588553847808,-0.6930835029282321,0.24347301471021807,-1.1204251838908474,1.2714787191393921,0.34440734557596,200.0
862,landing,4145.359192619913,59.41681423794349,35.31227183775818,105.1069288111312,163.01497376810474,718.9309753898367,25.626789078889217,0.15320500488699174,8.09187077782284,10.052525167243724,5007.130564549081,oil_pressure_drop,1,2,300,900,-0.5255753121748327,-18.544597127776715,15.028084823991978,-0.013752372994618477,0.32229704702577466,0.07522012474660908,-0.5476795520534687,-0.3002150718007713,0.34323873121869786,200.0
863,landing,4108.802976269952,57.53326916542207,36.93205335621823,104.39739532325221,162.58283591195047,715.3343074342259,26.05364442265334,0.1438381432130168,8.553261752640049,10.675643149504648,4908.401997470154,oil_pressure_drop,1,2,300,900,-0.31895037053132297,-18.814687864876834,13.553636399202924,-0.5330061421066209,-0.04772630142772259,-0.6829262326862666,0.30231009761932026,0.6268977001537734,0.34207011686143574,200.0
864,landing,4106.235420486328,56.595201634164596,36.01045961118632,103.6424024424391,162.79670437036353,715.3455879699403,25.89952235203708,0.16379539747005123,8.532084812969652,12.181766475447743,4915.706251618714,oil_pressure_drop,1,2,300,900,0.49374624157920594,-18.99703668693811,13.88454619842528,1.0374796763716676,0.2388948470794744,-0.32142785823627706,-0.18131031074319512,-0.7546897696636802,0.3409015025041736,200.0
865,landing,4109.353202099208,60.4741218131776,36.300813135540395,104.60951184246765,158.90555232389718,720.6303405323105,25.832775471677575,0.15336630146729915,8.557766444277558,7.64078318618246,4825.761693674319,oil_pressure_drop,1,2,300,900,0.05664475782582579,-18.414912112559445,14.3318049878685,-0.41291194494715855,0.3521062337672596,-0.21189835883612007,-0.5693744944288249,-0.36417131329089353,0.3397328881469116,200.0
866,landing,4102.025920788816,59.985987646853054,35.74409118706912,105.10041895297394,162.14622572067196,712.727702064017,25.984099690853082,0.15187712273550016,8.933119956373469,8.34247129792043,4733.054629229453,oil_pressure_drop,1,2,300,900,-1.1523240809252537,-18.086140401227176,14.462247895024525,0.22721696962481885,-0.7082400203076811,-0.046844557024305455,-0.5204512865765831,0.44751011543196734,0.3385642737896495,200.0
867,landing,4109.030576122326,58.18604861458305,35.91976373130446,104.49348466560613,161.36336282980065,718.6333565295668,25.736516542915243,0.16144009488130173,8.268727537515934,8.650259067963686,4700.446833303644,oil_pressure_drop,1,2,300,900,-0.23234179219880116,-18.979060437566552,13.985256995955979,0.27043434798072286,-0.07911743069364878,-0.18948116023808986,0.13684410519907136,0.1758030900206195,0.33739565943238736,200.0
868,landing,4108.444663506485,56.83688339489755,36.24036507355345,103.94801487498161,163.08651876937847,716.0936715400214,25.711956369257525,0.14259594406254372,8.392828221945054,7.481345276891149,4741.426211697422,oil_pressure_drop,1,2,300,900,0.4164042969276862,-19.1315040244335,14.519908602401754,0.22339038322359014,0.3525787186318061,-0.47372281913587067,0.8418222356339188,0.4389036375044987,0.33622704507512524,200.0
869,landing,4111.878724719489,55.83289794376257,35.30064036006051,104.9372518458973,162.412609253075,716.3554218225305,25.51168941535138,0.15630984552045832,8.43291062261983,7.474704917434157,4828.587805556571,oil_pressure_drop,1,2,300,900,0.12951494928299803,-19.872106174862598,14.574997760938647,-0.5479607702321292,0.05228002264624566,0.31551920297868397,-0.13910167062588916,0.20640268634051007,0.3350584307178631,200.0
870,landing,4121.555341911453,59.420816910810174,35.93937405911191,105.50934052704574,160.26508595052218,716.5808481426737,25.887134791123984,0.15518656902359068,8.158815947810034,7.223503423815451,4738.634062995395,oil_pressure_drop,1,2,300,900,-0.04535430245938553,-18.349342371661617,15.087875173535801,-0.7906805842559692,-0.7998539284477196,0.09598753382168561,0.06209963784887943,0.291366408314045,0.333889816360601,200.0
871,landing,4146.543992346434,56.847539473171445,35.43021121127886,104.19384950653071,161.07464413964834,718.3734517883275,25.888962941619805,0.15845663402581375,8.512454438925781,9.781326207790537,4944.580112615426,oil_pressure_drop,1,2,300,900,-1.0902491920477908,-19.448610214370824,14.458638176065925,-0.5211734142058652,-0.24842433342022238,0.023476835923771693,0.591482305250398,0.7584186792696237,0.3327212020033389,200.0
872,landing,4119.221523851782,61.03363990358692,35.029434408429516,105.29346085915361,160.5216129619926,712.2464488596186,25.66161384370575,0.14630371041460807,8.622388133861145,10.591034980395987,4804.128512461663,oil_pressure_drop,1,2,300,900,0.11547067377979191,-18.734543990583095,13.683637105522347,0.10429917513822144,0.13491727706254655,0.41782317279049186,-0.5326642380737788,0.2919777213959807,0.33155258764607676,200.0
873,landing,4081.583960351753,59.058975759593544,34.973378910131906,104.03645756700392,162.55365181316003,713.1899603240685,25.80154482367745,0.14816382215725762,8.21620072419953,8.467777945672632,5011.00185744534,oil_pressure_drop,1,2,300,900,0.20173828720803133,-18.926456297972,14.345762494921521,0.10723614410438366,-0.13556204367456515,-0.06468885640658052,-0.25129480582236213,0.7309802074865146,0.33038397328881464,200.0
874,landing,4100.206459521075,62.0613881266211,34.9593614616239,104.39398498225958,163.03668471265357,717.5340194223963,25.741048226268024,0.15572888449925748,8.317140851930665,8.290114764859817,4986.708897488923,oil_pressure_drop,1,2,300,900,0.4786842424340393,-19.06548124118532,13.581753366620546,0.34441451308870097,-0.8854014660918075,0.31201147251796363,-0.16781632063950527,-0.769388577362707,0.3292153589315526,200.0
875,landing,4127.470235118958,56.05445731402708,34.51416494688067,105.0681961059852,161.6748922555998,713.6461645803785,25.773696932208335,0.15834316785716904,8.364059710655447,9.87193104144834,4834.076479446986,oil_pressure_drop,1,2,300,900,-0.419726185799972,-19.36350253089185,15.015116457022481,0.018224872313791465,-0.3109275747396113,-0.34043751879933876,0.6742819605967177,-0.3960493419398258,0.3280467445742905,200.0
876,landing,4098.365336576716,57.65536360302495,36.59402238512857,104.25531806565877,162.03120003300566,715.9978440530864,25.77888338097867,0.15150905940950013,8.475610418627678,8.393942579855425,4725.489237091375,oil_pressure_drop,1,2,300,900,-0.4778255362022832,-19.358520393650643,14.458081674745225,-0.12065504550866077,0.1994895464708198,0.2276280779027111,0.12752871693499623,-1.016294070108076,0.3268781302170284,200.0
877,landing,4111.397868363041,59.91489619344115,35.415996265096226,104.56883245085031,164.13078263172756,715.1645184198279,25.664556924225614,0.15729034133425962,8.417054063720329,7.965311084303085,4835.181058489311,oil_pressure_drop,1,2,300,900,0.9387630590676734,-19.437718667280258,13.563261030710983,0.25529266446185983,-0.556448827724334,-0.2577516296084792,-0.8201440871801631,-0.21774666146567126,0.32570951585976626,200.0
878,landing,4138.731221502451,56.75279376078505,34.76237890892183,105.3407290195314,160.97826955195208,716.4878874424526,25.767781086903394,0.15619829943427574,8.571148433558086,8.449601450038173,4897.08646854285,oil_pressure_drop,1,2,300,900,0.5210226323110408,-19.515562424567733,13.912509671582958,0.6916878303463636,-0.46525340749926364,-0.6442779290664074,0.45257351202302026,-0.08127656842216371,0.32454090150250414,200.0
879,landing,4081.149303056173,57.86786279226088,34.93844140681428,105.00876963063561,161.12151670133537,717.7673778367921,25.62025229644762,0.1462942518460283,8.531877409153854,10.216714472667602,4976.204622902878,oil_pressure_drop,1,2,300,900,-0.010102648138738601,-18.50412532783185,14.711252922798723,0.040053854240457244,0.5089794758935604,-0.44884833603474034,0.1677348936027116,-0.17172470999439246,0.32337228714524213,200.0
880,landing,4069.4904881548387,60.553337980137584,34.49793154169329,104.84249501477787,162.49465430668133,720.7064536556856,25.917201747349765,0.15795630885088655,8.850114203640148,8.58949403441849,4515.91978175745,oil_pressure_drop,1,2,300,900,0.0005582952929019542,-20.19857647601218,14.99993761278888,-0.030288417249863878,-0.5682315574762489,0.378804613115651,-0.5932539896518256,0.6042423217940723,0.32220367278798,200.0
881,landing,4095.0268770717116,60.373041771068415,35.63066017537972,104.54323408087362,164.65784491688467,718.6756743125118,25.74930659116203,0.15202338449677588,8.317986109171592,10.162148142170315,4999.344144650689,oil_pressure_drop,1,2,300,900,0.30410951452387575,-18.944515006808317,14.12885511605671,0.24500966978178593,0.22167883389877852,-0.7309886814048652,-0.6534543403666723,-0.29418525531736917,0.3210350584307179,200.0
882,landing,4087.8078991331777,58.33161140526663,35.942962007165676,104.67742022385083,159.47219314819384,712.5632164615255,25.86337459058215,0.1666478097080221,8.534828385232275,9.714649383535273,4679.077502804053,oil_pressure_drop,1,2,300,900,0.5079300340188256,-19.22620753376515,15.046992037614135,-0.5254019394138648,-0.18507548232516274,0.7434882325563481,0.22170585166720383,-0.297814597590708,0.31986644407345577,200.0
883,landing,4121.091007897895,59.24277481526172,35.48611729083862,105.28395269555976,163.6191378835371,716.641034149699,26.19894121656388,0.1515557411566145,8.535425471165867,8.452038589836913,4919.442556403474,oil_pressure_drop,1,2,300,900,0.07560592534355338,-19.42395282646296,15.003473077556192,-0.7505555641625828,0.2567012512297151,-0.29905014855802986,0.7012455141729101,-0.05028115144045576,0.31869782971619365,200.0
884,landing,4113.547922775247,56.33454013081758,35.46288796359242,104.31622979937283,161.75498659653462,719.7309987111031,26.138137471696574,0.14622525798569597,8.638205448042013,10.107911519269555,4648.220359238543,oil_pressure_drop,1,2,300,900,0.13895869615415055,-18.99113946710185,15.014221882968961,0.09456533324236574,-0.8406625249663477,0.3198457105282115,-0.6463928142886258,-0.21049709117451343,0.31752921535893164,200.0
885,landing,4096.872459627359,60.44826853852367,35.48852311125301,104.72140453146838,160.45039949497834,714.8793643315054,25.818521113029057,0.1519971934954371,8.26175471448675,8.803520528893019,4858.183388950868,oil_pressure_drop,1,2,300,900,0.12314093695859289,-19.62408949504092,15.03966969442103,0.45793161323744,-0.30995587855983225,-0.06739601287153658,-0.20099194732828848,-0.0710372018594586,0.3163606010016695,200.0
886,landing,4104.916627832914,58.01322773527563,34.462453653641475,105.48818477919136,159.73776945062608,716.649943378056,25.829511331034478,0.1506375578599238,8.540323484440643,8.00400819750126,4831.45429564541,oil_pressure_drop,1,2,300,900,0.3099163184779359,-19.70401681140046,14.33748732119635,0.6968387070633043,0.3412874739573227,-0.5722910802043504,-0.6692346544438855,0.3658033558904291,0.3151919866444074,200.0
887,landing,4164.831190750631,58.27101129611217,35.17290672609241,106.06481080096383,162.10950890804645,717.0983233545545,25.785165498560897,0.1478487193720305,8.494263136162902,6.875085329966663,4916.014011558745,oil_pressure_drop,1,2,300,900,-0.09850783006156398,-19.85068020613274,14.54754772539964,0.1510699993424049,-0.06912782758137313,0.7048616639210554,0.8762066314013206,0.5646504184698751,0.3140233722871453,200.0
888,landing,4120.660514983464,58.938868610047386,35.13921474641476,104.87396207136513,160.75030130025806,717.859483572554,25.652888113484988,0.14868851124593108,8.466092723186094,9.648700106013967,4842.523985738285,oil_pressure_drop,1,2,300,900,0.8939443287705292,-20.298911917758133,14.769058497430075,0.40515409822754744,0.06394916509267977,-0.9490265247806408,-0.5771243944915059,-0.4655319517250525,0.31285475792988315,200.0
889,landing,4131.812663615561,61.99583506786431,36.43885388008512,103.78426526769829,163.09055486629725,720.8073915210001,26.183727079406673,0.15945861019456495,8.641888090501961,8.985173473838001,4926.634266432824,oil_pressure_drop,1,2,300,900,-0.1526923266402163,-19.212285153455348,14.026043154284844,0.7950781318368744,0.25550876084928387,0.7362704843479477,-0.05801115450061606,-0.014018750194965946,0.31168614357262103,200.0
890,landing,4119.345188384201,53.28209109401838,35.33311304691007,105.36582587527006,160.0683377369791,715.1431654531798,25.846075833314668,0.1546952647473418,8.682280560013835,9.318872271991992,4925.138853917002,oil_pressure_drop,1,2,300,900,0.8630547029345145,-19.02621747918096,14.237719150741356,1.2798545306759443,-0.6329775492021701,0.11061480925088651,-0.8111720870619198,-0.010312613221092514,0.3105175292153589,200.0
891,landing,4120.933733969374,55.14163594412446,35.451775114050974,104.82416120174919,162.92157286773838,714.9543349048407,25.969371546888247,0.15505069619160583,8.506021836030646,8.095124836724118,4862.105429145481,oil_pressure_drop,1,2,300,900,0.22027715319705277,-19.61309859531907,15.102394577294561,-0.1556425833037562,0.2591756593964749,-0.9545520908440638,0.03575495273264401,-1.0696799622449493,0.3093489148580968,200.0
892,landing,4081.243745689134,53.31553863825293,35.10162378921864,104.05503554724385,163.03849910665852,716.828674184192,25.597121317388723,0.15334117522306684,8.54322861882376,9.704565743003188,4793.843917484355,oil_pressure_drop,1,2,300,900,0.7403631553576454,-19.691633065550707,14.936626301014192,0.0684542581993387,-0.21775769902741676,-0.11046300828246584,-0.034077931727668986,-0.7995589475762448,0.3081803005008348,200.0
893,landing,4121.628249513014,60.533130123256214,34.68977942628342,104.85886783486242,162.09023401557383,722.9480601318148,25.848176218986893,0.15335013687294438,8.417066982348084,8.940355436366977,4902.902867350091,oil_pressure_drop,1,2,300,900,-0.624397390915714,-19.523236549631903,15.345005667293819,0.004581019637510747,-0.3005457102593304,-0.4830239514169196,-0.036450362279096045,0.5310623317858385,0.30701168614357266,200.0
894,landing,4130.996388025747,58.458658434570296,34.72523423815921,105.58594187508095,163.30583097096465,714.2278206851297,25.65803756024308,0.14708496060924015,8.584686294454704,7.10902905575731,4804.906778523064,oil_pressure_drop,1,2,300,900,-0.6522493570371445,-19.923050297180914,14.000895852688869,0.9685748296776815,0.4868224550850913,-0.33570657992914266,0.1451671622243635,-1.2591896077119173,0.30584307178631054,200.0
895,landing,4102.772386803611,57.00288017946002,34.778532796813295,105.59639443668205,162.09401079315631,715.7352443262172,25.84292165003643,0.16005168780989223,8.229636785785846,9.477601681505616,4766.312704566452,oil_pressure_drop,1,2,300,900,0.1830933615198468,-20.2461301497978,14.643227843930926,-0.08464030289435129,-1.0278944811069695,0.02787092233317032,-0.20815844799618172,0.23974295525445213,0.3046744574290484,200.0
896,landing,4104.779664291415,60.72371952871955,34.613138265324245,105.4331536748287,160.73262424513393,720.6991350371659,25.9583226369315,0.1474826042767563,8.630045498343542,10.073236066681241,4904.565943756772,oil_pressure_drop,1,2,300,900,-0.37884047543891103,-19.17166999404,13.889201142133796,1.1620626135400713,-0.04134982161048748,0.5219526790856633,0.1056697995504686,-0.4418846339164022,0.3035058430717863,200.0
897,landing,4107.28235055323,59.97300328624841,34.669386302741415,104.8178439355185,160.7750222397057,713.7612024112527,25.90409356537617,0.15296445927864546,8.680599293713644,9.069599039601977,4794.431860340899,oil_pressure_drop,1,2,300,900,0.3859532746870076,-20.5691395215785,14.696351378157857,0.11860021984924504,0.3557000181453437,-0.045946224919055034,-0.5363767040194546,1.320017662614479,0.3023372287145243,200.0
898,landing,4100.523692858007,62.600914964858966,34.925143442736676,104.15621206004994,161.87370639032255,712.975050895041,25.577452649458614,0.14612382680918842,8.030361743806294,9.65271518027727,4917.796581183119,oil_pressure_drop,1,2,300,900,0.00647849513213544,-19.5465033408349,14.553869499606087,1.1910446669266483,0.7844576089325643,0.2016234368469899,0.7209468153141494,0.10128688233902099,0.30116861435726217,200.0
899,landing,4075.4608453507626,58.537685910705385,34.35474116501412,105.67099443489471,161.5234246940763,710.8782509909955,25.801887877573165,0.1650653969860188,8.615171271602147,9.010053864392276,4839.264073424136,oil_pressure_drop,1,2,300,900,0.2687894349403068,-20.221661783157757,14.682399488345025,-0.24604512519989652,0.5312744104449121,0.07625607468692921,0.1804116189424234,0.40960534058707565,0.30000000000000004,200.0
