timestamp,mission_phase,rpm,throttle,oil_pressure,oil_temp,cht,egt,manifold_pressure,vibration,fuel_flow,ambient_temp,altitude,fault_type,fault_active,fault_severity,fault_start_time,fault_end_time,residual_rpm,residual_oil_pressure,residual_oil_temp,residual_cht,residual_egt,residual_manifold_pressure,residual_vibration,residual_fuel_flow,health_index,baseline_rul
0,idle,3399.468387,49.804216,50.140023,90.133003,158.721014,575.740857,22.352158,0.248786,6.8,17.880407,3063.190952,healthy,0,0,0,0,-2.896659,0.237955,-0.827294,-0.849853,-3.029344,0.019168,0.002574,-0.124284,1.0,200.0
1,idle,3406.348268,51.578807,50.191869,90.208222,159.591133,574.286684,22.003861,0.239703,6.8,17.049696,3205.047956,healthy,0,0,0,0,-2.001186,0.033367,-0.638717,-0.089872,1.991237,-0.178837,-0.007988,-0.098937,1.0,199.995
2,idle,3461.36983,52.34252,51.239087,90.194522,158.69197,572.656194,22.380406,0.251969,6.8,19.958812,3079.923198,healthy,0,0,0,0,-1.017207,0.547725,-0.305105,-0.604482,-0.470494,-0.277008,-0.000666,0.104155,1.0,199.99
3,idle,3399.957301,51.669967,50.120346,90.11947,158.924003,576.483266,22.560333,0.261628,6.8,17.852734,3203.102893,healthy,0,0,0,0,-1.574547,-0.060724,-0.374596,-1.380805,0.213618,0.114827,-0.000363,-0.150979,1.0,199.985
4,idle,3451.079499,52.474839,50.394668,89.494596,159.102349,577.413441,22.491756,0.246414,6.8,19.53501,3205.10333,healthy,0,0,0,0,-0.724259,-0.272174,0.183278,0.662533,1.763695,0.018837,0.000847,-0.046945,1.0,199.98
5,idle,3390.784031,50.585777,51.307414,90.117911,159.01704,573.445164,22.222603,0.257163,6.8,19.051915,3175.334203,healthy,0,0,0,0,0.158842,0.867439,0.239427,0.234357,-0.853097,0.135387,-0.001298,-0.143542,1.0,199.975
6,idle,3405.834629,50.34227,50.408798,89.909552,159.888803,570.780799,22.147631,0.246136,6.8,18.599624,3227.302513,healthy,0,0,0,0,-3.89704,-0.428615,-0.692927,-0.102956,0.128005,0.058977,-0.002598,-0.09674,1.0,199.97
7,idle,3423.087071,52.270078,50.254341,90.52918,158.076624,570.544328,22.445091,0.253531,6.8,18.333866,3166.011612,healthy,0,0,0,0,3.57735,0.189822,0.104505,-0.042127,-1.509492,0.177882,0.003087,0.037202,1.0,199.965
8,idle,3383.328689,51.926505,50.118001,90.495456,159.02228,572.81785,22.324425,0.24749,6.8,17.270232,3207.362782,healthy,0,0,0,0,-0.022047,-0.141816,0.544237,-0.086617,-0.949431,-0.229349,-0.004423,0.015509,1.0,199.96
9,idle,3434.179341,52.371765,49.996822,90.599291,158.899416,577.382535,22.382246,0.24989,6.8,19.225237,3205.33846,healthy,0,0,0,0,-4.883787,0.71504,0.462001,-0.153747,0.338859,0.243621,-0.009651,0.06186,1.0,199.955
10,idle,3422.485026,50.404656,50.479939,89.849897,158.327303,569.736716,22.195579,0.250977,6.8,20.707197,3310.297831,healthy,0,0,0,0,-4.135652,-0.162514,-0.089171,-1.047744,0.741957,0.032904,0.000258,0.05649,1.0,199.95
11,idle,3433.716552,50.795923,51.723874,90.048342,160.026535,574.915436,22.521943,0.244495,6.8,19.372539,3386.498851,healthy,0,0,0,0,-1.940099,-0.09345,-0.291583,0.513483,0.842242,0.027797,0.00715,-0.142147,1.0,199.945
12,idle,3394.597665,50.659036,50.763224,89.987897,160.087127,569.3773,22.232644,0.248526,6.8,18.006541,3175.625748,healthy,0,0,0,0,0.043656,-0.439757,-0.135141,-0.24879,-0.070637,-0.010119,-3e-06,-0.180787,1.0,199.94
13,idle,3430.545756,54.283995,50.843391,89.606282,159.454917,575.177529,22.223487,0.249626,6.8,19.370906,3057.762616,healthy,0,0,0,0,-3.474827,-0.125603,0.56279,-0.682023,1.770376,0.062622,3.9e-05,0.082886,1.0,199.935
14,idle,3396.001282,52.786454,50.313651,89.803916,159.403577,572.89226,22.500786,0.252211,6.8,18.728408,3094.434371,healthy,0,0,0,0,-1.139412,0.336705,-0.206709,0.651124,1.425912,0.115397,-0.007598,-0.049179,1.0,199.93
15,idle,3389.902896,50.029772,50.026021,90.9244,158.876227,577.833408,22.409779,0.2491,6.8,18.391127,3125.789814,healthy,0,0,0,0,-1.279113,0.192527,-0.812892,0.681769,-0.137945,-0.186653,0.007277,0.031293,1.0,199.925
16,idle,3416.874641,50.193795,50.82183,90.6981,161.831024,573.295224,21.905473,0.244207,6.8,17.14724,3137.968853,healthy,0,0,0,0,-0.532835,-0.194768,0.798196,-0.298147,0.857838,0.049176,0.002542,-0.039081,1.0,199.92
17,idle,3368.919676,52.868032,50.617228,90.046392,159.881373,572.381989,22.392068,0.253528,6.8,19.422134,3182.332628,healthy,0,0,0,0,-0.257353,-0.632443,0.051304,-0.740817,0.501399,-0.072648,-0.011288,-0.024836,1.0,199.915
18,idle,3397.018291,50.80736,50.484053,90.157422,160.380808,568.855048,22.351916,0.242611,6.8,18.635034,3176.706197,healthy,0,0,0,0,-0.951321,-0.020626,-0.580241,0.425419,0.407178,-0.046329,-0.003342,-0.109264,1.0,199.91
19,idle,3426.866275,53.56214,50.349857,90.577843,158.477816,576.538165,21.851027,0.242685,6.8,19.66173,3058.901098,healthy,0,0,0,0,2.887115,0.404881,-0.090534,0.782895,2.688558,0.042596,-0.00345,0.012805,1.0,199.905
20,idle,3405.807225,51.535597,50.246418,90.643223,159.322581,573.792741,22.096864,0.238733,6.8,19.960258,3247.602125,healthy,0,0,0,0,-0.4486,0.258326,-0.797984,0.575954,1.376042,-0.022834,-0.000664,0.016178,1.0,199.9
21,idle,3389.05076,50.961758,50.695865,89.355626,159.827925,572.192503,22.243771,0.251686,6.8,18.447888,3151.759009,healthy,0,0,0,0,-0.450318,0.387481,0.751731,0.273909,-0.22025,-0.063171,9.8e-05,0.008176,1.0,199.895
22,idle,3399.926577,52.886291,51.153347,89.973122,157.809696,571.72404,22.182132,0.245176,6.8,19.574531,3223.323112,healthy,0,0,0,0,-2.732238,-0.024351,0.642665,-0.740012,2.12361,-0.185354,-0.004216,0.004208,1.0,199.89
23,idle,3402.630202,52.458665,50.303374,90.926187,159.200939,573.162064,21.97057,0.248206,6.8,19.70094,3250.121228,healthy,0,0,0,0,-1.215197,-0.303782,-0.765664,0.721277,1.218109,-0.008417,-0.004043,-0.189566,1.0,199.885
24,idle,3392.955558,52.083887,50.69579,90.033678,159.814579,577.019595,22.157064,0.246462,6.8,18.653181,3167.501288,healthy,0,0,0,0,-2.183332,-0.736645,0.004648,0.203415,-1.063935,-0.108067,-0.006833,-0.052199,1.0,199.88
25,idle,3381.692527,50.057481,50.985663,90.062584,160.12724,569.078695,22.400789,0.243658,6.8,18.166152,3121.33174,healthy,0,0,0,0,6.996174,-0.095458,-0.133745,0.593503,1.703001,-0.054641,-0.000912,-0.040716,1.0,199.875
26,idle,3391.540469,52.009187,50.291426,89.215844,158.983385,572.646165,22.693283,0.248443,6.8,18.123229,3047.911504,healthy,0,0,0,0,-3.143359,-0.345616,0.044176,-0.68815,0.132277,-0.120385,-0.008795,0.060033,1.0,199.87
27,idle,3397.199057,53.197895,50.87767,90.918133,157.987893,574.17536,22.110852,0.258864,6.8,18.030585,3247.832087,healthy,0,0,0,0,-1.275025,0.142545,-0.404829,0.139389,-2.329783,-0.067455,0.003844,-0.084672,1.0,199.865
28,idle,3446.55604,51.70044,49.81513,89.522107,160.706392,576.217066,22.065016,0.248156,6.8,18.408558,3253.181207,healthy,0,0,0,0,-0.099046,-0.697228,0.43984,-0.858854,-0.199052,-0.119757,-0.006225,0.11709,1.0,199.86
29,idle,3390.415287,52.179294,49.701068,89.084584,159.175688,572.211356,22.42269,0.255888,6.8,15.894169,3287.018077,healthy,0,0,0,0,-0.870767,0.113264,-0.083028,-0.024034,-0.673316,0.205716,0.002242,-0.080494,1.0,199.855
30,idle,3404.692116,52.092702,50.47008,89.76601,159.679486,571.43728,22.367897,0.251539,6.8,20.766065,3243.769237,healthy,0,0,0,0,-1.038835,-0.019504,-0.387511,0.161944,0.068755,-0.061891,0.001341,-0.011689,1.0,199.85
31,idle,3422.624627,50.589199,50.992115,90.946153,157.853786,571.080478,22.402345,0.242734,6.8,16.842138,3163.078952,healthy,0,0,0,0,1.492246,-0.278304,0.442763,0.677759,0.690527,0.249652,-0.002833,-0.285062,1.0,199.845
32,idle,3434.5295,50.625621,50.152529,90.118872,159.934057,573.709615,22.589616,0.250937,6.8,16.663925,3043.214752,healthy,0,0,0,0,3.048223,-0.063288,0.185533,-0.239285,-2.165204,0.102364,0.003426,0.098951,1.0,199.84
33,idle,3384.79866,51.212273,50.735032,90.303949,159.927918,571.312888,22.183512,0.255908,6.8,19.059031,3187.303746,healthy,0,0,0,0,-4.584758,0.445547,1.395983,0.948375,-0.826143,0.058425,0.000403,0.010229,1.0,199.835
34,idle,3382.255555,51.96597,50.447173,90.935473,158.568465,570.322722,22.459704,0.249591,6.8,20.115125,3241.775768,healthy,0,0,0,0,1.454783,0.363921,-0.088036,-1.334951,0.589635,0.048148,-0.000107,0.0059,1.0,199.83
35,idle,3430.70889,52.065226,49.858086,90.388917,159.752762,576.36185,22.295104,0.24617,6.8,17.191906,3061.938031,healthy,0,0,0,0,1.508236,-0.14794,-0.618157,-1.131755,1.686864,0.191169,-0.001429,0.002709,1.0,199.825
36,idle,3422.021639,52.537367,50.919159,90.470509,158.335842,572.930419,22.555025,0.257685,6.8,19.704345,3322.819122,healthy,0,0,0,0,-1.752543,0.026625,0.19692,0.014353,-0.731235,0.358804,4e-06,-0.029657,1.0,199.82
37,idle,3418.241385,50.287058,49.857161,90.79779,159.287814,574.19978,22.363676,0.244725,6.8,18.978587,3127.92516,healthy,0,0,0,0,0.914761,0.114781,0.071882,0.256339,1.580191,0.234064,0.000229,-0.058688,1.0,199.815
38,idle,3400.883875,50.480389,50.140403,89.704451,160.298518,571.890516,22.478376,0.25219,6.8,18.097489,3231.139647,healthy,0,0,0,0,-3.483978,0.24179,-0.080644,1.023382,-3.392354,-0.202305,-0.000628,0.096455,1.0,199.81
39,idle,3417.697378,50.781525,50.308131,90.959604,159.914694,571.263314,22.426359,0.244222,6.8,18.731886,3236.25341,healthy,0,0,0,0,-1.861707,-0.736267,0.64051,-0.328468,-1.921917,-0.048335,-0.004144,-0.091103,1.0,199.805
40,idle,3417.880593,52.241348,51.582669,89.703115,158.799782,576.81119,22.176413,0.248775,6.8,18.50455,3199.377127,healthy,0,0,0,0,2.501778,0.22133,0.51451,1.822774,-3.55779,0.163213,0.003014,-0.001084,1.0,199.8
41,idle,3407.202751,50.155937,50.671138,89.868554,159.224964,576.223923,22.157324,0.249885,6.8,19.088895,3265.852297,healthy,0,0,0,0,5.600794,-0.557977,0.485835,-1.406912,0.824432,-0.040249,0.005496,0.00565,1.0,199.795
42,idle,3407.124753,51.910091,50.612639,90.528664,157.799958,575.133515,22.485658,0.259804,6.8,19.369726,3154.846901,healthy,0,0,0,0,-4.320805,-0.09401,0.250284,-0.28173,-1.688245,-0.212503,0.006568,0.013917,1.0,199.79
43,idle,3381.005236,49.655127,51.137514,90.03127,159.571171,568.414905,22.084972,0.244476,6.8,17.823159,3111.455435,healthy,0,0,0,0,1.032029,-0.233202,-0.513648,0.585301,-1.847745,0.032115,0.000612,-0.006782,1.0,199.785
44,idle,3406.533373,50.58456,50.527425,89.392503,158.190998,574.877665,22.405582,0.248785,6.8,18.208051,3350.38636,healthy,0,0,0,0,-0.058623,0.029081,-0.234997,-0.584896,2.219881,0.024747,0.005957,0.068667,1.0,199.78
45,taxi,3612.825918,67.303686,50.191385,90.833581,170.346259,614.51547,24.433623,0.251724,8.335165,19.290292,3169.17181,healthy,0,0,0,0,5.446013,-0.204872,-0.871616,-0.122221,2.35792,0.442645,-0.001224,-0.032912,1.0,199.775
46,taxi,3589.821142,67.436855,50.79704,90.613719,167.222561,614.054385,24.164093,0.244861,8.266719,20.430201,3223.538005,healthy,0,0,0,0,1.692398,-0.246486,0.137975,0.612903,0.948825,0.019153,0.006946,0.021719,1.0,199.77
47,taxi,3596.09376,66.482611,51.472633,89.977334,169.094474,609.20152,24.132535,0.249962,7.881539,19.129208,3142.546965,healthy,0,0,0,0,-4.672675,-0.263561,0.253086,0.531375,-0.681082,-0.118329,0.005454,-0.046326,1.0,199.765
48,taxi,3583.507007,67.145602,51.076521,90.205543,168.943783,619.774272,24.388219,0.244849,7.943974,18.497972,3249.492353,healthy,0,0,0,0,-0.964719,-0.049447,-0.885308,-0.530908,-0.767851,0.14753,-0.008805,-0.038054,1.0,199.76
49,taxi,3613.984072,65.810354,51.659086,91.06196,168.779838,610.465681,24.176337,0.246468,8.253184,19.646183,3001.270522,healthy,0,0,0,0,2.815245,-0.469299,0.06066,0.790112,0.305095,0.037675,0.00348,0.141176,1.0,199.755
50,taxi,3599.556575,65.544477,50.720487,90.989443,170.113909,612.184095,24.422218,0.251432,8.29791,19.420244,3248.910469,healthy,0,0,0,0,0.171599,0.133347,0.08449,0.096658,0.851829,0.323634,-0.006163,0.023412,1.0,199.75
51,taxi,3578.873695,64.324601,50.123671,90.187903,166.522798,614.170898,24.392983,0.245811,8.162045,18.433417,3112.952714,healthy,0,0,0,0,-1.765472,0.042237,0.623468,0.461033,-1.038895,-0.109887,-0.009632,-0.099823,1.0,199.745
52,taxi,3604.899267,65.780364,51.461411,90.670022,170.612082,615.591149,24.155232,0.243155,7.93875,18.096362,3023.945499,healthy,0,0,0,0,-0.960443,-0.090212,-0.374717,-0.394328,1.932158,0.252856,0.005647,-0.110013,1.0,199.74
53,taxi,3610.897677,67.151407,50.259813,90.007199,170.254992,613.084046,24.199683,0.255661,8.248501,19.721856,3359.756771,healthy,0,0,0,0,2.733433,0.379021,-0.118776,1.561518,-1.436866,0.215501,-0.005971,0.053346,1.0,199.735
54,taxi,3617.061782,64.875878,50.639343,91.36339,171.063396,612.715779,24.133978,0.248665,8.267453,18.705083,3238.153713,healthy,0,0,0,0,-0.588512,0.063235,0.423286,-0.761761,-1.253468,-0.130142,-0.000812,0.034683,1.0,199.73
55,taxi,3642.475222,66.934674,50.647452,89.685677,169.461485,613.911501,24.237328,0.245529,8.417483,18.452989,3359.870541,healthy,0,0,0,0,-0.284442,0.180717,-0.142068,-0.198698,-1.924528,-0.067969,-0.001329,0.023196,1.0,199.725
56,taxi,3635.873122,65.610202,50.399066,89.988809,170.600587,613.590003,24.259637,0.247846,8.192203,17.43441,3093.347381,healthy,0,0,0,0,-7.416545,0.850901,-0.047059,-0.923168,-0.446315,0.119251,-0.003826,-0.080315,1.0,199.72
57,taxi,3653.631311,64.870018,50.958775,90.413048,168.959023,618.936618,24.622679,0.246237,8.068898,19.556975,3176.720901,healthy,0,0,0,0,4.68398,-0.361361,0.668968,-0.154283,1.068414,-0.134367,-0.003569,0.086075,1.0,199.715
58,taxi,3615.99955,66.254954,50.64525,90.01054,169.594372,616.972244,24.431089,0.250604,8.172906,19.022732,3226.005115,healthy,0,0,0,0,-1.969759,0.206866,-0.386777,-0.304484,0.384009,-0.019877,-0.003223,0.168858,1.0,199.71
59,taxi,3590.293041,65.182,50.552664,90.741443,169.588564,617.369835,24.306453,0.255095,8.05544,17.298386,3228.443507,healthy,0,0,0,0,-0.133155,0.279302,-0.43753,-0.353107,-0.491141,0.14942,-0.000241,-0.052936,1.0,199.705
60,taxi,3631.205678,66.388756,50.771012,89.16153,168.369595,616.739466,24.589461,0.248772,8.316553,18.08405,3341.397916,healthy,0,0,0,0,-2.930227,-0.600556,-0.227809,-0.079189,-1.452542,-0.209099,0.008546,0.002775,1.0,199.7
61,taxi,3588.146189,66.906634,50.405699,90.947151,169.774894,618.449944,24.192108,0.246836,8.024715,20.036864,3169.035978,healthy,0,0,0,0,1.479121,-0.399619,0.368817,-0.742692,-0.814976,-0.126285,0.002761,-0.020242,1.0,199.695
62,taxi,3633.35955,66.450894,50.992998,90.567507,169.621551,612.721915,24.480448,0.249414,8.054733,19.138888,3213.320943,healthy,0,0,0,0,-1.44811,0.025198,0.711678,-0.327677,2.026119,0.189344,-0.009285,-0.155297,1.0,199.69
63,taxi,3634.968368,65.863999,50.356799,89.806052,168.157043,612.623996,24.308225,0.252132,8.070628,19.055143,3289.570933,healthy,0,0,0,0,-1.415014,-0.215626,0.57804,0.474454,-0.059753,-0.068235,0.007272,-0.161412,1.0,199.685
64,taxi,3601.458703,67.530074,50.803675,90.073329,169.359347,613.447315,24.294581,0.256926,8.109309,21.2989,3167.863315,healthy,0,0,0,0,-0.992015,-0.328779,1.190287,1.391335,-0.19664,0.004451,0.001231,0.016752,1.0,199.68
65,taxi,3617.410574,65.789774,50.801101,90.274178,169.56031,611.477386,24.20086,0.260248,7.882581,16.918607,3346.86944,healthy,0,0,0,0,0.533641,0.465442,-0.28854,1.216545,0.70365,-0.051614,0.00621,0.007119,1.0,199.675
66,taxi,3574.735782,65.83606,50.894258,90.875762,169.548849,614.413275,24.115041,0.251799,8.430908,19.54428,3351.327906,healthy,0,0,0,0,-1.821125,-0.565721,-0.950726,-0.557951,-0.925827,-0.058976,-0.002874,0.167051,1.0,199.67
67,taxi,3577.580596,65.310753,51.599617,90.182806,168.851378,612.741192,24.635559,0.258716,8.166804,18.912763,3172.84081,healthy,0,0,0,0,-3.729545,-0.142586,-0.211345,0.395305,0.533066,-0.106344,-0.002444,0.20615,1.0,199.665
68,taxi,3586.54002,66.677514,50.227614,90.429883,168.430167,607.34433,24.425683,0.247747,8.360167,19.041244,3227.568536,healthy,0,0,0,0,-1.243124,-0.532897,-0.187036,-0.357878,2.540422,-0.183612,-0.004382,-0.152062,1.0,199.66
69,taxi,3630.171417,65.389597,50.836434,91.235137,169.689342,612.438831,24.503021,0.249027,8.185322,18.638527,3345.854855,healthy,0,0,0,0,5.011462,-0.292297,0.339925,0.742422,-0.084945,0.376181,-0.007826,-0.026901,1.0,199.655
70,taxi,3629.035265,65.808845,51.104717,89.448619,168.8386,609.477562,24.462732,0.241815,8.449536,18.757058,3111.430385,healthy,0,0,0,0,-0.019661,0.288988,-0.222602,-0.300185,-0.620391,-0.187119,0.007401,0.028133,1.0,199.65
71,taxi,3582.367752,66.341535,50.473908,90.300245,169.254477,610.2308,24.285112,0.239153,8.24411,19.380117,3237.580568,healthy,0,0,0,0,0.545563,-0.039135,0.754741,1.203954,-0.469051,-0.131392,-0.005284,0.088279,1.0,199.645
72,taxi,3598.211103,66.153527,49.731615,90.324141,171.084435,611.801799,24.403172,0.254098,8.129823,17.231835,3271.961682,healthy,0,0,0,0,-3.185974,0.247039,0.126126,0.830133,1.997541,-0.048757,0.003142,0.046105,1.0,199.64
73,taxi,3608.709916,66.709002,50.87068,90.658522,169.998354,611.053315,24.164376,0.248814,8.132674,17.881983,3152.361166,healthy,0,0,0,0,-1.047537,0.759298,-0.86551,-0.343918,-0.562496,0.181469,-0.009616,0.113819,1.0,199.635
74,taxi,3595.881331,67.892728,50.983505,89.444465,170.350854,613.749722,24.241415,0.247459,8.023161,18.188329,3213.862761,healthy,0,0,0,0,-0.323398,-0.207427,-0.044187,0.009448,0.063133,-0.016377,0.004484,0.094397,1.0,199.63
75,taxi,3580.978376,65.602776,50.172085,90.180334,168.659322,612.377626,24.319605,0.241657,8.317058,20.483877,3202.355501,healthy,0,0,0,0,-3.413676,-0.662334,0.788913,1.292002,-1.206981,0.259511,0.003235,0.026661,1.0,199.625
76,taxi,3619.336758,64.841632,50.926511,90.480299,170.123213,614.598897,24.230617,0.248807,7.93836,17.715087,3373.68961,healthy,0,0,0,0,-0.753598,-0.585796,-0.062352,1.234952,-0.061302,0.279574,-0.007922,-0.005014,1.0,199.62
77,taxi,3625.18723,65.077168,50.361314,90.143159,168.333605,609.941608,24.498472,0.2518,8.193019,18.154296,3168.171735,healthy,0,0,0,0,0.807124,-0.237368,-0.558631,-0.979488,-0.937733,0.342121,0.003482,-0.018167,1.0,199.615
78,taxi,3624.369951,63.870985,50.196346,89.727323,166.44334,615.994893,24.201045,0.254375,7.883247,20.314645,3145.333344,healthy,0,0,0,0,3.624064,-0.118537,-0.183116,0.198252,-1.491085,0.055106,-0.002285,0.009037,1.0,199.61
79,taxi,3600.135611,63.66082,50.676834,90.030866,169.489828,607.132616,24.507354,0.254462,8.183114,17.453856,3260.184641,healthy,0,0,0,0,2.199357,0.79921,0.371135,2.090005,-0.238447,-0.006079,0.000864,-0.00214,1.0,199.605
80,taxi,3544.038946,68.888183,50.339361,91.049958,170.472734,611.767238,24.135136,0.255481,8.291093,19.22255,3185.118284,healthy,0,0,0,0,3.776075,0.445109,-0.169342,0.463442,1.752607,-0.078452,0.001658,0.005168,1.0,199.6
81,taxi,3568.803533,65.041499,50.334021,90.610789,169.37514,614.095805,24.511176,0.255997,8.351571,17.989575,3201.071169,healthy,0,0,0,0,4.54924,-0.072939,-0.07067,1.580244,-0.781316,0.040793,0.008624,0.059919,1.0,199.595
82,taxi,3571.140193,66.10926,50.78091,90.783511,168.517474,613.24011,24.280089,0.256493,8.189735,17.797837,3045.7937,healthy,0,0,0,0,-2.204945,-0.3386,0.010981,0.015255,0.56601,0.052725,0.002379,0.110739,1.0,199.59
83,taxi,3652.641544,65.406199,51.044687,89.61167,168.598071,612.021705,24.475591,0.251371,7.995993,17.828781,3233.663624,healthy,0,0,0,0,-0.651029,-0.037517,0.366609,0.02673,0.251926,0.057572,-0.002478,0.004501,1.0,199.585
84,taxi,3601.539173,68.297634,50.308659,89.94194,170.10833,613.327003,24.435273,0.24689,8.200413,18.187102,3075.609988,healthy,0,0,0,0,1.593994,-0.234664,-0.035726,-0.26508,1.847052,0.266165,-0.004943,0.066533,1.0,199.58
85,taxi,3601.085952,65.694042,50.45666,89.777739,166.865547,611.026421,23.988344,0.247279,7.918713,18.877973,3112.397982,healthy,0,0,0,0,-2.20819,-0.026554,0.506556,-0.342487,0.04574,0.030687,-0.003834,-0.075196,1.0,199.575
86,taxi,3589.11122,67.702187,50.51639,90.030241,168.293988,612.019801,23.985015,0.24833,8.05829,17.393438,3108.709575,healthy,0,0,0,0,-3.888637,0.634041,-0.157685,-1.010362,2.406251,-0.078614,-0.005376,-0.024517,1.0,199.57
87,taxi,3648.867683,64.63134,50.155841,90.522992,168.698393,614.886027,24.298962,0.24841,8.141439,18.463157,3076.166001,healthy,0,0,0,0,2.025478,-0.345732,1.159994,1.269086,2.551638,0.037639,-0.004291,-0.069699,1.0,199.565
88,taxi,3611.976072,66.714414,50.180886,90.810047,168.342052,610.713508,24.255764,0.248023,8.137186,18.614231,3140.513775,healthy,0,0,0,0,0.353539,-0.484864,-0.136539,1.437545,-3.108835,-0.408429,-0.009469,0.05751,1.0,199.56
89,taxi,3592.973649,65.207007,50.722498,89.717527,170.256262,617.216718,24.191721,0.255055,8.151604,17.66537,2988.228037,healthy,0,0,0,0,-0.001703,0.221946,0.478683,0.380772,2.511915,-0.103721,-0.001079,-0.068187,1.0,199.555
90,takeoff,4190.234796,97.633056,50.404108,90.057288,199.470916,715.987751,31.267253,0.256126,14.006823,17.256803,3132.635182,healthy,0,0,0,0,-2.993648,0.473184,0.162174,1.034341,-1.135566,-0.144375,-0.002389,0.058034,1.0,199.55
91,takeoff,4217.575184,95.67597,50.773524,90.288103,200.180379,717.002015,30.999437,0.246644,14.35213,18.506272,3084.918242,healthy,0,0,0,0,2.534467,8.2e-05,-0.365676,0.648221,0.19239,-0.284639,-0.006499,0.080625,1.0,199.545
92,takeoff,4178.763512,95.76119,51.256111,89.716505,198.272737,709.985539,31.223484,0.249189,13.898263,16.87022,3192.129507,healthy,0,0,0,0,0.929748,0.301566,0.302881,0.120763,-0.461104,0.079342,-0.004768,-0.065454,1.0,199.54
93,takeoff,4222.906677,96.133144,51.055398,89.066559,200.426839,713.754273,31.424895,0.253328,14.022356,17.368301,3270.577717,healthy,0,0,0,0,-0.905028,0.098247,-0.552748,-0.044589,2.258182,0.063646,0.006798,0.133936,1.0,199.535
94,takeoff,4234.898182,94.19231,51.17232,90.691377,198.673329,716.437233,31.25548,0.248528,14.222899,18.389392,3173.209295,healthy,0,0,0,0,-0.826281,0.165182,-0.217335,0.168815,-1.306752,0.138529,0.011481,0.036086,1.0,199.53
95,takeoff,4223.463933,99.788341,49.895684,91.240935,198.707983,717.791375,31.521656,0.254163,14.137436,18.795627,3321.283991,healthy,0,0,0,0,0.491523,-0.244419,-0.187804,0.550382,1.222124,-0.203199,0.000424,-0.008767,1.0,199.525
96,takeoff,4229.234884,96.524967,50.327773,89.818878,198.829084,713.938965,31.344554,0.25829,14.423469,16.077616,3148.36319,healthy,0,0,0,0,-3.669893,-0.121829,-0.868145,0.692876,2.081818,0.059894,0.00063,0.08498,1.0,199.52
97,takeoff,4216.628647,97.456325,50.08035,90.085141,199.614853,712.961305,31.352206,0.244004,14.153266,18.637184,3206.369286,healthy,0,0,0,0,-2.046839,-0.009635,0.008017,0.25186,0.202769,0.063554,-0.004023,0.042474,1.0,199.515
98,takeoff,4181.685202,93.872342,49.923449,89.56852,197.515834,713.339709,30.968988,0.256135,14.047913,18.531864,3084.708845,healthy,0,0,0,0,-0.358687,0.124957,-0.553933,-0.887408,1.681648,-0.01401,0.000587,-0.011036,1.0,199.51
99,takeoff,4220.777983,96.073393,50.104054,90.121905,199.687937,716.888945,31.037986,0.244979,14.391657,19.222872,3304.576134,healthy,0,0,0,0,0.807123,0.88545,0.09824,-0.330319,-0.274769,-0.008169,-0.003086,-0.04908,1.0,199.505
100,takeoff,4225.948054,97.986728,50.325084,90.406083,199.011706,713.034728,31.293749,0.246954,14.196983,18.632337,3101.171154,healthy,0,0,0,0,0.529281,-0.596487,-0.638157,-1.311382,-0.2602,-0.039982,-0.005055,-0.15075,1.0,199.5
101,takeoff,4228.570083,97.159849,50.377848,90.700767,198.023541,714.307746,31.500606,0.235848,14.05114,18.531532,3150.018946,healthy,0,0,0,0,3.128807,-0.250134,0.466484,-0.213289,0.402234,-0.150685,0.000796,-0.081974,1.0,199.495
102,takeoff,4220.581029,97.150052,51.170283,89.762325,200.489638,714.020027,31.210319,0.245952,14.096111,18.071814,3294.217885,healthy,0,0,0,0,-0.949675,0.384964,-0.498518,-0.459611,1.943271,-0.046158,0.001221,-0.012581,1.0,199.49
103,takeoff,4210.739189,95.388307,50.95313,90.554811,198.687077,710.807057,31.461817,0.250365,13.931201,19.852708,3321.189743,healthy,0,0,0,0,-1.218993,-0.602882,0.372896,0.511484,-0.489045,-0.193797,-0.004241,0.00389,1.0,199.485
104,takeoff,4213.838164,97.345241,50.860268,89.991699,199.753964,713.797851,31.305404,0.244973,14.235002,20.227629,3275.00157,healthy,0,0,0,0,0.607771,0.301283,-0.224108,-0.034877,0.09477,0.23254,0.007853,0.053463,1.0,199.48
105,takeoff,4183.055491,95.743021,50.369793,88.987288,199.343067,717.011683,31.142918,0.261313,14.113566,17.033949,3288.475697,healthy,0,0,0,0,-2.189524,0.249684,-0.386413,-1.738342,-2.663093,-0.0991,0.000697,0.248624,1.0,199.475
106,takeoff,4192.657689,97.952917,49.99617,90.312215,199.695191,715.639312,31.264828,0.253394,14.20627,18.835258,3160.767205,healthy,0,0,0,0,0.353503,-0.244295,-0.137144,0.322226,0.438798,-0.114375,-5.9e-05,-0.108074,1.0,199.47
107,takeoff,4243.579694,96.325429,50.894494,90.219278,199.582273,714.953741,31.546106,0.249401,13.72432,18.942206,3255.870587,healthy,0,0,0,0,0.90301,0.30691,-0.448528,-0.528733,0.084482,-0.152859,0.000274,-0.058823,1.0,199.465
108,takeoff,4208.331423,96.568471,50.699139,90.189675,200.166048,714.097188,31.128917,0.246015,14.382202,18.35711,3230.983962,healthy,0,0,0,0,1.726076,-0.165345,0.471373,-0.227285,-1.440727,0.2311,0.002692,0.116598,1.0,199.46
109,takeoff,4217.598764,97.081212,50.591108,90.413028,200.089325,711.042749,31.361829,0.254145,14.160599,19.480695,3279.961505,healthy,0,0,0,0,-2.586458,-0.118643,-0.673842,0.67841,0.142692,-0.012431,0.002445,-0.056945,1.0,199.455
110,takeoff,4197.492919,94.619968,50.475268,90.311155,198.067492,711.644579,31.365439,0.247861,13.962689,19.058082,3106.66421,healthy,0,0,0,0,1.243255,-0.455719,0.234552,0.954422,-1.791508,0.305289,-0.00058,0.00035,1.0,199.45
111,takeoff,4184.107337,97.271451,50.480946,90.086513,198.001773,708.037423,31.442156,0.245967,14.216597,18.607991,3292.032832,healthy,0,0,0,0,-1.847437,-0.147007,-0.106594,0.444474,-0.233656,0.137492,-0.003833,0.106914,1.0,199.445
112,takeoff,4210.967247,95.519724,51.368748,90.892683,199.13051,710.812956,31.336705,0.248462,14.047992,18.86261,3198.18555,healthy,0,0,0,0,-1.391846,-0.100019,0.480697,-1.345558,-1.709988,-0.077494,-0.005685,-0.083743,1.0,199.44
113,takeoff,4198.340844,95.675928,50.285002,91.094274,197.133184,709.054372,31.09364,0.238292,14.075344,17.340473,2994.966012,healthy,0,0,0,0,-6.656691,0.454423,-0.687619,-0.241952,0.52498,-0.083023,-0.00126,-9.4e-05,1.0,199.435
114,takeoff,4184.485586,97.964849,50.860202,89.640473,199.573434,714.297649,31.326727,0.254232,14.001492,18.990588,3124.152756,healthy,0,0,0,0,2.164381,0.222899,0.173885,0.6443,0.648121,0.043842,-0.0005,-0.036646,1.0,199.43
115,takeoff,4215.215364,96.872756,50.504511,89.113965,199.35529,711.57326,31.275645,0.243479,14.086792,19.890692,3183.627516,healthy,0,0,0,0,-3.232628,-0.184393,0.344641,0.353161,-0.498557,0.119586,0.001436,-0.092423,1.0,199.425
116,takeoff,4205.64386,96.481535,51.198301,90.069435,198.750343,711.629784,31.189474,0.247674,14.059689,18.705506,3219.821541,healthy,0,0,0,0,1.100988,0.584506,0.049496,-1.186746,-0.909215,0.23984,-0.000534,0.088585,1.0,199.42
117,takeoff,4185.536124,94.248989,50.93751,91.048027,198.439657,714.213014,31.580974,0.255851,14.494005,17.994999,3019.894535,healthy,0,0,0,0,3.409336,0.684102,-0.696727,1.40127,-0.531264,0.013031,0.000817,0.066072,1.0,199.415
118,takeoff,4202.105214,96.004446,51.038137,89.52102,199.075047,716.644548,31.363099,0.249656,14.246736,17.959243,3278.297065,healthy,0,0,0,0,-5.131066,-0.075913,0.58917,-1.303201,-2.146216,0.166749,-0.002998,0.02121,1.0,199.41
119,takeoff,4225.357247,96.179205,49.727353,90.543166,198.871727,707.841175,31.481917,0.238711,14.100438,17.735683,3245.262869,healthy,0,0,0,0,-2.693345,0.127317,0.102806,-1.454669,0.850118,0.133644,0.000867,-0.058034,1.0,199.405
120,takeoff,4188.292334,97.818282,50.545903,90.119424,198.025956,709.499344,31.564809,0.254937,13.949787,17.301892,3093.228382,healthy,0,0,0,0,-2.026365,0.64324,0.672925,-0.74187,1.046547,-0.077916,-0.002786,0.084302,1.0,199.4
121,takeoff,4215.75594,94.81203,50.83688,90.60643,197.259643,710.98808,31.13068,0.248751,14.56581,17.51112,3335.234201,healthy,0,0,0,0,-3.081549,0.670137,-0.849281,0.517218,-0.601469,-0.180203,-0.001894,-0.062904,1.0,199.395
122,takeoff,4182.930209,97.122563,50.927113,89.462029,198.582632,712.533156,31.486143,0.250603,14.157977,16.896179,3324.241858,healthy,0,0,0,0,4.205205,1.023128,0.035602,-0.041503,3.073002,0.233348,0.001316,0.081766,1.0,199.39
123,takeoff,4214.412298,95.107017,50.832936,89.584594,198.455757,713.261498,31.407339,0.256171,14.120867,18.930616,3173.877188,healthy,0,0,0,0,-0.562704,-0.49599,-0.539845,-0.395738,-1.62706,-0.321203,0.002897,-0.016137,1.0,199.385
124,takeoff,4205.146763,94.823443,51.04117,90.592147,199.703928,713.806635,31.202053,0.250557,14.191123,19.706603,3140.88245,healthy,0,0,0,0,1.45115,-0.397492,-0.347399,-0.278733,-1.479295,0.139441,0.003902,0.102812,1.0,199.38
125,takeoff,4221.388554,95.879268,50.024474,89.418048,197.925721,709.922257,31.038636,0.243952,14.189411,18.356217,3238.354397,healthy,0,0,0,0,0.981215,0.005168,-0.599426,-0.048176,0.341635,-0.066341,-0.004942,-0.009578,1.0,199.375
126,takeoff,4194.766542,95.780706,50.482428,90.011142,199.462937,710.485148,31.145006,0.241358,14.271269,19.349423,3365.156284,healthy,0,0,0,0,3.560941,-0.058551,-0.694273,1.239882,0.939311,0.021317,-0.004415,0.050725,1.0,199.37
127,takeoff,4216.708129,96.421309,50.726004,90.228599,198.521584,719.337822,30.987364,0.259175,14.149926,20.416908,3139.128215,healthy,0,0,0,0,-4.409388,0.248567,-0.241855,0.732815,1.497033,0.07385,-0.00493,0.052588,1.0,199.365
128,takeoff,4242.834967,95.190506,50.310166,90.134362,200.623004,712.833273,31.512283,0.253596,13.99245,19.832671,3168.053965,healthy,0,0,0,0,-0.380936,-0.207394,0.387839,0.026619,0.045546,-0.011557,-0.000752,0.051335,1.0,199.36
129,takeoff,4201.394462,98.255853,50.612735,90.285423,201.020224,714.284262,31.265592,0.250476,14.124116,18.305514,3019.685372,healthy,0,0,0,0,-7.355191,-0.309496,-1.111676,0.22606,2.265315,-0.308483,0.001748,-0.029663,1.0,199.355
130,takeoff,4209.932479,96.640046,50.549921,89.400657,200.22881,713.442755,31.42817,0.25289,14.26535,18.107394,3391.50624,healthy,0,0,0,0,1.084347,0.171003,-0.381993,-0.432254,-0.745032,0.191261,-0.002873,-0.085432,1.0,199.35
131,takeoff,4209.304082,97.500762,50.17591,89.767301,199.600037,714.438218,31.12629,0.244309,14.243885,19.055258,3207.285974,healthy,0,0,0,0,0.795609,0.127938,1.078781,-0.506417,2.343996,0.122413,-6e-05,0.0897,1.0,199.345
132,takeoff,4178.966985,96.368891,51.419383,90.585113,199.88244,717.228464,31.234794,0.246896,14.183527,18.012422,3137.130825,healthy,0,0,0,0,1.329431,0.037219,-0.006313,0.989816,-3.51652,0.220623,0.00695,-0.05557,1.0,199.34
133,takeoff,4222.017164,97.036429,50.362573,89.246263,199.711151,716.707306,31.423991,0.260581,14.229201,17.737612,3255.9488,healthy,0,0,0,0,-3.973846,0.129823,0.537918,0.416384,-2.232013,0.003643,-0.001217,-0.090188,1.0,199.335
134,takeoff,4176.198414,95.133026,51.485985,88.995972,199.372351,711.144455,31.407822,0.245564,14.267634,18.131865,3255.261301,healthy,0,0,0,0,-0.566556,-0.430825,-0.581785,0.170265,-0.930152,0.001327,-0.00061,0.023872,1.0,199.33
135,takeoff,4216.294779,95.479408,50.91446,90.747597,200.791076,711.885878,31.488357,0.241077,14.390983,18.346341,3188.017742,healthy,0,0,0,0,4.478674,-0.307013,0.349871,-0.748446,1.575423,0.190038,0.004098,0.052169,1.0,199.325
136,takeoff,4199.099207,96.732668,50.397635,90.309154,198.490931,711.111611,31.169192,0.250385,14.18802,18.603117,3274.342718,healthy,0,0,0,0,1.728831,-0.034559,-0.370149,0.529703,0.789265,0.012613,-0.001135,-0.024487,1.0,199.32
137,takeoff,4215.581922,97.231063,50.037345,91.282008,199.989219,713.330586,31.319923,0.240771,14.271271,16.416729,3100.681179,healthy,0,0,0,0,4.398669,0.249536,0.037471,-0.996777,0.38343,0.224171,-0.001715,-0.066974,1.0,199.315
138,takeoff,4200.026532,97.645743,50.136027,90.323377,199.031908,709.719143,31.401993,0.246812,13.868925,18.213269,3295.332817,healthy,0,0,0,0,2.692027,0.58741,0.59684,-0.332526,-1.705961,0.038813,0.000875,-0.213827,1.0,199.31
139,takeoff,4204.273387,95.420228,49.923555,90.56352,198.796051,716.249971,31.059746,0.258418,14.098985,18.917395,3143.113726,healthy,0,0,0,0,-2.542206,-0.150096,0.378466,-0.23272,-0.445894,0.116131,-0.000754,0.088066,1.0,199.305
140,takeoff,4188.424858,94.978349,50.673762,89.743661,199.005341,716.316811,31.773674,0.250029,14.234995,19.125005,3197.749961,healthy,0,0,0,0,3.451132,0.117425,0.332468,-1.031052,1.150158,0.13559,0.007354,0.04173,1.0,199.3
141,takeoff,4215.750598,96.242094,50.07481,90.345204,199.523229,715.29399,31.393769,0.251175,13.978682,19.629895,3317.685812,healthy,0,0,0,0,-1.727808,0.228028,0.377109,0.390665,0.574285,-0.164006,0.00664,0.09388,1.0,199.295
142,takeoff,4243.074143,97.732039,51.276588,90.51509,198.21578,714.247746,31.356975,0.25927,14.094006,17.227852,3248.599897,healthy,0,0,0,0,-0.316237,-0.130569,-0.056032,-1.26417,-0.418074,0.056714,-0.004507,0.088621,1.0,199.29
143,takeoff,4166.854488,95.495,49.927105,89.712376,199.159729,721.746127,31.409494,0.246226,14.179632,18.295467,3223.925002,healthy,0,0,0,0,-5.112777,0.151857,0.225817,1.170633,0.086817,-0.030298,-3.1e-05,0.156308,1.0,199.285
144,takeoff,4199.015985,96.557241,50.573513,90.355293,198.961799,709.228461,31.212616,0.244965,14.034941,19.414736,3212.446263,healthy,0,0,0,0,-0.472561,-0.09053,-0.509965,-1.061513,-2.204369,0.229772,0.0042,-0.01385,1.0,199.28
145,takeoff,4186.836701,98.306469,50.646836,89.624817,199.725417,711.309313,31.364145,0.244416,14.1788,18.058238,3396.661968,healthy,0,0,0,0,2.660602,-0.082637,0.559078,-0.086624,1.335462,-0.195411,0.003174,-0.068528,1.0,199.275
146,takeoff,4219.221901,95.715036,50.179915,91.289441,198.848829,712.419177,31.323324,0.253469,14.039811,19.159422,2959.252305,healthy,0,0,0,0,4.694004,0.013194,-0.453672,0.33657,-0.78965,0.047845,0.001319,-0.101316,1.0,199.27
147,takeoff,4206.463218,95.616863,50.942518,90.081824,198.541958,714.820896,31.083595,0.24857,14.051201,18.607913,3248.828722,healthy,0,0,0,0,2.170913,0.22183,0.783078,-0.219423,-0.197408,-0.112868,0.00939,0.05436,1.0,199.265
148,takeoff,4187.498096,96.580325,50.624048,89.378794,197.643001,716.24446,31.239158,0.244493,14.136265,19.12106,3335.850726,healthy,0,0,0,0,3.204681,0.316957,0.244114,-0.155844,-0.532472,-0.002138,0.001467,-0.113254,1.0,199.26
149,takeoff,4192.70325,95.614207,50.380155,88.909199,197.508968,713.848171,30.933091,0.246127,13.932941,19.545091,3208.717044,healthy,0,0,0,0,2.62196,0.308701,0.110111,0.586109,-1.372852,-0.163368,-0.001139,-0.040982,1.0,199.255
150,takeoff,4189.340989,96.675226,50.812367,90.012628,200.181435,713.649954,30.948979,0.250878,13.977171,18.226689,3173.005762,healthy,0,0,0,0,2.540411,0.316863,1.047308,-0.055404,0.057771,0.170135,0.000568,0.090972,1.0,199.25
151,takeoff,4205.593216,98.003965,50.534089,91.014842,198.198302,717.280446,31.246057,0.249109,14.081469,17.955895,3149.115275,healthy,0,0,0,0,2.415159,0.775986,-0.42554,-0.868538,-0.511266,0.183451,0.010935,-0.043429,1.0,199.245
152,takeoff,4227.116229,95.988343,49.742236,89.089994,198.477223,712.751182,31.352822,0.253275,14.095225,18.724026,3219.861993,healthy,0,0,0,0,-1.348244,-0.358948,-0.808569,1.081418,2.74543,-0.030996,-7.4e-05,-0.130068,1.0,199.24
153,takeoff,4224.123272,95.939057,51.123484,90.138671,199.836345,705.558137,31.611394,0.247055,14.165446,19.054793,3087.856794,healthy,0,0,0,0,2.405415,-0.167473,0.021542,-1.095885,-1.811156,-0.01835,0.004998,-0.139007,1.0,199.235
154,takeoff,4220.227088,95.794264,50.058678,90.455921,199.674386,712.995099,31.350473,0.251665,14.354405,19.122547,3426.485635,healthy,0,0,0,0,1.891179,-0.284312,-0.347011,-0.447635,0.83099,-0.096047,0.001069,0.086531,1.0,199.23
155,takeoff,4189.432003,96.657246,50.675792,89.723673,198.677321,712.056398,30.916975,0.243017,14.163159,18.117464,3216.805463,healthy,0,0,0,0,3.449437,0.19858,-0.287111,0.595455,0.963959,-0.105295,0.003658,0.039964,1.0,199.225
156,takeoff,4207.142225,99.206978,50.805383,90.055192,199.922586,713.171343,31.529769,0.26017,14.306056,17.683465,3158.008183,healthy,0,0,0,0,4.125528,0.685572,0.095856,-0.501903,-0.086222,-0.049861,-0.004042,0.099742,1.0,199.22
157,takeoff,4190.716121,98.736511,51.019337,90.100828,198.427361,713.317406,31.729027,0.251014,14.276492,17.376903,3069.018779,healthy,0,0,0,0,-3.510373,-0.40165,0.154525,0.240051,-0.338816,0.19849,-0.002439,-0.015023,1.0,199.215
158,takeoff,4218.969181,96.041472,50.849995,90.452196,199.298941,708.515802,31.467674,0.242946,14.30456,18.804861,3293.799975,healthy,0,0,0,0,-0.907163,-0.931286,-0.68665,0.185731,-0.342496,0.075346,-0.00445,-0.147421,1.0,199.21
159,takeoff,4208.441302,97.034639,50.386203,89.436809,198.01342,714.133756,30.794488,0.251573,14.12866,18.439112,3355.676183,healthy,0,0,0,0,7.061764,0.597621,0.108391,0.173229,-1.132586,-0.133681,-0.003914,-0.029783,1.0,199.205
160,takeoff,4200.330367,95.429737,50.2497,89.481814,197.613012,711.116393,31.390504,0.260188,14.376496,17.46484,3117.535059,healthy,0,0,0,0,-2.838483,-0.616857,0.099815,0.580337,0.018636,-0.134721,-0.005454,0.145853,1.0,199.2
161,takeoff,4204.816119,95.039708,50.981733,90.317172,198.25683,713.388714,31.468011,0.247883,14.111448,18.238311,3208.733937,healthy,0,0,0,0,-1.59583,0.478747,-0.325717,-0.158724,-2.609354,0.046194,0.00308,0.026039,1.0,199.195
162,takeoff,4202.482312,97.231114,50.580571,90.618284,198.963719,713.514306,31.164108,0.253999,13.985917,17.917901,3159.778603,healthy,0,0,0,0,5.492268,-0.160507,1.055655,-0.447458,0.297169,-0.24974,-0.002093,-0.058356,1.0,199.19
163,takeoff,4201.52896,95.959817,50.300617,90.069349,201.049878,716.456723,31.155825,0.250243,14.108895,20.563135,3244.507865,healthy,0,0,0,0,-0.860318,0.17292,0.493669,-0.519268,-2.011612,-0.03781,-0.007753,-0.022605,1.0,199.185
164,takeoff,4229.632644,97.182754,50.836165,90.927645,197.594474,708.876996,31.344536,0.253754,14.20458,20.064088,3229.702515,healthy,0,0,0,0,-0.466811,0.215392,0.784016,-0.422546,2.754928,0.039433,-0.004099,0.138533,1.0,199.18
165,takeoff,4203.804775,94.369422,50.562735,90.013498,198.738565,706.96049,31.046911,0.251005,14.364657,17.188507,3148.02817,healthy,0,0,0,0,1.633616,0.218766,0.70392,1.719954,0.191683,0.023757,0.001353,0.069344,1.0,199.175
166,takeoff,4234.510125,96.268274,50.181269,90.091877,199.596839,711.831571,31.051765,0.250681,14.212372,19.319393,3216.176196,healthy,0,0,0,0,0.745081,-0.143002,-0.005497,1.382718,0.72347,0.120161,-0.001956,0.062836,1.0,199.17
167,takeoff,4226.086197,96.314762,51.011224,90.519559,198.816805,715.081444,31.190493,0.248913,14.497556,19.51955,3269.644835,healthy,0,0,0,0,-2.56775,0.784164,0.851477,-1.229753,-2.064143,-0.173028,0.000397,-0.061228,1.0,199.165
168,takeoff,4214.03208,96.573011,50.640996,89.84866,197.09982,709.884726,31.42001,0.24796,14.372938,18.240384,3359.658483,healthy,0,0,0,0,4.604111,0.332757,-0.728923,-0.146102,0.730956,-0.318635,0.001457,-0.051181,1.0,199.16
169,takeoff,4185.689635,97.474448,50.469754,90.208974,199.092478,718.048213,31.404879,0.257201,14.062678,17.895738,3203.384819,healthy,0,0,0,0,-1.113154,-0.682773,0.719071,-1.364894,0.104527,0.098885,-0.008724,0.144911,1.0,199.155
170,takeoff,4226.668597,95.974253,51.151397,90.308345,198.539498,713.368949,31.034645,0.245515,14.151549,18.03746,3218.594275,healthy,0,0,0,0,-0.052864,0.18775,-1.040698,-0.271957,1.990411,0.077055,-0.001801,0.115028,1.0,199.15
171,takeoff,4195.764578,97.673027,50.427453,89.837369,201.470402,712.207808,31.423015,0.245342,14.058707,17.522986,3339.830271,healthy,0,0,0,0,-1.158686,-0.24413,0.37162,-0.583202,2.20032,-0.132004,-0.003343,0.005844,1.0,199.145
172,takeoff,4217.627871,97.354908,50.723032,89.350886,200.256211,711.288321,31.549273,0.253769,14.426128,19.267702,3303.38203,healthy,0,0,0,0,-5.570238,-0.738587,0.595329,-0.031588,2.230783,0.024972,0.010694,0.050727,1.0,199.14
173,takeoff,4203.0745,96.783216,50.740078,90.414743,200.546129,712.917865,31.28027,0.243417,14.189438,19.146235,3265.291919,healthy,0,0,0,0,-1.644234,0.028229,0.008231,2.216589,0.264788,-0.189299,0.002211,-0.048478,1.0,199.135
174,takeoff,4225.834343,96.059455,49.924901,89.435007,196.099402,715.622925,31.433205,0.252681,14.098715,19.52989,3319.828383,healthy,0,0,0,0,-3.549621,-0.69869,-0.679071,-0.470176,0.661675,0.192937,0.006207,-0.047559,1.0,199.13
175,takeoff,4221.537396,95.562265,50.693097,89.325784,198.802137,708.996047,31.408112,0.252213,14.534396,18.413768,3138.303887,healthy,0,0,0,0,-0.763441,-0.144031,0.06764,0.456687,-3.59947,-0.057357,0.007361,-0.041777,1.0,199.125
176,takeoff,4206.809822,95.755313,51.113111,89.070176,198.209026,714.378613,31.41082,0.254393,14.194975,19.129262,2954.938671,healthy,0,0,0,0,2.596248,0.038456,0.344967,-0.255879,-0.712975,-0.062321,-0.009029,0.05485,1.0,199.12
177,takeoff,4199.60919,95.304908,50.708087,90.850592,197.76012,714.573128,31.337959,0.246576,14.176225,19.37997,3261.942005,healthy,0,0,0,0,1.178688,0.063076,0.176699,0.317469,0.216305,0.140127,-0.001077,0.03193,1.0,199.115
178,takeoff,4212.822651,98.065523,50.221174,90.160923,198.422806,714.485325,31.077964,0.248996,13.901422,17.491571,3199.095972,healthy,0,0,0,0,4.599507,0.502095,0.115199,0.797062,0.985071,0.12291,-0.005128,-0.080769,1.0,199.11
179,takeoff,4235.047498,96.206243,49.698974,89.479471,198.336049,713.666281,31.128541,0.2423,14.195998,17.584111,3085.303267,healthy,0,0,0,0,1.536964,-0.271026,0.21966,0.388155,0.615829,-0.053284,-0.001467,-0.107026,1.0,199.105
180,cruise,3795.052091,75.698419,50.291808,89.964121,178.082486,649.99782,27.633759,0.252382,10.087989,19.729777,3305.267415,healthy,0,0,0,0,2.271347,0.274785,-0.08833,-1.468183,-3.114561,0.124654,-0.006028,-0.040541,1.0,199.1
181,cruise,3839.530504,76.563646,50.250218,89.535695,178.22456,651.179109,27.313698,0.253151,9.84764,20.536017,3213.967804,healthy,0,0,0,0,1.964261,-0.12805,-0.407948,-0.213621,-0.110696,-0.026988,-0.00194,0.033404,1.0,199.095
182,cruise,3792.356097,75.068574,50.950957,90.921503,179.634281,652.410897,27.405768,0.256373,10.031618,19.712309,3114.61219,healthy,0,0,0,0,2.170461,-0.432792,0.233135,0.994626,0.804962,0.078568,-0.00328,0.012695,1.0,199.09
183,cruise,3824.702748,77.375497,51.054221,90.67123,179.010596,653.510313,27.378297,0.251781,10.179388,17.118972,3294.274924,healthy,0,0,0,0,3.186145,-0.127773,0.074934,0.73833,-1.399493,0.140526,0.002538,-0.049738,1.0,199.085
184,cruise,3802.3034,75.814769,51.142452,88.943492,178.962122,652.219694,27.357382,0.25112,10.271579,18.168947,3415.507731,healthy,0,0,0,0,-7.180629,0.218287,-0.284896,0.513499,2.527122,-0.1043,-0.003272,-0.036312,1.0,199.08
185,cruise,3778.676906,75.755298,51.104554,90.530371,180.193153,652.200554,27.539509,0.253588,10.070766,19.418441,3153.258792,healthy,0,0,0,0,0.827888,-0.009074,-0.566253,-0.949619,2.379512,0.087005,0.004514,-0.006004,1.0,199.075
186,cruise,3800.992836,77.624139,49.986261,90.64717,177.204802,649.030431,27.212911,0.24424,10.226855,19.973637,3284.48448,healthy,0,0,0,0,0.235295,0.774413,1.199128,0.060196,-1.368926,0.056121,-0.007784,0.069337,1.0,199.07
187,cruise,3793.653288,77.390263,50.685902,90.039674,178.602737,656.971429,27.311643,0.250158,10.2592,18.840286,3096.308588,healthy,0,0,0,0,0.067016,-0.533027,-1.153866,-1.570645,1.498787,0.202473,-0.002747,-0.026096,1.0,199.065
188,cruise,3828.591499,75.508716,50.834791,90.063462,178.987834,656.221669,27.70168,0.239298,10.168712,18.681812,3103.59731,healthy,0,0,0,0,-0.972162,-0.484949,0.260876,-0.450935,-0.52077,0.160449,7.3e-05,-0.125214,1.0,199.06
189,cruise,3787.39998,75.650017,50.818561,89.709456,178.890826,655.222867,27.447195,0.251466,9.952413,18.484792,3205.752605,healthy,0,0,0,0,-3.323182,-0.474834,0.580192,0.488507,-0.91403,0.130847,0.010754,-0.156672,1.0,199.055
190,cruise,3840.991161,75.43785,49.977129,90.617182,178.933334,651.591859,27.424365,0.248346,9.98529,19.024937,3325.156045,healthy,0,0,0,0,1.170136,0.515188,-1.090904,0.588187,-1.339509,-0.202219,-0.001735,-0.098132,1.0,199.05
191,cruise,3808.250517,74.467524,51.016123,90.838098,178.416729,656.271649,27.329043,0.252785,10.259722,17.365973,3227.919806,healthy,0,0,0,0,-0.081796,0.683958,-0.093891,-0.566963,-0.312677,0.0105,-0.00117,-0.054288,1.0,199.045
192,cruise,3819.955678,75.631838,50.358307,89.342441,178.404471,652.802057,27.19694,0.254607,10.242139,20.481107,3197.565731,healthy,0,0,0,0,-2.365311,-0.317012,0.900892,0.006965,-0.195541,-0.108824,-0.005612,-0.012879,1.0,199.04
193,cruise,3806.60458,75.052258,49.968159,90.542377,178.520911,652.528757,27.648016,0.23893,9.85183,17.494285,3258.480239,healthy,0,0,0,0,-1.35661,0.572597,-1.263705,0.934115,2.191769,-0.049021,0.002412,-0.093824,1.0,199.035
194,cruise,3823.229501,76.440395,49.862133,89.613059,179.869905,653.335802,26.669286,0.250045,10.126678,18.533244,3189.049853,healthy,0,0,0,0,2.960899,0.027562,-0.534535,-0.764873,0.972831,0.221279,-0.005392,-0.110592,1.0,199.03
195,cruise,3806.945762,77.459973,50.567192,90.44941,177.232563,653.991941,27.287408,0.246447,10.403065,18.016287,3250.373267,healthy,0,0,0,0,4.512919,0.18409,-0.02971,-0.208179,-3.574309,-0.016243,-0.005347,-0.017404,1.0,199.025
196,cruise,3830.623032,77.410651,50.53,90.769861,178.66213,651.206874,27.047702,0.254891,9.967331,18.050431,3189.942369,healthy,0,0,0,0,-5.165565,-0.350253,0.389313,-0.062041,0.69607,0.044213,-0.001329,-0.005064,1.0,199.02
197,cruise,3828.032349,75.101873,50.727976,91.04003,180.767806,655.53713,27.303629,0.250727,10.255808,16.730623,3184.152022,healthy,0,0,0,0,-0.487592,0.277306,-0.073788,-0.697407,-3.112292,0.124617,0.00769,-0.010757,1.0,199.015
198,cruise,3812.670862,76.127006,50.531709,89.631041,180.298463,652.881785,27.334868,0.237589,10.180273,18.315462,3174.904186,healthy,0,0,0,0,0.515623,0.214992,0.154989,-0.670372,0.889118,-0.056549,-0.003841,-0.06995,1.0,199.01
199,cruise,3837.968532,75.612247,51.345054,90.125186,178.133039,655.51927,27.445645,0.239898,10.068392,18.886068,3108.303403,healthy,0,0,0,0,-2.192258,-0.089494,0.317939,-0.077981,2.201989,-0.004039,0.000141,-0.019956,1.0,199.005
200,cruise,3785.955246,75.517551,50.758282,91.244622,179.118898,654.216026,27.157963,0.243549,10.108499,17.641844,3171.664407,healthy,0,0,0,0,1.12431,-0.253718,-0.383921,0.484391,-1.661667,0.315613,-0.003583,-0.079253,1.0,199.0
201,cruise,3820.892983,74.784536,49.728203,90.838416,178.768425,651.702476,27.279999,0.251242,10.16877,17.855116,3103.264608,healthy,0,0,0,0,1.004984,0.047663,0.008155,-1.409168,1.18351,0.189989,-0.00199,0.000846,1.0,198.995
202,cruise,3832.370165,74.869658,50.506228,90.669333,180.584789,656.256433,27.325791,0.254716,10.184549,18.970341,3147.923382,healthy,0,0,0,0,4.771258,0.578893,0.307528,1.005503,0.793436,-0.023878,-0.001832,0.115964,1.0,198.99
203,cruise,3830.347125,75.505915,50.579244,90.650468,180.253899,653.814857,27.182554,0.254326,10.160557,16.771255,3246.753931,healthy,0,0,0,0,-0.090379,0.112452,0.282254,-0.282911,0.239639,-0.089274,-0.003293,-0.057697,1.0,198.985
204,cruise,3826.454372,78.151715,50.716167,90.061727,179.457387,655.313326,27.324067,0.25242,10.200966,18.288263,3082.522787,healthy,0,0,0,0,3.057123,-0.348327,-0.540232,0.681302,-0.574362,-0.153782,-0.00983,0.004639,1.0,198.98
205,cruise,3791.983873,76.210254,50.043405,90.839495,179.985498,649.669124,27.302408,0.257203,10.159646,19.017064,3217.814641,healthy,0,0,0,0,0.232872,0.233316,-0.729649,-0.84499,-1.189704,-0.091021,0.004239,-0.179135,1.0,198.975
206,cruise,3802.174598,77.331507,50.389892,90.385231,177.587504,650.112807,27.634591,0.250858,10.244411,16.31639,3177.121401,healthy,0,0,0,0,-2.875954,-1.262684,-0.101403,0.143015,-1.736699,0.058458,0.004155,0.021377,1.0,198.97
207,cruise,3810.231365,77.082322,50.883886,90.516274,178.505437,656.901538,27.290749,0.243066,10.198042,18.127654,3228.024792,healthy,0,0,0,0,-0.075252,0.010827,0.509915,1.229303,-2.427315,0.10444,0.004594,0.065814,1.0,198.965
208,cruise,3805.201159,75.384786,51.240318,90.15917,179.047599,653.176109,27.55579,0.252808,10.188891,20.318519,3224.490573,healthy,0,0,0,0,0.712754,0.291328,0.675405,0.430159,-0.174525,-0.019713,-0.0101,-0.120977,1.0,198.96
209,cruise,3791.07176,77.49718,50.228167,91.08509,180.686453,656.850613,26.826615,0.251035,10.34702,20.370115,3260.125957,healthy,0,0,0,0,-2.052881,-0.159354,-0.541472,0.26375,-0.199138,0.125076,-0.000359,0.102102,1.0,198.955
210,cruise,3818.362447,76.083043,50.155112,89.730965,179.711743,653.924905,27.256429,0.24513,10.345767,17.62887,3089.717491,healthy,0,0,0,0,7.66618,-0.27046,0.791898,-0.538845,-0.067673,0.150464,0.002263,0.075364,1.0,198.95
211,cruise,3812.816518,77.217626,51.158413,90.477749,178.10806,651.882362,27.220975,0.250839,10.400227,17.700596,3290.778004,healthy,0,0,0,0,-7.885147,0.422573,-0.06552,-1.162027,2.90445,0.082472,-0.009693,0.017425,1.0,198.945
212,cruise,3785.144751,75.808898,50.848495,90.430269,178.130084,655.76651,27.482762,0.25054,10.337848,18.319895,3204.17282,healthy,0,0,0,0,1.541405,0.66539,-0.208776,0.458661,0.510438,0.190173,-0.001294,0.055928,1.0,198.94
213,cruise,3808.970366,74.809873,50.512476,91.042888,179.5665,652.009798,26.983541,0.239256,10.446501,19.050302,3172.534839,healthy,0,0,0,0,-3.028258,0.095039,0.360747,0.627896,-0.152598,0.019404,-0.002851,-0.059266,1.0,198.935
214,cruise,3808.71248,76.240188,50.212066,89.979705,178.439085,650.703551,27.205273,0.235982,10.251221,18.41017,3119.948433,healthy,0,0,0,0,-1.760167,0.333155,0.057847,1.121738,-2.336992,-0.031852,-7.7e-05,0.007645,1.0,198.93
215,cruise,3787.530816,77.738778,50.872556,89.448825,178.880956,652.624369,26.989817,0.246478,10.093651,17.270358,3262.677809,healthy,0,0,0,0,-2.425333,-0.021928,0.240221,-0.806228,0.615948,-0.028947,-0.007992,-0.065186,1.0,198.925
216,cruise,3788.722244,75.171637,50.289978,90.844613,179.427687,653.643001,27.402982,0.257385,10.09881,18.577136,3152.194001,healthy,0,0,0,0,-0.65912,-0.263011,1.166256,-0.441878,0.131214,-0.366465,-0.010622,0.033252,1.0,198.92
217,cruise,3770.857652,75.851727,50.522265,89.826205,179.014575,648.517348,27.433301,0.242974,10.054116,19.33367,3132.413321,healthy,0,0,0,0,-2.674726,0.376031,0.095987,0.594281,-1.284647,-0.124828,-0.003225,0.055619,1.0,198.915
218,cruise,3792.410622,77.868812,50.462515,90.665048,178.852606,655.465328,27.384716,0.247513,10.1552,19.364173,3186.693532,healthy,0,0,0,0,2.545494,-0.198397,0.230072,-0.051168,-1.772249,0.033313,0.001166,0.031495,1.0,198.91
219,cruise,3781.356081,77.527609,49.435521,89.581233,176.97981,652.68119,27.350982,0.25144,10.101429,17.997037,3201.892453,healthy,0,0,0,0,4.718172,0.186582,-0.147142,-2.040022,0.989421,-0.176442,0.004618,0.057153,1.0,198.905
220,cruise,3803.973607,75.410169,51.128387,90.349342,179.027096,660.47566,27.408308,0.247537,10.125401,18.638592,3366.395374,healthy,0,0,0,0,0.366215,0.056032,-0.694445,0.679919,-0.890822,0.154905,-0.008408,0.001623,1.0,198.9
221,cruise,3797.115016,75.639679,50.753301,90.786262,177.10049,652.194876,26.977426,0.250162,10.265991,18.671373,3208.519508,healthy,0,0,0,0,1.257695,0.095083,0.497743,0.870949,0.771243,0.116666,0.000245,0.152247,1.0,198.895
222,cruise,3805.227673,76.453204,50.164069,90.276769,181.033513,649.190499,26.956607,0.244373,10.249118,17.06561,3013.677135,healthy,0,0,0,0,0.443122,-0.230999,0.988781,1.443277,-1.591855,0.094249,0.002561,0.029258,1.0,198.89
223,cruise,3800.712124,76.176978,50.606414,90.252969,178.10677,655.784463,27.219398,0.243827,10.186276,19.876054,3241.060839,healthy,0,0,0,0,2.284279,-0.020653,-0.438869,1.156909,1.880305,-0.12872,-0.000976,0.073786,1.0,198.885
224,cruise,3823.216957,74.463015,50.41947,90.285082,179.32591,654.700939,27.222488,0.240398,10.194598,17.561157,3226.270969,healthy,0,0,0,0,0.023885,0.459283,-0.428751,-0.225638,-1.48738,-0.113624,0.000122,-0.031239,1.0,198.88
225,cruise,3789.634397,76.516756,50.396002,90.899507,179.845621,654.993222,27.169212,0.257441,9.885123,17.717177,3171.513616,healthy,0,0,0,0,2.158345,-0.380685,0.308889,1.078705,-3.003176,6.8e-05,-0.00734,0.045304,1.0,198.875
226,cruise,3808.645405,76.826802,50.343697,89.960866,179.57113,649.183151,27.306434,0.246351,10.129117,17.491186,3155.713148,healthy,0,0,0,0,1.377472,0.224106,-0.003198,-1.082638,2.027366,-0.285382,-0.007167,-0.053479,1.0,198.87
227,cruise,3825.298333,77.503774,50.433997,89.797301,179.624906,651.537958,27.475978,0.252248,10.052496,19.784975,3113.82012,healthy,0,0,0,0,0.944535,0.392136,0.218905,-0.754489,0.619058,0.006295,0.000609,-0.002215,1.0,198.865
228,cruise,3804.135523,76.784603,50.226463,89.554833,177.4863,650.131128,27.306236,0.25104,10.285159,18.125004,3115.11199,healthy,0,0,0,0,2.156237,-0.368052,-0.12065,-0.845817,0.874839,-0.048606,-0.008296,-0.160833,1.0,198.86
229,cruise,3795.97066,76.345421,50.263031,89.905191,179.211656,652.93484,27.028165,0.249036,9.916562,19.198932,3159.253514,healthy,0,0,0,0,0.162457,-0.196049,0.401926,0.260383,0.77444,0.012958,0.006151,0.025873,1.0,198.855
230,cruise,3795.601553,75.531514,50.128496,90.194479,177.564598,652.244802,27.119853,0.247949,9.918393,18.377837,3140.096165,healthy,0,0,0,0,-4.21103,-0.787795,-0.047878,1.67735,-1.02214,0.303792,0.002027,-0.084978,1.0,198.85
231,cruise,3793.832572,77.138314,50.748877,89.157801,178.481491,655.140485,27.642202,0.254727,10.186699,19.099922,3209.919513,healthy,0,0,0,0,1.769383,-0.131556,1.120429,-0.016114,0.483722,0.053103,-0.000512,-0.108681,1.0,198.845
232,cruise,3839.96167,73.78222,50.216643,90.309844,179.273255,654.210361,27.376623,0.250581,10.286772,17.757603,3088.803606,healthy,0,0,0,0,-3.039434,-0.588797,0.401399,-0.915423,-0.050726,-0.268947,-0.000686,0.004895,1.0,198.84
233,cruise,3809.174298,77.435578,50.588847,91.277715,178.51822,652.677473,27.273566,0.24757,10.146968,19.380653,3112.804484,healthy,0,0,0,0,1.59657,-0.13535,-0.543745,0.379927,2.944007,0.191021,0.00176,-0.026654,1.0,198.835
234,cruise,3786.695347,75.662106,50.331654,90.498193,180.161288,653.96412,27.184884,0.239747,10.14148,20.290109,3116.8493,healthy,0,0,0,0,0.377337,-0.051405,-0.593891,0.381784,-0.255079,0.138237,0.003746,0.034834,1.0,198.83
235,cruise,3808.808224,74.853433,51.414927,90.453763,179.751367,653.398348,27.20026,0.250562,10.355608,18.365523,3197.867206,healthy,0,0,0,0,-2.735401,-0.187303,-0.178357,-0.684117,-0.200934,0.337193,-0.001948,-0.028502,1.0,198.825
236,cruise,3819.780963,76.412875,51.083995,89.352539,179.43034,652.529487,27.096165,0.246558,10.022812,18.587014,3061.248266,healthy,0,0,0,0,2.567184,0.070649,-0.474549,0.737411,-1.178249,-0.304109,0.000555,0.09041,1.0,198.82
237,cruise,3839.473492,76.792462,50.490092,90.151111,178.450596,653.327555,27.02461,0.25322,10.177191,16.510174,3140.307159,healthy,0,0,0,0,-1.654952,-0.932376,-0.410802,0.209355,0.749395,-0.045838,-0.000496,0.034569,1.0,198.815
238,cruise,3824.064542,77.965557,50.570021,91.197886,178.709651,651.277598,26.840131,0.248328,10.477634,20.601025,3200.630323,healthy,0,0,0,0,-2.639959,-0.033509,-0.134257,0.773626,-0.287577,-0.085333,0.001221,0.025625,1.0,198.81
239,cruise,3797.261421,76.518202,50.219554,90.244157,179.384118,649.206308,27.131189,0.24967,10.072061,18.629737,3259.176266,healthy,0,0,0,0,-3.644991,0.082899,-0.021387,0.209097,-0.258843,-0.088488,-0.005014,0.098598,1.0,198.805
240,cruise,3824.393614,75.382427,49.878905,90.290576,178.346469,651.391448,27.405195,0.248402,9.944728,19.649516,3361.977958,healthy,0,0,0,0,3.753876,0.173054,0.508327,1.539717,-0.296298,-0.250314,-0.002766,-0.151906,1.0,198.8
241,cruise,3792.099061,75.125467,50.367765,88.541846,179.624882,649.128225,27.233199,0.262656,10.119134,19.857813,3348.662776,healthy,0,0,0,0,-0.705741,0.284602,-0.130694,0.290478,-1.049434,-0.014865,-0.000802,0.104358,1.0,198.795
242,cruise,3819.082641,75.165156,50.111904,90.302742,179.270558,649.922116,27.072992,0.251629,10.133625,17.354154,3070.421822,healthy,0,0,0,0,-3.413648,0.192164,0.465202,-1.003224,-2.745269,0.082056,-0.005268,-0.031615,1.0,198.79
243,cruise,3799.506412,75.454934,50.82618,89.70137,179.384848,649.300552,27.264909,0.25799,10.355555,17.164003,3157.164651,healthy,0,0,0,0,-3.05424,-0.442378,-0.4275,0.098562,1.084624,-0.1503,0.00187,0.026839,1.0,198.785
244,cruise,3804.101612,75.910204,49.525887,89.596242,177.027334,646.927256,27.162195,0.242076,10.132557,17.657631,3104.2468,healthy,0,0,0,0,3.234267,-0.219287,-0.360039,0.566529,1.208218,0.001722,-0.002309,-0.05255,1.0,198.78
245,cruise,3805.104134,75.464203,50.233734,90.558094,178.602941,654.773611,27.443502,0.242479,9.988373,21.132116,3175.005683,healthy,0,0,0,0,-6.515405,0.189665,0.30037,-1.102967,-0.647504,0.179221,-0.001308,-0.010965,1.0,198.775
246,cruise,3809.817812,77.992196,50.816365,90.321999,178.612866,655.26074,27.451628,0.25355,10.194419,17.937489,3249.373746,healthy,0,0,0,0,-2.278089,0.508902,-0.679248,-0.925627,-0.311328,0.071614,-0.00197,0.001736,1.0,198.77
247,cruise,3798.330773,75.579362,50.480367,89.56089,181.025398,652.284267,27.308795,0.237034,10.304113,17.965841,3173.667541,healthy,0,0,0,0,-0.272569,-0.146647,-0.122009,0.183109,-1.86764,0.078304,0.001186,-0.078887,1.0,198.765
248,cruise,3809.639331,77.216179,50.712556,89.819316,178.410522,651.460936,27.13449,0.251754,10.213223,18.933765,3086.851251,healthy,0,0,0,0,0.822121,-0.288747,-0.474381,0.246914,-2.871769,-0.222888,-0.001523,-0.029221,1.0,198.76
249,cruise,3775.701045,76.089772,50.585503,90.169026,179.284505,651.275171,27.227999,0.246885,10.391105,19.797001,3260.260307,healthy,0,0,0,0,1.661145,0.191787,-0.152676,0.071414,2.467734,-0.073125,0.00192,0.068,1.0,198.755
250,cruise,3803.221426,78.442046,51.337363,89.524214,178.535011,653.699506,27.13543,0.241595,10.262506,16.953297,3193.054215,healthy,0,0,0,0,1.616335,-0.336563,-0.324609,0.179814,-0.605763,-0.116694,0.003575,0.030557,1.0,198.75
251,cruise,3812.907273,75.101379,50.098797,90.264776,178.937811,649.57405,27.608015,0.244393,10.238413,18.675985,3252.933023,healthy,0,0,0,0,1.147277,-0.2062,0.262155,-0.083051,-0.461154,-0.180994,-0.003646,0.021841,1.0,198.745
252,cruise,3848.556833,74.732465,50.37917,89.802478,178.123877,654.749631,27.467064,0.254352,9.901339,19.482103,3276.819136,healthy,0,0,0,0,0.166379,-0.413456,0.192784,1.33775,0.070106,0.056378,0.007657,-0.047565,1.0,198.74
253,cruise,3820.140903,75.484664,50.195206,90.28019,179.151554,654.003285,27.24403,0.248284,9.950809,18.551766,3179.176782,healthy,0,0,0,0,-2.1302,-1.048033,0.9942,-0.451811,0.357008,-0.171593,-0.000539,0.089523,1.0,198.735
254,cruise,3819.631011,76.995049,51.079935,89.183162,178.795761,650.825412,27.315739,0.24854,9.924205,17.848482,3359.283906,healthy,0,0,0,0,-0.972868,-0.236742,0.524666,1.005218,1.993429,-0.107003,0.004429,-0.019753,1.0,198.73
255,cruise,3796.394531,75.202391,50.106608,89.959322,179.990518,651.77617,27.163548,0.248478,10.242486,20.651187,3067.279448,healthy,0,0,0,0,1.828462,0.245904,-0.167196,0.145355,0.739841,0.056571,0.005881,-0.036427,1.0,198.725
256,cruise,3787.251729,75.704623,50.583465,89.677385,180.414777,658.737574,27.477204,0.245593,10.097173,18.187353,3379.17723,healthy,0,0,0,0,-2.265888,0.319876,0.421021,0.287329,1.563838,-0.055937,0.007499,-0.027604,1.0,198.72
257,cruise,3831.96663,75.610292,50.168402,90.132175,179.644846,653.114857,27.358482,0.252131,10.190356,20.587957,3252.119372,healthy,0,0,0,0,1.953023,0.225301,0.023686,-0.843134,-1.752434,0.31474,-0.003739,-0.022316,1.0,198.715
258,cruise,3824.070407,74.537432,50.614637,90.656756,181.069347,652.003621,27.237601,0.249022,10.045113,19.992991,3155.156863,healthy,0,0,0,0,0.994722,0.295302,-0.142762,0.36204,-0.577486,0.162098,0.0041,0.047593,1.0,198.71
259,cruise,3781.203517,72.998716,50.27028,90.30532,180.403587,647.802812,27.374833,0.249731,9.957593,18.678901,3188.392224,healthy,0,0,0,0,2.782386,0.091406,-0.509602,0.448822,0.329249,0.180313,0.002894,0.063579,1.0,198.705
260,cruise,3806.657601,77.547556,50.536747,90.06517,179.380869,650.752171,27.194036,0.255459,10.20325,17.387124,3221.061454,healthy,0,0,0,0,-3.471934,-0.310237,0.366257,0.610791,0.551601,-0.108714,-0.002295,0.034013,1.0,198.7
261,cruise,3818.700027,76.791097,50.481296,88.90808,178.27435,650.543854,27.190256,0.248982,10.136464,17.590352,3208.374099,healthy,0,0,0,0,0.416806,0.159196,0.239487,0.190629,0.862766,-0.343526,0.001215,0.015109,1.0,198.695
262,cruise,3795.971333,76.790393,50.89146,90.657824,180.735407,654.487286,27.465872,0.256751,10.417612,18.843651,3154.039856,healthy,0,0,0,0,-0.380623,0.152102,0.260935,0.012611,1.194857,0.174859,0.002131,0.149149,1.0,198.69
263,cruise,3809.593007,76.249919,50.567276,90.402732,178.449026,657.126192,27.559236,0.252793,10.309781,19.093838,3223.982453,healthy,0,0,0,0,-1.296035,0.28656,0.651639,0.550731,0.679216,0.021944,0.001536,0.008378,1.0,198.685
264,cruise,3799.910144,77.444301,50.944378,89.985138,179.196181,650.767082,27.526856,0.253059,10.104804,19.607542,3152.544144,healthy,0,0,0,0,-2.554124,-0.043929,-0.331149,-0.825996,-0.54638,-0.144458,0.004849,0.007849,1.0,198.68
265,cruise,3814.63605,75.24983,50.534436,90.802629,177.526777,653.67475,27.27329,0.245213,9.956058,18.302454,3207.552919,healthy,0,0,0,0,6.616852,-0.301172,-0.936935,-0.232207,-0.828383,-0.373694,-0.005353,-0.09098,1.0,198.675
266,cruise,3818.223618,75.503417,50.67649,90.109896,178.31202,657.111316,27.320621,0.256001,9.9528,19.002326,3089.857362,healthy,0,0,0,0,-3.546309,-0.037575,0.092175,-1.487079,0.049202,0.052155,0.010807,-0.020926,1.0,198.67
267,cruise,3797.285415,76.502052,50.522303,88.61806,179.905276,648.695082,27.305166,0.249974,10.232611,19.715566,3052.48031,healthy,0,0,0,0,0.56715,-0.490937,-0.889509,0.377942,-1.544079,-0.092894,-0.012512,0.109286,1.0,198.665
268,cruise,3828.83659,77.274274,50.588438,91.06584,179.367167,650.486435,27.186429,0.246935,10.200639,19.180315,3277.659242,healthy,0,0,0,0,-0.410242,-0.113314,1.112416,0.528982,-1.271376,0.14676,0.004843,0.014865,1.0,198.66
269,cruise,3785.845241,75.423772,51.230991,89.411724,178.77356,650.695602,27.096247,0.253952,10.124529,18.717454,3236.838818,healthy,0,0,0,0,-3.350275,0.010305,0.531173,0.291856,0.803724,-0.187373,-0.003392,-0.029135,1.0,198.655
270,cruise,3823.166536,77.066286,50.016196,90.653969,177.406386,649.360284,27.3214,0.257021,9.840689,17.475491,2939.049698,healthy,0,0,0,0,-2.463313,0.652749,-0.310931,1.126311,0.13733,-0.0245,-0.004382,-0.019452,1.0,198.65
271,cruise,3807.224621,78.020876,49.976873,89.975002,177.927571,655.276591,26.867704,0.25249,10.177641,18.761113,3144.596177,healthy,0,0,0,0,-3.203544,0.479451,-0.501698,-0.071823,-2.158416,-0.090108,-0.000804,-0.074383,1.0,198.645
272,cruise,3802.765685,76.015472,50.417597,90.109302,177.358261,654.037896,27.399902,0.247338,10.147361,19.33897,3120.821909,healthy,0,0,0,0,2.379468,0.053132,0.574904,-0.493363,-0.48077,-0.155738,0.008467,0.128984,1.0,198.64
273,cruise,3822.692435,75.835125,50.753561,89.995553,179.162302,655.080272,26.92176,0.245486,10.168741,18.154655,3024.060903,healthy,0,0,0,0,5.760743,-0.479773,0.150148,0.217571,0.60452,-0.03631,0.009706,-0.132341,1.0,198.635
274,cruise,3821.719366,75.810832,50.615012,90.361833,177.026475,654.520241,27.392394,0.245542,9.878708,18.204666,3209.255916,healthy,0,0,0,0,-5.612244,0.715462,-0.353844,-0.04306,-2.306771,-0.000463,0.002362,0.260037,1.0,198.63
275,cruise,3822.986849,77.063789,50.839836,89.547543,180.711143,658.19637,27.463239,0.239523,10.198756,18.640618,3164.621481,healthy,0,0,0,0,1.197753,-0.183075,-0.33123,-0.128897,-3.292939,-0.018548,-0.004943,-0.011031,1.0,198.625
276,cruise,3789.809624,76.066547,50.209917,90.85849,178.85448,650.60487,26.916287,0.252291,10.17496,19.522474,3185.161391,healthy,0,0,0,0,-3.480067,-0.000212,-0.616281,0.368017,-0.155282,-0.132919,-0.002056,0.069623,1.0,198.62
277,cruise,3826.386052,76.356677,50.853884,89.501878,178.036667,652.23183,27.407515,0.24881,10.437191,16.90888,3158.61874,healthy,0,0,0,0,0.557514,-0.611879,-0.060152,0.452524,-1.082829,0.045659,-0.010425,0.083792,1.0,198.615
278,cruise,3794.277438,77.277666,51.29524,89.947498,178.771148,651.68689,27.206027,0.245961,10.068251,18.512146,3053.4657,healthy,0,0,0,0,0.332103,-0.137827,-0.549368,-0.241831,0.95777,-0.063984,0.005777,0.114654,1.0,198.61
279,cruise,3879.05601,78.198432,50.584308,90.000529,180.985059,654.932018,27.382554,0.256157,10.27163,18.536657,3163.547457,healthy,0,0,0,0,-7.008194,-0.084856,0.048947,-0.243084,0.59085,0.120322,0.002979,-0.040867,1.0,198.605
280,cruise,3799.693737,77.635984,51.087101,90.260087,179.190482,653.824629,27.086902,0.251779,10.198124,18.040751,3254.994957,healthy,0,0,0,0,-1.614867,-0.791063,0.632378,0.285734,1.998203,-0.28526,-0.000561,-0.011233,1.0,198.6
281,cruise,3831.59591,76.839123,50.66273,90.155657,176.417515,647.56394,27.034496,0.245932,10.205594,18.018325,3049.299125,healthy,0,0,0,0,0.482917,-0.162355,-0.168148,-0.747261,-0.466944,-0.053274,-0.00244,0.091677,1.0,198.595
282,cruise,3771.301475,78.009438,50.657002,90.10869,180.844213,650.247024,27.494394,0.243869,10.156935,17.280138,2952.45805,healthy,0,0,0,0,3.400114,0.29737,-0.278236,0.454663,3.628752,0.072176,-0.003233,-0.072407,1.0,198.59
283,cruise,3784.554615,75.164752,51.794459,89.402705,180.63404,654.098551,27.056406,0.247008,10.082883,20.215108,3199.353428,healthy,0,0,0,0,-0.029158,-0.276685,-0.829953,-0.404797,1.589415,-0.035493,0.002066,0.045016,1.0,198.585
284,cruise,3788.803514,75.843344,50.873701,90.146413,179.758514,651.692586,27.072331,0.250315,10.160369,19.067459,3144.898096,healthy,0,0,0,0,-2.27952,-0.339591,-0.203396,0.384855,0.915952,0.106443,0.013536,0.050334,1.0,198.58
285,cruise,3785.059947,76.717765,49.730022,90.851855,178.259418,654.173981,27.189853,0.257854,10.056029,17.964824,3180.601162,healthy,0,0,0,0,3.016419,-0.320477,0.904329,0.252794,1.233766,0.039532,0.001566,0.136319,1.0,198.575
286,cruise,3795.385331,75.81749,51.138127,89.748565,177.843133,650.805828,27.371264,0.25437,10.131032,17.832582,3220.238513,healthy,0,0,0,0,-0.790622,-0.09986,-0.61865,1.057385,-0.883117,0.049589,0.00552,0.066072,1.0,198.57
287,cruise,3818.904485,76.893707,51.666352,91.004181,179.193621,653.365091,27.275518,0.24251,10.181677,19.025208,3342.435665,healthy,0,0,0,0,1.78502,0.391759,-0.094274,-1.862947,-1.170647,-0.233376,-0.000571,3.8e-05,1.0,198.565
288,cruise,3829.735575,75.895397,50.008321,90.347752,178.031333,654.568888,27.583921,0.240453,10.237297,18.439182,3110.943978,healthy,0,0,0,0,0.432141,-0.045033,0.142876,0.234907,1.02039,0.072695,0.003669,-0.190041,1.0,198.56
289,cruise,3781.315753,76.640385,49.817929,90.367377,178.876674,651.319989,27.681484,0.25803,10.17223,19.259773,3149.237154,healthy,0,0,0,0,-2.249838,0.44451,-0.073985,0.701575,1.404352,-0.108775,0.002948,-0.012939,1.0,198.555
290,cruise,3816.559259,75.105897,50.868368,89.760059,177.528152,651.444434,27.401275,0.245478,10.222173,19.058194,3323.119775,healthy,0,0,0,0,-1.157176,-0.243683,-0.667663,-0.579119,2.360996,0.379193,0.002269,-0.098322,1.0,198.55
291,cruise,3812.89006,75.21226,50.910508,89.558798,178.586584,653.058575,27.368349,0.25835,10.01768,19.508264,3098.958202,healthy,0,0,0,0,-1.093073,0.45913,-0.14259,-0.271779,2.035895,-0.126287,0.008385,-0.048797,1.0,198.545
292,cruise,3825.619348,76.537088,50.69103,89.57659,177.874394,653.740035,27.495043,0.256824,10.33147,19.218906,3151.011162,healthy,0,0,0,0,0.83301,0.051853,0.928758,-0.739125,0.264048,-0.129286,0.004366,-0.089352,1.0,198.54
293,cruise,3820.003828,76.360567,50.123553,90.227307,181.455299,653.00968,27.178761,0.25101,10.201342,19.37185,3187.036522,healthy,0,0,0,0,2.303721,-0.15345,0.004134,1.19977,1.653803,0.09457,-0.007534,-0.111201,1.0,198.535
294,cruise,3810.192045,76.254153,50.483734,90.501316,178.725587,653.958803,27.355008,0.253926,10.250026,19.717193,3222.962452,healthy,0,0,0,0,2.738642,0.178029,1.308683,-0.023399,0.89428,0.284519,0.001266,0.046993,1.0,198.53
295,cruise,3833.170261,77.468354,50.805498,89.137705,178.250669,655.151285,27.077165,0.250842,10.156318,18.382464,3441.583179,healthy,0,0,0,0,-0.435051,-0.111979,0.455029,-0.064125,-1.936066,-0.047983,0.006619,0.079333,1.0,198.525
296,cruise,3786.343299,75.915691,50.777886,90.558305,179.81367,652.85872,27.284673,0.255327,10.138972,19.074657,3153.493229,healthy,0,0,0,0,1.664851,0.327766,-0.153549,0.825501,-0.75993,0.075502,-0.004168,-0.019192,1.0,198.52
297,cruise,3824.427418,76.4855,51.351355,89.329937,179.893022,653.157163,27.105421,0.258871,10.251053,19.514064,3319.457293,healthy,0,0,0,0,-1.062263,0.23434,0.646338,0.359066,0.161033,0.069781,-0.007128,-0.061435,1.0,198.515
298,cruise,3807.749551,74.964571,51.835524,90.55157,177.417107,656.167379,27.566945,0.246281,10.391133,18.276187,3062.6026,healthy,0,0,0,0,1.316162,-0.767641,-0.891914,0.864726,0.596785,0.024149,0.00685,-0.005545,1.0,198.51
299,cruise,3795.539226,77.081081,50.305296,89.735357,179.448983,652.809822,27.504735,0.254541,10.233282,19.450025,3063.3147,healthy,0,0,0,0,-1.716922,0.315367,0.038215,0.437038,-0.728469,-0.333325,-0.008122,0.064351,1.0,198.505
300,cruise,3819.44022,75.69821,50.83779,90.599792,179.265016,653.865005,27.122012,0.249126,10.401037,18.356827,3155.441522,healthy,0,0,0,0,-1.009664,-0.673687,-1.033901,-0.001403,1.422563,0.215595,0.004459,0.135758,1.0,198.5
301,cruise,3776.917684,75.853153,50.536282,90.113396,180.44794,651.557275,27.268323,0.249607,10.124456,19.960367,3084.743518,healthy,0,0,0,0,3.602958,0.288607,-0.361664,0.99028,1.705034,-0.154641,-0.002361,-0.165756,1.0,198.495
302,cruise,3809.140571,77.439692,50.609669,90.318354,178.419064,655.942705,27.1284,0.246659,10.274902,19.848269,3150.174111,healthy,0,0,0,0,-0.902422,0.206896,-0.200724,-1.055648,-1.515608,-0.16375,-0.006749,-0.018067,1.0,198.49
303,cruise,3839.132157,77.930039,50.84892,91.039912,179.747818,654.072371,27.252435,0.248165,10.166582,16.858653,3138.24673,healthy,0,0,0,0,5.903617,-0.210415,-0.203101,0.147275,-0.321996,0.159202,-0.001722,-0.011469,1.0,198.485
304,cruise,3792.361124,78.245494,50.299305,91.004059,178.740293,657.67079,27.424456,0.252764,10.088405,20.79661,3175.089111,healthy,0,0,0,0,5.765175,0.348527,-0.128953,-0.211798,-3.048175,0.237327,-0.002965,0.02672,1.0,198.48
305,cruise,3769.129423,76.896338,49.626615,90.18326,178.822595,653.3089,27.210155,0.247281,10.122628,17.277377,3207.048679,healthy,0,0,0,0,-0.21086,-0.197912,-0.173853,-0.242197,-0.716687,0.11455,-0.003548,-0.031435,1.0,198.475
306,cruise,3781.434002,75.122781,50.15568,90.476627,179.187125,654.228804,27.320467,0.244769,10.178042,19.599497,3247.83569,healthy,0,0,0,0,2.715225,-0.848938,-0.906415,-0.733109,-0.257617,-0.002919,0.010524,-0.137132,1.0,198.47
307,cruise,3834.408583,74.498133,50.036066,90.57023,178.800898,653.083741,27.210675,0.250767,10.150674,19.167441,3113.665174,healthy,0,0,0,0,-0.243655,0.798129,0.21421,-0.758359,2.329526,-0.062671,0.001967,0.056273,1.0,198.465
308,cruise,3830.523747,76.565047,50.034077,89.808443,177.420087,651.473679,27.462638,0.241658,10.154786,17.516626,3295.997333,healthy,0,0,0,0,-2.042666,-0.211704,0.151104,-0.201516,1.198682,0.094885,-0.002931,-0.078752,1.0,198.46
309,cruise,3798.413793,76.413883,50.480432,88.950611,177.997751,656.647187,27.289221,0.244359,9.87136,17.850811,3200.128622,healthy,0,0,0,0,4.215686,0.097976,0.975775,0.443134,3.523006,-0.024535,0.00462,-0.092264,1.0,198.455
310,cruise,3830.548204,75.946472,50.18277,91.46572,179.796077,654.791286,27.294077,0.250643,10.408985,17.847996,3134.821535,healthy,0,0,0,0,1.704436,0.39163,-0.319195,0.119245,-0.900515,-0.015195,0.009956,-0.038183,1.0,198.45
311,cruise,3787.541593,77.386422,50.346136,90.349858,178.821601,651.03282,27.21722,0.255673,10.316925,18.421409,3280.261159,healthy,0,0,0,0,6.012368,-0.067831,0.88582,-0.139624,-0.447675,-0.186334,0.015818,-0.035436,1.0,198.445
312,cruise,3800.344825,75.279675,49.978212,89.812182,178.870655,649.396328,27.541465,0.236691,10.133303,16.646731,3205.164773,healthy,0,0,0,0,-1.267656,-0.012742,-0.068367,1.388633,-0.006659,0.10937,-0.005164,0.138015,1.0,198.44
313,cruise,3804.087367,76.566,51.289288,89.725176,179.071606,651.586629,27.232677,0.244679,10.015658,19.255703,3364.577835,healthy,0,0,0,0,2.162783,-0.461877,-0.876454,-1.802305,-0.61937,-0.074476,-0.002827,-0.004905,1.0,198.435
314,cruise,3803.523712,77.287718,50.595874,89.887202,178.794073,654.030613,27.168719,0.248675,10.344484,19.599429,3105.191272,healthy,0,0,0,0,1.537991,0.132225,-0.345701,-0.080929,-1.09962,-0.048954,-0.000483,-0.004827,1.0,198.43
315,cruise,3811.509948,76.885489,50.723428,89.759623,179.132834,655.439722,26.925504,0.250932,10.309364,19.297715,3144.284119,healthy,0,0,0,0,-1.549072,0.267463,-0.404105,-1.41346,-0.84037,0.274748,-7.8e-05,-4.5e-05,1.0,198.425
316,cruise,3794.686235,76.882315,51.051363,90.887739,180.494788,657.582392,27.291286,0.243231,10.204434,17.659432,3002.393819,healthy,0,0,0,0,3.314456,0.316063,-0.335106,-0.768787,2.235464,-0.080711,-0.007228,-0.166015,1.0,198.42
317,cruise,3831.716051,74.950068,50.902916,90.401851,179.161394,651.625585,27.33956,0.237945,10.177272,19.680268,3196.01952,healthy,0,0,0,0,3.581829,0.173967,0.137183,0.277209,0.118443,0.069793,0.002792,0.057544,1.0,198.415
318,cruise,3814.528769,76.331173,50.687563,89.54074,178.947733,652.86295,27.217225,0.251288,10.36743,16.996378,2944.919677,healthy,0,0,0,0,1.696711,-0.386512,-0.364512,-0.559789,1.574123,-0.026121,-0.002857,0.073055,1.0,198.41
319,cruise,3779.217946,78.124645,51.17623,90.424441,179.329825,650.717797,27.352517,0.253717,10.295711,19.313037,3102.15241,healthy,0,0,0,0,-3.781611,-0.881132,-0.550085,-2.260986,-0.372846,0.262661,-0.003018,-0.083229,1.0,198.405
320,cruise,3791.35998,76.321366,50.710595,89.641705,178.913682,653.899526,27.185296,0.253686,10.115219,19.055234,3111.267894,healthy,0,0,0,0,2.598783,0.149701,0.451004,-0.642804,3.915138,-0.091085,0.009811,0.038591,1.0,198.4
321,cruise,3803.334478,77.490366,50.89305,89.482635,179.549095,654.485764,27.417297,0.241426,10.01737,18.473247,3075.256559,healthy,0,0,0,0,-3.812325,0.173475,0.433677,-1.410728,0.880156,-0.032974,0.000876,-0.029534,1.0,198.395
322,cruise,3793.335333,76.320653,50.636692,89.552282,180.322741,653.043573,27.200629,0.247593,9.98483,18.917496,3268.032988,healthy,0,0,0,0,-3.795361,-0.129988,0.668003,-0.531006,-0.871855,0.157934,-0.001273,-0.057793,1.0,198.39
323,cruise,3797.852005,76.158634,51.105399,90.079226,179.92269,656.052329,27.351191,0.241054,10.142385,20.072789,3208.651278,healthy,0,0,0,0,0.031893,-0.260516,-0.023834,2.435057,-0.791241,-0.081814,-0.004632,-0.030683,1.0,198.385
324,cruise,3777.885678,75.820429,50.541025,90.662355,180.017481,652.345297,27.293939,0.247539,10.133625,18.892812,3101.408501,healthy,0,0,0,0,-4.800077,0.11124,-0.228931,0.266669,0.585369,0.051687,0.007316,-0.001637,1.0,198.38
325,cruise,3791.96857,76.693316,50.409063,90.652638,180.093867,650.960192,27.28542,0.240449,9.954967,18.316009,3222.49942,healthy,0,0,0,0,1.566446,0.27731,-0.398194,1.053191,1.630819,-0.065312,0.007273,-0.05557,1.0,198.375
326,cruise,3799.565727,75.046742,51.333263,90.25055,179.861095,651.070912,27.20054,0.250533,9.919928,18.226395,3085.320779,healthy,0,0,0,0,2.575884,0.323971,0.386251,1.542502,-1.075898,-0.006164,-0.003532,-0.114052,1.0,198.37
327,cruise,3829.716253,76.46037,50.407011,89.910088,179.54317,650.661184,27.427387,0.243675,10.279957,18.378894,3006.006877,healthy,0,0,0,0,-0.690802,-0.330643,-0.252014,0.432051,0.781969,-0.057312,-0.00397,-0.041235,1.0,198.365
328,cruise,3767.545198,75.711265,49.789337,90.014868,177.726028,654.35483,27.536163,0.250979,10.102105,18.188928,3143.19606,healthy,0,0,0,0,3.961489,0.415249,0.112699,-0.106386,-3.636727,-0.316009,-0.000678,-0.018405,1.0,198.36
329,cruise,3798.423012,75.558744,51.045068,89.483701,178.467973,653.190205,27.433618,0.254018,10.232717,19.365691,3120.092451,healthy,0,0,0,0,4.248783,0.642241,-0.094958,-0.720318,1.927662,-0.140575,0.002295,0.039208,1.0,198.355
330,cruise,3794.430697,77.608893,50.957841,90.80822,179.001031,657.4844,27.253872,0.263861,10.37445,17.017909,3188.317244,healthy,0,0,0,0,5.808769,0.522524,-0.856703,1.100001,-1.479249,0.189631,-0.004497,0.085179,1.0,198.35
331,cruise,3830.411265,77.588729,50.878185,90.589348,178.365069,652.996479,27.510431,0.244209,10.283814,19.458897,3281.563688,healthy,0,0,0,0,3.837986,-0.218104,0.278279,1.127224,1.555767,-0.151538,0.000431,-0.144824,1.0,198.345
332,cruise,3779.989339,76.351532,50.75457,89.531931,177.382541,654.056538,27.414326,0.259385,10.2292,18.124075,3245.17555,healthy,0,0,0,0,-2.981227,-0.22745,-0.235151,0.039143,-1.512345,-0.118157,-0.003913,-0.15237,1.0,198.34
333,cruise,3800.362016,78.635319,50.163008,88.518541,179.062589,654.688135,27.621382,0.247567,10.181945,20.510911,3109.874282,healthy,0,0,0,0,-2.277362,-0.121524,0.049719,0.0481,1.321168,0.198286,-0.000573,0.004157,1.0,198.335
334,cruise,3820.143991,77.350308,50.415846,90.396106,179.482184,650.27693,27.482071,0.255463,10.228309,20.153855,3327.529219,healthy,0,0,0,0,3.830771,0.417402,-0.08641,-0.057886,1.620521,0.03034,-0.003855,0.009622,1.0,198.33
335,cruise,3780.489647,77.753619,50.410542,89.910657,177.469695,661.188659,27.322043,0.26186,10.015525,19.293165,3246.421648,healthy,0,0,0,0,-2.717205,0.061569,-0.48024,-1.147962,-1.087237,0.191527,0.000969,-0.113191,1.0,198.325
336,cruise,3791.374911,75.982216,50.449852,91.114179,178.737233,655.610707,27.40347,0.247656,10.17819,17.762528,3177.426725,healthy,0,0,0,0,-1.473116,0.12155,-0.20327,-0.395433,3.835308,-0.201641,0.001883,-0.021506,1.0,198.32
337,cruise,3784.792445,77.37663,51.48655,89.629928,178.113684,652.134314,27.331515,0.256341,10.165893,18.26552,3180.05872,healthy,0,0,0,0,-2.061109,-0.162296,-0.305795,1.265098,-0.065632,0.220917,-0.002258,0.09968,1.0,198.315
338,cruise,3801.987532,76.472739,50.363771,90.313461,178.971292,652.415844,27.358735,0.253631,10.10903,20.098488,3153.028917,healthy,0,0,0,0,0.89253,0.188622,0.511622,-0.913551,0.524221,0.039824,-0.002485,-0.151518,1.0,198.31
339,cruise,3814.93616,77.194488,50.587767,90.006239,179.03554,651.8246,27.420138,0.244214,10.285278,18.359725,3136.036592,healthy,0,0,0,0,-1.273087,-0.665699,0.23316,-0.792685,-0.664411,0.112373,-0.004044,-0.084447,1.0,198.305
340,cruise,3789.094037,75.708424,50.35248,89.634214,179.38173,653.842383,27.192959,0.250398,10.208812,18.844627,3365.735883,healthy,0,0,0,0,-0.414554,-0.427611,0.166698,0.06402,-1.83579,0.083593,0.005817,0.054013,1.0,198.3
341,cruise,3819.813175,75.234312,50.127075,90.020738,179.710512,655.221739,27.189356,0.251193,10.599139,20.683282,3209.920191,healthy,0,0,0,0,-2.97489,0.114084,-0.81355,0.006974,-0.779674,-0.022952,-0.002805,0.106689,1.0,198.295
342,cruise,3781.185137,75.778078,50.641504,89.893194,178.436998,653.036588,27.281318,0.249922,10.315322,19.000562,3171.683605,healthy,0,0,0,0,1.736197,-0.225072,-0.517057,-0.638932,-0.623224,-0.098217,0.003502,0.011298,1.0,198.29
343,cruise,3795.048822,74.456387,50.401235,90.009322,178.469913,647.046468,27.015617,0.246408,10.018612,18.056974,3185.56408,healthy,0,0,0,0,-0.546253,-0.182459,1.239825,-0.035946,-0.865315,-0.144175,0.005935,0.083892,1.0,198.285
344,cruise,3811.030465,75.209525,50.860668,89.606999,180.294093,652.224202,26.914408,0.262905,10.147311,19.553831,3158.618457,healthy,0,0,0,0,-6.04263,-0.086308,-0.289773,-0.052062,0.650114,0.28989,0.003594,0.025026,1.0,198.28
345,cruise,3814.778054,76.283858,50.812406,90.637455,177.945964,652.168361,27.30293,0.255088,10.195294,17.09107,3191.453809,healthy,0,0,0,0,-0.144318,-0.172773,0.220483,0.474374,1.880087,0.262465,0.008521,0.019132,1.0,198.275
346,cruise,3822.224397,75.334568,50.864005,89.782431,178.351219,652.199147,27.292711,0.249065,10.390951,16.568349,3112.954304,healthy,0,0,0,0,-1.395885,0.306394,-0.347362,0.408243,-0.355457,0.106359,-0.001035,0.065218,1.0,198.27
347,cruise,3783.60566,77.402123,49.969988,89.809341,177.833679,653.763063,27.46632,0.249359,10.135948,20.012303,3183.183267,healthy,0,0,0,0,-2.290752,-0.146964,1.008785,-0.60415,-0.86555,0.092815,0.00219,-0.063999,1.0,198.265
348,cruise,3810.225584,74.733948,50.392036,90.082931,180.499361,655.490616,27.575157,0.242948,9.879563,17.948506,3115.573164,healthy,0,0,0,0,4.480733,-0.190257,-0.34546,0.559501,1.182144,-0.064504,0.007728,0.092154,1.0,198.26
349,cruise,3804.250014,75.67443,50.34978,90.440532,178.73882,651.376499,27.393461,0.247439,10.250986,19.939033,3156.722923,healthy,0,0,0,0,-4.540303,0.19723,0.45671,-0.703709,-0.215242,-0.124527,-0.004672,-0.039118,1.0,198.255
350,cruise,3814.131046,75.979728,50.421286,90.627568,179.828805,650.179746,27.581227,0.250502,10.239279,18.360261,3241.058086,healthy,0,0,0,0,2.716024,-0.410848,0.654724,0.663336,0.080093,0.297723,0.003713,0.063543,1.0,198.25
351,cruise,3808.409432,77.971967,50.437049,89.525064,180.741864,653.588349,27.622652,0.251553,9.92178,19.781792,3085.525673,healthy,0,0,0,0,1.385225,-0.568737,-0.297669,-0.789818,0.110174,0.181475,-0.001538,-0.125128,1.0,198.245
352,cruise,3817.922001,75.100489,51.173952,90.024061,179.571001,653.097497,27.472084,0.258722,10.247235,20.018248,3302.158157,healthy,0,0,0,0,-0.012723,-0.453356,0.028749,0.241675,0.259986,0.069436,-0.001364,-0.139961,1.0,198.24
353,cruise,3836.50305,75.153642,50.134453,90.112519,179.65944,654.338656,27.14625,0.242873,9.934845,20.146971,3209.860392,healthy,0,0,0,0,5.017926,0.049874,0.445151,-0.368832,2.753968,-0.127064,-0.003764,-0.063256,1.0,198.235
354,cruise,3781.049318,74.745312,50.917064,91.074012,179.929633,656.528277,27.449845,0.252909,10.041393,18.987505,3055.659166,healthy,0,0,0,0,-0.982665,-0.529768,-0.665911,0.065005,2.136342,0.007453,-0.008035,-0.062042,1.0,198.23
355,cruise,3798.134851,76.287845,50.595544,90.988553,178.453276,652.977775,27.261325,0.240947,10.098809,19.646452,3133.528995,healthy,0,0,0,0,0.608063,-0.458738,0.046373,0.948615,1.126451,-0.057994,-0.007172,0.252726,1.0,198.225
356,cruise,3810.446827,73.281688,50.999122,91.208123,180.119232,652.037321,27.030438,0.245841,10.249828,19.831422,3249.070483,healthy,0,0,0,0,7.405685,-0.089193,-0.004096,0.310743,-0.295945,0.017671,0.00102,0.030309,1.0,198.22
357,cruise,3809.334817,75.239982,50.266692,89.725159,179.601991,654.918357,27.088616,0.252451,10.008714,19.819478,3278.583815,healthy,0,0,0,0,2.403049,0.441296,0.166358,0.913542,1.183923,0.14317,-0.00198,0.096002,1.0,198.215
358,cruise,3786.331064,78.266902,51.210998,91.179526,179.485672,656.108023,27.339617,0.250698,10.181162,19.519715,3164.021298,healthy,0,0,0,0,-0.795841,-0.223335,0.497924,-1.776596,-1.256888,-0.068153,-0.000106,-0.019236,1.0,198.21
359,cruise,3781.065415,76.524399,50.080441,89.830424,178.265104,654.694531,27.305623,0.247337,10.287616,18.536073,3262.032742,healthy,0,0,0,0,2.808257,0.454012,0.165718,-0.581037,0.449479,-0.075858,0.001457,0.06717,1.0,198.205
360,cruise,3796.512188,76.145512,50.159752,90.215253,177.53606,652.879015,27.259323,0.248545,10.400589,19.299615,3122.311551,healthy,0,0,0,0,-0.629915,-0.689365,-0.305589,0.684961,0.649116,-0.136157,0.002777,-0.042688,1.0,198.2
361,cruise,3800.55635,75.583452,50.490082,91.099087,179.194976,653.937751,27.378854,0.254748,9.948305,19.448954,3384.630976,healthy,0,0,0,0,-1.550907,-0.77337,-0.391056,-0.653598,0.772855,-0.083583,-0.008865,-0.01037,1.0,198.195
362,cruise,3807.528127,77.719444,50.646838,89.879103,179.03787,655.621585,27.423398,0.248823,10.090898,18.032705,2989.818676,healthy,0,0,0,0,-4.211677,-0.25525,0.017155,-1.496312,1.00489,-0.160369,0.012277,-0.072851,1.0,198.19
363,cruise,3791.437986,75.735209,50.338161,91.015099,178.965489,655.137797,27.093515,0.247573,10.177349,17.257934,3112.912494,healthy,0,0,0,0,-3.090592,0.42857,-0.174359,-0.194637,0.44817,-0.012047,-0.003544,-0.187365,1.0,198.185
364,cruise,3813.583971,75.412234,50.481243,90.517111,179.032267,651.236534,27.314638,0.240828,10.039308,16.999758,2975.700037,healthy,0,0,0,0,-0.727667,0.3256,-0.317279,-0.26861,-0.125658,0.044711,0.007584,-0.104753,1.0,198.18
365,cruise,3806.657341,75.871849,50.616858,90.148297,179.308848,659.039083,27.526856,0.245849,10.448456,18.137966,3001.564435,healthy,0,0,0,0,0.114271,0.351974,0.411358,-0.721181,-2.935496,-0.08305,0.006218,-0.084145,1.0,198.175
366,cruise,3786.285023,75.165614,51.113961,88.797341,180.470902,653.876365,27.146392,0.244966,10.121087,18.269272,3206.313947,healthy,0,0,0,0,-1.745875,-0.093175,-1.160334,0.00108,0.015361,0.043841,0.002393,0.006712,1.0,198.17
367,cruise,3798.269038,75.927471,51.145915,90.269068,176.800358,658.112058,27.401934,0.249391,10.089224,17.995846,3074.60924,healthy,0,0,0,0,-2.528869,0.478179,0.221263,-0.750389,-1.855555,-0.150801,0.00299,0.001133,1.0,198.165
368,cruise,3803.649781,76.921557,50.156859,90.443484,181.236258,655.808224,27.64086,0.243241,10.055063,18.914477,3215.786389,healthy,0,0,0,0,-0.120951,-0.115656,0.296623,0.38785,-0.56034,0.011901,-0.001028,0.114046,1.0,198.16
369,cruise,3804.899703,76.184792,50.76627,89.89298,178.458473,656.793863,27.696368,0.249502,9.799174,19.679725,3394.274377,healthy,0,0,0,0,0.43954,0.200681,0.749344,0.796323,-0.000203,0.340654,-0.008147,-0.129779,1.0,198.155
370,cruise,3804.081481,76.201524,50.796274,89.554509,178.38895,654.706181,27.317951,0.248748,9.71881,18.986523,3300.580197,healthy,0,0,0,0,1.698964,-0.43424,0.05453,0.413832,-1.14295,-0.029403,0.008299,0.147578,1.0,198.15
371,cruise,3812.906258,77.4001,50.713357,89.529743,178.739461,656.242125,27.197872,0.248858,10.172116,18.001045,3174.399044,healthy,0,0,0,0,3.416583,0.154405,0.196362,0.849388,3.679654,-0.088688,-0.004214,0.084785,1.0,198.145
372,cruise,3796.935166,77.258455,50.099243,89.762819,177.948303,651.581802,27.459687,0.246018,10.268002,19.5612,3207.396855,healthy,0,0,0,0,0.874018,0.448165,-0.229347,0.155538,-1.296869,0.066475,-0.003712,0.053297,1.0,198.14
373,cruise,3818.318587,77.585881,50.780106,90.820987,179.602652,658.522669,27.039451,0.251973,10.121529,17.343151,3322.315773,healthy,0,0,0,0,3.977116,0.23447,-0.500336,-0.11876,-1.030593,-0.163647,0.008124,-0.002342,1.0,198.135
374,cruise,3799.391288,77.616932,51.440798,90.093731,178.802277,654.378331,27.851297,0.254807,10.115059,19.147008,3204.368325,healthy,0,0,0,0,-3.807986,-0.173974,0.369309,-0.157567,0.699502,-0.049792,0.004575,-0.13107,1.0,198.13
375,cruise,3799.225477,77.496352,50.473846,90.0889,179.521931,651.207119,27.585026,0.259624,10.090959,18.664868,3361.891004,healthy,0,0,0,0,-2.699878,0.490785,-0.812984,-0.073099,-0.491967,0.291096,-0.006107,-0.054607,1.0,198.125
376,cruise,3796.523165,75.610576,50.991598,89.921621,179.456779,650.659213,27.36743,0.246821,10.086048,18.973161,3237.569471,healthy,0,0,0,0,-0.548098,0.088844,-0.019124,-1.220647,0.562607,0.238467,0.000666,-0.049553,1.0,198.12
377,cruise,3820.846269,74.61071,49.884452,91.019991,179.39747,651.793976,27.183124,0.247504,10.143926,18.407104,3212.506401,healthy,0,0,0,0,1.768153,-0.119766,-0.290883,-0.305195,0.824559,-0.014657,0.0027,0.048371,1.0,198.115
378,cruise,3822.132035,76.428185,50.658809,90.396825,179.561091,654.116582,27.460556,0.243438,9.935809,18.417621,3365.658134,healthy,0,0,0,0,-1.907508,-0.168825,-0.604706,-0.636488,-0.79984,-0.116085,-0.000225,-0.027845,1.0,198.11
379,cruise,3804.140897,76.699554,50.083315,90.253067,177.336781,653.468193,27.027121,0.250792,10.166128,19.674989,3198.291597,healthy,0,0,0,0,4.797405,-0.055727,0.477573,-0.509796,2.923502,-0.172865,-0.000843,0.021937,1.0,198.105
380,cruise,3816.00743,77.502387,50.924469,89.191829,181.210314,649.85843,27.619712,0.244328,10.246061,19.805132,3217.915908,healthy,0,0,0,0,4.08106,1.040921,-0.373908,0.052581,-0.313824,-0.112111,-0.007377,0.103159,1.0,198.1
381,cruise,3802.87222,76.092647,50.486148,90.701484,179.536265,653.107139,27.45802,0.253004,10.098026,19.238461,3223.094788,healthy,0,0,0,0,0.221143,-0.294859,-0.635639,0.290708,0.061878,-0.050634,0.006417,-0.0643,1.0,198.095
382,cruise,3803.524861,75.743692,50.813794,90.437503,180.373458,654.439551,26.716455,0.255776,10.304551,18.457239,3137.912547,healthy,0,0,0,0,-1.190637,-0.463428,0.602837,0.307418,1.09091,0.146153,-0.001699,0.008182,1.0,198.09
383,cruise,3822.785363,77.007951,50.904351,90.412795,178.337464,650.794985,27.362332,0.249938,9.942029,18.674552,3209.277487,healthy,0,0,0,0,2.702089,-0.442997,0.884251,-0.771785,-2.070848,-0.167549,-0.00268,-0.032932,1.0,198.085
384,cruise,3790.716984,76.221865,50.450295,88.901629,177.586294,648.689588,27.17087,0.246986,10.122883,18.936475,3107.391028,healthy,0,0,0,0,-3.259691,0.483275,0.600158,0.273408,0.362841,0.167002,-0.006006,0.074794,1.0,198.08
385,cruise,3777.894027,77.572827,50.919025,91.065433,179.952984,654.212883,27.036508,0.251847,10.150406,17.536636,3173.461455,healthy,0,0,0,0,-0.486329,-0.406801,0.108845,-1.377185,-0.836015,-0.086344,-0.002037,-0.050427,1.0,198.075
386,cruise,3789.448782,75.825252,50.559114,90.029074,179.171644,649.27731,27.318426,0.250045,10.178164,17.61719,3139.973497,healthy,0,0,0,0,-3.759238,-0.532035,0.883964,-1.165134,-0.282949,0.042973,-0.010331,-0.004735,1.0,198.07
387,cruise,3791.230555,74.942202,50.469468,90.244381,179.045374,654.32903,27.440807,0.245213,10.252585,18.537909,3216.609016,healthy,0,0,0,0,4.858012,-0.739743,-0.256859,0.21385,-1.013769,-0.039435,0.008744,-0.006093,1.0,198.065
388,cruise,3812.886121,77.289565,50.404372,90.983869,177.390709,644.25544,27.524553,0.245442,10.17585,20.806173,3224.827351,healthy,0,0,0,0,-2.668004,-0.084486,0.553197,0.429233,-1.878513,0.172453,0.000645,-0.046068,1.0,198.06
389,cruise,3789.722674,77.217853,49.506609,89.221753,178.975086,652.121659,27.240224,0.246403,10.324541,18.724478,3312.77994,healthy,0,0,0,0,2.760595,-0.151483,0.79359,0.090244,-0.966414,-0.38556,-0.008671,0.036517,1.0,198.055
390,cruise,3820.718207,77.659084,49.47038,91.177419,179.466817,649.91551,27.237051,0.251726,9.873661,17.843985,3229.284369,healthy,0,0,0,0,6.185871,-0.018156,-0.466763,0.09985,-0.38359,-0.16622,-0.002425,-0.02474,1.0,198.05
391,cruise,3789.091067,74.001087,50.787286,90.707784,180.387437,653.909629,27.391755,0.251038,10.240677,17.92635,3322.476533,healthy,0,0,0,0,2.327529,-0.080921,-0.131718,-1.617788,1.984586,-0.276037,0.004454,-0.045408,1.0,198.045
392,cruise,3838.7944,75.779487,50.373829,90.013914,179.665314,657.329468,27.489143,0.25283,10.051671,18.185124,3263.852621,healthy,0,0,0,0,-4.100639,-0.283688,0.099664,0.742578,0.634278,0.071238,-0.001287,-0.118412,1.0,198.04
393,cruise,3816.419298,75.722228,49.999586,89.402851,179.472184,650.310693,27.502487,0.248991,10.02452,19.179263,3165.458637,healthy,0,0,0,0,1.049849,0.510237,-0.403171,0.340756,1.723316,0.043528,-0.000982,0.100059,1.0,198.035
394,cruise,3803.230496,76.637413,50.908677,90.558763,180.307938,653.335236,27.246968,0.245397,10.403113,19.229459,3197.576023,healthy,0,0,0,0,-2.891837,-0.458878,0.028772,-1.325819,-0.174153,-0.004842,0.005565,0.038629,1.0,198.03
395,cruise,3785.384417,75.273168,50.733941,89.872055,178.436689,654.943147,27.125791,0.241554,10.169734,19.187449,3389.554168,healthy,0,0,0,0,-1.913728,-0.289176,-0.129092,-1.26942,2.342666,0.262219,-0.001601,-0.044266,1.0,198.025
396,cruise,3783.273305,76.773089,50.718623,90.285208,178.535603,654.00546,27.522322,0.250352,10.180901,16.035485,3100.16862,healthy,0,0,0,0,-1.768218,-0.723483,0.314495,0.901092,0.5476,-0.10086,0.003716,-0.049179,1.0,198.02
397,cruise,3813.414522,75.486142,51.012331,89.75288,177.490223,652.402147,27.345711,0.24819,10.173564,17.289338,3275.885577,healthy,0,0,0,0,2.588124,-0.24184,0.425114,-0.74908,-0.779012,0.206676,0.002614,0.136321,1.0,198.015
398,cruise,3828.147035,76.50491,50.355237,90.101508,179.291602,658.899124,27.065058,0.254456,10.13643,20.010901,2984.901594,healthy,0,0,0,0,-4.961582,-0.182479,0.454669,0.94104,2.936427,0.040998,0.00254,0.04597,1.0,198.01
399,cruise,3799.123104,76.882829,50.327577,90.873038,177.687117,648.469975,27.45748,0.253444,10.156392,18.799268,3213.620748,healthy,0,0,0,0,-0.971174,-0.836535,0.060071,-0.480802,-2.909139,-0.135017,-0.002859,-0.028256,1.0,198.005
400,cruise,3798.611891,77.002802,50.654442,90.350739,179.664663,647.76221,27.233036,0.251969,10.106002,19.897952,3227.956976,healthy,0,0,0,0,-1.454405,-0.230697,-0.316337,0.067824,-0.345574,-0.244739,-0.012853,0.093687,1.0,198.0
401,cruise,3812.06862,78.163417,49.87116,90.325971,180.9816,654.810214,27.311448,0.250283,10.166513,19.326757,3201.767438,healthy,0,0,0,0,-0.562548,-0.336655,-0.505207,-0.055245,-0.209014,0.064175,0.001137,-0.087799,1.0,197.995
402,cruise,3804.96802,77.030982,49.824745,89.697325,179.977553,649.707001,27.233587,0.250796,10.007082,19.004411,3057.081902,healthy,0,0,0,0,0.813209,0.176085,-0.607907,0.198679,-0.34696,0.02788,-0.007121,-0.003565,1.0,197.99
403,cruise,3815.259356,75.64009,50.810144,90.41798,178.231006,655.436433,27.700748,0.247832,10.100221,18.883073,3095.813095,healthy,0,0,0,0,1.580999,-0.366465,-0.565061,-0.623464,-2.981325,0.044761,-0.002066,0.0809,1.0,197.985
404,cruise,3792.169378,75.241264,50.488186,89.234918,179.176263,648.980115,27.320902,0.24803,10.377583,17.67441,3013.844538,healthy,0,0,0,0,4.146825,0.069801,-0.482492,0.602377,-1.214513,0.139519,0.002057,0.028785,1.0,197.98
405,cruise,3800.029631,76.46616,50.065077,90.836516,178.837854,653.256574,27.406752,0.253946,10.184994,18.63137,3317.706024,healthy,0,0,0,0,-2.872814,-0.668298,-0.142762,0.510017,-0.478904,0.051714,5.5e-05,-0.016217,1.0,197.975
406,cruise,3828.682201,76.533948,51.196575,89.836539,178.948398,652.614886,27.125456,0.241324,10.077781,19.412441,3326.793133,healthy,0,0,0,0,5.509586,0.490674,0.062404,-0.036471,0.672983,-0.170557,-0.007513,-0.060401,1.0,197.97
407,cruise,3828.081703,78.294251,49.705995,90.706352,178.981637,653.762629,26.974816,0.252005,10.148245,18.42144,3201.710394,healthy,0,0,0,0,2.209453,-0.263132,-0.107569,-1.000773,-0.955115,-0.064551,0.00312,-0.063952,1.0,197.965
408,cruise,3813.213242,76.082631,50.755895,90.491948,179.591096,651.193414,27.549587,0.245752,10.223893,17.229287,3161.004002,healthy,0,0,0,0,-8.804238,0.755394,0.950715,-0.317913,-0.311994,0.207494,0.003755,0.032939,1.0,197.96
409,cruise,3787.919383,75.155549,50.175014,90.172598,178.470834,648.363732,27.146043,0.245255,10.06507,18.290838,3203.503186,healthy,0,0,0,0,4.870902,0.196201,-0.464571,-0.647877,0.706572,0.036522,-0.003241,-0.12704,1.0,197.955
410,cruise,3777.475952,76.724389,50.447516,88.821271,179.186523,650.585722,27.446432,0.247374,10.226157,18.31197,3298.198496,healthy,0,0,0,0,-0.0294,0.014933,0.917471,0.546475,-2.413201,0.120496,0.000413,0.09405,1.0,197.95
411,cruise,3781.294641,75.628467,50.087495,90.393524,178.517499,650.691214,27.355049,0.247958,10.153028,19.207059,3266.08143,healthy,0,0,0,0,1.407991,0.581689,-0.073788,0.517224,0.22404,0.377514,-0.00172,-0.016027,1.0,197.945
412,cruise,3813.433359,75.104594,50.261481,91.039069,179.791744,651.566237,27.387139,0.241542,10.279708,19.807689,3272.714199,healthy,0,0,0,0,4.45491,0.199421,-0.279108,-0.088761,0.380071,-0.156255,0.000109,-0.006196,1.0,197.94
413,cruise,3835.044293,77.618801,50.941912,89.783583,179.778384,654.340689,27.038181,0.25334,10.155753,20.447841,3164.164786,healthy,0,0,0,0,1.13384,0.093745,-0.208299,-0.368296,0.407427,0.130798,0.009132,-0.036867,1.0,197.935
414,cruise,3800.75739,75.350022,50.14245,89.595382,179.943651,654.55422,27.576735,0.254155,10.254586,20.0392,3117.949754,healthy,0,0,0,0,7.42495,-0.072159,0.058871,0.184752,-2.324968,-0.106076,-0.016203,-0.076703,1.0,197.93
415,cruise,3808.904877,78.617013,50.49983,90.448139,180.00982,652.770024,27.150481,0.2479,10.0642,18.992525,3242.796067,healthy,0,0,0,0,-0.539235,-0.20001,0.266839,-1.384143,0.457475,-0.000959,-0.007938,-0.066108,1.0,197.925
416,cruise,3795.382452,76.968958,50.58461,89.712667,179.4713,650.669269,27.241352,0.248434,10.007964,18.17837,3078.584575,healthy,0,0,0,0,2.743727,-0.822882,-0.088808,1.053514,0.731125,-0.123076,-0.003582,0.122318,1.0,197.92
417,cruise,3833.594944,78.228121,50.622873,90.898196,179.680623,652.598355,27.230438,0.250628,10.356233,19.081726,3112.494361,healthy,0,0,0,0,2.431643,0.073622,0.83609,0.200514,1.592721,0.193972,-0.000514,-0.032114,1.0,197.915
418,cruise,3793.33841,76.264314,50.167803,90.51984,180.159019,657.011111,27.572374,0.239663,10.107665,18.092203,3193.351945,healthy,0,0,0,0,-0.483534,-0.176684,0.021716,-0.38402,1.358837,-0.348606,0.001427,-0.013724,1.0,197.91
419,cruise,3839.736491,76.674002,50.468516,89.531241,179.047056,653.601782,27.382748,0.236869,9.935378,17.805275,3153.718714,healthy,0,0,0,0,-0.410513,0.312225,0.11638,-0.861315,-0.131802,-0.024909,-0.002674,-0.091465,1.0,197.905
420,cruise,3813.659959,75.894429,50.870257,89.943869,177.167726,649.191104,27.346811,0.249122,10.138942,19.271434,3049.26332,healthy,0,0,0,0,2.086278,-0.448332,0.830025,-0.08412,-0.5463,0.11959,-0.00125,-0.047068,1.0,197.9
421,cruise,3828.131905,74.118755,50.033282,90.389944,179.411542,653.781707,27.315577,0.248674,10.312188,19.295534,3291.883383,healthy,0,0,0,0,0.371859,0.851403,0.516935,0.145077,-0.717354,-0.173807,-0.001457,-0.141093,1.0,197.895
422,cruise,3823.242587,76.891072,49.685536,90.730169,179.6522,656.567233,27.228678,0.253247,10.10535,19.662539,3361.663618,healthy,0,0,0,0,1.877996,-0.185983,-0.750453,0.903308,0.690699,-0.015168,0.001915,0.043666,1.0,197.89
423,cruise,3791.314244,76.248124,50.83191,89.21756,177.465591,653.006486,27.26273,0.249831,10.169588,17.871998,3242.789958,healthy,0,0,0,0,3.142545,-0.013632,0.240936,-1.752136,-0.891869,0.289252,0.000806,-0.039694,1.0,197.885
424,cruise,3856.496068,76.408114,50.514492,89.509957,178.999914,651.43167,27.271825,0.247454,10.03352,19.576132,3326.215735,healthy,0,0,0,0,0.143081,0.434004,-0.006567,-0.280586,-0.514408,0.187482,0.002528,-0.117012,1.0,197.88
425,cruise,3805.513631,75.791873,50.065189,90.76947,179.064028,649.384864,27.039241,0.257692,10.236496,17.722294,3261.447862,healthy,0,0,0,0,1.265906,0.397722,-0.471861,1.092401,0.384724,0.090718,-0.00344,-0.040996,1.0,197.875
426,cruise,3803.968416,75.20331,50.965952,90.202418,179.069809,651.937898,27.344387,0.245271,10.373567,18.529557,3105.885178,healthy,0,0,0,0,-1.389689,0.437873,0.449364,-1.060269,-0.692389,0.239998,0.003652,0.123023,1.0,197.87
427,cruise,3803.093477,76.243584,50.264883,90.264283,179.399061,651.885479,27.283317,0.244884,10.047674,18.744149,3269.888843,healthy,0,0,0,0,-3.425146,-0.235819,-0.159772,-0.188819,-1.929718,-0.016408,-0.00374,0.068437,1.0,197.865
428,cruise,3858.24635,77.155777,50.868757,89.666188,179.286115,653.892338,27.155832,0.243286,10.051172,17.430023,3246.212747,healthy,0,0,0,0,-5.020559,0.143729,0.668773,-0.518519,-0.764322,-0.157894,0.000329,0.03246,1.0,197.86
429,cruise,3782.620423,77.657408,51.206989,89.294459,179.670109,656.466759,27.159659,0.25706,10.148499,18.404331,3371.01093,healthy,0,0,0,0,5.333971,-0.348083,-0.01585,-1.346734,1.422073,0.323081,-0.002078,-0.05082,1.0,197.855
430,cruise,3813.75899,74.035518,51.211504,90.438482,178.923492,654.597387,27.104931,0.247504,9.872131,17.602746,3087.512764,healthy,0,0,0,0,-1.902776,0.112225,0.045824,-0.368584,-0.144047,-0.021874,-0.00084,-0.047936,1.0,197.85
431,cruise,3802.17334,75.744187,51.146572,89.614098,179.532184,655.810311,27.020577,0.250352,10.434004,16.710036,3360.615858,healthy,0,0,0,0,-1.404008,0.05254,-0.597155,0.08457,0.130721,0.186057,-0.001558,0.063261,1.0,197.845
432,cruise,3830.818984,77.069576,49.677372,90.227136,179.10156,652.294515,27.151694,0.241971,10.101511,20.436794,3164.970973,healthy,0,0,0,0,-3.121465,0.124529,0.52642,-1.025477,-2.568416,-0.01212,-0.00191,0.108026,1.0,197.84
433,cruise,3802.397185,75.636024,50.013131,90.386933,179.323907,654.002674,27.432071,0.241886,10.210073,19.270211,3161.285321,healthy,0,0,0,0,0.421635,-0.26725,0.022346,1.119482,-1.262911,0.053903,0.008356,-0.026314,1.0,197.835
434,cruise,3807.187761,75.968985,50.017454,89.966361,181.173257,653.991728,27.45225,0.24788,10.150696,18.108441,3179.273762,healthy,0,0,0,0,-6.689581,-0.152781,0.12217,-0.835644,-0.718473,-0.177656,-0.005476,-0.0288,1.0,197.83
435,cruise,3805.724771,76.704356,50.393725,89.588086,178.854361,648.751108,27.34863,0.247351,10.285129,19.22831,3289.462505,healthy,0,0,0,0,-2.777788,-0.410509,0.368702,-0.494286,-1.905605,-0.084314,0.007225,0.060579,1.0,197.825
436,cruise,3810.467984,77.665845,51.338319,90.395886,177.996684,651.955457,27.280636,0.248222,10.121465,17.526142,3187.84887,healthy,0,0,0,0,1.156755,0.242734,0.782006,-1.63442,1.415326,-0.198865,-0.003601,-0.136486,1.0,197.82
437,cruise,3796.689987,76.735128,50.724552,90.728935,177.919421,654.398351,27.416358,0.25014,10.328249,17.041258,3188.492175,healthy,0,0,0,0,2.614871,0.431373,-0.325091,1.728586,-1.7187,-0.09817,0.007902,-0.018773,1.0,197.815
438,cruise,3811.185231,75.65708,50.76858,89.374426,178.98418,660.023368,27.060253,0.247433,9.959532,19.951269,2930.459213,healthy,0,0,0,0,-0.894843,-0.072925,-0.046303,2.202774,1.510982,0.097881,-0.000584,-0.034428,1.0,197.81
439,cruise,3767.29975,74.905762,51.207126,89.837693,178.295472,653.61193,27.682514,0.25951,10.209695,19.859854,3280.3215,healthy,0,0,0,0,-2.297776,-0.424411,-0.007246,0.758351,-0.398626,0.049104,0.010126,-0.136445,1.0,197.805
440,cruise,3819.095528,76.040132,50.520733,89.902894,178.915916,650.181383,27.291769,0.243203,10.263027,18.848061,3096.76162,healthy,0,0,0,0,6.488315,-0.286299,-0.045836,-0.212737,1.859848,-0.313816,-0.00568,-0.130176,1.0,197.8
441,cruise,3805.083987,77.523825,50.588236,90.826483,178.909605,652.501589,27.111789,0.24774,10.302371,17.335597,3065.362154,healthy,0,0,0,0,0.969618,-0.525692,0.082708,-1.132446,1.874612,-0.14384,-0.000883,-0.169533,1.0,197.795
442,cruise,3791.535784,75.992394,50.233636,89.558194,179.890286,659.904781,27.238253,0.240506,10.065399,19.519464,3199.91676,healthy,0,0,0,0,0.574934,0.254148,0.432319,-0.049538,1.746613,-0.16944,0.000174,-0.056549,1.0,197.79
443,cruise,3768.547583,75.265337,49.820898,89.80618,175.649187,652.085358,27.145059,0.249235,10.059251,17.827917,3220.863025,healthy,0,0,0,0,-2.305483,0.192846,0.207349,0.353254,2.351542,-0.179218,-0.011208,-0.033788,1.0,197.785
444,cruise,3765.157782,75.331958,50.172073,90.686643,180.554868,654.779349,27.645754,0.244695,9.873441,16.936498,3286.312671,healthy,0,0,0,0,-1.122915,-0.012592,0.397732,1.939851,-3.293565,-0.117206,0.005517,0.014267,1.0,197.78
445,cruise,3797.646585,78.210635,51.190039,90.139066,177.440854,651.703164,27.540488,0.252229,10.076826,19.472643,3143.254471,healthy,0,0,0,0,1.661669,-0.510575,0.135834,1.989804,0.467176,0.002726,0.008111,0.040229,1.0,197.775
446,cruise,3805.095968,75.636851,50.476039,90.680354,176.673203,649.540933,27.221304,0.246562,10.268212,18.835767,3233.462882,healthy,0,0,0,0,-2.951176,0.56056,0.214422,-0.45028,0.959282,0.101201,-0.000609,-0.02898,1.0,197.77
447,cruise,3783.80548,74.156615,50.126964,90.307261,180.19726,655.077015,27.191385,0.251699,10.330873,19.720051,3208.466422,healthy,0,0,0,0,3.324009,-1.348178,-0.079318,-1.35479,1.010771,-0.244512,0.006073,0.021276,1.0,197.765
448,cruise,3831.973155,76.489115,50.168171,89.225911,179.375742,655.560882,27.533712,0.251541,10.362558,18.816635,3123.304744,healthy,0,0,0,0,2.860156,0.805391,-0.785472,-1.914139,1.339401,0.105565,-0.00052,-0.015819,1.0,197.76
449,cruise,3789.980682,77.118368,50.379316,90.620421,178.765623,651.945144,26.811375,0.25189,10.253611,18.206539,3195.835701,healthy,0,0,0,0,-1.488309,0.357018,0.597851,2.013877,0.328949,0.199039,0.003383,0.06502,1.0,197.755
450,cruise,3806.707187,76.211085,50.686096,89.868199,179.299286,657.307537,27.345853,0.254281,10.065291,17.260948,3214.882779,healthy,0,0,0,0,-2.383591,0.116904,0.213181,-1.747894,0.579698,-0.094446,0.001853,0.135106,1.0,197.75
451,cruise,3789.53646,76.369178,50.371822,89.316541,176.453651,653.286659,27.391949,0.246012,9.895424,18.377721,3036.301912,healthy,0,0,0,0,-1.48852,0.116447,-0.261902,-0.701652,0.93428,-0.182943,0.006252,-0.023497,1.0,197.745
452,cruise,3832.025291,77.055198,50.307251,90.349106,179.637496,651.940097,27.520811,0.250873,10.200508,17.655702,3248.589393,healthy,0,0,0,0,1.120727,0.18523,-0.100668,0.53095,1.63893,-0.013734,-0.005058,-0.016278,1.0,197.74
453,cruise,3813.888721,74.915269,51.262528,89.091039,178.405842,651.6667,27.294935,0.243982,10.011604,17.595889,3043.188768,healthy,0,0,0,0,-0.729687,0.174101,-0.368186,0.294096,0.731509,-0.22599,0.007395,-0.074646,1.0,197.735
454,cruise,3790.899452,76.23203,49.2234,89.179177,179.207546,651.106028,27.389861,0.246126,10.061855,18.220825,3151.366545,healthy,0,0,0,0,2.076772,0.053771,0.04367,-0.129282,-0.488212,0.161413,0.001784,0.029769,1.0,197.73
455,cruise,3820.587341,76.551734,50.276973,90.373144,178.67914,653.519293,27.06677,0.251981,10.108337,18.229894,3132.322091,healthy,0,0,0,0,6.12699,0.125034,-0.713379,-0.622534,0.072314,-0.193849,0.001449,-0.020725,1.0,197.725
456,cruise,3794.340085,75.892244,50.69921,90.568683,179.379781,654.29751,27.483652,0.250851,10.006671,17.812747,3104.925886,healthy,0,0,0,0,1.995182,0.075263,-0.003076,0.249432,-0.889018,-0.145004,0.001485,-0.015647,1.0,197.72
457,cruise,3774.895503,75.876795,50.627109,89.606211,180.406848,652.006903,27.098351,0.251945,9.899163,17.0028,3167.468725,healthy,0,0,0,0,-5.740914,-0.027154,-1.049818,0.065869,-1.227549,-0.11617,-0.004524,0.082858,1.0,197.715
458,cruise,3828.366342,77.019864,50.895617,89.824274,178.851372,655.068281,27.441826,0.241817,10.021535,20.236648,2997.964944,healthy,0,0,0,0,-1.738956,-0.500037,-0.670136,-0.791266,0.504908,-0.069051,-0.000973,-0.048259,1.0,197.71
459,cruise,3765.469677,75.263706,51.128546,90.107234,178.438602,653.398067,27.016237,0.252474,10.230208,17.317743,3231.877528,healthy,0,0,0,0,-1.596621,0.09574,0.021472,-0.568789,0.139099,-0.078442,0.005517,-0.069291,1.0,197.705
460,cruise,3790.734199,76.834284,50.414845,89.757492,179.134367,655.134764,27.468647,0.25048,10.189921,19.202992,3235.301944,healthy,0,0,0,0,-0.348593,0.397752,-0.193368,-0.20255,-3.705858,-0.237302,0.010598,0.100341,1.0,197.7
461,cruise,3793.320505,75.517096,50.820844,89.458063,178.772793,653.837041,27.23822,0.255717,10.087307,18.86337,3161.885283,healthy,0,0,0,0,0.463822,0.331481,0.526864,2.505841,1.206689,-0.067395,-0.008825,-0.072107,1.0,197.695
462,cruise,3816.968083,77.170015,51.481918,90.318206,177.894174,655.108966,27.204701,0.248073,9.940901,18.926991,3176.484312,healthy,0,0,0,0,5.662386,-0.146338,-1.437066,-0.836296,1.189606,-0.180557,0.006795,0.054304,1.0,197.69
463,cruise,3842.263041,76.212625,50.159551,89.970844,180.276877,655.35913,27.339504,0.248113,10.010373,19.404527,3254.442525,healthy,0,0,0,0,-1.755827,-0.018367,-0.062863,0.186258,1.483005,0.016241,0.001268,0.029924,1.0,197.685
464,cruise,3826.464136,78.104338,50.699978,89.826202,179.608645,655.814487,27.433953,0.24973,10.370844,18.27427,3219.947389,healthy,0,0,0,0,5.168376,0.877138,-0.564301,0.025743,-1.243507,-0.132252,0.007286,0.031675,1.0,197.68
465,cruise,3806.501136,75.452534,51.215926,91.031299,179.271725,648.38555,27.270904,0.25613,10.201781,18.776963,3423.955235,healthy,0,0,0,0,4.296449,0.361065,0.04315,-0.102648,-0.647052,-0.030093,0.00226,-0.210415,1.0,197.675
466,cruise,3810.650278,76.300481,51.244551,90.194362,179.442903,656.472127,27.684387,0.242607,10.153256,18.967061,3230.868982,healthy,0,0,0,0,0.295621,0.336274,1.50503,0.529683,0.820031,-0.132716,-0.002094,-0.03175,1.0,197.67
467,cruise,3809.421838,75.970685,51.049456,90.029693,179.696582,653.46438,27.493679,0.25604,10.465244,17.167456,3174.73373,healthy,0,0,0,0,-2.917279,-0.037592,0.20158,0.366153,-0.527409,-0.158384,0.006533,0.070128,1.0,197.665
468,cruise,3812.504937,75.603494,50.947648,90.06916,177.599078,656.095559,27.313118,0.253038,10.01069,19.095659,3126.181897,healthy,0,0,0,0,-4.764305,-0.25081,-0.160214,-0.258858,2.636016,0.137391,-0.004934,-0.042103,1.0,197.66
469,cruise,3815.936255,76.813163,50.703789,90.132428,178.822409,652.153008,27.602415,0.250799,10.173689,19.638644,3393.276748,healthy,0,0,0,0,2.276622,-0.07705,-0.752278,1.066675,-1.159431,0.08632,-7e-05,0.062992,1.0,197.655
470,cruise,3840.752167,77.319605,50.753972,89.964499,177.568991,651.166961,27.320417,0.251498,10.19895,20.226304,3174.951227,healthy,0,0,0,0,3.671762,0.212157,-0.031898,0.37124,-1.582097,-0.119883,-0.000562,-0.001827,1.0,197.65
471,cruise,3810.755674,74.807482,50.306769,90.816028,178.060426,652.520736,27.352006,0.247716,10.121006,19.258316,3270.233354,healthy,0,0,0,0,1.346577,-0.493662,-0.140979,0.786696,1.460222,0.038231,0.003166,-0.150581,1.0,197.645
472,cruise,3813.925638,73.343426,50.573921,89.929385,180.255737,655.41752,27.362907,0.246935,10.231166,19.84911,3141.078394,healthy,0,0,0,0,1.262763,-0.225298,0.317605,-0.506465,0.996845,-0.044601,0.004535,-0.119201,1.0,197.64
473,cruise,3791.624269,77.764654,50.891411,89.976186,179.383512,654.024863,27.351965,0.246001,10.366444,19.703845,3251.899675,healthy,0,0,0,0,-1.314099,-0.100757,0.018236,0.823378,-0.309354,0.219252,0.001988,-0.067783,1.0,197.635
474,cruise,3779.945855,75.789995,50.212603,89.003399,179.818006,655.654909,27.357295,0.256653,10.25105,19.330897,3238.489698,healthy,0,0,0,0,-4.366432,0.186502,0.651484,-0.276952,-1.001699,-0.195536,0.002896,-0.048739,1.0,197.63
475,cruise,3777.934402,76.091384,51.40006,90.330027,178.658945,656.519823,26.923363,0.249558,10.25231,20.130711,3114.246418,healthy,0,0,0,0,2.399725,-0.096953,-0.892683,1.099262,-0.525118,0.133068,0.000738,-0.097729,1.0,197.625
476,cruise,3824.929175,75.686531,50.572097,90.272242,176.594294,654.024533,27.193646,0.245804,10.082428,19.600035,3141.189436,healthy,0,0,0,0,0.626898,-0.108777,-0.009607,-0.564149,-0.872916,0.262652,0.00752,0.025593,1.0,197.62
477,cruise,3817.91417,76.718855,50.581143,89.857445,180.252572,651.381728,27.396481,0.247541,10.095418,19.499085,3250.565164,healthy,0,0,0,0,0.498671,-0.110273,0.521104,0.43786,0.086793,0.022656,0.006541,-0.06362,1.0,197.615
478,cruise,3812.497088,76.760214,50.841285,90.938777,180.368831,653.759654,27.260325,0.25561,10.145847,17.06079,3203.977979,healthy,0,0,0,0,-1.752017,0.270793,-0.583399,-0.291964,0.504205,0.212552,-0.008065,-0.087469,1.0,197.61
479,cruise,3818.182692,76.528227,50.792695,89.016267,177.846217,656.314296,27.714348,0.246491,10.118831,19.821007,3273.718564,healthy,0,0,0,0,-1.259231,0.595623,-0.5701,0.746437,-1.387061,0.018236,0.00686,0.048827,1.0,197.605
480,cruise,3824.916888,76.517905,51.184472,90.25382,180.577575,644.080859,27.327465,0.244556,10.119235,18.547143,3395.82376,healthy,0,0,0,0,-2.605581,-0.245185,1.09232,0.403447,0.01907,-0.069898,0.002083,0.053019,1.0,197.6
481,cruise,3781.369172,75.281659,49.979973,89.927497,177.107623,653.709489,27.350408,0.247534,10.163932,16.396801,3283.937635,healthy,0,0,0,0,-0.207638,0.052631,-0.254913,-0.615613,-1.781574,-0.058694,-0.000768,0.08595,1.0,197.595
482,cruise,3823.775393,77.248175,49.952467,89.70069,178.026186,651.753988,27.561622,0.256321,10.111014,18.21307,3230.023046,healthy,0,0,0,0,2.706343,0.084933,-0.148957,0.998667,0.156887,-0.113647,-0.005371,0.155537,1.0,197.59
483,cruise,3810.376335,76.358448,50.466796,89.503328,177.494953,651.56029,27.279055,0.239021,10.125052,18.924944,3208.767401,healthy,0,0,0,0,-4.332121,-0.069421,0.088234,-1.508693,-0.109354,-0.041746,0.002557,-0.010301,1.0,197.585
484,cruise,3836.235047,76.005771,49.626213,91.197413,178.32064,659.41811,26.811583,0.250475,9.962262,19.056046,3282.90224,healthy,0,0,0,0,-3.908363,0.229732,-0.146907,-0.814762,-0.410552,-0.258909,-0.002991,-0.045507,1.0,197.58
485,cruise,3783.143125,77.424835,49.68158,90.564537,177.848766,654.739158,27.156957,0.243113,10.234879,17.692843,3252.371127,healthy,0,0,0,0,-2.689393,0.288101,-0.171136,-0.164016,-2.341635,0.021883,0.002043,-0.120876,1.0,197.575
486,cruise,3824.172495,76.002102,49.625904,91.427884,178.409148,652.160695,27.361455,0.259231,10.149513,17.310298,3197.813818,healthy,0,0,0,0,-5.882775,-0.112594,-0.074143,-0.561993,1.068723,-0.150059,4.7e-05,-0.053384,1.0,197.57
487,cruise,3797.848747,75.582771,51.109487,90.83844,179.24181,658.802391,27.34417,0.25487,10.214529,17.330412,3236.012106,healthy,0,0,0,0,-0.029199,0.427508,-0.552747,-1.3743,-0.300508,-0.127145,-0.003883,-0.077478,1.0,197.565
488,cruise,3793.275622,74.472727,50.833007,90.393049,178.711556,656.431787,26.880867,0.241617,10.414352,17.076016,3080.739391,healthy,0,0,0,0,0.714234,-0.245691,-0.375971,-0.117339,0.225411,0.071283,0.000687,0.104194,1.0,197.56
489,cruise,3780.558961,76.582804,50.549826,89.136329,179.50829,653.636588,27.3853,0.242248,10.272198,18.928626,3133.514902,healthy,0,0,0,0,-2.933947,-0.100875,-0.710229,-0.418208,1.650642,-0.062698,0.004141,0.032568,1.0,197.555
490,cruise,3803.596409,75.788689,50.918749,89.937741,180.226498,652.43015,27.357163,0.250157,10.182318,17.306769,3301.265871,healthy,0,0,0,0,-1.594752,0.67089,0.824031,-0.347092,-1.426316,0.267549,0.000205,0.074434,1.0,197.55
491,cruise,3793.890724,79.285949,50.078202,89.743474,177.607312,649.821941,26.936137,0.241594,9.995519,17.665911,3234.490068,healthy,0,0,0,0,-1.232337,0.052381,-0.575049,-0.49607,0.337534,0.379633,-0.000474,-0.111568,1.0,197.545
492,cruise,3823.701794,76.830982,50.160601,90.54325,181.346404,652.163297,27.463824,0.248301,10.073198,18.405595,3148.02523,healthy,0,0,0,0,4.85926,0.3178,0.240779,-0.279595,-0.239898,-0.262082,-0.007975,0.025444,1.0,197.54
493,cruise,3816.6119,76.355457,50.58997,90.38775,179.8359,651.948536,27.219673,0.245621,10.305842,17.93859,3024.927539,healthy,0,0,0,0,-1.257065,-0.80863,-0.324952,-0.163753,1.391183,0.01098,0.00143,0.162748,1.0,197.535
494,cruise,3775.667258,77.934368,50.619427,90.256026,178.12384,650.646353,27.444935,0.248033,10.222394,17.200982,3102.844765,healthy,0,0,0,0,-0.629906,-0.420874,-0.396727,0.702485,0.716632,-0.056243,0.004636,-0.085585,1.0,197.53
495,cruise,3821.889603,75.245714,50.999445,90.14869,179.326171,654.88512,27.085578,0.259797,10.190053,18.530361,2973.321346,healthy,0,0,0,0,-0.887562,-0.708444,-0.670547,-0.217927,0.690677,-0.111504,-0.003029,0.011297,1.0,197.525
496,cruise,3786.109451,76.409144,49.897094,89.549855,177.915856,649.457047,27.490269,0.231288,10.087962,18.553129,3241.609896,healthy,0,0,0,0,9.591794,0.348415,0.741609,-1.53621,0.611327,-0.111512,0.001954,0.017235,1.0,197.52
497,cruise,3795.659446,74.611588,50.305414,90.286058,177.474208,653.728188,26.955701,0.244466,10.187876,19.546951,3055.473359,healthy,0,0,0,0,1.765911,-0.26806,0.420748,-1.021894,1.992259,-0.122386,0.001633,-0.092359,1.0,197.515
498,cruise,3775.384742,76.728689,50.841899,90.704226,179.504306,650.756346,27.349217,0.244825,10.091112,19.76657,3236.451864,healthy,0,0,0,0,1.954448,-0.018332,0.261525,0.318206,-1.731233,0.181253,-0.007713,0.153968,1.0,197.51
499,cruise,3805.78991,77.417533,49.794488,90.729821,178.764603,653.372145,27.398344,0.248331,10.166694,16.996323,3110.448604,healthy,0,0,0,0,-5.835887,0.283593,-0.680879,0.793398,0.484498,-0.183591,-0.001696,0.070787,1.0,197.505
500,cruise,3809.35073,76.693995,49.585214,91.040606,179.557434,650.902977,27.473791,0.257293,10.13018,17.672817,3061.372654,oil_pressure_drop,1,3,500,900,-4.342688,0.59069,-0.406207,0.22507,0.490279,0.244606,-0.005173,0.085493,1.0,197.5
501,cruise,3797.168379,77.290023,50.331962,90.675574,177.950442,649.207342,27.317362,0.250236,10.061366,21.382648,3215.222369,oil_pressure_drop,1,3,500,900,-3.342347,-0.294238,0.512319,1.053006,-0.397897,-0.11553,-0.002118,-0.108091,0.992929,197.495
502,cruise,3831.173343,76.132754,49.771253,91.169446,180.616209,656.142274,27.23618,0.252074,10.022604,17.979904,3131.89189,oil_pressure_drop,1,3,500,900,0.267984,-0.627109,1.256272,0.103761,-0.548221,-0.150262,-0.000524,-0.133619,0.985859,197.49
503,cruise,3809.394467,78.851477,49.434531,91.045396,179.253524,653.447437,27.290612,0.246205,10.206994,17.590058,3207.030408,oil_pressure_drop,1,3,500,900,1.820955,-0.469414,0.84459,0.417251,1.149631,-0.013148,0.002288,-0.025736,0.978788,197.485
504,cruise,3806.261784,76.377587,49.756741,91.248659,180.307555,652.085667,27.408322,0.243363,9.965783,20.013066,3144.407419,oil_pressure_drop,1,3,500,900,-4.020933,-0.817204,1.118048,-0.316597,-1.978637,0.068527,0.003809,-0.050192,0.971717,197.48
505,cruise,3803.512804,74.66343,49.871087,91.065336,179.322035,657.52801,27.266888,0.245109,10.186344,19.724036,3233.926369,oil_pressure_drop,1,3,500,900,-1.927838,-1.494152,0.302966,1.698039,-0.973561,0.017139,0.00484,-0.057046,0.964646,197.475
506,cruise,3825.669427,77.093986,49.337274,91.686547,178.397014,650.266984,27.288284,0.257076,10.352505,17.430944,3085.461036,oil_pressure_drop,1,3,500,900,0.877082,-1.377505,0.643338,0.819825,-0.221006,-0.13355,-0.00413,-0.090763,0.957576,197.47
507,cruise,3829.147152,76.454884,49.159023,91.242451,179.855775,654.576572,27.012592,0.240785,9.967058,19.411484,3255.19905,oil_pressure_drop,1,3,500,900,1.121247,-0.556017,1.142423,0.50421,0.405513,-0.08487,0.001824,0.191477,0.950505,197.465
508,cruise,3802.91694,76.887318,48.421279,90.789643,179.247472,654.833059,27.497237,0.244896,10.133437,19.455405,3083.91419,oil_pressure_drop,1,3,500,900,-2.080748,-2.318369,0.633157,0.073781,2.970127,-0.031924,0.00383,-0.080061,0.943434,197.46
509,cruise,3785.656839,75.616173,48.368842,91.657569,179.333848,654.314051,26.92702,0.240923,10.211978,16.699567,3195.027581,oil_pressure_drop,1,3,500,900,-1.384527,-1.233327,0.574501,0.856354,1.370442,0.068954,-0.00596,-0.058088,0.936364,197.455
510,cruise,3780.542269,76.53343,48.310141,91.736385,178.791608,652.498382,27.166398,0.243104,10.211583,19.513063,3224.239145,oil_pressure_drop,1,3,500,900,-1.92684,-2.232187,0.696198,0.619066,1.76387,-0.031789,5e-06,0.020244,0.929293,197.45
511,cruise,3807.099116,74.991737,47.832644,92.438752,180.354526,658.482807,26.981477,0.24954,9.998517,18.210689,3268.036673,oil_pressure_drop,1,3,500,900,-2.044917,-2.05424,1.690359,-0.103521,0.812046,0.180492,0.005359,-0.112946,0.922222,197.445
512,cruise,3827.40083,76.187488,48.20358,92.991105,178.552074,649.34388,26.960842,0.248135,10.12023,19.148675,3166.63047,oil_pressure_drop,1,3,500,900,-4.316173,-3.040687,2.005222,-1.98138,0.424085,-0.049367,-0.008048,0.166246,0.915152,197.44
513,cruise,3824.344961,75.812637,47.566751,92.262695,180.033673,653.399728,27.175492,0.246043,10.044701,18.952283,3198.278193,oil_pressure_drop,1,3,500,900,-0.10591,-3.446835,1.739393,0.714481,-1.610352,-0.125116,0.006926,-0.007644,0.908081,197.435
514,cruise,3816.466135,76.930756,46.760486,91.33993,178.468376,657.21302,27.197111,0.244837,10.233357,18.516367,3169.600955,oil_pressure_drop,1,3,500,900,-0.971711,-3.547657,2.069453,0.410919,-2.490719,0.225064,-0.001452,-0.028356,0.90101,197.43
515,cruise,3779.626326,77.545735,46.929196,93.409795,180.193596,645.469142,27.173708,0.252918,10.180789,18.087788,3138.109782,oil_pressure_drop,1,3,500,900,-1.480186,-3.963251,2.920702,1.307846,-0.135173,-0.083251,0.000787,0.098595,0.893939,197.425
516,cruise,3809.393326,77.970217,46.370516,93.808254,177.73427,654.121117,27.319253,0.237411,10.403749,19.388311,3035.644574,oil_pressure_drop,1,3,500,900,3.042158,-3.737637,2.379308,0.480458,1.948922,0.132137,-0.01584,-0.082094,0.886869,197.42
517,cruise,3771.271692,75.872872,46.951242,92.021807,178.31384,654.303381,26.957392,0.254767,10.151918,17.006446,3171.787825,oil_pressure_drop,1,3,500,900,-1.29171,-3.972881,2.478164,0.30743,-0.192381,0.211737,-0.000874,-0.026932,0.879798,197.415
518,cruise,3827.535552,77.060313,46.976933,92.401289,180.640874,652.792491,27.448478,0.252653,10.078871,17.729716,3220.656385,oil_pressure_drop,1,3,500,900,1.129876,-4.330267,2.551129,0.459335,-0.518789,-0.113298,0.006047,-0.090383,0.872727,197.41
519,cruise,3798.326117,77.700197,46.238154,93.461628,178.552627,648.441011,27.506519,0.248866,9.984672,16.548143,3291.281934,oil_pressure_drop,1,3,500,900,-0.558382,-3.661894,3.571733,0.123385,1.005242,-0.227076,-0.004982,-0.064189,0.865657,197.405
520,cruise,3819.711853,76.088908,46.178987,93.368882,178.443,649.726066,27.049087,0.245553,10.087595,19.759539,3181.76648,oil_pressure_drop,1,3,500,900,5.74598,-5.048344,2.055171,0.128167,-2.245752,-0.061318,-0.001064,-0.106466,0.858586,197.4
521,cruise,3800.437617,75.794496,44.644789,93.880181,180.568734,652.305693,27.343219,0.238225,9.925162,18.012035,3094.594399,oil_pressure_drop,1,3,500,900,0.484677,-4.772055,2.731258,0.673835,-0.418044,0.085694,0.002092,-0.009964,0.851515,197.395
522,cruise,3786.505573,76.54623,45.446893,93.757062,178.37356,656.004105,27.415108,0.249134,10.05639,18.30477,3106.274571,oil_pressure_drop,1,3,500,900,1.021939,-4.537461,2.537517,1.041924,-0.383323,0.106497,-0.000114,0.076329,0.844444,197.39
523,cruise,3824.363454,76.363037,45.22589,94.016323,179.96128,652.490338,27.197857,0.233323,10.08854,17.090265,3277.341345,oil_pressure_drop,1,3,500,900,0.820562,-4.727987,2.757763,-1.614351,-1.09443,-0.049929,0.000542,0.040861,0.837374,197.385
524,cruise,3846.471845,77.652282,45.651345,93.870352,180.984234,652.342409,27.521197,0.254389,9.991716,17.508416,3245.002291,oil_pressure_drop,1,3,500,900,1.685487,-6.279576,3.71999,-0.794448,0.359928,0.014343,0.008307,-0.053982,0.830303,197.38
525,cruise,3819.212688,75.582421,45.494375,94.088871,181.010915,655.648551,27.521543,0.245698,10.114896,17.474288,3248.836916,oil_pressure_drop,1,3,500,900,-0.556896,-6.044863,4.182447,0.714264,-0.608646,0.261306,-0.003256,-0.010431,0.823232,197.375
526,cruise,3853.789005,75.753271,45.332247,94.475144,176.933062,652.362845,27.383927,0.236179,10.209552,17.69763,3167.907415,oil_pressure_drop,1,3,500,900,1.265942,-5.304136,3.352918,0.319119,-2.755745,-0.23847,0.002959,0.108099,0.816162,197.37
527,cruise,3820.497475,76.544376,44.99997,94.108878,177.76997,654.420913,27.236657,0.251297,10.289593,15.836094,3294.760297,oil_pressure_drop,1,3,500,900,-0.318803,-5.221757,3.625919,-1.496167,0.367824,0.165647,0.002621,0.012312,0.809091,197.365
528,cruise,3809.161668,76.379262,44.516638,94.337067,178.044795,651.017331,27.406293,0.254083,10.210069,17.962699,3237.428984,oil_pressure_drop,1,3,500,900,-2.562509,-6.311906,3.799047,-0.264594,0.436634,0.009713,-0.002512,0.102311,0.80202,197.36
529,cruise,3831.726375,78.331716,43.77758,95.15597,178.369092,655.26581,27.139856,0.247932,9.978291,20.549717,3142.303339,oil_pressure_drop,1,3,500,900,6.408908,-7.149911,3.964269,-1.069227,-1.112368,0.090371,-0.010499,-0.034245,0.794949,197.355
530,cruise,3794.300968,77.234369,43.758859,94.571772,179.486551,650.959877,27.440491,0.247484,10.064681,18.686521,3229.560343,oil_pressure_drop,1,3,500,900,-1.551967,-6.237945,4.045873,0.366951,-0.975464,0.069932,0.001296,0.155736,0.787879,197.35
531,cruise,3783.897127,75.507403,44.536761,94.113579,178.008081,659.8457,27.26337,0.241549,10.322374,19.916005,3301.123701,oil_pressure_drop,1,3,500,900,1.290632,-6.265082,4.897607,-1.399154,1.318664,-0.111832,0.001389,-0.057488,0.780808,197.345
532,cruise,3781.24249,76.240242,44.293867,95.416523,179.075958,656.29892,27.446558,0.248739,10.045545,18.598711,3255.772524,oil_pressure_drop,1,3,500,900,-1.845697,-7.173764,4.449861,-0.266201,-4.253896,-0.14409,0.001418,0.135128,0.773737,197.34
533,cruise,3785.761816,77.661172,42.804543,95.730357,181.488959,653.953682,27.110411,0.24945,9.867779,17.923717,3354.449218,oil_pressure_drop,1,3,500,900,3.116146,-7.557003,4.186514,-0.004237,1.047775,-0.181107,0.006256,-0.020239,0.766667,197.335
534,cruise,3803.767146,76.900003,42.44785,95.740385,180.196081,655.248192,27.267824,0.241243,9.933712,19.076193,3119.918703,oil_pressure_drop,1,3,500,900,1.515111,-7.164283,4.735841,1.740698,0.852619,0.37788,0.002405,0.062654,0.759596,197.33
535,cruise,3814.24889,75.616449,43.192408,95.248171,180.27913,655.317704,27.410858,0.247878,10.502994,18.404505,3229.066799,oil_pressure_drop,1,3,500,900,-1.358242,-7.829969,4.679817,-0.374129,0.615292,-0.090446,-0.007002,0.023015,0.752525,197.325
536,cruise,3799.278502,77.584403,42.436308,95.846299,179.782277,651.245486,27.50906,0.251617,10.162032,18.71903,3311.774658,oil_pressure_drop,1,3,500,900,-0.844641,-7.934916,5.874513,-0.237313,-0.746566,0.09656,-0.003471,0.114877,0.745455,197.32
537,cruise,3797.974857,74.53646,42.795099,95.83795,178.844847,656.888165,27.349777,0.255987,10.253003,20.144697,3228.531916,oil_pressure_drop,1,3,500,900,-1.862751,-8.238774,5.065167,1.194189,2.979773,-0.020496,0.007505,-0.035273,0.738384,197.315
538,cruise,3821.827797,76.855853,41.87073,96.029361,177.605551,655.465471,27.559468,0.252099,10.328637,20.96323,3211.959956,oil_pressure_drop,1,3,500,900,1.403358,-8.054453,4.747504,-0.419665,-1.925485,-0.083828,0.004779,-0.205819,0.731313,197.31
539,cruise,3802.881637,76.680538,41.277153,95.769396,179.182472,650.548556,27.185767,0.252733,10.195841,18.225032,3138.468185,oil_pressure_drop,1,3,500,900,1.953671,-8.695911,6.33852,-1.221032,2.200065,-0.192406,-0.001833,0.044048,0.724242,197.305
540,cruise,3764.997719,76.578341,42.12785,97.098006,178.915808,655.381632,27.417057,0.238161,10.085385,19.093852,3214.021491,oil_pressure_drop,1,3,500,900,1.586509,-8.872857,5.207055,0.313072,1.646564,-0.228147,0.006842,-0.022355,0.717172,197.3
541,cruise,3793.330443,76.22658,41.455611,95.858581,179.371718,651.326695,26.99786,0.250488,10.261597,18.468586,3316.500331,oil_pressure_drop,1,3,500,900,-3.212032,-9.044505,5.658915,-0.02073,2.560645,0.20818,-0.001129,0.042585,0.710101,197.295
542,cruise,3836.731703,75.202726,41.01592,96.681322,177.320712,652.039466,27.452195,0.240452,10.036565,17.567549,3116.92685,oil_pressure_drop,1,3,500,900,0.537234,-8.828079,5.786091,0.307698,0.838046,0.041662,-0.007201,-0.024558,0.70303,197.29
543,cruise,3798.072643,78.02362,41.241964,96.69874,177.31401,653.999933,27.162898,0.251363,9.996693,18.797401,3309.659345,oil_pressure_drop,1,3,500,900,-2.689878,-8.889786,5.482743,-0.278164,-2.798053,-0.094353,0.00134,-0.031205,0.69596,197.285
544,cruise,3819.107004,74.976374,41.79979,97.886342,178.956517,656.753574,27.267256,0.245497,10.111607,17.467514,3175.584308,oil_pressure_drop,1,3,500,900,4.997427,-10.480106,5.854347,-0.045277,-1.414696,0.094693,-0.00442,0.103997,0.688889,197.28
545,cruise,3810.803045,74.40513,40.725245,97.688436,178.155205,655.386655,27.055778,0.242343,9.905266,18.998559,3144.703955,oil_pressure_drop,1,3,500,900,0.133813,-10.505643,6.780394,0.283087,-1.517584,0.214342,-0.002419,-0.017395,0.681818,197.275
546,cruise,3824.249231,76.052678,40.137294,97.306255,178.018265,652.878625,27.322741,0.254019,10.273847,19.724259,3216.155066,oil_pressure_drop,1,3,500,900,1.033284,-9.900647,6.239311,0.557198,0.683428,-0.017703,0.000164,-0.143306,0.674747,197.27
547,cruise,3834.483065,76.201146,39.993329,97.469326,179.513016,655.265168,27.336206,0.241779,10.165137,17.436628,3272.284337,oil_pressure_drop,1,3,500,900,2.618295,-10.855928,5.760418,-0.226637,-1.779673,0.127079,-0.003401,-0.03169,0.667677,197.265
548,cruise,3788.987521,76.275752,39.677396,97.596117,178.5766,654.445777,27.447018,0.24554,10.230421,20.077561,3174.904511,oil_pressure_drop,1,3,500,900,0.086663,-11.066455,5.955871,-0.179323,-3.126748,0.016603,0.003419,0.045704,0.660606,197.26
549,cruise,3788.314201,77.459408,39.14632,98.787329,178.034019,650.19667,27.217819,0.245758,10.065744,18.580496,3325.785723,oil_pressure_drop,1,3,500,900,0.314032,-10.613487,7.017419,0.672539,-1.458328,-0.168146,-0.005444,0.034123,0.653535,197.255
550,cruise,3800.598524,75.872288,39.822772,98.670966,179.406696,653.562489,27.494855,0.250401,10.182913,19.052285,3181.902868,oil_pressure_drop,1,3,500,900,-2.330642,-10.46975,7.260515,-0.483249,-0.787835,0.050379,-0.001377,-0.074844,0.646465,197.25
551,cruise,3840.955667,74.519903,39.69413,98.478391,178.575571,657.963427,27.43812,0.25265,10.159214,19.644578,3186.91003,oil_pressure_drop,1,3,500,900,-1.818512,-11.230031,6.742691,1.225959,1.669181,0.096165,0.000119,0.002515,0.639394,197.245
552,cruise,3822.207893,77.459405,39.244168,98.163548,179.080428,651.321824,27.369417,0.248241,10.047666,20.737934,3151.173309,oil_pressure_drop,1,3,500,900,3.718459,-11.565628,7.038767,-1.020436,-0.439588,-0.090835,0.002818,0.076101,0.632323,197.24
553,cruise,3796.014485,76.723122,38.237115,98.386404,177.533914,656.046368,27.631316,0.249556,9.652199,16.089553,3103.682739,oil_pressure_drop,1,3,500,900,-1.42667,-11.797267,7.439379,0.478425,0.211953,0.376667,0.012012,-0.002622,0.625253,197.235
554,cruise,3810.678147,75.028155,38.819382,98.986365,179.173832,651.613148,27.152063,0.254961,10.043974,18.860529,3136.032397,oil_pressure_drop,1,3,500,900,0.882692,-11.347448,6.980855,0.984446,0.814985,0.040122,0.006891,-0.055205,0.618182,197.23
555,cruise,3806.293992,76.273446,38.836366,98.910538,177.274156,652.501322,27.551372,0.247807,10.368274,19.405433,3174.79403,oil_pressure_drop,1,3,500,900,3.03296,-11.754532,7.559626,-0.826978,0.671107,0.213153,0.001986,0.034222,0.611111,197.225
556,cruise,3799.195358,75.600173,37.37573,99.370129,177.966509,655.687841,27.469497,0.252796,10.268567,18.230799,3012.552249,oil_pressure_drop,1,3,500,900,0.225367,-12.241145,7.47062,-0.066022,0.724728,0.052723,0.009168,-0.065465,0.60404,197.22
557,cruise,3820.492472,76.400601,38.07747,98.764716,178.832071,655.929826,27.298877,0.251169,10.255291,17.86355,3275.518206,oil_pressure_drop,1,3,500,900,-3.041603,-12.857553,7.583657,0.418059,-1.514659,-0.063825,-0.000342,-0.055414,0.59697,197.215
558,cruise,3822.077598,77.536503,37.911187,99.203512,178.111941,659.188511,27.436959,0.25387,9.930275,18.792042,3163.816926,oil_pressure_drop,1,3,500,900,1.510578,-13.336643,8.31191,0.357531,3.572276,0.118106,-0.001855,0.02985,0.589899,197.21
559,cruise,3807.063109,75.621081,37.206378,99.967293,179.108592,652.937633,27.480536,0.244733,9.998216,17.675713,3226.869278,oil_pressure_drop,1,3,500,900,2.790133,-13.148685,8.635745,0.951358,-2.946605,0.082151,-0.001043,0.125154,0.582828,197.205
560,cruise,3790.318698,75.158393,36.267556,100.547951,179.275912,654.385524,27.370982,0.244029,10.383409,19.760241,3165.934158,oil_pressure_drop,1,3,500,900,-1.005543,-13.14642,7.582138,1.315417,0.037709,-0.104366,0.005115,0.050119,0.575758,197.2
561,cruise,3801.146577,76.573988,36.480693,100.702596,179.237201,650.809967,27.265576,0.252357,10.168376,17.97982,3193.803258,oil_pressure_drop,1,3,500,900,11.188723,-13.485351,9.153239,0.978503,0.043038,-0.200971,-0.01147,0.013328,0.568687,197.195
562,cruise,3780.299222,75.285949,36.519893,100.299165,179.351253,656.791759,27.226785,0.246105,10.182121,18.995193,3102.11153,oil_pressure_drop,1,3,500,900,-2.491534,-13.658986,8.784888,0.146247,1.160615,0.053107,-0.002321,0.089336,0.561616,197.19
563,cruise,3831.792344,75.708591,36.527162,100.837461,179.61073,657.69614,27.442495,0.240811,10.271083,17.834489,3410.61256,oil_pressure_drop,1,3,500,900,1.996919,-14.050807,8.580316,0.785423,1.09848,0.20298,0.008675,-0.098991,0.554545,197.185
564,cruise,3794.624331,76.51565,36.834638,100.448499,179.38734,655.517251,27.416797,0.247377,10.055241,18.476727,3262.781296,oil_pressure_drop,1,3,500,900,6.609805,-14.735645,9.596735,-1.079395,-3.303977,0.129714,0.002228,-0.029405,0.547475,197.18
565,cruise,3804.971045,75.741461,35.872815,100.400733,176.099026,656.559097,26.913153,0.237584,10.164121,18.603951,3100.085945,oil_pressure_drop,1,3,500,900,4.432603,-14.199224,9.621815,-0.601951,-1.915488,0.029882,0.000696,0.035758,0.540404,197.175
566,cruise,3780.691647,77.164415,36.485591,101.187961,179.256653,653.050979,27.494893,0.250112,10.085796,17.141989,3138.710615,oil_pressure_drop,1,3,500,900,-1.380608,-14.878804,10.157073,1.032359,-0.890501,-0.152473,-0.000831,-0.029778,0.533333,197.17
567,cruise,3797.07709,76.539811,35.289254,101.256427,179.52501,653.143552,27.183906,0.250322,9.941018,18.476094,3202.454355,oil_pressure_drop,1,3,500,900,-0.26537,-15.349883,9.704827,-0.576655,0.95291,-0.118276,-0.001452,-0.110909,0.526263,197.165
568,cruise,3817.475841,76.282161,35.902485,100.413051,179.62134,654.417243,27.453088,0.241857,10.253475,18.084928,3253.143924,oil_pressure_drop,1,3,500,900,-7.2586,-14.812077,9.755454,-0.399329,-1.105822,-0.073998,-0.002017,0.035446,0.519192,197.16
569,cruise,3788.805411,74.215203,35.369375,101.121813,181.812669,646.863111,27.143394,0.245381,10.07333,19.397664,3379.477465,oil_pressure_drop,1,3,500,900,-0.924164,-15.218984,8.619967,0.624629,-0.775837,-0.263241,-0.001525,0.032154,0.512121,197.155
570,cruise,3811.907374,76.380187,35.537073,101.827168,179.208188,651.798273,27.461969,0.255197,10.22317,19.939778,3187.88021,oil_pressure_drop,1,3,500,900,2.587369,-16.296611,10.654301,0.656645,-1.257275,-0.061453,0.00319,-0.069845,0.505051,197.15
571,cruise,3801.140532,74.453488,34.699986,101.959502,179.067473,654.162606,27.397328,0.255629,10.085109,16.579516,3200.324028,oil_pressure_drop,1,3,500,900,1.703172,-15.640063,10.401567,0.758375,-0.361012,0.087667,-0.002474,0.032413,0.49798,197.145
572,cruise,3808.276678,77.232141,34.646915,102.256641,180.090041,654.956492,27.442999,0.251917,9.925436,18.769414,3125.935099,oil_pressure_drop,1,3,500,900,-1.190828,-15.538226,9.470977,-0.156303,-2.460788,-0.043629,-0.001531,-0.049156,0.490909,197.14
573,cruise,3803.340717,77.312277,34.418712,102.538883,180.326926,652.553955,27.3247,0.257728,10.17741,17.923444,3225.085042,oil_pressure_drop,1,3,500,900,-4.785559,-16.002859,10.241999,-0.615876,2.494708,-0.040209,-0.005554,-0.238191,0.483838,197.135
574,cruise,3823.914737,77.672687,34.324098,101.732239,180.504753,655.530325,27.239271,0.24798,9.919369,17.595128,3310.315981,oil_pressure_drop,1,3,500,900,-1.750027,-16.802346,10.387847,0.674762,-1.62426,-0.0807,-0.004094,-0.148705,0.476768,197.13
575,cruise,3805.267984,75.868771,33.116434,102.896786,179.787374,652.968027,27.224749,0.24622,10.013254,18.168254,3266.15055,oil_pressure_drop,1,3,500,900,0.697483,-16.768775,10.888147,0.843346,0.71039,-0.103447,-0.00315,0.020259,0.469697,197.125
576,cruise,3816.425358,75.439121,33.696384,102.253474,179.125699,653.029203,27.526884,0.241175,9.854044,17.439134,3179.808524,oil_pressure_drop,1,3,500,900,-0.551549,-16.459666,10.778401,-0.032824,0.708175,-0.048888,-0.005255,0.056182,0.462626,197.12
577,cruise,3825.44912,74.67427,33.216728,102.993038,178.834416,655.599659,27.506483,0.248754,10.18386,18.272848,3098.304269,oil_pressure_drop,1,3,500,900,2.087986,-16.960499,11.194266,-0.450139,-1.187262,0.08024,0.002697,0.117156,0.455556,197.115
578,cruise,3799.832418,74.293459,33.14408,101.772581,179.084586,649.790537,27.344357,0.24925,10.123762,20.069855,3187.822243,oil_pressure_drop,1,3,500,900,1.588545,-17.561912,10.974417,1.407646,0.435337,-0.089184,-0.000783,-0.019798,0.448485,197.11
579,cruise,3799.334024,75.518975,33.236965,103.567123,178.714577,653.855866,27.707,0.249114,10.307672,19.691875,3226.505859,oil_pressure_drop,1,3,500,900,4.419475,-16.772229,10.190463,0.71572,1.056337,-0.212988,0.000473,-0.082818,0.441414,197.105
580,cruise,3804.349406,74.054615,33.327261,103.365042,180.45835,656.746858,27.131799,0.248383,10.347712,18.643798,3183.929694,oil_pressure_drop,1,3,500,900,-0.96437,-18.291643,11.611288,-0.11855,-0.033173,0.086849,0.007386,-0.005213,0.434343,197.1
581,cruise,3815.742376,76.584896,31.877235,104.165038,178.310099,653.517046,27.466146,0.253877,10.275401,19.24285,3205.595677,oil_pressure_drop,1,3,500,900,-1.318223,-18.473152,11.559153,1.179412,-0.971359,-0.056871,0.007269,-0.043796,0.427273,197.095
582,cruise,3801.101245,77.583757,31.719564,102.482509,179.466381,650.987183,27.147615,0.252343,10.056139,19.688246,3196.451743,oil_pressure_drop,1,3,500,900,-4.827501,-18.503261,11.751218,1.104657,0.669932,0.029225,0.000981,-0.035251,0.420202,197.09
583,cruise,3796.576969,77.548004,32.489656,103.27214,179.521312,650.038692,27.435753,0.240281,10.075932,18.309075,3079.398138,oil_pressure_drop,1,3,500,900,-4.39327,-18.491381,11.729822,0.878244,-3.142099,0.264094,0.002142,-0.072108,0.413131,197.085
584,cruise,3816.818205,75.585876,31.112434,102.877621,178.573663,651.124879,27.189013,0.246013,9.970441,17.100662,3126.381977,oil_pressure_drop,1,3,500,900,-1.778562,-18.680397,12.027223,-0.43187,-0.358488,0.168475,-0.003908,0.005179,0.406061,197.08
585,cruise,3837.403769,78.036401,32.080454,104.01906,179.59647,655.48623,27.018466,0.233848,9.875771,19.748918,3161.349013,oil_pressure_drop,1,3,500,900,-4.257378,-18.552972,12.504095,0.262527,2.216504,0.023455,0.008233,-0.015796,0.39899,197.075
586,cruise,3804.839359,77.091734,31.035458,103.970277,179.271549,650.761518,27.21771,0.249796,10.030062,18.755429,3132.495688,oil_pressure_drop,1,3,500,900,-0.827313,-18.746758,11.906757,-0.004707,-2.162463,-0.197483,0.000776,0.027826,0.391919,197.07
587,cruise,3791.398955,75.415101,30.80505,104.985736,179.613102,653.137987,27.091454,0.247932,10.265627,17.624691,3203.017484,oil_pressure_drop,1,3,500,900,5.124893,-19.194873,12.209635,-0.057832,2.488707,0.318248,-0.006321,-0.025249,0.384848,197.065
588,cruise,3829.333671,76.766628,31.618443,105.572828,179.032368,658.376932,27.460185,0.237909,10.297847,20.513511,3080.770413,oil_pressure_drop,1,3,500,900,-1.590479,-20.155355,11.924727,-0.946152,0.521983,0.031751,-0.00618,-0.082843,0.377778,197.06
589,cruise,3790.366204,75.624672,31.348377,104.47574,178.350668,659.245044,27.364615,0.248902,9.948396,19.164664,3074.889513,oil_pressure_drop,1,3,500,900,1.275865,-20.312392,12.028263,-0.578927,-2.284743,-0.237833,0.002308,0.030243,0.370707,197.055
590,cruise,3840.894193,76.387581,30.680241,104.367217,178.781022,653.822959,27.437649,0.257552,10.125914,19.814161,3197.766916,oil_pressure_drop,1,3,500,900,-1.874289,-19.979383,12.667254,-0.720938,-1.07067,-0.080055,-0.006083,-0.036283,0.363636,197.05
591,cruise,3821.185272,76.468979,31.129046,105.328824,179.120193,655.714901,27.395585,0.250818,10.344234,19.053279,3253.296391,oil_pressure_drop,1,3,500,900,0.833087,-20.493493,13.025139,0.844975,2.039573,-0.095926,-0.004344,0.048282,0.356566,197.045
592,cruise,3822.345381,75.9727,30.066876,104.002894,177.717541,647.669133,27.170092,0.250882,10.202782,19.076455,3219.361921,oil_pressure_drop,1,3,500,900,-4.322351,-20.949672,14.142162,0.096133,-0.574074,-0.178194,-0.003873,-0.136597,0.349495,197.04
593,cruise,3759.774092,74.662727,30.09215,105.741332,179.217159,649.841053,27.377591,0.266075,9.930812,18.936488,3127.905217,oil_pressure_drop,1,3,500,900,2.053902,-20.901177,13.851016,-1.696258,-0.925069,0.077281,0.00418,0.110034,0.342424,197.035
594,cruise,3798.151924,76.097792,30.161166,105.387676,177.836376,647.274225,27.373015,0.248915,10.196673,19.232489,3298.919934,oil_pressure_drop,1,3,500,900,0.907649,-20.694328,12.820247,0.268001,0.471007,0.20225,0.000687,0.045541,0.335354,197.03
595,cruise,3803.513211,75.842396,29.905965,106.438908,179.049713,649.308125,27.424429,0.241319,10.078781,18.063955,3228.602824,oil_pressure_drop,1,3,500,900,1.321792,-20.360885,12.857414,-0.849096,-0.850834,-0.302919,0.001359,0.038925,0.328283,197.025
596,cruise,3780.337859,76.568565,28.836959,105.35578,180.195381,649.768185,27.412992,0.244903,10.280637,16.425892,3242.067441,oil_pressure_drop,1,3,500,900,-4.858286,-21.898471,14.774886,0.5459,0.378793,-0.01788,0.000444,-0.090296,0.321212,197.02
597,cruise,3797.779712,76.633172,28.777896,105.514268,179.659928,652.654303,27.551813,0.250076,10.07748,18.656751,3325.301722,oil_pressure_drop,1,3,500,900,-6.67395,-21.473055,13.419665,0.091549,0.066544,0.226993,0.002833,0.015182,0.314141,197.015
598,cruise,3805.691649,77.233949,28.482421,107.810825,179.114482,648.156634,27.23452,0.251331,10.402021,19.902161,3233.39741,oil_pressure_drop,1,3,500,900,-6.427663,-22.657514,13.480493,-1.26791,-1.417304,-0.469828,-0.006219,-0.075786,0.307071,197.01
599,cruise,3805.979924,76.856222,28.627801,106.501894,180.757762,651.006319,27.267386,0.249426,10.17058,19.837227,3245.162032,oil_pressure_drop,1,3,500,900,-0.958466,-21.556353,14.071636,1.414723,-1.057527,-0.265309,-0.002726,0.109864,0.3,197.005
600,cruise,3796.830317,77.539116,28.066842,105.918065,178.672625,645.392648,27.213062,0.24409,10.152017,17.219364,3193.357914,oil_pressure_drop,1,3,500,900,5.241642,-22.348979,14.106047,-1.381703,-0.065297,-0.000865,0.00174,-0.166361,0.3,197.0
601,cruise,3810.75528,77.280509,28.517716,106.29266,177.989649,652.109592,27.50101,0.246648,10.272965,17.787635,3073.431225,oil_pressure_drop,1,3,500,900,-3.6366,-21.803688,13.247764,1.774861,1.145354,-0.008185,-0.004212,0.033125,0.3,196.995
602,cruise,3802.174659,77.476624,28.479537,106.814596,176.916338,655.498319,27.361468,0.250395,9.994964,17.441784,3226.518491,oil_pressure_drop,1,3,500,900,-3.690211,-22.037183,14.957885,0.026126,-0.394424,0.096911,0.003983,-0.038681,0.3,196.99
603,cruise,3811.832368,75.635472,28.085354,106.065178,178.871556,651.658742,27.358446,0.244633,10.307585,18.781064,3265.747303,oil_pressure_drop,1,3,500,900,0.559859,-21.95841,13.343421,1.397705,-1.710924,0.10888,0.003374,-0.158962,0.3,196.985
604,cruise,3820.481272,77.642469,29.027081,106.071005,176.474552,652.943576,27.223307,0.252494,10.313514,17.549061,3032.749807,oil_pressure_drop,1,3,500,900,2.708384,-21.77605,14.259741,1.119973,1.897461,-0.07861,-0.002108,0.0903,0.3,196.98
605,cruise,3821.075732,77.16362,28.371676,106.024552,179.105794,651.650941,27.335138,0.243836,10.163995,18.697016,3137.875355,oil_pressure_drop,1,3,500,900,-0.980434,-21.230702,13.892441,1.506994,0.822502,0.070028,-0.003448,0.131174,0.3,196.975
606,cruise,3803.646185,76.284187,29.420676,106.169553,180.07458,647.957322,26.920352,0.252721,10.318147,19.168625,3251.877495,oil_pressure_drop,1,3,500,900,1.165073,-22.382221,13.976482,0.753464,-1.184162,0.204688,-0.000764,-0.149532,0.3,196.97
607,cruise,3773.111235,74.760072,28.019622,105.876775,180.654187,649.80569,27.511468,0.249497,10.287011,19.882331,3107.45038,oil_pressure_drop,1,3,500,900,-2.872559,-22.307448,13.755967,0.285694,-1.206167,0.172186,-0.001835,-0.036931,0.3,196.965
608,cruise,3828.779354,76.704757,28.706726,106.100287,177.269719,652.491611,27.516904,0.249073,10.122178,19.009904,3220.263148,oil_pressure_drop,1,3,500,900,2.208348,-21.940439,13.642748,1.103448,-0.185901,0.054009,-0.001355,-0.07418,0.3,196.96
609,cruise,3800.88453,78.140721,29.198,105.300821,178.34232,656.937051,27.418868,0.253207,10.262592,19.715417,3368.919722,oil_pressure_drop,1,3,500,900,1.222944,-21.577949,13.709721,0.34316,1.938147,-0.01747,-0.005922,-0.115097,0.3,196.955
610,cruise,3782.008373,75.2632,28.99538,106.396829,178.221286,650.590984,27.392317,0.247902,10.189554,18.146199,3193.310732,oil_pressure_drop,1,3,500,900,-7.807804,-21.745955,14.100467,0.292406,0.236614,-0.14893,-0.004654,-0.18234,0.3,196.95
611,cruise,3842.504588,76.300766,28.62473,107.457686,179.784922,649.169699,27.122449,0.257766,10.057646,19.02175,3332.471043,oil_pressure_drop,1,3,500,900,4.509145,-21.956977,14.610033,-0.031413,1.025174,0.0148,0.002287,0.028182,0.3,196.945
612,cruise,3805.239466,77.295865,28.198303,105.820888,178.405978,654.325237,27.183234,0.237055,10.15723,19.260907,3205.674482,oil_pressure_drop,1,3,500,900,2.364783,-21.850941,13.562946,-0.958543,0.138313,0.270175,-0.003603,-0.067277,0.3,196.94
613,cruise,3794.157015,75.972984,28.910352,104.442668,179.330195,653.475867,27.023674,0.243375,10.075504,18.054389,3281.536361,oil_pressure_drop,1,3,500,900,-3.68712,-21.934635,13.978587,-0.182259,-0.590634,0.166061,0.001804,0.03644,0.3,196.935
614,cruise,3794.258467,76.317937,28.074711,106.40845,179.014617,653.797231,27.448212,0.244993,10.113786,18.675083,3127.265083,oil_pressure_drop,1,3,500,900,-1.9898,-21.628821,13.190635,-0.610407,0.136515,-0.025921,0.001614,0.052159,0.3,196.93
615,cruise,3818.130029,74.451899,28.2072,106.429795,179.076013,655.355245,27.446652,0.243006,10.058368,20.47849,3228.647531,oil_pressure_drop,1,3,500,900,8.025372,-21.012083,13.552615,0.470793,2.544814,-0.068358,0.004771,0.145927,0.3,196.925
616,cruise,3808.144088,76.900469,28.654763,106.79231,178.805742,656.688262,27.608463,0.252472,10.091695,19.139623,3008.077573,oil_pressure_drop,1,3,500,900,-3.220823,-21.699989,14.224265,-1.017136,-1.449462,-0.216688,-0.012927,0.092689,0.3,196.92
617,cruise,3791.346648,76.500042,28.955411,106.821023,179.032813,658.856892,26.96568,0.248661,10.264676,19.239936,3056.15919,oil_pressure_drop,1,3,500,900,-3.51971,-21.924818,14.03683,-0.143528,-0.001802,-0.063078,0.003569,0.061051,0.3,196.915
618,cruise,3802.808543,77.553009,29.305638,105.850791,181.403576,656.572594,27.133247,0.258192,10.271717,19.626561,3205.893041,oil_pressure_drop,1,3,500,900,3.289437,-22.164031,14.245956,0.285608,-1.441498,-0.136508,0.002541,0.020872,0.3,196.91
619,cruise,3799.039258,76.710271,29.275574,105.896506,180.458964,652.144075,27.211861,0.248085,10.40523,19.772876,3232.564602,oil_pressure_drop,1,3,500,900,-0.654575,-21.341851,14.661537,-0.503971,2.039773,0.06831,0.001558,0.070799,0.3,196.905
620,cruise,3848.351669,76.269043,27.359994,105.736703,178.768585,652.953013,26.941195,0.238582,10.205709,17.910719,3142.84653,oil_pressure_drop,1,3,500,900,-0.383877,-21.755294,14.315425,0.613381,-1.007223,0.186613,-0.004283,-0.02647,0.3,196.9
621,cruise,3830.100644,73.733237,28.852999,107.248963,179.364112,652.014459,27.441394,0.250254,10.487277,16.8538,3215.770717,oil_pressure_drop,1,3,500,900,-1.69368,-21.921815,14.489499,0.050902,0.265748,0.053101,0.000292,-0.114306,0.3,196.895
622,cruise,3784.777224,75.945184,28.274806,106.905442,180.729031,650.99307,27.370635,0.244517,10.221314,19.261939,3340.807977,oil_pressure_drop,1,3,500,900,-2.052167,-21.791712,14.244594,0.642089,-0.993147,-0.223434,-0.00051,0.224378,0.3,196.89
623,cruise,3811.786011,74.600143,28.431832,106.522885,177.350109,655.799266,27.480664,0.25656,10.331523,20.129848,3238.240318,oil_pressure_drop,1,3,500,900,-1.731297,-21.966933,13.620412,1.428511,-1.385586,0.096667,-0.001412,0.000919,0.3,196.885
624,cruise,3796.609058,76.789669,28.235549,105.577309,181.009384,652.459953,27.330914,0.237531,10.3562,18.020053,3116.032678,oil_pressure_drop,1,3,500,900,-5.419489,-22.238276,14.616537,-0.109768,-0.116319,0.176638,0.011015,-0.05802,0.3,196.88
625,cruise,3802.28551,75.912192,28.168527,106.885909,177.689995,652.154988,26.936577,0.247797,10.113042,18.100642,2986.161327,oil_pressure_drop,1,3,500,900,0.320304,-22.514765,13.931283,-1.042787,1.050523,-0.030642,0.008558,-0.217968,0.3,196.875
626,cruise,3775.88719,76.772229,28.766663,106.875299,181.075155,649.310627,27.252336,0.248801,10.236972,18.632589,3184.390912,oil_pressure_drop,1,3,500,900,0.889693,-21.573637,14.648713,-0.553773,-1.674296,-0.105758,7.1e-05,0.079669,0.3,196.87
627,cruise,3789.881136,76.063849,28.687517,105.83621,179.429265,656.604762,27.376537,0.247029,10.334533,18.888345,3230.785097,oil_pressure_drop,1,3,500,900,-0.88017,-21.500146,14.752937,-0.05494,-1.099449,-0.113644,0.003814,-0.137182,0.3,196.865
628,cruise,3792.43892,77.315085,27.827966,105.587155,180.986157,647.51629,27.129578,0.248361,10.393257,18.536661,3160.510712,oil_pressure_drop,1,3,500,900,2.396607,-21.978129,13.348125,-0.329487,0.809016,-0.073812,-0.001478,0.088315,0.3,196.86
629,cruise,3830.583861,76.233474,29.211191,105.766355,178.476442,654.592671,27.04592,0.246569,10.173949,18.530058,3226.714913,oil_pressure_drop,1,3,500,900,-0.563342,-21.952305,14.492826,0.821572,0.695462,-0.084525,-0.003432,0.014346,0.3,196.855
630,cruise,3805.636157,76.655254,28.442924,106.493035,180.555023,654.376318,27.297475,0.252007,10.137563,17.995096,3119.513668,oil_pressure_drop,1,3,500,900,-0.515626,-21.282751,13.99842,1.153205,-1.963564,-0.02497,-0.00044,-0.090512,0.3,196.85
631,cruise,3833.524181,77.303107,28.39706,105.888165,178.703486,655.011572,27.398066,0.251134,10.218835,19.308618,3031.314829,oil_pressure_drop,1,3,500,900,-5.986583,-21.734647,14.398897,0.319114,1.042047,0.02434,0.004248,-0.104625,0.3,196.845
632,cruise,3798.114495,78.236413,28.775669,105.273189,179.174887,652.835292,27.115586,0.247134,10.114481,18.944767,3175.567301,oil_pressure_drop,1,3,500,900,1.456091,-22.312922,13.723631,-0.323132,1.664866,0.115079,-0.002816,-0.037743,0.3,196.84
633,cruise,3808.204019,75.985713,28.875545,106.464561,177.267243,652.098345,27.393207,0.248041,10.235694,19.100218,3296.058216,oil_pressure_drop,1,3,500,900,0.998671,-21.950888,14.416174,-1.267753,1.927439,-0.034468,0.001538,-0.139614,0.3,196.835
634,cruise,3793.492948,77.494849,28.141257,107.27488,179.895334,653.936503,27.650316,0.255558,9.985801,18.373925,3212.443897,oil_pressure_drop,1,3,500,900,4.533612,-21.545093,14.436962,0.776257,0.803788,0.1776,0.003238,0.001205,0.3,196.83
635,cruise,3842.893669,78.823211,28.696971,106.180248,181.296793,648.391639,27.552525,0.242487,10.249214,17.165355,3122.270947,oil_pressure_drop,1,3,500,900,4.863371,-21.685035,14.032821,-0.972764,-1.378116,0.126557,-0.00215,-0.128639,0.3,196.825
636,cruise,3809.731929,74.258095,28.982877,106.491603,180.634325,656.648223,27.458486,0.24594,10.118355,17.592362,3240.462933,oil_pressure_drop,1,3,500,900,-1.928825,-21.882062,14.249073,-1.621576,-0.317396,0.113825,0.012378,-0.015652,0.3,196.82
637,cruise,3807.002165,73.616415,28.704197,105.594273,180.374077,653.313787,27.33103,0.248849,10.130066,19.064124,3256.953727,oil_pressure_drop,1,3,500,900,-3.623013,-22.247216,13.72489,-0.4887,-1.544838,0.20123,0.001959,0.053434,0.3,196.815
638,cruise,3807.53196,78.283178,28.67328,106.049042,180.01719,653.427209,27.471544,0.247735,10.056106,18.928978,3085.490485,oil_pressure_drop,1,3,500,900,-3.253397,-21.864411,12.704467,0.391604,2.403586,-0.120092,-0.010604,-0.14923,0.3,196.81
639,cruise,3814.142225,74.8771,28.362502,107.318885,178.401682,651.463848,27.064732,0.237625,10.280917,16.457539,3142.899393,oil_pressure_drop,1,3,500,900,-7.585297,-21.707219,15.048675,-0.291018,-0.03139,0.326936,0.000277,0.062636,0.3,196.805
640,cruise,3773.648949,78.737489,28.694029,106.476115,179.957004,652.949735,27.501572,0.252231,10.340788,19.67765,3150.459178,oil_pressure_drop,1,3,500,900,-3.562619,-22.203309,13.999557,0.22656,-0.396382,-0.09061,0.00201,-0.264868,0.3,196.8
641,cruise,3791.027251,75.742699,28.876623,105.704724,181.509499,650.978714,27.384158,0.253229,10.271806,17.166334,3264.283472,oil_pressure_drop,1,3,500,900,3.792109,-22.153551,13.703776,0.291304,-1.427506,0.338906,0.003672,0.030827,0.3,196.795
642,cruise,3819.080464,75.631301,28.811164,105.954122,177.419405,653.516878,27.11365,0.250014,9.931007,20.196735,3178.282618,oil_pressure_drop,1,3,500,900,-4.813477,-22.124757,14.202516,-0.189047,0.973657,-0.263239,-0.003806,0.083203,0.3,196.79
643,cruise,3821.310274,77.507008,28.489391,106.189005,179.880619,657.547908,27.556518,0.252851,10.020656,18.239996,3265.314067,oil_pressure_drop,1,3,500,900,-1.210838,-22.515941,14.184269,-0.910804,1.463981,0.0957,0.00644,0.051644,0.3,196.785
644,cruise,3787.795015,76.906155,27.64012,106.277945,179.419815,659.667638,27.376348,0.251981,10.273702,17.403016,3222.226677,oil_pressure_drop,1,3,500,900,4.244176,-21.697882,13.604463,-0.903041,-1.917954,0.006716,0.005156,0.017048,0.3,196.78
645,cruise,3795.278956,76.345902,28.70765,106.098308,177.903152,657.159629,27.302507,0.25521,10.036135,19.158071,3192.188487,oil_pressure_drop,1,3,500,900,4.789118,-21.633883,14.29077,0.866066,2.936726,0.024812,-0.005556,0.112622,0.3,196.775
646,cruise,3777.946304,75.195817,28.580751,105.704069,178.575986,650.558118,27.165901,0.254982,10.068809,18.731282,3167.06861,oil_pressure_drop,1,3,500,900,0.074233,-21.678179,14.311944,0.102271,1.088355,0.119753,-0.003341,-0.023051,0.3,196.77
647,cruise,3820.470823,75.65331,28.516165,105.648249,180.06008,654.510187,27.190754,0.235701,10.299685,18.021806,3085.65169,oil_pressure_drop,1,3,500,900,4.598324,-22.43649,13.835162,-0.462028,1.032806,-0.214699,0.006345,0.043641,0.3,196.765
648,cruise,3794.60148,76.92621,28.492088,104.922424,180.282968,653.713124,27.232032,0.242244,10.127588,18.044173,3397.18829,oil_pressure_drop,1,3,500,900,-1.203846,-21.68044,14.506081,-0.688856,-0.580465,-0.004989,0.015066,-0.06209,0.3,196.76
649,cruise,3782.946632,75.667357,29.361838,106.905899,179.330338,656.537858,26.968473,0.245186,10.116372,20.223406,3173.287252,oil_pressure_drop,1,3,500,900,1.754253,-21.504129,14.294819,-0.543573,1.915621,-0.053149,-0.002793,0.076678,0.3,196.755
650,cruise,3811.670113,75.476379,27.961901,106.046604,179.715712,652.833714,27.538733,0.247265,10.245348,19.587947,3256.942685,oil_pressure_drop,1,3,500,900,0.405976,-22.258585,14.207921,-1.461964,0.285329,0.068819,-0.000214,-0.077035,0.3,196.75
651,cruise,3815.129297,77.050026,28.608002,106.544662,179.920459,656.312656,27.636328,0.251573,9.98426,19.045108,3168.195597,oil_pressure_drop,1,3,500,900,-4.082156,-21.668572,14.677435,1.616504,-3.381897,-0.122376,0.006664,-0.014032,0.3,196.745
652,cruise,3831.610557,76.774013,28.558562,105.491616,181.081699,658.018891,27.20683,0.248236,10.177282,20.087319,3194.010018,oil_pressure_drop,1,3,500,900,1.586103,-22.434028,14.246081,-0.556772,0.189072,0.243042,0.005397,-0.047815,0.3,196.74
653,cruise,3814.396506,75.688793,27.966412,106.190583,179.425813,654.777709,27.422356,0.247966,10.137339,19.094921,3185.407109,oil_pressure_drop,1,3,500,900,-2.064359,-22.325689,15.069677,-0.416562,0.390078,0.06652,-0.004764,-0.075737,0.3,196.735
654,cruise,3796.117614,75.783535,28.321387,106.312838,180.279461,652.156967,27.269831,0.249811,10.272165,18.642109,3165.963678,oil_pressure_drop,1,3,500,900,-3.616048,-21.44562,13.87077,1.501377,-0.217316,-0.096325,0.001183,-0.135996,0.3,196.73
655,cruise,3824.692436,75.295368,29.472373,106.199782,180.592515,658.037932,27.373122,0.249157,10.146062,16.77759,3263.855303,oil_pressure_drop,1,3,500,900,1.018189,-22.340801,14.589671,0.000319,2.036988,-0.233822,0.004104,0.146627,0.3,196.725
656,cruise,3809.443332,77.798741,29.027964,105.235439,177.757873,652.402215,27.26074,0.250426,10.086876,20.427617,3091.451201,oil_pressure_drop,1,3,500,900,0.303048,-22.175189,13.673752,-1.437889,0.580183,0.109196,-0.002136,-0.068125,0.3,196.72
657,cruise,3811.685141,75.851097,28.515873,106.030059,178.560223,654.562276,27.388342,0.252786,10.101073,17.486091,3109.148715,oil_pressure_drop,1,3,500,900,2.451727,-22.702185,13.879685,0.308455,-3.034581,0.022612,-0.013517,-0.06533,0.3,196.715
658,cruise,3794.001907,74.745843,28.791735,105.826147,179.238785,656.88963,27.582047,0.248308,10.28418,19.637098,3195.374554,oil_pressure_drop,1,3,500,900,0.282199,-22.607058,14.181692,-0.558072,0.441747,0.191113,-0.002046,-0.003168,0.3,196.71
659,cruise,3801.745154,75.15543,28.561187,106.556854,181.131642,649.545802,27.264473,0.250881,10.006526,19.153662,3010.430843,oil_pressure_drop,1,3,500,900,2.10883,-22.178773,13.781467,1.415369,1.068471,-0.051276,-0.002735,-0.015642,0.3,196.705
660,cruise,3810.184555,76.555553,28.044407,107.05293,178.829509,652.335643,27.568009,0.246142,10.298519,20.826639,3356.438123,oil_pressure_drop,1,3,500,900,-1.939193,-21.513715,13.965114,-1.574984,-1.69198,-0.156857,0.006588,0.013324,0.3,196.7
661,cruise,3804.30208,78.448612,28.626215,106.421511,177.539416,657.939539,27.353091,0.24144,10.207554,19.005205,3244.491546,oil_pressure_drop,1,3,500,900,1.36566,-22.271401,13.848569,0.273971,0.208275,0.08495,-0.000502,0.2739,0.3,196.695
662,cruise,3809.875245,77.065633,28.300059,105.974697,179.257404,649.398869,27.309145,0.238359,10.208153,18.714321,3308.426727,oil_pressure_drop,1,3,500,900,-2.539999,-22.511371,14.551611,0.733123,-1.491549,0.062103,0.008069,0.012537,0.3,196.69
663,cruise,3825.241398,76.274993,28.571111,107.297033,179.415656,653.47428,27.276409,0.244761,10.17478,17.891413,3214.828941,oil_pressure_drop,1,3,500,900,1.93523,-21.39085,13.332921,0.330975,-1.183903,0.028944,-0.002289,-0.039041,0.3,196.685
664,cruise,3804.938366,77.397005,28.857787,107.002167,180.419662,652.384559,27.219446,0.251642,9.962359,19.120603,3304.750381,oil_pressure_drop,1,3,500,900,1.040872,-22.195871,14.045663,0.985894,-2.358189,-0.184598,0.007248,0.069756,0.3,196.68
665,cruise,3797.236386,73.723329,28.259747,106.59285,178.862262,651.839584,27.507384,0.241122,10.092003,18.495289,3161.534449,oil_pressure_drop,1,3,500,900,-3.157463,-22.655723,13.945003,-0.326798,-1.103093,-0.064639,0.010003,0.108305,0.3,196.675
666,cruise,3829.204976,76.865196,28.326589,106.068429,179.468436,655.377967,27.462977,0.259599,10.049974,18.411001,3181.246665,oil_pressure_drop,1,3,500,900,1.06804,-22.192329,14.437333,0.51657,-2.351867,0.058063,0.002251,0.098681,0.3,196.67
667,cruise,3805.060854,77.068488,27.076777,107.022528,180.028679,651.697812,27.474205,0.248086,10.141338,20.460522,3186.41972,oil_pressure_drop,1,3,500,900,-2.560359,-22.616927,14.372686,0.098775,-0.474608,-0.056855,-0.001486,0.162128,0.3,196.665
668,cruise,3807.753703,75.452108,28.687317,106.598587,179.622475,656.849953,27.339903,0.241529,10.460418,17.617424,3271.798788,oil_pressure_drop,1,3,500,900,-1.280846,-22.139175,14.303424,-0.249073,0.851388,-0.041162,-0.002133,0.061976,0.3,196.66
669,cruise,3810.856445,76.047381,28.8582,106.84962,179.322322,651.366118,27.150927,0.245974,10.191976,17.693159,3049.248535,oil_pressure_drop,1,3,500,900,4.098186,-21.903718,13.485268,0.802956,1.818499,0.16579,-0.001725,-0.004693,0.3,196.655
670,cruise,3801.735029,76.473016,28.928344,105.770339,180.385775,651.014311,27.358619,0.248124,10.261642,17.939352,3155.252662,oil_pressure_drop,1,3,500,900,1.984945,-21.933942,13.292354,1.094411,-1.144268,0.043847,0.001089,0.053051,0.3,196.65
671,cruise,3802.834474,76.33954,29.20276,107.124596,178.861538,655.604301,27.014412,0.250628,10.311078,17.329095,3170.096907,oil_pressure_drop,1,3,500,900,-2.033935,-21.926026,13.988655,-0.746893,0.177937,0.030472,-0.002647,-0.118108,0.3,196.645
672,cruise,3795.706688,76.96493,29.10157,106.198774,182.63474,657.615956,27.523891,0.252933,10.162868,20.489829,3135.408558,oil_pressure_drop,1,3,500,900,-2.951639,-22.171407,14.283524,-2.068553,1.082671,-0.026007,0.004352,0.025965,0.3,196.64
673,cruise,3792.205495,74.822377,29.391284,106.619369,179.113931,648.580453,27.549842,0.254479,10.144241,17.358868,3076.288509,oil_pressure_drop,1,3,500,900,2.904875,-21.997676,14.608499,-0.895455,1.146968,-0.007282,0.000111,-0.046224,0.3,196.635
674,cruise,3797.327872,74.819842,28.859393,106.379063,177.586968,649.549371,27.193445,0.252742,10.283892,18.449375,3411.385273,oil_pressure_drop,1,3,500,900,2.480783,-21.809907,14.225147,-0.107835,1.545949,0.087272,-0.002009,0.080337,0.3,196.63
675,cruise,3838.502089,78.05575,27.652577,105.67114,177.165056,656.779926,27.563102,0.250705,10.126249,18.446332,3159.297297,oil_pressure_drop,1,3,500,900,-2.384082,-22.023653,14.045407,0.649544,-0.957539,0.23183,0.005524,-0.02197,0.3,196.625
676,cruise,3817.611875,74.161093,28.417869,106.022176,178.153023,651.274052,27.515246,0.24464,10.46022,19.709499,3228.397315,oil_pressure_drop,1,3,500,900,1.654019,-21.371957,14.174395,-1.032223,-4.085855,0.31133,-0.000474,0.029749,0.3,196.62
677,cruise,3798.574149,76.773699,28.62616,107.228027,177.660187,652.284761,27.447303,0.244491,9.914864,18.96648,3067.556721,oil_pressure_drop,1,3,500,900,-0.097065,-21.798414,13.679603,0.146384,-1.585547,0.113248,0.003465,0.082199,0.3,196.615
678,cruise,3833.157894,77.786129,28.675249,105.568581,179.818749,650.470146,27.219459,0.242161,10.034529,19.119035,3271.89974,oil_pressure_drop,1,3,500,900,-1.215992,-22.059849,14.115949,1.813613,-2.807679,0.124609,-0.001238,-0.146586,0.3,196.61
679,cruise,3799.605699,75.496989,28.866552,106.63218,178.817846,661.269911,27.339969,0.247313,10.397051,17.821776,3255.967471,oil_pressure_drop,1,3,500,900,-0.491668,-22.576144,14.474644,0.254206,-0.908506,-0.078212,-0.00026,0.037251,0.3,196.605
680,cruise,3795.022373,77.492049,29.163295,105.604772,178.723289,659.19198,27.290849,0.239257,10.43414,17.699443,3173.497095,oil_pressure_drop,1,3,500,900,-3.554756,-21.495824,13.365103,0.645741,0.369525,0.020513,-0.001885,-0.01909,0.3,196.6
681,cruise,3776.570166,76.05286,29.409952,106.570247,178.722787,654.102261,27.126696,0.243088,10.086382,18.954358,3177.231502,oil_pressure_drop,1,3,500,900,5.05979,-21.344184,13.946598,0.097798,0.354345,0.005287,0.000582,-0.010433,0.3,196.595
682,cruise,3802.811281,77.622582,27.776432,106.426402,178.023273,653.686045,27.626579,0.251298,10.13969,18.476509,3236.100509,oil_pressure_drop,1,3,500,900,-2.009716,-21.671206,14.535957,1.059807,0.788781,-0.03858,-0.003964,0.06463,0.3,196.59
683,cruise,3812.218749,76.077272,28.257963,105.430717,179.243704,650.269516,27.18829,0.259131,10.214168,19.207299,3124.629756,oil_pressure_drop,1,3,500,900,3.696868,-21.925836,13.92541,0.340264,-0.851134,0.298107,0.00025,0.102264,0.3,196.585
684,cruise,3840.133252,75.045021,28.37684,106.299406,177.916879,655.470234,27.563735,0.250795,10.184373,18.714936,3078.996788,oil_pressure_drop,1,3,500,900,2.092754,-21.619996,13.74002,1.002495,-0.889202,-0.099925,0.003304,-0.05262,0.3,196.58
685,cruise,3807.873827,77.02707,28.550998,106.096428,177.581234,656.003233,27.271188,0.239569,10.017339,17.92173,3099.681825,oil_pressure_drop,1,3,500,900,-5.472731,-21.825836,13.442345,0.269552,1.64932,0.019372,-0.000715,0.084622,0.3,196.575
686,cruise,3802.378378,75.585928,28.611125,105.122351,180.029219,648.369719,27.296005,0.244689,10.157241,18.144358,3195.467808,oil_pressure_drop,1,3,500,900,8.744605,-21.329064,13.854022,-0.078736,-0.40603,-0.11803,-0.006193,-0.059125,0.3,196.57
687,cruise,3801.308978,76.218911,27.714842,106.415635,178.081558,651.0928,27.248589,0.257956,9.90345,18.997318,3132.826318,oil_pressure_drop,1,3,500,900,6.172753,-22.428872,13.368707,-1.086532,-0.799941,-0.061057,0.000697,-0.103813,0.3,196.565
688,cruise,3807.098221,76.774241,28.748785,106.20518,178.988771,649.366351,27.752628,0.261959,10.151255,18.541461,3056.803492,oil_pressure_drop,1,3,500,900,4.683983,-21.63238,13.369051,-0.447119,0.971544,0.102686,-0.001972,-0.065029,0.3,196.56
689,cruise,3805.650447,74.930919,29.004119,106.62963,178.87537,652.621593,27.047015,0.254993,10.440327,18.195686,2983.067898,oil_pressure_drop,1,3,500,900,-3.962135,-22.614306,14.443207,-0.44031,0.229818,-0.013646,0.008752,-0.04673,0.3,196.555
690,cruise,3820.652125,77.352259,28.053797,106.738888,178.708045,650.787642,27.073887,0.245231,10.289943,19.806636,3201.49277,oil_pressure_drop,1,3,500,900,-5.168056,-21.887073,13.918833,0.130202,-0.440957,0.008151,-0.004463,-0.105232,0.3,196.55
691,cruise,3794.2466,75.808176,27.764471,106.522102,178.386486,652.618201,27.558406,0.245174,10.402303,19.559057,3199.846307,oil_pressure_drop,1,3,500,900,3.155439,-21.708245,14.273455,-0.395629,3.230399,0.131873,0.007828,-0.052283,0.3,196.545
692,cruise,3794.610571,76.139164,28.163149,106.398251,178.502239,653.862309,27.352062,0.249501,9.980545,19.05271,3170.264342,oil_pressure_drop,1,3,500,900,-0.828071,-22.024913,14.498881,-0.291667,-0.332091,0.046048,-0.006991,0.011415,0.3,196.54
693,cruise,3806.206346,75.522665,28.693207,105.476051,178.751431,646.273271,27.408878,0.253134,10.108831,16.486133,3224.129814,oil_pressure_drop,1,3,500,900,0.974834,-21.889724,13.251573,-0.1393,1.475363,-0.14226,0.009393,-0.017657,0.3,196.535
694,cruise,3801.236341,75.286338,27.944754,106.124338,179.86752,656.620815,27.588549,0.250406,10.100577,20.345918,3113.054473,oil_pressure_drop,1,3,500,900,2.033661,-22.019341,13.809414,0.587661,0.347905,0.011659,0.005572,-0.049,0.3,196.53
695,cruise,3788.719004,75.811953,29.036052,105.960749,180.546673,652.312587,27.162198,0.253621,9.82125,18.736641,3200.582753,oil_pressure_drop,1,3,500,900,-4.366796,-21.833066,14.340038,0.458657,-0.496766,-0.10148,-0.001341,0.114639,0.3,196.525
696,cruise,3792.345696,73.834926,28.478717,105.963829,180.521548,651.898903,27.386622,0.252838,10.13517,19.182901,3310.169212,oil_pressure_drop,1,3,500,900,-5.853129,-22.003872,14.132317,-0.793276,-0.892842,-0.027156,0.003079,-0.050354,0.3,196.52
697,cruise,3815.13342,75.365214,28.646277,107.582525,180.28161,650.73965,27.711429,0.247546,10.22471,18.524004,3103.44778,oil_pressure_drop,1,3,500,900,1.509066,-22.545208,13.946461,-0.624651,0.163014,-0.213648,-0.000922,0.176364,0.3,196.515
698,cruise,3812.151579,74.9403,28.784908,105.977462,178.286375,654.48912,27.053162,0.261906,9.992206,18.27033,3207.504741,oil_pressure_drop,1,3,500,900,2.940976,-22.366878,14.031332,-1.09063,0.329211,0.121205,-0.006046,-0.013636,0.3,196.51
699,cruise,3779.397509,75.955569,28.359451,106.022998,178.934658,653.776333,27.731323,0.247527,9.995805,20.178245,3118.478288,oil_pressure_drop,1,3,500,900,-5.287687,-22.275796,13.493675,-0.803565,-0.543418,-0.050298,-0.000468,-0.107775,0.3,196.505
700,cruise,3804.802962,76.872257,28.628696,105.556365,178.332296,648.517493,27.079599,0.24177,10.006741,18.541936,3330.876525,oil_pressure_drop,1,3,500,900,3.949854,-22.241113,14.213386,-0.253646,-1.953869,-0.386634,-0.001129,0.12147,0.3,196.5
701,cruise,3752.610273,76.36776,28.956896,105.878928,181.904889,657.452145,27.264224,0.24419,10.311132,19.42055,3215.58579,oil_pressure_drop,1,3,500,900,-1.083294,-21.98214,14.216149,1.041516,-1.464416,0.006192,-0.003677,0.108627,0.3,196.495
702,cruise,3818.324914,74.673959,28.355622,105.598263,178.95461,654.491269,27.061789,0.256692,10.386544,16.719249,3097.649684,oil_pressure_drop,1,3,500,900,-5.274023,-21.919099,13.730267,0.579352,-1.878935,0.198529,-0.00134,-0.050579,0.3,196.49
703,cruise,3800.114649,76.968071,28.033962,106.185242,179.116668,647.623605,27.205225,0.239628,9.951944,18.997006,3213.047299,oil_pressure_drop,1,3,500,900,2.239913,-22.244187,14.206071,0.143386,0.615157,-0.019682,-0.001557,0.098262,0.3,196.485
704,cruise,3799.117733,76.350635,28.669373,106.552161,177.344212,653.414044,27.35438,0.246563,10.028591,17.108621,3139.156321,oil_pressure_drop,1,3,500,900,4.345169,-21.801386,14.076472,-0.311454,-3.917969,0.075163,0.001732,0.066511,0.3,196.48
705,cruise,3775.828729,76.145415,28.490709,106.427885,181.174906,653.57548,27.106917,0.248729,10.440938,17.791053,3369.752463,oil_pressure_drop,1,3,500,900,-0.089931,-22.350721,13.605443,-0.687168,0.710535,-0.228756,-0.001197,-0.053844,0.3,196.475
706,cruise,3801.295765,74.528707,29.064914,106.530973,178.260134,652.858328,27.040053,0.253142,10.002254,20.514906,3190.699304,oil_pressure_drop,1,3,500,900,6.760303,-21.804763,13.865276,0.720232,0.610339,-0.049433,0.007153,0.016992,0.3,196.47
707,cruise,3788.038193,77.030401,27.428684,105.31353,179.32618,649.205169,27.310775,0.249443,10.214544,18.914731,3184.04203,oil_pressure_drop,1,3,500,900,-3.315391,-22.484402,13.120773,-0.710961,-1.30219,-0.130848,0.002887,0.054162,0.3,196.465
708,cruise,3788.019497,76.038955,28.598756,105.82811,179.392908,655.013814,27.417447,0.25214,10.17227,17.509602,3155.755665,oil_pressure_drop,1,3,500,900,0.573505,-21.350978,14.902347,-0.350373,2.145674,-0.162762,0.00576,0.001811,0.3,196.46
709,cruise,3811.58445,74.452857,29.073862,106.352602,179.573669,652.793976,26.718398,0.248677,10.081362,19.044971,2965.7064,oil_pressure_drop,1,3,500,900,-0.718853,-22.123489,13.798261,0.359127,0.052316,-0.239496,-0.001703,-0.05551,0.3,196.455
710,cruise,3811.927839,78.702007,28.48337,106.332861,177.863554,652.989206,27.598399,0.258359,10.386266,19.420436,2961.93907,oil_pressure_drop,1,3,500,900,-0.494963,-22.33918,14.603729,-0.403087,-1.321676,0.07172,0.006537,0.077045,0.3,196.45
711,cruise,3802.097326,75.979794,28.843787,106.013268,180.053308,653.794598,27.114593,0.247445,10.087591,20.296249,3108.832525,oil_pressure_drop,1,3,500,900,0.414671,-22.504429,13.218025,-0.195532,0.472089,0.223991,-0.004043,-0.062575,0.3,196.445
712,cruise,3818.253986,76.014385,28.930542,105.88899,180.031222,653.528439,27.398978,0.242375,10.024558,17.328928,2989.180341,oil_pressure_drop,1,3,500,900,-4.45479,-21.629143,14.037945,-0.074476,0.196548,-0.155978,0.006042,-0.127229,0.3,196.44
713,cruise,3820.659951,77.264353,28.517044,106.960085,179.456328,650.482615,27.566343,0.247302,10.265663,18.948281,3338.335451,oil_pressure_drop,1,3,500,900,-3.953763,-22.219486,14.086705,-0.187485,0.489747,0.282385,-0.003073,0.042312,0.3,196.435
714,cruise,3781.309011,76.23641,28.847187,106.064877,178.117978,652.135711,27.338817,0.245222,10.163857,18.287397,3164.825086,oil_pressure_drop,1,3,500,900,1.021484,-21.608029,14.571588,-0.013804,0.006011,0.031863,0.003073,-0.030181,0.3,196.43
715,cruise,3781.814725,75.856287,29.239924,105.771346,180.722352,653.413835,27.215321,0.256305,10.011819,18.400284,3050.542633,oil_pressure_drop,1,3,500,900,-2.53795,-21.389114,14.087929,0.354231,-2.269705,-0.277222,-0.002894,-0.017786,0.3,196.425
716,cruise,3813.248759,76.467995,28.636249,106.197006,180.105777,650.817733,27.427322,0.248691,10.107153,19.264572,3310.44675,oil_pressure_drop,1,3,500,900,4.28506,-22.67166,13.482137,-0.803113,0.450739,0.090971,0.006364,0.003201,0.3,196.42
717,cruise,3839.870393,76.099721,28.276072,106.899785,179.964294,655.685723,27.371989,0.254793,10.012244,19.583137,3254.569705,oil_pressure_drop,1,3,500,900,-2.3462,-21.902547,13.310119,-0.799642,1.575852,-0.058389,0.003639,0.102467,0.3,196.415
718,cruise,3820.914878,77.845358,28.689517,106.990876,176.563621,652.222481,27.148346,0.24577,10.470025,17.993047,3008.417382,oil_pressure_drop,1,3,500,900,2.09304,-22.1275,13.703114,0.783401,-0.901189,0.198013,0.004983,-0.050613,0.3,196.41
719,cruise,3789.117881,76.012084,28.150087,105.699848,177.874479,655.019691,26.872915,0.245953,10.327641,17.466107,3148.578738,oil_pressure_drop,1,3,500,900,6.31277,-21.710343,14.059421,-0.168661,0.173424,0.070715,-0.002985,-0.020786,0.3,196.405
720,descent,3534.621454,55.773273,29.493194,106.901947,170.250763,600.209424,24.349679,0.25118,7.058501,19.678613,3305.3754,oil_pressure_drop,1,3,500,900,5.430156,-21.75925,13.420951,-0.619317,-1.21219,0.17173,0.010008,0.077736,0.3,196.4
721,descent,3524.450802,56.164609,28.530836,105.7481,168.549243,603.561104,24.218298,0.247419,7.02918,19.785952,3354.541603,oil_pressure_drop,1,3,500,900,1.35973,-22.209385,14.22319,-0.81811,-0.450705,-0.03888,-0.001102,-0.04025,0.3,196.395
722,descent,3498.317457,55.405797,28.580325,105.946083,169.838277,600.326558,24.002055,0.246468,7.175916,16.996885,3253.571375,oil_pressure_drop,1,3,500,900,5.413819,-21.858892,13.078299,0.229313,-1.129759,-0.024322,0.001608,0.042224,0.3,196.39
723,descent,3546.517488,57.474646,28.205712,106.238885,170.062248,604.533376,24.440262,0.244922,6.979067,16.917598,3211.704317,oil_pressure_drop,1,3,500,900,1.069188,-21.419181,14.018767,-1.135004,-2.807044,-0.078059,-0.003446,0.09881,0.3,196.385
724,descent,3522.963009,57.006179,28.304802,105.734986,171.06066,599.106664,24.206216,0.245926,7.065197,20.267425,3177.903354,oil_pressure_drop,1,3,500,900,0.59992,-21.617872,12.869521,0.231717,0.171756,-0.079561,-0.00181,0.033542,0.3,196.38
725,descent,3512.833225,54.550177,28.031037,106.234492,168.081992,602.082096,24.324655,0.251698,7.128294,18.922568,3231.814414,oil_pressure_drop,1,3,500,900,-1.016467,-22.509221,14.380368,-1.400461,-1.435223,-0.148763,0.000734,0.084866,0.3,196.375
726,descent,3488.038054,56.927298,28.882297,106.983414,169.937395,603.636165,24.491273,0.245154,7.197321,19.37959,3274.570492,oil_pressure_drop,1,3,500,900,-0.650904,-22.225895,13.266828,-0.304344,0.957476,-0.144753,-0.009416,0.210483,0.3,196.37
727,descent,3482.731939,54.934806,27.997542,107.056578,169.071266,608.981569,24.579581,0.248615,7.376461,19.215137,3151.726851,oil_pressure_drop,1,3,500,900,0.427771,-22.220473,13.515605,-0.452156,3.771257,0.098467,-0.00161,0.118427,0.3,196.365
728,descent,3484.007668,57.097494,28.083248,106.054366,169.955804,607.668252,24.367975,0.246513,6.934314,18.014969,3220.999845,oil_pressure_drop,1,3,500,900,2.074935,-22.340702,14.298162,-0.126935,-0.695253,0.071617,-0.009625,-0.126812,0.3,196.36
729,descent,3507.515151,55.922568,28.375641,105.134854,168.335667,600.006958,24.063203,0.245514,7.138286,17.139184,3207.375791,oil_pressure_drop,1,3,500,900,4.370526,-21.737082,14.018721,-0.299491,-0.075999,0.084655,0.006236,-0.007494,0.3,196.355
730,descent,3506.589177,57.580864,29.677124,108.058566,166.95353,601.382138,24.321931,0.250225,7.106643,18.020725,3134.208726,oil_pressure_drop,1,3,500,900,-1.072983,-21.975816,13.524686,0.682621,-0.674438,-0.241973,0.009296,-0.04115,0.3,196.35
731,descent,3526.032745,57.740439,28.528953,104.850157,169.550843,602.119034,24.254641,0.246161,7.275001,18.609047,3146.59663,oil_pressure_drop,1,3,500,900,-2.317268,-23.220685,13.561694,-1.266866,1.011874,0.101658,0.00258,-0.054201,0.3,196.345
732,descent,3482.056395,57.861118,28.176162,106.921706,169.955944,606.402588,24.469703,0.257634,7.13727,18.754175,3125.193383,oil_pressure_drop,1,3,500,900,1.653172,-21.132936,13.861979,0.040571,0.583661,0.17637,0.005802,0.057574,0.3,196.34
733,descent,3511.494349,55.503781,29.232947,107.164231,168.332844,602.37225,24.368593,0.240222,7.096681,17.819789,3115.84798,oil_pressure_drop,1,3,500,900,3.034145,-22.141151,14.427652,-0.283509,2.256801,-0.076304,0.00447,0.050426,0.3,196.335
734,descent,3476.577923,56.661814,28.832513,106.683073,168.131251,605.378457,24.276504,0.24654,7.102569,17.81431,3361.006871,oil_pressure_drop,1,3,500,900,1.032978,-22.010383,14.174185,-0.017996,0.01726,-0.063586,0.003001,-0.09337,0.3,196.33
735,descent,3504.550172,57.55682,27.537523,106.765093,171.055886,606.219141,24.233481,0.247109,7.175993,19.035561,3204.217883,oil_pressure_drop,1,3,500,900,-1.075435,-22.327091,13.269114,-0.015809,-1.330847,0.07386,0.004195,-0.143186,0.3,196.325
736,descent,3500.460371,55.921217,28.036078,106.33434,169.760717,599.815095,24.164663,0.23825,6.95889,18.958161,3232.701359,oil_pressure_drop,1,3,500,900,-1.732837,-22.340532,14.516746,1.522253,0.065089,-0.097207,-0.003948,-0.110514,0.3,196.32
737,descent,3507.752102,55.910555,28.791827,105.559737,169.344445,601.778843,24.589517,0.246313,7.045796,20.039973,3369.298546,oil_pressure_drop,1,3,500,900,-0.995945,-22.414574,14.562177,-0.786524,-2.238452,0.14356,-0.005463,0.074113,0.3,196.315
738,descent,3500.312781,55.36425,28.719441,106.356485,169.595873,599.675664,24.015469,0.239757,7.31315,18.834106,3119.127048,oil_pressure_drop,1,3,500,900,-1.277202,-22.375581,14.095156,-0.211771,0.585154,0.007654,0.003702,0.029169,0.3,196.31
739,descent,3510.672008,57.024385,27.892465,107.005124,170.497513,601.975978,24.53424,0.248457,7.132718,18.370326,3011.192657,oil_pressure_drop,1,3,500,900,2.677113,-21.829245,14.748717,-0.828992,1.033228,-0.153254,-0.003653,0.043113,0.3,196.305
740,descent,3490.766469,59.319305,28.269068,106.352849,167.121485,602.964162,24.41477,0.238505,7.036048,19.046794,3317.805107,oil_pressure_drop,1,3,500,900,-3.708808,-22.340497,13.892601,0.779804,-0.694633,0.141953,-0.006406,0.048075,0.3,196.3
741,descent,3481.414172,57.072082,28.370642,105.607877,168.970196,602.815077,24.258864,0.254875,7.151225,20.771092,3081.563805,oil_pressure_drop,1,3,500,900,0.0445,-21.966631,13.715401,1.427612,-0.779254,0.171219,-0.001447,-0.010396,0.3,196.295
742,descent,3493.773841,55.668779,29.059401,105.656353,169.981754,599.314399,24.179449,0.256769,7.255137,19.832263,3097.323382,oil_pressure_drop,1,3,500,900,1.330983,-22.16101,14.57683,1.559219,-3.269632,-0.01554,-0.002681,-0.002,0.3,196.29
743,descent,3516.851347,56.401163,27.926649,106.547578,169.309904,604.534109,24.129323,0.249531,7.163579,19.306225,3300.612894,oil_pressure_drop,1,3,500,900,-0.760097,-22.526291,14.810023,0.120493,0.81037,-0.078126,-0.000472,0.0467,0.3,196.285
744,descent,3507.794595,57.241693,28.851238,106.544053,169.213203,598.893661,24.516682,0.253425,7.04091,16.201532,3294.181546,oil_pressure_drop,1,3,500,900,-0.03427,-21.798734,14.518808,-0.055614,0.806651,0.091845,-0.007116,0.119644,0.3,196.28
745,descent,3524.00061,59.751274,28.946359,106.647853,168.809002,597.970271,24.145296,0.241042,7.080168,19.917817,3238.206987,oil_pressure_drop,1,3,500,900,2.447849,-21.769166,14.416827,0.683858,0.846889,-0.134079,0.000663,-0.070245,0.3,196.275
746,descent,3529.082547,57.602435,28.897242,105.853149,168.563874,605.852832,24.433196,0.255068,7.279348,18.53377,3297.527481,oil_pressure_drop,1,3,500,900,-10.306061,-21.797545,14.333945,-1.861663,-2.304654,0.238671,0.011325,-0.025752,0.3,196.27
747,descent,3503.866715,56.149312,28.077325,106.559509,170.920022,597.968754,24.196966,0.254283,7.084074,16.284194,3329.963323,oil_pressure_drop,1,3,500,900,-2.704201,-22.219282,14.479192,0.204437,-1.666248,0.059723,0.004442,0.024813,0.3,196.265
748,descent,3493.725699,54.079215,28.423373,105.992006,167.795112,602.393012,24.405844,0.240014,7.116695,18.186753,3391.558068,oil_pressure_drop,1,3,500,900,-0.735931,-22.575997,14.020993,-0.213927,-1.297594,-0.191801,-0.003762,-0.056865,0.3,196.26
749,descent,3511.180433,57.304269,28.7015,106.783304,169.246306,602.000824,24.269736,0.241959,7.321911,19.911846,3163.758219,oil_pressure_drop,1,3,500,900,1.84398,-22.125295,13.960919,0.968811,-0.455315,-0.098143,0.007486,0.068833,0.3,196.255
750,descent,3515.12876,56.837639,28.636301,106.735093,170.240375,604.694845,24.313635,0.237679,6.945416,17.989938,3265.953401,oil_pressure_drop,1,3,500,900,-1.222362,-21.960774,14.198699,0.072893,-1.836584,0.303289,0.003115,-0.082214,0.3,196.25
751,descent,3519.613127,54.556436,28.031165,106.16855,171.040779,600.245482,24.464295,0.253205,6.96716,18.579366,3309.268219,oil_pressure_drop,1,3,500,900,2.561465,-22.17176,14.060176,-1.301784,0.43121,0.014948,-0.00658,0.03194,0.3,196.245
752,descent,3501.825331,56.594307,29.160986,105.963609,169.689961,597.817151,24.305759,0.23782,7.256534,19.222715,3218.743945,oil_pressure_drop,1,3,500,900,3.982365,-21.927077,14.414162,2.111138,-1.841321,-0.151549,0.00105,-0.017074,0.3,196.24
753,descent,3520.142912,57.252549,28.429375,106.092035,168.991238,603.471695,24.076027,0.251333,6.957972,19.828646,3187.686954,oil_pressure_drop,1,3,500,900,2.209289,-21.620626,13.262312,-0.461499,0.434903,-0.198291,-0.002188,-0.019842,0.3,196.235
754,descent,3509.484868,56.794994,28.04996,104.810748,169.624853,604.273643,24.3386,0.246261,7.060903,18.91371,3166.141586,oil_pressure_drop,1,3,500,900,-0.74172,-21.485735,13.551387,-0.789754,-1.102232,0.230195,0.002968,0.116683,0.3,196.23
755,descent,3529.567941,55.917182,28.427761,105.839426,168.509064,602.048748,24.434598,0.249718,7.28515,18.719536,3096.950946,oil_pressure_drop,1,3,500,900,-1.222539,-22.049045,14.182442,-1.217872,-0.809925,-0.000555,-0.0079,0.04046,0.3,196.225
756,descent,3489.795935,56.258266,28.708868,106.184331,170.692193,599.840294,24.218566,0.252309,7.130458,19.113187,3331.689339,oil_pressure_drop,1,3,500,900,-3.351522,-22.441622,14.647876,-0.033959,-1.52698,0.108164,0.002638,-0.080297,0.3,196.22
757,descent,3523.02225,57.492888,28.672567,106.112946,168.264862,601.084596,24.435749,0.247418,7.088378,17.707303,3176.955549,oil_pressure_drop,1,3,500,900,-2.782449,-22.631815,13.381381,-0.825293,-1.183967,0.008486,0.010519,-0.02106,0.3,196.215
758,descent,3524.508594,53.754013,28.774916,105.349885,170.565394,600.223632,24.178566,0.250843,6.888509,17.736679,3192.712316,oil_pressure_drop,1,3,500,900,2.017166,-22.345445,14.026347,0.830491,3.164028,-0.015437,-0.001513,0.041542,0.3,196.21
759,descent,3521.859877,56.236798,28.679857,106.027242,167.965858,604.130483,24.434057,0.256034,7.266403,18.867684,3192.517572,oil_pressure_drop,1,3,500,900,2.648669,-21.796103,13.640719,1.494741,-1.845265,-0.219077,-0.003399,0.003095,0.3,196.205
760,descent,3533.693924,55.899575,27.77551,106.360135,170.116224,605.641784,24.06813,0.246893,7.181276,18.688423,3040.87547,oil_pressure_drop,1,3,500,900,0.151873,-21.815259,14.464936,0.872983,1.474989,0.067619,0.003071,0.008357,0.3,196.2
761,descent,3500.889622,57.777812,28.830371,105.979697,170.43997,605.773026,24.371086,0.244089,7.27339,19.76615,3196.354383,oil_pressure_drop,1,3,500,900,-2.469002,-22.189776,13.807422,-0.732051,-1.281074,-0.055609,-0.003402,-0.046234,0.3,196.195
762,descent,3455.735119,55.332525,29.062359,106.286777,168.518607,607.268043,24.530502,0.25291,6.96805,18.205852,3215.782549,oil_pressure_drop,1,3,500,900,1.67485,-22.159901,13.612726,-0.067455,-1.20848,-0.096792,0.00938,-0.022986,0.3,196.19
763,descent,3481.653134,55.016881,28.42576,105.498684,167.508575,601.252323,24.007823,0.250628,7.27801,18.510782,3316.100134,oil_pressure_drop,1,3,500,900,2.018538,-22.226936,14.132222,-0.503187,-0.32014,-0.08325,-0.002503,0.113801,0.3,196.185
764,descent,3504.820427,55.725539,29.997894,107.097923,170.019816,600.778697,24.516224,0.247204,7.330319,20.056995,3168.63445,oil_pressure_drop,1,3,500,900,1.512217,-22.749594,14.195975,0.495627,0.983133,0.430061,0.003319,-0.022143,0.3,196.18
765,descent,3485.720084,56.582131,28.307836,105.587715,168.162412,602.480455,24.083172,0.241587,7.071578,19.586833,3060.261682,oil_pressure_drop,1,3,500,900,-1.22664,-22.070492,13.129777,1.057749,0.022457,-0.003388,0.004991,-0.077125,0.3,196.175
766,descent,3521.996205,56.617623,28.448699,106.096541,169.525585,605.097087,24.441817,0.24681,7.195377,19.089423,3380.358979,oil_pressure_drop,1,3,500,900,-3.347725,-22.481605,14.22381,-0.270259,-0.820216,0.198124,0.001521,-0.076844,0.3,196.17
767,descent,3470.972041,56.747923,28.232613,106.80016,169.516949,597.540997,24.166322,0.250153,7.123801,17.77715,3149.66795,oil_pressure_drop,1,3,500,900,-4.203227,-21.188427,14.13634,-0.277005,0.235605,0.01447,-0.001324,0.072721,0.3,196.165
768,descent,3529.00692,56.277528,27.90365,105.030991,168.035053,598.48397,24.58899,0.236498,7.251701,19.382245,3197.625538,oil_pressure_drop,1,3,500,900,1.567814,-22.338616,14.031658,-0.223315,-0.606846,0.098064,0.000861,0.016988,0.3,196.16
769,descent,3496.125882,55.970595,29.233158,105.502215,168.385903,601.861273,24.314573,0.249808,7.305189,18.936822,3203.527824,oil_pressure_drop,1,3,500,900,-2.667315,-22.27104,14.564784,-0.617924,-1.263883,-0.029752,0.005278,-0.032457,0.3,196.155
770,descent,3485.735439,55.269933,27.913433,106.391326,170.064119,607.681924,24.393084,0.248827,7.202918,19.895195,3131.325774,oil_pressure_drop,1,3,500,900,1.356016,-21.482652,13.590229,0.390081,-1.328267,-0.12919,0.000353,0.032706,0.3,196.15
771,descent,3529.158501,54.360355,28.696146,105.257011,168.556782,603.750871,24.303986,0.242209,7.043796,17.210144,3072.041609,oil_pressure_drop,1,3,500,900,1.013014,-21.820595,13.815338,-0.448182,-0.269216,0.002402,-0.002569,0.033546,0.3,196.145
772,descent,3497.026112,57.167237,27.688781,106.682611,170.599203,602.441079,24.263592,0.253138,6.871659,19.469903,3153.258939,oil_pressure_drop,1,3,500,900,-5.591557,-22.192055,14.081484,-1.585021,0.618113,0.070072,0.00145,-0.074239,0.3,196.14
773,descent,3544.316776,58.052742,28.792087,104.931286,170.95143,600.554747,24.17166,0.2413,7.238081,16.718626,3134.828228,oil_pressure_drop,1,3,500,900,-1.775111,-21.524055,14.72072,-0.487892,3.125909,0.210927,0.006265,-0.015155,0.3,196.135
774,descent,3481.392369,55.570443,28.377664,105.701279,168.342786,600.730392,24.557887,0.252279,7.144222,19.783928,3113.634389,oil_pressure_drop,1,3,500,900,-5.240359,-21.10272,13.854331,1.747905,0.258369,-0.035516,-0.010205,0.043289,0.3,196.13
775,descent,3519.414252,57.458817,28.44872,106.720454,168.634935,604.692893,24.161198,0.247329,7.331071,17.768615,3321.577936,oil_pressure_drop,1,3,500,900,2.461578,-22.198068,13.998926,0.799881,-0.597771,-0.063203,0.00218,-0.016251,0.3,196.125
776,descent,3500.234089,54.18762,28.710931,105.752229,169.714443,602.414107,24.36566,0.247313,7.354858,18.243947,3238.300459,oil_pressure_drop,1,3,500,900,5.271464,-22.437461,14.374792,-0.435114,0.036841,-0.136023,0.008043,0.071298,0.3,196.12
777,descent,3517.93434,57.393974,28.438264,105.741068,169.083815,605.715414,24.250949,0.247482,6.977187,18.406803,3236.674206,oil_pressure_drop,1,3,500,900,0.61635,-21.535455,13.163475,0.70023,-0.271631,-0.344897,-0.005424,0.095579,0.3,196.115
778,descent,3510.094605,55.143721,28.543583,106.371689,169.56307,604.274711,24.426095,0.248495,7.15332,18.398914,3120.424306,oil_pressure_drop,1,3,500,900,-0.152491,-22.267982,14.132494,-0.451214,-0.767766,0.024234,0.001332,-0.133684,0.3,196.11
779,descent,3509.870332,57.076135,28.396367,106.345444,168.38546,600.659481,24.665865,0.24573,7.173738,18.865316,3218.365665,oil_pressure_drop,1,3,500,900,-2.271972,-22.268758,13.816475,-1.48824,0.189198,-0.100288,0.003521,-0.059185,0.3,196.105
780,descent,3495.093345,56.146786,28.06989,106.678851,168.517519,604.380029,24.06229,0.238909,7.217928,19.207426,3187.325339,oil_pressure_drop,1,3,500,900,2.073791,-22.271014,13.555322,0.864009,-0.621407,0.106814,0.013488,0.010718,0.3,196.1
781,descent,3522.22005,56.811924,27.89111,105.689268,169.481449,603.39597,24.15123,0.246537,7.202579,17.620238,3339.259045,oil_pressure_drop,1,3,500,900,1.825603,-21.620826,14.72339,-0.195814,-1.065727,0.128741,0.001712,-0.019608,0.3,196.095
782,descent,3499.68228,56.268842,29.024993,106.176502,168.325224,601.756286,24.490934,0.244829,7.308625,17.770879,3137.124813,oil_pressure_drop,1,3,500,900,3.12904,-21.99118,13.976172,-1.742617,2.711806,-0.107302,0.00277,-0.075993,0.3,196.09
783,descent,3517.611357,55.320999,29.31035,106.88213,169.33998,598.416815,24.502877,0.252159,6.98492,19.139455,3289.614884,oil_pressure_drop,1,3,500,900,1.653194,-22.136215,14.297467,-0.238807,0.979552,0.190601,-0.001301,-0.057999,0.3,196.085
784,descent,3504.617129,55.353214,29.27763,105.984534,170.307472,604.923768,24.474698,0.252657,7.484637,18.484633,3168.613745,oil_pressure_drop,1,3,500,900,0.567069,-22.22374,14.029744,0.427136,-1.874076,-0.124572,-0.00486,-0.083539,0.3,196.08
785,descent,3498.328424,56.768854,28.941892,106.158192,168.019524,600.651298,24.491441,0.248424,7.256016,18.606902,3229.954827,oil_pressure_drop,1,3,500,900,0.991819,-22.241616,13.843501,-0.266614,-1.597007,0.016968,4.8e-05,0.14718,0.3,196.075
786,descent,3482.57581,55.98905,28.877908,106.464974,168.442067,601.525991,24.495116,0.252679,7.307636,19.583325,3071.247244,oil_pressure_drop,1,3,500,900,-1.668127,-21.819615,13.799962,-0.00473,2.075393,0.007979,-0.004538,-0.1554,0.3,196.07
787,descent,3503.402452,55.168228,29.326519,106.415876,167.975625,604.400873,24.272085,0.246772,7.148911,19.403616,3179.947273,oil_pressure_drop,1,3,500,900,-1.423893,-22.00182,13.593365,-0.975745,-0.776036,0.212218,-0.010023,-0.06862,0.3,196.065
788,descent,3501.734357,57.336903,28.151434,106.100849,170.439363,601.071544,24.431724,0.240745,7.118612,17.555995,3146.827488,oil_pressure_drop,1,3,500,900,-3.173567,-22.214754,13.909907,0.245791,-0.800925,0.132311,-0.005991,0.045912,0.3,196.06
789,descent,3515.192511,54.763265,27.962637,105.182473,169.537779,603.359097,23.992796,0.253602,7.049358,19.01194,3197.151413,oil_pressure_drop,1,3,500,900,-4.851077,-21.55587,14.430039,-0.740856,0.018044,0.033383,-0.005161,-0.138171,0.3,196.055
790,descent,3509.660097,56.163074,28.055027,106.334436,167.095889,603.155081,24.212527,0.252041,7.201188,20.561648,3176.086313,oil_pressure_drop,1,3,500,900,3.08787,-21.634644,13.412372,-0.278446,-2.446507,-0.165875,-0.002719,0.017458,0.3,196.05
791,descent,3472.145258,55.655656,28.09091,105.580788,169.157868,601.814562,24.219104,0.240333,7.044621,17.375385,3310.297859,oil_pressure_drop,1,3,500,900,-0.596127,-21.780959,13.484049,-0.058288,0.653719,0.015514,-0.006633,-0.045455,0.3,196.045
792,descent,3481.194294,55.334627,27.437761,105.986763,169.782323,604.877452,24.295116,0.251871,7.102413,19.315054,3250.768649,oil_pressure_drop,1,3,500,900,0.703797,-22.694364,14.370636,1.146731,0.410621,0.139192,0.002579,-0.003544,0.3,196.04
793,descent,3517.907361,56.941401,27.920773,105.669186,169.984762,605.708843,24.382764,0.252665,7.055995,20.281411,3140.878443,oil_pressure_drop,1,3,500,900,-1.808058,-21.189496,13.954163,-1.698388,0.540012,-0.046377,-0.001459,0.070125,0.3,196.035
794,descent,3529.814747,57.522779,28.573124,105.129179,169.995368,600.160449,24.439232,0.25033,6.939899,20.257536,3177.680715,oil_pressure_drop,1,3,500,900,-1.157651,-22.071391,14.38,0.070129,1.722014,0.011964,0.001154,0.017354,0.3,196.03
795,descent,3511.887965,54.672276,27.743163,106.197848,168.822172,601.157972,24.310949,0.244438,7.04135,19.490586,3159.875653,oil_pressure_drop,1,3,500,900,-6.314466,-22.06905,14.487388,1.663752,-0.163423,-0.108318,-0.005697,0.010951,0.3,196.025
796,descent,3525.558524,55.39904,28.79799,106.226203,169.860215,601.427,24.405403,0.258966,7.004645,19.469333,3196.967489,oil_pressure_drop,1,3,500,900,-0.079321,-21.975652,14.698023,-0.592914,-2.017876,-0.053323,-0.002079,0.031192,0.3,196.02
797,descent,3500.022493,57.689228,27.73572,106.192254,169.672331,600.351603,23.89044,0.249095,6.991242,18.327613,3280.475889,oil_pressure_drop,1,3,500,900,0.860554,-22.053412,14.33055,-0.150064,-0.198016,0.182511,0.000395,-0.003913,0.3,196.015
798,descent,3525.535317,57.16796,28.048876,106.273339,170.518325,602.140581,24.604472,0.245301,7.130838,17.676465,3183.322179,oil_pressure_drop,1,3,500,900,2.471725,-22.267863,13.832326,-0.073761,-0.125995,-0.073288,0.008665,-0.035551,0.3,196.01
799,descent,3524.4648,55.273434,28.71609,106.475088,167.620385,602.814905,24.384267,0.254842,7.244721,19.044601,2956.468218,oil_pressure_drop,1,3,500,900,3.197974,-21.35323,12.475877,-0.921195,3.005359,0.122548,-0.00338,-0.045878,0.3,196.005
800,descent,3489.784309,57.377293,27.568334,106.379642,170.427428,605.419436,24.107318,0.248455,7.074929,18.61136,3131.495399,oil_pressure_drop,1,3,500,900,-2.974458,-21.698765,13.466292,-0.569958,-0.197188,0.100674,-0.003726,-0.05706,0.3,196.0
801,descent,3496.882529,56.356262,29.068399,106.381343,168.905601,599.390734,24.718933,0.255378,6.974195,19.108546,3201.038904,oil_pressure_drop,1,3,500,900,5.490748,-22.369562,12.914934,-0.165169,-0.429681,-0.095537,0.001313,0.084614,0.3,195.995
802,descent,3532.213806,55.729296,28.80283,105.57692,169.143867,609.093324,24.331445,0.248806,6.957445,19.888755,3003.926714,oil_pressure_drop,1,3,500,900,1.988848,-22.256202,14.207305,0.129409,2.056503,0.079601,-0.000398,-0.106026,0.3,195.99
803,descent,3535.913627,55.957639,28.58163,105.922124,170.435045,604.918122,24.311705,0.247739,7.261333,19.810661,3351.308028,oil_pressure_drop,1,3,500,900,2.174626,-21.474337,14.496839,-2.204466,0.727473,0.016643,0.003323,-0.05263,0.3,195.985
804,descent,3539.619813,57.014877,28.111162,106.041072,168.94678,602.052886,24.164993,0.248096,7.230825,16.743768,3322.330632,oil_pressure_drop,1,3,500,900,-0.82138,-22.763282,13.715745,-0.206759,2.327184,-0.034674,-0.001795,0.159465,0.3,195.98
805,descent,3498.622803,56.76942,28.231216,106.609828,169.751521,606.3917,24.432922,0.245182,6.99533,19.435489,3259.728204,oil_pressure_drop,1,3,500,900,4.005031,-22.784986,13.745021,1.498141,-1.032744,-0.271841,-0.006806,-0.001117,0.3,195.975
806,descent,3496.014547,56.528877,28.231969,106.143298,167.278081,600.818542,24.24479,0.247374,7.294448,16.196713,3295.246092,oil_pressure_drop,1,3,500,900,-3.340305,-21.633423,15.109264,0.216105,1.807654,-0.046416,0.00068,-0.113005,0.3,195.97
807,descent,3524.551926,56.109148,28.338852,106.205782,168.066048,602.093813,24.372101,0.248386,7.153509,19.503977,3257.11326,oil_pressure_drop,1,3,500,900,0.412894,-21.607822,14.342027,-0.000783,0.722773,-0.123257,0.003195,0.05467,0.3,195.965
808,descent,3504.744431,55.818388,28.413872,106.455614,169.26535,596.056082,24.235937,0.249332,7.131813,19.204257,3235.764326,oil_pressure_drop,1,3,500,900,-0.147954,-22.28037,13.605009,0.023636,-0.11457,0.107257,-0.00318,0.005602,0.3,195.96
809,descent,3473.613044,53.864666,28.969257,106.410751,170.69301,601.501941,24.088776,0.258092,7.07608,18.811422,3209.189512,oil_pressure_drop,1,3,500,900,-0.465512,-22.284726,14.500759,-0.457694,-0.260206,-0.186948,0.004408,-0.021167,0.3,195.955
810,landing,3445.900631,51.991907,28.483043,106.009551,164.361373,591.625454,23.225965,0.24841,7.12972,18.664483,3091.458677,oil_pressure_drop,1,3,500,900,-2.279499,-21.960229,13.595571,1.234022,1.975759,0.078758,-0.00278,-0.011604,0.3,195.95
811,landing,3468.15066,52.173535,28.564026,105.90594,164.939795,586.197209,23.312928,0.257739,6.998285,19.675345,3140.885405,oil_pressure_drop,1,3,500,900,3.208694,-22.462085,13.750389,0.496236,-0.886719,-0.044528,0.003654,-0.070757,0.3,195.945
812,landing,3450.161278,51.136679,28.290166,105.014587,164.891053,593.139706,23.110575,0.244649,6.927153,18.537759,3169.332894,oil_pressure_drop,1,3,500,900,1.035495,-22.303603,13.61243,-0.908441,-0.788261,0.347998,0.002724,-0.030292,0.3,195.94
813,landing,3448.770262,51.439142,28.478836,106.591316,162.811851,589.856316,23.429063,0.24895,7.266622,19.947705,3256.813647,oil_pressure_drop,1,3,500,900,-1.994112,-22.180676,14.911128,1.044755,2.225003,-0.115529,-0.00925,0.012317,0.3,195.935
814,landing,3478.058317,52.489747,28.852828,106.061426,164.925806,593.073583,23.311591,0.255996,7.140296,18.33536,3167.018163,oil_pressure_drop,1,3,500,900,-2.121505,-21.855381,13.032425,0.481441,1.145443,0.075662,7.3e-05,0.019612,0.3,195.93
815,landing,3436.834371,54.081152,28.174688,107.187839,164.570966,588.618839,23.250189,0.248013,7.094304,19.390123,3255.241848,oil_pressure_drop,1,3,500,900,0.595176,-22.886253,14.094657,-0.446329,-2.469633,-0.142982,0.004203,0.050509,0.3,195.925
816,landing,3420.650275,52.160188,28.209329,106.63461,165.581706,589.795532,23.495263,0.247692,7.227861,17.53678,3122.706038,oil_pressure_drop,1,3,500,900,-0.757403,-21.934516,14.315664,1.299706,-1.393833,0.158221,0.002364,0.051974,0.3,195.92
817,landing,3460.215131,50.354314,28.444621,106.061976,163.945797,589.493602,22.943752,0.243802,7.113366,18.71005,3248.025358,oil_pressure_drop,1,3,500,900,1.056266,-22.523199,13.949545,-1.298268,-1.235871,0.167993,0.003439,0.065806,0.3,195.915
818,landing,3491.653367,51.774735,28.284067,106.582908,164.619507,596.508619,23.70314,0.254055,7.218167,19.822376,3265.936248,oil_pressure_drop,1,3,500,900,-1.344682,-21.668394,14.31297,-0.935971,-0.169859,-0.148144,0.001054,0.031425,0.3,195.91
819,landing,3469.946145,53.00709,28.139148,104.906957,163.534773,596.265054,23.361739,0.24244,7.356617,19.326096,3098.908221,oil_pressure_drop,1,3,500,900,-0.701346,-21.713978,14.11371,0.158045,-2.695488,0.042398,-0.00132,-0.050406,0.3,195.905
820,landing,3442.516818,50.470623,28.260357,106.005839,165.749975,589.943615,22.867594,0.252926,7.06671,18.68005,3172.411436,oil_pressure_drop,1,3,500,900,-0.874581,-21.739637,14.074891,-0.243599,0.023787,-0.229389,-0.000395,0.113679,0.3,195.9
821,landing,3429.510524,51.531972,28.824252,106.314457,161.23472,597.088486,23.236121,0.247037,7.23002,18.763848,3071.958683,oil_pressure_drop,1,3,500,900,1.813928,-22.77,14.067263,0.723188,-1.511485,-0.014827,0.002259,0.09718,0.3,195.895
822,landing,3467.05652,50.971188,28.99789,105.494969,163.747144,589.343892,23.156977,0.254422,7.219831,20.463392,3100.459368,oil_pressure_drop,1,3,500,900,0.770362,-21.445062,13.47657,1.015686,-0.504536,-0.178209,0.000936,0.020169,0.3,195.89
823,landing,3473.68504,50.788899,28.916195,105.297418,164.78419,594.447377,23.540098,0.245974,7.18842,19.145769,3038.476855,oil_pressure_drop,1,3,500,900,2.806498,-22.180648,13.515312,-0.163465,-0.21814,-0.081211,0.004803,0.089505,0.3,195.885
824,landing,3457.943154,50.34055,28.996074,105.944889,163.468075,591.347664,23.32356,0.251903,7.274183,16.7598,3174.339153,oil_pressure_drop,1,3,500,900,1.430177,-22.646955,14.917725,0.971533,-0.889407,-0.062368,0.012451,-0.1188,0.3,195.88
825,landing,3465.186226,50.230151,28.668877,106.407851,164.179779,587.318616,23.397892,0.243402,6.893059,20.085697,3192.580573,oil_pressure_drop,1,3,500,900,-1.743825,-21.407824,13.647285,-0.503169,-0.737378,0.104292,-0.001498,-0.014063,0.3,195.875
826,landing,3468.038579,50.227068,29.10887,106.3365,164.278081,589.557386,23.273743,0.245576,7.221128,17.799161,3261.200552,oil_pressure_drop,1,3,500,900,2.465634,-21.589899,13.606252,1.648813,0.222248,0.101284,0.003276,0.071965,0.3,195.87
827,landing,3475.836099,50.176878,28.463236,105.942797,164.504173,595.965387,23.182888,0.240128,7.265385,20.113218,3245.340032,oil_pressure_drop,1,3,500,900,-4.511155,-22.087401,13.874004,0.350676,-0.094117,0.100022,-0.006351,0.063325,0.3,195.865
828,landing,3425.322009,52.671165,28.216643,105.959208,164.220398,592.465966,23.557067,0.246933,7.329447,18.663512,3155.147471,oil_pressure_drop,1,3,500,900,-2.338078,-22.370907,13.765698,1.289496,0.379114,-0.151683,0.001421,-0.077534,0.3,195.86
829,landing,3461.981779,50.899222,28.881482,106.151034,165.587213,589.85389,23.587123,0.238722,7.263111,20.13388,3029.871961,oil_pressure_drop,1,3,500,900,0.638309,-22.188002,14.104539,1.697288,0.27966,-0.082481,-0.004988,0.102041,0.3,195.855
830,landing,3464.157411,51.211261,27.848721,105.757661,164.972965,595.638046,23.151895,0.248842,6.934782,18.753649,3275.871349,oil_pressure_drop,1,3,500,900,-0.555228,-21.655268,14.964712,0.490586,0.683973,-0.132865,-0.000547,0.085821,0.3,195.85
831,landing,3446.592975,50.518566,28.424305,107.428456,164.775284,589.198214,23.259726,0.247489,7.24938,17.47795,3103.094297,oil_pressure_drop,1,3,500,900,-0.516142,-21.816237,13.677463,-0.398791,0.349455,-0.16699,0.002654,-0.187011,0.3,195.845
832,landing,3465.846017,51.906883,27.821584,105.554325,163.480673,593.14448,23.255303,0.24171,7.056436,19.431225,3229.219458,oil_pressure_drop,1,3,500,900,1.824738,-22.109857,13.670791,0.626688,-3.242043,0.205854,0.004006,0.022878,0.3,195.84
833,landing,3476.112014,51.517864,28.681167,106.461289,162.927072,593.27827,23.577147,0.252935,7.401479,18.418222,3176.507626,oil_pressure_drop,1,3,500,900,-4.480809,-22.48926,13.96639,0.754663,-1.311004,0.051235,0.000507,0.242678,0.3,195.835
834,landing,3452.356496,51.445818,28.456864,106.36632,164.61441,595.007797,23.206327,0.249985,7.111777,18.166925,3074.623231,oil_pressure_drop,1,3,500,900,1.283226,-21.981433,14.584852,-0.966796,-2.98804,-0.116453,0.002942,0.141203,0.3,195.83
835,landing,3431.813121,50.95757,29.36952,107.185032,165.297687,592.894293,23.524982,0.239557,7.06679,19.843681,3168.345469,oil_pressure_drop,1,3,500,900,-4.251478,-21.552832,13.785117,-0.688229,-1.300669,-0.140627,0.00411,-0.055157,0.3,195.825
836,landing,3453.612022,51.909496,29.109834,106.107062,162.381656,590.765257,23.355579,0.242755,7.208282,19.463584,3380.092236,oil_pressure_drop,1,3,500,900,-1.956138,-21.969788,13.723766,-0.101358,-2.287275,-0.120164,0.004455,0.122936,0.3,195.82
837,landing,3469.141626,52.364298,28.632599,105.403632,162.210754,593.500873,23.407686,0.251427,7.221034,19.206529,3157.812997,oil_pressure_drop,1,3,500,900,-1.514082,-21.841246,14.52444,-0.18928,2.76795,0.057353,0.000286,0.107035,0.3,195.815
838,landing,3469.469847,51.304697,28.97946,106.83854,160.532778,593.424894,22.952741,0.244077,7.107313,18.284615,3171.03957,oil_pressure_drop,1,3,500,900,-0.592148,-22.016401,13.838902,1.416681,-0.647307,-0.229946,0.00137,0.009886,0.3,195.81
839,landing,3437.687376,49.372174,28.9617,105.731203,164.832907,596.238764,23.339602,0.248961,7.179412,18.639419,3114.422231,oil_pressure_drop,1,3,500,900,-0.134839,-21.801146,13.92735,1.395893,-1.068606,-0.003853,-0.000751,0.021492,0.3,195.805
840,landing,3477.966507,51.221417,27.972692,106.473442,163.419599,592.039646,23.262872,0.243131,7.194828,19.121705,3361.057094,oil_pressure_drop,1,3,500,900,-0.613999,-22.009277,13.180108,0.05323,1.450824,-0.022251,-0.002788,-0.058305,0.3,195.8
841,landing,3468.243648,52.368234,28.758318,105.89857,162.896251,593.934986,23.091497,0.240911,6.903641,17.948376,3152.72799,oil_pressure_drop,1,3,500,900,5.70844,-22.029826,13.622217,1.071963,-1.611437,-0.065437,-0.004001,-0.09245,0.3,195.795
842,landing,3462.17833,52.013528,28.276793,105.972981,163.782114,590.732456,23.093071,0.246576,7.053502,18.948219,3224.275506,oil_pressure_drop,1,3,500,900,3.967703,-21.652116,14.48865,-0.454365,1.137164,-0.075066,0.00032,0.051474,0.3,195.79
843,landing,3443.056644,49.266083,28.544758,105.902932,162.969812,589.220217,22.893156,0.255544,7.385194,19.304265,3292.036385,oil_pressure_drop,1,3,500,900,-1.787923,-22.059509,13.213657,-1.07435,0.738533,0.040101,-0.011256,-0.072141,0.3,195.785
844,landing,3477.824422,51.723184,29.400585,106.124105,164.997899,590.407268,22.900025,0.25414,6.995472,20.453735,3168.427819,oil_pressure_drop,1,3,500,900,1.072717,-22.460468,13.821931,0.565105,1.790165,0.11528,-0.009693,0.059841,0.3,195.78
845,landing,3464.473879,49.533817,28.769159,107.043497,163.500567,595.736771,23.430148,0.246652,7.092538,18.790717,3103.922257,oil_pressure_drop,1,3,500,900,-2.13128,-22.034729,14.791204,0.070487,-3.326852,0.06829,-0.00132,-0.159326,0.3,195.775
846,landing,3475.92004,51.479299,28.824418,106.213116,163.683822,588.944999,23.072336,0.248004,7.107239,17.839088,3128.18675,oil_pressure_drop,1,3,500,900,-2.570296,-22.006745,12.915466,-0.446016,-0.680544,-0.089945,-0.004672,-0.042323,0.3,195.77
847,landing,3466.004587,52.503174,28.43842,105.742146,165.297406,587.373928,23.437722,0.251848,7.275937,18.008132,3218.742122,oil_pressure_drop,1,3,500,900,-1.178537,-21.225826,13.161305,-0.261702,1.191136,0.003411,-0.000644,0.066694,0.3,195.765
848,landing,3420.917389,52.663702,28.567749,107.370438,162.772044,599.858933,23.327775,0.256976,7.082263,17.662122,3115.034227,oil_pressure_drop,1,3,500,900,3.136556,-22.410077,13.921822,-0.130063,1.124138,0.08909,-0.004535,0.134009,0.3,195.76
849,landing,3418.865113,51.557301,28.852514,106.218953,166.169488,583.612339,23.509954,0.243392,7.222323,18.335184,3052.274817,oil_pressure_drop,1,3,500,900,-1.377741,-22.548184,14.273483,-0.15303,2.609354,0.153716,-0.002502,-0.045504,0.3,195.755
850,landing,3455.3719,48.846097,28.917957,106.737137,162.573944,590.320286,22.712771,0.249648,7.07237,17.517627,3272.013515,oil_pressure_drop,1,3,500,900,2.211481,-21.712272,13.492579,-0.155771,-1.178618,-0.230217,-0.003037,0.017285,0.3,195.75
851,landing,3442.673145,51.564929,28.560455,106.140668,165.893779,591.440936,23.380227,0.250863,6.941577,19.21588,3243.32401,oil_pressure_drop,1,3,500,900,1.583891,-22.230763,14.431911,-1.852736,-1.300178,0.097414,0.003876,-0.035031,0.3,195.745
852,landing,3459.961161,51.125205,28.782706,106.021504,164.472028,595.051399,23.269828,0.245554,7.151164,20.189659,3269.15668,oil_pressure_drop,1,3,500,900,0.938149,-21.706524,14.016584,-1.042053,-0.335034,0.080942,-0.003464,-0.050156,0.3,195.74
853,landing,3468.363585,50.367307,27.465553,105.778881,164.392522,587.806471,23.450595,0.246447,7.203753,17.264388,3201.409813,oil_pressure_drop,1,3,500,900,1.393395,-21.640616,14.285626,-1.62346,-2.827276,-0.236918,0.000489,0.020394,0.3,195.735
854,landing,3487.684098,51.216766,28.579447,105.197781,164.065408,595.246867,23.460892,0.251782,7.462679,17.943743,3130.972204,oil_pressure_drop,1,3,500,900,0.299174,-21.773017,13.920478,0.443992,-0.172797,0.087223,0.003406,-0.017481,0.3,195.73
855,landing,3473.348959,50.93284,28.226906,106.563413,165.044976,588.903669,23.235224,0.246571,7.156498,18.308906,3212.088875,oil_pressure_drop,1,3,500,900,-1.637652,-22.154847,13.524817,0.510267,-0.632987,-0.280664,0.012457,-0.116871,0.3,195.725
856,landing,3450.173791,52.979317,28.000817,106.76628,161.488298,598.320993,23.050546,0.239964,7.287317,19.089719,3301.571176,oil_pressure_drop,1,3,500,900,-2.816523,-21.514433,13.715047,0.055294,0.041505,0.399485,-0.007559,-0.033655,0.3,195.72
857,landing,3469.49391,51.57367,28.164963,105.98868,165.505994,588.329204,23.471173,0.25076,7.102604,18.0919,3301.359555,oil_pressure_drop,1,3,500,900,-0.036813,-21.635845,13.83184,-0.712451,0.100303,0.116666,-0.00449,0.095589,0.3,195.715
858,landing,3475.208204,50.054723,29.000925,105.619801,163.111207,594.309951,23.168588,0.243599,7.385593,17.28363,3175.552194,oil_pressure_drop,1,3,500,900,4.585065,-21.661681,13.911304,-0.615059,-0.213592,0.154315,0.00626,0.022141,0.3,195.71
859,landing,3468.285493,52.416484,28.98701,105.10191,165.755742,592.444583,23.487526,0.243334,7.299683,18.719229,3141.018631,oil_pressure_drop,1,3,500,900,-4.704177,-21.734846,13.719406,-1.012203,1.110919,-0.061837,0.006486,-0.042459,0.3,195.705
860,landing,3453.504187,52.340049,28.178368,105.7306,163.358373,590.375937,23.391587,0.243263,7.117791,18.443954,3120.948683,oil_pressure_drop,1,3,500,900,0.790885,-22.186263,14.233591,0.088417,-0.454616,0.049055,0.005149,0.069399,0.3,195.7
861,landing,3485.420101,51.917003,28.105416,106.854981,165.211817,588.574697,23.00155,0.249094,6.909188,19.025064,3235.910371,oil_pressure_drop,1,3,500,900,-1.036907,-21.987033,14.743495,-0.922592,-0.129107,-0.139692,-0.001773,-0.021697,0.3,195.695
862,landing,3476.298643,50.254567,28.596239,105.881455,163.608556,595.860867,23.364977,0.239613,7.251102,18.880766,3120.003458,oil_pressure_drop,1,3,500,900,3.151516,-21.84199,13.908322,-0.124818,0.666894,0.118066,0.008062,0.026225,0.3,195.69
863,landing,3453.272362,51.436422,28.734214,105.934693,162.793705,597.214087,23.06387,0.256057,7.200917,20.120771,3143.505869,oil_pressure_drop,1,3,500,900,-5.911256,-22.107135,14.886919,0.855416,-2.623964,-0.046626,0.008813,0.050284,0.3,195.685
864,landing,3451.955341,52.734391,28.734047,107.123557,165.01328,595.540181,23.362131,0.258552,7.125825,19.660382,3104.161555,oil_pressure_drop,1,3,500,900,-5.943375,-21.727373,13.635878,0.865068,0.560043,0.043212,-0.001575,0.148451,0.3,195.68
865,landing,3458.120528,52.660671,27.498783,105.561028,164.136047,592.410689,23.425615,0.240749,7.181805,16.376078,3176.206658,oil_pressure_drop,1,3,500,900,-0.244461,-22.106097,13.789683,0.275906,1.398286,0.15684,0.008032,-0.060696,0.3,195.675
866,landing,3483.302285,51.056829,28.477234,106.359694,163.936364,591.495471,23.089468,0.248822,7.287948,17.921511,3080.064496,oil_pressure_drop,1,3,500,900,-0.043168,-20.995894,13.927523,-0.777915,2.157462,-0.100625,0.003369,-0.074328,0.3,195.67
867,landing,3465.84538,51.053097,28.886155,106.675679,161.898239,592.998913,23.547129,0.239628,6.859174,18.028269,3197.395753,oil_pressure_drop,1,3,500,900,-4.152335,-22.1017,13.482321,-1.091776,-0.631064,0.277954,-0.002726,0.043726,0.3,195.665
868,landing,3453.684604,50.688249,28.54761,106.217046,163.320788,587.398985,23.305459,0.243167,7.061458,18.421678,3310.653999,oil_pressure_drop,1,3,500,900,-9.518523,-21.718351,14.205692,-0.499748,-1.172121,-0.200855,-0.008931,-0.070481,0.3,195.66
869,landing,3485.889088,50.065372,28.611656,106.557616,163.560536,591.963394,23.249277,0.25083,7.003696,19.771725,3111.570994,oil_pressure_drop,1,3,500,900,0.713419,-22.814113,13.7774,-1.547505,-0.721803,0.067923,-0.003506,0.056352,0.3,195.655
870,landing,3451.152486,50.593049,28.624287,106.252666,162.996619,590.328367,23.218946,0.246331,6.8,16.711104,3141.373503,oil_pressure_drop,1,3,500,900,8.264519,-22.065778,14.044011,-0.360121,0.739911,0.150172,0.002243,0.160138,0.3,195.65
871,landing,3439.158329,50.781056,28.2519,106.358055,164.491537,590.258483,23.530811,0.24695,6.8,18.007862,3080.369364,oil_pressure_drop,1,3,500,900,0.813414,-21.838718,13.699225,-0.404962,-0.617577,0.133653,-0.00238,-0.028049,0.3,195.645
872,landing,3456.856387,51.034192,27.927557,106.599934,165.537539,598.479004,23.248307,0.255887,7.117657,18.254832,3171.532458,oil_pressure_drop,1,3,500,900,6.705809,-22.077058,13.901234,0.256088,-0.864687,-0.297209,-0.000777,-0.05195,0.3,195.64
873,landing,3448.130476,50.935684,28.776582,106.763967,164.081129,594.979447,23.2596,0.24292,6.939358,18.210257,3200.52095,oil_pressure_drop,1,3,500,900,-0.303783,-22.354827,14.308903,-0.957124,2.726844,-0.102312,-0.002238,0.020056,0.3,195.635
874,landing,3444.480758,51.097798,28.593854,105.676018,166.21823,595.062292,23.450445,0.252899,7.133454,18.4819,3248.579093,oil_pressure_drop,1,3,500,900,2.123135,-21.610037,14.207683,-0.036991,-0.423948,-0.055454,0.000606,-0.01679,0.3,195.63
875,landing,3473.138789,52.155828,28.083098,106.680846,165.336159,590.538788,23.248543,0.249594,7.25779,19.42072,3220.636857,oil_pressure_drop,1,3,500,900,-1.692731,-22.277466,13.357412,-1.635302,-1.890655,-0.020995,-0.00568,-0.016624,0.3,195.625
876,landing,3442.052361,50.53744,29.00486,105.976632,163.565962,590.644361,23.47495,0.247807,7.075968,19.195299,3131.159972,oil_pressure_drop,1,3,500,900,2.407392,-22.601804,13.238537,1.939507,0.037867,-0.041458,0.006811,0.064721,0.3,195.62
877,landing,3454.795502,52.382577,27.979348,106.508877,163.792666,595.557821,23.264547,0.251736,7.35397,18.119158,3075.851646,oil_pressure_drop,1,3,500,900,-2.601633,-22.445805,13.899386,1.364199,-1.990861,-0.008906,-0.00344,-0.124588,0.3,195.615
878,landing,3463.417483,51.603358,28.69373,106.243077,165.373761,596.857799,22.88159,0.247444,7.14679,18.410967,3173.965235,oil_pressure_drop,1,3,500,900,-0.174855,-21.601621,14.591167,0.175654,1.523902,-0.115744,-0.005418,-0.001415,0.3,195.61
879,landing,3467.215598,51.226542,30.075844,105.523009,163.195609,588.751434,23.025185,0.252081,6.99049,17.077857,3249.097589,oil_pressure_drop,1,3,500,900,-2.760509,-22.567196,14.656026,0.73461,0.298632,-0.222949,0.002555,0.062813,0.3,195.605
880,landing,3485.405921,49.463729,28.456098,107.160403,164.715105,591.969598,22.970811,0.243913,7.178236,18.961706,3281.512207,oil_pressure_drop,1,3,500,900,0.191976,-22.007092,14.302066,-1.727995,1.304435,-0.210263,-3e-06,-0.086728,0.3,195.6
881,landing,3432.088024,48.681276,29.291299,106.373318,163.813581,595.239646,23.344953,0.249135,7.390439,19.385364,3156.92672,oil_pressure_drop,1,3,500,900,-6.424545,-22.257786,14.050015,-0.38727,1.375406,0.059931,-0.009806,-0.009954,0.3,195.595
882,landing,3477.645258,51.198176,28.665987,105.728608,164.086446,592.591538,23.457932,0.241113,7.249663,18.403233,3114.462787,oil_pressure_drop,1,3,500,900,-1.785528,-22.489134,13.441338,0.113436,-0.684161,0.010334,-0.002811,-0.075058,0.3,195.59
883,landing,3455.71143,50.623136,28.830905,106.024751,164.493717,590.40776,22.984788,0.242652,7.055292,18.999552,3011.144502,oil_pressure_drop,1,3,500,900,-3.181173,-22.258635,14.80833,0.003522,-0.596086,-0.22186,-0.002105,0.116869,0.3,195.585
884,landing,3458.12048,52.488689,29.278779,105.980774,163.320623,591.710711,23.103618,0.248207,7.391507,19.530465,3262.169422,oil_pressure_drop,1,3,500,900,-4.146822,-21.814649,14.609278,-1.327158,-0.681382,-0.035072,-0.001581,-0.094987,0.3,195.58
885,landing,3448.593655,51.283213,28.089391,106.261524,163.869027,595.087255,23.299647,0.246253,7.070037,15.73832,3202.20856,oil_pressure_drop,1,3,500,900,2.746652,-22.056211,14.243194,0.362222,-0.538197,-0.207664,0.003731,0.172506,0.3,195.575
886,landing,3419.146888,52.265109,28.132002,105.190689,164.424211,594.908679,23.244126,0.253695,7.264658,17.729023,3139.546587,oil_pressure_drop,1,3,500,900,-0.010027,-21.848109,14.262625,0.031402,0.823384,-0.075871,0.002359,-0.087081,0.3,195.57
887,landing,3450.550915,50.58851,28.765104,106.188795,164.955099,589.821247,23.224538,0.24713,7.040094,19.205827,3112.21037,oil_pressure_drop,1,3,500,900,2.631529,-21.631741,13.813742,-0.961899,-1.340184,-0.133034,0.006343,-0.093783,0.3,195.565
888,landing,3446.938959,51.823813,28.582156,106.277729,164.045827,588.507941,23.262331,0.251364,7.157261,18.474695,3151.868052,oil_pressure_drop,1,3,500,900,2.244559,-21.466827,14.418009,-0.589286,-0.401065,-0.20786,-0.010441,-0.040493,0.3,195.56
889,landing,3449.58625,52.301978,28.071376,106.409372,165.368567,596.091747,23.252854,0.238959,7.380032,18.428578,3145.426577,oil_pressure_drop,1,3,500,900,-0.516805,-22.009091,14.717491,0.041043,0.492492,-0.154938,-0.003536,-0.069712,0.3,195.555
890,landing,3440.341891,50.591807,28.299912,105.480187,162.674527,596.224517,23.171684,0.245841,7.052633,18.55799,3147.217712,oil_pressure_drop,1,3,500,900,-0.762593,-22.184265,13.721496,-0.857432,-0.216631,0.18569,0.000662,-0.062025,0.3,195.55
891,landing,3467.08568,52.526975,28.797547,106.303576,165.875437,590.680634,23.484053,0.247267,7.301147,18.379131,3335.785317,oil_pressure_drop,1,3,500,900,-0.206029,-22.140344,14.923296,-0.018723,-2.624658,0.033693,-0.006312,0.034699,0.3,195.545
892,landing,3454.838605,51.206438,28.534675,107.486677,164.162262,595.185679,23.189,0.253354,7.178956,19.340481,3264.649134,oil_pressure_drop,1,3,500,900,-2.081557,-22.107598,14.260675,-0.536005,0.586617,-0.19214,-0.004203,0.105742,0.3,195.54
893,landing,3443.362059,51.599338,27.90832,106.071849,165.614406,592.535203,23.115382,0.251766,7.15205,18.973647,3224.282227,oil_pressure_drop,1,3,500,900,3.070374,-21.994119,14.034776,0.575806,-1.589428,-0.048139,-0.001133,0.046717,0.3,195.535
894,landing,3480.359673,50.772211,28.911495,105.809572,163.403202,597.297534,23.525958,0.248309,7.046802,17.65285,3340.754767,oil_pressure_drop,1,3,500,900,0.61081,-22.522191,14.638193,-0.174741,0.469589,0.027476,-0.004243,-0.09802,0.3,195.53
895,landing,3455.712331,50.51182,28.404222,106.650259,164.032502,595.448224,23.457293,0.252484,7.028347,19.213572,3072.009949,oil_pressure_drop,1,3,500,900,0.732707,-21.390467,14.891442,-1.481121,1.539331,0.031679,-0.008607,-0.005509,0.3,195.525
896,landing,3411.297128,51.93601,29.621596,106.73419,166.00071,593.075857,23.472728,0.24522,6.861851,17.778781,3167.228976,oil_pressure_drop,1,3,500,900,-2.734972,-22.545163,13.369504,0.445384,0.79167,0.001835,0.001438,-0.047995,0.3,195.52
897,landing,3502.170328,51.910818,28.82193,106.125359,163.019042,595.650788,23.773868,0.25497,6.898891,19.372839,3328.498217,oil_pressure_drop,1,3,500,900,1.385356,-21.772623,13.971926,0.769411,0.124264,-0.243014,-0.005234,-0.069413,0.3,195.515
898,landing,3468.885004,53.603803,28.382097,106.438829,165.110447,589.701557,23.215479,0.251664,7.092307,17.603008,3077.587195,oil_pressure_drop,1,3,500,900,-1.820165,-21.61253,14.218753,0.308806,1.836819,-0.075637,0.00471,-0.146833,0.3,195.51
899,landing,3465.67383,52.566163,29.476272,107.11936,165.389202,591.004236,23.336728,0.245653,7.061659,18.22444,3340.495121,oil_pressure_drop,1,3,500,900,0.235187,-22.025357,13.256339,0.523624,-0.73399,0.037689,-0.00532,0.011352,0.3,195.505
