timestamp,mission_phase,rpm,throttle,oil_pressure,oil_temp,cht,egt,manifold_pressure,vibration,fuel_flow,ambient_temp,altitude,fault_type,fault_active,fault_severity,fault_start_time,fault_end_time,residual_rpm,residual_oil_pressure,residual_oil_temp,residual_cht,residual_egt,residual_manifold_pressure,residual_vibration,residual_fuel_flow,health_index,baseline_rul
0,idle,3818.829751,25.5,63.573687,87.627783,175.090479,593.502465,22.920222,0.194036,7.880099,21.851094,1118.899918,healthy,0,0,0,0,4.957017,0.059619,0.537727,-0.461306,1.44781,0.203602,0.00584,0.080567,1.0,200.0
1,idle,3825.197162,25.5,63.846345,87.05224,175.018677,594.193196,22.843567,0.19875,8.480969,20.028011,1035.56982,healthy,0,0,0,0,3.857928,-0.214543,0.002306,-0.240047,-0.282095,-0.002622,0.013172,-0.075227,1.0,199.995
2,idle,3821.078183,25.5,63.598579,87.409673,175.526484,595.100748,22.792044,0.200059,8.182296,19.724842,1099.298408,healthy,0,0,0,0,4.652153,-0.037157,-0.077663,1.397688,-1.986337,-0.120119,0.00198,0.05937,1.0,199.99
3,idle,3874.911054,25.5,63.536437,87.737679,175.249985,592.859651,23.098407,0.202997,8.11315,22.005547,1062.248832,healthy,0,0,0,0,1.78494,0.480147,-0.020558,0.20763,-0.613023,-0.156714,0.005895,-0.057893,1.0,199.985
4,idle,3829.64191,25.5,63.424294,87.634311,174.531975,595.591049,23.196063,0.202737,8.288401,19.893354,1063.249762,healthy,0,0,0,0,1.08864,0.29984,-0.153803,0.431802,0.012845,0.041314,0.003862,-0.048872,1.0,199.98
5,idle,3884.833171,25.5,63.737283,87.112929,176.197143,595.745672,22.848853,0.196611,8.046383,21.580839,1283.76834,healthy,0,0,0,0,1.742202,-0.906324,0.167984,0.65095,-1.566686,0.258441,-0.009668,-0.138105,1.0,199.975
6,idle,3863.255431,25.5,63.345333,87.789946,174.819562,591.827815,22.942178,0.198712,8.089261,21.036227,1100.989812,healthy,0,0,0,0,-1.156327,-0.814311,0.732357,0.061111,-0.072541,0.066259,-0.006387,0.231505,1.0,199.97
7,idle,3911.339472,25.5,63.821494,87.75303,174.587778,594.809942,22.9092,0.205756,8.332453,20.597332,1249.148333,healthy,0,0,0,0,3.821975,0.065738,0.45522,0.95032,-0.823148,-0.204019,0.001025,-0.061481,1.0,199.965
8,idle,3835.838422,25.5,62.584576,86.631936,173.794168,592.20444,22.702462,0.215692,8.23095,21.349871,1119.150437,healthy,0,0,0,0,-1.28767,-0.397338,0.262051,-0.187152,0.522973,-0.1795,-0.003906,-0.106974,1.0,199.96
9,idle,3851.714662,25.5,64.013611,87.658084,176.022642,597.723777,22.956065,0.202011,8.256912,23.08715,1207.140071,healthy,0,0,0,0,-3.466568,0.055993,0.381589,-0.295829,-0.31045,0.116062,0.00347,0.106954,1.0,199.955
10,idle,3875.086799,25.5,63.412706,87.18104,175.290264,599.038071,22.851528,0.197139,8.157492,19.927375,1136.08036,healthy,0,0,0,0,-4.84783,-0.69852,-0.201398,0.794007,-0.893936,0.077627,-0.004487,-0.024761,1.0,199.95
11,idle,3805.650817,25.5,63.540473,87.088829,176.281033,595.777917,23.011509,0.206123,7.923038,21.167267,1074.430395,healthy,0,0,0,0,-9.096952,0.185351,0.883145,-0.698608,0.132456,-0.070821,0.002124,0.026167,1.0,199.945
12,idle,3861.258545,25.5,63.208102,86.396736,175.020198,597.025578,23.391447,0.202289,7.965274,20.693624,1013.709343,healthy,0,0,0,0,-0.869123,0.286513,0.251502,0.637831,-0.203047,-0.148567,0.001645,0.083379,1.0,199.94
13,idle,3828.488645,25.5,64.034556,86.752383,172.174954,595.475497,22.894714,0.203421,7.91318,20.606356,1059.449874,healthy,0,0,0,0,-1.775206,0.090195,-0.35988,-1.456414,-0.104608,-0.012387,8.4e-05,0.00191,1.0,199.935
14,idle,3843.114634,25.5,63.831165,87.312856,175.103046,596.072185,23.008696,0.200415,8.107545,22.362471,1231.553631,healthy,0,0,0,0,3.751943,0.064565,-0.291922,0.57088,-3.247473,0.049548,0.003891,0.040634,1.0,199.93
15,idle,3845.477955,25.5,64.052441,86.583189,175.518042,593.431416,23.084967,0.207384,8.056152,20.372868,1220.696197,healthy,0,0,0,0,-2.824113,0.618647,0.779738,-0.469317,-0.102488,0.001408,-8e-06,0.06119,1.0,199.925
16,idle,3828.510897,25.5,63.41789,86.90454,175.589996,594.374353,22.750139,0.198046,8.08201,21.394821,1094.418531,healthy,0,0,0,0,3.405742,0.811125,0.741334,-0.606061,-2.008222,0.049386,0.004867,0.027383,1.0,199.92
17,idle,3850.978723,25.5,63.627784,87.19892,174.894707,592.64188,22.957563,0.202483,7.914783,19.98981,1275.626456,healthy,0,0,0,0,1.757188,0.120979,-0.472917,-0.824944,-1.035798,-0.168673,-0.012311,0.097314,1.0,199.915
18,idle,3852.623933,25.5,63.600279,86.884076,175.185664,596.096803,22.954469,0.203717,8.335464,19.508487,1081.463367,healthy,0,0,0,0,4.159045,0.51975,-0.336545,-1.27175,-1.268716,-0.046302,-0.007269,0.023378,1.0,199.91
19,idle,3869.073116,25.5,64.165622,86.533403,175.157917,593.328272,22.740046,0.198892,8.096562,20.148233,1188.346829,healthy,0,0,0,0,9.7e-05,0.344796,0.788335,-0.043339,-0.005821,-0.092708,0.008463,0.009784,1.0,199.905
20,idle,3847.420498,25.5,63.146557,87.773292,175.25051,594.052354,22.906808,0.201649,8.184165,21.771507,961.359312,healthy,0,0,0,0,-3.237849,0.556179,-0.20421,1.153205,-0.474706,0.007274,-0.007763,-0.090343,1.0,199.9
21,idle,3831.986432,25.5,64.278029,87.222761,174.624565,588.48989,22.774439,0.203355,8.058781,22.238613,1136.132434,healthy,0,0,0,0,-0.294575,0.466541,-0.681214,0.74465,-1.672112,0.120945,-0.0022,-0.074527,1.0,199.895
22,idle,3827.230571,25.5,63.436187,86.759411,175.820315,592.563707,23.010266,0.207977,7.770256,20.34339,1110.422256,healthy,0,0,0,0,-6.619486,0.501615,0.391222,0.165945,0.797997,0.112037,-0.002766,0.144352,1.0,199.89
23,idle,3811.259244,25.5,63.232265,86.269134,174.302963,598.141622,23.110059,0.193705,8.226152,20.182289,1207.753044,healthy,0,0,0,0,-2.173697,0.696643,-0.517213,-0.135934,-0.6713,-0.2433,0.004011,0.098707,1.0,199.885
24,idle,3878.339422,25.5,64.261711,87.781671,175.509089,591.480896,23.015588,0.194335,8.226721,22.683831,1061.220543,healthy,0,0,0,0,3.219431,0.200985,-0.396555,-1.178756,1.657472,-0.205367,-0.001939,0.040006,1.0,199.88
25,idle,3846.920255,25.5,63.432717,87.53051,176.206368,596.551324,23.125592,0.195056,8.133043,20.742955,1084.045716,healthy,0,0,0,0,3.182609,0.16326,0.034918,-0.474085,0.996354,-0.021404,-0.004114,0.039372,1.0,199.875
26,idle,3859.357009,25.5,63.945178,88.190931,175.514704,595.428874,22.953368,0.208164,8.105839,19.611071,1078.626158,healthy,0,0,0,0,0.872436,-0.539755,-0.388775,0.131144,-0.963484,-0.147516,0.003096,-0.066607,1.0,199.87
27,idle,3883.990155,25.5,63.374334,87.118683,176.327041,597.42768,22.607979,0.210724,8.177447,20.481705,951.867964,healthy,0,0,0,0,1.924861,-0.570249,0.369159,0.152886,-0.504165,0.095184,-0.004598,0.119192,1.0,199.865
28,idle,3823.798777,25.5,64.341174,87.600813,177.693595,592.456985,23.008055,0.205844,8.268989,21.334991,1241.193446,healthy,0,0,0,0,-1.522323,-0.291358,0.788444,0.899259,1.502661,0.098429,-0.000745,-0.019952,1.0,199.86
29,idle,3869.136448,25.5,63.085877,87.021889,175.344501,596.420882,23.431358,0.19562,8.077827,20.572117,1069.526981,healthy,0,0,0,0,-1.955982,0.341441,-0.053175,0.994446,0.945521,0.13236,0.004283,-0.117196,1.0,199.855
30,idle,3862.953715,25.5,63.152474,87.822541,175.598648,594.979648,22.867237,0.201827,7.76697,20.414943,1105.790576,healthy,0,0,0,0,1.752248,-0.490319,0.171775,0.171877,-1.493228,-0.036415,-0.007951,0.07029,1.0,199.85
31,idle,3851.47432,25.5,63.58171,87.504944,175.347527,593.512483,22.800631,0.206298,8.266592,20.019472,1017.844919,healthy,0,0,0,0,-2.929188,0.139687,0.338161,-1.294583,-1.059323,0.073176,0.003808,0.051402,1.0,199.845
32,idle,3837.263789,25.5,63.042879,86.210385,175.142566,594.39118,23.033632,0.206248,8.143474,20.961753,1055.025623,healthy,0,0,0,0,-0.862029,-0.313219,0.364177,0.069523,-0.250424,-0.214751,0.001225,-0.117162,1.0,199.84
33,idle,3870.656539,25.5,63.734427,87.029391,175.152553,597.797899,23.013782,0.196684,8.384476,21.402769,1058.402278,healthy,0,0,0,0,3.919872,0.466122,-0.332769,0.31241,0.553668,-0.147067,0.000778,0.118632,1.0,199.835
34,idle,3830.054405,25.5,64.385666,87.187638,176.041501,596.893273,22.760498,0.198543,8.000943,18.747622,1064.181947,healthy,0,0,0,0,2.587428,0.208934,0.861238,0.94614,2.423989,-0.302859,0.00429,0.162996,1.0,199.83
35,idle,3862.580554,25.5,62.650334,87.828752,176.038293,589.366026,22.791735,0.195004,8.1678,20.603937,1144.425999,healthy,0,0,0,0,0.735546,-0.466041,0.772473,-1.058113,-0.717003,0.201881,0.000527,-0.049211,1.0,199.825
36,idle,3822.019201,25.5,63.587717,87.382166,176.393288,593.21424,22.47605,0.199762,7.836595,19.659682,1195.373443,healthy,0,0,0,0,-3.094926,0.126982,0.224798,-0.324368,1.755085,0.065918,-0.008595,0.012025,1.0,199.82
37,idle,3842.369489,25.5,63.351073,87.300006,175.662959,593.863251,23.268458,0.214689,8.099063,21.190739,1197.192163,healthy,0,0,0,0,0.747904,0.54025,0.813205,0.969648,-1.071959,0.107617,0.006864,0.076326,1.0,199.815
38,idle,3854.081238,25.5,63.103252,87.437584,174.678213,594.799002,23.451002,0.202776,7.987304,20.538141,990.583719,healthy,0,0,0,0,-0.968046,0.111987,0.142091,0.436442,1.246671,-0.379125,0.003762,0.038743,1.0,199.81
39,idle,3842.878789,25.5,64.370736,87.688226,172.518204,594.617151,23.006289,0.203629,8.038455,21.965956,1117.921625,healthy,0,0,0,0,0.903083,-0.295638,-0.40939,0.558835,0.051893,-0.098137,-0.004552,0.061832,1.0,199.805
40,idle,3815.930387,25.5,63.625559,85.582938,174.975085,594.542783,22.827075,0.20149,7.953923,21.528262,1140.428949,healthy,0,0,0,0,1.06482,-0.248673,-0.821027,0.482782,0.139689,-0.306487,-0.01143,0.080204,1.0,199.8
41,idle,3863.17413,25.5,63.534907,87.742607,173.493828,591.871148,22.806434,0.200564,8.233616,22.424577,1120.623744,healthy,0,0,0,0,4.425457,-0.353899,-0.642377,1.113101,-0.17232,-0.022496,0.00286,0.047299,1.0,199.795
42,idle,3850.059289,25.5,63.424184,86.801468,174.895411,591.580626,22.660544,0.206161,8.191156,21.615276,1080.415045,healthy,0,0,0,0,0.788108,-0.176937,0.002655,1.277743,-0.086566,-0.276019,-0.008723,-0.080316,1.0,199.79
43,idle,3860.759655,25.5,62.976005,87.15875,176.140351,588.720557,23.160111,0.20417,7.997025,22.842102,1133.461948,healthy,0,0,0,0,1.959023,0.814347,0.566681,0.194371,-0.839353,-0.023563,-0.003161,-0.042791,1.0,199.785
44,idle,3853.378459,25.5,64.135089,87.395568,176.241922,595.0757,22.868286,0.199055,8.026054,20.052305,902.205409,healthy,0,0,0,0,-3.224163,0.196238,0.245757,0.265879,-1.005831,0.051099,-0.007048,-0.112353,1.0,199.78
45,taxi,4033.190089,34.434521,63.473599,86.50471,186.421947,631.374065,24.832661,0.210336,10.011006,21.665393,1040.586325,healthy,0,0,0,0,0.562798,-0.417443,-0.15444,-1.215015,-0.502168,0.196371,0.001143,0.035496,1.0,199.775
46,taxi,4051.961406,34.397585,63.942345,86.506586,186.007844,633.369574,24.871478,0.19596,10.439859,21.298321,1051.828433,healthy,0,0,0,0,3.570885,0.074082,-0.009395,-0.258336,-0.896991,0.006407,0.001517,-0.080056,1.0,199.77
47,taxi,4013.081229,36.12672,63.207631,87.792137,184.944984,635.20271,24.842715,0.193857,10.292817,20.870985,1041.084646,healthy,0,0,0,0,-4.431576,0.709236,0.373343,0.354443,1.46727,0.043879,0.004076,0.077826,1.0,199.765
48,taxi,4017.836846,36.832284,63.619912,86.928893,186.332267,631.681306,25.20554,0.196903,10.249999,21.158495,1122.85272,healthy,0,0,0,0,-0.850033,0.140042,-0.427929,0.057494,0.027361,0.033833,0.003265,-0.008186,1.0,199.76
49,taxi,4044.359378,34.763038,63.618019,86.525523,184.902141,632.470975,24.74914,0.207872,10.287072,21.49039,1121.944071,healthy,0,0,0,0,0.78542,0.48017,-0.111585,0.095048,-1.937436,0.040842,-0.001194,0.10108,1.0,199.755
50,taxi,4061.956573,34.346482,63.221944,87.228015,184.876893,630.616429,24.983406,0.186427,10.168355,20.655098,1182.63815,healthy,0,0,0,0,-1.474781,-1.005335,0.955948,-0.387968,-0.696534,0.101976,-0.003794,-0.174367,1.0,199.75
51,taxi,4067.489142,34.718886,63.622583,87.811961,184.140863,635.805522,24.933655,0.202603,10.102398,19.799656,1250.848194,healthy,0,0,0,0,-3.583472,-0.045442,0.710863,0.134587,-0.792997,-0.004219,-0.008627,-0.057661,1.0,199.745
52,taxi,4022.985928,35.956715,63.737056,86.596444,185.432449,632.94381,24.810071,0.208996,10.122373,19.449488,1077.851866,healthy,0,0,0,0,-3.7428,0.619644,-0.525456,0.679879,0.102467,-0.061329,-0.007529,0.066176,1.0,199.74
53,taxi,4058.181856,34.308558,63.498761,87.657943,184.719539,636.404119,24.700339,0.203165,10.087125,21.387902,1220.05909,healthy,0,0,0,0,-2.87148,0.307903,-0.293794,0.759103,-1.785185,0.210203,-0.001426,-0.129657,1.0,199.735
54,taxi,4067.788078,36.331193,63.279153,87.715103,182.711429,636.60568,24.845826,0.19928,10.027745,20.881379,1211.293889,healthy,0,0,0,0,4.266419,0.282901,-0.178451,0.228153,-0.334116,-0.141486,0.002183,0.110694,1.0,199.73
55,taxi,4082.56421,33.414358,63.130763,86.242677,186.68375,629.804903,24.711668,0.21222,9.927522,20.296354,1115.104684,healthy,0,0,0,0,-0.050515,0.014882,0.183701,0.289685,-2.848987,0.1384,-0.002883,-0.008667,1.0,199.725
56,taxi,4057.158762,34.661288,63.662858,86.535501,184.240091,636.489872,25.216224,0.194875,10.161362,21.132857,1142.165889,healthy,0,0,0,0,-3.753933,0.210636,-0.797195,0.228065,-0.82831,-0.014596,-0.004475,0.003126,1.0,199.72
57,taxi,4022.229634,36.975064,63.681982,86.850214,186.282129,635.005003,24.967751,0.206494,10.198762,21.870624,1107.21728,healthy,0,0,0,0,0.363279,-0.214259,-0.591657,-0.628545,-0.157443,-0.244628,0.004264,-0.080875,1.0,199.715
58,taxi,4039.932072,34.186456,63.664627,87.759389,185.237145,637.848549,24.864739,0.202939,10.199759,21.132469,1150.788257,healthy,0,0,0,0,-3.825728,0.282788,0.764865,-2.169539,-1.317604,0.030334,0.009618,-0.078095,1.0,199.71
59,taxi,4066.34402,36.713598,63.624445,87.590941,185.002831,627.329127,24.991747,0.193997,10.413019,20.948176,1070.905294,healthy,0,0,0,0,3.152582,-0.364983,0.744174,-2.770198,0.200233,-0.069264,0.001941,0.041531,1.0,199.705
60,taxi,4051.98072,36.221805,64.200357,87.314783,185.291719,637.659197,24.70349,0.20077,10.278526,20.858411,1179.027319,healthy,0,0,0,0,-0.630391,-0.234866,0.75616,-0.436659,-0.701081,-0.259323,-0.001331,-0.111698,1.0,199.7
61,taxi,4061.609439,35.230396,63.023498,86.916379,185.417609,634.682888,24.813311,0.209933,9.972982,20.287046,961.901373,healthy,0,0,0,0,-2.323339,0.214436,1.022348,0.953331,2.457746,0.060071,0.001659,0.035201,1.0,199.695
62,taxi,4052.982936,35.321439,63.635796,85.788603,184.330859,635.960409,24.842475,0.193677,10.034971,21.471966,886.787197,healthy,0,0,0,0,-0.064743,-0.173776,0.900414,0.183722,-2.557191,-0.263148,-0.003278,0.073232,1.0,199.69
63,taxi,4080.30464,34.567266,63.046221,87.962351,186.209366,633.522762,24.945281,0.2007,10.037025,21.410461,1104.646471,healthy,0,0,0,0,3.975465,0.143078,0.336785,-0.088502,-1.262357,0.254011,0.003163,0.102858,1.0,199.685
64,taxi,4045.565659,34.862666,63.847007,87.266485,183.720732,640.302237,24.644662,0.208209,9.899977,20.580065,1108.030412,healthy,0,0,0,0,-2.551568,-0.206754,-0.087587,1.181936,0.496024,0.000747,-0.003117,-0.00429,1.0,199.68
65,taxi,4054.341167,34.191319,63.789473,86.981161,186.939657,632.802592,24.604911,0.20209,10.213182,20.93635,967.182791,healthy,0,0,0,0,1.380634,0.037933,-0.168872,-1.005651,1.343601,0.117437,0.005212,-0.140881,1.0,199.675
66,taxi,4004.061104,35.130562,63.118637,87.280186,182.891992,633.064407,24.870199,0.204548,10.199637,21.2956,1144.750518,healthy,0,0,0,0,-0.308005,-0.223856,-0.435347,0.240856,-0.931937,0.240736,0.004739,-0.104068,1.0,199.67
67,taxi,4077.306932,35.021666,64.045706,86.556024,182.601688,629.872384,24.822312,0.204485,10.271971,19.988509,1146.254022,healthy,0,0,0,0,-4.487196,-0.370006,-0.447034,0.651906,0.138274,-0.085277,-0.001056,0.035991,1.0,199.665
68,taxi,4064.106209,33.974751,64.126365,86.969743,184.273434,635.741383,25.0819,0.196767,9.728908,21.106155,941.302082,healthy,0,0,0,0,2.148717,-0.163107,0.913752,-0.142159,2.773911,0.051942,-0.003741,0.003446,1.0,199.66
69,taxi,4027.45549,35.349373,63.819423,86.552688,185.444154,638.134515,25.018459,0.204272,10.281478,19.954602,1171.069216,healthy,0,0,0,0,-5.535924,0.385668,0.377945,-1.056106,-0.428932,-0.035034,0.002696,0.072557,1.0,199.655
70,taxi,4075.175241,36.11957,64.439943,86.680981,185.943044,638.217515,24.753541,0.202095,10.297479,21.435019,1085.341451,healthy,0,0,0,0,-0.061195,0.696257,0.074554,-0.47691,0.363196,0.122588,0.007712,0.039385,1.0,199.65
71,taxi,4046.484366,35.378185,63.973258,87.127244,185.868341,630.447373,24.867655,0.195218,10.075275,19.75684,1130.017587,healthy,0,0,0,0,-7.199546,-0.112108,0.101693,0.836238,-0.240878,0.123127,0.008025,-0.064724,1.0,199.645
72,taxi,4053.036175,35.630483,63.020788,87.18706,185.786054,640.945637,24.823256,0.202625,10.010042,22.15185,917.840313,healthy,0,0,0,0,-2.710021,0.497675,0.116277,0.308631,-1.029371,-0.037385,-0.003747,-0.011242,1.0,199.64
73,taxi,4058.389087,35.963985,64.093875,87.217878,184.816292,639.802183,24.870326,0.201068,10.045449,20.959488,1100.759357,healthy,0,0,0,0,-5.032012,0.219889,-0.843984,-0.030934,2.597428,-0.2002,0.003057,-0.108442,1.0,199.635
74,taxi,4073.85643,35.849174,64.009293,86.805935,184.412651,632.195788,25.086863,0.206821,10.299133,20.94201,1157.772277,healthy,0,0,0,0,-0.586845,-0.051353,-0.920087,-0.165842,1.054695,0.24508,-0.001387,-0.053386,1.0,199.63
75,taxi,4060.875183,35.986332,64.748931,86.796522,185.548169,630.464896,25.132883,0.193382,10.018429,20.335157,1199.061294,healthy,0,0,0,0,-2.029559,0.309371,0.516766,-1.077649,2.630917,0.09626,0.008134,0.054446,1.0,199.625
76,taxi,4065.024887,35.615963,63.252258,86.816053,186.305042,635.537694,24.943404,0.194016,10.199591,21.023576,1039.766441,healthy,0,0,0,0,-0.607248,0.249037,0.292366,-0.452409,0.566354,0.037718,-0.002399,-0.05662,1.0,199.62
77,taxi,4061.519807,35.725211,63.079933,87.116919,184.299989,630.657662,24.964411,0.204744,9.951806,20.817466,1095.493977,healthy,0,0,0,0,1.231345,0.066755,-0.330395,0.25353,0.074927,0.127017,0.005029,-0.149989,1.0,199.615
78,taxi,4054.202591,34.954088,64.137743,87.143563,184.910955,629.19747,25.06827,0.204177,9.736896,21.228611,1208.972344,healthy,0,0,0,0,-3.775354,0.547347,0.579816,0.544576,0.21492,0.20495,-0.000473,0.159927,1.0,199.61
79,taxi,4042.473605,35.114246,63.969431,87.276179,186.661711,635.416666,24.851285,0.200842,10.046625,22.127226,1156.707677,healthy,0,0,0,0,-0.556817,-0.456865,-0.70355,0.152509,-1.249492,0.04,-0.000358,-0.058848,1.0,199.605
80,taxi,4090.975648,36.295322,63.580933,87.468606,185.538794,632.964122,25.142966,0.199247,10.001066,20.998737,1089.649422,healthy,0,0,0,0,0.487356,-0.292295,-0.003464,1.429791,1.323819,-0.070552,0.00035,0.098127,1.0,199.6
81,taxi,4036.167019,37.828264,63.039005,86.58531,184.94319,635.032344,25.005726,0.193826,10.238123,20.924395,1220.772877,healthy,0,0,0,0,0.29174,0.24876,-0.113666,-0.185942,-2.924707,-0.221251,0.001353,0.005112,1.0,199.595
82,taxi,4061.641907,35.490487,63.531656,86.585468,186.002656,634.14174,25.315109,0.208808,9.997344,20.610425,1054.45426,healthy,0,0,0,0,-3.701293,0.121814,-0.895689,-0.079452,2.542847,0.112335,-0.000945,-0.084206,1.0,199.59
83,taxi,4048.858194,33.38378,63.310046,87.118379,186.326025,636.988633,24.87058,0.201301,10.10395,21.992419,1016.373459,healthy,0,0,0,0,2.575841,-0.477684,-0.134487,0.208686,4.04106,0.067023,-0.005545,-0.080422,1.0,199.585
84,taxi,4048.978048,35.939456,63.43836,87.857975,184.293401,631.333287,24.842207,0.200677,9.970011,21.351231,1193.262209,healthy,0,0,0,0,-3.050666,0.426716,0.243331,0.004696,-1.084604,0.406788,0.00233,0.077212,1.0,199.58
85,taxi,4052.158891,37.199816,63.541754,87.650194,185.745063,635.251321,25.240634,0.206031,9.935027,19.58347,998.771567,healthy,0,0,0,0,0.155071,-0.289896,0.477397,0.374378,2.244973,-0.012703,0.001765,0.009601,1.0,199.575
86,taxi,4063.371684,35.746021,63.730058,87.349631,184.956385,636.896182,24.609131,0.194471,10.011373,21.76539,1030.784305,healthy,0,0,0,0,-1.923223,0.10928,0.258942,0.340589,-0.307919,0.232246,-0.000833,-0.10932,1.0,199.57
87,taxi,4064.349177,35.680314,63.955937,86.777414,184.55515,637.749055,24.810473,0.199539,10.137315,21.381073,1027.464066,healthy,0,0,0,0,-2.733379,-0.191369,-0.135436,0.220514,-0.746829,-0.062062,0.000775,0.030235,1.0,199.565
88,taxi,4065.566123,35.087045,63.790144,87.76356,183.671162,635.015569,24.619882,0.201313,10.085864,20.588796,1098.018039,healthy,0,0,0,0,4.124321,-0.419189,-0.471616,0.020942,-0.205768,-0.224992,-0.007361,-0.104381,1.0,199.56
89,taxi,4069.030374,36.584699,63.962164,86.780094,186.718307,631.327074,24.920999,0.198702,10.12838,18.874618,1155.641022,healthy,0,0,0,0,-3.189898,-0.021781,0.042113,-1.156326,-0.359922,-0.032219,0.004647,0.034138,1.0,199.555
90,takeoff,4662.558291,64.244815,63.417614,88.099181,214.08578,733.171283,31.803351,0.20266,16.015612,21.084637,1063.519212,overheating,1,2,90,900,4.98282,-0.681956,-0.158294,0.568852,-0.376931,-0.097963,-0.001242,0.062364,1.0,199.55
91,takeoff,4650.363741,66.924948,64.717183,87.666838,215.811179,733.67462,31.838654,0.191296,16.046105,21.90701,1072.646957,overheating,1,2,90,900,9.459344,-0.378261,0.383743,0.719944,0.516504,0.09441,0.004834,-0.078171,0.993939,199.545
92,takeoff,4673.277491,63.900322,63.483855,87.850196,215.815629,733.246627,31.860784,0.186011,16.285062,20.077909,1120.436534,overheating,1,2,90,900,-4.816037,-0.652919,-0.375318,1.483423,0.167309,0.008951,0.007515,0.058256,0.987879,199.54
93,takeoff,4660.118371,64.660075,63.505716,88.083482,217.970536,739.104031,31.655787,0.200232,16.283492,19.159278,964.531682,overheating,1,2,90,900,-1.347207,0.306952,-0.027908,1.766036,3.103009,0.028068,-0.006699,0.008757,0.981818,199.535
94,takeoff,4625.592449,65.269402,63.573023,87.96727,216.860678,739.692949,31.980959,0.198317,15.873335,22.606679,1142.195738,overheating,1,2,90,900,-4.299713,0.051936,0.531433,3.603913,3.104537,0.089214,0.005079,0.14072,0.975758,199.53
95,takeoff,4680.479545,65.086667,63.875657,87.462886,215.711007,741.150263,32.013701,0.198635,16.153387,22.824739,1231.423311,overheating,1,2,90,900,-3.324923,0.480683,0.721184,2.790425,0.990891,-0.156559,0.001297,-0.006134,0.969697,199.525
96,takeoff,4655.441714,65.67778,63.486042,87.466587,219.819597,736.907641,32.03844,0.2042,16.02933,21.94914,1205.815587,overheating,1,2,90,900,-0.997718,0.484643,-0.293387,3.663143,3.052111,0.069193,0.001117,0.001025,0.963636,199.52
97,takeoff,4639.835872,65.967385,63.579957,88.132249,219.095457,739.040649,31.756948,0.193992,15.963721,20.564539,1306.774967,overheating,1,2,90,900,1.762366,0.711465,1.943475,3.296325,6.432238,0.105665,0.008553,0.094708,0.957576,199.515
98,takeoff,4663.281212,67.198558,63.511007,88.585233,220.202908,740.140522,31.794621,0.20062,15.965685,20.354697,1142.965914,overheating,1,2,90,900,1.061245,0.145882,1.47826,4.493465,1.554729,-0.022269,0.005618,0.073161,0.951515,199.51
99,takeoff,4677.956088,65.487496,62.893754,89.070648,221.174443,737.592732,31.913078,0.194583,16.306001,21.671425,941.09702,overheating,1,2,90,900,1.43758,0.372784,0.717972,6.43142,4.803624,0.03633,0.005295,0.045347,0.945455,199.505
100,takeoff,4625.281618,65.291859,63.604952,88.118686,220.800754,743.324172,31.947156,0.20427,15.865649,21.569565,939.338107,overheating,1,2,90,900,0.272192,-0.164231,0.907836,6.527093,8.376222,-0.10173,-0.001355,0.040457,0.939394,199.5
101,takeoff,4695.679951,65.453942,63.436027,88.798826,221.281546,742.772728,31.967788,0.200497,16.167574,20.386299,1035.47081,overheating,1,2,90,900,-1.4e-05,-0.099259,1.527929,8.131728,9.442301,0.143751,0.003029,-0.015112,0.933333,199.495
102,takeoff,4628.568059,65.706807,63.014693,88.93321,223.438244,743.03619,31.939405,0.198043,16.192295,20.255569,1173.514102,overheating,1,2,90,900,-1.719928,-0.209911,0.770145,7.001103,10.695785,0.131574,0.000786,0.113633,0.927273,199.49
103,takeoff,4641.469017,65.95885,63.950695,88.920331,224.464782,746.612782,31.832458,0.197142,15.863562,19.382493,1100.425893,overheating,1,2,90,900,-1.303353,0.610676,1.977643,9.00127,11.951673,-0.077794,0.002953,-0.211665,0.921212,199.485
104,takeoff,4647.427592,66.40176,64.605869,89.742011,225.451723,741.608211,32.155539,0.199254,16.052539,22.355925,1015.305817,overheating,1,2,90,900,-1.2002,0.17834,2.561759,9.42861,14.660455,0.146198,0.007827,0.010194,0.915152,199.48
105,takeoff,4618.039683,65.801447,63.333058,88.226729,225.591055,744.669301,32.17084,0.20837,15.999767,21.122154,1142.232979,overheating,1,2,90,900,-5.270555,0.374207,1.511433,8.629846,12.468751,0.081123,0.002092,0.043729,0.909091,199.475
106,takeoff,4658.703718,63.973813,63.324559,88.144082,226.211835,752.057516,32.389485,0.197849,16.075021,21.944698,1263.099695,overheating,1,2,90,900,3.600169,0.001519,0.758439,10.470152,15.50198,0.326457,-0.001834,-0.017263,0.90303,199.47
107,takeoff,4648.032431,63.195443,63.503847,89.901208,226.357205,744.648563,31.947423,0.19837,16.121304,19.797579,1075.579858,overheating,1,2,90,900,-4.886759,-0.01899,0.600626,10.384839,13.079721,-0.064837,0.003604,0.112432,0.89697,199.465
108,takeoff,4641.553338,66.604676,63.240395,89.395456,227.456689,749.101317,32.046638,0.206676,16.050663,20.811123,1217.594793,overheating,1,2,90,900,2.630228,-0.354002,2.26452,12.687065,17.239157,-0.162733,0.002541,-0.176505,0.890909,199.46
109,takeoff,4677.636002,64.97341,63.111108,89.848019,227.945095,751.865898,32.060083,0.194525,16.365119,20.550458,1067.192711,overheating,1,2,90,900,1.374117,-0.079542,2.049982,12.391273,15.082319,-0.000596,-0.004646,0.058968,0.884848,199.455
110,takeoff,4683.781468,66.320641,63.808137,89.063176,226.530368,751.770976,31.880719,0.205492,16.239146,20.900697,928.647536,overheating,1,2,90,900,-5.04279,0.521606,1.294399,13.229763,12.765234,0.068176,-0.000804,-0.003521,0.878788,199.45
111,takeoff,4672.546306,67.287081,63.748852,90.470034,228.641853,748.082439,31.765023,0.208718,16.169435,23.16399,1066.172708,overheating,1,2,90,900,-4.174821,0.133641,3.040415,14.001533,16.462319,0.035426,-0.00217,0.007577,0.872727,199.445
112,takeoff,4655.871528,65.372168,64.028286,90.282867,229.038626,754.92092,31.902318,0.194425,16.09228,21.967403,1143.939975,overheating,1,2,90,900,0.918044,-0.469652,1.82018,16.340265,17.04639,0.176353,-0.000289,-0.059642,0.866667,199.44
113,takeoff,4685.45306,66.105902,63.952101,90.421898,228.878341,751.505392,31.967001,0.196557,16.0813,21.752255,1152.155373,overheating,1,2,90,900,0.376898,-0.025555,2.371585,15.711057,16.974009,0.373914,0.002219,-0.008409,0.860606,199.435
114,takeoff,4659.00715,67.67792,62.293362,90.05488,230.850377,754.575508,31.864658,0.205983,16.21663,20.59085,1180.530648,overheating,1,2,90,900,1.392519,0.649673,2.171309,15.583843,20.74265,-0.272056,0.000667,0.02772,0.854545,199.43
115,takeoff,4655.429037,63.966843,64.184878,90.165964,231.128596,753.774502,32.012643,0.201734,15.965627,22.638999,970.219566,overheating,1,2,90,900,-0.121347,-0.201919,2.167178,17.498373,19.866811,-0.045837,-0.002201,-0.01841,0.848485,199.425
116,takeoff,4643.19752,66.890552,64.143477,90.206515,233.05257,754.691118,32.123856,0.200381,16.129825,22.179084,1079.783373,overheating,1,2,90,900,3.403806,-0.385376,3.150764,17.255173,18.080643,-0.023901,-0.007195,-0.034564,0.842424,199.42
117,takeoff,4649.469374,65.252186,63.111085,90.752473,232.554461,758.850214,31.782526,0.199248,16.081064,20.792334,1081.227808,overheating,1,2,90,900,1.507052,0.380162,3.193263,16.609639,23.631786,-0.069201,-0.000965,-0.072135,0.836364,199.415
118,takeoff,4652.918748,63.044799,63.302374,91.16416,232.773069,757.390146,31.655596,0.19999,16.016767,20.852196,1233.806444,overheating,1,2,90,900,-3.844421,-0.017976,3.236125,17.779994,22.800647,-0.157149,0.008552,-0.106565,0.830303,199.41
119,takeoff,4667.207193,63.972088,63.969158,91.736185,236.601617,756.57064,31.757142,0.205995,15.961384,20.721556,1196.425685,overheating,1,2,90,900,0.480621,-0.225783,2.960825,18.51772,25.697364,-0.027925,-0.000671,0.020828,0.824242,199.405
120,takeoff,4645.559651,66.687705,63.085559,90.735693,233.897704,758.73166,31.884698,0.211176,16.047877,20.696702,1181.728361,overheating,1,2,90,900,-1.197702,-0.191912,3.255977,19.823458,22.888942,0.15155,-0.00687,-0.049361,0.818182,199.4
121,takeoff,4692.272812,64.357267,63.902658,91.270881,235.94124,762.042766,31.808494,0.211891,16.246843,21.832679,1090.980007,overheating,1,2,90,900,2.116055,-0.822065,3.615715,17.719101,27.191842,0.041928,-0.00513,0.041086,0.812121,199.395
122,takeoff,4644.293942,65.098964,63.294531,90.940666,235.920095,756.695622,32.065338,0.200677,16.020631,21.284413,1185.903215,overheating,1,2,90,900,-11.153825,0.299001,2.61686,21.62464,25.386927,0.008272,0.006625,0.064994,0.806061,199.39
123,takeoff,4633.340119,63.139678,63.444958,91.478792,236.814934,761.261492,31.917437,0.202829,16.141113,20.125171,1226.262801,overheating,1,2,90,900,-5.280711,0.432758,3.142833,20.69977,26.595173,-0.132848,0.002319,0.078583,0.8,199.385
124,takeoff,4623.235168,66.988778,64.279784,91.69201,239.168585,763.122388,31.807273,0.201108,16.319812,22.489962,1088.274634,overheating,1,2,90,900,-2.10904,0.33021,3.415798,21.428742,27.140547,0.006095,0.001496,0.005374,0.793939,199.38
125,takeoff,4628.479341,64.571571,63.782592,92.121825,237.840728,766.116408,31.850815,0.205473,15.91622,20.92457,1156.734518,overheating,1,2,90,900,-0.018943,0.434326,3.185592,23.110544,31.178332,-0.043319,0.006543,0.012209,0.787879,199.375
126,takeoff,4627.009676,64.404354,63.424844,90.610135,239.418402,760.551027,31.762342,0.210427,16.231027,21.616404,1078.622838,overheating,1,2,90,900,-1.503715,-0.079423,4.044294,23.131934,29.679672,0.021737,0.001477,-0.073923,0.781818,199.37
127,takeoff,4652.774163,64.563726,63.984015,92.252981,239.596987,757.615655,32.051037,0.198751,15.879786,22.517236,1100.407938,overheating,1,2,90,900,-0.748941,0.007382,4.014372,24.344096,31.063803,0.019835,0.00708,0.083598,0.775758,199.365
128,takeoff,4663.899374,66.000063,64.11555,91.656728,239.287366,771.623795,31.496114,0.197276,16.205265,21.504681,896.27941,overheating,1,2,90,900,0.84757,-0.148331,3.629717,25.929966,32.558102,0.091804,0.007997,-0.06099,0.769697,199.36
129,takeoff,4645.065574,66.144272,63.049842,91.877869,241.414035,765.40998,31.970221,0.200712,16.346056,20.884818,932.206581,overheating,1,2,90,900,2.584089,-0.295508,3.184141,25.206613,30.317098,0.437861,-0.001571,-0.031707,0.763636,199.355
130,takeoff,4663.873217,64.67719,64.090322,92.447101,241.626504,766.675862,32.102156,0.195229,16.135593,20.053692,1247.699085,overheating,1,2,90,900,-0.156818,0.194893,4.392561,27.370552,31.999517,-0.07456,0.001271,-0.092254,0.757576,199.35
131,takeoff,4655.307138,67.081533,64.085749,92.20561,243.02669,767.94171,31.912112,0.202678,16.266827,21.275758,1179.343428,overheating,1,2,90,900,5.249098,0.379373,3.568482,27.377186,30.900518,0.055744,0.00272,-0.020036,0.751515,199.345
132,takeoff,4626.02129,65.241524,63.659019,92.287394,243.412137,765.556277,31.656159,0.207266,16.139048,21.239771,1278.521293,overheating,1,2,90,900,0.912501,-0.223686,4.607215,26.277042,35.954902,-0.050147,-0.008279,-0.125359,0.745455,199.34
133,takeoff,4655.624985,65.891256,63.850561,92.069053,244.026372,765.610819,31.527759,0.198517,15.839862,19.838446,1040.676797,overheating,1,2,90,900,1.325094,1.048231,3.485033,28.875796,35.109095,0.170896,0.002494,-0.041559,0.739394,199.335
134,takeoff,4667.644578,64.35865,63.191191,91.917878,244.083655,769.707746,31.811266,0.199543,15.980018,20.536294,1031.31461,overheating,1,2,90,900,-3.344492,0.778908,4.968111,29.305571,36.300253,0.02921,-0.00167,-0.138851,0.733333,199.33
135,takeoff,4658.119393,65.121094,63.649639,93.016228,245.359682,774.321985,32.080522,0.194151,16.39843,22.81344,1285.891107,overheating,1,2,90,900,0.55122,-0.047439,3.863491,29.872954,35.200127,-0.043072,-0.005632,-0.120314,0.727273,199.325
136,takeoff,4666.909294,65.385154,63.995788,92.494083,244.690772,776.373764,32.001374,0.204848,16.126802,21.556145,1087.1056,overheating,1,2,90,900,1.904589,0.319856,4.94735,29.652335,39.03484,0.109608,0.000215,0.064252,0.721212,199.32
137,takeoff,4668.52601,66.567429,62.579147,91.8729,244.832831,769.004187,32.1904,0.196039,16.318167,22.551365,1013.784331,overheating,1,2,90,900,-6.81178,0.772444,4.324504,31.87619,38.962613,-0.12264,-0.003811,-0.01577,0.715152,199.315
138,takeoff,4637.749946,65.528444,63.222036,92.72827,245.370995,772.641312,31.995287,0.195464,16.053538,21.005201,1165.301451,overheating,1,2,90,900,5.904401,-0.438921,3.925548,29.67701,37.349783,0.144144,-0.003248,0.006262,0.709091,199.31
139,takeoff,4638.890142,63.155128,64.192717,92.537264,249.258397,775.8367,32.091971,0.20496,15.992545,21.174251,1199.508158,overheating,1,2,90,900,-2.752788,-0.098147,5.491156,33.47156,40.523215,0.029418,0.003135,0.094768,0.70303,199.305
140,takeoff,4631.06079,64.701965,64.01765,92.776011,247.513546,775.439345,31.837968,0.194935,16.102682,21.399081,1150.863314,overheating,1,2,90,900,0.97416,0.245586,5.752004,33.170267,39.501631,0.061673,-0.001179,0.047442,0.69697,199.3
141,takeoff,4664.272584,66.066802,62.995957,93.252446,249.338745,774.73044,32.080375,0.203464,16.120095,22.73056,1094.934854,overheating,1,2,90,900,1.450125,-0.291986,5.443326,33.812061,43.361516,0.221665,0.012593,-0.064231,0.690909,199.295
142,takeoff,4658.403377,67.144692,63.8118,93.209469,250.110843,777.464838,31.859084,0.202431,16.116705,20.125014,1237.414591,overheating,1,2,90,900,-4.23988,0.531345,4.584624,34.654231,41.369944,-0.129323,0.005101,0.114466,0.684848,199.29
143,takeoff,4647.127932,64.954311,63.39873,93.857298,250.803725,776.858121,31.905909,0.197333,16.165548,19.354393,1000.408999,overheating,1,2,90,900,2.849083,-0.284714,5.957434,34.053455,45.599215,0.03256,0.003318,-0.092041,0.678788,199.285
144,takeoff,4611.522215,67.948071,63.682777,93.221258,249.782244,774.78634,32.063952,0.202228,16.024137,20.746497,1238.055179,overheating,1,2,90,900,0.910103,0.039941,5.031129,34.72162,40.245457,0.231348,-0.001243,9.8e-05,0.672727,199.28
145,takeoff,4656.079974,65.955644,63.847751,93.68988,251.803859,779.559416,31.85961,0.199673,16.139529,22.15608,1172.678957,overheating,1,2,90,900,0.887103,-0.144303,5.295901,35.353548,44.38692,-0.006193,0.004587,0.078609,0.666667,199.275
146,takeoff,4651.499927,66.234913,63.715519,93.973578,251.394022,779.687937,31.61563,0.205179,16.036463,19.439386,1034.088709,overheating,1,2,90,900,0.772827,-0.542653,4.123138,36.683556,42.713029,0.114938,-0.002433,0.067104,0.660606,199.27
147,takeoff,4661.747325,67.303161,63.951371,93.174344,253.087423,784.858392,31.821159,0.194575,16.139915,20.453466,1092.99979,overheating,1,2,90,900,-0.521027,-0.620442,5.662193,38.233083,46.577656,-0.017852,0.002392,0.011784,0.654545,199.265
148,takeoff,4633.221377,66.21635,63.011852,94.417001,252.457349,776.678517,31.717925,0.201889,16.200528,22.992249,1040.000637,overheating,1,2,90,900,0.836977,0.11775,6.538135,37.659419,47.694883,-0.00192,-0.006311,0.149976,0.648485,199.26
149,takeoff,4657.336671,65.256621,64.153193,94.423531,252.539594,782.985068,31.966928,0.194066,16.256202,20.983713,1035.731055,overheating,1,2,90,900,-0.371572,-0.722563,5.840562,39.664101,47.221901,-0.174401,0.00137,-0.099035,0.642424,199.255
150,takeoff,4662.471113,64.344432,64.04315,94.978189,254.554911,783.181962,31.771379,0.198843,15.959709,19.076118,1049.437388,overheating,1,2,90,900,2.634959,0.620647,6.204601,38.616806,50.091474,0.120756,-0.001529,0.122339,0.636364,199.25
151,takeoff,4628.16075,65.019362,64.362055,94.289957,254.75588,779.48863,31.618305,0.20624,16.043938,21.790093,1062.107955,overheating,1,2,90,900,-1.734529,-0.535197,5.939367,40.760815,49.510146,-0.00352,-0.002563,-0.089272,0.630303,199.245
152,takeoff,4651.469555,66.196142,64.267922,93.58595,256.060465,787.070036,31.96732,0.208444,16.316198,20.899184,1126.354939,overheating,1,2,90,900,3.617705,0.094469,6.926153,41.394883,49.113664,-0.126685,-0.001836,0.1296,0.624242,199.24
153,takeoff,4670.876442,64.378483,63.537762,95.41774,254.807822,790.93317,31.834746,0.199722,16.210526,22.441312,1332.460252,overheating,1,2,90,900,5.379959,-0.036031,6.708618,40.908392,49.765619,-0.08187,0.000856,0.042527,0.618182,199.235
154,takeoff,4636.629019,65.093675,63.334486,95.437696,255.853896,784.787598,31.87422,0.202317,15.77098,21.980779,1105.276299,overheating,1,2,90,900,0.242896,-0.433202,5.459772,40.186423,51.554643,0.003857,-0.000186,-0.060288,0.612121,199.23
155,takeoff,4669.580783,65.266419,64.342587,95.987369,256.956038,785.458389,32.017341,0.200612,16.073779,19.511118,1172.474842,overheating,1,2,90,900,-2.746506,-0.17754,6.719054,41.500444,50.909753,-0.097026,-0.005297,-0.007776,0.606061,199.225
156,takeoff,4656.600955,64.647579,63.765266,96.153751,259.49909,789.496172,31.83556,0.201555,16.126398,19.694426,1048.223987,overheating,1,2,90,900,-1.721696,-0.002795,5.557251,44.730521,53.335178,0.102818,-0.002254,-0.04451,0.6,199.22
157,takeoff,4666.029705,65.600455,63.189225,94.730426,259.743486,790.221204,32.181194,0.210959,15.959407,20.352877,1017.204053,overheating,1,2,90,900,1.26175,0.068558,6.318886,42.941648,52.495744,-0.032628,-0.004298,-0.086045,0.593939,199.215
158,takeoff,4669.039956,65.540807,63.566384,95.59897,259.036884,789.084856,32.034435,0.20147,16.123708,20.259778,1073.416702,overheating,1,2,90,900,2.552746,-0.154801,7.231157,43.637205,53.389127,-0.258538,-0.000819,-0.021447,0.587879,199.21
159,takeoff,4646.981699,66.087271,63.737153,95.459268,260.409927,791.772515,31.818231,0.202176,16.093977,20.76245,1098.419335,overheating,1,2,90,900,2.105681,0.204362,6.464864,46.20621,53.348824,0.174705,-0.000942,-0.017924,0.581818,199.205
160,takeoff,4642.318764,64.323133,63.096281,95.361862,261.121826,794.190755,32.187728,0.197158,16.080969,20.339176,1075.672894,overheating,1,2,90,900,4.881823,-0.451154,7.402309,44.954073,56.377857,-0.00088,0.006918,0.065011,0.575758,199.2
161,takeoff,4672.722314,64.915248,63.507919,95.207491,262.127028,789.554813,32.111273,0.196223,16.213542,19.52718,1060.489978,overheating,1,2,90,900,1.187124,-0.297355,7.028549,46.264087,57.377307,0.113345,-0.005103,0.019166,0.569697,199.195
162,takeoff,4637.278365,63.72739,62.735643,96.275297,263.428809,791.96171,31.824269,0.208073,15.973991,21.004898,863.254195,overheating,1,2,90,900,0.606786,-0.510357,7.371447,47.19792,59.673845,-0.019331,-8.8e-05,-0.009467,0.563636,199.19
163,takeoff,4647.391206,67.292408,63.931932,96.303307,263.76318,795.131306,31.978268,0.217652,15.96661,22.011627,1178.845786,overheating,1,2,90,900,5.357821,0.031981,7.44163,47.886099,60.889042,0.029804,0.004154,0.030579,0.557576,199.185
164,takeoff,4656.927884,65.329159,63.462199,95.243898,265.65945,798.795253,32.181606,0.203128,16.060318,21.449523,1230.526768,overheating,1,2,90,900,0.350626,-0.025646,7.826619,49.074405,60.22587,0.324951,0.004562,0.072933,0.551515,199.18
165,takeoff,4660.725304,64.609774,63.172869,96.221254,264.530193,791.736951,31.938957,0.201019,16.233899,20.948359,984.544885,overheating,1,2,90,900,-2.703522,-0.030488,8.077003,48.193808,62.046369,-0.117664,0.003738,-0.008163,0.545455,199.175
166,takeoff,4661.809347,65.131993,63.746421,96.029908,264.958808,793.92857,31.930745,0.196143,16.366443,21.570442,1222.473383,overheating,1,2,90,900,0.139623,-0.124406,7.479837,50.175837,60.693354,-0.158035,0.003367,-0.048507,0.539394,199.17
167,takeoff,4633.814302,65.090536,63.027461,95.929972,264.154508,799.141152,31.820151,0.199307,15.744324,19.827757,942.925693,overheating,1,2,90,900,5.240678,-0.749428,8.612967,50.086487,62.341583,-0.235307,0.000571,-0.029401,0.533333,199.165
168,takeoff,4656.16575,66.10033,63.562691,95.703359,266.19031,796.236243,31.881754,0.206292,16.176327,21.154272,1158.437251,overheating,1,2,90,900,-1.536716,-0.130537,7.421367,51.585535,64.200342,0.054859,0.007174,-0.101707,0.527273,199.16
169,takeoff,4647.181597,66.155061,64.395323,96.701649,266.391837,800.156233,32.328074,0.200599,15.993136,21.043842,1220.095462,overheating,1,2,90,900,6.92945,0.20932,7.696755,50.151406,65.296409,-0.416461,-0.002399,0.041609,0.521212,199.155
170,takeoff,4635.22848,66.381345,63.843645,97.641804,268.695164,801.653511,31.912028,0.203193,15.960425,20.528088,1000.48386,overheating,1,2,90,900,2.591197,-0.460425,8.455356,52.075951,66.071368,0.299622,-0.001711,0.077464,0.515152,199.15
171,takeoff,4629.858382,64.274039,63.454157,97.471691,266.439148,801.087061,31.693612,0.202039,15.898278,18.807933,1039.950231,overheating,1,2,90,900,-0.079164,0.078431,8.926148,52.751601,65.023946,-0.019793,0.001267,-0.066902,0.509091,199.145
172,takeoff,4659.997631,64.614573,63.712681,96.807538,268.392029,798.469906,31.97257,0.205945,16.189214,20.314362,1133.350935,overheating,1,2,90,900,-1.43115,0.743028,8.056539,55.62619,65.87856,-0.047955,-0.003657,-0.04922,0.50303,199.14
173,takeoff,4654.04729,65.257703,64.476123,98.141708,270.810225,802.919776,32.334552,0.202902,15.927464,23.542707,1073.499873,overheating,1,2,90,900,-1.187844,0.171253,8.915167,54.672451,66.686742,0.000949,0.00231,0.043237,0.49697,199.135
174,takeoff,4634.784096,66.79736,63.977643,96.826821,269.674348,805.097885,31.911074,0.19608,16.000486,21.93644,1150.933836,overheating,1,2,90,900,2.287945,-0.10385,8.470253,56.124713,66.899318,-0.026293,-0.001953,0.008337,0.490909,199.13
175,takeoff,4649.255549,66.815231,64.279861,97.584771,272.289769,806.34945,31.818515,0.193095,16.103135,20.926969,1161.733462,overheating,1,2,90,900,3.940489,0.196511,9.936005,55.809376,68.245051,-0.226295,-0.004122,0.094916,0.484848,199.125
176,takeoff,4675.029303,66.464225,63.728724,97.883531,272.178974,803.285456,32.089457,0.209185,16.119301,19.703884,996.432559,overheating,1,2,90,900,-0.374527,0.21543,8.628681,56.482403,70.003276,0.003988,-0.004699,0.13172,0.478788,199.12
177,takeoff,4651.644108,66.090933,63.798245,97.06488,271.267314,803.219557,31.855076,0.208468,16.142586,20.950127,1204.335578,overheating,1,2,90,900,8.162245,0.124264,8.41309,58.237049,69.436603,0.143744,0.003404,0.004623,0.472727,199.115
178,takeoff,4649.434526,65.003392,63.69555,97.852706,271.467618,801.736228,31.786392,0.20664,15.994336,19.846206,1155.459666,overheating,1,2,90,900,1.956608,-0.419074,8.242369,58.18681,70.989919,-0.068381,0.007948,-0.095269,0.466667,199.11
179,takeoff,4658.891315,64.484817,63.838207,97.619529,272.052808,804.086026,31.962259,0.205008,15.923533,20.827755,1141.614924,overheating,1,2,90,900,1.42236,-0.129166,8.856064,58.987491,70.688535,-0.10306,0.006768,-0.02369,0.460606,199.105
180,cruise,4239.962176,46.776354,63.311777,98.703807,253.145626,750.032052,27.802796,0.197353,12.070121,21.286492,1077.488276,overheating,1,2,90,900,1.795068,-0.150114,8.961561,59.252369,71.213848,0.147306,0.000603,-0.116556,0.454545,199.1
181,cruise,4265.494722,45.299963,64.183265,98.002361,256.196395,747.251588,27.778884,0.205779,11.793799,21.067336,1059.639749,overheating,1,2,90,900,-4.21841,0.719027,9.274618,59.644259,72.777455,-0.047421,-0.000658,-0.022702,0.448485,199.095
182,cruise,4241.415194,43.962024,63.734054,98.614761,257.657574,743.117673,28.156539,0.200382,12.288202,21.827796,1142.261178,overheating,1,2,90,900,-0.075416,-0.128693,9.633822,60.121407,75.356358,-0.059015,0.003832,-0.110781,0.442424,199.09
183,cruise,4245.390432,47.016798,63.755421,98.400844,256.263447,748.717484,28.028137,0.189101,12.048221,22.052548,1175.657325,overheating,1,2,90,900,2.950164,-0.137738,9.219472,61.493799,74.109099,0.212992,-0.006026,0.060798,0.436364,199.085
184,cruise,4238.852274,47.014483,62.97744,98.610802,256.099271,748.881127,28.13131,0.203596,12.080291,20.806351,1102.024088,overheating,1,2,90,900,2.667178,-0.355225,9.470942,61.303113,76.626771,-0.055969,-0.002665,0.009614,0.430303,199.08
185,cruise,4237.35808,44.505845,64.383856,98.988097,257.583505,749.065794,28.214341,0.200381,11.955579,22.892119,956.809574,overheating,1,2,90,900,-5.793376,0.007475,9.147182,62.603443,78.883575,-0.095639,0.009645,0.063051,0.424242,199.075
186,cruise,4245.452734,44.133323,63.637376,99.148984,257.85129,755.829859,28.064443,0.194587,12.11983,18.913969,1060.587724,overheating,1,2,90,900,-1.065639,-0.682764,9.315219,63.333868,77.02804,-0.058495,0.002163,0.14416,0.418182,199.07
187,cruise,4242.574439,45.150483,63.47259,99.420666,256.660425,751.698753,27.928731,0.195442,11.985498,21.710103,1177.860324,overheating,1,2,90,900,-2.062725,0.01992,9.676314,63.774269,80.305119,0.112481,0.003034,-0.060813,0.412121,199.065
188,cruise,4252.202222,45.038962,62.884816,99.611802,261.162317,752.113199,27.683531,0.205836,12.314116,21.08223,1033.890811,overheating,1,2,90,900,0.67816,0.318853,9.838873,64.739003,77.306142,0.073269,0.003279,-0.047625,0.406061,199.06
189,cruise,4268.586219,45.765501,64.307297,99.384583,260.087968,753.780417,27.833429,0.201099,11.966941,20.423174,1191.739904,overheating,1,2,90,900,-0.333457,6e-05,10.488225,66.002457,78.43069,-0.021083,-0.000729,0.087064,0.4,199.055
190,cruise,4235.150893,45.506913,62.95138,99.204376,259.830709,755.930843,28.138402,0.205079,12.536903,20.691744,1166.380674,overheating,1,2,90,900,-4.222192,-0.327486,10.061656,65.574153,78.541572,0.115064,0.006441,0.005124,0.4,199.05
191,cruise,4278.306143,45.563349,63.793004,99.165931,260.674022,749.691861,27.864953,0.207771,11.958311,20.289925,1125.14437,overheating,1,2,90,900,2.632074,-0.784587,9.552815,64.811934,78.873623,-0.107483,0.01096,0.115305,0.4,199.045
192,cruise,4241.500002,47.605276,63.172508,99.749952,259.627807,752.344305,27.972908,0.193299,11.792419,21.008728,1195.015192,overheating,1,2,90,900,1.067038,0.413503,9.670892,65.394716,79.471851,-0.009965,0.000233,-0.101419,0.4,199.04
193,cruise,4243.078984,44.374139,64.052789,99.189129,259.428478,754.255816,28.17168,0.196925,11.897846,20.983814,1010.423851,overheating,1,2,90,900,3.723845,-0.236161,10.783378,65.24831,82.816995,0.050965,-0.003993,-0.063354,0.4,199.035
194,cruise,4248.742863,43.800922,63.533106,99.024858,257.588901,755.097704,27.809049,0.210268,12.043438,20.44494,997.058584,overheating,1,2,90,900,-0.121619,-0.233096,9.556105,64.903523,82.603992,-0.219543,0.002194,0.018987,0.4,199.03
195,cruise,4253.445807,44.384098,63.729861,99.29715,260.250741,755.008475,27.987377,0.207702,12.157727,22.398442,1025.996482,overheating,1,2,90,900,2.151113,-0.30023,10.11089,65.267214,79.23512,0.009008,0.000515,-0.085193,0.4,199.025
196,cruise,4260.021319,43.638099,63.299638,99.267837,261.4117,760.982205,28.069111,0.210617,12.25638,20.119972,1067.038368,overheating,1,2,90,900,3.840797,0.115913,11.167517,65.516175,81.10188,0.157363,-0.000269,-0.056809,0.4,199.02
197,cruise,4255.614097,46.076391,63.936234,98.997777,261.263001,752.187595,27.773773,0.204557,12.037414,21.794415,1255.020886,overheating,1,2,90,900,3.215901,0.037094,10.122319,64.428605,81.728893,0.230362,0.002261,-0.056618,0.4,199.015
198,cruise,4254.702619,44.45381,63.439088,98.741589,260.503449,748.259258,28.218159,0.194687,12.02654,20.174364,995.982808,overheating,1,2,90,900,3.553679,0.572203,9.344907,65.30447,79.610836,-0.233767,-0.003583,0.028681,0.4,199.01
199,cruise,4252.695464,45.158667,63.618428,99.92107,260.724973,754.61327,27.728668,0.198019,12.178582,21.842407,1154.30374,overheating,1,2,90,900,4.379294,-0.603812,10.786763,64.839155,78.76358,0.074944,-0.007673,0.084343,0.4,199.005
200,cruise,4255.976556,44.240178,63.996943,98.967533,259.512826,754.459416,27.789414,0.206719,12.086233,21.194795,1131.89521,overheating,1,2,90,900,-1.646689,0.484769,9.429631,65.098772,81.079476,0.074104,0.00182,0.140654,0.4,199.0
201,cruise,4261.300322,44.049609,64.036354,99.571582,260.429575,751.787429,27.952765,0.202474,12.066721,20.724966,1044.370518,overheating,1,2,90,900,-2.913656,0.159967,10.506263,65.374304,80.053929,0.01909,0.001708,-0.046076,0.4,198.995
202,cruise,4195.985043,45.447211,63.717859,98.716977,260.470945,752.756241,27.871175,0.202847,12.168059,21.663895,1251.700151,overheating,1,2,90,900,-3.184128,-0.538038,9.665789,66.30551,80.644794,0.085506,0.00435,-0.064048,0.4,198.99
203,cruise,4211.450208,46.171154,64.328983,99.478329,260.655988,754.858631,27.928872,0.202622,12.22683,22.695817,1053.598461,overheating,1,2,90,900,2.601725,-0.256657,9.890528,64.469186,79.513448,-0.090402,-0.002063,0.004137,0.4,198.985
204,cruise,4251.16317,47.378331,64.01842,99.106065,259.583352,748.219916,28.20848,0.19447,12.054279,19.686238,1022.018815,overheating,1,2,90,900,2.288988,0.105466,10.461566,64.372755,80.314158,-0.1963,-0.000264,0.043537,0.4,198.98
205,cruise,4233.227051,47.334007,63.737233,98.823627,259.435023,754.837874,28.238766,0.203951,12.005137,20.994415,1226.049976,overheating,1,2,90,900,1.215805,0.620367,10.320256,64.419921,80.232392,0.023283,-0.002118,-0.089591,0.4,198.975
206,cruise,4244.288157,44.265577,63.211539,99.792159,260.551803,753.470251,27.962657,0.203728,12.286833,22.890417,1106.834987,overheating,1,2,90,900,-3.820055,0.504573,9.989003,64.642115,76.56654,0.111096,0.000911,0.202582,0.4,198.97
207,cruise,4259.204414,45.378801,63.993631,99.192544,262.440374,754.085131,27.766046,0.195962,11.903427,21.25715,1166.93498,overheating,1,2,90,900,-5.655541,0.467917,9.827433,64.352366,79.883236,0.149438,-0.005497,0.111603,0.4,198.965
208,cruise,4247.367568,45.364175,63.618244,99.888887,260.390663,755.39932,28.305515,0.201055,12.211472,20.879916,1120.258161,overheating,1,2,90,900,-4.493399,-0.159566,10.369222,65.710241,81.345464,0.250757,0.001415,0.138923,0.4,198.96
209,cruise,4254.629299,47.239594,63.666708,99.982086,261.297761,755.717674,28.143957,0.199688,12.530834,21.538592,1021.992939,overheating,1,2,90,900,6.474496,0.009929,10.306835,65.110908,78.531898,0.24653,0.006082,-0.020784,0.4,198.955
210,cruise,4222.294885,45.787123,63.692,98.901383,260.602178,752.185711,27.864535,0.208125,11.989437,20.840591,1159.388269,overheating,1,2,90,900,-2.749629,0.908749,9.69947,63.786659,82.042522,-0.209376,0.000131,-0.087474,0.4,198.95
211,cruise,4246.332776,45.055682,63.677756,99.006457,260.138347,753.712833,28.10043,0.204543,12.237977,21.351108,1151.008297,overheating,1,2,90,900,-6.108797,-0.548678,10.427039,64.223928,78.089792,-0.059462,0.01315,-0.088809,0.4,198.945
212,cruise,4267.783465,43.128782,63.658419,99.390126,258.868971,751.944489,27.83068,0.202557,12.221098,20.963534,1221.891967,overheating,1,2,90,900,0.456142,0.138457,10.117392,64.23392,82.409335,-0.093301,0.000404,-0.038862,0.4,198.94
213,cruise,4249.63629,45.278667,63.803874,98.939468,260.332735,751.119736,28.009953,0.205995,12.041204,22.174543,981.137638,overheating,1,2,90,900,1.702572,0.459406,9.13306,64.432609,78.108852,0.102601,-0.00166,0.012971,0.4,198.935
214,cruise,4248.329004,42.913065,63.560912,98.912864,261.465026,756.804432,27.892083,0.196244,12.254833,20.966224,1037.215083,overheating,1,2,90,900,2.172973,-0.586992,10.53283,65.814342,79.788186,-0.133069,-0.003555,-0.009099,0.4,198.93
215,cruise,4261.762182,44.457365,64.228554,99.456792,258.814834,752.887068,28.064108,0.205094,12.15021,21.541521,1152.58333,overheating,1,2,90,900,3.144723,-0.437861,9.40811,64.681694,78.93243,0.020212,-0.002488,0.051756,0.4,198.925
216,cruise,4245.190054,48.508626,64.367229,99.957062,258.288533,749.423111,28.025688,0.2055,12.208057,21.752072,1012.668149,overheating,1,2,90,900,-0.150058,-0.497068,9.726763,64.456666,80.866173,-0.169603,0.009741,-0.028317,0.4,198.92
217,cruise,4257.397843,44.980867,63.607677,98.540659,258.810659,753.865624,27.789169,0.202901,12.23454,22.411049,1159.258413,overheating,1,2,90,900,-1.348958,0.033938,10.567604,64.929656,79.129063,-0.194517,0.003322,-0.028112,0.4,198.915
218,cruise,4241.367585,44.596393,63.354396,99.315751,258.630733,753.761515,27.760044,0.201621,12.017586,21.805254,902.681402,overheating,1,2,90,900,0.867068,0.243355,9.501363,64.253631,80.213634,0.179501,-0.000502,0.000308,0.4,198.91
219,cruise,4259.422312,44.889006,63.034287,99.027456,260.376517,753.140559,28.17317,0.195822,12.012916,20.508021,1192.344556,overheating,1,2,90,900,0.379445,-0.240362,10.504524,64.826145,78.16052,-0.317481,0.003633,-0.00812,0.4,198.905
220,cruise,4268.78423,44.268276,63.943261,99.834906,259.693804,755.053121,27.941675,0.201965,11.870268,21.062666,1082.702198,overheating,1,2,90,900,-0.041213,-0.147281,9.900435,63.751968,80.349733,0.035194,0.004576,-0.032428,0.4,198.9
221,cruise,4246.973416,46.026607,63.560767,99.036084,261.890093,754.772157,28.053622,0.20159,12.224128,20.515215,1111.476119,overheating,1,2,90,900,0.078096,-0.117563,11.075838,65.641381,80.664137,0.111003,-0.002801,0.036768,0.4,198.895
222,cruise,4254.744478,44.846269,63.782929,99.848024,259.613203,759.086045,27.765337,0.203076,11.712499,21.031388,1187.988322,overheating,1,2,90,900,-0.675937,-0.219438,9.232381,63.61445,78.83365,-0.016259,-0.008074,0.141483,0.4,198.89
223,cruise,4247.75364,44.993207,63.291463,98.749995,260.623027,752.05684,28.111034,0.209165,12.019295,21.321296,1205.552946,overheating,1,2,90,900,-0.823479,-0.205762,10.362443,64.08485,77.722183,-0.21308,0.004871,0.205394,0.4,198.885
224,cruise,4253.685939,44.859069,64.118455,99.256507,259.973458,746.876025,27.71749,0.20754,11.911884,19.6754,1123.251678,overheating,1,2,90,900,1.876132,-0.678706,9.865592,65.11812,81.677448,-0.093781,-0.002501,0.026047,0.4,198.88
225,cruise,4255.791027,43.4143,63.938722,99.477333,260.327484,755.28542,27.769856,0.200414,12.209882,19.515213,1181.445481,overheating,1,2,90,900,-6.81237,0.035384,10.310438,65.264361,79.219003,-0.053812,0.002724,0.014361,0.4,198.875
226,cruise,4238.619848,42.942494,63.276117,99.872601,260.709258,750.051835,27.80032,0.205408,12.098902,20.720883,1142.238627,overheating,1,2,90,900,0.997968,0.189701,10.149109,65.195189,80.540328,-0.195951,0.001819,-0.091573,0.4,198.87
227,cruise,4237.735544,43.973655,63.730954,99.395234,263.027068,753.900669,27.853857,0.20749,11.866354,20.721096,1249.497506,overheating,1,2,90,900,-1.283007,-0.651613,9.658369,63.807735,80.339366,0.208517,0.001213,0.026158,0.4,198.865
228,cruise,4245.716547,46.137163,64.006027,98.489176,259.960365,752.268783,27.945492,0.195568,12.38533,20.853087,993.134175,overheating,1,2,90,900,1.823208,0.681843,9.473348,65.441134,79.575974,0.308538,0.002827,0.091992,0.4,198.86
229,cruise,4225.476412,45.037828,63.811106,99.13096,261.311067,755.143904,28.050385,0.201842,11.964977,21.243101,1164.701291,overheating,1,2,90,900,2.450134,-0.099825,9.515749,65.144306,81.511475,0.121703,0.004005,0.023072,0.4,198.855
230,cruise,4262.75594,46.139407,63.760148,98.686068,260.332682,750.1939,27.671809,0.206231,11.947167,21.808539,1049.373946,overheating,1,2,90,900,-2.360893,0.477929,10.392824,63.967014,82.883064,-0.03453,-0.00271,0.008167,0.4,198.85
231,cruise,4280.906435,43.697622,63.550037,99.386011,260.910782,758.773207,28.006322,0.204683,11.891908,19.214726,1059.263571,overheating,1,2,90,900,4.473135,0.06419,10.667245,63.425464,80.446291,0.126034,-0.001987,0.026089,0.4,198.845
232,cruise,4257.055591,47.159636,62.996982,98.878691,258.841732,756.459513,28.006476,0.190294,11.956619,20.936711,1190.666989,overheating,1,2,90,900,-0.047648,0.439975,9.884075,64.825106,80.890702,-0.231767,-0.000828,-0.077789,0.4,198.84
233,cruise,4209.857598,43.664335,63.965084,99.281551,259.718017,754.242104,27.976309,0.197078,12.425235,20.349492,1161.154977,overheating,1,2,90,900,2.675104,-0.264928,10.521893,65.575218,80.565875,-0.346706,0.002787,0.116122,0.4,198.835
234,cruise,4241.780859,46.309827,64.02731,98.898477,259.718497,752.49131,28.200042,0.201894,12.100758,21.616854,1115.954767,overheating,1,2,90,900,0.449659,0.350491,9.980748,65.334426,78.423231,-0.069536,-0.005978,0.038628,0.4,198.83
235,cruise,4242.263101,45.059253,63.532488,98.323096,260.29625,749.54061,28.218424,0.203062,11.875703,20.712212,1084.507535,overheating,1,2,90,900,-1.387566,0.002816,9.952278,64.140329,80.054687,0.062531,-0.002017,-0.173696,0.4,198.825
236,cruise,4263.591379,46.22308,63.389144,99.036436,260.07099,753.755898,27.949148,0.201912,12.195712,22.01221,1076.965168,overheating,1,2,90,900,-0.527356,-0.118026,10.239881,64.167732,80.700026,-0.11285,0.003189,-0.014077,0.4,198.82
237,cruise,4259.829883,46.146013,64.267081,98.907042,260.130585,753.05021,27.956211,0.197601,11.829898,20.50244,1383.988466,overheating,1,2,90,900,2.381167,-0.739562,10.492892,63.257864,80.956098,0.112277,-0.001923,0.089098,0.4,198.815
238,cruise,4224.16759,45.767603,63.086575,99.497607,259.758273,751.874124,28.018155,0.19762,11.755725,19.86542,1232.659807,overheating,1,2,90,900,1.479992,-0.177495,10.214503,65.047879,81.376796,0.158352,-0.003067,-0.001947,0.4,198.81
239,cruise,4258.34374,44.259643,63.070998,98.835678,258.349046,756.310193,27.960892,0.206564,11.950916,19.712592,1085.308545,overheating,1,2,90,900,-1.468738,-0.103542,10.400237,64.328021,81.052271,0.20126,0.004541,0.006637,0.4,198.805
240,cruise,4218.594475,44.956896,63.884389,99.718577,259.570796,750.737915,28.359568,0.197594,12.385022,21.080233,1138.179914,overheating,1,2,90,900,0.451554,-0.492844,9.603704,65.134841,79.391069,-0.095195,-0.003614,-0.085325,0.4,198.8
241,cruise,4250.314314,44.239274,62.895883,99.237709,259.84792,755.094627,27.899946,0.194826,12.277312,20.856567,1071.471733,overheating,1,2,90,900,-0.397712,0.136873,9.279479,64.34035,81.543074,-0.240315,0.005531,0.080674,0.4,198.795
242,cruise,4224.48281,45.871204,63.053912,99.009538,258.351307,762.664564,27.773417,0.202161,11.901074,21.663749,1119.811386,overheating,1,2,90,900,-0.008248,0.105278,9.686029,64.078762,80.529989,0.056715,0.004468,0.048034,0.4,198.79
243,cruise,4258.429358,45.931609,64.090004,99.545886,259.929731,752.617798,27.901218,0.211153,12.17039,21.529469,1095.982079,overheating,1,2,90,900,6.430152,-0.409572,10.416981,65.078731,78.102061,0.027415,-0.00446,-0.176796,0.4,198.785
244,cruise,4234.663332,46.02141,62.930211,99.91106,260.167695,759.893242,27.761672,0.190775,12.205849,19.430186,1063.029209,overheating,1,2,90,900,3.18402,0.092551,10.839665,65.129125,81.798978,0.009117,-0.003752,0.065093,0.4,198.78
245,cruise,4248.137119,48.243128,63.1421,99.038271,259.622361,754.47705,27.747593,0.194067,11.992365,21.46521,993.616922,overheating,1,2,90,900,-4.028273,0.372452,9.892254,64.960488,78.610747,-0.163547,-0.011014,0.001382,0.4,198.775
246,cruise,4263.659565,44.160263,63.587271,100.003615,259.275043,754.934964,27.922352,0.197183,12.190765,21.227342,1015.04279,overheating,1,2,90,900,-4.769658,-0.348624,10.72254,65.043619,79.930777,-0.0428,-0.009686,0.043208,0.4,198.77
247,cruise,4254.565273,45.953046,64.2011,98.765965,258.372535,750.103197,27.807061,0.205422,12.306692,20.607707,1168.016219,overheating,1,2,90,900,-2.332786,-0.199727,10.476611,65.236462,80.915553,-0.015258,-0.000253,-0.097196,0.4,198.765
248,cruise,4261.827001,45.109905,63.808387,98.899439,261.629739,754.388632,27.68958,0.202017,12.039176,19.455589,1141.847054,overheating,1,2,90,900,-1.118458,0.136576,9.165912,66.151052,81.517746,-0.025924,-0.004362,0.123596,0.4,198.76
249,cruise,4236.379937,45.876449,63.598881,99.947054,261.17205,755.592089,28.014776,0.210503,12.335372,21.430438,1171.202301,overheating,1,2,90,900,1.019242,-0.010094,9.521435,65.636898,78.895375,-0.036041,-0.002699,-0.017329,0.4,198.755
250,cruise,4261.871573,45.510366,63.62024,98.873948,262.187097,755.800598,28.235054,0.207569,12.039137,22.306175,1248.868207,overheating,1,2,90,900,-2.606139,0.025672,9.384242,64.388201,81.515285,-0.183236,-0.004277,0.003259,0.4,198.75
251,cruise,4247.911696,46.396163,63.323375,99.719929,259.783269,754.854463,27.821338,0.193461,12.116474,21.294025,1319.852664,overheating,1,2,90,900,0.214946,-0.687145,9.793271,65.370043,82.026922,0.084353,0.008682,0.038137,0.4,198.745
252,cruise,4244.027805,43.926931,63.874504,99.432644,262.723608,749.454393,27.691723,0.199342,12.177296,20.318137,993.894248,overheating,1,2,90,900,3.57644,0.014469,10.139808,64.564481,81.390443,0.092572,0.003562,-0.13973,0.4,198.74
253,cruise,4234.78541,45.403569,62.980823,98.763888,259.984274,753.781512,28.125711,0.206092,12.147144,21.069288,1200.501425,overheating,1,2,90,900,-0.346101,0.050802,10.402833,65.019796,76.80758,0.034844,0.006348,-0.031631,0.4,198.735
254,cruise,4251.357747,46.712055,63.445509,99.0409,259.921043,754.180761,27.671997,0.202624,11.963275,18.808609,1159.231687,overheating,1,2,90,900,-3.49202,-0.12532,10.606213,65.189324,79.732635,0.054695,-0.003724,-0.1654,0.4,198.73
255,cruise,4293.005929,44.845467,64.937738,98.738152,260.029022,750.351158,27.896714,0.196671,12.255066,20.699978,1125.094051,overheating,1,2,90,900,4.708426,0.056802,9.486252,65.723463,81.388327,0.098355,0.006072,0.044412,0.4,198.725
256,cruise,4255.949962,46.862125,64.363463,98.108479,260.376104,756.25789,27.566295,0.20627,12.135822,21.308378,1209.242827,overheating,1,2,90,900,-6.091424,0.095994,10.58482,64.753349,80.494956,-0.155268,-0.000694,-0.005652,0.4,198.72
257,cruise,4274.876182,43.478159,64.021327,99.504778,258.755162,755.390341,27.807331,0.193748,11.753516,22.079272,1079.951877,overheating,1,2,90,900,-0.369175,-0.74632,10.214629,65.985669,83.171586,-0.320862,0.001904,0.050539,0.4,198.715
258,cruise,4231.755568,45.273816,63.617043,98.706409,260.173293,756.994254,27.641724,0.196148,12.278395,21.156961,1103.386976,overheating,1,2,90,900,3.523913,0.031077,10.542482,65.20983,80.117458,-0.055257,-0.002812,0.128277,0.4,198.71
259,cruise,4270.678369,46.364178,64.173715,99.081012,260.44852,753.855607,27.669495,0.198285,12.032399,23.704971,1177.87938,overheating,1,2,90,900,-2.156977,0.321951,9.148493,64.747414,79.752366,-0.195942,-0.000227,0.089607,0.4,198.705
260,cruise,4261.9326,43.734432,64.45208,99.070354,261.555376,754.443507,28.174494,0.195586,11.914657,22.70934,1279.553601,overheating,1,2,90,900,0.290769,-0.215452,11.132309,65.286614,79.369911,0.1267,-0.00647,0.085782,0.4,198.7
261,cruise,4266.730541,45.010332,63.383967,100.02274,259.682026,754.790794,27.900697,0.204481,12.151738,19.907165,985.626148,overheating,1,2,90,900,1.536349,-0.138651,10.239073,65.726141,80.719502,-0.046703,-0.006634,0.068078,0.4,198.695
262,cruise,4265.846217,45.817365,63.713459,98.792719,259.951704,749.216877,27.659756,0.213429,12.137468,22.13348,1083.426214,overheating,1,2,90,900,-0.967931,0.188594,10.333859,64.91685,82.420403,0.272831,0.003414,0.034298,0.4,198.69
263,cruise,4215.870229,45.359624,63.545,98.969504,260.871245,753.005255,27.917487,0.205045,12.13858,21.387951,1010.280108,overheating,1,2,90,900,-6.879896,0.300529,10.254121,65.010337,79.181594,-0.064185,-0.006054,-0.06245,0.4,198.685
264,cruise,4244.066624,45.645259,64.0202,98.844788,261.620743,756.058072,27.977922,0.21235,12.291629,20.781446,1157.638304,overheating,1,2,90,900,-2.811372,0.095979,10.574278,65.101321,78.423926,0.069265,-0.003562,0.122311,0.4,198.68
265,cruise,4253.680551,43.886841,63.244147,99.215003,260.545845,754.928353,27.882645,0.195398,12.221337,20.555852,1184.853654,overheating,1,2,90,900,0.642824,-0.022905,9.599474,63.957837,80.539195,-0.237954,-0.000996,-0.04043,0.4,198.675
266,cruise,4209.757122,45.240527,63.186605,99.206309,259.898515,754.282263,27.91883,0.188398,11.815079,20.822169,1343.422372,overheating,1,2,90,900,-4.753527,0.159131,10.569533,65.899673,78.684674,0.01701,-0.00635,-0.02298,0.4,198.67
267,cruise,4269.153281,42.532499,64.687111,99.550309,259.510562,756.950839,27.742896,0.207788,11.951843,19.863125,1025.396024,overheating,1,2,90,900,3.538111,-0.134402,9.557008,64.8943,78.717141,-0.213132,0.004827,-0.003167,0.4,198.665
268,cruise,4239.071846,45.551821,63.065851,98.925932,259.317076,754.36459,27.970201,0.206718,12.023472,19.006348,1118.772488,overheating,1,2,90,900,0.445558,0.159283,11.370374,65.270583,81.844655,-0.049193,-0.00479,0.03767,0.4,198.66
269,cruise,4241.469814,47.143424,64.015378,99.069541,259.706697,758.938168,27.680497,0.204588,12.208145,21.361209,1160.601553,overheating,1,2,90,900,1.446421,-0.518169,10.112768,65.237085,77.325391,0.022093,0.000519,0.043135,0.4,198.655
270,cruise,4275.939143,45.228634,63.231282,98.333259,261.490134,753.263695,27.789357,0.205523,12.030573,20.328469,1063.870837,overheating,1,2,90,900,2.853664,0.760055,9.768476,64.611463,79.920022,0.014885,-0.003111,0.008563,0.4,198.65
271,cruise,4246.050498,46.723164,63.002167,99.386788,262.265305,752.726326,28.064547,0.197009,12.251208,21.283545,1116.407209,overheating,1,2,90,900,-2.815516,0.353315,10.288578,63.678019,78.462785,-0.096359,-0.000938,-0.143899,0.4,198.645
272,cruise,4295.8878,46.260939,63.19647,99.573717,259.662445,752.420468,28.134366,0.211247,12.084319,21.850669,932.448089,overheating,1,2,90,900,2.859292,0.048079,9.918807,64.685561,83.35077,0.233635,0.006712,-0.067469,0.4,198.64
273,cruise,4254.3085,44.897547,63.914219,97.90082,259.457962,752.213676,27.852486,0.202826,11.735841,21.413678,1136.322575,overheating,1,2,90,900,-3.422487,-0.017844,10.260073,65.875213,83.287585,-0.055042,-0.001529,0.130657,0.4,198.635
274,cruise,4220.99112,45.749086,63.171497,98.600346,261.357804,753.062404,27.840285,0.193596,11.956551,20.650142,1056.537419,overheating,1,2,90,900,5.669381,0.219451,10.628137,66.275736,80.929077,0.417987,0.003258,-0.089394,0.4,198.63
275,cruise,4241.47277,45.944082,64.078284,99.081719,259.358236,756.71049,28.224517,0.195503,11.758209,22.471469,1181.214119,overheating,1,2,90,900,3.129222,0.471538,9.23381,63.868491,79.398318,0.062398,-0.000856,-0.027323,0.4,198.625
276,cruise,4255.6086,43.31934,63.771352,99.096877,259.650134,755.068088,28.099767,0.201459,12.212875,20.849629,1022.042601,overheating,1,2,90,900,3.286577,0.024689,10.011569,65.490066,79.284152,0.063833,0.008538,-0.006099,0.4,198.62
277,cruise,4203.019728,45.522274,63.221905,98.963697,258.426209,751.729163,28.218444,0.195992,12.062206,21.435341,1063.722857,overheating,1,2,90,900,0.527961,-0.080613,10.889658,65.338285,80.075513,0.178579,-0.000834,0.032704,0.4,198.615
278,cruise,4248.039024,45.533777,63.725336,99.499606,259.944823,754.224016,28.017727,0.201864,12.015621,21.755409,1146.540899,overheating,1,2,90,900,1.517949,0.658568,9.725068,65.404774,80.263467,-0.100338,0.009511,0.155256,0.4,198.61
279,cruise,4256.428299,45.785641,63.682051,99.043218,260.074376,756.794529,28.362485,0.210586,11.909778,22.162334,1181.887943,overheating,1,2,90,900,-3.446375,0.359089,10.244261,64.385795,79.926692,0.127222,-0.005658,0.045082,0.4,198.605
280,cruise,4269.242408,46.155153,63.526245,98.627008,260.342026,751.987985,27.816103,0.209045,12.044254,19.979711,1127.855159,overheating,1,2,90,900,4.222863,0.922053,10.788612,64.531164,80.150164,0.003615,0.00152,-0.001292,0.4,198.6
281,cruise,4270.090832,45.798709,64.366649,99.756152,259.65913,755.857532,27.966063,0.203009,11.830108,20.323492,1127.289929,overheating,1,2,90,900,-1.526611,0.81139,10.219956,66.531963,79.961177,0.094143,-0.003201,-0.053758,0.4,198.595
282,cruise,4246.455785,46.162922,64.745965,98.652796,261.925957,748.447562,28.187636,0.195925,11.697004,20.450289,1142.053185,overheating,1,2,90,900,-1.330737,-0.143641,9.388378,65.166563,81.377311,-0.045716,-0.00301,-0.068583,0.4,198.59
283,cruise,4284.385998,45.88256,64.455417,98.849002,258.422975,756.953034,27.753556,0.18641,12.166594,20.407138,1126.284364,overheating,1,2,90,900,-2.368334,0.052962,10.078789,65.984982,77.290958,0.055806,-0.002306,-0.027847,0.4,198.585
284,cruise,4269.241002,44.800139,62.54732,98.372957,260.126306,757.894376,28.282528,0.19806,12.137664,20.918085,1069.325835,overheating,1,2,90,900,-3.295324,-0.33559,10.463597,64.746527,80.448259,-0.17503,-0.002208,-0.043989,0.4,198.58
285,cruise,4245.659057,46.748468,63.487838,99.104595,261.718785,754.253709,27.840445,0.204033,12.070075,20.067776,1061.999072,overheating,1,2,90,900,-4.181653,-0.351605,9.339551,65.791763,80.639117,0.09054,-0.00416,0.092204,0.4,198.575
286,cruise,4270.300205,44.58933,62.701611,100.389913,258.941659,752.420879,27.982061,0.199543,11.916276,19.601962,1065.639789,overheating,1,2,90,900,-1.042675,0.372168,10.273512,65.674135,79.237459,0.034822,0.001686,-0.075724,0.4,198.57
287,cruise,4267.629604,45.867149,63.221911,97.708564,258.884705,749.184298,27.938989,0.189359,11.799381,23.173734,1130.511299,overheating,1,2,90,900,-4.038419,0.583391,10.893507,64.355833,80.78062,0.201802,-0.001769,-0.035963,0.4,198.565
288,cruise,4262.125649,46.119992,63.650122,98.946227,259.531221,755.131904,28.06535,0.202595,12.085106,20.522662,1090.725675,overheating,1,2,90,900,2.617001,-0.016602,9.678261,64.286908,80.122924,0.132419,-0.001818,-0.008674,0.4,198.56
289,cruise,4255.854491,45.656636,63.929574,100.285718,262.060062,755.943108,28.052381,0.191128,11.744885,21.692976,1103.752635,overheating,1,2,90,900,-3.072932,0.656023,10.202332,65.596132,80.392278,0.329706,-0.006352,0.073023,0.4,198.555
290,cruise,4244.205798,45.561243,63.591068,99.597125,259.678956,756.372779,27.903201,0.192127,12.208921,21.366921,1200.553506,overheating,1,2,90,900,1.759652,0.303706,9.398108,65.166047,79.438802,0.003194,-0.003681,0.088654,0.4,198.55
291,cruise,4236.022759,44.521886,64.33801,98.372872,258.926505,755.139281,27.969942,0.197211,12.129523,20.509326,1032.612592,overheating,1,2,90,900,3.774134,0.088264,10.394255,64.459783,80.779718,0.183201,0.002483,-0.048476,0.4,198.545
292,cruise,4242.046406,46.016169,63.408397,98.295153,260.823095,755.696986,27.924762,0.198013,12.2342,21.203892,1027.513124,overheating,1,2,90,900,-1.627821,0.208104,10.53642,65.388865,79.273344,0.096059,-0.001185,-0.005865,0.4,198.54
293,cruise,4276.21726,45.501621,63.595255,97.944283,258.588292,755.658647,27.800112,0.206563,12.242751,21.939759,1201.783296,overheating,1,2,90,900,-1.147527,0.083772,10.363731,66.11119,79.963747,0.181479,0.002441,-0.08166,0.4,198.535
294,cruise,4246.038478,45.785311,64.104957,98.839586,259.717275,750.162033,27.776224,0.195886,11.980959,21.781697,1117.263182,overheating,1,2,90,900,1.869067,0.093322,10.206694,64.042806,76.395893,0.184327,-0.004038,-0.071341,0.4,198.53
295,cruise,4258.48923,46.606209,64.00941,98.974961,261.108482,756.110283,27.800773,0.198267,12.082786,21.939984,1187.667089,overheating,1,2,90,900,-4.888423,0.177899,9.544219,66.576738,80.884514,-0.100964,-0.009321,-0.14911,0.4,198.525
296,cruise,4262.912363,45.561279,63.469622,98.903289,258.917231,753.310589,27.63277,0.214575,12.088158,20.548557,1022.014731,overheating,1,2,90,900,0.613944,-0.241556,9.970938,65.04328,82.540637,0.275407,-0.005068,-0.087502,0.4,198.52
297,cruise,4236.611285,44.756968,64.103036,98.353098,259.521287,754.666944,27.632554,0.200799,12.071821,22.641151,1166.214849,overheating,1,2,90,900,0.64917,-0.281901,10.220929,65.253027,81.192247,-0.145719,0.000904,-0.075093,0.4,198.515
298,cruise,4283.009859,45.546154,62.660807,99.172116,260.570622,757.369931,28.376922,0.197095,12.030392,21.991688,1175.185883,overheating,1,2,90,900,9.827082,0.876759,9.596099,66.289659,80.822869,0.255881,0.001246,0.098009,0.4,198.51
299,cruise,4234.809893,45.3734,64.208642,98.895684,259.948181,753.347539,28.311145,0.200862,12.210785,20.926014,1155.704336,overheating,1,2,90,900,0.033723,0.436969,9.41198,64.877397,81.501061,0.032982,0.01187,0.06817,0.4,198.505
300,cruise,4251.965729,44.047555,63.916143,98.816979,261.465248,754.029156,27.856383,0.198887,12.28727,21.055181,959.346879,overheating,1,2,90,900,1.940785,0.529159,10.042444,64.690793,81.193275,-0.327287,-0.004185,-0.0091,0.4,198.5
301,cruise,4236.346939,44.429858,63.962978,99.64634,261.892441,751.026351,28.223131,0.207492,12.061634,21.634225,1150.1827,overheating,1,2,90,900,-2.791372,0.208844,9.455889,66.134424,79.991849,0.088224,0.007768,0.143093,0.4,198.495
302,cruise,4252.937198,45.837428,63.445415,99.345057,261.361269,754.474195,28.271684,0.207966,11.999964,21.545718,1269.823778,overheating,1,2,90,900,-2.483788,0.106009,10.088644,65.776982,78.589411,0.048561,0.004757,-0.051607,0.4,198.49
303,cruise,4255.650792,45.965853,63.658354,100.187336,260.023816,749.25115,28.041532,0.201021,12.020545,20.282999,1080.605339,overheating,1,2,90,900,2.396115,0.788402,9.754499,65.484568,78.275216,-0.253551,-0.00282,-0.148603,0.4,198.485
304,cruise,4264.113755,46.416538,64.49089,98.584774,258.388073,753.756855,27.968942,0.200748,12.127421,22.312789,1175.30981,overheating,1,2,90,900,-1.024038,-0.058013,9.652965,64.05703,80.037148,0.251349,0.004041,-0.010398,0.4,198.48
305,cruise,4247.59017,45.311932,63.744966,98.531225,259.784228,749.819908,27.78077,0.200382,11.948696,19.815911,1146.077565,overheating,1,2,90,900,-1.369682,-0.382765,9.946763,63.81593,80.347417,0.090827,0.001457,-0.05952,0.4,198.475
306,cruise,4241.649119,45.96416,64.075998,99.213531,258.088984,753.66712,28.022221,0.195174,12.296705,20.650105,1146.187382,overheating,1,2,90,900,0.686942,-0.339866,10.390128,65.125308,80.797315,0.042328,0.003813,-0.0372,0.4,198.47
307,cruise,4234.607013,44.147599,63.78536,98.364092,259.97579,756.58921,27.781923,0.203377,12.155535,21.843772,1019.228653,overheating,1,2,90,900,0.350179,0.358746,10.472193,64.816424,77.411245,0.240134,-0.006129,-0.110232,0.4,198.465
308,cruise,4269.191926,47.346259,63.936934,99.735,259.967805,750.288736,27.975192,0.200482,12.159395,20.732706,1176.975993,overheating,1,2,90,900,0.751396,-0.096393,8.829813,65.775391,80.110121,0.077956,-0.003244,-0.019073,0.4,198.46
309,cruise,4234.643622,46.949359,63.762543,98.177659,259.194327,759.891935,27.518205,0.204483,12.220351,20.710875,1101.85557,overheating,1,2,90,900,-1.394079,-0.068199,10.296014,64.206894,79.32452,-0.046559,0.002141,-0.001269,0.4,198.455
310,cruise,4269.568863,45.574009,63.47719,99.016237,258.766544,751.699935,27.974108,0.204424,12.415302,20.491522,1196.693081,overheating,1,2,90,900,0.02851,-0.055122,10.530907,64.977425,80.653763,-0.003673,-0.003682,-0.138636,0.4,198.45
311,cruise,4232.378975,43.934354,63.055455,99.518405,259.882421,750.926763,27.855632,0.193559,12.277797,22.040388,982.980714,overheating,1,2,90,900,-3.178102,-0.05765,9.920489,65.199819,79.665442,-0.049827,-0.000397,-0.053981,0.4,198.445
312,cruise,4252.486998,43.256401,64.031701,100.41853,259.364728,749.129029,27.777365,0.203397,11.84165,19.454477,1198.490614,overheating,1,2,90,900,3.414398,0.104344,9.5447,64.979845,80.916411,-0.164442,0.001131,-0.045643,0.4,198.44
313,cruise,4250.990849,45.955159,63.214605,99.266628,260.695864,751.759967,27.737698,0.205517,12.006317,21.682191,1268.648094,overheating,1,2,90,900,-1.170785,0.462699,9.265865,64.115584,83.237731,0.183555,0.001371,0.051871,0.4,198.435
314,cruise,4240.773245,45.631011,63.781175,99.475195,261.625276,756.969727,28.113916,0.198963,11.992145,22.61317,923.672063,overheating,1,2,90,900,-0.864801,-0.047923,9.035644,64.081239,80.483436,0.16888,-0.00123,-0.045546,0.4,198.43
315,cruise,4257.197449,45.785955,63.794649,99.448991,259.118804,755.707835,28.038648,0.206208,12.159965,21.134113,1047.901133,overheating,1,2,90,900,-0.51769,0.008589,10.478121,64.82362,79.291974,-0.151382,-0.002431,-0.029927,0.4,198.425
316,cruise,4250.304018,43.693795,63.641453,99.007017,257.083471,752.327198,27.986037,0.198371,11.840701,19.85055,1090.022719,overheating,1,2,90,900,3.80946,-0.21882,9.887046,64.168676,76.470731,-0.120616,0.000765,-0.172956,0.4,198.42
317,cruise,4255.816183,46.351586,63.748354,98.353089,259.783737,757.148317,28.012982,0.190916,12.140892,21.952463,1172.176894,overheating,1,2,90,900,0.180612,0.170906,10.02232,63.346631,79.941329,0.008491,-0.00362,-0.221334,0.4,198.415
318,cruise,4268.934685,43.849176,63.379984,99.927402,257.617172,754.240072,27.825808,0.208649,12.403174,20.870168,1141.679266,overheating,1,2,90,900,-4.748039,-0.257669,9.757203,63.147368,81.730401,-0.209215,-0.005305,-0.00896,0.4,198.41
319,cruise,4244.211204,45.337885,64.41908,99.450102,260.55429,755.53926,27.963599,0.2007,11.905155,22.40967,1060.221758,overheating,1,2,90,900,2.145921,-0.429663,9.381633,64.689324,78.71507,-0.233353,0.001915,0.052686,0.4,198.405
320,cruise,4273.379259,46.018904,63.894169,98.594711,259.051599,753.60991,28.101155,0.203941,12.282892,22.313173,1303.476833,overheating,1,2,90,900,1.087145,-0.173118,9.808971,65.375208,79.595373,-0.27479,-0.010744,0.105279,0.4,198.4
321,cruise,4243.109255,45.888997,63.804767,99.449513,261.279977,756.806822,28.104226,0.199475,11.937196,21.555357,1154.755493,overheating,1,2,90,900,-2.261066,-0.523185,10.567341,65.201325,77.644637,-0.096214,-0.005253,0.076221,0.4,198.395
322,cruise,4238.770984,45.610531,64.404369,98.67507,260.143614,753.128644,27.956991,0.188692,12.072453,22.488513,1139.248517,overheating,1,2,90,900,-2.86012,0.245577,9.574791,65.148678,80.057135,-0.02996,-0.011475,-0.027169,0.4,198.39
323,cruise,4223.213197,44.347139,62.924959,98.555405,260.512598,755.945584,27.854168,0.206031,11.968147,20.483753,974.93263,overheating,1,2,90,900,2.000242,0.255416,9.618952,66.580804,79.383204,-0.162497,0.001848,-0.011633,0.4,198.385
324,cruise,4273.150596,44.679574,63.325268,99.724046,258.94766,752.437282,27.744803,0.208349,12.12003,19.387062,1045.681165,overheating,1,2,90,900,-2.342578,0.494638,9.173353,66.519164,78.769649,0.027764,0.001679,-0.133116,0.4,198.38
325,cruise,4252.865458,45.83859,63.515546,99.948857,258.326192,750.798527,27.837479,0.194375,12.215795,21.170396,963.234198,overheating,1,2,90,900,-0.190183,0.126594,9.747425,64.949769,77.399818,0.003644,0.004722,0.137174,0.4,198.375
326,cruise,4234.527521,44.634321,63.776209,98.606854,260.143131,754.635,27.963672,0.194892,11.9978,20.836446,894.240914,overheating,1,2,90,900,1.732479,0.26772,10.167999,65.125276,76.440307,-0.052343,0.001026,-0.046748,0.4,198.37
327,cruise,4251.918527,45.507998,63.429546,99.219016,260.438052,759.705282,27.992473,0.202294,12.137855,21.565309,1188.63652,overheating,1,2,90,900,-3.986431,-0.551015,11.25467,64.037532,78.080328,-0.18858,0.003173,0.060354,0.4,198.365
328,cruise,4242.448062,43.744842,63.039928,99.0292,262.13305,755.304424,27.927964,0.197243,11.82401,23.407663,1084.321139,overheating,1,2,90,900,4.653069,0.046932,10.665632,65.195812,80.801499,-0.044294,-0.002131,0.194148,0.4,198.36
329,cruise,4248.752504,44.121773,63.884889,99.333338,259.382661,754.348464,28.07848,0.195666,12.056697,22.865908,1112.750335,overheating,1,2,90,900,1.736679,0.057353,9.980037,65.700076,81.621174,-0.071266,-0.006864,0.107375,0.4,198.355
330,cruise,4246.866851,47.05671,63.435696,100.021851,259.528411,754.184605,28.209214,0.192992,12.019176,22.937055,1046.260427,overheating,1,2,90,900,-0.63661,-0.10529,9.558348,64.832008,78.663235,0.032911,0.005385,0.009032,0.4,198.35
331,cruise,4239.019857,47.01257,63.361952,98.879151,259.474138,754.000347,27.654379,0.201769,12.014133,21.680652,1003.525442,overheating,1,2,90,900,1.264544,0.585847,10.713605,66.715809,78.464212,0.221172,-0.006024,-0.039061,0.4,198.345
332,cruise,4253.7468,46.661794,63.608628,98.666606,258.779094,754.574739,27.967361,0.196732,12.007046,19.29651,1184.709531,overheating,1,2,90,900,0.888104,-0.744466,8.507045,64.480004,82.265411,0.047527,0.002408,0.182859,0.4,198.34
333,cruise,4258.132828,47.163606,63.584924,98.808695,259.65982,758.121399,28.021021,0.195117,12.248269,18.843879,1142.981789,overheating,1,2,90,900,-3.213888,-0.264733,9.630624,64.269443,83.457946,0.02834,0.010217,0.12078,0.4,198.335
334,cruise,4244.291955,43.529229,63.544544,98.819849,261.307598,755.928652,27.869611,0.196971,11.934665,20.336635,1192.801363,overheating,1,2,90,900,-4.947642,-0.194778,10.650042,65.154414,81.411452,0.135552,-4.9e-05,-0.001665,0.4,198.33
335,cruise,4275.322043,46.107894,63.283116,98.918606,259.311808,753.530826,28.293432,0.202443,12.379298,20.416524,1142.975092,overheating,1,2,90,900,4.951494,-0.55642,9.948439,65.366109,78.208964,0.032417,0.001399,-0.042542,0.4,198.325
336,cruise,4234.371265,45.695617,63.540564,98.915843,258.037495,753.752892,27.946569,0.205099,12.304598,21.733309,1096.931577,overheating,1,2,90,900,-2.873096,0.072437,9.821497,64.07956,80.41236,-0.101562,-0.006094,-0.063393,0.4,198.32
337,cruise,4252.385915,45.916318,63.552115,99.358157,259.65398,751.401997,27.893278,0.199643,11.951141,20.561374,1089.09227,overheating,1,2,90,900,-0.870611,0.987749,8.947397,65.888831,79.739646,0.389829,-0.004471,-0.016371,0.4,198.315
338,cruise,4268.889095,45.222325,63.36149,98.464525,258.743783,756.934372,27.93555,0.193935,12.138627,20.209792,1163.905515,overheating,1,2,90,900,3.582841,-0.39243,10.15885,65.244309,78.491742,0.082877,-0.000195,0.031011,0.4,198.31
339,cruise,4245.264717,46.103624,63.122418,99.631804,261.010136,754.883015,27.882232,0.199419,12.278784,22.192942,1136.279868,overheating,1,2,90,900,-0.399765,-0.578288,8.539538,65.222162,82.259261,0.233358,-0.006504,-0.016712,0.4,198.305
340,cruise,4242.380164,45.665066,63.659201,99.638536,260.857804,750.514633,27.988847,0.19692,12.033446,21.048017,1157.409924,overheating,1,2,90,900,0.98327,0.612953,10.053205,66.463027,79.217552,0.051493,-0.002056,0.100263,0.4,198.3
341,cruise,4273.316271,44.676001,64.567615,99.197883,260.222901,756.127411,27.635653,0.193484,12.231778,21.63725,1116.667353,overheating,1,2,90,900,-0.156517,0.0013,10.639469,64.283797,80.906385,0.096149,-0.005007,-0.067047,0.4,198.295
342,cruise,4275.199211,44.683961,64.278717,99.723942,261.687739,756.035723,28.216591,0.20192,12.16978,21.888602,1078.948194,overheating,1,2,90,900,0.776964,0.793932,9.833453,63.582369,78.743563,-0.033281,-0.000653,0.087001,0.4,198.29
343,cruise,4237.619946,46.039547,63.21862,98.755577,260.164729,750.317935,27.796715,0.207315,12.05657,22.368987,1063.720734,overheating,1,2,90,900,0.914296,0.009998,10.206206,64.40822,79.938049,0.147751,-0.003538,-0.044065,0.4,198.285
344,cruise,4249.690091,44.086663,63.578046,98.94381,259.815628,756.521677,28.229453,0.192329,12.177241,20.673762,1052.595909,overheating,1,2,90,900,3.470314,0.16595,9.865509,65.246052,78.344459,0.102169,-0.00183,-0.088096,0.4,198.28
345,cruise,4273.349159,46.972404,63.274015,99.090539,258.05757,749.557246,28.094162,0.19936,12.101927,22.097336,1067.376342,overheating,1,2,90,900,-0.739333,0.253041,10.398035,65.686612,81.165098,0.422355,0.001115,-0.008391,0.4,198.275
346,cruise,4259.459144,47.180102,63.866415,99.138336,262.035669,757.667046,27.64262,0.197272,12.077605,20.84778,1030.214361,overheating,1,2,90,900,5.062328,0.679937,10.418673,64.224134,78.222657,0.093684,-0.001588,0.065167,0.4,198.27
347,cruise,4229.535688,44.940695,64.845823,99.70531,259.587752,755.15479,28.211096,0.204913,12.139627,20.001049,1054.181163,overheating,1,2,90,900,0.941403,-0.007939,8.953628,64.21112,81.730772,0.355142,-0.002725,-0.06125,0.4,198.265
348,cruise,4232.762983,44.206395,62.822888,99.572615,261.240679,752.846512,27.850207,0.200261,11.990556,19.941534,1177.089684,overheating,1,2,90,900,2.951946,0.611637,10.132995,63.800717,81.247021,-0.159292,0.001306,0.113237,0.4,198.26
349,cruise,4251.029339,43.892499,63.182082,98.732781,260.129517,756.809266,27.735896,0.198659,11.897838,22.077514,1241.177506,overheating,1,2,90,900,1.501331,0.060955,9.69745,66.210255,78.081297,-0.289885,-0.001764,-0.035734,0.4,198.255
350,cruise,4251.186619,44.134513,63.788357,99.24704,260.88538,756.390002,27.898816,0.193996,12.080218,19.186648,1114.488553,overheating,1,2,90,900,-4.031578,-0.548322,9.842827,66.280834,80.124539,-0.110387,-0.002801,-0.020652,0.4,198.25
351,cruise,4284.930821,45.443899,63.655415,98.910802,261.542474,750.971487,27.851652,0.196317,12.019632,20.489261,1011.2756,overheating,1,2,90,900,-0.568223,0.383153,9.927082,65.387237,78.582941,0.101926,-0.000986,0.058302,0.4,198.245
352,cruise,4255.0634,44.603269,63.587154,98.604335,261.071194,755.67786,28.132552,0.199058,12.264223,20.102825,1130.293491,overheating,1,2,90,900,0.280915,0.230732,9.615743,65.222219,81.691163,0.173537,-0.001463,-0.044371,0.4,198.24
353,cruise,4257.770423,45.358837,63.477139,99.765041,259.562591,751.042688,27.733258,0.202147,12.037463,20.13272,1116.043136,overheating,1,2,90,900,-0.231821,-0.243138,10.880512,64.102293,80.145214,-0.367535,-0.000361,-0.176869,0.4,198.235
354,cruise,4214.816174,44.620265,64.155866,99.041605,258.476822,754.947897,28.063523,0.197139,11.659478,20.709624,1000.915255,overheating,1,2,90,900,0.9321,-0.074921,10.192262,62.913616,77.864527,-0.197024,0.007596,-0.098578,0.4,198.23
355,cruise,4276.649282,43.703798,63.289671,99.351184,259.861372,756.229639,28.072888,0.203498,12.267284,20.823489,1069.484909,overheating,1,2,90,900,-0.746637,0.210906,10.423687,65.015465,79.529755,0.255585,0.001486,0.022909,0.4,198.225
356,cruise,4264.929439,45.781023,63.994011,98.857636,257.215511,751.798688,27.828116,0.208428,12.141711,21.292709,1233.253209,overheating,1,2,90,900,3.429094,-0.340201,9.694813,64.933481,78.318815,-0.190628,-0.003325,-0.037346,0.4,198.22
357,cruise,4247.727287,43.45767,63.652301,97.910209,258.017896,754.768907,28.229457,0.202727,12.053118,22.158897,1114.969535,overheating,1,2,90,900,-2.332127,-0.360032,9.543079,65.285677,80.206093,-0.110265,-5.2e-05,-0.043706,0.4,198.215
358,cruise,4246.645818,44.938158,63.380206,99.788124,259.956692,755.245253,27.992654,0.199184,12.215687,21.224194,978.494602,overheating,1,2,90,900,1.437992,0.392984,10.049841,65.591339,81.024792,-0.036305,-0.000681,0.030907,0.4,198.21
359,cruise,4273.509483,44.586724,63.482304,99.710741,259.489825,749.736253,28.116343,0.204116,11.91355,20.282216,1142.276372,overheating,1,2,90,900,-0.288887,-0.363138,9.717779,65.700221,82.707204,0.002977,0.001799,0.062235,0.4,198.205
360,cruise,4242.276749,43.56032,63.968168,98.419691,260.35266,758.450096,27.873235,0.201797,12.219499,21.574513,922.843381,overheating,1,2,90,900,2.521773,-0.7109,9.309727,65.5054,79.247949,0.129796,0.001488,-0.096221,0.4,198.2
361,cruise,4241.817934,45.932339,63.745117,99.593125,259.597779,753.168197,27.881774,0.198201,12.179907,19.627185,1074.619682,overheating,1,2,90,900,-1.304246,-0.131922,11.047888,65.195178,80.316539,0.198496,-0.000195,-0.029222,0.4,198.195
362,cruise,4239.967115,47.056151,63.316019,98.727851,262.56805,754.870489,27.855302,0.208053,12.188583,21.569193,1125.877042,overheating,1,2,90,900,-2.140612,0.093811,10.097576,65.087076,80.038209,-0.09043,-0.002017,-0.047804,0.4,198.19
363,cruise,4248.204579,46.331392,63.637519,98.958085,259.636255,751.62032,27.944466,0.20425,12.113439,21.265302,1166.524777,overheating,1,2,90,900,-0.657717,-0.689661,9.936447,65.693126,82.223578,-0.026685,0.001648,-0.022009,0.4,198.185
364,cruise,4236.209665,45.326233,63.246224,98.853956,260.997629,753.251506,28.307902,0.192334,12.188118,21.149199,1193.339088,overheating,1,2,90,900,-0.170573,-0.070889,9.900489,64.446749,78.655018,-0.197513,0.005409,0.110153,0.4,198.18
365,cruise,4218.961084,46.319453,63.507317,99.912612,258.789947,754.194904,27.941872,0.203902,12.039298,20.426279,1082.076825,overheating,1,2,90,900,0.703948,0.082025,9.646984,65.87851,79.036443,-0.144786,0.005106,-0.004512,0.4,198.175
366,cruise,4236.508786,45.77452,64.060457,99.368215,259.611347,751.97839,27.857109,0.203711,12.084316,20.955905,1158.017881,overheating,1,2,90,900,1.649493,0.257057,9.657216,64.983186,81.494726,0.110865,0.009389,0.031911,0.4,198.17
367,cruise,4232.547874,45.039735,64.484396,99.585097,260.424019,753.919553,27.934304,0.203482,12.02105,21.080145,1253.781404,overheating,1,2,90,900,2.644719,0.261855,9.575884,64.908973,76.572717,0.069914,0.003909,-0.120863,0.4,198.165
368,cruise,4242.101008,45.363865,64.174238,99.353584,259.634351,753.738507,27.85909,0.199252,12.102911,20.713171,1146.235083,overheating,1,2,90,900,3.226506,-0.90143,10.290119,65.350722,81.735526,-0.036364,-0.002614,-0.008112,0.4,198.16
369,cruise,4248.537887,45.603316,63.397114,99.266954,260.899039,749.989044,27.835923,0.200728,12.236365,20.855564,1198.096421,overheating,1,2,90,900,-2.630787,0.251456,9.770519,65.623278,79.194119,-0.121765,-0.002343,0.056954,0.4,198.155
370,cruise,4226.952727,43.626882,63.901326,98.586134,258.416548,757.352196,27.63429,0.194021,12.087659,22.343707,917.040915,overheating,1,2,90,900,-0.054181,0.358674,9.404658,65.571869,78.520452,-0.195508,0.001112,-0.071056,0.4,198.15
371,cruise,4215.034308,45.840362,63.444788,99.951311,261.392863,756.636517,27.74477,0.207563,12.203093,21.000441,1063.381172,overheating,1,2,90,900,-0.465497,-0.246745,9.808564,64.622718,77.933245,0.076652,0.01188,0.087618,0.4,198.145
372,cruise,4252.638205,46.224045,63.79617,99.264557,258.816269,755.34999,28.03059,0.19823,11.889514,20.647613,1020.147155,overheating,1,2,90,900,-2.954839,0.167043,10.458563,65.29062,78.68497,0.098923,-0.0072,0.044406,0.4,198.14
373,cruise,4244.031067,46.26828,64.023252,99.443577,260.011815,756.355014,27.912023,0.195945,12.188871,21.148122,960.683595,overheating,1,2,90,900,-2.594357,0.497638,9.182406,66.165347,83.441152,-0.024993,-0.007699,-0.128153,0.4,198.135
374,cruise,4231.900203,44.187178,64.153804,99.147002,260.783055,752.426327,27.924788,0.207021,11.912969,19.891843,1094.447949,overheating,1,2,90,900,-3.202838,0.209952,10.11367,65.346659,77.855888,0.008395,0.004826,-0.056864,0.4,198.13
375,cruise,4253.93962,44.467659,63.674333,99.116649,258.590543,760.751993,27.709373,0.204523,12.280836,22.107177,1254.537784,overheating,1,2,90,900,-2.713724,-0.640665,9.619414,65.67803,79.970197,-0.103059,0.003253,0.081178,0.4,198.125
376,cruise,4240.145994,44.566486,63.798341,97.904244,259.03758,755.26975,27.699408,0.198636,12.192491,21.276745,1031.916141,overheating,1,2,90,900,0.001208,-0.643051,9.749275,64.594817,79.727509,-0.159056,-0.001376,-0.054165,0.4,198.12
377,cruise,4257.01243,45.101391,63.377999,100.459879,257.175267,754.936884,28.074294,0.199513,12.089665,22.949877,1039.166101,overheating,1,2,90,900,-0.301907,0.111863,9.24791,66.909623,79.745204,0.084956,-0.005876,-0.068836,0.4,198.115
378,cruise,4263.409525,44.596679,63.089065,99.159946,262.128398,754.073685,27.622892,0.199308,12.225132,22.040442,1146.620205,overheating,1,2,90,900,-3.376678,-0.053449,9.797959,64.336527,79.644086,-0.112552,-0.005014,0.013547,0.4,198.11
379,cruise,4241.311677,44.517942,63.254265,100.151392,261.918101,752.334353,28.12845,0.195908,12.131195,23.003039,1140.750305,overheating,1,2,90,900,-1.651872,-0.041104,9.714374,64.687223,79.809132,0.195154,-0.005333,0.078825,0.4,198.105
380,cruise,4229.926157,46.413112,63.451454,98.999025,260.306119,754.967251,28.165885,0.206841,11.916076,21.206412,1024.652186,overheating,1,2,90,900,0.308862,-0.232961,9.925597,64.771746,81.460198,0.133252,-0.001836,0.095589,0.4,198.1
381,cruise,4237.442917,42.182644,62.816215,99.357887,258.804086,757.932767,27.757034,0.200909,12.108914,21.133804,1005.659919,overheating,1,2,90,900,-2.157522,0.570122,10.359317,65.097616,78.226013,0.276159,0.000307,-0.063116,0.4,198.095
382,cruise,4295.743637,45.624725,64.012444,98.88468,259.267614,755.132137,28.059439,0.196592,12.176611,19.704998,1042.446249,overheating,1,2,90,900,-3.784696,0.410262,8.688477,65.873899,81.353343,-0.25884,0.000997,-0.103047,0.4,198.09
383,cruise,4235.927129,47.232081,63.280796,99.694266,260.109657,754.338305,27.960462,0.199617,12.126697,21.584649,1059.478895,overheating,1,2,90,900,-3.156992,0.074318,9.72136,65.072205,78.928345,0.129485,0.005336,-0.048966,0.4,198.085
384,cruise,4256.633592,46.135043,63.936308,98.734272,258.511862,750.186741,27.88084,0.201009,12.359527,20.546827,1034.337186,overheating,1,2,90,900,0.359455,0.637436,10.233237,64.788331,79.844287,0.076464,-0.002036,-0.050909,0.4,198.08
385,cruise,4257.687568,46.144374,63.778136,98.566939,259.896132,759.970206,28.07741,0.206658,12.092832,21.467922,1146.421492,overheating,1,2,90,900,-1.204424,0.228378,9.700695,64.652898,80.108437,-0.058333,0.00136,0.044782,0.4,198.075
386,cruise,4247.319418,43.085332,63.544037,99.20972,258.204094,753.470918,27.960102,0.199892,12.220046,22.05875,1047.271347,overheating,1,2,90,900,4.876141,0.09035,9.952363,65.472419,80.211861,-0.026345,-0.00397,0.005867,0.4,198.07
387,cruise,4237.902413,45.510002,64.39124,99.550476,259.288019,755.669124,27.578965,0.193974,11.836199,19.732135,994.435712,overheating,1,2,90,900,2.944168,-0.549855,9.597955,65.16078,81.818796,-0.270071,-0.000416,0.034896,0.4,198.065
388,cruise,4267.4092,48.856536,63.359359,99.411475,259.694262,754.548871,27.951863,0.193593,11.867614,21.96083,1189.357989,overheating,1,2,90,900,3.926222,-0.137821,10.556016,63.714363,78.925702,0.06208,-0.00237,0.036674,0.4,198.06
389,cruise,4262.631429,43.396927,63.600019,99.627998,259.878757,755.094364,28.013498,0.205226,11.955535,21.085063,1208.843527,overheating,1,2,90,900,-4.005911,-0.034454,10.5818,65.291386,81.792527,-0.218017,0.002852,-0.002643,0.4,198.055
390,cruise,4280.234235,42.736084,63.052223,99.626998,261.269433,751.77313,28.080353,0.200849,11.87286,20.142787,1054.467361,overheating,1,2,90,900,-2.694216,-0.333389,9.81275,66.229474,77.98069,-0.082706,-0.004143,0.069617,0.4,198.05
391,cruise,4242.674154,44.258166,63.552598,99.650139,260.301862,754.3648,28.093677,0.210964,12.010418,20.614737,1118.857499,overheating,1,2,90,900,-2.275538,0.012599,10.019423,64.78901,82.347291,-0.133409,0.003961,0.155196,0.4,198.045
392,cruise,4245.795455,44.814655,63.99458,99.794868,260.035897,756.073649,27.801104,0.204759,11.975097,21.191756,1288.880467,overheating,1,2,90,900,2.463907,-0.317532,9.699678,66.230838,81.380918,-0.14288,0.004437,-0.006642,0.4,198.04
393,cruise,4275.894191,44.955329,63.72147,99.062755,259.536381,755.364116,27.705551,0.200765,12.45535,18.382646,1072.187463,overheating,1,2,90,900,-0.872179,-0.223392,9.721041,64.976739,80.771809,0.126545,0.001608,0.179019,0.4,198.035
394,cruise,4228.683806,46.592959,63.334494,98.991043,258.639378,753.093644,28.203812,0.195754,12.189972,20.559603,1091.230493,overheating,1,2,90,900,-2.136651,-0.290058,11.565646,64.893847,80.522328,-0.00967,0.001367,-0.207314,0.4,198.03
395,cruise,4261.075356,45.692294,63.22609,99.384191,259.665063,756.966057,27.625868,0.193584,11.935807,21.143102,1179.93276,overheating,1,2,90,900,4.158963,-0.730392,10.220063,65.1403,82.761927,0.139423,-0.007263,-0.047383,0.4,198.025
396,cruise,4267.327216,45.609445,64.126535,99.437099,259.961953,752.478549,27.838378,0.208038,12.289815,19.920464,1148.511272,overheating,1,2,90,900,5.814017,0.23,10.350596,65.340328,77.891292,-0.232432,-0.000604,-0.044206,0.4,198.02
397,cruise,4270.978296,46.400981,63.378463,99.294974,259.324164,756.231853,27.798004,0.205251,12.346525,21.364108,1027.453727,overheating,1,2,90,900,4.125717,-0.195896,9.966859,64.603281,79.431822,0.102034,-0.000374,0.115893,0.4,198.015
398,cruise,4253.80767,45.173141,63.324504,99.126268,259.927667,754.148939,27.926354,0.193772,12.264381,20.764217,1218.421457,overheating,1,2,90,900,-1.967102,-0.055272,9.563291,65.259108,80.943048,-0.046335,-0.004255,0.029275,0.4,198.01
399,cruise,4280.547095,44.732044,63.666991,99.146634,260.015596,757.911284,28.04369,0.200174,12.146878,19.105915,1143.322852,overheating,1,2,90,900,-6.099041,0.677059,10.585457,62.783949,79.393762,-0.094754,-0.009586,0.123341,0.4,198.005
400,cruise,4252.265169,44.462262,63.849648,99.163337,260.813275,751.815987,27.723696,0.207547,11.977476,20.668296,1046.207662,overheating,1,2,90,900,-0.867547,-0.518141,11.072511,63.653587,80.220662,-0.300902,0.002635,-0.089397,0.4,198.0
401,cruise,4259.689157,44.162122,63.373566,99.481884,259.23321,756.456078,28.004115,0.201993,11.893966,22.768483,967.938786,overheating,1,2,90,900,-0.293979,0.254675,9.583543,63.864303,80.196446,0.060188,0.005927,-0.123924,0.4,197.995
402,cruise,4262.37837,45.26815,63.410797,99.312617,258.499166,755.212995,27.899329,0.202544,11.942491,23.162106,1100.769677,overheating,1,2,90,900,-1.377959,0.447727,9.652263,65.295072,79.945109,0.016926,-0.005511,-0.053666,0.4,197.99
403,cruise,4254.24022,45.758845,63.813788,99.656901,259.874437,751.696451,28.316278,0.198969,11.886084,19.946429,1202.502478,overheating,1,2,90,900,-0.594121,0.152119,9.25926,64.122323,77.709929,-0.023895,0.001326,-0.161853,0.4,197.985
404,cruise,4272.898828,46.006924,63.687809,99.819879,261.555891,755.552863,27.683733,0.203811,12.046039,19.228913,1185.301585,overheating,1,2,90,900,-1.671698,-0.245719,10.704526,64.584605,77.703005,0.274019,0.001805,-0.033575,0.4,197.98
405,cruise,4248.005716,46.994622,63.864259,98.640859,260.241524,754.191834,27.88212,0.192598,12.034669,20.150789,1299.145087,overheating,1,2,90,900,0.238139,-0.106132,11.049228,64.039657,80.659649,0.085676,0.00337,0.121883,0.4,197.975
406,cruise,4225.051474,44.350967,63.14066,99.056753,257.840169,758.703315,27.743632,0.196199,12.275916,19.879531,1021.636147,overheating,1,2,90,900,2.764806,0.192462,9.951848,66.859352,80.923307,0.265867,-0.008183,-0.022753,0.4,197.97
407,cruise,4269.259991,44.838567,63.124725,99.269754,258.797932,757.926575,28.220254,0.196159,12.081227,20.102146,1108.488419,overheating,1,2,90,900,-2.877661,0.178562,9.61666,65.357056,79.31623,0.027591,0.003314,-0.007861,0.4,197.965
408,cruise,4243.384438,47.027097,64.008859,99.5802,259.73155,756.077639,28.173729,0.196724,12.044826,20.082361,1094.129463,overheating,1,2,90,900,1.58672,-0.468782,10.317681,63.79247,79.697405,0.122023,-0.004545,-0.161654,0.4,197.96
409,cruise,4235.239794,45.490108,62.923547,99.798029,261.342078,754.422717,28.163607,0.201203,12.147439,20.070937,895.201306,overheating,1,2,90,900,-1.377499,0.474229,9.81332,63.917104,80.048096,0.174921,0.002089,-0.047907,0.4,197.955
410,cruise,4260.399997,46.031083,64.109482,100.152388,258.986409,751.426416,27.847417,0.200771,12.263241,22.365177,1063.030892,overheating,1,2,90,900,-0.421237,-0.160885,10.683559,64.351889,81.365464,-0.139551,-0.002469,-0.072961,0.4,197.95
411,cruise,4240.169436,45.118815,63.359595,98.793944,261.682622,749.287477,27.730541,0.211752,12.005474,22.280318,1170.270617,overheating,1,2,90,900,-1.776361,-0.06074,10.186459,64.395051,82.92036,-0.016469,-0.000791,-0.042776,0.4,197.945
412,cruise,4261.649106,46.575299,63.516403,100.068231,259.536518,752.580176,27.964063,0.203933,12.135744,21.683367,1059.688092,overheating,1,2,90,900,-0.587275,-0.983862,9.674643,64.411077,79.257709,-0.066475,-0.002959,-0.234131,0.4,197.94
413,cruise,4237.494111,45.950362,62.835825,99.481648,259.678925,758.365139,28.024079,0.207413,12.061062,20.763588,1157.584415,overheating,1,2,90,900,2.372169,0.541921,9.585912,64.873501,79.967517,-0.077202,0.001348,0.148033,0.4,197.935
414,cruise,4265.428756,45.769424,63.809137,99.641395,258.578275,745.841358,28.151748,0.206668,12.160804,21.662419,1241.565822,overheating,1,2,90,900,-3.648505,-0.523438,10.411044,65.641102,81.837415,0.309794,0.00094,-0.013512,0.4,197.93
415,cruise,4251.086932,44.006622,64.697867,99.381817,260.342434,754.184772,27.985118,0.209257,12.258291,21.480474,1200.987048,overheating,1,2,90,900,-1.999375,0.226327,10.30165,66.551251,79.538357,0.050367,-0.003491,0.021823,0.4,197.925
416,cruise,4239.050542,45.108388,63.655359,98.885921,260.724715,753.884216,27.956907,0.201278,12.258146,19.616989,1250.992556,overheating,1,2,90,900,0.442375,-0.980652,9.873167,65.13384,80.552125,0.063086,0.005655,0.097129,0.4,197.92
417,cruise,4256.420845,45.866988,63.383413,98.808663,260.053167,754.632133,27.964897,0.199742,12.219614,21.211585,1218.941715,overheating,1,2,90,900,6.982708,0.291847,9.347926,65.270416,79.32981,0.116737,-0.000498,-0.067069,0.4,197.915
418,cruise,4234.725836,45.404726,63.531369,98.804245,260.283798,755.557323,27.705761,0.195757,11.801689,22.152044,1144.785623,overheating,1,2,90,900,2.626653,-0.1457,9.873249,64.504126,79.6254,0.185673,0.002275,-0.002031,0.4,197.91
419,cruise,4266.191068,46.907131,63.998412,99.161943,260.424126,752.556344,28.095728,0.203379,12.225691,19.840254,1080.515742,overheating,1,2,90,900,3.310794,-0.015997,10.110334,63.491613,77.880321,0.008628,0.002864,0.158205,0.4,197.905
420,cruise,4248.417259,46.202227,64.165201,99.57409,258.799575,755.61532,27.91927,0.202308,11.883869,20.078396,983.795436,overheating,1,2,90,900,-1.674724,-0.182256,9.544901,65.57599,79.235946,-0.082156,-0.013204,0.005665,0.4,197.9
421,cruise,4259.924563,45.494877,61.980623,98.831197,259.074251,757.694309,28.022069,0.197767,11.909227,21.767521,994.00778,overheating,1,2,90,900,-1.88639,-0.255629,10.051745,63.279105,77.368269,0.19714,-0.005284,0.049262,0.4,197.895
422,cruise,4252.580857,45.836537,63.373151,98.976593,262.108158,748.292533,27.865448,0.197867,12.170671,19.953918,905.313076,overheating,1,2,90,900,-2.272707,-0.141563,8.887371,64.649711,80.458577,-0.201137,-0.004585,-0.041453,0.4,197.89
423,cruise,4256.671045,45.487519,63.979362,98.623734,260.052189,752.583114,27.787986,0.191117,12.143889,20.274834,1008.825476,overheating,1,2,90,900,-1.79106,-0.779805,11.058109,65.660678,77.45606,-0.341953,0.005008,0.062531,0.4,197.885
424,cruise,4245.788766,46.714329,63.457828,99.880435,260.458011,756.034428,27.85466,0.197282,12.042802,22.184881,982.315048,overheating,1,2,90,900,-0.389216,-0.360601,10.081763,63.124659,79.620625,0.022448,0.004315,0.151871,0.4,197.88
425,cruise,4273.532711,46.635698,63.096452,98.98657,259.94947,757.11918,27.96804,0.205659,12.080238,20.285455,1249.850876,overheating,1,2,90,900,8.159989,-0.084163,10.521301,64.281507,78.633999,-0.281202,0.002627,0.179874,0.4,197.875
426,cruise,4257.180293,44.989361,63.808658,98.628413,259.795771,754.058933,27.748814,0.206024,11.75198,21.979005,1082.307961,overheating,1,2,90,900,0.603109,0.100425,10.531502,63.211983,78.071781,-0.305041,0.001893,-0.025561,0.4,197.87
427,cruise,4234.226437,45.816941,63.525335,100.065937,257.443526,753.93556,28.077532,0.202084,12.003563,19.940216,1126.72813,overheating,1,2,90,900,1.770035,0.309706,10.16776,64.981712,80.315303,0.027469,-0.010773,0.154705,0.4,197.865
428,cruise,4253.967077,44.528048,63.477632,99.675064,259.987484,758.45867,27.982315,0.201361,12.247313,20.288746,1202.291615,overheating,1,2,90,900,-0.593594,0.309663,9.836663,64.733762,80.226623,0.228939,-0.00413,-0.098216,0.4,197.86
429,cruise,4269.276936,47.07912,63.945801,98.399687,262.638762,754.783212,27.705055,0.184819,12.008275,20.773017,1297.491677,overheating,1,2,90,900,4.192503,0.117416,10.382731,65.22506,79.894598,0.309459,0.002987,-0.012508,0.4,197.855
430,cruise,4248.597325,45.627466,63.364002,98.751921,261.823421,754.756806,28.096723,0.202376,11.871626,21.239048,1225.558701,overheating,1,2,90,900,-2.463292,0.14382,9.698269,65.839599,80.455989,0.019325,-0.002441,-0.071065,0.4,197.85
431,cruise,4223.718927,45.166235,63.093704,99.84331,259.134663,753.658462,28.375023,0.191463,11.874119,21.828214,1090.944667,overheating,1,2,90,900,-3.399383,0.075986,10.044903,66.209182,80.707721,0.253105,-0.001345,0.041872,0.4,197.845
432,cruise,4285.72496,46.225051,63.455789,99.578292,260.809225,758.112419,28.063869,0.195699,11.939577,20.37009,1126.268508,overheating,1,2,90,900,-2.10263,0.151431,10.360271,65.735359,81.475664,-0.060428,-0.00026,-0.083607,0.4,197.84
433,cruise,4237.329553,46.217273,63.512848,99.106108,260.804605,758.095046,28.302326,0.197317,12.271488,22.469509,1244.625776,overheating,1,2,90,900,3.297932,-0.040927,9.916536,65.253974,79.232846,0.069796,0.002473,0.042235,0.4,197.835
434,cruise,4247.147587,44.844405,64.577558,99.300887,259.948985,752.768798,27.984031,0.188984,12.028882,20.613337,1223.469012,overheating,1,2,90,900,-1.839995,-0.04889,10.382488,64.787749,79.911743,-0.02057,-0.013515,0.077674,0.4,197.83
435,cruise,4275.860183,45.228516,63.913902,99.451964,259.943758,754.720361,28.036858,0.201209,12.184861,19.924748,1133.516502,overheating,1,2,90,900,-3.167698,-0.09252,9.382746,66.324323,80.523337,-0.33097,-0.001173,-0.007961,0.4,197.825
436,cruise,4238.598251,44.700898,63.884889,99.669647,259.310961,756.995371,27.811867,0.202162,12.09282,22.409768,1221.144542,overheating,1,2,90,900,5.135263,-0.275532,9.73778,64.802758,80.054253,0.188606,0.002475,0.084634,0.4,197.82
437,cruise,4256.905652,47.845894,64.306397,99.528735,259.631332,755.40909,28.088485,0.204422,12.054178,20.804739,968.350545,overheating,1,2,90,900,2.385806,-0.088074,10.133847,64.866444,78.496505,-0.05805,-0.000589,0.025635,0.4,197.815
438,cruise,4266.400002,44.883284,63.839984,99.843202,259.531231,757.407995,27.916504,0.192842,12.145189,21.735244,1049.371287,overheating,1,2,90,900,4.572801,0.190198,9.474865,64.130786,81.153276,0.061543,0.006096,-0.023317,0.4,197.81
439,cruise,4240.792826,46.842687,63.563111,98.707295,259.641947,753.770284,27.682345,0.198719,12.277815,19.910338,1100.360775,overheating,1,2,90,900,-2.582504,-0.01615,9.124465,65.902772,77.719713,-0.099344,0.000135,0.103915,0.4,197.805
440,cruise,4255.397189,46.189091,63.770746,99.286105,260.949913,756.127856,28.004762,0.198631,12.236655,21.536137,1147.477003,overheating,1,2,90,900,0.250053,0.607496,9.958643,64.601283,80.514653,-0.071684,0.003814,0.084963,0.4,197.8
441,cruise,4257.424315,48.683491,63.484555,98.43578,259.37968,754.542634,27.590283,0.201127,12.26901,21.310583,1193.252331,overheating,1,2,90,900,-0.376694,0.49022,9.633608,64.626687,78.577993,-0.183918,0.004459,-0.08633,0.4,197.795
442,cruise,4274.654391,43.258919,63.669176,99.406226,257.597933,752.704913,28.363787,0.211973,12.334748,22.965502,1139.889571,overheating,1,2,90,900,2.138889,-0.187545,10.093409,65.758315,79.03433,0.071978,0.007924,0.083528,0.4,197.79
443,cruise,4268.820539,44.245047,64.0788,98.752561,262.713041,754.783274,27.869777,0.21086,12.034758,20.311556,1191.864655,overheating,1,2,90,900,0.782467,0.844782,10.12841,66.437804,80.998071,0.210259,-0.003676,-0.036779,0.4,197.785
444,cruise,4236.894923,45.699632,63.896992,99.30611,259.214592,756.56842,27.785448,0.197418,12.057055,22.537957,1188.529431,overheating,1,2,90,900,-4.343446,0.253226,10.136097,64.455573,80.541228,0.109084,0.000985,0.039336,0.4,197.78
445,cruise,4275.05673,46.576706,63.892272,99.238677,259.104259,757.650971,27.983546,0.204251,11.979831,22.013288,1060.864209,overheating,1,2,90,900,1.622524,-0.082726,10.159029,63.790421,81.807738,0.025117,0.004551,0.021549,0.4,197.775
446,cruise,4266.209403,45.078187,63.960503,99.653575,259.885297,754.531456,28.011893,0.198499,12.020377,21.593397,1079.545491,overheating,1,2,90,900,0.341379,0.836107,10.682831,65.326362,79.733287,0.240176,-0.003914,-0.072336,0.4,197.77
447,cruise,4238.054504,44.105181,63.216596,98.893408,258.98938,755.268792,28.082797,0.192166,11.91694,18.889354,1170.665992,overheating,1,2,90,900,0.289037,0.871864,9.691383,64.884981,83.052197,-0.226344,-0.005657,0.058332,0.4,197.765
448,cruise,4262.67141,46.215608,64.202417,99.085441,260.258574,752.503772,27.923183,0.195706,12.340723,21.705353,1074.931679,overheating,1,2,90,900,0.866109,-0.772402,10.00414,63.765022,81.575915,0.008432,0.003501,0.087485,0.4,197.76
449,cruise,4259.84659,44.857577,64.445976,99.067663,259.4724,755.137086,28.393809,0.200992,12.030078,19.55939,1276.095941,overheating,1,2,90,900,1.422364,-0.372409,8.890242,66.039923,81.50052,0.143759,0.000223,-0.072937,0.4,197.755
450,cruise,4256.885998,43.91939,63.793267,99.108876,260.200484,759.733374,28.18637,0.205835,11.9909,22.237721,1151.082907,overheating,1,2,90,900,7.06348,-0.070557,9.781166,64.777757,80.884134,-0.031031,-0.001354,-0.125151,0.4,197.75
451,cruise,4240.886685,45.689532,63.996862,99.83329,260.393676,757.490989,27.775082,0.201175,12.137147,20.033303,1035.026913,overheating,1,2,90,900,-0.98812,-0.093288,10.819298,65.6834,81.1573,0.007699,-0.005214,0.046134,0.4,197.745
452,cruise,4255.028613,46.276083,62.934364,99.427073,259.480653,755.227775,28.131345,0.197771,12.28893,21.293404,1103.435407,overheating,1,2,90,900,2.453575,0.705179,8.715778,65.476141,81.097513,0.174764,-0.017147,8.3e-05,0.4,197.74
453,cruise,4238.774022,45.805756,63.997917,99.460388,260.65281,753.276904,27.916833,0.198745,12.055479,22.536165,1011.614963,overheating,1,2,90,900,1.577889,-0.507381,9.72045,66.073239,81.320986,-0.098868,-0.000805,0.106466,0.4,197.735
454,cruise,4233.787654,44.716159,63.482583,99.14053,259.897693,753.288014,27.619093,0.193764,12.068161,20.118363,1258.218578,overheating,1,2,90,900,-2.422545,-0.250331,9.95349,65.739684,78.183141,0.083615,-0.00424,-0.023902,0.4,197.73
455,cruise,4236.062407,46.431858,64.206345,99.699365,259.557216,751.1164,27.96031,0.200975,12.150509,23.087146,1093.673604,overheating,1,2,90,900,-6.140402,0.80228,10.51951,65.769705,79.772479,-0.027716,0.0046,-0.060466,0.4,197.725
456,cruise,4245.124164,45.4365,63.225219,98.342219,261.277382,751.337517,28.121252,0.203812,11.910943,20.539799,1102.715846,overheating,1,2,90,900,2.645623,-0.032182,9.959597,65.488669,80.024805,0.214732,0.005371,-0.080485,0.4,197.72
457,cruise,4249.630191,44.364409,63.665852,99.733187,258.625489,753.421871,28.086673,0.204969,12.16462,20.20511,1183.64498,overheating,1,2,90,900,4.663118,0.227448,9.512321,65.397148,83.311105,0.015446,-0.001543,-0.10425,0.4,197.715
458,cruise,4255.024368,46.028084,63.247561,98.773086,262.00541,751.943002,27.826794,0.194313,11.974248,21.4405,1335.411094,overheating,1,2,90,900,0.636614,0.000396,9.791898,63.513199,81.788253,0.157512,-0.006244,-0.018522,0.4,197.71
459,cruise,4253.445568,43.519975,63.145616,99.524491,258.361732,754.714659,28.247348,0.204328,11.967991,21.101728,990.50498,overheating,1,2,90,900,2.431454,-0.419616,10.374476,65.099765,80.21508,-0.003567,0.004792,0.015244,0.4,197.705
460,cruise,4241.438451,46.09467,63.264394,99.657554,260.588125,756.81371,28.053946,0.212386,12.211995,21.266647,1068.264304,overheating,1,2,90,900,-0.145244,0.304792,9.699702,64.149498,78.381199,0.069516,-0.00709,-0.099239,0.4,197.7
461,cruise,4256.590237,45.602055,64.021088,99.15893,261.299893,749.86054,28.266535,0.19796,12.157432,21.14558,1133.84504,overheating,1,2,90,900,4.306053,0.048754,10.412582,64.138765,78.668849,0.215252,0.005812,-0.056824,0.4,197.695
462,cruise,4275.646217,45.647557,63.638397,99.44136,259.956018,755.045054,27.948474,0.20041,12.226347,20.438534,1027.648966,overheating,1,2,90,900,1.46983,0.024566,9.569663,64.271749,82.217478,0.218219,0.002796,0.141925,0.4,197.69
463,cruise,4248.706361,45.230607,62.858893,98.401101,260.082675,758.929083,27.929054,0.202816,12.137446,19.86844,1266.452371,overheating,1,2,90,900,-0.435132,0.438259,9.628828,64.737516,81.34011,0.048323,-0.000897,0.038527,0.4,197.685
464,cruise,4224.073351,45.500754,63.762056,99.671759,259.944676,751.378845,27.960867,0.204803,12.151017,22.689483,1162.906476,overheating,1,2,90,900,-1.185575,0.705539,9.809083,65.143557,79.325814,0.053755,-0.007124,0.047456,0.4,197.68
465,cruise,4256.035823,45.525711,64.240598,99.957873,259.135163,751.778485,28.083713,0.211621,11.917229,21.08744,991.665491,overheating,1,2,90,900,5.563259,-0.113709,9.547684,63.26221,81.16674,-0.003968,-0.005052,-0.016747,0.4,197.675
466,cruise,4244.254882,45.041276,64.21774,99.370942,258.598682,757.832287,27.82794,0.205346,12.199108,21.03555,1194.835115,overheating,1,2,90,900,-2.217053,-0.879196,9.679721,65.900163,80.041297,0.231681,0.004584,0.004998,0.4,197.67
467,cruise,4211.006013,44.056256,64.58276,99.302717,259.080362,757.661122,28.083681,0.206594,12.081278,20.071438,1103.087007,overheating,1,2,90,900,-0.254497,-0.307791,9.503489,65.163573,79.935152,-0.09082,-0.003741,0.050311,0.4,197.665
468,cruise,4278.795728,44.882631,63.00346,99.578152,260.634679,753.017941,27.648641,0.198002,12.275478,20.662083,1138.858901,overheating,1,2,90,900,1.48315,0.030651,10.367675,65.197216,79.769905,-0.035332,0.008453,-0.045442,0.4,197.66
469,cruise,4278.721844,44.632109,63.489107,99.343802,260.047665,757.001666,28.231532,0.200666,12.116003,20.109397,1314.681093,overheating,1,2,90,900,3.596039,-0.597559,10.533347,65.177491,78.101927,-0.024168,0.00769,0.011342,0.4,197.655
470,cruise,4259.255836,46.461882,64.603252,99.633979,259.914623,755.359859,28.087744,0.199209,12.075002,20.994679,926.736887,overheating,1,2,90,900,1.893666,0.358958,10.383707,63.893825,82.52686,0.173456,0.001356,0.042435,0.4,197.65
471,cruise,4278.366597,44.921238,64.221992,100.597651,258.779057,755.179392,28.075925,0.210576,12.359143,23.001802,1124.183897,overheating,1,2,90,900,-1.886884,-0.062792,9.547633,67.026686,81.192645,0.09417,-0.009931,0.0032,0.4,197.645
472,cruise,4244.062909,46.20344,62.874361,100.152595,258.987703,756.200783,27.877811,0.197528,12.195612,20.938735,1273.506773,overheating,1,2,90,900,-4.167769,0.425843,10.890781,66.120783,80.493494,-0.256331,0.001759,-0.057731,0.4,197.64
473,cruise,4277.289549,46.886254,63.561325,100.368342,258.636319,753.778268,27.937721,0.196912,11.910605,20.861137,1146.077495,overheating,1,2,90,900,-4.971695,0.310263,9.180876,64.977648,77.893691,0.223481,0.003997,0.027883,0.4,197.635
474,cruise,4258.544069,45.537678,63.865913,98.649211,261.138093,756.804672,28.144288,0.191543,12.066032,21.684591,1074.301672,overheating,1,2,90,900,-4.32859,-0.246223,10.550011,66.275088,76.62802,0.073248,-0.004028,0.16719,0.4,197.63
475,cruise,4226.999334,43.575114,63.732956,99.32278,261.282197,756.656582,28.014475,0.197143,11.93101,20.833214,1231.667789,overheating,1,2,90,900,2.353532,-0.097749,9.689778,64.458197,78.892354,0.084015,-0.001265,0.148758,0.4,197.625
476,cruise,4271.779,45.654802,63.105214,98.310307,261.071819,751.253484,27.71773,0.196791,12.094301,21.642083,1072.86494,overheating,1,2,90,900,-0.362088,-0.414231,10.191686,65.815142,80.205998,0.034192,-0.001032,-0.095443,0.4,197.62
477,cruise,4244.600055,46.423573,64.244732,99.186554,261.155122,757.615972,27.787241,0.202105,11.85659,20.513786,1229.808682,overheating,1,2,90,900,4.362152,-0.012228,10.072699,65.793076,78.121861,-0.052965,-0.006077,-0.035609,0.4,197.615
478,cruise,4278.76311,46.024288,63.601706,98.762123,259.136624,750.114852,27.753819,0.204106,12.151002,20.190992,1124.135279,overheating,1,2,90,900,0.925042,-0.289771,9.598558,64.680568,78.984178,0.049881,0.010503,-0.032981,0.4,197.61
479,cruise,4248.495657,44.72981,63.927485,99.424912,259.159221,754.996963,28.231889,0.201902,12.194773,20.29162,1222.175433,overheating,1,2,90,900,0.789208,-1.004237,10.305475,66.026332,81.24512,0.082326,0.003449,-0.058547,0.4,197.605
480,cruise,4239.798517,45.274796,63.071282,97.977155,260.763482,756.446512,27.854548,0.204428,12.275359,22.137483,1064.027869,overheating,1,2,90,900,-1.426042,-0.512888,9.583343,64.41599,80.555598,-0.0524,-0.00313,0.111067,0.4,197.6
481,cruise,4262.831397,45.156184,64.119508,98.761225,259.148347,754.649625,27.964103,0.199978,12.111948,19.462548,1142.272265,overheating,1,2,90,900,-5.579226,-0.170241,9.64944,63.744981,80.163056,0.042815,0.006613,0.015371,0.4,197.595
482,cruise,4227.265321,45.768147,63.63193,99.127746,259.711069,752.960443,27.979051,0.197261,12.079747,21.709166,1230.34826,overheating,1,2,90,900,1.963303,-0.533292,10.675238,65.211092,77.276209,0.151736,-0.00098,-0.184212,0.4,197.59
483,cruise,4269.037734,44.539103,63.669489,99.885758,259.543552,752.266482,28.055639,0.204319,12.240082,20.335551,909.11422,overheating,1,2,90,900,-3.104052,-0.051806,10.64593,65.487668,78.57435,-0.121038,-0.003274,0.063434,0.4,197.585
484,cruise,4259.790675,47.042687,63.073975,98.914617,259.677514,754.959633,27.485738,0.202877,12.1742,21.022108,999.790482,overheating,1,2,90,900,2.629925,0.011243,9.834642,65.669918,80.1386,-0.172192,-0.002389,-0.13575,0.4,197.58
485,cruise,4222.912648,46.190837,63.932933,99.544226,259.940888,757.589635,28.079081,0.185218,11.888673,20.274253,1188.454829,overheating,1,2,90,900,1.20417,-0.268269,10.883828,65.034987,77.919207,0.021895,-0.00461,0.130484,0.4,197.575
486,cruise,4265.480293,45.896925,63.555644,99.184697,262.040072,751.354799,27.86173,0.205183,12.193129,21.240928,1210.809765,overheating,1,2,90,900,1.686921,-0.580497,10.736057,65.28497,79.987557,0.082486,0.006796,0.064934,0.4,197.57
487,cruise,4261.792999,44.540726,64.380924,98.971799,258.820921,756.73455,28.082109,0.198772,12.298443,22.491381,1038.271906,overheating,1,2,90,900,-2.595691,0.409981,9.494295,66.076769,78.258793,0.160576,0.007261,0.155245,0.4,197.565
488,cruise,4235.274308,45.869882,63.19612,98.675165,259.274332,758.483108,27.931973,0.205947,12.05804,20.481013,1157.349977,overheating,1,2,90,900,4.117956,-0.292184,9.352514,63.920675,78.149649,-0.094971,0.004684,-0.072829,0.4,197.56
489,cruise,4213.368349,45.319578,64.12493,98.755986,261.775669,752.869948,27.648735,0.203179,12.344819,20.169145,1179.822315,overheating,1,2,90,900,5.170935,-0.230426,10.085358,65.455896,77.983783,-0.049532,-0.008624,0.15495,0.4,197.555
490,cruise,4238.161945,43.807188,63.315,100.183925,258.537598,755.121996,27.687563,0.205899,12.148119,22.491598,1204.096297,overheating,1,2,90,900,1.180942,0.402061,9.43076,64.651673,80.324949,0.081768,-0.003015,0.111492,0.4,197.55
491,cruise,4230.86436,46.497866,63.965154,98.8939,260.81037,754.674188,28.065031,0.200361,12.104234,20.621761,1139.029929,overheating,1,2,90,900,-3.8302,-0.118146,9.58552,65.083686,79.558753,0.239443,-0.00014,-0.015108,0.4,197.545
492,cruise,4258.220598,45.410071,63.479248,98.653403,260.401439,751.187681,27.921465,0.195707,11.907615,21.671427,1115.134845,overheating,1,2,90,900,3.450284,-0.319624,9.578086,64.976191,82.889121,0.01214,0.004308,0.122336,0.4,197.54
493,cruise,4218.925981,45.935462,64.636378,98.615316,260.712604,753.979742,27.951596,0.197909,11.994319,22.803,1173.339947,overheating,1,2,90,900,0.740995,0.008365,10.595425,65.37886,79.103122,-0.040324,0.002932,-0.078185,0.4,197.535
494,cruise,4246.693227,46.190303,63.64943,98.951816,260.257926,753.516259,27.707742,0.189895,12.081033,20.313106,1015.947803,overheating,1,2,90,900,-1.465752,-0.471467,10.901826,64.421985,77.767703,-0.039996,0.004198,0.063599,0.4,197.53
495,cruise,4236.242106,44.502098,63.958607,98.872445,262.18466,754.042607,27.998706,0.202366,12.050377,22.827582,1092.49943,overheating,1,2,90,900,4.588748,0.832426,10.505237,65.042467,78.891827,-0.232778,0.008296,-0.001351,0.4,197.525
496,cruise,4253.182434,46.074313,63.001947,99.146178,259.506275,756.830279,27.756446,0.210969,12.345822,21.785763,1022.785759,overheating,1,2,90,900,3.694501,-0.147842,10.951014,65.95823,79.582959,-0.166675,-0.003229,0.006278,0.4,197.52
497,cruise,4271.801632,45.506094,64.690073,99.190454,261.897793,752.347341,27.703745,0.201,12.208931,19.767712,1146.314921,overheating,1,2,90,900,3.525876,-0.36856,11.302195,65.669886,80.273761,-0.103028,-4.2e-05,0.138482,0.4,197.515
498,cruise,4246.144869,45.276587,64.022523,99.938052,260.978843,756.93039,27.685353,0.204031,12.13024,20.365899,1167.584032,overheating,1,2,90,900,4.047474,-0.725479,9.812767,66.136279,78.731671,0.15533,0.003061,0.003605,0.4,197.51
499,cruise,4260.476294,43.449068,63.529595,98.592935,257.69658,756.237849,28.080909,0.201666,12.081769,21.850395,959.575318,overheating,1,2,90,900,1.001439,0.361902,9.037019,64.839818,79.535692,0.080491,0.005633,-0.055407,0.4,197.505
500,cruise,4225.093984,43.171659,62.856414,99.621636,261.138874,750.761314,27.999665,0.197717,12.187648,22.401967,1269.430133,overheating,1,2,90,900,3.308093,0.620244,10.34507,64.506908,79.095094,-0.143148,0.003412,-0.012601,0.4,197.5
501,cruise,4226.055434,45.527804,64.530791,98.424058,260.827833,754.497123,27.992779,0.18918,12.096236,21.147536,1205.729881,overheating,1,2,90,900,1.527396,-0.747841,9.851305,66.186599,80.468307,0.014517,-0.002189,0.156247,0.4,197.495
502,cruise,4234.716075,45.507358,63.453591,98.606768,262.13984,754.468013,28.063776,0.201693,12.006823,21.455502,1169.013958,overheating,1,2,90,900,1.459069,-0.019517,9.755823,64.281901,81.562662,0.114678,0.005383,0.033559,0.4,197.49
503,cruise,4246.04167,45.662611,63.421205,98.6436,261.818498,755.586521,28.087816,0.193504,12.107483,20.804592,1121.113646,overheating,1,2,90,900,2.23435,0.067089,10.324953,67.039859,78.014757,-0.071611,0.00101,0.169761,0.4,197.485
504,cruise,4255.742991,45.703353,64.085696,99.936265,258.504619,757.599226,28.218956,0.20892,12.006074,20.751549,997.276747,overheating,1,2,90,900,3.652701,0.754365,8.677971,65.512725,78.873959,-0.099679,0.011157,0.051305,0.4,197.48
505,cruise,4260.669396,44.945465,63.987527,98.763648,260.601649,753.910965,27.729578,0.197203,12.26267,22.049749,1347.612878,overheating,1,2,90,900,-1.96177,0.126589,9.466781,65.029255,80.815275,0.037909,0.004414,-0.101122,0.4,197.475
506,cruise,4304.975269,45.591321,64.416818,100.229008,261.709207,760.41052,27.897739,0.198993,12.191665,20.624393,1170.617915,overheating,1,2,90,900,3.330298,-0.286365,10.383681,65.579258,77.444698,-0.031149,0.003217,0.081657,0.4,197.47
507,cruise,4227.045221,44.023286,63.480374,99.397096,260.11008,751.948651,28.251056,0.195819,12.203824,22.347313,1254.098399,overheating,1,2,90,900,5.276728,0.22013,9.832633,64.19092,78.575123,0.102175,0.000591,-0.030114,0.4,197.465
508,cruise,4247.897286,46.29684,64.496542,99.04318,259.10985,753.617651,28.094047,0.201594,12.32903,21.677518,1216.365906,overheating,1,2,90,900,2.250446,0.389549,9.567919,66.287388,80.328084,0.181557,0.006888,0.086664,0.4,197.46
509,cruise,4279.714941,44.483736,63.640575,100.067113,261.356952,753.716722,28.055278,0.189249,12.044052,20.752339,1195.184101,overheating,1,2,90,900,2.927756,-0.675841,10.258853,64.326426,80.367691,0.077395,0.002315,0.073393,0.4,197.455
510,cruise,4264.077141,44.9304,62.312404,98.662586,260.846445,757.537368,28.163352,0.189652,12.221868,20.970425,1237.077281,overheating,1,2,90,900,-1.145406,-0.062584,10.554326,65.778872,83.336526,-0.064674,0.000345,-0.02915,0.4,197.45
511,cruise,4281.253323,45.230734,63.482794,99.366608,260.762511,751.695978,27.763097,0.195035,12.155849,22.09501,1079.268248,overheating,1,2,90,900,-2.120322,-0.010217,10.401217,64.149003,82.05047,0.089684,-0.004895,-0.048763,0.4,197.445
512,cruise,4251.919034,47.243915,63.963205,97.557292,258.75735,753.641885,28.056773,0.196117,12.325465,21.725601,840.489723,overheating,1,2,90,900,-0.162096,-0.237329,10.475463,64.494764,77.717342,-0.148699,-0.006112,-0.011312,0.4,197.44
513,cruise,4225.186628,46.224535,63.605527,99.680509,258.984333,751.408286,27.920443,0.202942,11.877118,21.462915,1146.951584,overheating,1,2,90,900,4.778422,0.160089,10.220219,65.516769,81.345845,0.107761,-0.008877,-0.000906,0.4,197.435
514,cruise,4251.612739,44.580781,64.368008,99.199893,259.259691,757.552453,28.072799,0.199874,12.00314,19.956557,1082.324524,overheating,1,2,90,900,1.717023,0.105929,9.824004,64.327326,81.156999,0.035621,-0.008147,0.104583,0.4,197.43
515,cruise,4272.479078,46.05138,63.475797,98.953602,260.08214,756.47197,28.089637,0.198802,12.061251,19.438273,1007.987219,overheating,1,2,90,900,-5.34575,-0.56157,9.834542,65.571825,77.830212,-0.163052,-0.002845,0.063227,0.4,197.425
516,cruise,4245.823437,45.208023,63.180722,98.792077,260.175105,752.083723,27.633204,0.201885,12.080433,20.525625,1187.044514,overheating,1,2,90,900,-4.585502,0.372265,10.264165,63.438109,80.155399,0.013858,0.001869,-0.027764,0.4,197.42
517,cruise,4249.772703,46.262096,63.4661,99.394972,260.827533,753.885863,28.037895,0.196557,11.965482,20.701314,1204.632923,overheating,1,2,90,900,-7.136782,-0.57266,8.89099,64.762445,78.920902,0.058923,0.013666,-0.077054,0.4,197.415
518,cruise,4255.707895,43.872512,63.289387,98.305672,259.332642,753.760476,28.247007,0.199899,12.26755,21.833617,1065.105699,overheating,1,2,90,900,-0.808741,0.310626,9.50767,64.612943,78.199462,-0.055507,0.000834,0.033376,0.4,197.41
519,cruise,4282.632201,44.464985,62.986734,98.452801,257.643061,752.672354,28.120013,0.204222,12.076481,21.762071,1005.295545,overheating,1,2,90,900,5.316309,0.228143,10.40343,65.983675,81.152645,0.085161,0.015111,0.023999,0.4,197.405
520,cruise,4266.583775,46.409377,63.641585,100.267612,259.145051,753.029416,27.980839,0.202289,12.122215,21.123047,1260.930024,overheating,1,2,90,900,-0.500702,-0.134199,9.89912,63.180439,77.262358,-0.00456,-0.002383,0.12264,0.4,197.4
521,cruise,4274.308943,44.610021,63.76292,98.474128,259.569566,754.824948,28.036516,0.201198,12.069053,20.502691,1142.369503,overheating,1,2,90,900,-2.476544,0.270814,10.078815,65.105088,79.105459,-0.064825,0.000111,-0.068779,0.4,197.395
522,cruise,4292.672486,44.04205,63.748158,99.308047,260.8677,758.541925,28.132972,0.196763,11.91378,21.880766,1143.744795,overheating,1,2,90,900,0.783417,-0.335503,10.173301,65.662318,79.651879,0.044265,-0.008936,0.006156,0.4,197.39
523,cruise,4266.386926,44.204269,64.026393,99.493984,261.138639,755.496628,27.809507,0.209663,12.039482,21.087866,983.702364,overheating,1,2,90,900,3.759461,0.291172,9.447768,65.041246,80.348094,0.088359,0.008583,0.002095,0.4,197.385
524,cruise,4255.727057,46.328337,63.516244,99.555007,260.078619,755.933412,27.940672,0.20418,12.167512,22.506469,1152.013244,overheating,1,2,90,900,0.646781,0.977716,10.396911,66.304624,79.297187,-0.093141,0.00457,-0.09689,0.4,197.38
525,cruise,4242.112031,46.208244,63.501437,99.38019,259.796021,749.817655,27.8092,0.196145,12.278987,20.199495,1012.311176,overheating,1,2,90,900,0.530555,-0.632376,9.78964,64.519424,77.039345,-0.011881,0.008589,0.016291,0.4,197.375
526,cruise,4249.443515,45.482327,63.956849,100.157758,260.241262,755.822696,28.144184,0.211016,12.174602,20.885938,1063.126276,overheating,1,2,90,900,0.065833,0.344139,10.218446,63.381261,77.941295,0.076847,-0.002431,-0.011263,0.4,197.37
527,cruise,4206.981053,44.402498,63.544263,98.735564,259.592112,757.618557,27.766176,0.192217,11.957797,20.461873,1187.850553,overheating,1,2,90,900,3.94178,0.018955,9.669574,64.174627,81.28286,-0.256459,0.00036,-0.019888,0.4,197.365
528,cruise,4242.69573,43.780033,63.349606,98.990594,260.620683,759.122471,27.666142,0.207731,12.172743,20.075041,1188.45436,overheating,1,2,90,900,6.927305,-0.213598,10.425108,64.206318,80.828058,0.156558,0.000687,0.06811,0.4,197.36
529,cruise,4263.465676,45.359646,62.930406,98.844095,260.068498,753.818269,28.22231,0.196329,12.005763,20.79972,976.762604,overheating,1,2,90,900,-2.820424,-0.365006,10.151319,65.501393,79.307912,-0.047074,-0.002406,0.003108,0.4,197.355
530,cruise,4235.89015,44.65624,64.104103,99.201694,258.917459,757.167817,27.739738,0.203159,12.101916,22.148716,1194.912862,overheating,1,2,90,900,-2.835291,-1.132937,10.779936,65.358428,77.411754,0.003449,-0.001384,0.103655,0.4,197.35
531,cruise,4244.694386,44.491881,63.927056,98.598835,259.850587,752.160333,27.99656,0.201735,11.999945,21.643185,960.209837,overheating,1,2,90,900,3.699071,0.315102,9.637694,64.516582,81.819361,0.049887,-0.00844,0.01702,0.4,197.345
532,cruise,4249.952522,44.992003,63.309044,99.600253,261.729068,755.852191,28.012845,0.201812,11.848242,20.931874,1101.153929,overheating,1,2,90,900,-1.914322,-0.194621,9.868776,65.150442,78.446668,-0.280941,-0.007073,0.035586,0.4,197.34
533,cruise,4266.218246,45.835295,63.137999,99.308991,261.74821,754.101667,27.820909,0.209605,12.26455,20.091938,1206.627567,overheating,1,2,90,900,-5.972077,-0.56449,9.71852,63.882785,77.177748,0.239387,0.008017,0.054783,0.4,197.335
534,cruise,4248.991734,45.239808,63.677501,98.783893,257.545022,755.623628,28.064365,0.208132,11.992342,21.466061,1100.528127,overheating,1,2,90,900,3.704055,0.204188,9.987295,64.359212,81.108605,-0.075045,0.003196,-0.041859,0.4,197.33
535,cruise,4272.877321,45.232856,64.158679,98.839934,260.529744,752.533581,27.913322,0.200262,12.002865,20.080678,1239.57354,overheating,1,2,90,900,2.335923,0.549862,10.315022,64.442542,80.998852,0.010438,-0.002332,0.00658,0.4,197.325
536,cruise,4267.815411,44.959,63.596959,98.67024,259.162094,758.06709,28.258861,0.201791,12.11114,19.946704,1089.70337,overheating,1,2,90,900,2.784629,0.245071,9.464151,64.413234,78.624608,-0.020877,-0.00163,-0.048021,0.4,197.32
537,cruise,4257.17414,45.203437,64.424722,99.323456,260.817025,748.367044,27.86004,0.199011,11.980558,21.152589,1148.088958,overheating,1,2,90,900,-3.205371,0.206509,8.891005,65.749739,79.539052,0.175648,-0.011808,-0.080225,0.4,197.315
538,cruise,4262.255083,46.065003,63.249049,99.50778,259.833317,756.678079,28.099487,0.207209,11.88678,21.771099,1082.37415,overheating,1,2,90,900,-0.61609,0.425324,9.054278,65.397657,82.334302,-0.187446,-0.009622,-0.033319,0.4,197.31
539,cruise,4249.343657,43.353219,64.036165,98.956284,259.792752,752.657081,27.779786,0.191505,11.986181,20.80284,1177.164327,overheating,1,2,90,900,-1.219662,0.033391,9.706996,64.884857,79.011776,0.199028,-0.005805,-0.102683,0.4,197.305
540,cruise,4246.022553,45.54806,63.990764,99.283836,259.860764,753.169273,27.671977,0.202105,12.091489,20.935094,1165.300943,overheating,1,2,90,900,4.501717,0.181987,9.273704,64.738167,81.276786,-0.000712,0.001554,0.176156,0.4,197.3
541,cruise,4247.021956,44.94777,63.450002,98.832786,259.694572,755.447898,27.91891,0.21291,12.193166,20.487853,1028.461143,overheating,1,2,90,900,0.17961,0.136695,9.585899,64.831292,79.958815,0.049649,0.003805,0.053135,0.4,197.295
542,cruise,4241.227746,43.86425,63.52036,98.848279,258.425663,753.438218,27.91977,0.199892,12.1517,19.785369,1145.090334,overheating,1,2,90,900,-2.413298,-0.776827,10.300109,64.006278,81.488664,0.224404,-0.001786,-0.043579,0.4,197.29
543,cruise,4227.802609,45.088815,63.596358,99.127994,258.5569,755.466296,27.945807,0.213279,11.937953,21.321032,1229.605134,overheating,1,2,90,900,-7.99193,-0.360706,10.977085,64.370931,83.353657,0.022215,0.009789,-0.090952,0.4,197.285
544,cruise,4281.675916,46.209336,63.922968,99.590435,260.019766,750.055781,27.978862,0.203159,11.915485,21.575227,1089.357377,overheating,1,2,90,900,1.785051,0.084784,10.05673,65.93226,80.360534,0.084666,-0.001116,-0.122538,0.4,197.28
545,cruise,4252.768645,45.72954,63.999546,99.18634,260.497566,759.225287,27.86811,0.200899,11.969707,19.935895,1077.40558,overheating,1,2,90,900,-4.928683,-0.800473,9.693416,64.860305,78.439564,0.160982,0.0064,0.037046,0.4,197.275
546,cruise,4227.133678,45.912697,62.556428,98.854493,259.534494,754.143284,27.82701,0.195639,12.173535,20.965137,1167.647279,overheating,1,2,90,900,0.99012,-0.270904,10.187823,64.662165,79.678619,-0.056543,0.002404,0.06822,0.4,197.27
547,cruise,4203.681655,45.907147,62.77422,98.481693,258.328213,751.966178,28.102313,0.197646,12.183597,21.044655,1078.23006,overheating,1,2,90,900,-4.333472,0.244557,10.414727,64.394907,79.289895,-0.143607,0.000857,-0.053256,0.4,197.265
548,cruise,4243.031329,45.621721,63.185673,99.234854,260.96784,751.165648,27.837384,0.193487,12.131915,21.325973,1098.624722,overheating,1,2,90,900,-3.178547,-0.555264,10.951216,64.286679,80.566518,-0.049706,-0.000533,-0.006328,0.4,197.26
549,cruise,4242.037129,47.674863,63.528796,98.373376,258.339956,751.309237,28.138167,0.195064,11.922695,20.715827,903.872606,overheating,1,2,90,900,-0.936085,-0.053171,8.815626,64.611202,82.601072,0.128649,0.003433,0.037012,0.4,197.255
550,cruise,4203.768521,45.826524,63.374487,100.360929,260.62955,757.651151,27.989637,0.198068,12.084765,20.845181,1191.235976,overheating,1,2,90,900,-0.185214,-0.255344,9.611395,66.337996,78.983213,0.129341,0.001812,-0.064934,0.4,197.25
551,cruise,4265.960794,45.747583,63.560189,99.305494,260.980432,752.496041,27.728116,0.204805,12.181709,22.002023,998.852488,overheating,1,2,90,900,-1.026214,0.713909,9.785329,65.703028,82.334423,-0.048629,0.005288,0.056721,0.4,197.245
552,cruise,4254.532395,45.450121,62.874653,99.720283,260.297634,754.921969,28.072059,0.198968,12.076964,23.106047,1095.167224,overheating,1,2,90,900,-3.205211,-0.426066,10.01472,63.980806,81.660405,0.338105,0.001071,0.054395,0.4,197.24
553,cruise,4265.354948,46.714926,63.660746,98.921847,260.375675,755.839786,27.879649,0.20255,12.124524,21.274279,1078.434723,overheating,1,2,90,900,-2.64025,0.262384,10.229205,66.565774,79.64063,-0.182151,0.003615,-0.043216,0.4,197.235
554,cruise,4240.658944,43.869708,62.863453,99.583315,257.268417,754.332571,28.215798,0.209314,12.321742,21.84776,1170.28076,overheating,1,2,90,900,1.378428,-0.545969,10.604304,64.467965,77.963862,0.058103,-0.000621,-0.070325,0.4,197.23
555,cruise,4268.172524,44.514279,63.229277,99.720378,259.682028,758.268617,28.146694,0.20215,11.917225,20.471604,1274.759377,overheating,1,2,90,900,0.740726,0.393547,9.386295,66.305264,80.624962,-0.084818,-0.010982,-0.016104,0.4,197.225
556,cruise,4245.472747,45.965672,63.547865,98.916775,258.832548,752.961916,27.665676,0.208911,11.966233,22.888393,1119.501777,overheating,1,2,90,900,-2.105484,-0.21114,10.380369,64.551965,78.095534,0.12505,-0.003785,0.071176,0.4,197.22
557,cruise,4296.895734,45.087703,63.765591,98.492632,259.021183,752.657416,27.959717,0.209397,11.91284,20.142638,1215.9571,overheating,1,2,90,900,-2.145943,0.460073,11.12844,63.839226,81.980147,0.170662,-0.004229,0.032525,0.4,197.215
558,cruise,4289.784338,45.872966,63.059701,98.902713,258.447558,753.745755,27.974833,0.20388,12.150299,21.640528,1217.446182,overheating,1,2,90,900,5.602807,0.517622,10.542962,63.851702,78.055677,0.078012,-0.003954,-0.140914,0.4,197.21
559,cruise,4247.876143,45.327993,63.570605,99.372814,260.342117,752.144068,28.136638,0.197529,12.207298,20.753782,1194.013898,overheating,1,2,90,900,2.81131,0.159985,9.922126,65.157512,80.846201,0.030327,0.003845,-0.105948,0.4,197.205
560,cruise,4249.065874,46.858195,63.802328,99.364904,259.250728,755.554639,27.763029,0.195209,12.166918,19.430731,884.070401,overheating,1,2,90,900,3.087209,-0.320093,10.487015,65.870942,79.180315,-0.124845,0.004322,-0.003154,0.4,197.2
561,cruise,4274.807432,44.252331,62.365011,98.973771,259.951256,753.560475,27.755088,0.203076,11.876599,20.279928,1110.393327,overheating,1,2,90,900,2.506801,0.560956,10.358043,65.083583,77.511685,-0.109316,0.003161,0.008661,0.4,197.195
562,cruise,4275.808187,44.1721,64.15681,99.218837,258.865994,754.850602,27.97462,0.199594,11.959796,22.248482,1085.92628,overheating,1,2,90,900,-0.256541,0.601032,9.666676,65.234694,81.937275,0.007994,0.002674,0.059328,0.4,197.19
563,cruise,4255.453164,46.825695,63.584046,98.234072,259.016607,750.782133,27.988226,0.211496,11.945587,21.650328,1183.676296,overheating,1,2,90,900,4.317894,0.727539,11.471941,65.755172,81.089486,0.107682,-0.001286,0.023594,0.4,197.185
564,cruise,4245.887128,46.045322,64.047777,99.592807,260.185786,753.050891,27.858397,0.198868,12.254093,21.556703,1034.723906,overheating,1,2,90,900,-1.727308,0.079206,9.942967,66.378069,82.709545,0.291151,-8.2e-05,-0.049768,0.4,197.18
565,cruise,4213.789949,44.413448,62.58738,99.108422,260.004558,752.47863,27.935464,0.198103,12.037629,20.705337,1106.092047,overheating,1,2,90,900,-1.853964,-0.097532,10.308565,64.943994,79.68928,-0.092315,-0.004286,0.041909,0.4,197.175
566,cruise,4253.752014,45.082221,64.377443,98.330863,260.047303,752.214087,27.882108,0.206134,11.927872,20.353859,1104.365452,overheating,1,2,90,900,4.618666,-0.489557,9.64403,64.498371,78.65669,-0.232603,0.003098,-0.061105,0.4,197.17
567,cruise,4236.932001,45.467308,64.02093,99.755612,259.667272,749.255561,28.15185,0.204556,12.029719,21.060635,1158.633353,overheating,1,2,90,900,-7.178338,0.447958,10.232056,64.116542,79.541896,-0.094723,-0.005259,-0.011917,0.4,197.165
568,cruise,4253.814307,44.390772,63.394006,100.028013,259.209369,756.502624,28.253614,0.194046,12.065729,21.809262,1239.24953,overheating,1,2,90,900,-2.894078,-0.627619,10.545529,65.576421,81.184404,-0.110903,-0.003013,-0.099326,0.4,197.16
569,cruise,4268.822266,44.595787,63.553593,99.32658,259.078378,752.765371,27.73673,0.196626,11.924887,20.640405,900.467411,overheating,1,2,90,900,-3.7657,-0.10466,9.675998,65.074356,80.926591,0.074724,-0.001979,0.106131,0.4,197.155
570,cruise,4268.749258,47.374695,64.088006,98.651734,261.836967,753.683498,27.793299,0.208171,12.03835,20.816282,1100.335174,overheating,1,2,90,900,3.880968,-0.304407,9.245674,66.069964,81.438076,0.102434,-0.0011,0.117974,0.4,197.15
571,cruise,4280.390886,44.961903,63.938393,98.137772,260.42212,755.279958,27.794987,0.199207,12.048885,22.64857,1156.236437,overheating,1,2,90,900,2.179906,0.58164,8.817365,65.23215,78.407943,-0.248257,-0.007283,-0.128637,0.4,197.145
572,cruise,4239.615499,44.780201,63.351809,98.855456,258.61703,750.481706,28.404492,0.192328,11.954732,20.877954,1169.061641,overheating,1,2,90,900,0.69409,0.343549,9.821534,64.774517,81.598014,-0.135511,-0.005376,-0.003442,0.4,197.14
573,cruise,4229.524179,46.075541,63.941837,98.954136,260.385104,755.917384,28.025952,0.203482,12.003583,20.836414,1064.461651,overheating,1,2,90,900,-0.796014,0.385715,9.467736,64.797697,79.959255,0.025705,-0.000464,-0.093481,0.4,197.135
574,cruise,4264.709606,43.671471,63.216558,99.021924,260.001715,753.615543,27.887604,0.202741,12.03972,21.560569,1001.34824,overheating,1,2,90,900,-2.456672,0.528108,10.408347,66.449086,81.938227,-0.161732,0.007031,0.125261,0.4,197.13
575,cruise,4226.330022,47.160789,63.910795,99.989127,259.843863,756.409658,27.559424,0.207289,12.094044,21.722138,1161.58067,overheating,1,2,90,900,2.7934,-0.154201,9.633915,66.051463,79.960524,-0.10929,0.005451,-0.032464,0.4,197.125
576,cruise,4253.898336,45.147232,63.474154,99.359187,259.688007,756.809827,27.875177,0.201833,12.166872,21.792663,1280.835796,overheating,1,2,90,900,-3.14897,-0.405486,10.446186,66.056819,79.682959,0.082215,0.004003,-0.054916,0.4,197.12
577,cruise,4263.678875,44.746255,63.22261,98.763013,259.957386,757.481767,28.361578,0.205154,12.464564,20.164335,1000.848787,overheating,1,2,90,900,-0.99478,0.395447,10.539162,64.763334,81.397662,0.180263,-0.005452,-0.07701,0.4,197.115
578,cruise,4229.063183,42.725841,63.416966,98.917277,260.63924,753.656192,27.900865,0.204635,12.184835,20.630222,1037.96366,overheating,1,2,90,900,5.105919,0.535707,9.890896,64.566261,81.642696,-0.02299,-0.009657,-0.067137,0.4,197.11
579,cruise,4221.571076,45.90953,64.553902,98.861278,259.477054,752.350851,27.904021,0.198351,12.139368,22.713276,1017.629511,overheating,1,2,90,900,3.241874,0.060199,9.707836,64.76099,76.763133,0.011302,0.00147,-0.04552,0.4,197.105
580,cruise,4227.361673,46.151704,63.768932,99.762114,262.106943,753.161075,28.032107,0.193021,11.992063,20.402173,1064.996023,overheating,1,2,90,900,-3.882743,-0.097984,10.856975,64.24809,79.71804,0.177786,0.00315,0.050405,0.4,197.1
581,cruise,4234.268266,45.716861,63.579511,98.318009,260.290322,755.546194,27.940849,0.198699,12.11786,21.047196,1115.483488,overheating,1,2,90,900,0.05121,-0.134351,10.553052,64.985327,79.49066,-0.032461,0.001946,0.006965,0.4,197.095
582,cruise,4262.917082,43.030753,63.698277,100.787458,259.853693,755.206097,27.53912,0.213326,12.436603,21.131366,1208.361654,overheating,1,2,90,900,-2.748639,-0.565929,9.442008,65.321055,78.140572,0.091047,0.003606,0.071038,0.4,197.09
583,cruise,4223.798812,45.115155,64.605635,99.244477,260.402639,753.68345,28.023627,0.203852,12.102095,21.185694,1058.498602,overheating,1,2,90,900,-2.343441,-0.507695,10.706633,65.61569,79.494304,-0.012743,-0.004733,0.016925,0.4,197.085
584,cruise,4265.604143,45.078844,63.18881,99.192415,260.518132,754.944413,27.541678,0.203075,12.110063,21.283598,1008.084946,overheating,1,2,90,900,-6.723084,-0.203372,10.402012,64.680653,79.872082,-0.033894,0.001371,0.030058,0.4,197.08
585,cruise,4272.805302,45.601431,64.099106,98.58779,259.244516,754.386762,27.931329,0.204373,12.297401,22.718569,1074.499921,overheating,1,2,90,900,1.594515,-0.088156,9.834459,65.698865,81.787139,0.076197,0.000157,0.080845,0.4,197.075
586,cruise,4273.049801,44.278351,63.451233,98.957349,260.141446,753.304583,28.079993,0.202412,11.968785,20.985427,1164.686083,overheating,1,2,90,900,-3.952293,0.066491,11.234399,65.471348,79.26356,0.179179,-0.001696,-0.070641,0.4,197.07
587,cruise,4245.951214,44.291641,64.375403,99.869552,260.450715,754.498728,28.021097,0.19786,12.149669,20.162349,1035.705003,overheating,1,2,90,900,1.563212,0.046199,9.608849,67.188393,77.311219,-0.182557,-0.00704,-0.075974,0.4,197.065
588,cruise,4233.039196,43.317676,63.133966,98.426973,260.382266,754.926343,28.115001,0.19903,12.010183,21.811417,1070.949613,overheating,1,2,90,900,-2.249858,0.799421,9.711927,65.832533,78.106629,-0.031955,-0.000188,0.212213,0.4,197.06
589,cruise,4241.20252,44.952858,63.141023,100.152431,260.087837,754.256101,28.379644,0.19721,12.098078,21.080181,1111.336058,overheating,1,2,90,900,2.999726,-0.593474,10.057413,65.333261,82.002542,-0.153699,-0.004499,-0.002814,0.4,197.055
590,cruise,4232.489873,43.898909,64.207396,99.392088,261.0578,754.373251,28.25233,0.197662,11.91581,20.773751,902.509336,overheating,1,2,90,900,-5.254445,-0.367321,8.796994,66.583403,78.694157,0.030481,-0.003749,0.026074,0.4,197.05
591,cruise,4253.440614,44.653884,63.788107,99.558943,260.919275,756.169818,28.159645,0.199923,12.071372,20.678243,906.2793,overheating,1,2,90,900,9.3152,0.230952,9.802946,64.186983,76.421708,-0.111868,0.007597,-0.053344,0.4,197.045
592,cruise,4242.083988,46.739366,64.445011,99.218793,259.791758,753.446097,27.896806,0.204364,12.165448,21.864071,1126.949276,overheating,1,2,90,900,-0.408678,0.406819,10.431429,65.678212,78.202981,0.292793,0.003548,0.070358,0.4,197.04
593,cruise,4264.89826,46.856573,63.274867,100.091072,260.818702,750.884653,27.755879,0.191818,11.967141,18.715991,1027.242876,overheating,1,2,90,900,0.967399,0.101881,9.219344,64.655205,81.119346,-0.271389,0.009023,-0.046329,0.4,197.035
594,cruise,4251.288149,47.032244,63.941475,99.402351,260.237547,751.930415,28.119205,0.197821,12.133894,20.492617,1074.136008,overheating,1,2,90,900,-1.677764,0.178047,9.676498,63.75732,79.748414,0.16137,0.004795,0.002068,0.4,197.03
595,cruise,4229.407595,44.898326,64.138877,99.144189,260.755641,753.324972,27.555862,0.206892,11.994345,20.432739,1118.92998,overheating,1,2,90,900,1.057771,-0.739674,10.412806,66.553306,77.894099,0.127633,0.000583,-0.042131,0.4,197.025
596,cruise,4232.891988,42.932357,63.474508,99.391647,260.98163,757.372139,27.826247,0.196047,11.971384,20.948654,963.897891,overheating,1,2,90,900,1.955001,-0.282205,11.630128,64.895626,83.06615,-0.435511,-0.00268,0.001508,0.4,197.02
597,cruise,4263.368792,44.039677,64.330371,99.18496,258.203762,751.340984,27.521656,0.203482,12.172537,20.972178,1085.958388,overheating,1,2,90,900,-1.110072,0.897299,9.949854,65.88509,80.813572,-0.20169,0.005049,-0.002908,0.4,197.015
598,cruise,4255.371597,45.408198,63.551314,99.941635,259.030382,753.773796,27.6828,0.20606,12.246467,20.961872,1003.391765,overheating,1,2,90,900,-5.447289,-0.066236,10.627269,65.492726,81.804644,0.024859,0.000375,0.03331,0.4,197.01
599,cruise,4215.182734,45.019933,63.48947,99.269682,260.823006,751.174814,27.757863,0.203475,12.101839,21.1331,1165.511808,overheating,1,2,90,900,-6.125025,-0.087413,9.922928,64.572545,80.33416,0.149001,-0.00311,-0.017377,0.4,197.005
600,cruise,4244.966826,44.489336,63.202413,98.42804,260.63828,755.676496,28.007439,0.201908,12.116819,20.897691,1177.977523,overheating,1,2,90,900,-0.014952,-0.572629,8.996443,66.622929,80.098503,-0.233299,-0.00326,0.145831,0.4,197.0
601,cruise,4230.802673,46.075428,63.364893,99.752962,257.414493,754.709972,27.858143,0.198673,12.22854,20.861975,1064.045088,overheating,1,2,90,900,2.963368,-0.622856,9.405649,65.952773,82.945739,-0.116147,-0.010684,-0.10152,0.4,196.995
602,cruise,4249.304781,45.25417,64.424162,98.803412,260.531575,754.06263,28.009452,0.207409,12.248859,19.896197,1087.690491,overheating,1,2,90,900,-0.952944,-0.417202,9.644304,64.559732,81.02387,0.016476,-0.000347,0.026393,0.4,196.99
603,cruise,4236.270458,45.66754,63.738951,99.202757,260.315325,751.56173,28.097926,0.193584,11.652134,20.975143,1120.837879,overheating,1,2,90,900,-5.084994,0.267379,10.86719,65.483622,82.692572,0.049826,0.001117,-0.0082,0.4,196.985
604,cruise,4216.780098,47.650885,62.599267,99.231009,259.901833,755.916963,28.107918,0.198294,12.146288,20.887426,991.4858,overheating,1,2,90,900,4.499768,0.043134,9.990093,64.207332,79.593141,-0.081709,-0.001197,-0.019625,0.4,196.98
605,cruise,4246.121815,44.783396,63.49131,99.116737,260.421969,754.509651,27.996305,0.197389,11.626864,20.641876,1210.41843,overheating,1,2,90,900,-2.571173,-0.185721,9.554036,65.044636,81.290637,-0.096066,-0.000554,-0.087302,0.4,196.975
606,cruise,4244.01285,44.731157,64.767789,99.132743,261.107522,749.568732,28.203325,0.211725,12.454073,20.468204,1085.896607,overheating,1,2,90,900,2.816241,-0.277792,10.668506,65.612551,81.264926,-0.038937,0.000997,-0.000393,0.4,196.97
607,cruise,4265.531312,43.913204,63.344613,99.99279,261.327866,756.641974,27.800631,0.197778,11.944877,20.516268,1159.183777,overheating,1,2,90,900,4.059304,0.080647,10.136083,64.949747,78.754134,-0.009917,-0.007617,0.006946,0.4,196.965
608,cruise,4280.290933,45.781101,63.527346,99.181672,257.129888,757.009754,27.897846,0.188087,12.127748,20.795156,1189.04531,overheating,1,2,90,900,-2.236444,0.094917,9.464533,65.433546,77.544332,0.030814,-0.008528,0.071896,0.4,196.96
609,cruise,4267.745707,45.744106,63.613346,99.796624,260.172041,754.136521,28.115643,0.194932,11.802152,20.564393,1018.671012,overheating,1,2,90,900,2.671795,0.606694,9.245748,65.559624,80.65435,-0.05742,0.001333,-0.004651,0.4,196.955
610,cruise,4250.199539,47.237924,63.917559,99.462303,258.409033,754.03058,28.368048,0.213557,12.324117,20.650201,1056.816119,overheating,1,2,90,900,2.160604,0.027049,10.748701,66.029843,81.077223,-0.088861,0.003177,0.0674,0.4,196.95
611,cruise,4235.188868,44.514235,64.364623,98.998128,259.445711,751.635287,27.940897,0.203635,12.095396,19.325251,1086.511716,overheating,1,2,90,900,-0.401262,-0.097018,9.695254,64.578292,79.616325,0.184298,-0.005855,-0.092424,0.4,196.945
612,cruise,4260.028763,48.421652,64.118266,98.990686,261.596814,756.10538,27.850699,0.200092,11.931553,20.711222,1039.885065,overheating,1,2,90,900,-2.863316,-0.011371,9.833171,64.209736,78.208507,0.023958,0.002866,-0.044901,0.4,196.94
613,cruise,4232.224851,43.078491,63.240322,98.755098,258.902098,751.893633,27.719474,0.201163,12.373057,21.912857,1237.992688,overheating,1,2,90,900,-5.000316,0.019647,9.888398,65.261274,80.181092,0.050797,-0.005845,-0.130281,0.4,196.935
614,cruise,4241.296231,47.59526,63.905569,98.834117,262.360579,752.537411,28.07665,0.203853,12.249195,20.48838,1090.25899,overheating,1,2,90,900,2.944798,0.381554,9.515148,65.607555,80.99947,0.07912,0.004499,-0.077805,0.4,196.93
615,cruise,4291.136269,45.554983,63.642139,99.895998,259.666369,753.597074,27.914993,0.196997,12.047821,20.204471,1129.452767,overheating,1,2,90,900,0.129225,-0.103861,9.003603,64.643159,81.259084,0.099654,0.006781,0.147519,0.4,196.925
616,cruise,4288.600075,44.306664,63.718675,99.677419,257.426696,758.630933,27.508623,0.196345,12.433244,19.35484,1201.930452,overheating,1,2,90,900,-2.856562,0.206554,9.741744,66.611536,78.090982,0.155682,0.004954,-0.021408,0.4,196.92
617,cruise,4237.943013,44.167811,63.588842,98.899227,259.401538,752.903411,27.825094,0.193239,12.032769,20.300823,1090.223052,overheating,1,2,90,900,-2.510817,0.761894,10.425943,65.333179,80.05442,-0.038343,-0.003135,-0.063723,0.4,196.915
618,cruise,4218.300039,43.706389,63.929411,99.604151,258.734187,755.350914,27.926116,0.203946,11.90889,21.837458,1101.370875,overheating,1,2,90,900,2.057508,0.153255,9.769155,64.516878,81.107472,0.034419,-0.003604,0.115195,0.4,196.91
619,cruise,4259.439739,45.703435,64.074656,99.337805,259.570805,751.385821,28.017417,0.203782,11.944039,20.98256,1063.80658,overheating,1,2,90,900,-0.143298,0.04049,9.408743,64.761843,78.123683,-0.160985,-0.004736,0.054119,0.4,196.905
620,cruise,4254.750935,44.738063,63.582216,98.95795,258.239302,758.399884,28.296302,0.204139,12.109827,21.554535,1147.167081,overheating,1,2,90,900,-1.882801,0.338114,9.866781,63.533526,78.701916,-0.005477,-0.001872,0.060592,0.4,196.9
621,cruise,4245.726335,44.740913,63.150715,99.642037,260.041748,752.278899,27.975569,0.20236,11.680287,21.646082,1030.781462,overheating,1,2,90,900,-5.004279,0.126055,10.457846,63.857545,80.476777,-0.040694,0.003468,-0.108548,0.4,196.895
622,cruise,4275.570402,45.738879,64.610549,99.798141,259.752251,753.062816,28.078457,0.1957,12.143311,20.287315,1037.447969,overheating,1,2,90,900,-3.581148,-0.246461,10.934177,63.927857,80.445901,0.17853,-0.008507,0.045867,0.4,196.89
623,cruise,4259.056763,45.185031,63.618592,99.17914,260.333402,756.073083,27.625415,0.19234,12.18553,21.990024,1238.953823,overheating,1,2,90,900,-1.532283,0.402347,9.494039,64.699674,80.92433,-0.011501,0.003906,-0.131612,0.4,196.885
624,cruise,4243.686259,47.026211,63.290049,98.763153,262.02423,753.622041,28.082862,0.195781,12.074291,21.298452,1060.86785,overheating,1,2,90,900,-3.975509,0.051502,10.068704,64.978724,79.444368,-0.240175,-0.00422,-0.162123,0.4,196.88
625,cruise,4281.788355,46.952401,63.32158,99.232711,260.541251,752.992611,28.016739,0.20302,12.192811,20.953905,1362.475801,overheating,1,2,90,900,-0.81193,0.232713,10.063834,64.950972,81.280231,0.191947,0.003444,-0.072101,0.4,196.875
626,cruise,4255.928967,45.829641,62.860986,98.636989,259.791689,755.864339,28.132027,0.198263,12.321375,21.004543,1077.405345,overheating,1,2,90,900,2.29171,0.229243,10.349455,64.031948,79.899114,-0.079854,0.005839,-0.140846,0.4,196.87
627,cruise,4246.772739,44.818001,63.511534,99.030003,260.234867,753.526417,28.181093,0.205214,12.244878,20.195288,1252.424594,overheating,1,2,90,900,2.971814,-0.33738,9.304549,64.497333,82.622637,-0.038419,-6.1e-05,-0.137087,0.4,196.865
628,cruise,4254.938549,42.580533,63.374191,99.15341,260.77219,756.172564,28.033881,0.202588,11.888889,21.863381,1190.504769,overheating,1,2,90,900,-11.364523,0.485772,9.995278,65.785509,80.470511,-0.132271,0.003017,0.039285,0.4,196.86
629,cruise,4241.268344,45.208357,63.898415,99.207409,261.026932,757.979329,28.37296,0.192408,11.910094,22.157618,1077.346335,overheating,1,2,90,900,0.05992,0.109038,9.888056,66.144727,79.577532,0.042361,0.01674,0.020437,0.4,196.855
630,cruise,4271.823847,45.817859,62.87651,99.767195,257.930221,752.974068,27.936967,0.198488,11.993081,20.27118,932.066625,overheating,1,2,90,900,1.466057,-0.075165,9.562892,64.431165,81.845039,0.100312,0.004115,-0.043271,0.4,196.85
631,cruise,4262.038581,45.598117,63.309096,98.557919,260.830267,754.840045,27.602001,0.207193,12.08679,20.359324,1111.195401,overheating,1,2,90,900,-3.114302,-0.128778,9.666491,65.884014,81.45295,0.179156,-0.000655,0.043768,0.4,196.845
632,cruise,4252.152351,44.240131,64.519087,99.484301,260.698196,757.004381,28.077464,0.200008,12.073406,19.964245,1126.225245,overheating,1,2,90,900,-3.454627,0.439628,9.479744,65.07246,82.739531,-0.070217,0.00211,-0.184771,0.4,196.84
633,cruise,4252.087745,45.772434,64.024319,98.687013,259.399495,761.206928,27.978464,0.197069,12.211975,21.748251,1133.36259,overheating,1,2,90,900,-3.735091,-0.270314,10.57398,65.466487,80.450176,-0.099118,0.004187,0.002786,0.4,196.835
634,cruise,4246.047046,45.242222,64.216463,99.278891,261.561869,752.954267,27.835784,0.197982,12.113913,20.281083,1145.1831,overheating,1,2,90,900,-0.382772,-0.486083,10.118928,64.981873,78.099438,0.135525,-0.006655,0.101711,0.4,196.83
635,cruise,4214.312357,45.727561,63.92439,99.478007,259.952406,749.172639,28.044399,0.199091,11.951929,21.107127,1237.110347,overheating,1,2,90,900,0.011577,0.309827,10.553414,65.533065,77.400097,-0.313238,0.003137,0.052528,0.4,196.825
636,cruise,4264.229537,44.91079,63.462861,99.383401,258.779579,754.229741,28.026372,0.202708,12.027233,18.746879,1045.229817,overheating,1,2,90,900,0.845223,-0.439373,10.979571,64.966545,79.471928,0.071184,0.002524,-0.004386,0.4,196.82
637,cruise,4265.808349,47.749172,63.992604,99.573494,259.190598,757.28708,28.368754,0.203001,11.920598,21.321395,1139.705928,overheating,1,2,90,900,1.10509,-0.977654,11.213036,64.247723,80.983755,-0.122253,0.005065,0.034546,0.4,196.815
638,cruise,4240.124632,45.243404,63.764888,99.081168,260.612742,757.870126,28.233151,0.200767,12.154117,21.555419,1303.190105,overheating,1,2,90,900,4.521159,0.321106,10.433808,66.398661,79.398975,-0.112151,0.004305,-0.017577,0.4,196.81
639,cruise,4241.708139,45.453005,63.786196,99.729712,258.507427,751.055389,27.670777,0.203871,11.892161,21.122786,1252.149406,overheating,1,2,90,900,-1.641421,0.262399,9.780155,65.056883,79.622604,0.144838,-0.000261,0.112666,0.4,196.805
640,cruise,4229.854479,45.149528,63.575806,100.301084,260.24561,754.201718,27.830455,0.201193,12.057019,21.832136,1125.87735,overheating,1,2,90,900,0.906458,-0.282164,8.951377,64.969606,81.738388,-0.057687,0.005417,-0.063772,0.4,196.8
641,cruise,4249.09683,45.443932,63.281431,99.743244,260.618395,756.636491,28.106064,0.202704,11.988876,20.093655,1054.300135,overheating,1,2,90,900,0.655833,-0.222917,9.683859,65.182677,78.042028,0.260977,0.003059,0.104029,0.4,196.795
642,cruise,4253.950242,44.608921,62.341134,99.022473,261.929175,753.254686,27.78415,0.200068,11.966585,22.214819,1099.497002,overheating,1,2,90,900,0.766544,0.253283,9.542125,65.955383,79.182347,0.10232,0.004571,0.072591,0.4,196.79
643,cruise,4230.207756,45.729382,64.25059,99.081746,259.062953,752.001868,27.97107,0.197825,12.024344,21.244202,1012.869009,overheating,1,2,90,900,-4.874027,-0.238169,10.104871,66.174853,81.198,0.296637,-0.000828,0.020932,0.4,196.785
644,cruise,4245.488065,45.025715,62.296643,99.728714,260.123684,754.853301,27.935491,0.211399,12.191783,21.734269,1290.80755,overheating,1,2,90,900,-4.128207,0.079017,10.151814,65.35181,80.590083,0.209967,0.003293,0.08235,0.4,196.78
645,cruise,4261.338924,44.121331,63.892689,100.025732,258.320154,753.582541,27.991972,0.205464,11.705161,18.268134,943.485946,overheating,1,2,90,900,-1.00776,-0.925288,9.878049,66.119902,78.547617,-0.123141,-0.004545,-0.05331,0.4,196.775
646,cruise,4262.591141,44.369668,62.7386,100.223672,259.650185,752.614842,27.698871,0.196598,11.856802,21.369066,1160.67914,overheating,1,2,90,900,-2.928527,0.186037,10.166297,64.520605,79.764333,-0.295634,-0.003608,0.064832,0.4,196.77
647,cruise,4272.868629,44.649221,63.928523,99.344389,260.916371,753.031033,27.990768,0.209049,11.928795,21.474229,1050.84307,overheating,1,2,90,900,2.50978,0.183498,10.265855,65.500859,81.663691,0.156825,0.006614,0.026311,0.4,196.765
648,cruise,4256.571133,46.04305,63.304122,100.397297,260.780705,751.591076,27.958505,0.198306,12.212208,20.876161,1192.312016,overheating,1,2,90,900,-3.631214,-0.507275,9.605329,64.832125,80.948051,-0.166918,0.009506,0.010567,0.4,196.76
649,cruise,4282.746201,45.139174,63.603361,99.368584,259.731097,751.663874,28.002927,0.206095,11.897769,20.771195,1090.556597,overheating,1,2,90,900,1.223086,-0.015894,10.033515,65.151299,77.898643,0.082374,0.001972,0.009665,0.4,196.755
650,cruise,4230.202758,46.8932,63.151174,99.353882,260.514161,755.965046,28.170285,0.197952,11.934887,20.244836,1031.308751,overheating,1,2,90,900,-2.321452,0.155043,10.677832,65.088809,81.429528,-0.205898,0.006121,-0.021588,0.4,196.75
651,cruise,4245.550234,46.240726,63.808439,99.252583,261.09097,752.202319,28.077908,0.201166,12.131716,19.78793,1079.23882,overheating,1,2,90,900,1.47745,0.18369,10.063636,65.375373,77.222339,0.071368,0.002861,-0.07128,0.4,196.745
652,cruise,4266.110673,44.156811,64.092526,99.948954,257.616637,751.632646,28.078349,0.197339,12.232947,22.459067,1083.634582,overheating,1,2,90,900,1.137047,-0.187694,10.85405,65.081075,77.255408,0.242915,0.00253,0.129543,0.4,196.74
653,cruise,4269.082794,44.970854,63.307151,99.843448,257.695557,752.763328,27.790861,0.198662,11.998446,19.601767,1050.383585,overheating,1,2,90,900,0.767656,-0.041971,10.160165,66.13427,81.688797,-0.208033,-0.00353,-0.041774,0.4,196.735
654,cruise,4256.680457,44.853371,63.647493,100.003891,258.224998,756.931762,27.824617,0.203727,12.165621,20.927414,1000.216384,overheating,1,2,90,900,1.735329,-0.778346,10.179679,65.321329,79.654902,-0.344928,-0.006241,-0.120219,0.4,196.73
655,cruise,4247.57961,47.135248,63.942432,99.09033,261.307865,757.673526,27.502694,0.192192,12.066163,20.188455,1143.876842,overheating,1,2,90,900,-4.00065,0.01984,10.910129,64.985333,78.824191,-0.049492,-0.000632,-0.047146,0.4,196.725
656,cruise,4274.45349,46.941799,63.685101,99.222494,259.918578,752.845674,28.116251,0.198335,11.879458,21.499889,1074.798529,overheating,1,2,90,900,1.984507,0.145391,10.091617,65.282199,79.506544,-0.183382,-0.002638,0.036245,0.4,196.72
657,cruise,4254.795118,44.10733,63.714325,99.616251,258.903223,755.093022,27.801295,0.195322,12.14668,17.93938,1198.686215,overheating,1,2,90,900,0.298675,-0.257998,9.967275,65.38656,80.913807,-0.221247,-0.00227,0.066733,0.4,196.715
658,cruise,4252.570147,45.271962,63.680197,98.583626,260.013727,754.986594,28.185285,0.204666,12.098423,22.473655,1120.327644,overheating,1,2,90,900,-0.537776,-0.772794,9.831852,64.853359,79.167115,-0.081325,0.002295,0.066163,0.4,196.71
659,cruise,4222.134804,44.477333,63.407107,98.883798,260.927677,751.994454,27.895243,0.201015,11.925441,21.334306,1204.113743,overheating,1,2,90,900,-3.288774,-0.626353,9.499289,65.814446,82.447037,0.170096,0.002554,-0.026825,0.4,196.705
660,cruise,4256.508999,44.913647,63.582552,99.663852,261.122897,758.348668,28.002063,0.204635,12.316335,20.727202,1075.083471,overheating,1,2,90,900,4.509742,-0.345241,10.439889,63.663912,83.388966,0.090985,0.001753,-0.121625,0.4,196.7
661,cruise,4243.651496,46.123334,63.609972,99.267965,261.57162,751.658917,28.180877,0.203131,12.18632,23.295443,1448.71993,overheating,1,2,90,900,-7.508688,0.240916,9.708377,65.297984,79.763225,0.058703,0.005319,0.080203,0.4,196.695
662,cruise,4246.15404,46.862134,62.925631,99.082311,262.358833,755.224382,28.296288,0.204558,12.071593,21.536986,1089.396672,overheating,1,2,90,900,4.366472,0.003642,9.822457,64.758385,77.611222,0.305883,-0.000774,0.01031,0.4,196.69
663,cruise,4270.247702,45.540374,63.190139,98.541864,259.759102,753.019167,27.856498,0.202773,12.136362,20.470602,1009.346581,overheating,1,2,90,900,1.855142,-0.304219,10.243208,66.192785,78.913417,-0.182605,0.002343,-0.004441,0.4,196.685
664,cruise,4272.050179,45.542732,63.740714,98.160738,259.869872,749.517687,27.991666,0.208106,12.258694,20.74545,1119.543614,overheating,1,2,90,900,0.116726,0.199796,10.283049,65.23746,80.373005,0.144471,0.006162,-0.028495,0.4,196.68
665,cruise,4248.411447,46.317047,62.928037,98.943931,263.269462,753.716297,27.749364,0.203949,12.072595,21.970054,1247.811101,overheating,1,2,90,900,-6.211277,0.332642,10.045134,64.738013,79.448899,0.267009,-0.002927,0.091753,0.4,196.675
666,cruise,4275.078275,46.041205,63.21359,99.354222,260.346413,755.887927,27.603381,0.199196,12.032509,20.982233,1261.96238,overheating,1,2,90,900,-2.878256,0.008823,8.390342,66.374965,81.594021,0.069971,0.000211,-0.097064,0.4,196.67
667,cruise,4245.158751,44.711823,63.731499,99.912044,262.017941,753.874206,27.536931,0.201406,12.217945,19.968201,1199.16644,overheating,1,2,90,900,1.010825,-0.4756,10.145323,64.480926,79.684319,-0.016575,-0.00367,0.043461,0.4,196.665
668,cruise,4233.669378,44.681167,63.848446,98.840401,261.606053,751.055176,28.180251,0.201556,12.313508,20.396206,1080.771952,overheating,1,2,90,900,-3.146436,-0.135592,9.567051,65.50777,81.190324,0.087886,0.004082,-0.000827,0.4,196.66
669,cruise,4263.257661,44.818418,63.537609,99.633451,258.193866,750.411579,28.195292,0.207261,11.960964,21.745841,1123.041641,overheating,1,2,90,900,2.496243,-1.043093,10.416041,63.88916,80.853876,-0.033611,-0.003431,-0.106079,0.4,196.655
670,cruise,4272.657524,43.37006,63.563799,99.755482,261.505789,754.623929,28.210149,0.200904,11.964738,20.345529,1088.548015,overheating,1,2,90,900,1.844743,0.464151,9.73764,66.314051,81.061999,-0.047455,-0.008504,-0.023751,0.4,196.65
671,cruise,4253.814821,45.796444,62.91539,99.602559,258.864587,752.896093,28.01982,0.211501,12.250138,20.804427,1172.654808,overheating,1,2,90,900,-5.692844,-0.09195,9.603538,66.066485,79.064631,0.124601,-0.012149,-0.049668,0.4,196.645
672,cruise,4250.028075,45.136825,63.051961,98.958036,261.105586,755.928295,28.296768,0.186265,12.019299,18.948102,1123.431797,overheating,1,2,90,900,1.248019,0.301987,10.324678,66.762475,81.556889,-0.019644,-0.005082,-0.081559,0.4,196.64
673,cruise,4260.897074,44.394051,63.061014,98.588578,259.767218,757.025975,27.959882,0.210709,12.045566,23.244437,1084.780624,overheating,1,2,90,900,-3.468311,-0.273969,9.355934,65.945112,79.080035,-0.201342,-0.003023,-0.10422,0.4,196.635
674,cruise,4259.321085,45.103798,63.746554,99.712305,259.098777,759.327211,27.994416,0.203585,12.06381,20.085087,1121.987356,overheating,1,2,90,900,-3.454745,-0.12652,10.057501,65.668162,82.285772,0.081177,0.008707,0.026305,0.4,196.63
675,cruise,4243.287457,42.029484,63.90382,98.214285,259.029313,755.630781,27.710081,0.210786,12.076258,21.020025,983.618384,overheating,1,2,90,900,-0.726274,0.06072,9.320362,64.806333,80.635178,0.212565,-0.011029,0.114158,0.4,196.625
676,cruise,4251.091552,44.503049,63.46097,97.883829,260.500505,751.194969,27.652955,0.203133,12.233133,19.341644,1152.959939,overheating,1,2,90,900,6.39049,0.498131,10.24378,64.532945,79.260196,-0.015731,0.000173,0.151474,0.4,196.62
677,cruise,4259.08258,44.818574,63.449678,98.747393,259.618757,753.551444,27.828354,0.198676,12.303224,21.506706,1203.861371,overheating,1,2,90,900,4.352983,-0.246963,9.841993,66.232026,77.108669,0.077673,-0.000809,-0.045609,0.4,196.615
678,cruise,4317.00685,45.773038,63.401154,98.90875,258.879451,747.791476,27.982839,0.213743,12.035343,21.68679,1157.919559,overheating,1,2,90,900,-1.962844,-0.261841,9.851104,67.257197,79.24102,0.037827,-5e-06,-0.099336,0.4,196.61
679,cruise,4245.677551,45.339866,63.273165,99.245536,258.970764,759.218126,27.995395,0.190388,11.979234,20.362157,1039.093274,overheating,1,2,90,900,1.465049,-0.066607,10.322933,66.028419,80.202127,0.067719,0.004135,-0.041324,0.4,196.605
680,cruise,4250.023927,45.316968,63.282366,100.425264,259.223988,755.306343,27.976785,0.206084,12.446824,21.897119,1069.228325,overheating,1,2,90,900,-2.190447,-0.010064,9.988251,65.09245,77.577947,0.102569,-7.9e-05,-0.089044,0.4,196.6
681,cruise,4283.008294,46.942881,63.654735,99.034534,261.963125,754.96977,27.975468,0.195779,12.29579,21.409245,1063.133508,overheating,1,2,90,900,-4.045117,0.094082,11.036759,65.702226,79.400674,0.135214,0.004381,0.067311,0.4,196.595
682,cruise,4288.878187,46.772477,62.537467,100.144029,258.205207,751.045558,28.432187,0.20865,11.864863,21.719714,963.843765,overheating,1,2,90,900,-2.872017,-0.21432,10.002971,65.226447,77.082126,0.100915,-0.004118,0.013268,0.4,196.59
683,cruise,4249.009017,44.043131,63.519811,99.823503,261.009553,752.635325,27.834081,0.195171,12.080469,22.843136,890.293575,overheating,1,2,90,900,-0.257934,0.019575,9.589493,64.078944,80.00647,0.107089,-0.004088,0.004782,0.4,196.585
684,cruise,4199.337857,42.68292,64.566021,98.958386,260.428766,753.710329,27.869428,0.200712,12.312375,22.218247,1112.137604,overheating,1,2,90,900,2.122374,-0.074342,9.661465,65.085343,76.892319,0.021461,0.002955,0.050278,0.4,196.58
685,cruise,4262.517325,44.95267,63.578027,99.807363,259.442095,754.078692,28.318201,0.201656,12.259677,21.445433,1144.682273,overheating,1,2,90,900,-1.272147,-0.211856,10.228378,65.942798,80.353879,-0.008298,-0.005721,-0.022942,0.4,196.575
686,cruise,4269.521957,45.203952,63.567065,99.043412,260.48986,750.191805,27.803022,0.201137,12.12436,22.262098,1073.056352,overheating,1,2,90,900,-2.123506,-0.760974,10.692648,64.509836,76.546833,-0.000468,0.000476,0.039405,0.4,196.57
687,cruise,4240.591013,45.433064,63.206877,99.14841,260.68969,753.768551,27.815451,0.203218,12.279767,20.289707,1083.534806,overheating,1,2,90,900,-1.089437,0.517578,8.748836,63.0636,82.933586,0.059309,-0.005208,0.008908,0.4,196.565
688,cruise,4241.016007,45.644434,63.978399,98.94878,261.153658,757.63262,27.89537,0.210839,12.322163,20.498195,1051.060763,overheating,1,2,90,900,-0.960343,-0.026786,9.718988,64.59173,81.39578,0.195033,0.010202,-0.112096,0.4,196.56
689,cruise,4239.99753,45.569177,63.595466,99.389373,260.469279,754.555715,27.974277,0.200802,11.975724,19.953996,1148.660427,overheating,1,2,90,900,-2.77121,-0.031831,10.486317,64.12934,78.945648,0.344976,0.003189,0.060714,0.4,196.555
690,cruise,4268.724983,45.148536,63.984678,99.539699,259.312009,756.151068,28.016535,0.207947,12.054163,20.159525,1181.740517,overheating,1,2,90,900,4.533002,0.504543,9.931386,65.766271,80.523806,-0.129498,-0.005571,0.111144,0.4,196.55
691,cruise,4243.678934,45.894851,64.318084,98.227374,262.181359,751.335273,27.914516,0.210011,11.912134,20.207511,1121.875687,overheating,1,2,90,900,4.564525,-0.146097,10.117502,65.195587,78.372012,0.190393,-0.005509,-0.083394,0.4,196.545
692,cruise,4304.68541,44.354938,62.288279,99.21756,260.045499,754.948729,28.239198,0.201536,12.166086,22.916051,1004.543441,overheating,1,2,90,900,-5.674658,0.929575,9.343981,65.573973,78.447641,-0.248853,-0.001013,0.021785,0.4,196.54
693,cruise,4253.0447,44.470527,63.811738,97.948443,260.631587,757.51962,28.102232,0.205102,12.184328,17.991408,1059.669363,overheating,1,2,90,900,-0.0921,-0.544273,9.282723,66.320235,81.405827,-0.002105,0.003417,0.075948,0.4,196.535
694,cruise,4261.543998,44.796723,63.536729,99.475006,260.294786,752.913696,28.111924,0.202306,12.080277,20.733294,1068.687507,overheating,1,2,90,900,1.753448,0.427438,10.14759,64.76582,80.110511,0.051196,-0.006229,-0.031102,0.4,196.53
695,cruise,4250.290367,45.830991,63.723912,99.372643,260.163323,755.962439,28.143489,0.20191,11.976604,21.742527,1148.638001,overheating,1,2,90,900,-0.11589,0.310639,10.752483,65.657346,80.004197,-0.185599,0.003551,-0.031451,0.4,196.525
696,cruise,4228.044241,44.860911,63.082786,99.213439,257.561948,758.628651,27.854758,0.191908,12.190334,19.537917,1077.657117,overheating,1,2,90,900,1.713504,-0.04233,10.587426,64.168529,77.546298,-0.110692,-0.00131,-0.067982,0.4,196.52
697,cruise,4237.175204,43.513482,63.222265,98.64216,259.944785,750.714122,27.952499,0.196932,12.029122,22.951681,1080.773516,overheating,1,2,90,900,-1.544652,-0.191747,8.718656,64.69785,79.670005,0.0086,0.000999,0.010539,0.4,196.515
698,cruise,4258.716743,46.604158,63.274197,99.031316,260.145825,750.468819,27.90503,0.19781,12.381774,21.47917,1378.537291,overheating,1,2,90,900,-0.553441,0.261926,10.536257,66.054299,81.881257,-0.138177,-0.007534,0.000695,0.4,196.51
699,cruise,4242.256598,47.890517,63.059577,98.210603,259.873336,757.413229,27.844914,0.202546,12.043483,21.257384,1113.927098,overheating,1,2,90,900,1.517793,-0.056886,9.453377,63.957707,80.275785,-0.213079,-0.005181,0.160505,0.4,196.505
700,cruise,4253.93199,48.170059,63.505893,98.321376,262.001535,749.611535,27.820115,0.194121,12.094776,21.343332,1149.88684,overheating,1,2,90,900,-0.42233,-0.038696,9.638562,64.301228,81.530837,-0.034659,-0.002339,-0.014906,0.4,196.5
701,cruise,4247.163806,45.13651,64.621171,99.923629,260.121599,756.298204,27.994338,0.204298,12.177954,20.534612,1262.695248,overheating,1,2,90,900,3.701076,-0.222723,9.562027,64.837016,78.956459,0.004811,0.003042,0.014937,0.4,196.495
702,cruise,4258.264151,45.204874,62.874498,98.08452,262.13997,757.97813,27.677778,0.205911,12.423549,21.053104,1217.019833,overheating,1,2,90,900,3.34921,0.495659,9.4462,66.278294,81.03705,0.041307,0.003883,-0.029991,0.4,196.49
703,cruise,4271.002846,44.693202,64.590109,98.907929,258.781014,755.155099,28.074065,0.194446,12.008242,20.238074,1165.23536,overheating,1,2,90,900,-5.372715,-0.168838,11.366593,64.719362,77.177843,-0.154242,0.003503,0.13609,0.4,196.485
704,cruise,4236.426406,47.225913,63.84157,99.097262,258.640575,752.182091,28.194159,0.204895,12.129283,22.28314,1005.947145,overheating,1,2,90,900,-2.848522,-0.474637,9.618238,64.350297,79.198195,-0.075395,-0.001118,-0.147331,0.4,196.48
705,cruise,4211.835938,45.509274,63.317358,99.294213,260.30312,752.072208,28.27176,0.206263,12.087783,22.915474,1235.299537,overheating,1,2,90,900,2.751945,0.545625,10.218814,65.413354,79.291463,0.04409,-0.00222,0.024986,0.4,196.475
706,cruise,4234.531448,45.710398,63.226986,98.882635,258.90224,753.104347,28.031284,0.197812,12.046613,20.884117,1321.665694,overheating,1,2,90,900,-2.309235,0.388646,10.886806,64.140574,82.389277,0.084357,0.001745,0.102769,0.4,196.47
707,cruise,4264.140822,46.321985,62.882945,98.949547,260.73585,751.704916,28.176611,0.201119,11.954885,20.454568,1188.793558,overheating,1,2,90,900,0.829812,-0.053182,10.331904,64.303373,78.196792,-0.066915,0.001745,0.056635,0.4,196.465
708,cruise,4255.826377,44.232956,63.675061,98.917522,261.497384,756.731674,27.903119,0.207442,11.849347,22.848529,1250.101273,overheating,1,2,90,900,-1.571386,-0.05386,11.779673,62.8328,82.339912,0.110127,-0.004355,-0.001287,0.4,196.46
709,cruise,4227.285138,43.857875,64.132255,99.560467,259.872932,748.637812,27.901386,0.18967,12.078994,20.699893,1088.189412,overheating,1,2,90,900,-4.01484,0.314722,9.809172,64.808499,78.925881,0.046229,-0.001764,-0.015565,0.4,196.455
710,cruise,4227.39392,45.79685,64.074701,98.590375,257.823305,750.10284,28.017261,0.197725,12.315215,20.41108,973.840665,overheating,1,2,90,900,-3.221548,0.205869,9.588474,64.975009,82.371212,-0.051957,0.001866,-0.002133,0.4,196.45
711,cruise,4255.85179,44.336462,63.738412,100.09192,261.182263,751.530649,27.920685,0.200591,12.154631,19.453981,1095.630566,overheating,1,2,90,900,-1.126231,-0.494431,9.934329,66.036497,78.406218,-0.184338,-0.002635,-0.067483,0.4,196.445
712,cruise,4240.108671,44.724356,62.87447,99.068213,261.069656,750.341724,28.058406,0.201529,12.367791,19.355719,1165.257453,overheating,1,2,90,900,2.696262,-0.314391,10.125636,64.588687,79.710494,-0.032246,-0.007858,0.052296,0.4,196.44
713,cruise,4253.1066,46.128005,64.16689,100.6851,259.152282,755.907559,28.226314,0.199995,12.139759,21.670734,1021.464829,overheating,1,2,90,900,6.399066,0.546928,10.427022,65.300359,82.24921,-0.183485,0.009544,0.026075,0.4,196.435
714,cruise,4247.504928,46.250552,63.47501,99.325399,260.092083,752.119496,27.924494,0.201968,11.988178,22.432021,990.726264,overheating,1,2,90,900,-0.617961,0.037391,9.789987,65.142253,79.898648,-0.050141,-0.001862,0.012381,0.4,196.43
715,cruise,4255.353264,44.91534,62.788723,99.041961,260.214864,754.910001,28.090349,0.197093,12.280204,19.785443,1111.975704,overheating,1,2,90,900,-0.277324,-0.513729,10.500256,65.849894,79.33993,0.066439,0.008875,-0.15113,0.4,196.425
716,cruise,4250.991939,46.213595,63.838279,99.473879,259.746349,754.211519,27.785862,0.203405,12.127256,20.188211,1061.720401,overheating,1,2,90,900,3.209426,-0.290596,10.57974,65.190346,77.624178,-0.147678,0.002689,-0.066558,0.4,196.42
717,cruise,4263.151704,45.097169,63.180368,99.193037,260.665591,749.616672,27.76097,0.202286,11.91082,22.810688,1123.650471,overheating,1,2,90,900,0.239835,-0.256707,9.733665,65.47051,79.382578,-0.09484,-0.007872,-0.003442,0.4,196.415
718,cruise,4260.326447,46.217908,64.327585,99.063052,260.239837,752.995745,28.055648,0.200656,12.215127,21.492281,1303.721444,overheating,1,2,90,900,-2.458767,-0.368734,9.438373,65.339305,79.672406,-0.042522,-0.002717,-0.045579,0.4,196.41
719,cruise,4276.284159,47.330577,63.561212,98.485774,260.15445,751.816213,28.037032,0.204928,11.937805,20.449818,1162.817862,overheating,1,2,90,900,-7.567981,-0.197169,9.847322,65.385799,78.593241,0.075484,0.007173,0.001977,0.4,196.405
720,descent,3934.709677,26.151373,64.152306,98.883609,249.891326,705.601382,24.868415,0.201089,9.194644,19.192391,1104.538571,overheating,1,2,90,900,5.669203,0.000156,10.279453,64.081276,78.778185,-0.236441,-0.003069,0.001742,0.4,196.4
721,descent,3951.696892,25.5,63.458815,99.697649,249.097862,706.510249,25.013555,0.202849,9.037381,21.190867,1153.370062,overheating,1,2,90,900,0.602603,0.589005,10.983084,63.890877,81.748612,-0.038458,0.000641,-0.006997,0.4,196.395
722,descent,3953.052006,25.82488,63.933135,99.90746,250.04166,704.970221,24.89443,0.206913,9.004249,21.814236,1074.811474,overheating,1,2,90,900,-3.497856,0.222534,9.422275,64.411643,77.639697,0.277307,-0.001465,0.073,0.4,196.39
723,descent,3968.595114,25.5,63.753628,98.649029,249.947903,706.932333,24.904023,0.201269,9.079678,22.922185,1097.914247,overheating,1,2,90,900,-4.069137,0.567927,9.568461,63.44403,78.144072,0.081781,0.001258,-0.009411,0.4,196.385
724,descent,3952.057393,25.5,63.860029,99.156474,251.167419,705.132868,24.829265,0.195361,9.077332,21.00714,1123.703247,overheating,1,2,90,900,-5.039221,0.22345,10.519346,65.860302,80.411833,0.061519,-0.000811,-0.074664,0.4,196.38
725,descent,3969.785965,25.5,64.314123,99.766204,249.751745,706.874822,24.884284,0.200644,9.289899,20.75912,1043.631677,overheating,1,2,90,900,5.140191,0.639352,10.20585,63.917333,76.439541,0.017851,-0.00123,0.085765,0.4,196.375
726,descent,3953.92679,25.679619,63.73332,98.444227,249.958955,703.033971,25.067208,0.207391,8.942657,20.325084,1196.694124,overheating,1,2,90,900,-5.017366,0.133285,9.769942,65.89598,78.033828,0.426016,-0.000561,-0.129323,0.4,196.37
727,descent,3949.819859,27.385522,63.897305,99.581525,249.938376,702.968253,24.774607,0.206914,9.127946,19.329123,1069.98371,overheating,1,2,90,900,-4.617738,0.32687,10.88395,66.455647,80.162059,-0.015366,0.003004,0.042222,0.4,196.365
728,descent,3933.018163,25.5,63.521174,99.151352,251.534885,703.25505,25.077891,0.197696,9.051242,21.693484,993.355522,overheating,1,2,90,900,-3.308446,0.567206,9.843761,64.807437,79.41744,0.067833,-0.003493,-0.080712,0.4,196.36
729,descent,3954.381856,25.5,64.152228,99.661487,250.533532,703.839412,24.981998,0.194848,9.233561,21.382535,1093.031493,overheating,1,2,90,900,-1.292851,0.089101,9.208339,64.206065,82.24236,-0.117858,-0.000299,-0.019422,0.4,196.355
730,descent,3912.861008,27.245461,63.886015,98.866887,250.167512,705.924853,24.935345,0.203559,9.256287,20.767274,1344.226792,overheating,1,2,90,900,-3.856387,0.825549,10.529022,65.010788,81.303579,0.047706,0.001442,0.015229,0.4,196.35
731,descent,3966.973667,27.676599,62.82743,99.172689,249.647682,707.408759,24.9899,0.190932,9.079438,20.158724,1110.905183,overheating,1,2,90,900,-2.14401,-0.435609,9.799151,64.116756,78.879059,-0.091619,0.007403,-0.053236,0.4,196.345
732,descent,3956.750934,25.5,64.026357,100.006595,249.985763,703.546961,25.410226,0.191739,9.15532,22.537017,1042.022155,overheating,1,2,90,900,-5.306556,0.95517,9.562605,63.638572,79.605631,-0.212834,0.000861,0.097807,0.4,196.34
733,descent,3947.430689,25.5,63.909914,99.058217,250.376198,705.505745,24.806941,0.206168,8.978234,19.387662,1035.415353,overheating,1,2,90,900,3.909412,0.639148,10.628657,66.330662,79.592664,-0.050997,0.001706,0.063851,0.4,196.335
734,descent,3944.375201,25.5,63.570941,98.803263,249.4126,703.278211,24.811224,0.209637,9.248895,20.051855,966.890306,overheating,1,2,90,900,5.123692,-0.19032,9.831541,65.683071,80.80488,-0.016082,-0.008772,0.073597,0.4,196.33
735,descent,3940.550891,25.5,63.70471,99.658166,249.099589,704.895625,24.899209,0.202358,9.27016,21.883721,1078.292446,overheating,1,2,90,900,-6.519308,0.623908,9.391944,66.032829,80.946379,-0.061593,0.002293,-0.035447,0.4,196.325
736,descent,3965.127421,25.5,63.438334,100.530789,248.443043,706.87182,25.058612,0.206344,9.198683,20.639009,1164.235412,overheating,1,2,90,900,-0.824396,-0.023488,9.678198,65.043944,83.562492,0.0136,-0.008992,0.075172,0.4,196.32
737,descent,3937.773958,25.5,62.917953,100.226668,251.05128,705.747718,24.849702,0.194079,9.083704,22.19831,1172.151234,overheating,1,2,90,900,2.283945,-0.834127,10.189669,64.130336,81.180196,-0.109417,-0.000618,-0.07546,0.4,196.315
738,descent,3977.806293,25.56133,63.689136,98.657278,251.500266,702.243385,24.470125,0.194835,9.131801,20.737607,1088.930455,overheating,1,2,90,900,-3.07249,-0.694089,9.929538,65.63708,80.473169,-0.012117,0.001047,0.020911,0.4,196.31
739,descent,3953.081438,25.5,63.16199,99.319695,249.687723,706.444341,24.973221,0.192012,8.954024,18.419057,1118.654781,overheating,1,2,90,900,2.40692,0.102678,10.078488,64.258812,83.022085,0.071593,-0.003487,0.003555,0.4,196.305
740,descent,3974.260178,26.164982,63.42236,99.022523,249.067957,703.882925,24.64971,0.192084,8.964143,20.828454,854.941132,overheating,1,2,90,900,-1.766137,0.017346,9.942649,64.182368,81.317656,-0.145704,0.002187,0.000942,0.4,196.3
741,descent,3964.515887,25.5,64.226875,99.413216,248.928753,707.347911,25.201604,0.20248,9.2876,18.472033,1020.667247,overheating,1,2,90,900,3.319589,0.305433,8.914784,65.887495,79.28053,-0.090059,0.00125,0.007048,0.4,196.295
742,descent,3984.801264,25.5,63.302089,99.18878,250.039796,707.512165,25.055665,0.197685,8.871083,22.476243,1069.986122,overheating,1,2,90,900,0.817445,-0.417785,9.280244,65.611664,80.076051,-0.183586,0.000893,0.032139,0.4,196.29
743,descent,3939.951006,26.394157,63.369872,99.357017,249.225237,699.750028,24.798291,0.209353,9.226808,20.755491,1092.518456,overheating,1,2,90,900,-0.912015,-0.270142,9.923284,63.717079,81.294564,-0.106053,-0.001253,0.069838,0.4,196.285
744,descent,3975.801808,26.106568,63.639848,99.556539,249.495755,702.948371,25.192512,0.196066,9.583224,21.355018,1014.301954,overheating,1,2,90,900,0.006368,0.492658,9.977665,64.270103,81.487589,0.263397,0.003991,-0.00602,0.4,196.28
745,descent,3951.46987,25.5,63.415619,98.628429,248.345471,701.522468,25.0801,0.194459,9.254826,22.652858,1173.42332,overheating,1,2,90,900,-1.07898,-0.189169,10.597844,64.074745,81.162501,-0.122765,-0.012213,-0.08485,0.4,196.275
746,descent,3980.266516,25.5,63.529744,99.63104,248.375158,702.639399,25.232423,0.188428,9.13379,19.779503,1201.758668,overheating,1,2,90,900,-1.460666,-0.474014,9.038815,64.175663,79.361852,-0.088308,0.004925,-0.012219,0.4,196.27
747,descent,3960.037596,25.5,62.940189,99.490904,251.256621,705.064772,24.900389,0.19906,9.068706,19.960136,854.95981,overheating,1,2,90,900,6.282165,0.189089,9.915845,63.273095,82.469443,0.313236,0.000699,-0.045835,0.4,196.265
748,descent,3940.811585,28.049002,63.391282,99.116084,248.586427,704.764272,24.932307,0.203344,9.088644,20.372123,1087.690569,overheating,1,2,90,900,-3.341368,0.723503,10.862494,65.947885,79.010905,-0.042834,-0.000118,0.110659,0.4,196.26
749,descent,3962.266494,26.333364,63.040111,99.476747,249.901388,705.315508,24.843869,0.200567,9.031156,21.00299,1121.407832,overheating,1,2,90,900,1.853585,0.259946,10.093848,65.070655,79.138529,0.042376,-0.000419,-0.027605,0.4,196.255
750,descent,3950.965085,25.5,63.919971,99.673057,249.965131,707.912559,24.892573,0.20452,9.132663,19.975169,1125.991044,overheating,1,2,90,900,1.617225,-0.24943,10.410547,65.83201,79.065601,0.023202,-0.000591,-0.001765,0.4,196.25
751,descent,3941.580912,26.492923,63.638107,99.024701,247.163486,703.688159,25.071555,0.197815,8.990209,21.074717,1208.038046,overheating,1,2,90,900,1.859402,-0.249354,9.577311,65.730877,81.111786,-0.088107,-0.004444,-0.001537,0.4,196.245
752,descent,3981.993974,25.5,63.668986,98.41945,252.034866,702.43545,25.108169,0.198855,9.0196,20.647019,1050.325824,overheating,1,2,90,900,-1.274525,0.617214,10.371684,66.299284,81.208347,0.192105,-0.00317,0.159875,0.4,196.24
753,descent,3931.834489,27.29194,63.146663,99.631603,250.74844,705.717731,24.848156,0.197189,9.091832,21.115866,1111.639198,overheating,1,2,90,900,-4.163011,-0.374437,10.140693,64.174808,80.963961,-0.143419,-0.008479,-0.072678,0.4,196.235
754,descent,3969.395352,25.5,63.676678,99.160328,252.598863,705.511736,25.023001,0.202224,9.097464,20.605202,1011.490207,overheating,1,2,90,900,1.061935,-0.516433,9.152204,64.808568,79.897553,0.136231,-0.004006,0.127251,0.4,196.23
755,descent,3953.95813,27.548234,63.785736,100.322677,250.430116,704.800284,25.210264,0.2049,9.119005,21.223939,1081.858204,overheating,1,2,90,900,-1.586944,0.809327,9.546526,63.776816,80.836391,-0.084788,0.005849,-0.074463,0.4,196.225
756,descent,3963.177727,25.710806,63.215297,100.209717,249.089739,703.166414,25.00503,0.200531,8.761766,22.118362,1154.516115,overheating,1,2,90,900,1.863543,-0.799077,10.4753,65.378255,81.47744,-0.07418,-0.002873,0.034396,0.4,196.22
757,descent,3959.889196,27.511453,64.209553,98.877701,249.855603,701.027665,25.046861,0.199989,8.969283,22.323271,1140.782109,overheating,1,2,90,900,3.982958,-0.27223,9.970228,65.531346,82.554203,-0.181277,0.001242,-0.197893,0.4,196.215
758,descent,3939.895595,25.931654,63.891895,100.335768,250.938896,703.564483,24.668949,0.205015,9.11643,22.88818,1232.137376,overheating,1,2,90,900,-2.203155,0.556705,9.994586,64.859737,79.553872,-0.098321,8e-06,0.15387,0.4,196.21
759,descent,3967.18139,26.64456,63.872301,99.523075,247.403385,703.403188,24.887205,0.201878,9.162319,22.697991,1266.378624,overheating,1,2,90,900,4.666676,0.380753,9.898759,64.192478,82.170176,0.010709,0.007649,-0.058096,0.4,196.205
760,descent,3972.199162,26.510112,62.991048,99.505793,250.589688,704.743178,24.933972,0.19429,9.120792,21.531148,1188.729814,overheating,1,2,90,900,-3.065529,-0.245482,9.850102,64.523414,76.930978,0.008604,0.003046,-0.090733,0.4,196.2
761,descent,3920.549685,25.5,63.646705,98.830288,251.611958,703.817615,24.840926,0.198112,9.111015,20.947768,1248.887788,overheating,1,2,90,900,-3.550107,0.035936,10.770543,65.067503,82.295223,0.185373,5.2e-05,-0.048755,0.4,196.195
762,descent,3965.111638,25.5,64.397069,98.754944,248.586795,701.706102,25.146321,0.201569,9.293703,21.746194,1037.497141,overheating,1,2,90,900,-1.112198,-0.041939,10.190634,65.399189,81.222692,-0.022069,-5.3e-05,0.067502,0.4,196.19
763,descent,3938.211008,25.5,63.440298,98.741727,251.674899,701.768908,24.862382,0.201523,9.333283,20.445884,1069.786013,overheating,1,2,90,900,4.848428,0.268386,10.131318,65.750279,81.924487,0.05053,-0.001446,-0.00143,0.4,196.185
764,descent,3923.22692,25.5,63.843825,99.094078,251.696774,697.718704,24.930376,0.206605,9.157951,19.942578,1121.110219,overheating,1,2,90,900,0.325673,0.465646,10.360069,65.136494,78.156006,0.021667,0.002727,-0.082379,0.4,196.18
765,descent,3972.678059,26.735706,63.542339,99.476516,248.938198,700.256108,24.826341,0.196495,9.099718,19.828962,1123.318582,overheating,1,2,90,900,-0.375933,0.282487,9.38639,65.23963,79.26689,-0.059254,-0.003614,0.04316,0.4,196.175
766,descent,3953.197437,25.5,63.345069,99.764071,250.299666,703.200717,25.151845,0.20141,8.967131,21.329158,1046.434646,overheating,1,2,90,900,4.060508,0.068424,9.596735,64.930809,80.693463,0.095138,0.005026,0.0882,0.4,196.17
767,descent,3942.503044,26.192272,63.302629,100.266567,249.56251,698.794219,24.862147,0.204963,9.119107,22.29304,1115.726973,overheating,1,2,90,900,-0.525919,-0.142644,10.265387,66.005087,78.798119,-0.052847,0.001964,0.01045,0.4,196.165
768,descent,3949.802563,25.5,64.189015,99.487503,250.676768,703.857418,25.337942,0.18823,9.003729,20.036703,1045.814367,overheating,1,2,90,900,1.634469,0.198726,10.809219,64.264882,80.569509,-0.021072,0.007462,0.026898,0.4,196.16
769,descent,3958.316343,25.5,64.117737,99.003356,250.372555,702.9302,24.817016,0.207543,9.12082,21.749518,1213.973216,overheating,1,2,90,900,-3.787468,-0.266297,9.846184,64.639908,79.66182,-0.151407,-0.003849,-0.070271,0.4,196.155
770,descent,3953.182864,26.588228,63.798276,99.049842,250.020379,703.643064,25.165572,0.203584,8.958246,21.49645,1152.246849,overheating,1,2,90,900,-2.300222,0.001115,10.250026,64.410889,80.902298,0.118591,0.010047,-0.11969,0.4,196.15
771,descent,3950.372277,25.588198,63.437179,99.183178,250.383073,699.078347,24.941334,0.200107,9.01598,21.314394,998.025205,overheating,1,2,90,900,5.689076,0.441798,9.441477,64.934119,79.479419,-0.132837,0.016925,-0.023982,0.4,196.145
772,descent,3937.112611,25.5,63.750846,99.482818,251.140249,703.852136,25.151935,0.200865,8.868675,21.771615,1061.619582,overheating,1,2,90,900,0.385157,0.264554,10.620115,64.627687,79.874491,-0.202326,0.004353,-0.236218,0.4,196.14
773,descent,3920.368809,26.833632,63.658421,99.217541,251.511174,705.058707,25.258992,0.193913,9.054891,20.863036,1186.572924,overheating,1,2,90,900,-2.737717,0.324111,9.744116,65.615029,78.923299,0.172037,0.000952,-0.084627,0.4,196.135
774,descent,3962.635428,25.775228,63.870156,98.672967,250.666017,702.60507,24.512621,0.199327,8.976828,21.495651,1155.93951,overheating,1,2,90,900,-4.709916,0.025159,9.650919,64.06175,80.077461,-0.251909,0.003113,0.006735,0.4,196.13
775,descent,3989.624726,26.054866,63.459845,99.977862,248.392171,703.630659,24.973584,0.197791,9.043823,19.888027,1018.153387,overheating,1,2,90,900,-1.16491,-0.182509,10.484448,63.893686,80.849971,-0.205657,0.002059,-0.088831,0.4,196.125
776,descent,3954.273099,25.5,63.193358,100.178277,250.813897,706.599408,24.717274,0.205553,9.164463,21.248992,1103.193611,overheating,1,2,90,900,2.785183,-0.341478,10.390292,65.707824,80.226135,-0.158481,-0.002858,0.048535,0.4,196.12
777,descent,3959.895367,26.145821,63.145812,98.227256,250.832801,701.368608,25.124888,0.205821,9.049974,19.097799,1160.705711,overheating,1,2,90,900,-0.874547,0.134991,9.590109,64.419412,82.364481,0.095111,-0.00125,-0.082771,0.4,196.115
778,descent,3943.488304,28.218853,63.763361,98.512509,248.610459,705.238401,25.068071,0.208199,8.9973,21.472765,1154.457249,overheating,1,2,90,900,5.08447,-0.074146,10.22823,65.054121,76.95721,-0.074019,0.004463,-0.00612,0.4,196.11
779,descent,3978.766539,25.5,64.484734,99.336257,250.998639,702.429025,24.856589,0.199836,8.886022,20.508007,1028.105971,overheating,1,2,90,900,6.066496,-0.01339,9.658975,66.350304,81.457215,0.092627,0.005729,-0.023043,0.4,196.105
780,descent,3924.587579,25.5,63.651362,98.962332,248.931805,709.464484,24.896785,0.202996,9.066315,21.29292,1019.949526,overheating,1,2,90,900,-2.580527,0.276709,10.066269,65.632971,78.12119,-0.505933,-0.004987,0.206938,0.4,196.1
781,descent,3967.670561,25.5,63.808231,98.824918,249.976269,699.327475,24.748952,0.192102,9.149926,22.521696,1183.836428,overheating,1,2,90,900,-0.116612,-0.08236,9.662908,63.606818,78.755181,-0.260889,0.001665,-0.02037,0.4,196.095
782,descent,3956.65157,25.5,63.576928,98.294202,250.017483,706.751378,24.97624,0.202421,8.825969,19.980324,954.726278,overheating,1,2,90,900,1.394754,0.215228,10.589038,63.785264,81.522603,0.082497,0.005137,-0.04547,0.4,196.09
783,descent,3966.218924,25.657833,64.104748,99.348645,249.460315,706.588449,24.871073,0.190741,9.172063,21.150222,1079.004488,overheating,1,2,90,900,-1.665746,-0.407723,10.040081,63.077599,78.899883,-0.1665,0.000702,0.0254,0.4,196.085
784,descent,3914.252362,25.5,64.091061,99.300952,249.164245,705.52071,24.839983,0.203457,9.057795,20.760719,1108.347231,overheating,1,2,90,900,0.169728,-0.065173,10.17662,66.39606,80.992669,0.040439,0.002667,-0.032753,0.4,196.08
785,descent,3972.356435,26.160491,64.18655,99.452864,249.606655,705.223505,24.980167,0.190489,8.904186,21.305644,1140.770892,overheating,1,2,90,900,-0.150806,-0.44837,9.587678,64.498923,80.750392,0.108818,0.001286,-0.010639,0.4,196.075
786,descent,3941.483624,25.5,63.357627,98.740899,249.563098,707.65465,25.009489,0.196673,8.951628,20.254784,1239.652434,overheating,1,2,90,900,-1.289625,0.128616,9.661327,65.227003,77.357779,0.400693,-0.001513,-0.0202,0.4,196.07
787,descent,3963.932852,25.911189,63.57868,99.418994,248.866873,703.343652,25.105907,0.194409,9.029839,23.145729,1062.821601,overheating,1,2,90,900,-1.790634,0.356107,10.634785,65.103523,78.512591,-0.115599,0.005694,-0.081793,0.4,196.065
788,descent,3943.769081,25.5,64.516539,99.964693,249.286772,707.234442,24.736916,0.207404,8.978839,20.102197,1020.781079,overheating,1,2,90,900,0.607805,0.539748,10.450153,63.568409,78.114349,0.000689,-0.003484,0.001871,0.4,196.06
789,descent,3970.002247,25.5,63.637932,99.279343,251.15455,701.165635,24.578022,0.197323,8.988636,21.327947,1079.334825,overheating,1,2,90,900,-6.510828,-0.594341,9.806351,63.648935,80.627399,-0.213348,0.00238,-0.023954,0.4,196.055
790,descent,3945.54102,25.905547,63.58337,99.699534,250.875657,704.526978,25.014753,0.202942,9.052643,18.85957,1275.214738,overheating,1,2,90,900,0.974114,-0.495827,10.518438,63.390428,80.820144,-0.044342,0.002114,0.030489,0.4,196.05
791,descent,3921.306622,26.156106,64.061733,99.48611,249.988845,706.498327,24.703159,0.207708,9.173925,19.340921,1078.17872,overheating,1,2,90,900,0.403662,0.320706,10.700304,65.358164,79.965429,0.095928,-0.0032,-0.273518,0.4,196.045
792,descent,3927.382318,26.997239,64.012418,97.942746,251.155847,700.612063,24.895638,0.202732,8.896106,21.587232,1178.850998,overheating,1,2,90,900,3.394637,-0.035738,9.701943,65.762047,79.87235,0.070767,0.001574,-0.117786,0.4,196.04
793,descent,3943.427514,25.974042,62.489382,98.724031,250.691762,710.814826,24.937112,0.198094,9.306871,20.884312,1048.573367,overheating,1,2,90,900,-3.976262,-0.076997,10.353657,65.488083,78.742218,-0.073407,0.004492,0.042078,0.4,196.035
794,descent,3942.204977,25.5,63.741284,99.033741,250.036026,702.04141,24.861329,0.197708,8.956315,21.847039,1093.08042,overheating,1,2,90,900,-2.806204,-0.431503,10.079819,65.27804,79.331707,-0.173502,-0.001251,-0.010418,0.4,196.03
795,descent,3942.709724,26.09338,64.699978,99.358742,249.556658,705.731363,24.956324,0.202174,8.970035,20.925309,1051.432441,overheating,1,2,90,900,7.330511,-0.25542,9.513575,65.306297,77.122463,0.187044,-0.003032,-0.013718,0.4,196.025
796,descent,3943.893758,25.5,63.784334,99.488865,249.185154,705.242985,24.851753,0.196668,8.995676,21.479725,1012.260328,overheating,1,2,90,900,-0.921116,0.449958,9.706394,64.291302,78.375313,-0.054826,0.001009,-0.018536,0.4,196.02
797,descent,3955.250813,25.853944,64.117269,98.988935,250.46768,707.694919,25.080322,0.19995,8.974512,21.594828,1166.357906,overheating,1,2,90,900,2.602361,-0.113211,10.850951,63.54795,81.133358,-0.122182,0.007994,0.065954,0.4,196.015
798,descent,3940.45645,25.5,63.483497,99.787571,250.594757,700.822497,24.549488,0.199179,8.847748,20.449511,1154.756347,overheating,1,2,90,900,4.72862,0.200632,9.58427,65.466125,78.625626,-0.067918,0.006704,0.0076,0.4,196.01
799,descent,3917.455335,25.99067,62.881157,99.564368,249.670908,708.347815,24.87317,0.208769,8.92483,22.507612,1146.873791,overheating,1,2,90,900,-3.395977,0.094394,10.208466,66.482417,77.707459,-0.351926,0.004874,0.016576,0.4,196.005
800,descent,3948.052407,26.568145,63.724361,98.223578,249.24321,705.812354,24.697396,0.204141,9.385849,20.945493,1001.9784,overheating,1,2,90,900,-1.658663,-0.686459,8.897888,63.765535,79.717822,0.087176,0.004367,-0.041499,0.4,196.0
801,descent,3953.173541,25.5,63.446836,98.503236,251.84099,704.390685,24.933454,0.199626,9.354478,20.435476,1122.73524,overheating,1,2,90,900,3.385447,-0.090537,9.40971,66.251661,80.870838,0.050196,-0.009566,-0.106205,0.4,195.995
802,descent,3950.215697,25.5,64.260076,99.52548,249.369206,703.585672,25.021108,0.197819,9.074879,23.987577,1154.473897,overheating,1,2,90,900,-0.038236,0.495528,10.460953,65.094187,78.460416,-0.065448,0.003221,-0.045881,0.4,195.99
803,descent,3924.315177,25.5,64.287644,98.775508,250.11165,703.273236,24.947597,0.200208,9.134803,20.749913,895.549294,overheating,1,2,90,900,1.92332,-0.019933,9.458296,63.045582,82.14048,0.259042,-0.006898,0.106601,0.4,195.985
804,descent,3956.164028,25.5,62.798685,98.966352,250.664875,704.441233,24.98944,0.202764,9.23828,22.980492,1072.921042,overheating,1,2,90,900,11.298631,-0.683846,10.537798,65.103418,79.509992,0.059896,-0.012555,-0.00407,0.4,195.98
805,descent,3948.622168,25.5,64.02966,99.382667,249.97636,703.856583,24.829749,0.201536,8.907519,20.608648,1091.788873,overheating,1,2,90,900,-3.573024,0.287755,9.539121,65.522291,75.566588,-0.169261,-0.006757,-0.034632,0.4,195.975
806,descent,3975.405623,26.73043,63.519713,98.852883,249.860191,706.527651,24.910715,0.206669,8.776635,22.589817,1164.729235,overheating,1,2,90,900,0.206106,-0.407886,9.933054,64.10979,81.389783,-0.061979,-0.000528,-0.147576,0.4,195.97
807,descent,3958.295882,25.5,63.191784,99.191471,250.025853,703.97263,24.868967,0.210827,8.953082,22.156404,1084.381705,overheating,1,2,90,900,2.465937,-0.938967,10.012724,64.986646,80.331454,0.078264,-0.007713,-0.11733,0.4,195.965
808,descent,3953.975779,27.482905,64.036889,99.024295,249.088263,703.935879,25.077784,0.20448,8.776024,22.346596,1034.951372,overheating,1,2,90,900,-2.802781,0.262874,9.435009,65.736655,78.334402,-0.011477,0.001022,-0.003123,0.4,195.96
809,descent,3965.273822,25.832605,63.582248,98.773981,250.059999,700.926362,24.904758,0.199928,9.019402,22.161652,1146.194809,overheating,1,2,90,900,2.281713,-0.41691,9.478388,64.808804,79.328238,-0.117421,0.00101,-0.10283,0.4,195.955
810,landing,3874.231364,25.5,62.936309,99.269103,243.524979,692.548308,23.96777,0.210306,9.260244,21.744371,1085.039474,overheating,1,2,90,900,5.74805,0.144874,9.76384,64.748952,78.869295,0.231382,0.007074,-0.096755,0.4,195.95
811,landing,3882.389746,25.5,63.685903,99.457885,245.584595,693.837247,23.771176,0.203641,9.194831,20.719163,1001.258118,overheating,1,2,90,900,6.19754,0.444761,10.230281,64.453487,78.819193,0.263865,0.006392,-0.086882,0.4,195.945
812,landing,3883.006576,25.5,63.225546,99.532661,245.039623,700.206182,23.847577,0.1943,8.884994,21.905443,1257.395362,overheating,1,2,90,900,0.037967,-0.885425,10.351987,65.785139,79.967374,-0.198964,-0.004753,-0.100903,0.4,195.94
813,landing,3877.026612,25.5,63.523017,99.932334,244.583721,696.741851,23.825916,0.201882,9.059325,21.554297,1187.829483,overheating,1,2,90,900,5.352916,0.558142,10.147724,64.94738,79.735255,-0.171996,-0.001825,0.040304,0.4,195.935
814,landing,3903.188066,25.5,63.513022,99.544079,244.778687,692.923329,23.704,0.197915,8.762892,21.026463,1025.627658,overheating,1,2,90,900,-1.208762,-0.509556,9.739197,64.753634,80.056363,0.142409,0.001206,0.015928,0.4,195.93
815,landing,3866.519191,25.5,63.760794,99.389284,246.329096,690.047605,23.879302,0.208318,9.268775,21.045394,1055.155322,overheating,1,2,90,900,3.329804,0.23585,9.579739,62.87779,80.893326,0.009957,0.002118,-0.01096,0.4,195.925
816,landing,3906.372068,25.5,64.067337,99.491616,245.576888,697.485842,24.371246,0.19841,8.978788,18.915258,1165.812343,overheating,1,2,90,900,-2.751885,-0.204912,9.150616,66.17722,80.713078,-0.117225,-0.003932,0.053269,0.4,195.92
817,landing,3893.868323,25.5,63.599617,99.071086,246.561328,694.664182,23.884545,0.198711,9.137901,20.42086,997.715955,overheating,1,2,90,900,-2.117208,-0.158339,10.17588,65.003552,78.938778,-0.228156,0.002804,0.010109,0.4,195.915
818,landing,3873.331118,25.5,64.293052,99.856139,244.801466,693.302167,24.104627,0.20201,9.211258,22.822854,1118.376757,overheating,1,2,90,900,1.719714,0.393362,10.030131,65.324667,81.322094,0.069632,-0.000319,-0.05981,0.4,195.91
819,landing,3878.433331,25.5,63.261307,99.856091,243.509925,693.94217,24.146709,0.200893,8.856349,22.291749,1058.699214,overheating,1,2,90,900,2.726855,0.472502,9.812018,65.398616,81.133748,-0.211587,0.001181,0.141112,0.4,195.905
820,landing,3881.222767,25.5,64.191425,98.986475,244.462076,697.88096,23.781524,0.209125,9.291624,21.551789,1185.255403,overheating,1,2,90,900,-5.023426,-0.410721,9.965619,64.080205,78.346492,0.379298,-0.005821,0.028709,0.4,195.9
821,landing,3879.91782,25.5,63.553328,98.609033,244.024933,692.070083,23.963953,0.195572,9.029955,21.266167,952.78292,overheating,1,2,90,900,3.439289,0.161346,10.550607,65.495684,81.413534,-0.020791,0.000432,-0.145873,0.4,195.895
822,landing,3908.253066,25.5,62.979487,99.917343,243.562744,696.260665,24.054488,0.196987,9.186034,19.122815,1052.391912,overheating,1,2,90,900,-1.015188,0.300987,10.022717,65.041028,78.674091,0.06823,0.006553,0.109526,0.4,195.89
823,landing,3886.249669,25.5,64.114989,99.137347,242.314251,694.312344,23.991049,0.2001,8.829061,18.911897,1166.756116,overheating,1,2,90,900,1.215184,-0.317709,10.34951,66.088408,81.736973,0.162017,0.00044,0.114868,0.4,195.885
824,landing,3921.47939,25.5,64.033511,99.19255,246.942121,697.860972,23.901701,0.20841,9.07946,21.677592,1243.820973,overheating,1,2,90,900,-3.056014,0.222679,11.079021,65.970731,81.617675,0.214608,-0.005469,0.033652,0.4,195.88
825,landing,3871.925976,25.5,63.68707,98.884787,247.311597,691.993765,24.181889,0.200279,9.208229,22.7407,1110.140722,overheating,1,2,90,900,4.047682,-0.14713,10.143666,64.443408,77.861404,-0.001427,-0.002631,-0.116984,0.4,195.875
826,landing,3896.620674,25.5,63.286133,98.900906,246.413427,692.28708,23.984488,0.200749,8.97833,21.128372,1138.603243,overheating,1,2,90,900,1.149515,0.697645,9.576273,65.020325,80.243483,-0.025123,-0.002884,-0.037619,0.4,195.87
827,landing,3908.043786,25.5,63.971306,99.141665,245.67393,695.645009,24.222302,0.202869,9.151191,20.858496,1014.701645,overheating,1,2,90,900,1.465778,0.875457,9.949533,63.759531,80.866359,-0.092,-0.002262,0.15083,0.4,195.865
828,landing,3910.109003,25.5,64.061954,99.381645,246.126396,696.411149,23.664337,0.204841,8.987092,19.004768,1147.423942,overheating,1,2,90,900,-3.667844,0.82263,9.959843,64.576996,82.910923,0.08959,-0.002029,0.122941,0.4,195.86
829,landing,3887.754287,25.5,63.452256,99.181064,245.596088,698.19958,24.307005,0.195124,9.107596,21.930822,1071.089645,overheating,1,2,90,900,0.576128,-0.407258,10.592373,65.695484,81.441701,-0.123354,0.008283,-0.056688,0.4,195.855
830,landing,3894.242711,25.5,63.781408,99.332191,244.797027,690.973263,23.879983,0.198209,9.009995,20.637414,1123.771665,overheating,1,2,90,900,-2.060221,0.020298,8.963847,65.893391,79.137594,-0.125707,-0.000799,-0.05818,0.4,195.85
831,landing,3904.890333,25.5,64.345203,98.690711,245.489203,692.716031,23.541629,0.196503,8.792042,19.441549,1000.603204,overheating,1,2,90,900,-1.480156,-0.390204,10.13175,64.710521,82.105324,0.103732,-0.005292,-0.043002,0.4,195.845
832,landing,3890.259413,25.5,63.918428,99.213932,246.583927,692.768809,23.686029,0.198124,8.964984,20.505338,1393.487614,overheating,1,2,90,900,-1.153954,-0.195677,10.056141,64.160257,80.77585,0.242258,-0.000218,-0.022572,0.4,195.84
833,landing,3901.675424,25.5,63.721504,99.137995,243.990155,697.280863,23.93475,0.204582,9.247928,22.088237,1122.19628,overheating,1,2,90,900,2.108585,-0.346829,9.556829,64.329775,78.102994,-0.101928,-0.000465,-0.047971,0.4,195.835
834,landing,3869.872479,25.5,63.548083,99.705795,246.003485,691.382372,23.811303,0.19753,9.171638,22.26977,1108.640161,overheating,1,2,90,900,-4.191733,-0.255859,10.483582,67.342921,78.39376,0.106068,-0.001713,-0.01653,0.4,195.83
835,landing,3903.648786,25.5,63.928865,99.072676,243.309046,693.880132,24.060186,0.1977,8.892987,21.147377,1176.249105,overheating,1,2,90,900,-3.572591,-0.18983,9.452542,64.942926,80.427873,-0.042577,-0.001997,-0.090862,0.4,195.825
836,landing,3908.39634,25.5,62.563216,98.55898,245.205499,696.051911,23.875935,0.179506,9.223191,22.878047,1253.981666,overheating,1,2,90,900,-5.592785,0.121475,10.211958,64.445624,79.60878,0.001504,0.006143,-0.039661,0.4,195.82
837,landing,3879.324772,25.5,64.709148,98.845717,244.574616,694.237275,23.789792,0.206645,9.001773,20.36805,1133.082132,overheating,1,2,90,900,0.144758,-0.040318,9.740357,65.751144,77.595612,-0.126498,-0.003433,0.158144,0.4,195.815
838,landing,3909.447584,25.5,63.952537,99.620697,246.091735,697.213027,23.927565,0.198193,9.058954,19.715641,1023.239079,overheating,1,2,90,900,-3.37093,-0.567567,8.323274,65.217064,82.118933,0.376525,0.001355,0.113608,0.4,195.81
839,landing,3915.587628,25.5,62.804077,99.336024,242.822334,691.650131,23.943929,0.20917,8.970954,20.711072,1067.308739,overheating,1,2,90,900,-1.435488,0.142119,10.609106,63.928631,79.266344,0.141802,0.010626,-0.085502,0.4,195.805
840,landing,3895.481282,25.5,63.555704,99.83904,244.158428,693.734197,24.219996,0.204203,9.359069,20.788859,1253.30079,overheating,1,2,90,900,1.622923,0.348725,10.421069,64.812381,78.160207,0.305522,0.001987,0.043331,0.4,195.8
841,landing,3919.136287,25.5,64.116922,99.710122,243.289102,693.050382,23.80657,0.201769,8.853941,22.532996,1051.81224,overheating,1,2,90,900,3.807995,-0.255861,11.171585,65.63589,82.184686,0.100515,-0.004079,0.024929,0.4,195.795
842,landing,3907.305979,25.5,63.117694,97.846272,244.680477,695.076867,24.06617,0.193539,8.909042,22.767004,988.980068,overheating,1,2,90,900,0.077888,0.123188,9.278373,65.140169,80.413958,-0.032911,0.003141,0.017601,0.4,195.79
843,landing,3887.315387,25.5,63.42783,98.642148,244.323204,696.432302,24.041077,0.196406,9.14199,21.439535,1065.068728,overheating,1,2,90,900,-4.025069,0.627232,9.598848,65.228442,78.033309,0.122496,0.004392,0.033791,0.4,195.785
844,landing,3912.977194,25.5,63.515646,99.260383,244.71083,697.791468,24.14514,0.202341,9.409043,21.315883,1069.093507,overheating,1,2,90,900,-1.572242,-0.989255,10.247192,63.174147,78.375521,-0.222555,-0.004677,-0.022459,0.4,195.78
845,landing,3919.465342,25.5,63.277855,99.269593,245.456459,688.572278,23.956294,0.200154,8.955321,21.21286,834.378519,overheating,1,2,90,900,-2.493849,0.399355,9.163888,64.832834,78.569321,-0.041312,0.005086,0.05058,0.4,195.775
846,landing,3931.284784,25.5,63.427422,99.234747,245.45636,694.940282,23.744812,0.195377,9.05075,21.426401,1105.060181,overheating,1,2,90,900,6.573464,-0.494092,9.923525,65.072787,79.020399,-0.147499,0.007154,0.010145,0.4,195.77
847,landing,3903.882541,25.5,63.098422,99.564213,244.445145,694.008791,24.031899,0.204629,9.219252,21.646187,1144.152165,overheating,1,2,90,900,-4.162414,0.284076,9.759766,65.41319,79.405939,0.110596,-0.001569,0.090931,0.4,195.765
848,landing,3929.76089,25.5,63.219023,97.923666,246.233139,694.811694,24.066998,0.19823,9.099615,19.624769,1023.762155,overheating,1,2,90,900,0.716342,-0.25516,10.066939,65.620543,80.129054,0.06648,-0.004593,-0.046642,0.4,195.76
849,landing,3887.516644,25.5,63.880898,98.931193,247.318036,697.732949,24.047936,0.206792,8.881885,22.179182,1189.353446,overheating,1,2,90,900,3.602291,0.029349,9.726904,64.028988,78.67018,-0.092142,-0.001039,0.058307,0.4,195.755
850,landing,3918.788697,25.5,63.468812,99.458025,246.313172,695.032322,23.570004,0.196819,9.061619,23.678422,1085.064707,overheating,1,2,90,900,6.185226,-0.168325,10.317085,65.570277,78.818845,0.036693,0.003518,0.10431,0.4,195.75
851,landing,3888.711447,25.5,63.894108,99.203176,242.218674,694.452497,23.96862,0.195165,9.146093,21.671116,1265.033035,overheating,1,2,90,900,0.575496,0.577961,10.213343,64.431309,79.491635,-0.221169,0.00209,0.025453,0.4,195.745
852,landing,3937.040393,25.5,63.604975,99.646731,245.560678,697.126004,24.03779,0.206195,8.868274,22.503844,1162.397465,overheating,1,2,90,900,-0.257835,-0.53156,10.148568,64.429252,82.194351,-0.153129,-0.003373,0.035387,0.4,195.74
853,landing,3909.111868,25.5,63.870538,99.400543,245.348151,694.890993,23.766355,0.202703,9.198869,20.185969,1078.25658,overheating,1,2,90,900,-4.365701,0.617826,10.484373,64.173046,82.022183,-0.187983,-0.011787,-0.032271,0.4,195.735
854,landing,3904.623705,25.5,63.651173,98.74903,242.566481,689.743975,23.873761,0.196706,9.271384,21.136647,1142.589608,overheating,1,2,90,900,-1.610338,0.256136,10.131148,65.153519,79.512848,0.437427,-0.000286,0.141192,0.4,195.73
855,landing,3919.847036,25.5,63.331119,99.331305,244.419174,696.486007,23.997735,0.193952,9.411891,21.299467,1128.008781,overheating,1,2,90,900,-5.565195,0.135043,10.2353,67.052991,78.304544,0.061037,0.000553,0.061987,0.4,195.725
856,landing,3890.937945,25.5,63.083068,99.064454,245.054377,696.920729,23.595769,0.206705,9.033877,20.676436,1035.993358,overheating,1,2,90,900,-3.77228,-0.420807,9.740294,65.033038,78.810889,-0.215177,0.00356,0.043263,0.4,195.72
857,landing,3890.520443,25.5,63.601589,99.238744,245.364487,695.768366,23.806505,0.201172,8.998103,19.86502,1115.150246,overheating,1,2,90,900,6.360384,0.186471,9.517326,63.441777,80.423691,-0.197748,0.010864,-0.084525,0.4,195.715
858,landing,3917.01867,25.5,62.918968,99.466934,246.079772,696.235407,23.807602,0.20825,9.167832,21.579186,1036.812239,overheating,1,2,90,900,-0.187349,-0.065175,9.790817,66.386815,76.767605,0.100022,-0.011212,0.002291,0.4,195.71
859,landing,3898.373376,25.5,63.934877,99.199883,244.870015,693.685764,24.052163,0.197276,9.111616,19.577028,1152.146693,overheating,1,2,90,900,-4.527563,-0.242053,10.059049,63.623335,80.527985,0.113233,0.003499,-0.038539,0.4,195.705
860,landing,3912.44419,25.5,63.555639,98.85848,244.576944,695.193215,23.905614,0.202731,9.25684,20.865036,1210.692283,overheating,1,2,90,900,1.603235,0.224994,10.258836,64.360098,79.076505,-0.058445,0.013734,0.132077,0.4,195.7
861,landing,3899.245016,25.5,64.031051,99.280961,245.95548,694.027808,24.025222,0.213785,9.050452,20.577896,1113.224427,overheating,1,2,90,900,-2.856942,-0.333018,9.93434,65.934134,78.627727,0.057112,0.001539,0.081598,0.4,195.695
862,landing,3906.705798,25.5,63.816959,100.291087,245.16472,697.274987,23.767151,0.198162,9.164588,20.231496,1172.303303,overheating,1,2,90,900,-1.99415,-0.349147,10.461225,64.015741,76.231601,0.247875,-0.005836,-0.059352,0.4,195.69
863,landing,3899.42749,25.5,63.653613,98.504991,245.029583,701.566354,24.010223,0.203355,9.070818,21.538896,1106.386568,overheating,1,2,90,900,-0.009804,-0.233657,9.866354,65.009246,80.51213,-0.065165,0.005211,-0.133251,0.4,195.685
864,landing,3888.397617,25.5,63.056,99.842197,245.697764,696.546925,23.865163,0.20414,8.814273,22.059342,1109.339213,overheating,1,2,90,900,-2.964711,0.138253,9.392643,66.467402,80.471576,-0.211848,0.00361,-0.057938,0.4,195.68
865,landing,3905.570925,25.5,63.683478,98.449142,244.392178,693.273326,23.949263,0.198983,9.108614,20.475965,1117.125643,overheating,1,2,90,900,3.847348,-0.275342,9.840497,65.10108,77.966096,0.053743,0.008417,-0.004494,0.4,195.675
866,landing,3881.494542,25.5,63.014745,99.381203,245.407589,694.460183,24.188395,0.193406,8.804562,21.524201,1148.49045,overheating,1,2,90,900,-0.308395,-0.918861,9.901096,65.470111,76.057022,0.186006,-0.001528,-0.037635,0.4,195.67
867,landing,3877.231108,25.5,62.948097,99.607984,246.808835,693.696933,24.060924,0.201351,9.141868,22.641663,1041.378796,overheating,1,2,90,900,-2.939587,0.172534,8.857875,64.803964,78.309855,0.157895,0.001102,-0.009066,0.4,195.665
868,landing,3894.898419,25.5,64.020382,99.331976,245.344818,692.503992,23.824866,0.201027,9.208727,22.223806,1107.13754,overheating,1,2,90,900,-1.994846,0.209633,10.288781,64.553562,81.409064,0.092343,-0.002411,0.092987,0.4,195.66
869,landing,3886.092282,25.5,63.693547,98.250853,244.835735,702.854381,24.019974,0.202375,9.08156,22.115581,1148.774813,overheating,1,2,90,900,-4.913868,-0.2353,9.910008,64.796922,80.703907,0.041156,0.008924,0.105259,0.4,195.655
870,landing,3908.629029,25.5,63.429884,98.687973,246.824459,691.282291,24.137768,0.190643,9.043142,20.245043,1122.467884,overheating,1,2,90,900,-2.302057,-0.197249,8.928255,63.716137,80.654082,-0.016429,0.004034,0.027656,0.4,195.65
871,landing,3897.178756,25.5,63.068896,100.473487,245.495246,692.967142,23.750059,0.198927,9.147251,20.889912,884.227749,overheating,1,2,90,900,-1.064221,0.465905,10.232417,65.712329,79.618723,0.157389,0.001857,-0.260145,0.4,195.645
872,landing,3895.357563,25.5,63.873475,99.548746,245.516289,699.253489,23.818806,0.200885,9.286802,20.265646,1237.608716,overheating,1,2,90,900,-1.611586,0.247597,9.120974,63.807039,81.087564,0.321926,-0.000293,0.168091,0.4,195.64
873,landing,3888.172249,25.5,63.429411,99.002592,246.643691,696.648785,23.871176,0.204516,9.210458,21.845178,1095.026459,overheating,1,2,90,900,-1.478908,0.385403,10.175342,65.563889,79.350719,0.280262,-0.003505,0.05464,0.4,195.635
874,landing,3860.012455,25.5,63.318612,99.30315,243.647563,697.233142,24.108233,0.208351,9.04862,22.41122,1137.494047,overheating,1,2,90,900,-1.312381,0.525614,10.768995,64.807375,79.560003,-0.017747,-0.001723,-0.023385,0.4,195.63
875,landing,3918.337108,25.5,63.823592,98.82494,245.743624,699.069327,23.944228,0.201297,8.910782,21.307987,1061.580385,overheating,1,2,90,900,3.611858,0.057791,9.647071,65.070307,79.473507,0.081219,0.007554,-0.006002,0.4,195.625
876,landing,3868.467435,25.5,63.521716,98.745769,244.218256,694.389985,24.22625,0.192768,9.069557,19.569586,1021.947562,overheating,1,2,90,900,-0.24333,-0.103537,10.589504,64.878723,78.001447,-0.053877,-0.0035,-0.093919,0.4,195.62
877,landing,3911.785716,25.5,63.888253,99.069274,245.170689,690.543524,23.873318,0.200552,9.176876,22.238928,1201.193714,overheating,1,2,90,900,-0.778244,-0.276524,9.883869,64.822122,78.405987,0.173826,0.005882,0.005449,0.4,195.615
878,landing,3892.968701,25.5,63.757375,99.35135,245.478924,696.589093,23.917811,0.20513,9.029621,21.343608,1026.923987,overheating,1,2,90,900,-0.571371,0.425339,9.693081,63.980704,80.191734,0.048936,0.001897,-0.048924,0.4,195.61
879,landing,3880.8825,25.5,63.305361,99.578622,243.110561,697.735442,23.91844,0.195241,9.246946,20.283435,931.268211,overheating,1,2,90,900,2.313029,-0.514501,9.795381,64.268827,80.693763,0.141809,0.003378,-0.028253,0.4,195.605
880,landing,3912.860892,25.5,62.824263,98.496763,245.677716,697.862004,24.025512,0.203041,9.049406,21.143478,1168.53474,overheating,1,2,90,900,-0.870441,0.00552,10.155644,63.77998,81.634633,-0.108262,-0.000381,0.158774,0.4,195.6
881,landing,3887.863889,25.5,63.293046,99.883502,244.529077,694.913896,24.134135,0.199421,8.964797,20.764696,1059.305408,overheating,1,2,90,900,-0.544531,0.583248,10.185235,66.173508,80.384084,0.094715,-0.005902,0.061253,0.4,195.595
882,landing,3893.520249,25.5,63.687471,98.233997,244.877149,694.99527,23.917317,0.197316,9.052524,21.583552,1058.068537,overheating,1,2,90,900,-1.279445,0.075747,9.274338,65.438345,80.990828,0.043241,0.002823,0.039015,0.4,195.59
883,landing,3895.10903,25.5,63.614487,99.829818,245.080741,692.096868,23.723195,0.187186,9.112016,23.40489,1071.367988,overheating,1,2,90,900,-5.480577,-0.275765,9.975789,65.003741,79.050308,-0.017504,-0.000715,0.023196,0.4,195.585
884,landing,3873.699117,25.5,63.857084,99.517661,243.832044,696.337222,23.856555,0.208935,8.887586,21.622925,1006.796937,overheating,1,2,90,900,-3.18363,-0.407985,9.341413,66.645282,80.319078,0.179218,0.005658,0.020315,0.4,195.58
885,landing,3888.981768,25.5,63.525831,99.450831,245.858679,695.151389,23.855593,0.199491,8.985875,22.092883,1142.382023,overheating,1,2,90,900,-0.288034,-0.43158,9.342504,65.329589,80.213289,0.072235,-0.008893,-0.033784,0.4,195.575
886,landing,3908.896056,25.5,62.817276,98.820092,246.283485,687.835203,24.041555,0.194686,9.21373,20.390368,1061.822283,overheating,1,2,90,900,1.241077,-0.001289,11.368778,66.251971,79.16957,-0.13564,0.000442,-0.024984,0.4,195.57
887,landing,3924.905782,25.5,63.978913,98.836417,244.461544,695.53928,24.249959,0.208225,9.311747,20.303487,1327.132448,overheating,1,2,90,900,5.29267,-0.382992,8.942208,64.900077,81.379693,0.061197,-0.006692,-0.01579,0.4,195.565
888,landing,3883.390241,25.5,63.303819,99.47984,244.317531,698.306818,23.388472,0.203963,9.149272,21.68516,1103.406681,overheating,1,2,90,900,-0.649762,-0.349286,10.30144,66.132934,79.650463,-0.192413,-0.00056,-0.091993,0.4,195.56
889,landing,3879.428824,25.5,63.118965,99.041098,247.473463,696.597919,23.792791,0.203314,9.078506,21.555012,1106.996813,overheating,1,2,90,900,-0.098383,0.669489,8.885735,64.790231,80.622818,0.061018,0.00358,-0.119722,0.4,195.555
890,landing,3880.253152,25.5,64.030271,99.398927,245.211756,697.554934,23.981847,0.20091,9.034571,18.721744,945.177113,overheating,1,2,90,900,2.133056,0.348263,10.823845,63.226203,78.944179,-0.1329,0.003169,0.006128,0.4,195.55
891,landing,3890.68556,25.5,64.20031,98.848885,244.964663,688.467528,23.978444,0.202486,9.225442,23.088428,1079.84999,overheating,1,2,90,900,-0.533013,0.350476,9.832667,66.37056,81.861591,-0.050754,-0.000925,0.066932,0.4,195.545
892,landing,3891.24477,25.5,64.190132,99.36033,245.7735,692.221413,24.01563,0.208005,8.910526,20.354566,985.256381,overheating,1,2,90,900,-1.809249,0.84948,9.78832,65.841243,78.322479,-0.060311,0.002098,-0.025493,0.4,195.54
893,landing,3908.937805,25.5,63.563856,99.799504,245.203298,694.457227,23.993237,0.204993,9.229327,22.764839,1228.443143,overheating,1,2,90,900,-2.238885,-0.496433,10.287369,61.870752,76.657773,0.071509,0.00956,-0.025576,0.4,195.535
894,landing,3872.819768,25.5,63.864666,99.019791,245.536018,698.280663,23.829638,0.203506,9.174436,21.358998,1322.54285,overheating,1,2,90,900,1.66808,-0.346347,9.930361,65.449271,81.527442,0.184326,0.006183,0.082554,0.4,195.53
895,landing,3920.586898,25.5,64.809766,100.2082,245.779835,694.129537,24.114888,0.194025,9.147748,20.461903,1151.515652,overheating,1,2,90,900,3.887715,-0.102964,10.150622,64.577489,82.508822,-0.25038,0.005941,-0.049578,0.4,195.525
896,landing,3897.033284,25.5,63.313111,99.706351,244.922024,700.301363,23.959882,0.198099,9.233979,20.336069,1125.752093,overheating,1,2,90,900,1.845835,0.13523,10.133732,65.956461,80.225504,0.013986,-0.003242,-0.056178,0.4,195.52
897,landing,3894.601334,25.5,63.687477,98.975358,245.17173,691.718679,24.058392,0.204307,9.039867,21.012645,1137.029699,overheating,1,2,90,900,1.43066,-0.212185,9.836467,64.178199,80.684716,-0.061999,-0.001741,-0.102436,0.4,195.515
898,landing,3904.309712,25.5,63.293351,98.659516,247.195319,697.454745,23.805954,0.211374,9.229658,20.589447,1022.40298,overheating,1,2,90,900,-0.504311,0.104871,10.481441,66.806567,76.027924,-0.216225,0.004652,0.008195,0.4,195.51
899,landing,3880.557684,25.5,62.678269,99.062261,245.293475,695.675732,24.118234,0.19764,8.986986,21.840384,1223.531258,overheating,1,2,90,900,-0.621073,-0.380081,9.315144,64.376452,76.374462,-0.052706,0.003721,0.006156,0.4,195.505
