timestamp,mission_phase,rpm,throttle,oil_pressure,oil_temp,cht,egt,manifold_pressure,vibration,fuel_flow,ambient_temp,altitude,fault_type,fault_active,fault_severity,fault_start_time,fault_end_time,residual_rpm,residual_oil_pressure,residual_oil_temp,residual_cht,residual_egt,residual_manifold_pressure,residual_vibration,residual_fuel_flow,health_index,baseline_rul
0,idle,3426.392986,50.104278,61.785671,96.452039,157.339532,604.57081,17.642722,0.227956,8.895108,18.204429,3313.246078,healthy,0,0,0,0,0.155503,-0.094499,0.26574,-0.002416,1.482149,0.155128,-0.00061,0.032086,1.0,200.0
1,idle,3403.94027,49.285646,61.997511,96.601833,156.49713,599.313543,17.66096,0.223202,8.968652,18.016917,3279.474636,healthy,0,0,0,0,-3.683158,-0.440365,0.494932,0.127285,-0.065098,-0.051209,-0.008382,0.10827,1.0,199.995
2,idle,3434.40652,50.112945,62.053215,96.970199,157.248735,602.866692,17.864321,0.227678,8.810455,17.903472,3257.82145,healthy,0,0,0,0,2.36957,0.274749,1.020166,0.010088,-1.107002,-0.064688,-0.000794,-0.034563,1.0,199.99
3,idle,3405.508556,49.841609,62.051441,96.257306,156.005321,604.644248,17.697348,0.228043,9.008614,20.027508,3313.016879,healthy,0,0,0,0,-4.236344,0.412626,0.701768,-0.942676,0.243008,-0.094322,0.002614,-0.056151,1.0,199.985
4,idle,3439.031783,47.806195,62.423984,96.406346,157.609344,605.018642,18.091873,0.211909,8.738795,18.058666,3185.789624,healthy,0,0,0,0,0.824398,-0.282869,0.060121,0.172301,-2.350229,0.294489,0.001328,0.045296,1.0,199.98
5,idle,3384.066394,51.279241,61.858041,98.021437,158.650766,600.247772,17.838025,0.230598,8.914254,17.835062,3179.720196,healthy,0,0,0,0,0.690727,-0.200136,0.209591,-0.492611,1.171974,-0.020386,-0.024642,-0.020341,1.0,199.975
6,idle,3435.189602,50.851548,61.427409,97.019134,156.303155,601.236973,17.830608,0.234577,8.855647,17.861134,3236.96649,healthy,0,0,0,0,2.762056,-0.509194,-0.474471,-0.449953,1.678539,0.117648,0.008449,-0.056414,1.0,199.97
7,idle,3413.883797,51.745648,61.581735,96.525408,155.197558,603.913212,17.701156,0.216238,8.795781,18.620945,3265.551444,healthy,0,0,0,0,4.389924,0.06985,0.366877,-0.589565,1.987345,-0.120681,-0.010435,0.045433,1.0,199.965
8,idle,3414.864749,50.273167,62.049784,96.448789,156.078273,604.004322,17.864586,0.219957,8.798221,18.000836,3430.600044,healthy,0,0,0,0,5.587898,0.455545,-0.489476,-0.572142,-3.125891,-0.053663,-0.000434,-0.030928,1.0,199.96
9,idle,3416.367375,50.294964,61.773029,97.155155,157.079228,604.249385,17.821762,0.227273,9.079569,20.271207,3140.695871,healthy,0,0,0,0,1.076156,0.402396,-0.157268,-0.494934,-2.662313,0.026646,-0.003409,-0.071791,1.0,199.955
10,idle,3427.511436,49.945503,61.8166,96.282405,157.334673,602.26925,17.570615,0.225549,8.792357,18.693996,3196.149001,healthy,0,0,0,0,-0.067623,-0.154323,-0.248407,-0.262005,-0.657703,0.21156,-0.000897,0.080069,1.0,199.95
11,idle,3442.695297,48.115405,61.557298,96.461844,158.588754,606.405108,17.699833,0.227849,8.983222,18.629201,3258.695323,healthy,0,0,0,0,-1.859255,0.389653,-0.620365,-0.908449,1.097742,-0.077304,7.7e-05,0.024474,1.0,199.945
12,idle,3413.194316,48.033301,62.879895,95.553037,157.05447,603.483119,18.009565,0.21509,9.129182,17.148375,3269.888176,healthy,0,0,0,0,-1.015178,0.330696,0.090317,0.432488,-0.312224,-0.037646,0.002743,0.031526,1.0,199.94
13,idle,3393.185834,48.851447,60.993404,96.85436,156.452519,602.787452,17.794959,0.223798,8.931149,18.777227,3165.736455,healthy,0,0,0,0,1.331768,-0.068455,-1.0013,1.523897,0.386602,0.182917,0.000755,0.104391,1.0,199.935
14,idle,3444.769569,50.240013,61.771771,96.254997,155.820242,605.392399,17.421946,0.215912,8.785879,18.980326,3235.006265,healthy,0,0,0,0,1.018085,0.061102,-0.539028,-0.896626,0.088267,-0.292147,-0.003381,0.133652,1.0,199.93
15,idle,3418.225668,48.890986,61.735348,96.867059,157.684385,603.131584,17.187625,0.222359,8.784022,18.143174,3132.462276,healthy,0,0,0,0,-3.412436,0.297752,0.484288,-1.807982,-1.487998,0.163286,0.002147,-0.0301,1.0,199.925
16,idle,3407.882615,49.681988,61.516644,96.963026,156.068603,602.908705,17.633474,0.228073,8.850309,18.580209,3140.837825,healthy,0,0,0,0,1.708514,0.930385,0.110044,0.384821,-2.149947,0.260278,-0.001684,-0.104879,1.0,199.92
17,idle,3370.38577,49.68742,61.868041,95.816569,158.295368,608.786879,17.609443,0.231643,8.942212,19.420195,3164.934385,healthy,0,0,0,0,0.623904,0.591931,-0.687731,-0.201608,1.013837,-0.141398,0.004554,0.03155,1.0,199.915
18,idle,3422.659607,47.043548,61.871738,95.865197,158.405353,606.04036,18.05961,0.226643,8.829259,18.837506,3341.995434,healthy,0,0,0,0,0.321759,-0.368137,0.180938,1.568549,-2.091475,0.090789,-0.00509,-0.014118,1.0,199.91
19,idle,3437.085003,48.934805,61.469072,97.325394,156.544681,604.094966,17.641917,0.22363,8.794977,19.906124,3247.725386,healthy,0,0,0,0,0.368362,-0.124168,-0.815178,0.6556,1.701952,-0.110014,-0.002598,0.040728,1.0,199.905
20,idle,3425.508695,47.835433,62.242328,96.198097,158.029303,606.47415,17.761894,0.217454,8.912666,18.381817,3216.115037,healthy,0,0,0,0,4.380126,-0.240007,0.136327,-0.554422,-0.228566,0.071277,-0.011435,0.042362,1.0,199.9
21,idle,3433.785965,48.824669,61.886515,97.113326,157.105498,602.598823,17.840598,0.219967,8.724948,18.403458,3219.215587,healthy,0,0,0,0,1.377472,-0.39661,0.819429,-0.026304,2.646929,-0.001336,-0.003478,-0.009308,1.0,199.895
22,idle,3421.153227,50.04928,62.249306,96.636231,158.043884,602.71158,17.675872,0.22081,8.802122,18.947657,3182.340926,healthy,0,0,0,0,-5.197623,-0.098013,-0.100621,-0.802237,-0.233094,0.171941,-0.008111,0.109669,1.0,199.89
23,idle,3423.920331,48.63677,61.819102,95.329455,156.879762,603.047339,17.663535,0.225462,8.779515,17.076817,3380.164258,healthy,0,0,0,0,0.459621,-0.032751,-0.294471,-0.027635,2.517705,0.015529,-0.010633,-0.031004,1.0,199.885
24,idle,3442.094877,50.43358,61.421373,97.278747,156.689293,602.21417,17.961242,0.232048,9.081907,19.47274,3118.520161,healthy,0,0,0,0,-2.5922,0.743433,0.975695,0.277942,0.055673,-0.262692,-0.002356,-0.036563,1.0,199.88
25,idle,3455.97767,49.990044,62.470777,96.374324,156.190026,602.816535,17.799774,0.236071,8.9219,18.563899,3287.634544,healthy,0,0,0,0,-0.214594,0.21388,0.190662,0.429163,-1.211408,-0.179506,0.00099,-0.045471,1.0,199.875
26,idle,3431.352228,49.64257,62.331397,98.191573,157.253955,603.492415,17.453467,0.218881,8.741739,20.812227,3014.130187,healthy,0,0,0,0,-3.132055,0.465372,-0.05701,-0.449004,-0.723481,-0.187077,-0.000217,-0.127097,1.0,199.87
27,idle,3422.033239,50.289016,62.157412,95.151171,157.203487,602.635227,17.725826,0.221904,9.046226,19.378753,3128.405584,healthy,0,0,0,0,-3.469588,0.107877,0.290147,0.260914,0.332037,0.18266,0.001974,0.112917,1.0,199.865
28,idle,3378.191336,49.322222,61.981354,96.561906,155.392867,602.879822,17.845873,0.231661,8.681932,17.967868,3096.768848,healthy,0,0,0,0,0.903339,-0.201856,0.793346,0.183864,0.375583,0.004091,0.000327,-0.088821,1.0,199.86
29,idle,3430.673236,51.377738,62.62726,97.050794,155.941049,601.546847,17.639582,0.229783,9.009586,19.960361,3059.687645,healthy,0,0,0,0,3.38994,-0.061706,0.093386,-0.288823,-0.803597,0.171629,0.002611,0.016017,1.0,199.855
30,idle,3406.604555,50.159504,62.437688,95.695912,156.824129,605.570859,17.625938,0.232805,9.007115,18.516749,3267.269434,healthy,0,0,0,0,-0.17652,0.620976,0.841425,-1.126028,0.933762,-0.028344,0.008939,-0.110869,1.0,199.85
31,idle,3439.444626,51.162156,63.146,96.597572,158.208376,609.252695,17.870323,0.225151,9.03902,19.04623,3222.95875,healthy,0,0,0,0,-0.031587,0.037529,-0.044461,0.275407,0.410022,-0.064616,0.00027,0.061802,1.0,199.845
32,idle,3391.285453,49.560311,61.930142,95.790311,157.537626,608.595787,17.840543,0.218673,8.946958,19.025807,3344.971777,healthy,0,0,0,0,1.876888,-0.164286,1.050962,0.347942,0.196146,0.010936,0.003889,0.016306,1.0,199.84
33,idle,3385.809914,51.753822,62.012402,96.405125,155.633219,601.038029,17.919876,0.219036,9.084162,19.884489,3164.798088,healthy,0,0,0,0,5.691718,-0.439123,0.9137,0.785708,-0.951755,-0.274091,-0.003885,0.008684,1.0,199.835
34,idle,3425.982781,49.611411,61.960092,95.873325,154.747917,600.329446,18.028199,0.232241,8.827827,17.455491,3336.204553,healthy,0,0,0,0,-0.438258,0.019298,-0.573956,-0.533434,-2.927039,0.088263,0.004652,0.121177,1.0,199.83
35,idle,3440.928786,47.584615,62.193954,96.755072,156.55214,604.461887,17.822758,0.223862,8.780772,16.838424,3316.284691,healthy,0,0,0,0,2.839874,0.354313,-0.371776,0.637519,-0.485143,0.012335,-0.00011,-0.015076,1.0,199.825
36,idle,3434.804608,49.891097,61.935738,97.03722,155.685135,603.807549,18.349018,0.232018,8.838594,20.292157,3239.767375,healthy,0,0,0,0,-5.852797,-0.879116,0.110836,0.121948,2.37821,-0.253871,-0.008167,0.034294,1.0,199.82
37,idle,3395.633363,48.949196,62.353215,97.204546,156.761721,604.073654,17.529185,0.221231,9.094625,19.274265,3353.733667,healthy,0,0,0,0,3.096246,-0.120241,0.549465,-0.454418,-0.8097,0.030532,-0.002236,-0.019261,1.0,199.815
38,idle,3439.765972,49.197478,61.136113,96.59265,158.347679,606.468785,17.67204,0.234901,9.113681,18.988932,3133.98248,healthy,0,0,0,0,-0.079169,-0.106072,0.036205,0.092276,0.699357,-0.108947,-0.005174,-0.148266,1.0,199.81
39,idle,3406.59921,51.41411,62.340345,96.672626,158.297991,608.526554,17.956687,0.23013,8.963407,20.184482,3368.075953,healthy,0,0,0,0,0.050081,0.254728,0.409552,0.841618,1.697065,-0.11183,-0.004128,-0.076062,1.0,199.805
40,idle,3436.561192,51.72974,62.709379,96.450106,156.455051,604.215954,17.764947,0.227918,8.786561,19.648203,3251.616165,healthy,0,0,0,0,-0.229531,-0.264678,0.552107,-0.110063,0.806644,0.041555,-0.000979,-0.088084,1.0,199.8
41,idle,3445.29688,48.450875,62.090978,96.941007,157.407217,599.380295,17.300654,0.221721,8.905286,19.288874,3372.273137,healthy,0,0,0,0,-1.190017,-0.279505,-0.504053,-0.464202,-0.991428,0.169827,-0.001996,-0.046585,1.0,199.795
42,idle,3417.619494,50.761076,61.290522,96.410712,156.496994,609.207603,17.829337,0.231829,8.933219,20.114774,3289.330346,healthy,0,0,0,0,-5.794385,0.316185,0.651174,-0.187999,2.273232,-0.206447,-0.010455,-0.058745,1.0,199.79
43,idle,3423.016524,51.446509,60.784426,97.006579,157.201648,603.81454,17.595708,0.223376,8.752221,17.904879,3501.671461,healthy,0,0,0,0,2.732064,-0.437625,0.275883,1.412716,-0.328372,-0.022233,0.001269,-0.061501,1.0,199.785
44,idle,3420.352843,48.859169,62.266945,96.665828,156.859384,601.12191,17.78471,0.232624,8.836182,18.207463,3351.488473,healthy,0,0,0,0,1.972734,-0.20253,-0.112003,0.83155,0.999326,0.097448,-0.005045,-0.06702,1.0,199.78
45,taxi,3634.343771,64.83306,62.389443,96.021617,164.947816,644.621431,19.777069,0.228826,10.704189,20.399419,3344.115711,healthy,0,0,0,0,9.123919,0.857406,-1.202512,-1.118489,-0.871741,-0.097144,0.002123,-0.065437,1.0,199.775
46,taxi,3623.699523,64.764575,62.441923,96.449131,166.900238,644.788947,19.742771,0.217065,10.937809,20.181289,3318.462775,healthy,0,0,0,0,-0.525856,0.483977,0.245884,0.492901,-0.318636,-0.157787,-0.002638,-0.061938,1.0,199.77
47,taxi,3639.288312,66.701264,61.051633,96.913074,167.70013,648.11474,19.626777,0.226603,10.893451,17.495314,3399.646053,healthy,0,0,0,0,2.181723,-0.309119,0.105552,1.126492,0.843766,0.040225,0.004392,0.079162,1.0,199.765
48,taxi,3593.549528,64.863083,61.647949,96.873326,167.806018,641.508582,19.83649,0.218207,11.079262,18.030416,3368.755353,healthy,0,0,0,0,-0.701077,0.042659,1.314425,0.209445,-3.468738,0.263774,-0.000127,0.016852,1.0,199.76
49,taxi,3610.753733,64.132269,61.296625,96.899374,168.93221,647.848303,19.54856,0.223664,10.975647,17.096264,3335.690426,healthy,0,0,0,0,-4.865349,0.137224,0.422046,0.562462,-1.225086,-0.011021,0.003128,-0.015804,1.0,199.755
50,taxi,3595.684291,65.130953,60.985505,95.919718,166.318069,644.028256,19.49325,0.222497,10.784753,19.14876,3218.502503,healthy,0,0,0,0,1.358464,-0.241219,-0.11639,0.308737,-0.635121,-0.186061,-0.003205,0.012629,1.0,199.75
51,taxi,3624.771435,67.023665,61.580846,97.210278,166.650181,639.876087,19.447665,0.215176,10.608073,21.028323,3216.513403,healthy,0,0,0,0,-3.135808,-0.662885,0.191107,-1.474786,0.192287,0.034978,-0.00094,-0.11417,1.0,199.745
52,taxi,3598.985071,64.623729,61.902105,96.798364,169.104504,644.947906,20.022116,0.227395,10.798602,20.677512,3286.834141,healthy,0,0,0,0,1.756625,0.271635,-0.92363,-0.029258,2.022117,-0.02811,0.000283,1.8e-05,1.0,199.74
53,taxi,3614.602655,64.809779,61.637621,96.717186,167.92851,644.655979,19.464465,0.223603,10.726875,17.754688,3324.247276,healthy,0,0,0,0,-2.432148,0.295439,0.219712,1.048033,1.325442,0.08919,-0.003493,-0.034632,1.0,199.735
54,taxi,3620.81352,65.651604,61.33504,96.286971,166.45915,642.811199,19.503624,0.229843,10.751146,18.251512,3152.33659,healthy,0,0,0,0,5.145706,-0.023453,-0.319438,0.721533,-0.712626,-0.213052,-0.001274,-0.025712,1.0,199.73
55,taxi,3635.418519,65.563626,62.216797,96.824915,166.09831,644.004254,19.913913,0.229602,10.571267,18.699719,3229.086887,healthy,0,0,0,0,1.223613,0.112033,-0.208757,-0.001321,-2.175987,0.056405,0.004824,0.009427,1.0,199.725
56,taxi,3608.336256,64.336076,62.546631,97.436368,167.162529,640.491179,19.564605,0.227962,10.852326,19.080343,3266.991652,healthy,0,0,0,0,-3.591981,-0.344608,0.628183,-0.070562,-1.540533,0.324831,0.002314,0.070235,1.0,199.72
57,taxi,3611.54597,64.557923,62.048623,96.456625,165.842717,648.831598,20.028912,0.222388,10.852881,18.300472,3318.565694,healthy,0,0,0,0,-3.823772,-0.609041,0.599957,0.108281,-1.709894,0.169339,-0.002371,-0.066896,1.0,199.715
58,taxi,3628.669588,65.121735,61.379974,96.435319,168.144598,642.3348,19.795321,0.212634,10.766472,18.811794,3494.920047,healthy,0,0,0,0,1.819746,0.46802,-0.194295,1.14791,1.387028,-0.011963,0.004603,0.080076,1.0,199.71
59,taxi,3642.272668,65.012672,61.940485,96.000887,168.205207,640.347193,19.485341,0.231025,11.023991,20.38093,3303.468492,healthy,0,0,0,0,-4.302029,-0.617351,0.546562,-0.168881,-0.668986,0.010402,0.003711,-0.041748,1.0,199.705
60,taxi,3622.822622,64.919951,61.980897,96.831734,164.767328,646.546504,19.405666,0.22914,10.807407,19.060541,3363.140944,healthy,0,0,0,0,2.256912,0.172891,-0.220472,-2.200617,-0.946909,-0.14131,-0.008617,-0.040948,1.0,199.7
61,taxi,3620.939121,64.594437,61.995716,96.014474,167.244514,645.87383,19.763426,0.227117,10.906824,19.244791,3150.455391,healthy,0,0,0,0,4.550497,-0.609638,0.828783,1.071251,1.394347,0.102621,0.000611,-0.029499,1.0,199.695
62,taxi,3620.823464,66.675344,62.554738,96.327108,168.691146,639.787634,19.521589,0.227307,10.598303,18.954633,3318.459782,healthy,0,0,0,0,-4.604858,-0.020381,-0.404721,-0.673635,-0.841677,0.140544,0.000132,0.088362,1.0,199.69
63,taxi,3591.492831,65.444153,61.520889,96.383823,166.775255,647.020409,19.615118,0.221725,10.593423,19.725724,3266.522735,healthy,0,0,0,0,1.785294,0.503508,-0.39051,0.731096,0.067559,-0.087695,0.006097,0.075887,1.0,199.685
64,taxi,3657.734771,66.710176,61.868009,96.170668,167.386602,648.54151,19.517028,0.224016,10.723032,18.168722,3216.987137,healthy,0,0,0,0,2.10733,-0.063586,-0.227972,-0.125016,-4.041539,0.146037,0.000155,-0.057849,1.0,199.68
65,taxi,3597.90323,64.417898,61.888971,96.582811,168.958936,641.494796,19.793199,0.229298,10.614031,19.97337,3188.626794,healthy,0,0,0,0,3.950741,-0.133118,-0.210027,0.133419,0.670883,-0.151219,-0.002984,-0.124275,1.0,199.675
66,taxi,3624.67146,65.090288,62.10456,96.320903,167.258131,642.977468,19.860103,0.226996,10.616748,17.758719,3248.224511,healthy,0,0,0,0,-1.530257,0.098872,-0.140465,0.767228,-1.02677,0.081513,-0.002583,0.221151,1.0,199.67
67,taxi,3595.416524,64.056582,61.391236,96.521531,166.879819,645.516068,20.139901,0.219308,10.755553,18.494632,3238.152274,healthy,0,0,0,0,2.486943,0.298712,0.734758,-0.172715,-1.254873,0.191113,0.002395,0.021006,1.0,199.665
68,taxi,3608.504166,64.113413,61.844046,95.874452,165.55088,641.417826,19.579368,0.226482,10.661829,16.942512,3169.49123,healthy,0,0,0,0,-4.66649,-0.52925,-0.180116,1.594596,-1.274428,-0.072937,-0.009181,-0.023209,1.0,199.66
69,taxi,3630.737885,64.744056,61.349623,95.625775,167.969913,647.609138,19.60704,0.227595,10.689867,18.75038,3400.810908,healthy,0,0,0,0,-1.409056,0.34548,-0.823751,0.144443,-1.872941,-0.041847,-0.007124,-0.138479,1.0,199.655
70,taxi,3615.686798,64.842871,61.791672,96.805344,166.248725,646.737625,19.716165,0.232185,10.820923,19.823949,3143.776818,healthy,0,0,0,0,-4.056387,0.281296,-0.495727,-0.267831,-1.437508,0.0493,-0.004802,0.114188,1.0,199.65
71,taxi,3597.819748,64.726373,61.989234,96.462191,167.178795,644.57809,19.873553,0.226148,10.847726,19.166138,3311.020681,healthy,0,0,0,0,4.166686,-0.293646,0.190387,0.100711,-0.570404,0.195068,-0.001078,-0.074845,1.0,199.645
72,taxi,3596.663749,65.185348,62.453853,96.203121,165.49199,643.458902,19.688639,0.220252,10.818199,17.282072,3281.304932,healthy,0,0,0,0,-3.69115,0.203984,0.280115,-0.18309,3.100796,0.004596,0.007239,0.320562,1.0,199.64
73,taxi,3586.520027,63.478859,62.502828,96.010422,167.762313,642.152624,19.924794,0.228126,10.794486,18.490977,3294.272804,healthy,0,0,0,0,2.399591,-0.08731,0.46409,0.68835,0.004653,0.032836,0.001801,-0.026543,1.0,199.635
74,taxi,3601.23296,65.585937,62.649394,96.906473,168.444269,645.059519,19.594507,0.22793,10.867376,19.728115,3346.271368,healthy,0,0,0,0,1.173774,-0.027543,-0.642943,0.628623,-2.16089,-0.00999,0.004389,0.088934,1.0,199.63
75,taxi,3628.692117,65.775303,62.46225,96.7614,166.165327,646.665659,19.488652,0.225995,10.84457,18.59651,3388.515248,healthy,0,0,0,0,0.91046,-0.198255,-0.688851,0.254675,-1.483184,0.075681,0.001566,-0.152394,1.0,199.625
76,taxi,3626.819602,66.127048,61.256786,96.334664,167.193583,643.523384,19.693478,0.225545,10.763384,18.539137,3237.654458,healthy,0,0,0,0,3.760718,0.282213,-0.530425,-0.038621,-0.543891,-0.027369,0.005418,0.055631,1.0,199.62
77,taxi,3602.579178,64.703063,61.495235,96.285366,165.589363,647.43616,19.793491,0.221527,10.911961,19.718217,3189.288763,healthy,0,0,0,0,-5.425479,-0.27604,-0.205039,-0.227668,2.515358,0.043326,-0.003739,-0.048158,1.0,199.615
78,taxi,3600.29941,64.630326,61.825737,97.238204,166.29177,644.01347,19.893609,0.222371,10.769593,19.261309,3404.437553,healthy,0,0,0,0,1.420379,0.248264,0.386919,-0.748316,-0.562591,-0.01538,0.001487,0.0569,1.0,199.61
79,taxi,3628.963442,64.018034,61.204528,97.007638,167.003289,645.571781,19.414776,0.21887,10.940409,18.289888,3186.850545,healthy,0,0,0,0,5.50429,0.438656,0.490981,-0.219189,0.619338,-0.080705,0.009667,0.005306,1.0,199.605
80,taxi,3662.545587,65.08544,61.894943,96.713877,166.422917,645.42655,19.872443,0.214793,10.972523,18.662426,3237.344719,healthy,0,0,0,0,0.500132,0.255251,-0.475259,-0.984639,0.702975,-0.051525,0.004347,0.0043,1.0,199.6
81,taxi,3626.783578,64.419606,62.44709,97.801089,167.495453,640.274165,19.775499,0.242934,11.004027,18.894225,3233.847688,healthy,0,0,0,0,-1.308101,-0.049128,-0.32643,-1.37085,-1.050951,0.041766,0.011548,0.041049,1.0,199.595
82,taxi,3618.096537,64.846112,61.821045,96.593807,166.990088,644.247129,19.81131,0.229473,10.877832,18.748764,3191.911238,healthy,0,0,0,0,-0.604532,0.308097,0.603748,0.122526,0.586922,-0.121326,-0.004008,0.037754,1.0,199.59
83,taxi,3644.312567,62.473805,62.22687,96.470295,164.915668,645.19226,19.734868,0.220024,10.670774,18.878987,3265.33325,healthy,0,0,0,0,-0.345687,0.660635,-0.175622,0.366379,2.349506,0.055152,0.002475,-0.03308,1.0,199.585
84,taxi,3629.516423,67.039956,61.367396,96.814864,169.233686,641.789577,19.872855,0.225574,10.811467,20.029653,3191.68195,healthy,0,0,0,0,-0.737114,0.046745,-0.900886,-0.339095,1.719819,0.051104,0.008766,0.084905,1.0,199.58
85,taxi,3641.235317,64.036699,60.546296,96.326247,166.488656,643.87764,19.802912,0.219376,10.910754,19.192917,3341.529936,healthy,0,0,0,0,1.588736,0.93195,-0.001057,-1.361178,0.147444,-0.202808,0.003582,0.00187,1.0,199.575
86,taxi,3622.569738,64.940572,61.748382,96.583923,167.574085,637.620227,19.644986,0.225444,11.256933,19.228027,3224.180051,healthy,0,0,0,0,5.927205,0.498714,-0.889093,0.387089,0.772413,-0.172958,-0.006242,0.009249,1.0,199.57
87,taxi,3625.185056,66.078637,61.421261,96.032856,167.729651,645.088915,19.699421,0.232861,10.949782,18.537034,3201.832865,healthy,0,0,0,0,5.421261,-0.576284,0.627328,-0.986168,0.522027,-0.187698,0.000809,0.024779,1.0,199.565
88,taxi,3623.571828,65.760467,61.509871,96.464071,167.05297,643.486613,20.096783,0.226356,10.734898,19.039314,3184.12866,healthy,0,0,0,0,0.243706,0.033813,0.790213,-0.038788,0.76643,0.034231,-0.007384,0.018042,1.0,199.56
89,taxi,3634.6883,67.176915,62.087832,96.255215,167.139684,643.182766,19.89004,0.220685,10.927,20.195749,3327.11105,healthy,0,0,0,0,2.549806,-0.195992,0.941623,0.689415,-2.462158,-0.102905,0.00716,0.025992,1.0,199.555
90,takeoff,4225.48797,93.357283,62.036518,96.770632,198.916774,741.827277,26.646796,0.235044,16.679313,18.420394,3281.713021,healthy,0,0,0,0,3.947611,0.436241,0.314141,1.581185,0.011309,0.23077,0.001646,-0.06944,1.0,199.55
91,takeoff,4222.322879,93.894132,61.938345,97.167389,198.266743,744.058496,26.709962,0.227598,16.766534,18.921331,3352.321449,healthy,0,0,0,0,-3.892739,-0.664333,-0.03202,0.22027,-0.358233,-0.252287,0.001284,0.020796,1.0,199.545
92,takeoff,4248.13827,95.211479,61.378257,95.268939,196.766708,745.975184,26.572824,0.22324,16.62095,18.122619,3271.971514,healthy,0,0,0,0,3.244503,0.579946,0.80763,-0.280481,1.905515,0.352752,-0.005505,-0.171992,1.0,199.54
93,takeoff,4208.84048,95.040501,61.512246,96.782069,195.980324,745.267021,26.587792,0.22736,16.779279,19.413374,3289.068932,healthy,0,0,0,0,-2.9672,-0.406824,0.10566,-0.189141,1.062549,0.096707,-0.002926,-0.074514,1.0,199.535
94,takeoff,4240.633879,95.255258,62.506132,96.901319,197.622698,747.451842,26.678058,0.226361,16.516311,18.763509,3292.270651,healthy,0,0,0,0,-0.581354,-0.446617,-0.070391,0.063096,1.455635,-0.207924,7.9e-05,-0.000952,1.0,199.53
95,takeoff,4194.536877,95.618551,61.769492,97.459107,196.400003,746.576197,26.75331,0.232843,16.969246,18.922308,3221.562436,healthy,0,0,0,0,-4.658311,0.167296,0.638323,0.224798,3.088003,-0.166974,0.000741,-0.045884,1.0,199.525
96,takeoff,4219.340995,93.2294,61.570481,96.462814,197.683572,742.520608,26.689474,0.22603,17.150922,20.219678,3298.021441,healthy,0,0,0,0,1.206432,0.118567,0.881834,-0.242559,-1.951085,0.027058,0.00251,-0.064691,1.0,199.52
97,takeoff,4211.765484,94.23315,61.765796,97.211233,195.805316,743.472259,26.455216,0.233701,16.929276,17.897513,3293.925195,healthy,0,0,0,0,5.196149,-0.141799,-0.297915,-0.438722,-1.07498,0.207992,0.000982,-0.048576,1.0,199.515
98,takeoff,4196.156507,95.668865,62.36889,96.792142,196.704656,742.964048,26.764261,0.220783,16.820035,17.281064,3308.653335,healthy,0,0,0,0,4.970398,-0.090835,-0.233597,-0.126031,-0.246831,0.117476,0.005276,-0.023322,1.0,199.51
99,takeoff,4244.901681,95.362796,61.848626,95.751465,197.989605,746.660279,26.823928,0.220261,16.853534,17.006269,3160.904883,healthy,0,0,0,0,-1.466095,0.833416,-0.750537,0.393085,-0.238596,0.176699,-0.00157,-0.041149,1.0,199.505
100,takeoff,4236.223912,95.324331,61.424452,96.844025,195.296982,743.60991,27.066693,0.219019,16.778561,18.904068,3096.038697,healthy,0,0,0,0,4.199872,-0.107582,0.502552,-0.044995,-2.103038,0.049337,-0.007266,-0.125177,1.0,199.5
101,takeoff,4233.772273,97.466114,62.739054,95.706467,197.194168,740.350885,26.877521,0.225254,17.066571,18.016548,3216.037977,healthy,0,0,0,0,-2.611481,-0.444417,0.675772,1.599357,-4.009165,0.099385,-0.001039,0.098347,1.0,199.495
102,takeoff,4192.195023,94.928335,61.811035,95.621739,196.129971,740.593999,26.727829,0.218849,16.912162,18.616303,3278.563757,healthy,0,0,0,0,-0.322392,0.375095,0.187823,-0.372591,1.327542,0.124758,0.000716,0.071016,1.0,199.49
103,takeoff,4250.967625,96.340478,61.790834,97.422081,198.487599,742.914982,26.618206,0.229066,16.70336,17.765533,3268.32732,healthy,0,0,0,0,-0.896377,0.574971,0.263814,1.055576,0.602001,-0.047562,0.00737,-0.044259,1.0,199.485
104,takeoff,4210.04277,96.583863,61.378483,96.151137,194.916763,743.85008,26.980391,0.232233,16.705423,17.267893,3320.726949,healthy,0,0,0,0,-2.882066,0.902076,0.802126,-0.125945,1.984018,-0.01017,-0.002497,0.022095,1.0,199.48
105,takeoff,4221.978779,93.833782,61.599904,96.075391,199.706735,751.223054,26.666152,0.227981,16.715372,18.324121,3262.375199,healthy,0,0,0,0,0.266129,-0.10564,0.072314,-0.003117,2.332108,-0.017592,-0.001308,0.10389,1.0,199.475
106,takeoff,4227.683848,95.552469,61.390821,96.305039,197.042699,746.716545,26.567555,0.220836,16.778705,18.040828,3196.396206,healthy,0,0,0,0,-0.085776,-0.625353,0.833159,-0.434783,1.965064,-0.158488,0.012174,0.034322,1.0,199.47
107,takeoff,4237.790601,94.262592,62.689596,97.379864,198.659193,745.738724,26.530627,0.227562,16.68567,17.404003,3278.013512,healthy,0,0,0,0,-1.20176,-0.250312,0.913971,-0.144894,0.464224,0.149776,0.001402,0.17067,1.0,199.465
108,takeoff,4247.217466,93.799742,61.644858,96.402657,196.42925,744.818951,26.843593,0.223449,16.932589,19.020434,3253.866594,healthy,0,0,0,0,-2.074658,-0.274367,-0.424864,-0.143791,0.482245,-0.251044,0.00316,0.092253,1.0,199.46
109,takeoff,4212.047551,95.123926,62.906174,96.858721,196.224115,744.973759,26.77405,0.223288,16.939292,19.858427,3254.084677,healthy,0,0,0,0,3.368531,-0.511156,0.440604,1.062443,-0.686594,0.128007,0.002007,0.032699,1.0,199.455
110,takeoff,4243.438603,94.286382,62.66162,96.819598,196.952535,742.865914,26.373951,0.227858,17.061955,17.748599,3392.502997,healthy,0,0,0,0,1.197565,0.068105,-0.040924,-0.058195,1.891595,0.202382,0.00115,0.099282,1.0,199.45
111,takeoff,4200.521118,94.377893,61.348163,96.755465,195.643152,741.877544,26.672873,0.2174,16.937258,20.339517,3239.966941,healthy,0,0,0,0,-1.906737,0.138419,-0.33328,-1.172,0.448475,-0.078759,0.006802,-0.111354,1.0,199.445
112,takeoff,4222.707662,96.528061,62.537504,96.249378,196.503123,743.412875,26.385341,0.223036,16.98483,17.686565,3304.33163,healthy,0,0,0,0,-2.045194,-0.241488,0.496361,-0.226125,0.564609,0.082846,-0.003593,0.003553,1.0,199.44
113,takeoff,4213.138251,94.489282,62.132425,96.984744,197.712356,743.243418,26.917217,0.231172,16.917149,18.860035,3303.634652,healthy,0,0,0,0,3.302013,0.304916,0.321616,-1.805183,-2.858372,-0.052868,0.000785,0.091215,1.0,199.435
114,takeoff,4220.210276,94.475741,61.875798,95.998267,197.959464,741.52669,26.472281,0.230049,16.742446,18.912876,3269.14242,healthy,0,0,0,0,-1.113738,0.570294,-0.049215,0.009377,-0.456253,0.045284,0.006778,0.056924,1.0,199.43
115,takeoff,4223.715909,94.28789,61.968293,95.97712,197.093891,741.230705,26.647303,0.225152,16.746533,18.537764,3337.003153,healthy,0,0,0,0,-1.641225,0.083782,-0.217386,0.5226,1.708683,0.155476,0.004895,-0.059309,1.0,199.425
116,takeoff,4233.583751,94.105198,61.67781,97.353857,196.776218,743.038391,26.693646,0.225163,16.772822,18.518717,3172.599889,healthy,0,0,0,0,3.757492,0.165522,-0.508126,-1.499023,2.842959,0.092563,-0.004928,0.026313,1.0,199.42
117,takeoff,4177.351751,93.44885,61.622105,96.619576,196.678178,743.822829,26.641804,0.226662,16.547544,19.38614,3112.929421,healthy,0,0,0,0,0.205947,-0.64752,-0.649012,0.015892,-1.318486,-0.185156,-0.004118,-0.033494,1.0,199.415
118,takeoff,4225.815983,93.858003,61.802284,97.390159,194.74939,745.173239,26.718634,0.237373,16.691699,21.877978,3305.042253,healthy,0,0,0,0,1.450825,-0.099792,-0.415664,0.364214,-0.978531,0.122868,-0.004486,0.07558,1.0,199.41
119,takeoff,4235.942879,95.903716,61.151692,97.034889,196.257358,743.764241,26.739925,0.220955,17.131872,19.555013,3262.744698,healthy,0,0,0,0,-6.780881,0.182981,-0.038035,2.474215,-1.601753,0.058659,0.004847,-0.099776,1.0,199.405
120,takeoff,4222.905279,94.678168,61.403652,95.688079,196.267906,743.705254,26.715047,0.222588,16.726256,19.236354,3268.086311,healthy,0,0,0,0,-1.408262,0.469255,-0.369181,1.150586,2.27935,0.037888,0.000834,-0.027541,1.0,199.4
121,takeoff,4204.705334,95.480236,61.252382,96.875983,197.373554,744.093605,27.047222,0.221811,17.091209,18.67685,3364.603849,healthy,0,0,0,0,-2.743269,-0.334559,0.53573,-0.849225,3.998366,-0.010895,-0.002031,0.063399,1.0,199.395
122,takeoff,4222.782658,92.818812,61.743983,97.262437,197.102589,744.739661,26.790711,0.227181,16.507578,20.05124,3497.292019,healthy,0,0,0,0,-1.786817,-0.398784,0.449443,0.88229,1.779349,-0.24081,0.00629,0.067847,1.0,199.39
123,takeoff,4232.677865,96.27213,62.178529,95.892191,197.255427,743.021847,26.570803,0.231591,16.703748,20.028707,3148.272868,healthy,0,0,0,0,-3.686587,-0.545941,-0.662143,0.37482,0.159785,0.043483,-0.010638,0.066589,1.0,199.385
124,takeoff,4219.044721,94.432871,62.481206,96.676333,198.438469,743.361991,26.677675,0.219088,16.922952,18.134262,3430.367904,healthy,0,0,0,0,0.374731,0.502564,0.173238,-0.491356,0.793667,0.056363,-0.000328,-0.093533,1.0,199.38
125,takeoff,4207.753059,94.179696,62.049089,95.911586,199.160011,739.789147,26.754109,0.23059,16.897071,19.128364,3229.713918,healthy,0,0,0,0,0.046007,-0.10356,-0.024135,-0.285647,0.277314,-0.085807,-3.8e-05,-0.007665,1.0,199.375
126,takeoff,4217.623797,93.099839,62.108785,96.596062,195.962034,741.61731,26.91536,0.225147,16.892133,17.56901,3348.163894,healthy,0,0,0,0,-0.564345,-0.714562,0.095234,0.167099,-0.951792,-0.284982,-0.004831,0.007366,1.0,199.37
127,takeoff,4198.987375,92.475413,62.145165,96.575152,197.051987,743.125831,26.612218,0.228539,16.933643,19.582948,3157.575476,healthy,0,0,0,0,-1.417361,-0.22112,0.173042,1.212536,3.009779,-0.223258,-0.003099,0.080829,1.0,199.365
128,takeoff,4246.359809,96.427776,62.804306,96.171259,196.150391,742.27243,26.825253,0.218651,17.192424,17.815646,3421.082478,healthy,0,0,0,0,0.463326,-0.02586,0.142484,-0.183794,0.635854,0.284975,-0.000524,0.083041,1.0,199.36
129,takeoff,4220.137417,94.876896,62.163329,96.322121,197.317138,744.027393,26.740513,0.22333,16.947496,20.908761,3338.44403,healthy,0,0,0,0,3.411686,0.128736,-0.16652,0.426153,-0.42162,0.083905,0.002769,0.10711,1.0,199.355
130,takeoff,4221.255417,94.452361,61.754879,95.909442,199.874826,744.510418,27.119436,0.226492,16.801984,15.992719,3142.231144,healthy,0,0,0,0,4.747113,0.672828,0.607026,0.722565,-0.440753,-0.06706,0.005773,0.033073,1.0,199.35
131,takeoff,4213.084299,95.760055,62.404846,96.718399,195.372071,745.134937,26.895161,0.227306,16.93619,17.457929,3237.448291,healthy,0,0,0,0,5.592311,0.676436,0.054821,-1.164836,-0.724468,-0.160081,-0.002749,0.084777,1.0,199.345
132,takeoff,4218.189466,95.304716,62.022305,97.289066,195.888737,749.573528,26.972144,0.216573,17.087948,20.568981,3157.799784,healthy,0,0,0,0,1.315352,0.190943,0.193617,-0.052288,-0.320886,-0.243162,-0.005247,-0.146198,1.0,199.34
133,takeoff,4192.717268,94.953869,62.055347,96.734736,197.407431,744.894819,26.406133,0.223642,16.987271,19.107623,3333.107988,healthy,0,0,0,0,0.293915,-0.265004,0.199045,0.228921,1.526257,-0.157157,0.00597,0.008281,1.0,199.335
134,takeoff,4202.420399,93.993464,62.4611,96.738415,200.044933,742.788272,26.68024,0.228593,16.944983,20.793759,3360.674453,healthy,0,0,0,0,2.60743,-0.453675,0.086664,-0.302824,2.481926,-0.136648,-0.003,0.054889,1.0,199.33
135,takeoff,4226.257174,95.139145,62.397375,96.009474,197.224224,742.528282,26.561592,0.218963,16.724307,18.657579,3189.219039,healthy,0,0,0,0,-2.523166,-0.001863,-0.544922,0.204326,-1.34792,-0.044037,-0.00051,-0.003818,1.0,199.325
136,takeoff,4215.668032,93.920912,61.63608,97.390192,196.852754,744.84024,26.853569,0.221489,16.695769,17.834107,3321.392357,healthy,0,0,0,0,4.083595,-0.034427,0.450707,-0.248864,0.303857,-0.009211,-0.001921,-0.086331,1.0,199.32
137,takeoff,4225.244014,95.033895,61.467028,97.058627,198.563867,744.357123,26.854105,0.228082,16.619665,18.367657,3414.503918,healthy,0,0,0,0,-0.300423,-0.025217,0.085803,-0.773984,-1.329647,0.144314,-0.002209,-0.076366,1.0,199.315
138,takeoff,4244.93357,96.094614,62.155361,96.837282,195.818708,743.372832,27.000906,0.235103,16.968833,17.034354,3255.485175,healthy,0,0,0,0,2.925381,0.369564,-1.029635,-0.333242,0.217422,0.255843,0.002652,0.007665,1.0,199.31
139,takeoff,4202.575244,97.165628,61.599203,97.19692,195.876269,741.21348,26.692965,0.228183,16.94583,19.265386,3293.012531,healthy,0,0,0,0,-5.719093,0.170349,0.350183,-0.197181,-1.84857,-0.092392,0.000179,0.142024,1.0,199.305
140,takeoff,4216.180552,96.030598,61.379317,96.691686,197.89772,741.519673,26.475577,0.226603,17.026052,16.870672,3170.957242,healthy,0,0,0,0,-2.82779,-0.006666,0.325221,-0.057157,1.172195,0.093718,-0.004302,0.071257,1.0,199.3
141,takeoff,4239.948866,95.911292,61.845828,95.992882,196.761963,744.379365,26.616668,0.227866,16.761571,18.195839,3437.042893,healthy,0,0,0,0,-3.984543,0.31546,-0.207487,0.135,0.020246,0.024209,-0.005775,0.072319,1.0,199.295
142,takeoff,4210.083505,95.232833,62.218165,96.550912,196.972643,742.29498,26.645066,0.212237,17.117722,20.269765,3386.750614,healthy,0,0,0,0,0.545096,-0.425787,0.348924,-0.973816,-1.758255,-0.363345,0.012783,0.042804,1.0,199.29
143,takeoff,4217.470326,95.395841,61.689724,96.416163,197.469581,743.018214,26.247379,0.226039,16.93658,18.631043,3205.040476,healthy,0,0,0,0,-5.50055,0.258494,-0.287984,0.994046,0.273149,0.117555,0.002339,0.0146,1.0,199.285
144,takeoff,4222.611886,95.44218,61.791129,96.785908,196.672926,748.585545,26.677602,0.21623,16.796829,19.193877,3263.684691,healthy,0,0,0,0,1.1752,0.28434,-0.568456,0.609004,0.136204,-0.06243,0.001181,-0.158856,1.0,199.28
145,takeoff,4232.611569,94.16921,61.859945,96.459756,197.212243,745.834216,26.676724,0.225942,16.900833,20.0224,3360.952015,healthy,0,0,0,0,-1.375845,-0.020519,-0.45416,1.237725,1.623535,-0.061318,0.005828,-0.068605,1.0,199.275
146,takeoff,4189.37584,91.066736,62.668727,97.399121,197.93878,745.399049,26.873535,0.228022,16.82677,17.466663,3453.89041,healthy,0,0,0,0,-0.404172,-0.246451,-0.483348,-0.069228,-0.765375,0.049172,-0.006614,0.125488,1.0,199.27
147,takeoff,4196.999849,94.843748,62.706979,97.398538,197.057525,749.494086,27.133315,0.230341,16.836247,18.815996,3075.143276,healthy,0,0,0,0,4.336752,-0.17436,-0.299212,0.33595,-1.391388,-0.10578,-0.006468,0.113615,1.0,199.265
148,takeoff,4205.69822,93.409111,61.651251,96.610491,196.694453,745.554814,26.661061,0.222673,17.043673,17.265471,3304.410277,healthy,0,0,0,0,1.435821,-0.537195,-0.967214,-0.208646,-2.35185,-0.090587,-0.001969,0.051084,1.0,199.26
149,takeoff,4225.088308,94.912692,61.999912,96.401158,194.567957,742.693688,27.049715,0.232383,16.98941,17.610295,3280.916616,healthy,0,0,0,0,1.853508,0.006834,-1.003276,-0.985936,1.185021,-0.117367,-0.005453,0.165279,1.0,199.255
150,takeoff,4210.739949,93.396772,62.649729,96.092737,198.177446,741.19481,26.357029,0.225055,16.77709,18.336564,3426.584744,healthy,0,0,0,0,1.987095,0.912462,0.122551,0.769836,0.102203,0.192153,0.000267,-0.025391,1.0,199.25
151,takeoff,4229.849355,95.534253,61.454933,97.348426,198.495001,747.167141,26.81791,0.218195,16.883849,19.400901,3281.13006,healthy,0,0,0,0,1.803466,-0.358419,1.068355,0.265908,-1.649401,0.424456,0.003269,0.161732,1.0,199.245
152,takeoff,4197.194421,97.754572,61.764012,96.954035,199.194573,745.119153,26.494177,0.21829,16.713664,18.456724,3268.363012,healthy,0,0,0,0,-3.56178,0.044482,0.061846,-0.712931,-1.843427,0.016292,-0.002862,0.138172,1.0,199.24
153,takeoff,4223.633963,95.377277,61.697313,97.43251,197.299239,742.679261,26.643846,0.2165,17.098429,18.047041,3186.26765,healthy,0,0,0,0,-7.674714,-0.722224,-0.215466,1.291825,-0.188979,0.249582,-0.003998,-0.119115,1.0,199.235
154,takeoff,4192.331828,96.018808,61.824311,96.503711,196.455544,742.128702,26.579601,0.230903,16.684662,20.699399,3352.137861,healthy,0,0,0,0,-3.081521,0.728366,-0.174476,0.836327,-0.178302,-0.390929,-0.001481,0.000471,1.0,199.23
155,takeoff,4221.313052,96.162154,62.616965,96.744716,198.732195,742.829298,26.828964,0.223793,16.588486,17.820426,3209.100302,healthy,0,0,0,0,4.700202,0.580535,0.608877,-0.783312,-1.194444,-0.08227,-0.001918,0.055424,1.0,199.225
156,takeoff,4209.090302,94.713802,61.579472,97.0925,198.846588,742.221541,26.569781,0.214629,16.641583,17.482981,3155.465341,healthy,0,0,0,0,-3.762549,-0.58558,0.108138,-0.297978,0.138798,-0.028858,1.4e-05,0.002614,1.0,199.22
157,takeoff,4208.162778,94.233879,63.36192,97.825282,198.965532,743.841991,26.712046,0.223808,16.908081,18.743201,3310.821777,healthy,0,0,0,0,4.846196,0.237176,-0.302509,-0.548515,-1.234445,-0.137787,-0.010514,-0.098111,1.0,199.215
158,takeoff,4218.963562,95.985418,62.670091,97.047542,195.38868,743.168558,26.787789,0.230378,16.819325,18.05947,3285.757565,healthy,0,0,0,0,-0.071231,-0.41164,-0.638477,-0.720687,0.014861,0.102612,0.003791,-0.029549,1.0,199.21
159,takeoff,4192.089709,95.78899,60.581486,96.490969,196.480287,751.947329,26.895072,0.226792,16.839332,18.931766,3277.072893,healthy,0,0,0,0,1.684065,-0.100153,-0.581009,0.493742,0.323089,0.066225,0.00342,0.04781,1.0,199.205
160,takeoff,4229.228686,93.612762,62.067761,96.737574,198.642617,744.04016,26.665761,0.228249,17.129115,18.984755,3161.303792,healthy,0,0,0,0,1.669026,0.379392,-0.527458,-1.095667,-0.10813,-0.108665,-0.003484,-0.080294,1.0,199.2
161,takeoff,4219.307201,92.57351,61.881825,97.46193,198.489638,745.54328,26.924931,0.222939,16.873743,19.963011,3119.907676,healthy,0,0,0,0,-1.645189,-0.536649,0.358999,-0.514519,0.226002,0.014419,0.003787,0.017429,1.0,199.195
162,takeoff,4228.055307,94.711736,62.653518,97.390548,197.209249,748.791137,26.762876,0.230536,16.790467,19.775039,3187.361593,healthy,0,0,0,0,1.802569,-0.580869,-0.123381,0.323512,-0.452545,-0.015486,-0.002358,-0.046202,1.0,199.19
163,takeoff,4234.515147,95.131175,61.569383,95.830781,198.35134,742.764152,26.712942,0.226305,16.906354,19.624512,3314.084878,healthy,0,0,0,0,-0.176144,-0.027493,0.570481,0.948342,-0.114733,0.208578,-0.000682,0.101486,1.0,199.185
164,takeoff,4207.376258,95.315002,61.707219,97.708933,197.486804,747.038608,26.813814,0.218564,16.621454,18.043805,3306.964846,healthy,0,0,0,0,1.593088,-0.937714,-0.158444,0.251173,1.379934,-0.341109,0.010242,-0.065483,1.0,199.18
165,takeoff,4199.942165,94.016071,61.448833,96.546177,197.691694,748.613499,26.944584,0.231667,17.012276,19.172695,3102.540744,healthy,0,0,0,0,-1.778578,0.39657,-0.228094,0.304349,-5.514446,0.022208,-0.008772,0.036871,1.0,199.175
166,takeoff,4187.93323,96.18421,61.952333,95.871829,199.859049,746.183843,26.7215,0.226607,16.887316,18.237971,3166.943334,healthy,0,0,0,0,-0.928311,-0.35558,-0.141992,-0.583694,-2.217995,-0.349624,0.001767,0.043679,1.0,199.17
167,takeoff,4192.586143,94.351654,62.016454,95.984143,198.509426,742.698299,26.472593,0.219459,16.790797,16.21537,3112.161406,healthy,0,0,0,0,0.698626,-0.041707,-0.652674,-0.906157,0.551962,0.136096,-0.000442,-0.174308,1.0,199.165
168,takeoff,4210.856229,96.758938,61.857657,95.982983,197.457634,743.014834,26.993381,0.236902,16.857925,19.560343,3380.60384,healthy,0,0,0,0,-3.266899,-0.490082,-0.277528,-0.048765,-0.904903,0.135261,-0.000378,0.061846,1.0,199.16
169,takeoff,4222.092272,94.917188,62.399228,96.269692,195.233469,745.680496,26.674168,0.232593,16.994572,19.723629,3176.216577,healthy,0,0,0,0,0.408732,0.040982,-0.280386,0.864045,-1.298204,0.012443,-0.006915,0.002609,1.0,199.155
170,takeoff,4193.856571,94.446965,61.462973,96.97287,196.20058,744.03646,26.580817,0.227751,16.873538,19.062008,3252.341538,healthy,0,0,0,0,1.034962,-0.418531,-0.305436,-1.472647,-0.702998,0.151976,0.003424,-0.024077,1.0,199.15
171,takeoff,4251.311332,95.562123,62.261714,95.628608,194.76773,741.394928,26.757114,0.226432,16.830532,18.341522,3354.569314,healthy,0,0,0,0,0.966499,-0.257822,-0.159687,-0.035943,-3.681376,-0.078702,0.004423,0.022017,1.0,199.145
172,takeoff,4217.95274,96.043675,62.590115,95.776841,197.48943,740.721383,26.728108,0.216381,16.881857,17.817512,3258.842843,healthy,0,0,0,0,5.010603,0.093238,-0.853132,0.249526,-0.303725,-0.000152,0.00414,0.113431,1.0,199.14
173,takeoff,4234.892425,94.582114,61.653008,96.59574,197.036561,745.022619,26.972232,0.23079,17.040984,19.654504,3224.591794,healthy,0,0,0,0,1.599854,-0.597953,-0.503442,0.232135,-1.198178,0.268813,0.000232,-0.02779,1.0,199.135
174,takeoff,4239.393931,94.623801,61.704542,95.952849,197.101838,742.789241,26.801781,0.218272,16.942607,19.938747,3120.498512,healthy,0,0,0,0,-6.056,-0.814257,-0.475718,-1.311517,0.921437,0.211474,-0.00332,0.008974,1.0,199.13
175,takeoff,4211.941379,93.617571,62.519251,97.026472,194.615091,745.209659,26.678128,0.224882,17.117647,19.17683,3351.306012,healthy,0,0,0,0,1.303972,-0.907339,0.38609,-0.188428,-0.013713,-0.207958,0.011791,0.040276,1.0,199.125
176,takeoff,4223.742431,94.798194,61.400062,96.823816,197.426327,747.006141,26.638219,0.228836,17.19136,19.249702,3316.823936,healthy,0,0,0,0,6.025584,0.58848,-0.258376,0.792031,0.20542,0.343221,-0.004655,0.032011,1.0,199.12
177,takeoff,4248.134823,94.499385,61.825826,96.216026,196.602095,741.541852,26.606005,0.226999,16.988754,20.002766,3207.772652,healthy,0,0,0,0,-0.531556,0.405704,0.697826,0.348043,1.363363,-0.129108,-0.004243,-0.060199,1.0,199.115
178,takeoff,4242.048053,95.504152,62.378431,96.907517,197.593472,741.527009,26.704733,0.223692,16.848466,20.458154,3172.313059,healthy,0,0,0,0,0.599729,-0.152132,0.454933,0.009255,-3.26521,0.085142,0.003834,0.033503,1.0,199.11
179,takeoff,4213.860508,94.213115,61.186476,95.957282,199.500318,750.030293,26.633515,0.223832,16.932359,17.790086,3463.425079,healthy,0,0,0,0,-4.921586,0.052846,-0.792067,0.185992,-0.942913,-0.001667,-0.007559,-0.035075,1.0,199.105
180,cruise,3816.408704,76.192983,62.027126,95.98555,177.594561,686.340008,22.713139,0.227145,12.670915,17.020499,3178.856968,healthy,0,0,0,0,0.234452,-0.184806,0.322737,1.071002,2.154114,0.006816,0.004126,0.101504,1.0,199.1
181,cruise,3827.256062,75.554982,62.550872,97.071476,177.015729,683.223051,22.765382,0.227988,12.768244,20.530252,3241.561231,healthy,0,0,0,0,4.711423,-0.714911,0.525334,-0.151953,1.300856,-0.00414,-0.005096,-0.085016,1.0,199.095
182,cruise,3821.415724,74.009832,62.678406,96.582954,177.270983,688.56149,22.95219,0.228624,12.82718,18.791174,3244.343774,healthy,0,0,0,0,-2.682209,0.081507,-0.151762,0.173046,-0.342321,0.287295,-0.001276,0.101166,1.0,199.09
183,cruise,3831.413154,74.044459,61.115679,96.75679,177.214313,680.904757,22.654546,0.227692,12.90434,18.24044,3476.467145,healthy,0,0,0,0,-1.720644,-0.139979,-0.598132,0.509875,-2.650666,0.042168,0.00107,-0.147071,1.0,199.085
184,cruise,3789.160796,75.045371,62.27863,96.902985,175.472404,686.188383,22.629043,0.229513,12.764401,18.672146,3169.289206,healthy,0,0,0,0,2.422955,0.550558,-0.266883,0.073857,0.045781,0.164843,-0.010766,0.210866,1.0,199.08
185,cruise,3832.614927,75.216706,61.66092,96.64231,178.661241,683.511868,22.782508,0.223107,12.910918,18.693827,3297.456134,healthy,0,0,0,0,-2.218517,0.906806,0.047444,1.320527,-1.450411,-0.103221,0.000851,0.079978,1.0,199.075
186,cruise,3839.25235,75.460894,61.587373,97.037997,175.552462,686.032519,22.71999,0.220851,12.866549,18.560134,3250.159901,healthy,0,0,0,0,-4.962176,0.448423,-0.308904,0.076626,-0.899483,-0.10198,-0.004731,0.040195,1.0,199.07
187,cruise,3802.475865,74.052545,61.937595,96.657662,176.66482,682.793943,23.090015,0.222609,13.058133,19.653012,3175.338673,healthy,0,0,0,0,-2.030679,-1.085694,0.578891,0.049518,-1.673574,0.036225,-0.001272,-0.068398,1.0,199.065
188,cruise,3806.918415,75.543298,61.717579,95.790683,176.498687,685.05377,22.707995,0.225576,13.025352,17.613918,3207.576514,healthy,0,0,0,0,5.444673,0.417355,0.048241,-0.11478,-0.018239,-0.149286,0.00144,-0.030736,1.0,199.06
189,cruise,3842.350849,74.914671,61.911359,96.632467,177.919709,684.408153,22.866604,0.231824,12.878488,19.56735,3278.994593,healthy,0,0,0,0,3.536538,0.050679,-0.120599,0.920981,0.587999,0.165741,-0.000342,0.0286,1.0,199.055
190,cruise,3841.506255,74.928368,61.537858,96.812313,176.58853,689.110761,23.138468,0.219072,12.544585,18.942152,3269.831248,healthy,0,0,0,0,-2.70878,0.483342,0.138925,1.625221,-2.310642,-0.31635,-0.001431,0.002202,1.0,199.05
191,cruise,3803.505433,75.49187,62.372361,96.435756,176.680741,685.096674,22.780087,0.227967,12.799681,19.028417,3208.673999,healthy,0,0,0,0,-2.873599,-0.763347,0.523548,0.667596,-0.446738,0.006758,-0.006174,-0.047768,1.0,199.045
192,cruise,3800.773659,74.506755,61.966912,96.788005,177.533138,682.637629,22.790925,0.236922,12.928617,18.199618,3307.482788,healthy,0,0,0,0,-4.453429,-0.479326,0.273809,-1.345793,0.266845,-0.273276,-0.003498,0.039142,1.0,199.04
193,cruise,3846.705217,72.899455,61.575015,96.681497,176.34076,687.567211,22.688568,0.225585,12.636489,18.045934,3195.315625,healthy,0,0,0,0,-2.711797,0.367445,0.500945,0.130486,-2.854253,-0.311474,-0.011158,0.077254,1.0,199.035
194,cruise,3867.222954,74.358667,61.673423,97.219093,175.31137,684.197064,22.735294,0.227095,12.710727,18.198835,3251.765657,healthy,0,0,0,0,-1.30605,-0.375132,0.040502,1.479132,-0.942282,-0.075839,-0.001512,0.131286,1.0,199.03
195,cruise,3820.772731,74.709135,62.224932,96.306452,176.853265,684.261155,22.833451,0.213083,12.845808,18.813534,3268.503996,healthy,0,0,0,0,2.185694,0.311555,-0.207156,1.900755,0.814293,-0.136683,-0.007904,-0.002086,1.0,199.025
196,cruise,3823.21787,73.598648,61.253499,96.218818,176.170856,683.145887,22.569396,0.223143,12.725729,17.476829,3235.134251,healthy,0,0,0,0,1.629847,-0.625437,-0.072748,-0.246932,0.289577,0.351845,0.00624,0.118911,1.0,199.02
197,cruise,3817.164754,75.602953,61.306837,95.774078,177.818949,686.912238,22.590309,0.239702,12.965372,19.901833,3319.881204,healthy,0,0,0,0,2.446602,-0.704394,0.825674,-0.454779,-1.228986,0.053908,0.003644,-0.023981,1.0,199.015
198,cruise,3805.907423,76.096819,61.569299,97.195635,177.951585,679.832367,22.930753,0.22793,12.733152,20.209987,3255.909185,healthy,0,0,0,0,-2.817449,-0.421416,-0.420184,-0.369213,0.89734,0.194543,-0.000311,-0.038353,1.0,199.01
199,cruise,3823.555783,74.016651,62.47085,96.799406,176.025762,684.393694,22.534316,0.214816,12.704026,18.664973,3204.686041,healthy,0,0,0,0,6.638246,-0.134414,0.383934,-2.704644,2.252349,-0.024125,0.004017,-0.042268,1.0,199.005
200,cruise,3812.628051,74.499295,62.019939,96.587125,177.217961,681.376154,22.54789,0.238395,13.040384,19.430011,3242.818908,healthy,0,0,0,0,-0.020941,0.414224,0.143876,-1.572668,-2.255254,-0.057286,0.002137,-0.068496,1.0,199.0
201,cruise,3819.286963,74.425209,61.718604,96.631758,176.655867,685.571934,22.806015,0.227007,12.708666,18.691944,3161.68666,healthy,0,0,0,0,-0.518035,-0.086944,0.016643,-0.139141,0.989194,-0.072472,-0.004674,0.092134,1.0,198.995
202,cruise,3808.677647,74.592239,61.137978,97.376356,177.66719,684.507425,22.667499,0.231894,12.82221,19.966808,3220.618677,healthy,0,0,0,0,0.474576,0.202526,0.09248,-0.700227,-2.401741,0.195454,-0.000298,-0.071925,1.0,198.99
203,cruise,3823.723596,76.999343,62.463191,96.783855,177.558182,686.687565,23.079312,0.22587,12.864611,18.787647,3115.490788,healthy,0,0,0,0,-4.583942,0.224291,-0.372306,1.50221,0.290122,-0.238791,0.005329,-0.08884,1.0,198.985
204,cruise,3834.170466,75.06179,61.856139,96.474285,177.933935,683.149736,22.730123,0.221207,13.049332,18.517015,3256.338849,healthy,0,0,0,0,-3.339041,-0.108948,0.74348,-0.707626,0.557972,-0.028559,-0.00213,0.030236,1.0,198.98
205,cruise,3847.775929,75.891456,60.937258,96.202947,177.052119,690.982669,22.972445,0.220982,13.016321,18.042015,3176.398562,healthy,0,0,0,0,4.62609,0.347913,-0.155019,-0.397484,-0.554299,0.077732,-0.004402,-0.032982,1.0,198.975
206,cruise,3819.326716,73.388703,62.331765,96.188026,176.041998,686.642156,22.438046,0.223263,12.890793,17.32107,3242.913238,healthy,0,0,0,0,1.750027,-0.300377,0.238767,-0.605469,-0.291395,-0.144193,0.001875,0.085074,1.0,198.97
207,cruise,3845.399007,72.549256,62.153559,98.109012,175.524007,685.689742,22.503753,0.234878,12.979274,18.80598,3237.16529,healthy,0,0,0,0,-7.921463,-0.000482,-0.18692,-0.547807,-0.575931,-0.016383,-0.003942,0.022959,1.0,198.965
208,cruise,3797.952821,76.326434,61.413017,96.953622,178.267619,687.615635,22.94369,0.218367,12.836207,19.515633,3238.411165,healthy,0,0,0,0,2.551425,0.284462,-0.229885,-0.012391,-1.698465,0.220304,0.007251,-0.082816,1.0,198.96
209,cruise,3786.50536,75.223648,62.551093,96.439229,176.625983,686.144278,23.246617,0.216104,13.04905,18.1088,3303.305251,healthy,0,0,0,0,1.188337,0.852805,-0.81295,-0.051991,1.84339,0.022924,0.000692,0.057764,1.0,198.955
210,cruise,3851.969321,74.002171,62.169636,96.739859,177.542144,687.91439,22.802148,0.223349,12.879094,20.344846,3318.043543,healthy,0,0,0,0,-2.657396,0.243702,0.050193,-1.547667,2.393229,0.139155,0.000985,-0.016904,1.0,198.95
211,cruise,3827.735437,76.973903,62.427893,97.215781,177.396485,688.091631,22.795297,0.232782,12.704762,18.915953,3146.888075,healthy,0,0,0,0,2.179554,-0.121324,-0.621779,0.087632,1.37663,-0.026148,-0.001226,0.032137,1.0,198.945
212,cruise,3832.293745,76.092043,61.485132,96.430173,175.894205,682.052474,22.81675,0.227038,13.058483,19.344433,3165.796263,healthy,0,0,0,0,0.467081,0.136536,-0.769548,-0.354948,2.050602,0.000328,0.000541,0.090815,1.0,198.94
213,cruise,3806.376019,75.043508,62.584629,96.189979,176.33692,685.864466,22.72907,0.217554,13.144421,18.169348,3293.424764,healthy,0,0,0,0,5.781454,-1.042339,-0.005523,0.800969,0.94057,0.102405,0.001166,-0.132139,1.0,198.935
214,cruise,3825.808058,74.380821,62.214196,96.749814,177.768852,685.010536,23.007792,0.225356,12.732191,19.0752,3396.477491,healthy,0,0,0,0,-2.095848,-0.223573,0.632828,0.683825,0.225067,-0.013039,0.000832,0.093252,1.0,198.93
215,cruise,3811.373289,74.297633,61.780398,96.554877,176.397324,684.0857,22.870734,0.228461,12.652228,19.93142,3173.764084,healthy,0,0,0,0,0.295303,0.086208,-0.028899,1.129823,-0.550044,0.03737,0.004916,0.040577,1.0,198.925
216,cruise,3838.133327,76.822128,61.942058,96.594814,177.726513,684.543494,22.686224,0.217508,12.678244,18.809716,3422.280445,healthy,0,0,0,0,0.583911,0.018335,-0.082486,-0.045544,1.362174,0.096598,-0.000836,-0.059105,1.0,198.92
217,cruise,3775.741126,74.585115,61.344321,96.547752,176.360855,690.302566,22.815083,0.22982,12.905416,17.601979,3243.959914,healthy,0,0,0,0,-3.208496,0.141675,-0.519091,-0.80469,-2.518986,0.002755,-0.002648,-0.110451,1.0,198.915
218,cruise,3798.496178,74.092226,61.708869,96.759217,177.393393,682.777575,22.91427,0.222429,12.639919,18.251096,3252.231055,healthy,0,0,0,0,-0.168733,0.450043,0.753112,-0.520465,-0.924348,-0.072573,0.008945,-0.028436,1.0,198.91
219,cruise,3767.929916,75.677188,62.991899,96.749338,176.559157,685.686257,22.793916,0.224703,12.880903,18.023373,3102.197517,healthy,0,0,0,0,4.234851,-0.460058,0.989463,-0.125237,2.83732,-0.024639,-0.0023,0.063272,1.0,198.905
220,cruise,3819.752754,73.968264,62.116617,96.990109,175.345964,680.065624,22.767961,0.222597,12.786793,19.320298,3253.505196,healthy,0,0,0,0,2.747508,0.050231,0.905452,-0.51616,1.134563,0.0095,0.009852,0.009574,1.0,198.9
221,cruise,3848.905837,74.257117,62.090007,95.730967,177.136935,687.595586,22.843596,0.230785,12.824953,17.688806,3210.548289,healthy,0,0,0,0,0.878715,-0.620014,-0.777954,-0.24935,-0.267506,0.184031,0.003934,-0.011536,1.0,198.895
222,cruise,3830.966718,75.770865,62.005992,96.492085,177.040506,684.012859,23.205723,0.225005,12.733976,19.587214,3315.891875,healthy,0,0,0,0,-2.162728,0.086368,-0.56834,1.415869,-1.982009,0.05114,0.003506,0.058305,1.0,198.89
223,cruise,3821.102428,75.560046,61.813264,96.915915,175.424978,682.839507,22.67186,0.222112,12.908572,18.561065,3159.788693,healthy,0,0,0,0,-3.286659,-0.663988,-0.36759,1.210493,0.954906,-0.045418,0.003216,-0.027168,1.0,198.885
224,cruise,3823.218777,75.437443,61.272421,96.01658,177.52939,685.604676,22.774175,0.235767,12.77993,20.823379,3381.260839,healthy,0,0,0,0,0.855067,-0.179273,0.736336,1.670118,-3.058124,0.25337,-0.004983,-0.040099,1.0,198.88
225,cruise,3849.974283,73.966628,61.965952,96.260557,176.606503,679.302689,22.784412,0.227699,12.95257,19.438993,3346.068251,healthy,0,0,0,0,-0.248672,0.460847,-0.202618,0.007953,-1.672744,-0.096822,0.001368,-0.112824,1.0,198.875
226,cruise,3826.872109,75.134698,61.961597,96.17544,177.173114,688.290201,22.731388,0.2322,12.722497,19.421169,3190.562238,healthy,0,0,0,0,-1.6847,-0.117234,0.050712,0.256265,-0.912662,0.082459,-0.002667,0.048114,1.0,198.87
227,cruise,3852.77248,74.573287,61.520508,97.386479,176.164652,680.257313,22.856787,0.22118,13.019908,19.050225,3289.566204,healthy,0,0,0,0,-1.547133,0.142044,-0.636539,-0.001217,0.633004,0.152387,-0.000162,-0.022313,1.0,198.865
228,cruise,3830.585628,75.532686,62.260229,96.600848,176.057854,685.99013,22.804444,0.219255,12.785193,19.781569,3355.833942,healthy,0,0,0,0,4.797391,-0.161601,0.884795,-0.604209,-1.307142,0.084675,0.007772,-0.030863,1.0,198.86
229,cruise,3818.591565,73.594892,60.943081,97.062196,175.629161,683.199464,22.579253,0.220228,12.822939,19.421446,3318.846309,healthy,0,0,0,0,-0.654546,0.392911,0.156896,-0.071888,0.355419,0.070463,-0.002409,-0.059447,1.0,198.855
230,cruise,3820.225233,75.73531,61.700767,96.837284,178.994043,685.077659,22.736307,0.238181,12.941105,18.184482,3287.116935,healthy,0,0,0,0,2.694626,0.387534,-0.593042,-0.385088,-0.394977,0.047133,-0.004796,0.009498,1.0,198.85
231,cruise,3820.436121,75.312128,60.96723,96.938052,176.775986,689.468298,22.744802,0.227002,13.063397,18.783272,3313.330902,healthy,0,0,0,0,-2.362188,-0.384482,0.376137,0.207436,-1.396651,0.036724,0.000454,0.070398,1.0,198.845
232,cruise,3827.636385,75.89965,61.28118,97.089593,177.914479,678.56289,22.860292,0.224904,12.698825,18.42821,3266.555843,healthy,0,0,0,0,-4.110154,-0.089316,0.320038,-0.140115,-0.600522,0.205224,0.006232,0.055353,1.0,198.84
233,cruise,3827.13095,74.742645,61.865421,96.838631,178.087035,681.157779,22.923969,0.216339,13.013206,18.296496,3201.977102,healthy,0,0,0,0,1.458633,0.0479,0.478571,0.292753,0.567974,0.024295,-0.011028,0.126883,1.0,198.835
234,cruise,3851.718104,75.407851,62.053639,96.447194,178.941594,685.542764,22.637702,0.225524,12.790271,18.046143,3452.475387,healthy,0,0,0,0,0.341269,-0.254237,0.087776,0.001783,0.831271,-0.048537,0.008628,0.064853,1.0,198.83
235,cruise,3825.316575,74.850721,61.818443,97.048765,174.991013,690.049943,22.340642,0.227092,12.776042,18.175041,3232.051905,healthy,0,0,0,0,4.566778,-0.372288,0.194391,-0.512275,1.272514,-0.253374,0.010094,-0.062354,1.0,198.825
236,cruise,3795.691094,75.709342,62.579335,96.589864,175.834636,685.858998,22.399365,0.224902,12.837154,17.989356,3217.237026,healthy,0,0,0,0,2.702513,-0.14104,0.1146,-0.930224,-2.064563,0.078472,0.00023,-0.082258,1.0,198.82
237,cruise,3839.18371,72.352476,61.758138,97.096298,177.802542,680.382196,22.885868,0.219128,12.546118,19.88869,3256.267352,healthy,0,0,0,0,-4.07858,0.367844,0.524981,0.347932,-0.278034,-0.012943,-0.001284,-0.02106,1.0,198.815
238,cruise,3811.265117,75.199625,61.546582,96.265233,177.474182,686.303554,22.692376,0.234125,12.977874,19.094214,3319.364881,healthy,0,0,0,0,3.545007,-0.102674,-0.365318,1.112743,-3.61127,0.303587,-0.000357,0.141774,1.0,198.81
239,cruise,3794.738188,73.682178,62.282225,96.597454,179.80662,681.819308,22.495754,0.235863,12.803935,18.912053,3294.919273,healthy,0,0,0,0,5.765216,0.567448,0.104518,-0.855693,2.783936,0.147628,0.002937,-0.030018,1.0,198.805
240,cruise,3822.706998,75.92786,61.517942,96.264309,175.26427,685.422331,22.892719,0.230039,12.886419,17.121407,3159.215759,healthy,0,0,0,0,-1.276777,0.740488,-0.557237,0.608975,0.947991,-0.064873,-0.007655,0.035796,1.0,198.8
241,cruise,3824.940347,75.282101,62.051789,96.986897,176.685058,686.208603,22.898055,0.23694,12.837836,19.55779,3388.900699,healthy,0,0,0,0,-0.44874,-0.33099,1.112694,-0.339327,0.629856,0.021866,0.00547,0.052989,1.0,198.795
242,cruise,3820.903245,75.755639,62.081305,96.482705,176.935455,684.28511,22.744487,0.233028,13.027539,20.340347,3336.590555,healthy,0,0,0,0,-3.820028,-0.205663,0.588267,1.451918,0.173022,0.195614,0.008578,0.09848,1.0,198.79
243,cruise,3840.029226,75.138415,61.642366,96.377552,178.207164,687.427158,22.652689,0.227352,12.718902,18.135248,3387.645159,healthy,0,0,0,0,3.87077,-0.850101,0.598966,0.565102,0.043766,-0.081108,-0.00228,0.072189,1.0,198.785
244,cruise,3828.842575,72.976564,62.387336,96.357888,177.720825,684.413054,22.586722,0.21815,12.718391,20.610508,3249.654704,healthy,0,0,0,0,0.051895,0.048644,0.013657,0.106409,-0.430368,0.142474,-0.003653,-0.028118,1.0,198.78
245,cruise,3821.735426,74.116403,62.555415,96.00835,179.255435,680.97891,22.858586,0.231069,12.873435,16.364094,3336.595449,healthy,0,0,0,0,-0.963836,0.619927,-0.774498,0.103626,0.090624,-0.054155,0.003995,0.053087,1.0,198.775
246,cruise,3853.605379,75.27047,63.419742,96.159269,174.961668,684.157672,22.81361,0.224169,12.799063,17.111028,3349.932291,healthy,0,0,0,0,-0.579998,-0.062719,-0.909906,0.632941,1.70063,0.193834,0.005705,-0.015837,1.0,198.77
247,cruise,3824.097041,75.927436,61.338367,96.983324,177.572767,687.814315,22.848626,0.224977,12.882645,16.171212,3269.478042,healthy,0,0,0,0,-0.02492,0.329373,-0.643141,-0.163481,-0.487102,-0.005879,0.003416,0.047515,1.0,198.765
248,cruise,3815.921166,75.301136,61.168998,96.699461,177.479764,683.143244,23.012058,0.221159,13.031006,17.623361,3170.638191,healthy,0,0,0,0,2.269438,-0.718035,0.414595,-0.193773,-0.076617,-0.023592,-0.001838,0.063115,1.0,198.76
249,cruise,3824.270256,75.718677,61.713355,95.711985,177.856719,684.92666,22.517746,0.226081,12.646445,18.85993,3340.072179,healthy,0,0,0,0,-0.689843,-0.355108,-0.765585,1.643852,2.366396,0.141519,-0.004452,0.206533,1.0,198.755
250,cruise,3802.426557,74.901188,61.2525,96.875228,176.77983,682.664225,22.570557,0.225166,12.931695,20.763028,3201.437278,vibration_bearing_fault,1,2,250,550,-0.237065,0.008726,0.330905,0.197962,1.56739,0.049841,0.003059,-0.008719,1.0,198.75
251,cruise,3827.1454,72.562624,61.929981,96.587151,176.661788,683.277116,23.214487,0.229525,12.519226,18.380651,3305.595524,vibration_bearing_fault,1,2,250,550,2.00105,0.41833,0.180995,0.498301,1.395276,0.033945,0.004119,-0.046421,0.996309,198.745
252,cruise,3809.264774,72.47402,61.741375,96.494043,177.417668,684.548582,22.893845,0.238202,12.849522,17.443738,3121.273128,vibration_bearing_fault,1,2,250,550,-1.953819,0.090414,0.204616,-0.038539,1.344992,0.045533,0.012207,-0.028619,0.992617,198.74
253,cruise,3808.667827,74.15904,61.493094,95.636652,176.721238,683.381059,22.759608,0.239763,12.939545,18.950371,3219.508541,vibration_bearing_fault,1,2,250,550,-1.719163,-0.458396,0.508249,1.109848,-0.015113,-0.167301,0.006184,-0.079883,0.988926,198.735
254,cruise,3862.492937,75.641986,62.110123,97.191741,175.037891,688.135127,22.639536,0.241587,12.780992,16.917128,3217.003252,vibration_bearing_fault,1,2,250,550,3.114169,1.201175,-1.006404,0.686085,-1.477621,0.076592,0.022429,-0.02288,0.985235,198.73
255,cruise,3812.689658,73.284852,60.898621,96.775449,177.378457,678.212334,22.527623,0.246723,12.8752,17.710597,3268.911347,vibration_bearing_fault,1,2,250,550,-2.547488,-1.094027,-0.217659,-0.416463,1.741356,0.033935,0.016259,0.111641,0.981544,198.725
256,cruise,3816.085287,75.392422,60.801665,97.212057,176.553532,683.91428,22.51082,0.251177,13.099752,19.086927,3459.811618,vibration_bearing_fault,1,2,250,550,2.322807,0.121143,-0.499237,-0.605176,0.28304,-0.117133,0.029173,-0.080987,0.977852,198.72
257,cruise,3831.648021,75.715869,62.960023,97.050157,175.845142,680.794651,22.849671,0.270217,12.89315,19.72814,3352.642582,vibration_bearing_fault,1,2,250,550,-2.91168,-0.141934,-0.420848,1.56686,-2.031341,0.029356,0.03472,0.075276,0.974161,198.715
258,cruise,3838.005353,73.477846,61.482147,97.139357,178.82452,682.097277,22.671125,0.267604,12.567142,19.579779,3248.091124,vibration_bearing_fault,1,2,250,550,-1.67466,-0.375699,-0.110687,-0.681599,0.03824,0.088305,0.03249,-0.107522,0.97047,198.71
259,cruise,3842.665234,75.761013,61.784101,96.63047,177.258662,678.412161,22.954042,0.267533,12.864497,20.462621,3403.538641,vibration_bearing_fault,1,2,250,550,3.766342,0.305473,0.702212,-0.1442,0.577626,-0.273169,0.046932,-0.006754,0.966779,198.705
260,cruise,3819.293767,73.511086,61.136058,96.81237,177.299128,677.63261,22.548682,0.271656,12.901556,18.736549,3402.049804,vibration_bearing_fault,1,2,250,550,-1.558474,0.03517,-0.598766,0.097311,1.078056,0.095061,0.044071,0.073255,0.963087,198.7
261,cruise,3823.061431,72.902334,61.273413,97.83551,178.341223,686.287345,22.988686,0.275069,12.705039,18.967594,3193.855244,vibration_bearing_fault,1,2,250,550,-2.997666,0.180018,-0.446761,0.762383,-1.293882,0.06759,0.052944,0.004534,0.959396,198.695
262,cruise,3804.531409,75.1756,62.09911,96.635867,177.602374,681.411157,22.76279,0.275919,12.896418,19.873444,3213.027697,vibration_bearing_fault,1,2,250,550,-1.366758,0.256528,-0.433534,0.739641,-0.592078,-0.066149,0.056506,-0.058308,0.955705,198.69
263,cruise,3830.152106,73.502477,61.513477,95.908371,178.817164,687.200131,22.336152,0.290092,13.022521,17.615203,3368.495914,vibration_bearing_fault,1,2,250,550,-1.131859,0.156711,-0.006307,0.934203,0.556925,0.17471,0.065786,-0.17233,0.952013,198.685
264,cruise,3811.615614,74.406411,62.097229,96.458649,176.65743,684.649273,22.810887,0.283619,12.740178,20.068573,3437.981088,vibration_bearing_fault,1,2,250,550,-0.214045,-0.445272,0.273916,-0.589883,0.738061,-0.139654,0.068856,-0.015464,0.948322,198.68
265,cruise,3793.748585,75.567181,61.79746,96.546916,176.654302,684.007258,22.875854,0.292414,13.104002,21.284167,3167.271884,vibration_bearing_fault,1,2,250,550,-2.223097,-0.079348,-0.506775,0.192189,0.661437,0.258049,0.064916,-0.052671,0.944631,198.675
266,cruise,3806.311136,74.509352,62.007282,97.190609,176.85364,688.229407,22.64813,0.300388,12.992525,19.292019,3151.705737,vibration_bearing_fault,1,2,250,550,-5.163919,-0.458745,-0.508008,0.042767,-0.99055,-0.120909,0.067607,-0.161111,0.94094,198.67
267,cruise,3816.226733,74.114949,62.279735,95.94712,176.324453,687.178487,22.819679,0.297881,12.857726,20.595408,3183.924531,vibration_bearing_fault,1,2,250,550,-1.066272,-0.088934,-0.498463,0.933036,2.701472,0.204122,0.075927,0.038886,0.937248,198.665
268,cruise,3809.310105,73.968886,61.304057,96.674143,176.695751,679.06312,22.761991,0.314913,12.455597,20.530493,3314.805511,vibration_bearing_fault,1,2,250,550,0.134785,0.018226,0.13065,0.101189,0.207319,0.253313,0.091429,-0.118862,0.933557,198.66
269,cruise,3815.310162,74.934899,61.694738,96.509715,178.597979,683.765563,22.686949,0.319429,13.06095,19.003162,3323.190544,vibration_bearing_fault,1,2,250,550,-1.728711,0.140109,0.397269,2.244063,1.086122,-0.011306,0.084779,0.057531,0.929866,198.655
270,cruise,3827.368229,75.018585,62.329997,96.331401,179.033578,683.264201,22.644522,0.317676,12.67835,17.266708,3264.439786,vibration_bearing_fault,1,2,250,550,1.783385,-0.060546,-0.088084,-0.508871,1.74721,-0.255702,0.099569,0.035328,0.926174,198.65
271,cruise,3815.003728,76.105223,62.265171,95.815573,176.263805,686.777186,22.498863,0.315626,12.911777,18.108712,3302.080333,vibration_bearing_fault,1,2,250,550,1.704932,-0.73553,-0.015615,0.213032,-1.469823,0.077511,0.102582,0.216384,0.922483,198.645
272,cruise,3839.749236,74.953804,62.528725,96.961975,177.222309,685.402728,22.895158,0.335551,12.622774,18.508586,3266.333328,vibration_bearing_fault,1,2,250,550,6.815565,0.834038,-0.52827,-1.028809,2.096388,-0.184623,0.094586,-0.039525,0.918792,198.64
273,cruise,3791.624988,74.138422,62.208925,97.491515,174.331238,686.023751,22.660175,0.330678,13.18746,17.372852,3345.68936,vibration_bearing_fault,1,2,250,550,-0.972272,0.231849,-0.148947,-0.979961,-0.847639,-0.020714,0.112815,-0.030888,0.915101,198.635
274,cruise,3815.151397,72.043151,63.026359,96.47283,177.692389,684.296363,22.655529,0.332197,12.459434,18.90782,3172.435356,vibration_bearing_fault,1,2,250,550,-0.142961,0.46098,0.690928,-0.538666,-2.543707,0.098607,0.110342,-0.016064,0.911409,198.63
275,cruise,3828.084131,73.618902,62.10075,96.711951,177.560087,687.931154,22.773769,0.339644,13.096819,19.005767,3348.707483,vibration_bearing_fault,1,2,250,550,-0.116503,0.474487,-0.92213,0.005031,-1.470887,0.016276,0.108092,-0.137092,0.907718,198.625
276,cruise,3830.251936,76.031383,61.405917,97.469641,177.550137,684.681233,22.69442,0.339838,12.719729,19.037889,3188.017747,vibration_bearing_fault,1,2,250,550,-1.599806,0.602363,-0.633317,0.140733,-1.430212,0.011554,0.125496,0.138936,0.904027,198.62
277,cruise,3812.896803,76.879624,61.466558,97.400373,176.089534,683.258177,22.616089,0.357653,12.807848,17.405106,3162.933426,vibration_bearing_fault,1,2,250,550,1.342275,-0.081954,0.014612,0.023478,-1.316714,-0.012431,0.133342,-0.013863,0.900336,198.615
278,cruise,3792.292197,75.626114,61.316409,96.991348,175.196899,686.760957,22.812763,0.359187,12.671806,20.523445,3313.403177,vibration_bearing_fault,1,2,250,550,-2.29502,-0.42293,0.76213,0.483971,1.818735,-0.125171,0.132746,-0.046992,0.896644,198.61
279,cruise,3806.656487,74.878963,61.447404,97.319241,176.797816,687.385629,22.55571,0.367841,12.867517,18.873942,3323.712012,vibration_bearing_fault,1,2,250,550,-0.38178,-0.168277,0.000897,-0.289986,-0.335411,-0.166603,0.143618,0.015196,0.892953,198.605
280,cruise,3829.003743,76.186954,62.652375,96.189473,177.249709,686.415755,22.507521,0.363746,13.127695,17.762267,3292.448233,vibration_bearing_fault,1,2,250,550,1.306372,0.04681,0.315899,0.069015,0.015557,0.186896,0.137338,-0.106006,0.889262,198.6
281,cruise,3814.056909,74.915933,61.941695,96.344026,177.144356,684.154035,22.896507,0.366873,13.016043,18.050828,3314.331146,vibration_bearing_fault,1,2,250,550,-1.183412,-0.171271,-0.200249,-1.095861,-2.314611,-0.017492,0.146529,0.02831,0.88557,198.595
282,cruise,3835.259653,75.380097,61.545466,96.308558,176.732085,680.681701,22.951798,0.367738,12.935606,17.057248,3267.54199,vibration_bearing_fault,1,2,250,550,-1.6628,0.033759,-1.097859,-1.971582,-2.815602,0.036012,0.149611,-0.014682,0.881879,198.59
283,cruise,3824.523062,76.384781,62.153841,96.779397,178.094075,682.456855,22.470647,0.378089,12.966548,19.053648,3444.689928,vibration_bearing_fault,1,2,250,550,2.970738,-0.263132,0.137969,1.056832,0.060734,0.181825,0.154136,-0.046236,0.878188,198.585
284,cruise,3862.332138,74.011456,62.869744,96.55789,177.362938,684.227224,22.750591,0.388466,12.956258,18.71762,3252.415337,vibration_bearing_fault,1,2,250,550,3.89398,-0.038584,-0.24092,-1.178669,-0.176019,-0.15591,0.164342,0.044341,0.874497,198.58
285,cruise,3814.550866,73.072656,62.21851,96.175558,176.549697,681.019395,23.06099,0.402771,12.686641,18.21329,3277.222629,vibration_bearing_fault,1,2,250,550,-0.282831,0.172009,-0.052127,-0.261644,-1.415388,-0.165282,0.168772,-0.073216,0.870805,198.575
286,cruise,3825.561302,75.888558,62.092403,97.09719,177.667176,682.856224,22.673523,0.388508,12.962596,18.497786,3418.906671,vibration_bearing_fault,1,2,250,550,-0.801382,-0.239189,-0.253658,1.414684,-0.048573,-0.159625,0.171553,-0.127978,0.867114,198.57
287,cruise,3839.988338,76.167393,61.146823,96.981933,178.737117,685.104772,22.618481,0.406712,12.821958,19.484526,3109.123374,vibration_bearing_fault,1,2,250,550,3.63393,0.457746,0.424961,-0.316524,-0.856284,-0.078629,0.165464,-0.004859,0.863423,198.565
288,cruise,3831.426484,74.078239,61.720573,96.476456,176.242484,684.730507,22.643002,0.404995,12.827781,20.468217,3365.996753,vibration_bearing_fault,1,2,250,550,9.179642,0.182774,-0.252204,-0.282389,-0.203506,0.117192,0.177265,0.10549,0.859732,198.56
289,cruise,3812.39753,72.729744,61.922676,97.047366,179.525467,682.651764,22.814893,0.408773,13.2331,17.116324,3385.790055,vibration_bearing_fault,1,2,250,550,2.396082,-0.191514,0.091407,0.786097,3.003153,0.04681,0.183926,0.113983,0.85604,198.555
290,cruise,3791.773311,76.310252,61.128309,96.566262,176.770107,683.065967,22.6302,0.410129,13.093941,19.000484,3489.300212,vibration_bearing_fault,1,2,250,550,-4.220849,0.286743,-0.348817,-0.320734,-0.061894,-0.055128,0.190512,-0.064326,0.852349,198.55
291,cruise,3813.559921,76.058018,62.116016,97.499769,176.072472,687.101731,22.539987,0.417057,12.591129,19.529686,3384.586588,vibration_bearing_fault,1,2,250,550,1.282016,-0.118903,-0.512029,-0.06955,-1.011443,-0.210923,0.191167,0.100259,0.848658,198.545
292,cruise,3827.792355,72.915462,62.610704,96.674901,176.655722,685.41505,22.828155,0.421187,12.813393,19.108616,3356.177172,vibration_bearing_fault,1,2,250,550,0.36072,-0.374915,1.049836,0.23784,-0.237212,-0.36238,0.196791,-0.064334,0.844966,198.54
293,cruise,3821.090351,73.574288,61.589281,96.092013,177.309348,687.048094,22.973589,0.430932,13.034905,18.489384,3207.074899,vibration_bearing_fault,1,2,250,550,-4.489006,0.136188,0.639876,1.316093,0.138705,-0.030881,0.209581,-0.101809,0.841275,198.535
294,cruise,3839.825204,73.606626,62.312368,96.523181,176.311039,681.697559,22.805763,0.433565,12.819529,19.538673,3314.411281,vibration_bearing_fault,1,2,250,550,0.365083,0.113271,0.036646,0.324469,0.149016,0.027772,0.20974,-0.129504,0.837584,198.53
295,cruise,3828.835284,74.303703,62.494633,96.59844,177.535501,686.079596,22.890104,0.438986,12.931115,20.163544,3363.917862,vibration_bearing_fault,1,2,250,550,1.595214,-0.436716,-0.525846,0.563335,0.326421,0.147455,0.210747,-0.015315,0.833893,198.525
296,cruise,3833.654951,73.673695,61.442516,96.942717,176.520005,680.770302,22.570539,0.442109,12.708165,19.485301,3271.19429,vibration_bearing_fault,1,2,250,550,1.81184,0.174891,-0.181924,-0.249105,-3.429256,0.061698,0.20641,-0.07772,0.830201,198.52
297,cruise,3789.312228,75.656258,61.813941,96.756402,176.465786,687.324954,22.644641,0.443204,12.908374,20.788363,3292.769665,vibration_bearing_fault,1,2,250,550,4.476995,-0.483472,0.010816,0.458034,3.520654,0.161678,0.21776,-0.01072,0.82651,198.515
298,cruise,3828.915751,73.95804,62.244894,96.280854,176.48262,684.28056,22.556551,0.440839,12.796743,19.732241,3419.426364,vibration_bearing_fault,1,2,250,550,0.660111,-0.078465,0.667156,-0.915046,1.99457,-0.018859,0.223891,0.159812,0.822819,198.51
299,cruise,3847.423592,75.319837,63.101203,96.339017,177.091571,683.184946,22.817406,0.450302,13.113072,19.384154,3068.45969,vibration_bearing_fault,1,2,250,550,-2.319265,-0.118899,0.769346,-0.159471,0.526872,-0.187435,0.231902,-0.047918,0.819128,198.505
300,cruise,3837.271599,74.97717,61.91603,96.739833,176.5914,683.41949,22.970268,0.469551,12.974544,17.897357,3257.082733,vibration_bearing_fault,1,2,250,550,-1.489183,0.014022,-0.007807,1.137945,2.114077,0.050758,0.236308,-0.112786,0.815436,198.5
301,cruise,3803.623913,75.392478,62.29579,96.702117,177.203227,685.128677,22.609044,0.458963,12.779274,18.525365,3296.855772,vibration_bearing_fault,1,2,250,550,7.128458,0.513894,0.479223,-0.782505,-2.715922,0.100888,0.237816,0.045395,0.811745,198.495
302,cruise,3832.97319,76.825082,60.941575,97.067643,177.758247,681.906216,22.370521,0.466575,12.79761,18.041118,3439.914246,vibration_bearing_fault,1,2,250,550,-2.717349,0.079231,-0.913002,-0.408263,0.074456,0.053904,0.246097,-0.004871,0.808054,198.49
303,cruise,3818.316676,73.897889,62.144705,96.642413,177.908083,677.273019,22.657476,0.468007,12.948068,18.117443,3356.085638,vibration_bearing_fault,1,2,250,550,2.120802,-0.272878,0.056879,-0.873954,0.469075,0.0782,0.249252,0.073549,0.804362,198.485
304,cruise,3819.136157,74.955936,62.236691,96.523231,179.230774,681.965406,22.789266,0.478961,12.836528,19.272348,3191.934549,vibration_bearing_fault,1,2,250,550,2.767986,0.000382,0.696386,0.442367,-0.219478,0.130148,0.254334,0.014922,0.800671,198.48
305,cruise,3835.565242,73.848918,61.16633,97.261216,175.442117,686.571449,22.736488,0.477822,13.112012,19.382406,3359.842507,vibration_bearing_fault,1,2,250,550,-1.860294,-0.637095,0.757067,0.778771,0.640343,-0.036513,0.267537,0.015327,0.79698,198.475
306,cruise,3835.860773,77.682137,61.749712,96.828132,179.371946,683.498214,23.161364,0.493027,12.868809,17.186075,3319.001565,vibration_bearing_fault,1,2,250,550,0.79071,-0.277313,-0.060442,-0.060969,0.986959,-0.043651,0.264138,-0.019524,0.793289,198.47
307,cruise,3820.815187,74.61073,61.745435,96.477675,176.486255,685.008009,22.813053,0.494219,12.97339,18.786447,3234.513983,vibration_bearing_fault,1,2,250,550,0.9739,-0.548218,-0.222036,0.819986,4.350788,0.054268,0.26875,-0.091875,0.789597,198.465
308,cruise,3809.850672,74.611178,61.447398,95.541736,176.807038,680.728939,22.415425,0.499812,12.82715,18.78004,3205.464281,vibration_bearing_fault,1,2,250,550,-4.48689,-0.093862,0.257278,1.222927,-0.658505,-0.053193,0.27254,0.143458,0.785906,198.46
309,cruise,3848.302975,74.833875,61.766306,96.410505,175.469473,681.116793,22.732288,0.503963,12.899463,18.049874,3348.475358,vibration_bearing_fault,1,2,250,550,-2.790692,-0.568451,-0.059349,0.420298,-0.630395,0.201953,0.279786,-0.10825,0.782215,198.455
310,cruise,3807.532008,73.277191,61.654426,98.333525,177.474648,683.863502,22.665003,0.502091,12.888121,18.83576,3313.527949,vibration_bearing_fault,1,2,250,550,4.672919,0.251642,0.603429,0.284561,0.043018,0.123703,0.288341,-0.012666,0.778523,198.45
311,cruise,3806.69571,74.037346,61.931436,96.714078,175.97759,685.12805,22.342776,0.507296,12.614187,18.004405,3341.31956,vibration_bearing_fault,1,2,250,550,-2.970946,-0.120126,0.06717,1.008395,0.758297,0.018956,0.282424,0.168139,0.774832,198.445
312,cruise,3816.294892,76.164677,62.265957,96.718815,177.071806,683.58088,22.280724,0.516732,12.619799,20.448491,3362.724309,vibration_bearing_fault,1,2,250,550,0.522951,-0.004144,0.272973,-1.488658,-2.917123,0.177452,0.288483,0.040658,0.771141,198.44
313,cruise,3804.795865,74.789899,61.772491,96.010695,176.174751,684.343592,22.624817,0.519449,12.695325,18.867023,3262.885644,vibration_bearing_fault,1,2,250,550,2.377675,0.023899,0.255551,-0.99145,0.741116,0.150462,0.300527,-0.063798,0.76745,198.435
314,cruise,3819.958877,75.962008,62.416962,97.71427,179.386087,687.997321,22.532975,0.513597,13.12636,20.138885,3426.513588,vibration_bearing_fault,1,2,250,550,1.583554,-0.579616,0.185522,-0.745643,0.844955,-0.149512,0.302343,0.107875,0.763758,198.43
315,cruise,3806.198477,74.826353,61.696935,97.445215,178.31389,683.002693,22.821979,0.530404,13.054706,18.507223,3149.90546,vibration_bearing_fault,1,2,250,550,-5.389203,0.491071,-0.020302,-1.141773,-0.346403,-0.021467,0.30221,-0.15312,0.760067,198.425
316,cruise,3817.256145,75.471165,62.15065,97.043225,179.009259,682.87485,22.637712,0.531061,12.853321,19.105238,3237.857842,vibration_bearing_fault,1,2,250,550,-6.352977,0.044613,-0.545174,0.160517,-1.312833,0.121531,0.31041,-0.124608,0.756376,198.42
317,cruise,3806.474577,75.159956,61.631725,95.838259,177.154949,683.291484,22.580471,0.534482,12.746669,18.557473,3147.784435,vibration_bearing_fault,1,2,250,550,-2.181852,0.024539,0.115691,0.073359,1.088003,0.016941,0.314975,0.053883,0.752685,198.415
318,cruise,3817.900987,74.29945,61.996102,97.165678,176.722999,683.58612,22.852726,0.541158,13.004431,20.685,3283.004376,vibration_bearing_fault,1,2,250,550,2.323335,0.05854,0.047196,-0.087984,1.12428,-0.136049,0.322764,-0.085383,0.748993,198.41
319,cruise,3814.337656,73.431097,61.609465,96.970779,176.316303,684.546879,22.537527,0.555308,12.951951,18.466213,3417.320524,vibration_bearing_fault,1,2,250,550,-1.805004,0.19258,-0.523994,-0.066438,2.594169,0.191722,0.325322,0.01223,0.745302,198.405
320,cruise,3803.30368,73.752533,62.180511,96.572694,177.65209,680.723537,22.913686,0.55776,12.885873,19.769426,3279.048063,vibration_bearing_fault,1,2,250,550,-0.654889,0.423447,-0.721702,-0.511519,1.474438,-0.090596,0.334334,-0.155277,0.741611,198.4
321,cruise,3808.106971,73.893445,61.607821,96.174172,176.116179,690.694434,22.951214,0.570182,12.708244,18.255238,3297.155979,vibration_bearing_fault,1,2,250,550,5.236903,0.448828,0.779796,-0.121214,-2.5777,0.042664,0.334338,-0.042079,0.737919,198.395
322,cruise,3792.921703,74.273194,61.520321,96.64184,178.463641,682.828039,22.687441,0.566691,12.994919,16.222914,3038.156512,vibration_bearing_fault,1,2,250,550,-1.184568,-0.23025,-0.130508,-0.763231,0.472908,0.016609,0.32604,0.051242,0.734228,198.39
323,cruise,3801.278347,73.871138,61.502026,97.085309,176.488243,685.127479,22.944755,0.569052,12.940091,17.207611,3252.000959,vibration_bearing_fault,1,2,250,550,-3.589612,-0.013901,0.277255,-1.274161,-0.054283,-0.006058,0.332318,0.005165,0.730537,198.385
324,cruise,3839.383088,75.470965,61.771792,96.225406,176.505005,682.517406,22.52754,0.584784,13.077004,19.269495,3227.549104,vibration_bearing_fault,1,2,250,550,-0.513204,0.080672,-0.097028,0.151661,0.127348,0.171552,0.350139,0.060996,0.726846,198.38
325,cruise,3809.280882,74.871239,61.138763,97.126044,178.457766,689.943227,22.775543,0.572885,12.90208,16.698943,3378.075556,vibration_bearing_fault,1,2,250,550,-2.262413,0.821695,0.006231,0.76919,0.315277,-0.058158,0.351679,0.023527,0.723154,198.375
326,cruise,3842.712881,75.045254,61.135063,96.578985,177.880934,683.424591,22.78011,0.584438,12.687397,18.34456,3280.443905,vibration_bearing_fault,1,2,250,550,-1.309807,0.738449,-0.518266,0.318667,-2.435357,0.12352,0.358202,0.109333,0.719463,198.37
327,cruise,3801.417029,75.746071,61.823822,97.019344,179.206401,678.924342,22.470758,0.599267,13.000445,18.385091,3238.270333,vibration_bearing_fault,1,2,250,550,2.651131,-0.354419,-0.273724,0.303965,-2.091819,0.247767,0.355309,0.024054,0.715772,198.365
328,cruise,3814.751694,75.581995,61.006097,95.993431,177.238344,686.277214,22.659519,0.587035,12.733155,19.063856,3269.771066,vibration_bearing_fault,1,2,250,550,-0.744943,-0.637712,-0.196174,-1.168532,-0.030056,0.145238,0.36129,-0.024359,0.712081,198.36
329,cruise,3817.448563,73.439564,61.651309,96.46523,177.658845,689.960806,22.653186,0.597941,12.972143,18.858208,3107.535068,vibration_bearing_fault,1,2,250,550,-3.709165,0.056643,0.839431,1.366254,1.043398,-0.062773,0.366325,-0.077072,0.708389,198.355
330,cruise,3814.253009,74.080853,60.948832,96.071825,177.344784,683.088436,22.479441,0.605143,12.716636,18.913813,3125.622947,vibration_bearing_fault,1,2,250,550,-1.918966,-0.17676,-0.488959,0.94016,0.495554,0.064642,0.379074,-0.009488,0.704698,198.35
331,cruise,3855.172971,76.137257,62.302877,96.964955,177.750099,684.351266,23.003457,0.611688,12.886004,18.9563,3170.311411,vibration_bearing_fault,1,2,250,550,1.09728,-0.776097,-0.476362,0.209719,2.193143,0.043607,0.380185,0.115557,0.701007,198.345
332,cruise,3835.760266,74.956157,60.881104,97.332262,176.807421,685.122596,22.905573,0.616106,12.780975,20.193433,3290.223429,vibration_bearing_fault,1,2,250,550,4.287828,0.849185,-0.147544,-0.826804,1.554813,0.134704,0.397402,0.065041,0.697315,198.34
333,cruise,3825.767672,74.549658,61.63937,96.695452,177.213683,687.399172,22.947461,0.608881,12.899428,17.979993,3222.592758,vibration_bearing_fault,1,2,250,550,3.195796,0.102354,1.50786,1.852474,-0.095125,0.069861,0.387959,0.05039,0.693624,198.335
334,cruise,3805.41535,74.733926,62.441271,96.147533,175.806155,682.428755,22.546965,0.625254,12.806621,17.911655,3188.413876,vibration_bearing_fault,1,2,250,550,1.9557,-0.108507,0.411452,0.680551,0.866964,-0.157925,0.388763,0.112468,0.689933,198.33
335,cruise,3840.491297,74.477521,62.21505,96.949053,176.416969,683.042575,22.66926,0.624225,12.817398,20.308687,3120.771293,vibration_bearing_fault,1,2,250,550,-0.955003,-0.131501,-0.83659,-0.53669,0.054865,0.045676,0.409994,-0.13391,0.686242,198.325
336,cruise,3814.503664,75.173946,62.379575,96.964096,178.629581,684.999142,22.79062,0.637075,13.050992,20.157075,3269.542423,vibration_bearing_fault,1,2,250,550,1.003341,0.200048,0.152344,-1.211992,-2.281851,-0.047206,0.407217,-0.037319,0.68255,198.32
337,cruise,3827.112288,74.472566,61.512316,95.421664,179.111464,683.230998,22.582656,0.63986,12.89643,20.110196,3330.220474,vibration_bearing_fault,1,2,250,550,4.184286,-0.153078,-0.253264,0.150977,1.462218,0.141517,0.410187,0.161376,0.678859,198.315
338,cruise,3782.531658,74.810578,62.262323,96.62836,178.812432,684.971538,22.592969,0.641559,12.740451,17.767328,3518.381617,vibration_bearing_fault,1,2,250,550,1.685361,-0.180674,0.635552,-0.019194,1.859057,-0.037399,0.412575,-0.048901,0.675168,198.31
339,cruise,3782.075624,72.238054,60.991687,97.662844,178.750909,682.649099,22.808596,0.633984,12.764697,18.929409,3223.611584,vibration_bearing_fault,1,2,250,550,4.751307,0.103588,-0.053773,-0.599632,-0.757131,0.198538,0.419893,0.101356,0.671477,198.305
340,cruise,3837.673176,75.226648,61.958912,95.248104,176.25398,679.472086,22.568432,0.65457,13.164213,18.20254,3267.848149,vibration_bearing_fault,1,2,250,550,-0.43134,-0.2033,0.343621,-0.269139,1.470389,-0.123671,0.426681,0.056241,0.667785,198.3
341,cruise,3836.740235,75.30431,61.786616,96.251939,175.94687,685.342593,22.919163,0.649965,12.792865,18.066793,3249.538959,vibration_bearing_fault,1,2,250,550,2.919356,-0.381315,-0.085635,-1.227922,0.667574,0.167175,0.422554,0.007405,0.664094,198.295
342,cruise,3792.192177,74.4074,61.731192,96.210243,178.476416,689.198828,22.831343,0.66027,12.803406,18.208781,3230.809279,vibration_bearing_fault,1,2,250,550,1.951798,0.354524,-0.299658,0.156064,-0.336336,-0.282757,0.425688,0.047911,0.660403,198.29
343,cruise,3784.427989,73.77203,61.952753,96.910947,176.733599,681.124075,23.025236,0.662932,13.006107,18.849722,3330.384172,vibration_bearing_fault,1,2,250,550,-1.902732,-0.044779,0.407127,-0.609069,-1.673799,-0.086994,0.431503,0.005732,0.656711,198.285
344,cruise,3841.996166,74.659072,61.649834,96.238022,178.80538,684.060054,22.602597,0.670588,12.83497,18.556946,3367.121047,vibration_bearing_fault,1,2,250,550,-4.865412,-0.316843,0.160844,0.130652,-1.336774,-0.016833,0.44178,-0.0021,0.65302,198.28
345,cruise,3813.56203,75.363389,62.025914,96.784994,177.799692,682.335107,22.679527,0.675139,13.011593,18.829356,3363.637637,vibration_bearing_fault,1,2,250,550,1.81444,0.337114,0.358673,0.486887,-0.485425,0.296302,0.448885,-0.140129,0.649329,198.275
346,cruise,3814.051844,73.698822,61.937727,96.312076,176.00409,687.48569,23.069965,0.682496,13.083126,20.238027,3348.94531,vibration_bearing_fault,1,2,250,550,0.877493,-0.347922,-0.263445,0.605764,-0.208774,-0.027164,0.446585,-0.024442,0.645638,198.27
347,cruise,3825.369382,74.324715,62.066405,95.870545,180.188141,688.932391,23.024042,0.692422,12.882715,20.29075,3261.136054,vibration_bearing_fault,1,2,250,550,-0.264309,0.008602,-0.407131,0.923473,1.381996,0.304626,0.454755,-0.046304,0.641946,198.265
348,cruise,3817.219232,74.595705,62.352153,95.708577,177.837598,685.569121,22.75906,0.690588,12.58404,19.438815,3177.318496,vibration_bearing_fault,1,2,250,550,-0.812239,-0.015416,-0.624291,-0.312356,-2.604472,-0.006458,0.455766,0.131728,0.638255,198.26
349,cruise,3841.119494,74.960283,62.617844,96.162368,175.458374,686.754776,22.946632,0.697063,12.886107,18.302722,3411.13302,vibration_bearing_fault,1,2,250,550,-2.661851,0.407199,-0.51843,-0.545758,-0.300472,-0.107247,0.463178,0.111093,0.634564,198.255
350,cruise,3812.119556,72.949376,62.74935,95.913376,176.930759,685.509193,22.51169,0.698864,12.891892,17.948916,3184.249271,vibration_bearing_fault,1,2,250,550,-2.319386,-0.055662,-0.197118,-0.038993,1.480451,-0.060573,0.469344,-0.082841,0.630872,198.25
351,cruise,3824.732315,74.539547,61.818181,97.379594,176.682842,685.337994,22.689373,0.701414,12.75045,19.423855,3294.929792,vibration_bearing_fault,1,2,250,550,-2.463086,-0.068699,0.013862,0.282471,-0.137773,-0.046125,0.481981,0.033798,0.627181,198.245
352,cruise,3776.599664,76.074412,61.708064,96.774245,180.14108,687.866367,22.639198,0.7117,12.676473,19.874247,3435.76622,vibration_bearing_fault,1,2,250,550,-0.658501,-0.277897,-0.054395,0.234454,-0.631703,0.085969,0.475413,0.010173,0.62349,198.24
353,cruise,3823.868212,75.339242,62.6246,96.429469,175.48474,683.394049,22.73607,0.709626,12.975362,19.96595,3374.311196,vibration_bearing_fault,1,2,250,550,-2.59659,-0.146278,0.579084,0.78103,-1.553894,-0.012314,0.486405,-0.020162,0.619799,198.235
354,cruise,3804.162734,73.217655,62.383846,96.232221,178.517517,681.483729,22.56033,0.715116,12.982356,17.250991,3396.456456,vibration_bearing_fault,1,2,250,550,-0.627154,-0.207226,0.669323,0.954806,0.792398,0.149756,0.488617,0.011918,0.616107,198.23
355,cruise,3837.323824,73.708389,61.119335,95.479747,175.834371,686.825749,22.514699,0.720667,12.760182,18.73791,3273.332836,vibration_bearing_fault,1,2,250,550,-3.665047,-0.479799,-0.217263,0.697318,2.060921,0.173668,0.495522,-0.10974,0.612416,198.225
356,cruise,3828.445578,75.015246,61.514194,95.756523,177.235431,685.157059,22.381144,0.718825,12.912566,18.340306,3188.246155,vibration_bearing_fault,1,2,250,550,0.299343,0.151186,0.175157,-0.779403,1.524759,0.02089,0.499204,0.075326,0.608725,198.22
357,cruise,3821.612906,75.626911,61.175549,96.699696,175.758794,686.419988,22.735445,0.724965,13.015458,19.882647,3198.130458,vibration_bearing_fault,1,2,250,550,-0.524567,0.099173,-0.297635,0.783769,2.237831,-0.115141,0.502228,0.129907,0.605034,198.215
358,cruise,3846.954598,74.165345,62.183096,95.551129,175.147236,685.442968,22.566805,0.742414,13.060918,20.469282,3427.385721,vibration_bearing_fault,1,2,250,550,-1.276584,0.023495,0.479819,-0.015401,-0.124193,-0.053901,0.509009,0.062704,0.601342,198.21
359,cruise,3836.956076,75.635242,61.689034,96.505492,178.051521,682.250482,22.646939,0.737904,12.86234,19.456989,3181.024665,vibration_bearing_fault,1,2,250,550,-1.29465,-0.391106,-0.118914,-2.00515,-0.394538,-0.084488,0.511807,-0.015299,0.597651,198.205
360,cruise,3818.475283,74.505769,61.236933,96.864376,175.47311,681.897,22.784745,0.744587,12.78512,19.249844,3345.636992,vibration_bearing_fault,1,2,250,550,-6.621607,-0.177356,-0.243416,-0.181766,-1.756078,0.031442,0.518821,0.029552,0.59396,198.2
361,cruise,3813.863185,73.878349,62.083212,97.355059,178.387255,687.13654,22.728079,0.745661,12.976676,18.584246,3244.289806,vibration_bearing_fault,1,2,250,550,-0.637168,-0.653624,-0.404318,0.670833,0.904932,0.02381,0.530321,0.129478,0.590268,198.195
362,cruise,3847.18053,74.593063,62.323931,97.176287,179.257479,684.658417,22.863981,0.743383,12.862255,16.943066,3216.327579,vibration_bearing_fault,1,2,250,550,-2.749612,0.138232,0.388272,-0.023325,1.180048,-0.153874,0.529593,0.002307,0.586577,198.19
363,cruise,3818.721337,75.31097,61.517914,97.414277,178.134568,686.663786,22.516166,0.759946,12.844232,20.299351,3295.529474,vibration_bearing_fault,1,2,250,550,2.903317,0.436713,0.407147,-1.376969,0.820515,-0.202151,0.53526,-0.018644,0.582886,198.185
364,cruise,3811.819422,75.132088,62.222348,95.680608,177.566702,682.292576,22.764726,0.769248,12.804012,18.774837,3315.883519,vibration_bearing_fault,1,2,250,550,3.817091,0.279688,0.013909,0.053281,-0.407101,0.174091,0.545732,-0.052134,0.579195,198.18
365,cruise,3832.899486,75.539024,61.911404,96.251615,176.626495,688.257834,23.080181,0.769336,12.862757,19.100839,3121.072559,vibration_bearing_fault,1,2,250,550,0.591751,-0.184655,-0.180661,0.639053,1.28557,-0.117733,0.539525,-0.029112,0.575503,198.175
366,cruise,3797.484548,75.780109,61.331082,95.975825,175.387185,686.894194,22.595198,0.768934,12.859654,18.421094,3307.620062,vibration_bearing_fault,1,2,250,550,-1.102262,0.144567,-0.147796,0.41176,2.317205,-0.087867,0.538085,-0.019108,0.571812,198.17
367,cruise,3805.03259,74.609111,61.839937,96.708631,176.555363,690.365531,22.592867,0.768349,12.9449,18.595595,3203.315002,vibration_bearing_fault,1,2,250,550,2.307613,-0.515017,0.61799,-1.83929,-0.884658,0.016465,0.543084,0.030962,0.568121,198.165
368,cruise,3843.974899,73.811668,62.330756,95.486584,177.977309,684.789088,22.505827,0.788332,13.039552,19.204044,3372.894559,vibration_bearing_fault,1,2,250,550,-0.36385,-0.015646,-0.586541,-0.42297,-1.198762,0.001258,0.557412,0.043694,0.56443,198.16
369,cruise,3835.734863,75.255248,62.195399,96.129947,175.845115,682.087413,22.909452,0.783044,12.964642,16.517885,3290.066267,vibration_bearing_fault,1,2,250,550,-0.134174,-0.047761,-0.134338,1.16619,1.990925,0.211302,0.561036,-0.019573,0.560738,198.155
370,cruise,3822.794323,75.556151,62.436289,96.638694,177.045544,685.893479,22.718194,0.792546,12.776112,17.845757,3120.781779,vibration_bearing_fault,1,2,250,550,1.137971,0.230599,1.072696,0.550941,0.712033,-0.108734,0.56584,0.089092,0.557047,198.15
371,cruise,3814.217817,75.278222,61.852808,96.11874,178.189537,677.649265,22.658213,0.798316,12.893921,18.32152,3143.579797,vibration_bearing_fault,1,2,250,550,-0.141372,-0.106041,0.083568,-1.016346,0.695121,0.015492,0.564033,-0.009043,0.553356,198.145
372,cruise,3777.424185,75.311217,62.581379,95.940816,176.816105,684.377277,22.738856,0.797872,13.00533,18.663212,3314.725194,vibration_bearing_fault,1,2,250,550,0.10708,0.4329,0.169932,1.329398,0.025837,-0.157707,0.576204,-0.029763,0.549664,198.14
373,cruise,3800.875272,73.735478,62.173885,96.585786,177.678233,685.327935,22.770333,0.807199,12.951045,17.746046,3255.67552,vibration_bearing_fault,1,2,250,550,0.940473,-0.147613,-0.053854,-0.605479,2.484742,-0.128494,0.571577,-0.094599,0.545973,198.135
374,cruise,3798.450307,73.424053,61.670796,97.191126,176.407665,683.979739,22.605468,0.802469,13.066645,17.532877,3234.435054,vibration_bearing_fault,1,2,250,550,-2.404225,0.652027,-0.172176,0.572327,-0.14305,0.030001,0.586796,-0.162748,0.542282,198.13
375,cruise,3828.298739,75.29246,62.374626,96.666783,177.99833,685.836007,22.630192,0.824529,13.077934,19.705436,3279.504147,vibration_bearing_fault,1,2,250,550,0.014006,-0.237711,-1.00611,-0.295812,-0.349147,0.089787,0.57909,0.06626,0.538591,198.125
376,cruise,3830.602146,75.072199,62.268873,96.493256,177.084809,686.993017,22.768813,0.817268,12.690179,20.392088,3373.0359,vibration_bearing_fault,1,2,250,550,2.384962,0.127471,-0.376897,0.189358,0.67716,-0.211074,0.586457,0.157993,0.534899,198.12
377,cruise,3817.552156,73.100566,62.474536,96.621725,177.737486,685.29176,22.548519,0.817166,12.737522,18.467004,3336.33156,vibration_bearing_fault,1,2,250,550,-6.452521,-0.131833,0.91899,0.441923,0.499964,0.059242,0.600977,0.077723,0.531208,198.115
378,cruise,3810.459058,74.39649,61.881863,97.435317,176.868182,680.559089,22.850504,0.82276,12.687668,18.41018,3355.483151,vibration_bearing_fault,1,2,250,550,-3.006956,0.729889,0.266221,0.176874,-0.223116,-0.061762,0.598363,0.08616,0.527517,198.11
379,cruise,3822.254242,77.920598,61.280862,96.7354,178.465997,682.178991,22.736621,0.836209,13.008975,20.774685,3148.457567,vibration_bearing_fault,1,2,250,550,0.43556,0.828098,0.473625,0.141533,1.328902,0.043967,0.593799,-0.016596,0.523826,198.105
380,cruise,3798.09681,74.058229,62.589085,96.908701,176.936777,687.980858,22.807861,0.83266,12.810145,18.102824,3155.502211,vibration_bearing_fault,1,2,250,550,-3.989881,0.048823,0.830131,-0.061746,-2.535612,-0.09982,0.613898,-0.135631,0.520134,198.1
381,cruise,3822.849002,75.23906,61.487545,96.47359,175.943363,684.027162,22.751761,0.839269,12.811677,19.314206,3302.245812,vibration_bearing_fault,1,2,250,550,1.714683,0.203373,-0.521233,-0.072269,-3.223135,-0.218317,0.621113,-0.044112,0.516443,198.095
382,cruise,3805.559994,73.115184,61.697508,96.30635,175.348618,683.827241,22.612604,0.843948,13.04018,18.013727,3226.321612,vibration_bearing_fault,1,2,250,550,-0.238333,0.430152,0.091896,0.751509,-0.787891,-0.105401,0.62794,0.055977,0.512752,198.09
383,cruise,3832.067403,75.063298,61.875651,96.539632,177.344336,681.499879,22.935389,0.847766,12.81287,17.127169,3216.43692,vibration_bearing_fault,1,2,250,550,-0.785715,0.124755,0.947836,-0.272984,0.844219,-0.12631,0.618817,0.057721,0.50906,198.085
384,cruise,3850.879462,74.651037,61.168257,95.354219,177.532369,682.413547,22.827036,0.857671,12.717865,17.106851,3275.987498,vibration_bearing_fault,1,2,250,550,3.173293,-0.47535,1.297452,0.181996,1.731993,0.074144,0.637287,-0.080656,0.505369,198.08
385,cruise,3818.510643,75.553424,62.313581,96.181694,175.453015,683.833463,22.535505,0.857514,12.605206,18.251046,3260.812011,vibration_bearing_fault,1,2,250,550,-0.874727,-0.234524,0.097286,-0.310698,2.758886,-0.059408,0.636536,0.053222,0.501678,198.075
386,cruise,3777.907929,75.831975,62.515427,96.82801,177.767701,683.620495,22.652109,0.865557,12.640808,19.173799,3292.775526,vibration_bearing_fault,1,2,250,550,3.762134,-0.352483,0.219395,1.647969,-1.192358,-0.111718,0.643077,0.186795,0.497987,198.07
387,cruise,3826.099695,74.122104,61.659004,97.210658,176.834909,681.751409,22.722942,0.872598,12.883551,19.150034,3218.823522,vibration_bearing_fault,1,2,250,550,-3.539949,-0.133029,0.685779,1.682495,-1.815414,-0.041633,0.639105,0.070596,0.494295,198.065
388,cruise,3774.332611,74.144581,61.939393,97.004784,175.233027,682.469838,22.900933,0.876474,12.646954,19.709274,3282.467197,vibration_bearing_fault,1,2,250,550,2.832552,-0.760795,0.40696,-0.800883,0.609996,-0.05212,0.64627,-0.066678,0.490604,198.06
389,cruise,3796.372748,75.778914,61.156556,97.057731,177.144399,681.364071,22.638446,0.872844,12.923671,18.266409,3387.797388,vibration_bearing_fault,1,2,250,550,-0.037793,0.297182,0.01103,0.361701,-0.446025,-0.188702,0.646117,0.043185,0.486913,198.055
390,cruise,3823.724698,74.598418,61.991679,96.862522,174.943303,677.504375,22.772833,0.880163,12.897439,19.826942,3285.319042,vibration_bearing_fault,1,2,250,550,3.050382,0.122461,-0.381229,0.101171,0.295687,-0.101139,0.650076,-0.063571,0.483221,198.05
391,cruise,3828.757248,75.088921,62.542571,96.683434,175.974224,683.419238,22.658105,0.893508,12.877765,18.560897,3215.03952,vibration_bearing_fault,1,2,250,550,3.860621,0.068752,0.023679,0.490403,0.265231,-0.065872,0.66648,-0.07228,0.47953,198.045
392,cruise,3804.034605,74.758975,62.009864,96.402007,176.606165,685.457061,22.750378,0.886193,13.026054,20.258054,3198.393239,vibration_bearing_fault,1,2,250,550,2.09931,-0.487174,0.040304,1.157569,-0.671491,0.003422,0.668291,0.117143,0.475839,198.04
393,cruise,3824.654107,73.290668,62.324681,96.602899,177.157696,686.470634,23.155842,0.887302,12.685517,16.895259,3302.362554,vibration_bearing_fault,1,2,250,550,-4.584099,-0.127966,-0.203287,0.965421,1.470648,-0.322707,0.67734,0.130152,0.472148,198.035
394,cruise,3829.001526,77.447915,61.856019,96.125369,176.904622,684.175452,22.433043,0.899584,12.547807,17.792475,3283.230887,vibration_bearing_fault,1,2,250,550,1.893382,-0.280277,0.870216,-0.243435,0.965584,-0.098793,0.667898,0.0374,0.468456,198.03
395,cruise,3850.322055,73.885308,62.001037,96.430064,176.214743,685.544257,22.65676,0.907736,12.704895,18.765051,3209.193089,vibration_bearing_fault,1,2,250,550,-1.350338,-0.08118,0.248939,1.082285,-0.24422,-0.102872,0.682707,-0.164269,0.464765,198.025
396,cruise,3781.290188,74.751675,61.95131,95.67649,176.036158,683.864862,22.629142,0.906251,12.658151,20.126574,3349.417975,vibration_bearing_fault,1,2,250,550,2.225733,0.016061,-0.010626,-0.239295,-0.638505,-0.101931,0.691212,-0.085468,0.461074,198.02
397,cruise,3824.63728,74.700432,61.842424,97.360173,177.178295,682.428579,22.714695,0.920521,12.648625,20.385251,3338.034399,vibration_bearing_fault,1,2,250,550,-1.70496,0.041752,-0.072438,-1.286921,0.887348,-0.138286,0.687704,-0.117705,0.457383,198.015
398,cruise,3823.322841,75.132768,61.532153,96.546737,178.210365,684.663666,23.022127,0.926281,12.668222,17.962755,3128.298554,vibration_bearing_fault,1,2,250,550,-4.497119,-0.100061,-0.530774,2.495322,0.553821,0.188048,0.699912,-0.084503,0.453691,198.01
399,cruise,3835.649362,74.679575,62.287988,96.119445,175.760228,683.817986,22.997644,0.918076,12.873361,18.619514,3189.164505,vibration_bearing_fault,1,2,250,550,3.373398,0.675439,0.062231,-1.151943,-2.067455,-0.145924,0.701035,-0.17294,0.45,198.005
400,cruise,3848.944706,74.007369,61.750543,97.113658,178.397136,685.046966,22.626868,0.923711,12.521485,19.3652,3189.671626,vibration_bearing_fault,1,2,250,550,0.137716,-0.70084,0.015513,-0.482165,0.085723,-0.285475,0.705644,-0.009529,0.45,198.0
401,cruise,3834.861286,74.340707,61.51454,96.793824,175.264859,682.19485,22.852682,0.919418,12.959449,18.075844,3338.699989,vibration_bearing_fault,1,2,250,550,0.098073,0.746615,-0.608553,0.270802,-0.924729,-0.298171,0.700545,0.055946,0.45,197.995
402,cruise,3819.379398,74.250287,61.923114,96.736121,176.597785,683.754339,22.849352,0.922952,12.831466,17.530374,3210.35785,vibration_bearing_fault,1,2,250,550,0.564485,0.27069,-0.674997,-0.030505,-0.372027,-0.08523,0.695331,-0.065293,0.45,197.99
403,cruise,3793.788994,73.539602,62.430883,96.337701,174.691742,683.352247,22.619226,0.922474,12.901997,19.11788,3197.715403,vibration_bearing_fault,1,2,250,550,-1.523744,0.65147,0.071362,-1.378866,-0.044101,0.239247,0.69326,0.002565,0.45,197.985
404,cruise,3858.351482,76.167895,61.736994,96.629166,176.355976,681.658573,23.036168,0.923413,12.676328,19.169442,3416.841941,vibration_bearing_fault,1,2,250,550,-1.089197,0.162752,-0.402961,-0.455474,2.235798,0.064594,0.695927,-0.133776,0.45,197.98
405,cruise,3848.215804,75.805168,62.183764,97.059312,175.380643,680.980756,22.414141,0.929944,12.764353,16.711854,3208.976649,vibration_bearing_fault,1,2,250,550,-0.482292,0.117077,1.113234,-1.26425,-1.178951,0.33819,0.702722,0.136935,0.45,197.975
406,cruise,3808.769182,75.576616,61.647567,96.469936,177.729843,683.687654,22.860801,0.93241,12.753338,18.005627,3390.477952,vibration_bearing_fault,1,2,250,550,-1.425827,0.125819,-0.434978,-0.164287,-0.355192,-0.050273,0.692956,-0.054825,0.45,197.97
407,cruise,3827.674753,74.690367,62.35309,97.443122,176.997363,683.121483,22.879205,0.926248,12.910168,20.768663,3305.697905,vibration_bearing_fault,1,2,250,550,-0.315602,-0.159034,-1.189737,0.642176,-1.568436,-0.044168,0.697659,0.169608,0.45,197.965
408,cruise,3798.787259,77.955575,61.778173,96.334923,175.99471,685.440197,22.388727,0.933193,12.790295,18.19872,3334.490308,vibration_bearing_fault,1,2,250,550,-2.156304,-0.045125,0.420318,1.301114,1.684955,-0.082249,0.703014,0.018118,0.45,197.96
409,cruise,3778.079981,72.275861,62.416331,97.319506,177.747807,682.165188,22.731488,0.92977,13.139062,20.483675,3305.222766,vibration_bearing_fault,1,2,250,550,-0.253616,-0.354392,0.592688,0.106442,0.864514,0.112692,0.701148,0.000433,0.45,197.955
410,cruise,3825.361723,74.868054,62.01093,96.35191,177.342489,680.663303,22.687187,0.92773,12.861594,18.062797,3345.395006,vibration_bearing_fault,1,2,250,550,-0.32876,-0.070138,0.13332,0.610588,-1.897279,-0.173208,0.702214,-0.005774,0.45,197.95
411,cruise,3859.366699,76.493356,62.436139,97.17863,178.420939,686.834182,23.049799,0.924191,12.850877,18.873464,3238.253318,vibration_bearing_fault,1,2,250,550,3.128325,-0.451339,-0.143209,-0.611395,-0.875688,-0.198887,0.696122,-0.084135,0.45,197.945
412,cruise,3843.030336,76.162542,61.948882,95.780479,179.264061,685.423988,22.66509,0.92322,12.589049,18.261846,3214.932414,vibration_bearing_fault,1,2,250,550,-2.662906,-0.402051,0.131986,1.642503,0.467354,0.183166,0.701766,-0.026497,0.45,197.94
413,cruise,3812.067275,74.969031,62.397879,97.704868,174.314953,685.300765,22.824808,0.918311,13.043868,18.683671,3186.54618,vibration_bearing_fault,1,2,250,550,1.016507,-0.12958,0.327553,1.533186,0.633144,-0.143954,0.700718,-0.007967,0.45,197.935
414,cruise,3819.947507,75.333517,61.47791,96.033749,174.778753,684.074347,22.723927,0.926148,12.927273,20.269635,3475.629776,vibration_bearing_fault,1,2,250,550,3.133383,0.159454,0.642645,1.065163,-0.162743,0.076075,0.69965,-0.007789,0.45,197.93
415,cruise,3848.895655,74.773536,61.498781,96.688168,177.822046,687.088352,22.973244,0.924256,12.858779,19.677095,3279.924399,vibration_bearing_fault,1,2,250,550,2.355261,-0.351253,-0.079933,-0.988707,0.164873,-0.154852,0.709071,-0.067437,0.45,197.925
416,cruise,3824.699153,74.14218,63.554027,97.28831,176.952214,681.66926,22.724695,0.923005,12.505184,19.152755,3238.599961,vibration_bearing_fault,1,2,250,550,-1.314622,-0.037289,-0.590309,-0.131164,3.029287,0.053684,0.702674,-0.051161,0.45,197.92
417,cruise,3810.417881,73.920751,61.497166,96.333015,177.420829,684.26896,22.740943,0.920832,12.675374,18.595968,3254.925557,vibration_bearing_fault,1,2,250,550,2.260917,-0.180134,0.229603,0.367638,0.263803,-0.004193,0.694229,0.075576,0.45,197.915
418,cruise,3843.071008,75.769281,62.704494,96.551896,177.36923,681.054023,22.72794,0.925842,12.857352,18.747681,3318.041543,vibration_bearing_fault,1,2,250,550,-0.724195,-0.150403,-1.229569,0.626561,-0.878561,0.127683,0.703914,0.071181,0.45,197.91
419,cruise,3788.304566,73.982653,61.418587,96.657347,177.148042,677.675074,22.723428,0.927333,12.76291,18.917504,3150.70981,vibration_bearing_fault,1,2,250,550,-1.743411,0.727912,0.896495,-0.516801,-0.165764,0.106038,0.702903,-0.027515,0.45,197.905
420,cruise,3814.949435,74.58006,61.819443,97.444642,176.222382,679.81803,22.579357,0.928799,12.77146,20.999988,3372.828705,vibration_bearing_fault,1,2,250,550,1.381897,-0.232904,0.430815,0.573878,-4.114979,0.060884,0.698457,-0.011764,0.45,197.9
421,cruise,3811.952587,73.345166,61.55873,95.903078,174.368324,683.845234,22.646537,0.925008,12.896401,18.844979,3367.070132,vibration_bearing_fault,1,2,250,550,1.429223,0.08632,0.982915,0.860854,1.430841,-0.221915,0.697362,-0.122351,0.45,197.895
422,cruise,3840.528299,74.875693,61.875271,97.584059,176.438935,685.084067,23.062478,0.928028,12.800613,19.035866,3399.502228,vibration_bearing_fault,1,2,250,550,-1.614937,0.176292,0.894058,-0.884144,0.112542,0.05933,0.70396,-0.020127,0.45,197.89
423,cruise,3824.865321,76.600892,61.524385,96.863125,176.952058,686.322335,22.852568,0.924122,12.998156,17.923254,3397.495871,vibration_bearing_fault,1,2,250,550,-0.391656,-0.436281,0.66685,-0.047102,2.321615,0.001763,0.710375,0.018016,0.45,197.885
424,cruise,3843.037328,76.074187,62.681011,96.355212,176.927419,684.735727,22.723378,0.914515,12.903253,19.705777,3504.732015,vibration_bearing_fault,1,2,250,550,5.12846,0.30032,-0.409105,0.58764,-1.077685,-0.252403,0.696295,-0.065805,0.45,197.88
425,cruise,3824.927745,73.103688,62.195602,96.718418,178.071255,684.367466,22.894958,0.917312,12.945788,18.446596,3329.509258,vibration_bearing_fault,1,2,250,550,-3.582955,-0.532952,0.426291,1.583382,0.569205,-0.064835,0.694993,-0.123636,0.45,197.875
426,cruise,3807.865575,75.515409,62.212476,96.765302,177.769812,681.589799,22.583699,0.922304,12.866925,17.754259,3338.346578,vibration_bearing_fault,1,2,250,550,3.208604,0.802896,0.339967,1.040307,-1.006427,-0.155812,0.69319,0.103843,0.45,197.87
427,cruise,3820.851703,74.484104,62.490301,96.340189,175.172454,687.236019,22.168266,0.926428,12.840477,18.403493,3294.329334,vibration_bearing_fault,1,2,250,550,-2.28992,-0.215068,-0.303522,1.575524,2.867565,0.09525,0.692545,-0.040027,0.45,197.865
428,cruise,3810.271751,76.233562,61.74404,96.528558,175.975603,680.581857,22.193795,0.926918,12.741361,18.864852,3353.635413,vibration_bearing_fault,1,2,250,550,1.25389,0.523051,0.188157,0.534584,0.029699,-0.054643,0.702558,-0.015817,0.45,197.86
429,cruise,3793.08626,75.5828,61.898946,96.598708,176.955466,689.453106,23.130577,0.919761,12.808211,19.134442,3435.684701,vibration_bearing_fault,1,2,250,550,-1.858273,-0.22394,0.426576,0.550825,0.305243,0.03904,0.707878,-0.124597,0.45,197.855
430,cruise,3817.879684,73.229366,62.498723,97.399087,176.974436,679.49783,22.717221,0.915982,12.837301,20.364223,2932.373766,vibration_bearing_fault,1,2,250,550,2.093893,0.120626,0.468374,2.196588,-2.179771,-0.336948,0.701854,-0.038188,0.45,197.85
431,cruise,3852.841011,75.147498,62.687184,96.765327,175.403989,682.842584,22.492544,0.918256,12.899055,21.070601,3173.160539,vibration_bearing_fault,1,2,250,550,-2.223522,-0.427197,0.411246,0.141495,2.072557,0.063749,0.699619,0.093687,0.45,197.845
432,cruise,3837.917534,75.551313,62.295589,97.523809,176.419933,685.767207,22.887825,0.916941,12.56343,19.543562,3413.264302,vibration_bearing_fault,1,2,250,550,-0.129465,0.029697,-0.443181,-0.734325,-0.751618,-0.208351,0.702721,0.065646,0.45,197.84
433,cruise,3847.000544,75.097386,61.556799,95.62146,176.270985,685.615768,22.964596,0.923996,12.675359,18.617699,3237.789143,vibration_bearing_fault,1,2,250,550,2.93416,-0.684459,-0.129306,0.302091,0.723517,0.106084,0.702281,0.061667,0.45,197.835
434,cruise,3829.146597,76.548273,61.517631,97.104973,176.4941,685.363139,22.761152,0.930962,12.894609,17.831057,3112.577356,vibration_bearing_fault,1,2,250,550,-1.713202,0.446999,0.285225,0.304492,-0.706946,0.046523,0.696575,-0.06364,0.45,197.83
435,cruise,3802.938402,74.470853,62.473334,96.297018,175.153795,682.681681,22.905566,0.931918,12.809609,18.286992,3325.279984,vibration_bearing_fault,1,2,250,550,4.111533,-0.219769,-0.373663,-0.492243,1.683263,-0.033156,0.696831,0.012319,0.45,197.825
436,cruise,3826.921217,75.495879,61.664503,96.637971,177.696799,689.185485,22.499831,0.92733,13.003817,17.680864,3297.847187,vibration_bearing_fault,1,2,250,550,6.038358,-0.067024,0.717411,-0.957217,-0.672882,-0.109848,0.698963,0.026973,0.45,197.82
437,cruise,3824.645972,75.289541,62.06138,97.179289,173.752438,686.878678,22.54639,0.923139,12.563461,18.146636,3192.998816,vibration_bearing_fault,1,2,250,550,0.288694,-0.719951,-0.05224,0.654551,-1.010502,-0.074707,0.695632,-0.140054,0.45,197.815
438,cruise,3826.9284,75.764343,61.938473,97.131346,179.005548,685.361686,22.537414,0.922515,12.889739,18.094136,3362.456188,vibration_bearing_fault,1,2,250,550,-0.796158,0.047385,-0.41099,-1.439748,1.868184,-0.00272,0.697561,0.115718,0.45,197.81
439,cruise,3814.627305,75.990505,62.414543,96.215525,175.896504,680.167184,22.548347,0.933873,12.853812,18.658499,3045.101757,vibration_bearing_fault,1,2,250,550,-0.55678,-0.389354,-0.694385,0.433534,-2.034427,0.210819,0.701061,-0.040687,0.45,197.805
440,cruise,3841.86787,76.397824,62.595379,97.771457,178.00804,686.460338,22.518611,0.926029,13.07637,18.176547,3264.719356,vibration_bearing_fault,1,2,250,550,1.650345,-0.354548,-0.269231,0.639689,-1.207843,0.020433,0.698628,0.078472,0.45,197.8
441,cruise,3838.087594,73.267953,61.604661,95.644508,178.765301,684.407577,22.512345,0.932685,12.74427,18.92827,3427.185112,vibration_bearing_fault,1,2,250,550,1.513654,-0.196618,0.493434,0.48656,2.815916,0.069548,0.707554,0.045341,0.45,197.795
442,cruise,3792.880363,75.437538,61.607579,96.29359,177.757919,684.314289,22.839913,0.928718,12.96915,18.792715,3307.009564,vibration_bearing_fault,1,2,250,550,-4.227845,0.102956,0.799444,-0.834961,-1.452753,-0.097886,0.702589,-0.110342,0.45,197.79
443,cruise,3808.555905,74.965646,61.219846,97.005004,177.523129,685.053597,22.847437,0.926442,12.863127,18.82326,3226.852932,vibration_bearing_fault,1,2,250,550,5.178943,0.363992,0.631017,0.136839,-2.293248,-0.017992,0.703623,0.097807,0.45,197.785
444,cruise,3831.967775,74.340597,62.433506,96.179842,176.914173,684.918948,22.557575,0.92711,12.740676,20.515566,3291.268988,vibration_bearing_fault,1,2,250,550,0.959646,0.059512,0.621343,0.722749,0.339604,-0.09696,0.70454,-0.083769,0.45,197.78
445,cruise,3817.68431,74.130563,62.02148,96.542283,175.888333,686.87094,22.418797,0.934426,12.830556,18.39299,3239.73354,vibration_bearing_fault,1,2,250,550,2.908996,0.178822,0.18028,2.02132,-0.54214,-0.149583,0.694603,-0.040242,0.45,197.775
446,cruise,3851.427749,77.685209,62.468534,95.745722,177.351586,690.12054,22.551321,0.923997,12.908082,20.209469,3167.355497,vibration_bearing_fault,1,2,250,550,5.416273,-0.107593,0.164615,1.224048,-0.804059,-0.107857,0.694001,-0.124771,0.45,197.77
447,cruise,3800.910626,76.539879,62.722111,96.682662,176.839343,683.527809,22.671557,0.928422,12.870603,19.587021,3318.340993,vibration_bearing_fault,1,2,250,550,4.682518,-0.731408,0.530763,0.179607,2.460305,-0.124075,0.698681,-0.057187,0.45,197.765
448,cruise,3822.543512,75.921627,61.462167,96.778363,177.04129,680.758256,22.638519,0.93009,12.773874,18.770962,3344.64116,vibration_bearing_fault,1,2,250,550,-1.085021,-0.080898,0.471401,1.959313,2.258662,0.242973,0.702858,-0.02165,0.45,197.76
449,cruise,3819.312704,74.116725,61.407383,96.370121,176.587787,683.686109,22.740507,0.930811,12.927048,19.408992,3309.441977,vibration_bearing_fault,1,2,250,550,2.641208,0.231894,0.574957,-0.529238,0.642381,0.102099,0.697783,0.026019,0.45,197.755
450,cruise,3823.334856,75.457145,62.18447,96.486405,176.674086,680.254768,22.685101,0.924499,12.640681,19.00926,3372.115719,vibration_bearing_fault,1,2,250,550,-4.124413,-0.048746,-0.964165,-0.33466,0.752464,0.02474,0.691268,0.098278,0.45,197.75
451,cruise,3837.503425,74.047263,62.001409,96.832026,177.90654,688.759716,22.825028,0.929037,12.686007,18.634568,3237.789237,vibration_bearing_fault,1,2,250,550,-6.720622,0.252601,0.255121,-0.947181,-1.228843,-0.109012,0.695061,-0.053078,0.45,197.745
452,cruise,3808.633636,76.73296,61.33464,96.678877,174.446979,690.043016,22.894175,0.93312,12.924926,18.41895,3168.254494,vibration_bearing_fault,1,2,250,550,-0.670855,0.102454,0.926706,-1.050993,-0.084288,0.24169,0.69706,0.046371,0.45,197.74
453,cruise,3811.33578,76.203894,61.462542,96.981798,176.212291,685.653425,22.668017,0.928149,12.6759,17.958526,3306.347033,vibration_bearing_fault,1,2,250,550,-5.276852,-1.348825,-0.677969,-1.848929,0.939006,0.021809,0.707177,-0.011968,0.45,197.735
454,cruise,3852.453114,74.580179,61.257311,97.134832,177.317881,688.783926,23.004343,0.930054,12.783946,18.765709,3242.435194,vibration_bearing_fault,1,2,250,550,2.742121,-0.432152,-0.145192,-0.521261,0.100647,-0.130813,0.707068,-0.074783,0.45,197.73
455,cruise,3804.792227,75.137344,62.640255,97.072485,176.541795,685.536293,22.830404,0.925714,12.869979,18.812328,3151.479226,vibration_bearing_fault,1,2,250,550,5.807349,0.11424,-0.839909,-0.329012,0.495839,-0.027313,0.702293,-0.128454,0.45,197.725
456,cruise,3833.082388,76.129722,61.553132,97.007215,175.247525,685.819096,23.097882,0.927151,12.841079,19.225087,3339.920396,vibration_bearing_fault,1,2,250,550,-0.445966,0.218303,0.172003,-0.756022,1.528343,-0.037259,0.707112,0.169158,0.45,197.72
457,cruise,3823.913055,75.205304,62.757411,96.181275,175.096334,682.738684,22.576908,0.925262,13.048119,19.525456,3289.780373,vibration_bearing_fault,1,2,250,550,2.022668,-0.736888,0.60636,1.584052,0.263313,0.174789,0.691623,0.07415,0.45,197.715
458,cruise,3799.819808,73.060429,61.318899,94.639959,175.697664,685.932196,22.730536,0.917536,12.642047,17.57856,3285.423964,vibration_bearing_fault,1,2,250,550,-2.008612,0.233165,-0.505217,-0.358126,-0.195959,-0.16776,0.702482,-0.148527,0.45,197.71
459,cruise,3840.671101,76.345936,62.410961,97.058828,175.150514,680.624269,22.59556,0.931795,12.965238,18.455559,3170.561933,vibration_bearing_fault,1,2,250,550,-0.489101,0.614126,0.074257,1.518209,-0.673979,-0.127836,0.705197,-0.019834,0.45,197.705
460,cruise,3824.700327,76.64472,61.218042,96.459136,178.101615,681.027664,22.629694,0.927509,13.087439,19.618242,3240.534226,vibration_bearing_fault,1,2,250,550,-1.294791,-0.151714,0.002906,1.411205,0.886126,-0.069373,0.698877,-0.041661,0.45,197.7
461,cruise,3837.418728,74.120058,62.443766,95.984585,177.764055,687.215852,22.827863,0.925893,12.870347,18.307076,3397.064952,vibration_bearing_fault,1,2,250,550,1.948435,0.416692,0.159371,0.068088,3.378811,0.039016,0.692953,0.022872,0.45,197.695
462,cruise,3834.831614,74.950592,62.370883,96.840802,178.796955,680.515216,22.733175,0.925073,12.788982,19.568805,3130.496112,vibration_bearing_fault,1,2,250,550,0.756931,0.711037,-0.628586,-0.357654,0.9022,0.092464,0.699575,0.005523,0.45,197.69
463,cruise,3825.726481,76.363011,62.516337,96.709368,176.149347,680.563182,22.843127,0.918498,13.065029,17.433283,3507.679504,vibration_bearing_fault,1,2,250,550,0.445024,0.030267,-0.060921,-1.254213,1.372824,-0.051486,0.708522,-0.127972,0.45,197.685
464,cruise,3839.913726,73.400904,62.258108,95.755953,177.418464,685.334101,22.856012,0.92517,12.718721,19.443783,3381.795359,vibration_bearing_fault,1,2,250,550,-3.842187,-0.765701,0.360347,0.664524,1.394349,-0.261414,0.709803,0.206901,0.45,197.68
465,cruise,3791.520071,75.52673,62.381049,97.291402,177.961134,687.850778,22.888699,0.923817,12.949588,20.512345,3204.93098,vibration_bearing_fault,1,2,250,550,1.585366,-1.126072,-0.553197,0.383207,-1.636001,-0.157082,0.703991,-0.076281,0.45,197.675
466,cruise,3853.051264,74.270097,61.61565,96.745912,177.479555,685.25285,22.735383,0.933343,12.808949,19.539828,3267.090821,vibration_bearing_fault,1,2,250,550,-0.149985,0.294298,-1.207971,-0.877574,-1.279017,0.049234,0.695199,0.045889,0.45,197.67
467,cruise,3835.089715,73.901346,61.89372,96.515667,178.144505,685.947797,22.92191,0.930156,12.83111,20.272,3093.418047,vibration_bearing_fault,1,2,250,550,0.923124,-0.430805,-0.625159,-0.594092,-1.07546,-0.055426,0.696671,-0.063225,0.45,197.665
468,cruise,3821.56227,76.374602,61.375963,96.564002,176.859469,684.992842,22.582589,0.931735,12.83267,18.451733,3302.441507,vibration_bearing_fault,1,2,250,550,-3.083079,0.410183,-0.681203,0.756558,0.963196,-0.222644,0.70124,-0.039926,0.45,197.66
469,cruise,3783.614794,73.372112,61.160548,97.270399,177.950943,683.108001,22.915919,0.927236,12.910433,19.241709,3414.292558,vibration_bearing_fault,1,2,250,550,4.016028,1.118434,0.067192,1.082539,1.240892,0.055384,0.695797,-0.045301,0.45,197.655
470,cruise,3794.289602,76.501326,61.793335,96.669066,177.438085,687.158074,22.449076,0.916437,12.961397,19.527635,3282.846347,vibration_bearing_fault,1,2,250,550,-1.165183,0.078808,-0.427874,-0.658174,1.321674,-0.04444,0.705448,0.125523,0.45,197.65
471,cruise,3807.515785,74.123136,61.907472,96.789501,176.806472,683.964802,22.888348,0.924419,12.846096,21.194666,3355.046169,vibration_bearing_fault,1,2,250,550,0.27459,-0.250686,0.902637,-0.108211,-1.224536,0.047976,0.699854,-0.006312,0.45,197.645
472,cruise,3817.608904,74.422327,61.863199,97.238789,176.852641,682.359241,22.567512,0.922524,12.816373,19.317325,3301.997609,vibration_bearing_fault,1,2,250,550,0.564043,-0.624772,0.587345,-0.202564,1.53432,0.005671,0.704077,0.004664,0.45,197.64
473,cruise,3812.41263,74.459225,62.039347,96.511694,177.600345,684.559899,22.749479,0.922759,13.000022,17.693944,3406.683232,vibration_bearing_fault,1,2,250,550,2.224892,0.275705,-0.230162,1.027268,-0.495096,-0.135882,0.70273,-0.070641,0.45,197.635
474,cruise,3816.621373,74.931552,61.914074,97.045339,176.597818,691.415064,22.595198,0.927826,12.948374,18.80699,3187.514122,vibration_bearing_fault,1,2,250,550,-4.285931,0.143644,0.243342,0.812383,-0.044392,0.098892,0.695352,-0.017608,0.45,197.63
475,cruise,3835.310372,77.019158,61.581272,96.662441,177.228569,687.542276,22.817846,0.908965,13.184304,19.495081,3466.343244,vibration_bearing_fault,1,2,250,550,2.472242,0.036578,-0.392843,0.824697,-0.451756,0.138656,0.689834,-0.032001,0.45,197.625
476,cruise,3824.272463,73.977545,62.50431,97.306037,176.911506,684.938122,23.191129,0.925769,12.803546,19.328671,3124.265679,vibration_bearing_fault,1,2,250,550,2.448947,0.406443,-0.44006,-2.405765,-1.167208,0.018033,0.692006,0.010289,0.45,197.62
477,cruise,3842.791326,74.629509,63.091816,96.629095,178.344585,684.698155,22.652296,0.919668,12.517891,19.067133,3280.011769,vibration_bearing_fault,1,2,250,550,-4.443294,-0.348236,0.119823,0.505978,2.366421,-0.085959,0.694823,-0.063745,0.45,197.615
478,cruise,3811.568412,75.976094,62.013306,96.815933,176.56124,683.485399,22.42916,0.938569,13.109566,18.664433,3141.233563,vibration_bearing_fault,1,2,250,550,0.024856,-0.184649,0.404787,-1.045209,0.26328,-0.122552,0.702017,-0.170044,0.45,197.61
479,cruise,3806.707838,76.238679,62.293567,97.051719,177.507519,687.926776,22.807705,0.933198,12.856382,19.172905,3376.306622,vibration_bearing_fault,1,2,250,550,1.90659,-0.752651,0.592046,-0.770652,-1.090638,-0.025477,0.69875,0.121552,0.45,197.605
480,cruise,3835.279123,76.377095,62.171801,96.654776,178.004577,683.814563,22.656779,0.923748,12.751292,19.7243,3274.570573,vibration_bearing_fault,1,2,250,550,3.028244,-0.06001,-0.032023,-1.163588,1.054196,0.031015,0.698823,0.140353,0.45,197.6
481,cruise,3798.408757,76.074986,62.425289,96.505431,175.738858,684.184184,22.944748,0.921816,12.741983,20.79183,3315.26548,vibration_bearing_fault,1,2,250,550,-0.52483,0.604733,-0.21054,0.092401,0.78933,0.111024,0.701413,-0.03126,0.45,197.595
482,cruise,3834.376941,75.685518,61.389132,97.472363,178.156748,682.268885,22.897018,0.921957,12.854419,17.293703,3221.46963,vibration_bearing_fault,1,2,250,550,-0.226854,-0.346187,0.350711,-0.6431,-0.03418,0.087331,0.699938,-0.119883,0.45,197.59
483,cruise,3827.364055,74.854897,61.913501,95.828135,175.763903,684.350365,22.623759,0.92227,13.08472,20.587947,3221.465044,vibration_bearing_fault,1,2,250,550,6.093375,0.11442,-0.416493,0.82241,1.345665,0.111297,0.703308,0.101904,0.45,197.585
484,cruise,3820.211917,73.258283,62.103964,97.089632,176.763051,684.199322,22.88062,0.932382,12.810583,18.956921,3288.222648,vibration_bearing_fault,1,2,250,550,1.637323,-0.376033,0.514631,-1.107423,0.014845,-0.061685,0.69587,-0.147549,0.45,197.58
485,cruise,3825.280543,73.949059,61.783277,96.334085,176.891438,681.878664,22.627326,0.930212,13.044918,19.871942,3176.781248,vibration_bearing_fault,1,2,250,550,0.212449,-0.170804,-0.758841,-0.538082,0.02761,-0.139109,0.698837,-0.098782,0.45,197.575
486,cruise,3825.661433,76.643269,61.56141,97.565187,179.155866,681.874138,22.610471,0.927044,13.073054,19.618825,3451.914687,vibration_bearing_fault,1,2,250,550,0.03708,-0.377314,0.429178,-0.274088,1.357304,-0.007142,0.69976,0.040877,0.45,197.57
487,cruise,3813.886006,74.250374,62.255918,96.300005,175.777308,684.917228,22.830944,0.92537,12.549618,18.597683,3141.698489,vibration_bearing_fault,1,2,250,550,-0.945536,-0.97,0.056206,0.798033,1.807692,0.324634,0.702732,0.060729,0.45,197.565
488,cruise,3819.527152,73.240944,61.811326,97.420699,176.044526,682.723502,22.608606,0.919404,12.753898,18.444529,3262.434654,vibration_bearing_fault,1,2,250,550,-4.541104,0.824127,0.189777,0.659269,0.701047,-0.038572,0.704636,-0.020742,0.45,197.56
489,cruise,3823.004474,75.524373,61.901485,96.495027,179.644159,686.138084,22.812523,0.920366,12.779351,18.710344,3157.960828,vibration_bearing_fault,1,2,250,550,4.959468,-0.718387,-0.972638,1.959205,-2.181446,-0.08692,0.702631,0.029206,0.45,197.555
490,cruise,3836.98847,73.782506,62.317442,96.261446,177.934747,679.89781,22.725766,0.930629,13.063575,18.294506,3314.463849,vibration_bearing_fault,1,2,250,550,3.516718,-1.060722,0.165514,2.142701,1.0735,-0.284757,0.694385,0.145571,0.45,197.55
491,cruise,3849.99582,75.125588,62.394604,97.127017,177.855057,682.490401,23.009596,0.9366,13.030369,19.13494,3278.089082,vibration_bearing_fault,1,2,250,550,-0.789022,-0.493836,0.119765,-0.085391,3.545749,0.244133,0.691621,-0.006419,0.45,197.545
492,cruise,3826.296006,73.913741,61.575661,97.49933,175.584389,678.322668,22.474707,0.922269,12.893189,18.819821,3308.893034,vibration_bearing_fault,1,2,250,550,3.026153,0.299086,0.138071,0.379438,0.996882,-0.225944,0.704152,-0.043412,0.45,197.54
493,cruise,3846.043553,75.528899,61.94547,97.206199,177.172014,683.872658,22.851893,0.935753,13.127364,18.215106,3194.405547,vibration_bearing_fault,1,2,250,550,-1.139252,0.349911,0.155907,-0.513187,1.851309,-0.027343,0.699535,-0.012298,0.45,197.535
494,cruise,3801.916891,76.079668,61.952428,96.287942,176.972485,687.131319,22.539367,0.92158,12.78198,19.211396,3236.562727,vibration_bearing_fault,1,2,250,550,-0.417866,0.071362,-0.645272,-0.274763,0.21967,0.11282,0.699996,-0.006626,0.45,197.53
495,cruise,3817.323632,73.353186,62.384317,97.579707,178.171758,684.379011,22.760039,0.920774,12.76206,19.410407,3088.706464,vibration_bearing_fault,1,2,250,550,-3.408351,0.143787,-0.275447,-0.419025,0.810996,-0.063385,0.70406,-0.138983,0.45,197.525
496,cruise,3829.427875,74.184896,61.635662,96.311915,175.622496,682.970141,22.78099,0.922432,12.78723,19.095357,3164.33928,vibration_bearing_fault,1,2,250,550,1.855478,0.129572,-0.326027,0.954825,-2.275181,0.024357,0.693924,0.072637,0.45,197.52
497,cruise,3804.629474,72.710726,61.752691,95.706829,177.663228,682.232064,22.865015,0.923584,12.815857,18.503294,3274.793907,vibration_bearing_fault,1,2,250,550,4.423628,0.175245,-0.32644,0.328143,2.437928,0.176885,0.70643,-0.067035,0.45,197.515
498,cruise,3836.917569,76.287263,61.979721,96.942173,177.105213,682.517322,22.558684,0.933039,12.661364,20.242858,3313.817918,vibration_bearing_fault,1,2,250,550,1.156448,0.270844,-0.091647,-1.781571,-1.039465,0.249383,0.692965,-0.040314,0.45,197.51
499,cruise,3823.293207,75.106727,61.749557,96.287641,177.022312,683.732398,22.98656,0.92611,12.902294,20.057758,3098.784256,vibration_bearing_fault,1,2,250,550,0.175597,0.299282,-0.701155,-0.3692,-1.77376,0.163786,0.700595,0.027959,0.45,197.505
500,cruise,3809.928604,76.264966,61.959523,96.342095,176.083879,678.581713,22.569103,0.926369,12.92317,20.003977,3189.227677,vibration_bearing_fault,1,2,250,550,0.686091,-0.022168,-0.175064,0.385481,1.295097,0.122793,0.705188,0.05964,0.45,197.5
501,cruise,3867.979398,71.685555,61.931116,96.759642,176.964871,680.79692,22.609783,0.928019,12.740197,20.239542,3237.615277,vibration_bearing_fault,1,2,250,550,-5.570635,-0.088638,-0.280665,-0.351562,0.134498,-0.117228,0.699912,-0.073214,0.45,197.495
502,cruise,3820.066106,75.50735,63.061037,96.436197,177.327138,682.472598,22.663264,0.925753,12.892966,19.409118,3288.628109,vibration_bearing_fault,1,2,250,550,-1.824208,-0.049577,0.330865,0.074852,-0.646994,0.212903,0.703507,0.075683,0.45,197.49
503,cruise,3842.806164,72.98427,62.497344,96.491285,177.075863,684.704663,22.813759,0.929376,13.088847,16.179122,3300.363231,vibration_bearing_fault,1,2,250,550,-3.957801,-0.340593,0.426134,1.502085,1.495844,0.074633,0.699155,0.048271,0.45,197.485
504,cruise,3802.543702,75.446414,61.970644,96.986185,176.157867,686.870768,22.934416,0.919665,13.083405,20.039774,3290.385983,vibration_bearing_fault,1,2,250,550,4.811075,-0.400813,-0.249034,1.325627,-1.174316,0.025259,0.698683,-0.118498,0.45,197.48
505,cruise,3792.548636,75.253747,61.614995,97.075727,176.688694,680.15847,22.813757,0.923037,12.712307,17.204296,3412.901818,vibration_bearing_fault,1,2,250,550,-3.543164,0.538592,0.555271,-0.031688,1.184864,-0.243502,0.69399,0.01351,0.45,197.475
506,cruise,3799.649492,74.499067,61.473709,96.237071,175.570224,682.354281,23.131742,0.921599,12.914403,17.801077,3296.236408,vibration_bearing_fault,1,2,250,550,-0.705114,-0.37913,0.625317,0.319331,0.792127,-0.091916,0.696225,-0.020219,0.45,197.47
507,cruise,3802.591507,75.804573,61.961082,96.637791,177.842361,684.529072,22.419511,0.92647,12.891527,17.414245,3167.028379,vibration_bearing_fault,1,2,250,550,-2.789085,-0.313225,-0.075703,-0.563933,0.227089,-0.014896,0.696262,-0.056291,0.45,197.465
508,cruise,3782.400224,75.652967,61.702729,96.784493,178.69476,682.250748,22.849647,0.93074,12.989271,18.232642,3219.607803,vibration_bearing_fault,1,2,250,550,-0.047502,-0.052908,-0.149559,-0.508644,-0.186259,0.198501,0.701885,-0.12063,0.45,197.46
509,cruise,3796.938438,75.513381,61.792515,96.502405,178.97944,682.648479,22.835669,0.921714,12.875333,19.32505,3243.043189,vibration_bearing_fault,1,2,250,550,4.731925,0.276345,0.465784,0.159159,-1.407588,0.131186,0.700605,0.009123,0.45,197.455
510,cruise,3792.947364,74.192204,61.923214,96.559495,178.591944,689.875816,22.726357,0.912161,13.060215,18.363459,3356.004034,vibration_bearing_fault,1,2,250,550,1.718675,-0.29185,0.020689,-1.045458,-0.14645,0.198277,0.697508,0.027709,0.45,197.45
511,cruise,3816.637685,75.136995,61.820485,96.735517,177.517654,681.382779,22.809427,0.932472,12.945041,18.719895,3395.423028,vibration_bearing_fault,1,2,250,550,-1.237412,-0.722644,-0.77993,-0.185296,-0.68201,-0.114483,0.702939,-0.030937,0.45,197.445
512,cruise,3827.048807,76.087846,61.376708,95.713371,178.458778,683.376625,22.429532,0.924644,12.783307,18.048373,3092.782371,vibration_bearing_fault,1,2,250,550,1.157914,0.629354,-0.013127,-0.207991,1.052389,0.2349,0.705889,-0.039513,0.45,197.44
513,cruise,3825.804537,72.760319,62.575505,96.758107,177.624913,685.634271,22.326206,0.929543,12.971309,18.282482,3286.697973,vibration_bearing_fault,1,2,250,550,5.992836,0.209956,-0.029978,-0.333906,-1.417786,0.255323,0.700951,0.050623,0.45,197.435
514,cruise,3837.651555,73.70033,61.734652,96.812951,177.823148,685.685615,22.15767,0.936781,12.978534,17.644184,3283.23691,vibration_bearing_fault,1,2,250,550,3.806229,-0.026098,0.738162,-0.746588,-0.226555,0.150666,0.703317,-0.089892,0.45,197.43
515,cruise,3789.153111,74.432301,61.784802,96.698607,177.379707,685.822844,22.912728,0.930533,12.673816,17.952159,3319.641884,vibration_bearing_fault,1,2,250,550,2.009479,0.249778,-0.107448,0.499245,-0.288566,-0.198734,0.70619,0.140492,0.45,197.425
516,cruise,3797.318863,74.517683,62.302602,96.359492,176.167171,687.024428,23.01963,0.927368,12.894192,19.158128,3388.576617,vibration_bearing_fault,1,2,250,550,-4.741796,0.569152,-0.541375,-0.068576,0.187087,0.283073,0.685103,-0.187373,0.45,197.42
517,cruise,3831.864241,73.706021,61.416583,96.450899,177.572684,690.133413,22.591498,0.924854,12.491122,17.368711,3248.329288,vibration_bearing_fault,1,2,250,550,-0.281756,-0.263767,0.050604,1.031257,-2.852658,0.087429,0.706297,0.057381,0.45,197.415
518,cruise,3810.971264,74.255771,62.097489,95.689841,177.794494,683.545699,22.856858,0.929975,12.857732,19.863268,3348.668704,vibration_bearing_fault,1,2,250,550,0.94219,0.294227,0.762738,-0.218648,-0.66655,0.165338,0.697832,0.030227,0.45,197.41
519,cruise,3829.341808,75.419227,61.793322,97.02598,176.332143,685.691668,22.831517,0.942999,12.863255,16.291414,3347.312463,vibration_bearing_fault,1,2,250,550,-1.408303,-0.168044,-0.805655,-0.521919,1.858041,-0.097224,0.691753,-0.045307,0.45,197.405
520,cruise,3818.393659,75.258187,62.285179,96.41418,177.170213,682.568335,22.713762,0.921382,13.026396,19.880338,3202.669324,vibration_bearing_fault,1,2,250,550,-0.251271,0.2547,0.14792,-0.580802,-3.36506,0.163239,0.688734,0.022553,0.45,197.4
521,cruise,3814.870455,73.968094,61.361526,97.343517,177.103503,681.476606,22.84211,0.921774,13.111096,19.696223,3167.393758,vibration_bearing_fault,1,2,250,550,2.327002,0.375199,-0.016094,0.655985,-0.408641,-0.036381,0.703673,0.165003,0.45,197.395
522,cruise,3818.687382,75.377998,62.43687,96.378216,176.071557,683.638988,23.085873,0.914979,12.908116,19.929486,3252.756393,vibration_bearing_fault,1,2,250,550,2.798859,0.196727,-0.164869,-0.255467,-1.654086,0.104306,0.696476,0.041251,0.45,197.39
523,cruise,3826.472578,74.922932,62.286319,96.846994,176.626846,688.144054,22.495145,0.9254,12.720577,18.147184,3133.8718,vibration_bearing_fault,1,2,250,550,-3.986744,0.177602,0.15847,1.108352,4.19691,0.21016,0.695702,-0.167809,0.45,197.385
524,cruise,3795.560339,75.215319,62.03684,96.032309,176.753201,684.271121,22.615766,0.927909,12.766909,17.581215,3159.031484,vibration_bearing_fault,1,2,250,550,1.698313,0.394558,0.55844,-0.636576,-1.622093,-0.314213,0.695205,0.081812,0.45,197.38
525,cruise,3827.567886,74.748196,62.253155,96.835043,175.831797,682.287729,22.850857,0.932727,12.860342,18.554928,3379.455962,vibration_bearing_fault,1,2,250,550,-1.754062,-0.541084,0.69331,-0.672239,-0.992716,0.014651,0.701017,0.004909,0.45,197.375
526,cruise,3817.470416,73.346235,61.616553,96.763767,177.551613,681.558569,22.628382,0.927407,13.042068,18.131285,3284.268234,vibration_bearing_fault,1,2,250,550,-1.906064,-0.271743,-0.389201,-0.293457,0.835091,0.22683,0.696684,-0.040874,0.45,197.37
527,cruise,3819.642841,74.334694,62.222798,96.038675,178.289862,684.508797,22.841433,0.93099,12.896173,19.339353,3248.885602,vibration_bearing_fault,1,2,250,550,5.2463,0.371173,0.509396,-0.200242,-1.037119,-0.130012,0.697183,0.031947,0.45,197.365
528,cruise,3826.708226,73.013447,62.837814,97.003122,178.894878,684.405586,22.868217,0.934705,12.734637,20.762382,3427.932807,vibration_bearing_fault,1,2,250,550,-2.110494,0.127339,0.143201,-0.678259,-1.572119,0.027759,0.699086,0.188056,0.45,197.36
529,cruise,3808.161177,73.813117,62.560962,96.795768,179.262546,684.947748,22.920612,0.934307,12.905731,19.810168,3265.651252,vibration_bearing_fault,1,2,250,550,-2.905435,-0.420108,0.348329,0.605673,0.108227,-0.274344,0.692558,0.030298,0.45,197.355
530,cruise,3825.559257,72.937082,61.23392,97.1424,175.817221,684.184315,22.783583,0.930546,12.828364,19.718355,3136.977147,vibration_bearing_fault,1,2,250,550,-2.933514,0.02626,0.338627,1.170646,-3.49144,-0.07323,0.685053,-0.118351,0.45,197.35
531,cruise,3855.009464,74.859391,62.100685,96.174872,177.97548,682.155005,22.65988,0.926373,12.694523,18.217421,3102.202363,vibration_bearing_fault,1,2,250,550,1.925229,-0.575713,-0.598198,0.63364,-2.606783,-0.217703,0.693651,-0.086821,0.45,197.345
532,cruise,3816.977249,76.447929,62.099174,96.71663,176.0762,680.463661,23.065739,0.920628,12.535833,21.110732,3271.369274,vibration_bearing_fault,1,2,250,550,-1.393865,-0.181433,1.019798,0.087878,0.961072,0.147886,0.698638,0.007404,0.45,197.34
533,cruise,3827.179284,74.065658,61.194857,96.030247,174.528638,682.636693,22.765108,0.925089,13.065715,22.411672,3335.734288,vibration_bearing_fault,1,2,250,550,0.136831,-0.159376,0.208592,0.353441,-2.787052,0.131181,0.702842,-0.021039,0.45,197.335
534,cruise,3838.189948,76.1455,62.680556,96.503317,176.74234,680.726555,22.891087,0.940722,12.789068,18.75161,3131.544137,vibration_bearing_fault,1,2,250,550,-2.199618,0.413779,-0.41927,0.79208,2.127638,0.03002,0.698633,0.05965,0.45,197.33
535,cruise,3799.270244,75.015349,61.644146,97.046072,177.317265,680.094385,22.816365,0.934278,12.885571,19.416628,3226.350245,vibration_bearing_fault,1,2,250,550,4.446409,0.107039,-0.031827,-0.238867,-1.281164,0.038906,0.697561,-0.021016,0.45,197.325
536,cruise,3817.642682,74.002753,61.948667,96.730633,175.665037,685.512974,22.592312,0.92143,12.872735,18.330305,3418.524669,vibration_bearing_fault,1,2,250,550,-0.428423,0.455548,-0.714491,0.420545,2.149397,0.081792,0.698387,0.056308,0.45,197.32
537,cruise,3842.962733,73.54807,62.168613,96.979434,178.245059,684.356733,22.789732,0.920718,12.631331,18.117971,3179.884484,vibration_bearing_fault,1,2,250,550,-2.740818,0.236317,0.25854,-0.718605,-0.883948,-0.077197,0.698116,-0.061522,0.45,197.315
538,cruise,3799.652661,75.342654,61.369731,96.309633,177.234441,683.417362,22.930645,0.931065,12.836857,19.752528,3123.099373,vibration_bearing_fault,1,2,250,550,1.799786,-0.100712,-0.541717,-0.421396,4.227721,0.123982,0.705503,-0.008002,0.45,197.31
539,cruise,3817.110679,74.614002,62.080276,97.032073,178.464123,686.6026,22.68544,0.924636,12.942249,19.719289,3305.635499,vibration_bearing_fault,1,2,250,550,-2.612276,0.141574,1.194207,-0.385642,1.954456,-0.160173,0.702785,0.044994,0.45,197.305
540,cruise,3793.489257,72.142916,62.333896,97.902733,177.306108,681.390266,22.541931,0.926213,13.00572,17.830796,3269.936265,vibration_bearing_fault,1,2,250,550,-0.310399,0.161133,-0.431935,-0.372752,-2.286579,0.139114,0.692711,0.032567,0.45,197.3
541,cruise,3848.829143,74.964278,61.491013,96.170407,175.264581,686.889869,22.997894,0.927422,12.698806,19.631072,3228.425676,vibration_bearing_fault,1,2,250,550,-6.510103,0.199796,-1.138081,0.352546,1.230311,-0.029414,0.700462,-0.036008,0.45,197.295
542,cruise,3792.345244,74.408718,61.345374,96.69773,176.863701,682.147943,22.880746,0.912596,12.822632,19.866976,3127.674399,vibration_bearing_fault,1,2,250,550,0.645445,-0.595192,-0.187509,-0.702948,0.59542,0.315898,0.697908,-0.056661,0.45,197.29
543,cruise,3809.648154,75.550154,61.931845,96.440399,179.309711,682.902161,22.943578,0.924279,13.272666,19.963254,3319.925919,vibration_bearing_fault,1,2,250,550,-3.672565,-0.261996,-0.359604,-0.121751,0.406505,0.105742,0.702591,0.013989,0.45,197.285
544,cruise,3822.048242,72.865455,61.514356,97.545987,177.18195,683.437309,22.848904,0.934451,12.830896,18.957749,3419.662325,vibration_bearing_fault,1,2,250,550,3.375877,-0.175316,0.250907,-0.232798,-0.392689,0.196291,0.702055,-0.075229,0.45,197.28
545,cruise,3794.140154,75.275363,61.957185,96.074773,177.458441,685.985965,22.752684,0.921357,12.853171,18.543558,3245.441059,vibration_bearing_fault,1,2,250,550,2.859563,0.363959,-0.224073,0.480282,-0.187015,-0.184601,0.699771,-0.143007,0.45,197.275
546,cruise,3838.496709,75.014395,62.188534,96.257442,178.466664,686.138873,22.962194,0.924046,12.726678,17.428299,3090.276618,vibration_bearing_fault,1,2,250,550,-1.457451,-0.274352,0.760731,0.248745,-3.110964,0.085342,0.693527,-0.047692,0.45,197.27
547,cruise,3815.22428,76.069654,61.433628,96.903291,177.446824,682.471631,22.655646,0.923376,12.953017,18.384427,3304.923867,vibration_bearing_fault,1,2,250,550,-0.99908,-0.161716,-0.255431,-0.119575,1.545401,-0.094596,0.701459,-0.078152,0.45,197.265
548,cruise,3834.55623,74.48779,61.954781,96.142785,179.299955,684.613559,22.505962,0.925935,12.865691,17.414477,3370.678354,vibration_bearing_fault,1,2,250,550,-0.528457,0.975336,0.617656,0.236478,-1.37956,-0.117515,0.700305,-0.07407,0.45,197.26
549,cruise,3815.945333,73.979677,62.190603,96.852689,176.900123,683.751374,22.664038,0.936134,12.957083,17.003768,3357.362643,vibration_bearing_fault,1,2,250,550,2.659905,0.130813,-0.153224,-0.741008,0.680078,-0.029073,0.706814,-0.001415,0.45,197.255
550,cruise,3831.638026,72.727524,62.291754,96.697557,176.970168,684.466038,22.782732,0.92991,12.966519,18.366659,3445.053027,vibration_bearing_fault_recovering,1,1,0,0,3.359459,0.530679,0.219825,-0.491454,0.383961,0.016816,0.703254,-0.192439,0.45,197.25
551,cruise,3784.529382,75.874307,61.384469,96.723851,177.10909,683.082602,22.564477,0.912308,12.859941,19.864202,3259.005098,vibration_bearing_fault_recovering,1,1,0,0,0.694282,-0.283916,0.950029,0.282389,-0.136185,-0.298609,0.70147,-0.019797,0.453611,197.245
552,cruise,3852.572446,73.951456,61.745206,96.121577,176.273835,686.804344,22.967869,0.917621,12.650147,17.61829,3248.01695,vibration_bearing_fault_recovering,1,1,0,0,-2.531485,0.159273,0.462508,-0.190415,1.007476,-0.264674,0.697294,-0.05168,0.457222,197.24
553,cruise,3813.942929,73.915612,62.455364,97.13698,178.279424,682.3863,22.689402,0.908653,12.943265,18.83213,3131.63711,vibration_bearing_fault_recovering,1,1,0,0,-2.018829,-0.048232,0.750487,-0.120514,1.698434,0.150345,0.681748,0.066761,0.460833,197.235
554,cruise,3801.222457,75.135276,61.624727,96.475235,177.494427,688.563556,22.424831,0.910837,12.829474,18.217822,3298.511019,vibration_bearing_fault_recovering,1,1,0,0,-1.5936,0.508781,0.880968,1.071118,0.060313,-0.070348,0.675055,-0.071666,0.464444,197.23
555,cruise,3856.503939,73.448278,62.66069,95.967324,175.64294,683.369827,22.654087,0.898418,12.782334,19.215086,3279.045493,vibration_bearing_fault_recovering,1,1,0,0,2.944216,-0.017456,-0.036526,-0.541749,-0.075205,0.024126,0.683529,-0.082875,0.468056,197.225
556,cruise,3845.737088,73.964371,62.346518,96.518794,177.645238,680.819092,22.910569,0.898377,12.777577,18.025432,3314.030694,vibration_bearing_fault_recovering,1,1,0,0,5.024767,-0.304508,0.398101,-0.673921,0.584738,-0.016674,0.673431,-0.081249,0.471667,197.22
557,cruise,3795.359809,74.819516,62.641055,96.772254,178.462873,677.543693,22.723049,0.898768,12.914155,19.145669,3093.692859,vibration_bearing_fault_recovering,1,1,0,0,-0.37673,-0.174084,0.454168,0.752543,-1.92008,0.014206,0.678014,0.085754,0.475278,197.215
558,cruise,3797.280255,75.79855,61.818856,96.585637,175.603536,681.882766,22.654022,0.884881,12.763011,16.307048,3316.135307,vibration_bearing_fault_recovering,1,1,0,0,0.696561,-0.131968,0.369983,-0.39827,-0.756284,0.071179,0.665988,-0.069195,0.478889,197.21
559,cruise,3842.41811,75.17964,62.237095,96.374781,177.529256,687.728842,22.26848,0.886673,12.936737,18.94417,3304.167964,vibration_bearing_fault_recovering,1,1,0,0,3.331786,0.547457,-0.018331,0.596048,-2.084631,-0.032039,0.652492,0.022556,0.4825,197.205
560,cruise,3820.220298,73.143014,61.721622,96.726104,176.199,684.22141,22.48367,0.879749,12.818422,18.574716,3295.109854,vibration_bearing_fault_recovering,1,1,0,0,-0.611672,-0.269617,-0.223402,0.68287,0.608925,0.154049,0.653919,0.05945,0.486111,197.2
561,cruise,3784.736326,75.400974,61.78504,96.113587,176.480396,686.713316,22.91797,0.876686,12.880717,19.003263,3265.128815,vibration_bearing_fault_recovering,1,1,0,0,-1.247016,0.34103,0.088144,0.575957,0.794641,0.13523,0.639545,-0.035962,0.489722,197.195
562,cruise,3802.990939,74.471364,62.567348,95.826929,177.396224,688.353128,22.981373,0.874278,12.808864,19.401499,3423.158887,vibration_bearing_fault_recovering,1,1,0,0,-3.160498,-0.54961,0.519941,1.239728,0.742959,0.120309,0.629361,0.002738,0.493333,197.19
563,cruise,3806.370618,74.677309,61.429265,97.206066,175.369753,679.979883,22.637703,0.876935,12.822194,19.269147,3377.140577,vibration_bearing_fault_recovering,1,1,0,0,-1.648078,-0.279352,-0.147783,-0.265249,0.278159,0.01677,0.643022,-0.102203,0.496944,197.185
564,cruise,3832.584183,72.70043,62.267291,97.000103,178.274744,676.410988,22.572914,0.860892,13.085669,21.011029,3144.403164,vibration_bearing_fault_recovering,1,1,0,0,-7.758717,0.388787,0.509981,-0.293658,0.589177,-0.084644,0.63798,-0.053395,0.500556,197.18
565,cruise,3830.402486,75.437479,61.643123,96.192593,178.035277,683.17716,22.701439,0.858393,12.847223,20.488808,3318.937045,vibration_bearing_fault_recovering,1,1,0,0,-1.981711,0.290725,0.668372,0.865411,2.181093,0.140003,0.629896,-0.052919,0.504167,197.175
566,cruise,3816.578254,75.344473,61.762955,97.227998,178.197708,686.65812,22.628298,0.851211,12.929023,18.88358,3203.726789,vibration_bearing_fault_recovering,1,1,0,0,2.367185,0.406009,-0.330477,-0.138548,-2.488178,0.023212,0.626802,-0.043696,0.507778,197.17
567,cruise,3829.521824,75.305902,61.103661,97.270374,177.492622,685.743241,22.811154,0.845539,12.840018,19.447331,3209.545922,vibration_bearing_fault_recovering,1,1,0,0,2.531697,0.592851,0.410312,1.034303,-0.215949,0.029349,0.626074,0.020844,0.511389,197.165
568,cruise,3835.383852,72.688226,62.217459,96.31339,175.868448,678.718021,22.792488,0.838419,13.062008,18.560097,3386.739108,vibration_bearing_fault_recovering,1,1,0,0,0.143084,-0.625491,-0.13911,-0.489625,-1.895839,-0.1276,0.6233,0.059599,0.515,197.16
569,cruise,3793.38577,74.049484,61.447521,97.321983,176.635305,685.93895,22.615473,0.82873,12.68331,19.585332,3189.045665,vibration_bearing_fault_recovering,1,1,0,0,2.985309,0.408777,-0.241959,-0.155638,-0.478436,-0.118998,0.615415,-0.188191,0.518611,197.155
570,cruise,3823.084201,73.479809,61.977158,96.894075,176.157582,686.102603,22.590849,0.831164,12.838828,17.781612,3104.397652,vibration_bearing_fault_recovering,1,1,0,0,2.449655,0.385463,-0.705679,0.082866,0.943111,0.042592,0.606434,-0.013079,0.522222,197.15
571,cruise,3784.039384,73.931453,61.840381,96.272655,180.373145,684.10678,22.462017,0.826686,13.075034,17.579226,3205.982777,vibration_bearing_fault_recovering,1,1,0,0,-0.65985,-0.113126,0.232062,-0.851736,-2.719128,-0.024823,0.598119,-0.087493,0.525833,197.145
572,cruise,3822.123922,73.977212,61.743157,96.294325,178.253492,683.775665,22.818737,0.827535,12.963003,19.831325,3255.390808,vibration_bearing_fault_recovering,1,1,0,0,-1.782221,-0.175141,-0.511742,-0.322645,1.258285,0.124294,0.603295,0.029309,0.529444,197.14
573,cruise,3807.827909,75.06285,61.413391,96.410917,178.070809,685.885091,22.734679,0.814676,12.951731,19.038544,3467.416818,vibration_bearing_fault_recovering,1,1,0,0,0.795533,-0.283025,-1.338826,-0.581023,-1.876743,0.122788,0.600086,-0.177115,0.533056,197.135
574,cruise,3844.061303,73.652971,61.669292,96.508448,177.309067,685.335442,22.992414,0.814341,12.85126,17.472736,3208.167206,vibration_bearing_fault_recovering,1,1,0,0,-0.834172,0.213032,0.029274,-0.393447,0.601998,0.04282,0.594374,-0.087966,0.536667,197.13
575,cruise,3806.615428,76.247533,62.593695,97.002206,174.899484,680.504517,22.29878,0.803191,12.909235,18.149804,3215.24424,vibration_bearing_fault_recovering,1,1,0,0,0.168602,0.454015,0.631543,-0.998265,2.151768,-0.057512,0.589565,0.000312,0.540278,197.125
576,cruise,3787.450986,73.811549,61.489909,96.486408,177.276373,681.277769,22.772953,0.80412,12.731247,17.649395,3199.061415,vibration_bearing_fault_recovering,1,1,0,0,-2.439248,-0.269164,0.204931,0.575818,0.900963,-0.351386,0.580822,-0.060019,0.543889,197.12
577,cruise,3802.184695,72.326591,60.77282,96.57088,178.803682,679.521132,22.684178,0.801418,12.977369,18.420755,3419.591134,vibration_bearing_fault_recovering,1,1,0,0,0.139517,0.685726,-0.571364,1.6226,0.679222,-0.233546,0.570519,-0.010428,0.5475,197.115
578,cruise,3813.904696,74.255477,61.986821,97.301223,176.848916,681.497738,22.849052,0.797569,12.735492,18.503304,3211.964812,vibration_bearing_fault_recovering,1,1,0,0,-0.750313,0.526939,-0.161366,-1.367649,0.766619,-0.02887,0.568911,-0.007199,0.551111,197.11
579,cruise,3837.750933,73.78957,61.552261,96.503086,175.225321,685.634109,22.585045,0.790869,12.937811,19.190545,3150.523938,vibration_bearing_fault_recovering,1,1,0,0,1.057315,0.2865,-0.712947,-1.130046,0.798701,0.082574,0.570213,0.008224,0.554722,197.105
580,cruise,3833.77095,73.689284,61.279257,96.588306,178.407458,683.328769,22.826139,0.787326,13.100689,18.922882,3206.573594,vibration_bearing_fault_recovering,1,1,0,0,-0.314693,0.001231,0.054717,-0.295132,-1.317908,0.141348,0.566382,0.003896,0.558333,197.1
581,cruise,3815.204259,74.065799,62.135885,97.447259,177.55626,685.515661,22.907314,0.78441,12.919473,16.764142,3175.115386,vibration_bearing_fault_recovering,1,1,0,0,4.241703,-0.926326,-0.139889,-0.0258,-2.303547,0.00572,0.55553,-0.019499,0.561944,197.095
582,cruise,3824.150436,76.176082,61.548954,95.784209,176.526102,683.770238,22.787444,0.786624,12.927707,18.31643,3177.647308,vibration_bearing_fault_recovering,1,1,0,0,-1.009715,-0.697903,0.095269,0.431587,-4.40588,-0.106863,0.55954,-0.117874,0.565556,197.09
583,cruise,3824.124589,74.341918,61.70782,96.460789,178.049551,686.62035,22.558151,0.769643,12.794783,20.553939,3387.482141,vibration_bearing_fault_recovering,1,1,0,0,1.439857,-0.386145,0.538965,-0.989878,-2.146715,0.266622,0.549168,-0.052054,0.569167,197.085
584,cruise,3810.500731,75.030774,62.177455,97.118893,175.767512,681.171546,22.73477,0.763502,12.928733,17.338889,3237.401157,vibration_bearing_fault_recovering,1,1,0,0,1.177666,0.087754,-0.207476,-0.223879,-0.468099,-0.197931,0.542026,-0.069598,0.572778,197.08
585,cruise,3791.644419,75.168443,62.114898,96.182969,176.841788,687.524077,22.771397,0.768786,12.891715,18.860867,3001.367989,vibration_bearing_fault_recovering,1,1,0,0,0.658207,-0.211679,0.701011,-0.108446,1.308729,0.161054,0.541883,0.000802,0.576389,197.075
586,cruise,3824.090425,74.608595,61.880064,97.191572,175.976313,683.816496,22.762132,0.767735,12.731209,20.81772,3318.104636,vibration_bearing_fault_recovering,1,1,0,0,-4.236191,0.117119,-0.423844,0.906446,-1.469093,-0.132897,0.528343,0.087664,0.58,197.07
587,cruise,3810.601444,74.313464,62.687067,96.275483,178.915441,682.282019,22.627107,0.757599,13.047652,19.883946,3347.064388,vibration_bearing_fault_recovering,1,1,0,0,-2.817762,0.472359,-0.227826,1.276477,0.364971,0.148167,0.527248,0.07538,0.583611,197.065
588,cruise,3801.215854,74.648952,62.320713,96.763222,179.072921,681.833997,22.546188,0.751699,12.870239,20.423453,3305.106109,vibration_bearing_fault_recovering,1,1,0,0,-0.476706,0.065691,0.389622,1.191423,0.606427,-0.118602,0.524725,-0.092695,0.587222,197.06
589,cruise,3826.963518,74.526039,62.274648,96.579902,176.847759,683.053897,22.922355,0.75291,12.895965,18.522338,3164.625684,vibration_bearing_fault_recovering,1,1,0,0,7.816337,0.534167,0.33775,0.271967,-1.830627,0.047273,0.527926,-0.001185,0.590833,197.055
590,cruise,3815.964953,75.92055,62.203797,96.060569,177.565479,680.793046,22.706594,0.745099,12.731248,18.873105,3188.067935,vibration_bearing_fault_recovering,1,1,0,0,-4.821604,0.304871,-0.435237,-0.35241,1.936197,-0.220174,0.510238,0.017312,0.594444,197.05
591,cruise,3835.463977,72.709313,61.993243,96.599192,176.878816,684.57469,22.65968,0.739168,12.772248,19.489696,3259.682922,vibration_bearing_fault_recovering,1,1,0,0,0.968038,0.105432,-0.493731,-0.288365,0.920164,0.228822,0.505638,-0.089547,0.598056,197.045
592,cruise,3829.560802,75.132448,62.059446,96.565854,177.367809,685.132033,22.901182,0.731744,12.887293,21.406896,3270.823512,vibration_bearing_fault_recovering,1,1,0,0,-1.311495,-0.05632,0.658691,1.04393,2.215742,0.067434,0.510711,-0.030488,0.601667,197.04
593,cruise,3853.992109,75.484914,61.883398,98.178141,177.715699,685.4517,22.988279,0.737066,13.108276,18.44138,3345.854492,vibration_bearing_fault_recovering,1,1,0,0,3.603492,0.064699,-0.054273,-0.515567,-1.63583,0.119109,0.509537,-0.04471,0.605278,197.035
594,cruise,3852.195586,74.263374,62.069398,96.1797,175.971821,686.31123,22.535044,0.722664,12.935839,17.018843,3300.151243,vibration_bearing_fault_recovering,1,1,0,0,2.911128,-0.381213,0.112546,-0.576056,-0.140522,-0.075039,0.495075,-0.006864,0.608889,197.03
595,cruise,3796.594457,74.239177,62.080412,95.751746,177.795653,681.861522,22.923221,0.731261,12.974736,19.125226,3247.830677,vibration_bearing_fault_recovering,1,1,0,0,-3.913649,-0.14813,-0.057487,0.950851,-2.640536,0.067394,0.500434,0.062983,0.6125,197.025
596,cruise,3825.177604,76.031011,62.158731,97.669064,176.441268,683.953051,22.629706,0.704559,12.852659,19.727966,3358.447969,vibration_bearing_fault_recovering,1,1,0,0,-3.747102,-0.537754,0.169057,-0.012607,0.740262,0.063136,0.491304,-0.035176,0.616111,197.02
597,cruise,3835.356614,74.688277,61.943902,97.363975,176.59211,682.002765,22.590856,0.704471,13.011514,18.643166,3204.520492,vibration_bearing_fault_recovering,1,1,0,0,-1.293962,-0.038045,0.4232,-0.543989,1.961242,-0.177194,0.487966,-0.069064,0.619722,197.015
598,cruise,3823.441599,73.131872,62.837762,96.871164,176.345346,678.534808,22.539729,0.708201,13.01529,17.955317,3272.706761,vibration_bearing_fault_recovering,1,1,0,0,-0.525167,-0.202113,-0.206203,0.045248,1.31776,0.070553,0.470423,-0.05717,0.623333,197.01
599,cruise,3814.525693,74.422542,62.241382,97.192423,177.134001,681.726213,22.509934,0.697308,12.915751,19.559487,3214.572263,vibration_bearing_fault_recovering,1,1,0,0,-2.909609,0.046245,0.484876,0.350958,0.420498,0.011189,0.484599,-0.043841,0.626944,197.005
600,cruise,3803.730475,75.087593,61.758553,96.736368,177.659895,683.587267,22.596863,0.693223,13.019139,18.431057,3282.432833,vibration_bearing_fault_recovering,1,1,0,0,-1.220644,0.485285,0.206845,-0.186328,0.981941,0.099261,0.473184,0.017248,0.630556,197.0
601,cruise,3816.541446,74.10279,61.84065,96.953274,176.604823,685.81225,22.777781,0.693573,12.770585,18.617812,3197.304919,vibration_bearing_fault_recovering,1,1,0,0,0.397499,-0.078327,0.035867,-0.846049,0.392516,-0.028468,0.46525,0.041205,0.634167,196.995
602,cruise,3834.632589,77.236274,61.883989,96.136496,176.833854,682.419672,22.494681,0.686555,12.673371,19.202925,3140.344672,vibration_bearing_fault_recovering,1,1,0,0,-2.060524,-0.229422,-0.732494,0.833297,1.030859,-0.008189,0.45357,-0.054716,0.637778,196.99
603,cruise,3800.603255,74.048234,61.543291,95.978145,177.179986,684.734271,22.8391,0.682616,12.723958,20.806093,3152.186354,vibration_bearing_fault_recovering,1,1,0,0,-0.786487,0.35069,-0.178428,0.343022,1.962597,-0.290066,0.464241,-0.009538,0.641389,196.985
604,cruise,3836.299772,74.945954,62.88581,97.181531,177.903731,690.491129,22.501604,0.67938,12.971901,18.039101,3294.0202,vibration_bearing_fault_recovering,1,1,0,0,0.237211,-0.384201,0.996825,0.765092,-0.702578,0.008085,0.444407,0.000668,0.645,196.98
605,cruise,3808.219488,73.805316,60.809175,95.827867,177.105248,679.838254,22.716077,0.670993,12.854348,18.401298,3256.174904,vibration_bearing_fault_recovering,1,1,0,0,-1.54175,0.12677,-0.651851,1.174336,0.048441,-0.097136,0.446052,-0.048915,0.648611,196.975
606,cruise,3810.809935,74.658427,61.365069,96.342179,177.300438,682.967083,22.753402,0.655752,12.715463,19.151655,3147.304169,vibration_bearing_fault_recovering,1,1,0,0,1.606939,0.426205,-0.731115,0.862201,-0.829912,-0.039674,0.438846,0.04134,0.652222,196.97
607,cruise,3828.793821,73.086558,62.428019,96.717386,175.128617,679.778526,22.976696,0.660623,13.027793,18.609713,3174.149239,vibration_bearing_fault_recovering,1,1,0,0,-4.563663,0.614658,0.260077,0.020702,0.287455,0.201926,0.438629,0.012189,0.655833,196.965
608,cruise,3794.95819,74.320268,62.469158,97.244012,176.615672,688.388108,22.796649,0.654588,12.707647,19.637872,3475.294081,vibration_bearing_fault_recovering,1,1,0,0,0.197431,0.43574,-0.263806,0.005374,-0.650018,-0.071076,0.437004,-0.129385,0.659444,196.96
609,cruise,3851.493388,75.330516,61.262725,97.291392,177.142668,684.160243,22.613525,0.664915,12.88282,19.123639,3226.733435,vibration_bearing_fault_recovering,1,1,0,0,3.094682,0.414692,-0.615781,0.171335,-1.555122,-0.11479,0.421418,-0.080908,0.663056,196.955
610,cruise,3838.413664,75.238515,62.336374,97.328063,177.761193,686.357201,22.753865,0.644042,12.827895,18.857499,3359.589868,vibration_bearing_fault_recovering,1,1,0,0,1.217031,-0.209831,-0.65474,0.520916,-2.254423,-0.04307,0.426096,0.159195,0.666667,196.95
611,cruise,3807.013905,75.764798,62.522943,96.112416,176.641231,690.47898,22.862802,0.648798,12.615848,17.429454,3135.125199,vibration_bearing_fault_recovering,1,1,0,0,1.766394,0.048328,-1.173573,-0.576633,-1.468376,0.010923,0.418825,0.119981,0.670278,196.945
612,cruise,3801.942576,73.605126,62.143069,96.642831,177.128546,682.637986,23.068147,0.638198,12.783516,18.798169,3241.995629,vibration_bearing_fault_recovering,1,1,0,0,-2.876656,-0.486756,-0.45529,0.746462,-0.404082,-0.059246,0.415514,-0.069597,0.673889,196.94
613,cruise,3842.427437,75.511631,61.9259,96.756785,178.499599,681.201838,22.560197,0.633883,12.819661,18.86172,3280.641786,vibration_bearing_fault_recovering,1,1,0,0,-7.617811,0.1636,0.400665,1.493316,0.745878,0.01224,0.41232,0.054308,0.6775,196.935
614,cruise,3831.622265,75.891714,62.482814,95.622061,176.355655,685.842159,22.438672,0.634212,13.012253,17.166628,3266.268743,vibration_bearing_fault_recovering,1,1,0,0,2.280161,0.65886,-0.370649,-0.488799,-1.047083,-0.253361,0.410044,-0.024954,0.681111,196.93
615,cruise,3803.92089,76.455731,62.615775,97.033178,177.095915,684.006673,22.679096,0.628602,12.763085,19.878944,3145.739404,vibration_bearing_fault_recovering,1,1,0,0,-0.863897,0.302406,0.102565,0.966432,-1.544305,-0.001524,0.410213,-0.105151,0.684722,196.925
616,cruise,3825.343781,75.041324,62.198266,97.706961,176.614931,684.874103,22.724674,0.635147,12.860681,17.694463,3248.865968,vibration_bearing_fault_recovering,1,1,0,0,4.69027,-0.052791,0.768975,0.506479,-0.640957,0.041266,0.392944,-0.054836,0.688333,196.92
617,cruise,3823.431261,76.733566,61.384241,97.274471,177.330207,687.705131,22.573381,0.609751,12.688124,18.686957,3323.495865,vibration_bearing_fault_recovering,1,1,0,0,2.214958,-0.030662,-0.59651,-0.866929,1.078953,0.15722,0.387035,0.058795,0.691944,196.915
618,cruise,3842.344619,73.760543,62.198673,96.764508,176.86488,686.82928,22.494405,0.620359,12.72992,20.397288,3140.094814,vibration_bearing_fault_recovering,1,1,0,0,0.529995,-0.279114,0.123054,1.359953,-0.093142,0.014257,0.389831,-0.089949,0.695556,196.91
619,cruise,3830.748116,74.87647,61.564254,96.849814,174.500504,689.202447,22.693335,0.605325,12.860907,18.208721,3397.071624,vibration_bearing_fault_recovering,1,1,0,0,3.387935,-0.11348,0.111888,-0.498529,0.85699,-0.381939,0.378219,0.080043,0.699167,196.905
620,cruise,3855.78292,75.564379,61.826188,97.227525,176.401994,685.549235,22.556494,0.607309,13.131419,18.811183,3296.975592,vibration_bearing_fault_recovering,1,1,0,0,4.040664,-0.682213,-0.013777,0.805251,0.226949,0.047219,0.383823,-0.009225,0.702778,196.9
621,cruise,3800.49178,74.757716,62.574816,96.721042,177.500578,683.494752,22.679349,0.604326,12.688261,19.886367,3233.707744,vibration_bearing_fault_recovering,1,1,0,0,-0.671269,-0.355943,-0.259658,-0.469648,0.350594,0.004353,0.371331,-0.034657,0.706389,196.895
622,cruise,3793.970469,75.417741,61.594746,97.112212,179.050512,681.849964,22.491562,0.599747,12.792351,18.015495,3259.105129,vibration_bearing_fault_recovering,1,1,0,0,-2.16406,-0.389927,-0.154413,0.978852,-2.261299,-0.204738,0.368145,-0.003988,0.71,196.89
623,cruise,3833.839559,73.691281,61.064128,96.65226,178.436458,688.425136,22.969047,0.582344,12.943521,16.874518,3195.415814,vibration_bearing_fault_recovering,1,1,0,0,-2.304992,0.37625,-0.115667,-0.563217,-1.911601,0.089695,0.364502,0.022094,0.713611,196.885
624,cruise,3800.501411,76.343369,61.49508,96.409157,177.750842,689.546375,22.979143,0.58045,12.898854,17.605672,3511.998682,vibration_bearing_fault_recovering,1,1,0,0,4.47847,0.080044,0.517544,-0.187273,-0.941111,0.151023,0.356597,0.040256,0.717222,196.88
625,cruise,3800.849591,76.164316,61.748051,95.592779,178.473683,683.62,23.04563,0.576416,12.925531,18.678502,3365.369572,vibration_bearing_fault_recovering,1,1,0,0,-0.896977,0.542517,-0.47993,0.074532,-2.333649,-0.112721,0.35465,0.026689,0.720833,196.875
626,cruise,3813.545355,75.589713,61.786732,96.769063,177.93013,682.192246,22.703708,0.575095,12.996588,20.00648,3260.235592,vibration_bearing_fault_recovering,1,1,0,0,-1.004186,0.072591,0.600842,0.140077,0.482018,-0.04085,0.346826,0.019995,0.724444,196.87
627,cruise,3815.797095,74.819464,61.869199,97.723632,177.964741,685.040393,22.458908,0.578901,12.741796,20.316245,3355.161426,vibration_bearing_fault_recovering,1,1,0,0,0.411154,-0.015285,0.150488,0.507209,-1.119456,-0.014216,0.345543,-0.09028,0.728056,196.865
628,cruise,3817.18854,76.660264,61.799782,95.898638,176.141172,680.81146,22.627283,0.558817,13.10556,18.170174,3368.113121,vibration_bearing_fault_recovering,1,1,0,0,1.538947,0.251103,0.296748,-0.891474,2.236378,0.025369,0.346,-0.156402,0.731667,196.86
629,cruise,3814.907999,75.950433,61.793861,96.701523,177.101353,680.78443,22.712357,0.558683,12.763135,21.052951,3418.167278,vibration_bearing_fault_recovering,1,1,0,0,-0.153238,0.793576,-0.442125,1.409529,1.144443,0.033179,0.335572,0.081061,0.735278,196.855
630,cruise,3841.070897,76.223099,62.63513,96.407075,176.490537,686.020907,22.691863,0.548058,12.740116,18.328285,3323.44387,vibration_bearing_fault_recovering,1,1,0,0,5.75749,0.779112,-0.502687,-1.817193,1.004144,0.149979,0.328329,0.096611,0.738889,196.85
631,cruise,3823.941023,77.049456,62.105193,96.360643,178.767794,679.144798,22.777118,0.548359,13.128885,18.595537,3363.656556,vibration_bearing_fault_recovering,1,1,0,0,5.338433,-0.462892,0.117829,0.377391,-2.451263,-0.011285,0.334426,0.050785,0.7425,196.845
632,cruise,3801.588221,74.510335,60.798092,96.578577,176.452596,684.929006,22.799886,0.542,13.290102,17.412713,3217.813384,vibration_bearing_fault_recovering,1,1,0,0,3.741254,-0.217918,0.112588,-0.000802,-0.90957,0.195194,0.325525,0.075826,0.746111,196.84
633,cruise,3836.010828,74.132265,62.431261,96.44734,177.947084,687.177099,22.874176,0.551164,12.569725,20.145016,3263.271978,vibration_bearing_fault_recovering,1,1,0,0,1.501175,0.671862,0.685158,-0.988199,-2.171497,-0.183312,0.320453,-0.00936,0.749722,196.835
634,cruise,3805.17536,74.743581,61.536827,96.818158,177.020975,687.76437,22.826179,0.537644,12.886271,18.132134,3110.186849,vibration_bearing_fault_recovering,1,1,0,0,-1.946653,0.163527,-0.086416,-1.090866,-1.360872,0.137152,0.312804,0.124582,0.753333,196.83
635,cruise,3810.780865,73.457977,62.082283,96.652502,177.606171,687.988256,22.903784,0.532174,12.875736,17.53915,3413.847185,vibration_bearing_fault_recovering,1,1,0,0,-1.31671,0.166371,0.300389,-0.761386,-1.195445,-0.363005,0.313463,0.054395,0.756944,196.825
636,cruise,3826.172106,77.208781,62.402161,96.248031,176.246328,684.675542,22.637463,0.532586,12.614039,16.974792,3205.703762,vibration_bearing_fault_recovering,1,1,0,0,-1.283003,-0.182811,0.558477,1.24867,-0.103313,-0.052473,0.300878,0.058165,0.760556,196.82
637,cruise,3824.673814,74.891284,62.035962,96.801088,176.253858,676.117552,22.833391,0.526237,12.791789,19.553886,3191.191102,vibration_bearing_fault_recovering,1,1,0,0,-4.730616,0.293424,-0.015394,0.124255,3.747761,0.076554,0.305673,0.046609,0.764167,196.815
638,cruise,3809.944069,74.81453,62.280967,97.049286,178.669395,685.543019,22.410351,0.526802,12.72533,18.584241,3315.673137,vibration_bearing_fault_recovering,1,1,0,0,-4.457267,0.432561,0.324574,0.256652,-4.200824,0.112491,0.295879,0.070943,0.767778,196.81
639,cruise,3792.699256,74.232789,62.103518,95.477069,176.355263,685.391087,22.736631,0.518175,12.693387,18.808394,3260.382496,vibration_bearing_fault_recovering,1,1,0,0,-0.45547,0.389794,0.326369,-0.072938,0.897423,0.093969,0.294716,0.006374,0.771389,196.805
640,cruise,3816.424221,73.67807,62.305729,97.921259,177.715396,683.899343,22.677458,0.522975,12.772379,17.706314,3226.690378,vibration_bearing_fault_recovering,1,1,0,0,1.30848,-0.160319,-0.133867,-0.691799,-1.664689,0.160063,0.294879,0.044061,0.775,196.8
641,cruise,3844.794728,74.964552,62.329526,96.922058,174.888531,685.326717,22.75241,0.511151,12.897703,20.956174,3245.198871,vibration_bearing_fault_recovering,1,1,0,0,1.004162,0.223964,-0.353641,-0.276933,1.256324,0.014708,0.280929,-0.088946,0.778611,196.795
642,cruise,3804.055862,76.102306,61.437378,97.023813,177.631514,679.228706,22.76546,0.508479,12.684265,18.097995,3183.941478,vibration_bearing_fault_recovering,1,1,0,0,-0.945849,-0.187012,0.031158,-0.004966,-1.777813,-0.053033,0.275821,0.024678,0.782222,196.79
643,cruise,3829.348315,75.966289,61.727619,97.250068,176.208336,691.216787,22.637916,0.509904,12.784491,18.804481,3346.356401,vibration_bearing_fault_recovering,1,1,0,0,0.182462,-0.314337,-0.19727,-1.41794,-1.202752,0.106871,0.266469,-0.028146,0.785833,196.785
644,cruise,3832.941817,75.272928,61.364114,97.006075,175.669227,686.778939,22.954185,0.497372,12.80759,18.230987,3438.132831,vibration_bearing_fault_recovering,1,1,0,0,-0.230433,0.346824,0.635028,0.641427,-1.746902,-0.324145,0.270661,0.004892,0.789444,196.78
645,cruise,3817.663778,74.314734,61.844255,95.900853,176.843276,683.71095,22.897831,0.484047,13.114163,18.123846,3337.319436,vibration_bearing_fault_recovering,1,1,0,0,-3.870494,0.322826,-0.327292,0.136039,1.270468,-0.024284,0.261867,-0.065141,0.793056,196.775
646,cruise,3794.373963,75.624893,62.074167,96.12615,176.905447,683.423222,22.531225,0.4836,12.957132,19.884535,3268.085213,vibration_bearing_fault_recovering,1,1,0,0,-2.312235,-0.271344,-0.287517,-1.119752,-1.669539,0.188194,0.26931,-0.031255,0.796667,196.77
647,cruise,3819.050518,74.864009,63.026306,96.66713,176.272978,681.981533,22.841833,0.485452,12.74542,18.164247,3114.250272,vibration_bearing_fault_recovering,1,1,0,0,1.414034,1.00671,0.516591,-0.282773,-1.636854,-0.128491,0.251372,0.036433,0.800278,196.765
648,cruise,3810.235343,76.079869,62.008815,96.904935,176.376454,683.798351,22.732059,0.466619,12.817212,20.22636,3332.406184,vibration_bearing_fault_recovering,1,1,0,0,0.246227,0.101404,-0.358657,0.010492,0.408027,-0.2263,0.251468,0.014264,0.803889,196.76
649,cruise,3779.629763,73.625028,62.056326,96.883704,175.935361,685.903601,22.825374,0.474054,12.805928,17.751263,3293.243947,vibration_bearing_fault_recovering,1,1,0,0,4.549102,-0.023624,0.136138,-0.830988,-1.011908,-0.056457,0.237677,-0.06277,0.8075,196.755
650,cruise,3841.532959,73.234604,61.896578,97.301641,176.465137,689.745614,22.634269,0.227556,12.894274,19.471465,3261.780685,healthy,0,0,0,0,-0.590457,0.383255,-0.088975,-1.051527,1.481407,0.033516,-0.002021,0.038558,1.0,196.75
651,cruise,3824.530508,74.078379,61.907974,96.301179,175.395383,681.774289,22.762212,0.220923,12.973056,18.016091,3255.165743,healthy,0,0,0,0,1.013742,-0.47519,0.73144,1.375097,-1.584699,-0.238691,0.00131,-0.030655,1.0,196.745
652,cruise,3808.298716,75.648568,62.467921,96.538252,175.295652,686.213053,22.65854,0.231265,13.201467,21.381213,3177.789674,healthy,0,0,0,0,2.188613,-0.289792,0.133231,0.015365,-0.133717,0.018644,0.001203,-0.120001,1.0,196.74
653,cruise,3795.809863,72.618064,62.326022,97.018279,177.809247,683.144789,22.759383,0.222761,12.86259,18.300085,3252.148754,healthy,0,0,0,0,-1.714919,-0.174259,0.487001,0.436154,-0.425164,-0.005262,0.00518,0.04866,1.0,196.735
654,cruise,3844.67802,73.38761,61.692636,96.288615,178.84261,685.065697,22.600565,0.222217,12.872334,17.815089,3193.485384,healthy,0,0,0,0,0.544899,0.427109,-0.261596,-0.215972,0.1569,-0.091231,-0.002522,0.004332,1.0,196.73
655,cruise,3811.819465,72.589575,61.683462,96.837752,177.242167,682.979273,22.674446,0.230066,12.792551,18.3364,3212.374499,healthy,0,0,0,0,-2.182411,-0.237267,-0.591177,-0.588249,-1.898978,0.209491,-0.004066,-0.044874,1.0,196.725
656,cruise,3835.003262,73.59869,61.578552,96.168667,178.098106,685.691335,22.86035,0.222439,12.977984,19.407633,3329.20493,healthy,0,0,0,0,3.704122,0.373036,-0.058967,0.03079,-0.104323,0.084693,-0.001984,-0.015003,1.0,196.72
657,cruise,3813.478843,74.705309,61.44618,96.77511,176.767842,685.651454,22.909123,0.217476,13.072705,19.107901,3205.710655,healthy,0,0,0,0,2.758028,0.153397,0.448726,-0.09365,0.118109,0.123701,0.002649,-0.015686,1.0,196.715
658,cruise,3814.327345,78.023041,62.626474,97.276943,177.496555,676.329471,22.60554,0.226991,12.975544,16.712392,3205.659024,healthy,0,0,0,0,-4.349485,0.088164,0.804551,-0.202808,-1.773484,0.069359,0.002356,0.085977,1.0,196.71
659,cruise,3812.074216,73.583005,62.200302,96.863772,175.612631,681.934792,22.641456,0.223201,12.803668,18.812537,3208.056825,healthy,0,0,0,0,1.28462,0.38313,-0.391218,-0.852832,1.740449,-0.283518,0.003807,-0.009715,1.0,196.705
660,cruise,3826.353875,75.138768,62.385794,96.333477,176.695262,682.506037,22.993499,0.219378,12.880412,19.597532,3300.325767,healthy,0,0,0,0,3.047367,0.034415,-0.292136,0.681999,2.030471,-0.032462,0.000426,0.012169,1.0,196.7
661,cruise,3844.842024,74.424776,61.728152,97.631267,176.731024,681.513788,22.885506,0.21871,12.869314,21.097528,3229.984111,healthy,0,0,0,0,1.257743,0.426788,-0.286704,-0.187667,-1.859379,0.05263,-0.002869,-0.055058,1.0,196.695
662,cruise,3848.016697,74.78501,62.132041,95.755901,176.710614,685.246572,22.886857,0.226212,12.773679,19.549092,3332.681165,healthy,0,0,0,0,0.112311,-0.351613,0.277462,0.181416,0.030736,-0.124451,-0.000406,0.089259,1.0,196.69
663,cruise,3827.633223,76.033913,62.218935,96.138977,177.092263,681.464336,22.723701,0.225465,12.870488,18.120453,3151.746697,healthy,0,0,0,0,5.180723,0.721864,-0.397528,0.42002,-3.561669,0.117513,0.002054,0.083535,1.0,196.685
664,cruise,3829.601197,76.801851,62.247906,97.764899,177.106104,680.170007,22.684663,0.217346,12.739613,16.939468,3089.28242,healthy,0,0,0,0,2.304606,-0.390623,-0.265024,0.97862,-1.075883,-0.037544,-0.010859,0.021775,1.0,196.68
665,cruise,3808.702477,74.987656,61.136809,96.826907,175.812827,685.764608,22.857284,0.230586,12.811229,21.428245,3327.017401,healthy,0,0,0,0,2.458055,0.059405,0.023452,0.386553,1.040502,-0.15146,-0.001262,-0.006867,1.0,196.675
666,cruise,3838.203483,77.160092,62.009021,97.040567,177.994657,683.507074,22.638396,0.229041,12.93613,17.077339,3347.832334,healthy,0,0,0,0,6.930889,-0.664127,0.433674,-0.619348,-0.403704,-0.194182,0.00139,-0.042253,1.0,196.67
667,cruise,3778.979,73.774788,61.208305,96.565313,177.21114,679.362008,22.609952,0.209518,12.899295,18.983862,3148.148244,healthy,0,0,0,0,-0.525664,-0.151535,-0.520441,0.231717,2.049049,0.185633,0.00099,0.194028,1.0,196.665
668,cruise,3802.398565,73.904793,62.321637,96.678473,178.243495,684.877133,22.549553,0.224072,13.117533,19.818717,3258.056845,healthy,0,0,0,0,1.385637,0.635967,-0.070638,0.045137,-3.040886,0.102669,0.00823,0.017678,1.0,196.66
669,cruise,3838.104249,74.392059,61.947322,96.17427,176.102553,684.482381,22.738697,0.221136,12.767602,18.279562,3405.449604,healthy,0,0,0,0,-0.320044,-0.261798,0.590681,-0.849304,-1.023825,0.041407,0.000476,0.094179,1.0,196.655
670,cruise,3841.464098,74.487132,61.708216,97.698072,176.519649,683.183754,22.481972,0.216529,12.92727,17.541018,3449.607318,healthy,0,0,0,0,4.079115,-0.668886,1.068233,0.034075,-1.189007,-0.232619,-0.006169,-0.013874,1.0,196.65
671,cruise,3848.301774,74.586633,62.063795,96.561853,178.700619,686.067859,22.670394,0.226741,13.01875,20.246476,3263.368549,healthy,0,0,0,0,3.346136,0.928602,-0.240339,0.384437,0.579763,-0.083388,0.009858,0.102009,1.0,196.645
672,cruise,3837.961829,73.959599,62.39421,96.663673,176.64809,684.737748,22.739462,0.232936,12.972387,19.367784,3247.775093,healthy,0,0,0,0,0.480101,-0.050786,0.040334,-0.516989,1.445658,-0.027968,0.004551,-0.103212,1.0,196.64
673,cruise,3823.735664,73.8739,62.461409,96.781641,178.275898,683.640607,23.062103,0.226664,12.78019,18.94463,3424.774811,healthy,0,0,0,0,-2.874612,-0.202719,0.16689,0.251234,-1.478869,0.107346,-0.0012,-0.185093,1.0,196.635
674,cruise,3795.053692,75.417796,61.510226,96.7217,176.452346,691.905673,22.906902,0.220206,12.724469,18.421708,3246.897572,healthy,0,0,0,0,0.969742,-0.902921,-0.224225,-0.08853,-0.593994,-0.134736,0.005674,0.048681,1.0,196.63
675,cruise,3815.196091,74.266011,61.873466,96.136676,177.200578,683.610403,23.180376,0.224934,12.776137,19.014785,3277.755857,healthy,0,0,0,0,-1.043478,-0.701401,-0.29514,-0.177463,1.679229,0.059981,-0.002745,-0.010001,1.0,196.625
676,cruise,3800.772102,76.860076,62.04099,96.537178,178.520254,685.355252,22.732918,0.224638,12.80315,17.915378,3304.484802,healthy,0,0,0,0,0.232279,0.150684,0.064609,-0.139396,0.497568,-0.009847,-0.001685,0.005651,1.0,196.62
677,cruise,3821.073614,75.194747,61.719693,96.489859,176.272429,684.399277,22.754737,0.231549,12.598518,18.497866,3168.344774,healthy,0,0,0,0,-1.236526,-0.045014,0.952386,-1.524436,-1.058992,0.090682,-0.000478,0.029465,1.0,196.615
678,cruise,3823.255253,74.1484,62.419208,96.889439,176.083326,687.951034,22.842468,0.229901,13.039843,16.35269,3279.529257,healthy,0,0,0,0,0.778868,-0.125944,-0.395765,-1.260994,-0.688095,-0.097285,-0.00725,-0.125857,1.0,196.61
679,cruise,3783.488522,76.032056,61.5094,97.334925,176.923815,680.823572,22.966758,0.224018,12.92102,18.717138,3225.98302,healthy,0,0,0,0,5.859566,0.627338,-0.217664,0.724402,-1.729487,-0.053658,-0.007641,-0.029443,1.0,196.605
680,cruise,3824.379571,77.149181,62.41264,97.455699,176.80624,683.081032,22.711743,0.224096,12.91224,18.219781,3430.010147,healthy,0,0,0,0,1.200798,-0.233741,-0.210632,0.415832,-0.371081,-0.2141,-0.00227,-0.018119,1.0,196.6
681,cruise,3805.00052,76.170552,61.458211,96.045042,175.628685,690.146208,22.782762,0.22196,12.928929,20.64966,3222.09121,healthy,0,0,0,0,0.39868,-0.542238,-0.677605,-0.395626,-0.395547,0.004776,-0.001139,0.084045,1.0,196.595
682,cruise,3811.669408,73.909095,62.175595,96.664571,178.341328,681.63225,22.499909,0.232872,12.80436,18.041144,3284.190977,healthy,0,0,0,0,-3.413513,0.112571,-0.523599,-0.665509,0.671632,0.052582,0.009754,0.014382,1.0,196.59
683,cruise,3865.950268,74.799701,62.361382,96.720821,178.373631,680.22812,22.608795,0.227939,12.637282,18.747532,3300.121455,healthy,0,0,0,0,5.833479,-0.061196,0.310498,0.243632,3.130259,0.103165,-0.002244,-0.020214,1.0,196.585
684,cruise,3799.594657,74.644593,61.594635,96.73938,177.132843,685.359599,22.631042,0.235256,12.85696,17.005656,3359.869626,healthy,0,0,0,0,-1.394679,-0.733111,-0.3255,0.675049,-1.00598,-0.202751,-0.003106,-0.044212,1.0,196.58
685,cruise,3821.955679,74.871972,61.643033,97.751749,176.257259,688.659228,22.794669,0.227505,12.709859,19.13061,3481.082915,healthy,0,0,0,0,-3.116459,0.050353,0.47228,0.761328,1.237372,-0.245772,0.000562,0.08581,1.0,196.575
686,cruise,3835.458963,75.170412,61.846192,96.904527,177.106635,685.182877,22.63383,0.218304,12.886211,18.255278,3261.838522,healthy,0,0,0,0,-3.668977,-0.045883,0.076299,0.514187,-0.452123,0.210476,-0.001655,-0.029554,1.0,196.57
687,cruise,3806.736837,74.757793,61.864526,96.382309,175.259644,689.088069,22.619355,0.221372,13.031615,19.61016,3365.793781,healthy,0,0,0,0,0.577857,0.592888,0.724398,-0.015914,2.850462,0.05881,-0.001321,-0.152815,1.0,196.565
688,cruise,3829.774314,75.1189,61.788373,95.766534,178.039598,684.037205,22.533222,0.225245,13.051605,19.234388,3283.923651,healthy,0,0,0,0,0.012984,0.773157,0.522277,-0.76728,0.992539,-0.054734,-0.006258,-0.13181,1.0,196.56
689,cruise,3830.77201,74.745406,62.143296,97.022277,175.661546,677.392619,22.538529,0.223069,13.070527,17.01213,3261.279596,healthy,0,0,0,0,-1.675048,0.376094,0.248601,-0.586517,0.836017,-0.058406,0.004201,0.002674,1.0,196.555
690,cruise,3798.653378,74.723632,61.573421,96.845918,177.506277,684.474281,22.790458,0.224498,12.956799,18.302977,3385.141316,healthy,0,0,0,0,-1.397746,0.417941,0.265459,0.657204,-1.582453,0.214212,-0.007608,0.000963,1.0,196.55
691,cruise,3821.818024,73.585297,63.351646,96.191589,174.392665,687.950433,22.588172,0.224736,12.58926,17.193022,3319.897654,healthy,0,0,0,0,-2.507636,0.145572,-0.365752,0.885351,-0.374043,-0.065778,-0.000177,0.056598,1.0,196.545
692,cruise,3816.725868,74.745905,62.334069,97.311654,176.718155,685.653112,22.762175,0.237318,13.067954,19.615966,3310.329328,healthy,0,0,0,0,2.785968,0.313781,-0.479184,0.658447,2.263648,0.066717,-0.002052,-0.0685,1.0,196.54
693,cruise,3800.487505,73.668519,61.672462,97.367193,177.354362,684.626887,22.622323,0.224045,12.945877,19.574884,3323.158599,healthy,0,0,0,0,-1.202958,0.22926,0.198546,0.004991,2.999419,-0.182518,0.005609,0.156126,1.0,196.535
694,cruise,3835.924397,75.185338,61.768792,96.90387,176.876972,683.783382,22.702907,0.232093,12.872818,19.337445,3234.774579,healthy,0,0,0,0,2.798108,0.511034,0.515997,0.443195,2.152659,-0.000202,-0.007794,0.067803,1.0,196.53
695,cruise,3834.753656,72.39474,62.01675,97.182159,176.112347,682.465369,22.961027,0.218767,12.923468,18.819298,3388.255574,healthy,0,0,0,0,1.276763,-0.413682,-0.71457,0.708852,-1.925357,-0.053717,0.005559,-0.038101,1.0,196.525
696,cruise,3824.626598,73.633793,62.660676,97.399491,177.454866,679.617922,22.8545,0.221698,12.968372,19.484191,3246.101415,healthy,0,0,0,0,0.774632,0.087626,-0.476494,-0.572918,-1.16823,0.045784,-0.009276,-0.07937,1.0,196.52
697,cruise,3792.933633,75.076723,62.150659,96.330816,175.497856,680.138551,22.689161,0.232445,12.837357,18.150043,3272.635181,healthy,0,0,0,0,2.596564,0.145688,0.589967,-1.082173,0.829323,0.115497,0.000509,0.102407,1.0,196.515
698,cruise,3801.914794,75.143141,62.116847,96.614018,177.308559,678.192569,23.165108,0.229207,13.110791,20.359022,3246.238733,healthy,0,0,0,0,-2.163469,0.637785,0.150731,-0.298075,-0.52751,-0.012562,-0.00633,0.068822,1.0,196.51
699,cruise,3820.811239,75.186784,62.034131,96.140454,177.703803,682.805631,22.344335,0.225406,12.828406,19.216739,3031.639179,healthy,0,0,0,0,-4.037237,0.407809,0.122573,1.171891,-1.812524,-0.238892,-0.002259,-0.037552,1.0,196.505
700,cruise,3872.87412,76.041123,62.810815,96.842409,177.823877,679.776222,22.751929,0.22174,12.719895,18.429251,3318.72281,healthy,0,0,0,0,-2.6995,0.068239,0.84207,-0.412556,2.595669,0.004379,0.003259,0.196707,1.0,196.5
701,cruise,3842.65833,75.963431,62.063798,97.016758,175.83037,685.977427,22.54647,0.224677,13.11864,18.530523,3162.626561,healthy,0,0,0,0,2.344683,-0.1025,-0.177493,0.319133,-0.203839,0.307728,-0.000917,0.085343,1.0,196.495
702,cruise,3805.213972,75.056269,62.038823,96.147272,176.106558,680.131707,22.533371,0.232225,12.995873,19.590907,3315.072547,healthy,0,0,0,0,-1.419368,0.385151,0.076549,-0.091708,-2.261473,0.033706,0.00712,-0.077663,1.0,196.49
703,cruise,3834.200861,75.339863,61.625016,96.417686,176.621119,683.276806,22.818801,0.218841,13.103537,18.490584,3276.822941,healthy,0,0,0,0,-1.574085,-0.042175,0.968795,0.788625,-1.721679,-0.091581,-0.00936,0.154187,1.0,196.485
704,cruise,3804.137786,74.801072,61.973011,96.561556,176.89583,685.406637,22.702912,0.222794,13.16101,17.235545,3211.181427,healthy,0,0,0,0,1.830166,0.335249,0.298625,-0.295943,0.525321,-0.103284,0.001736,-0.059203,1.0,196.48
705,cruise,3837.098202,73.976696,62.777387,96.540639,177.591704,684.881872,22.726737,0.235141,12.983991,19.645796,3097.023485,healthy,0,0,0,0,-3.888953,0.045155,0.78572,-0.068701,0.13313,0.02234,0.002618,-0.003325,1.0,196.475
706,cruise,3826.751985,76.872738,61.788458,96.395423,177.577426,686.44936,22.880594,0.226632,12.876635,17.543456,3250.588228,healthy,0,0,0,0,3.640068,0.570302,-0.300958,-0.189201,-1.066234,-0.113282,0.004114,-0.067614,1.0,196.47
707,cruise,3813.829318,75.793465,62.180216,97.006446,176.756746,681.269968,22.742755,0.234282,13.155807,19.027204,3238.649199,healthy,0,0,0,0,-0.661587,-0.007206,-0.386194,-0.3948,-0.764905,-0.083461,-0.007011,-0.081307,1.0,196.465
708,cruise,3826.010045,73.507852,62.13526,97.028705,176.40144,683.64769,22.930479,0.226189,12.879556,17.57373,3351.852819,healthy,0,0,0,0,-2.667177,0.510449,0.488248,-0.352873,-0.129795,0.195255,0.006541,-0.004039,1.0,196.46
709,cruise,3823.155328,73.796487,61.608245,96.652171,176.423482,680.577754,22.90134,0.225374,12.927324,18.609167,3228.363307,healthy,0,0,0,0,-2.067321,0.766479,-0.420717,-0.09543,0.174927,-0.06726,-0.002051,-0.008244,1.0,196.455
710,cruise,3835.708528,76.075904,61.215095,96.312429,177.389771,683.811244,22.565737,0.229118,12.971493,19.20653,3260.740156,healthy,0,0,0,0,7.023968,0.139972,-0.626002,-0.100488,0.677424,0.050365,0.003134,-0.006276,1.0,196.45
711,cruise,3827.525045,76.30266,61.759158,97.010921,177.265978,682.8927,22.564043,0.230295,12.50358,18.7671,3258.076949,healthy,0,0,0,0,-2.317468,0.286262,-0.046102,-0.44563,-0.571581,0.189475,0.000643,0.016475,1.0,196.445
712,cruise,3827.313174,76.201491,61.810985,96.178013,177.853264,681.291075,22.490314,0.224892,12.964131,18.639978,3227.58821,healthy,0,0,0,0,3.071354,-0.362261,0.077728,-0.16642,0.637701,0.133705,0.001415,0.097419,1.0,196.44
713,cruise,3815.220205,75.087856,61.67549,96.494358,178.113694,688.255046,22.878377,0.223918,12.51413,17.874089,3250.630815,healthy,0,0,0,0,0.73117,-0.383868,-1.11379,0.700818,0.864135,-0.070968,0.004107,0.062347,1.0,196.435
714,cruise,3811.185763,75.217583,61.449507,95.026904,177.534623,687.328335,22.71887,0.221166,12.714198,17.489032,3337.459228,healthy,0,0,0,0,6.014432,-0.056586,0.54376,0.481237,1.702055,-0.277227,0.000251,-0.083894,1.0,196.43
715,cruise,3811.720554,74.524892,61.409292,96.303013,176.929236,684.978587,23.145324,0.223284,12.881591,17.555361,3239.294408,healthy,0,0,0,0,0.798964,-0.098825,0.482099,-0.392879,-1.000312,0.118769,0.001008,0.013696,1.0,196.425
716,cruise,3841.644539,76.877245,61.547933,96.759335,178.232639,683.99212,22.996029,0.222339,12.553105,18.069284,3262.916805,healthy,0,0,0,0,4.079767,0.584969,0.607715,0.736384,1.664322,-0.016881,-0.009188,0.095133,1.0,196.42
717,cruise,3796.635256,73.930068,61.245298,96.765719,179.765789,684.158983,22.807827,0.22216,12.662674,21.445897,3243.945659,healthy,0,0,0,0,-4.919869,-0.211251,-0.258191,0.494711,-0.370126,0.014466,-0.008233,-0.003321,1.0,196.415
718,cruise,3849.035764,74.06164,61.309688,97.397286,176.106417,681.556607,22.925465,0.232643,12.86884,18.091095,3329.52446,healthy,0,0,0,0,-3.814863,-0.549118,0.192249,0.275736,0.827774,0.000109,0.000881,0.024325,1.0,196.41
719,cruise,3858.956564,73.99014,62.721431,96.583796,177.606798,681.638152,22.719354,0.230261,13.012476,17.522221,3245.692511,healthy,0,0,0,0,-2.484126,-0.524703,-0.250875,-0.334938,3.955855,0.013963,-0.000509,0.031154,1.0,196.405
720,descent,3517.043852,56.272219,62.273655,96.181356,167.143337,633.428746,19.762982,0.212689,9.752471,17.863459,3216.765561,healthy,0,0,0,0,-1.817135,0.168447,0.138344,-0.638436,0.699517,0.022613,-4.2e-05,-0.102548,1.0,196.4
721,descent,3503.966609,55.223726,62.06533,96.401009,166.95365,636.833364,19.530177,0.224079,9.801577,19.270366,3208.843794,healthy,0,0,0,0,0.425238,0.134517,-0.531031,-1.072251,0.323509,-0.134985,0.000236,0.009044,1.0,196.395
722,descent,3519.610217,54.939246,61.81704,96.320941,166.931476,630.997235,19.336798,0.226136,9.805819,18.274316,3253.153746,healthy,0,0,0,0,1.619034,0.024541,0.100765,-0.895977,-0.989947,-0.009932,-0.006071,0.05524,1.0,196.39
723,descent,3542.895788,54.559701,62.136474,96.861981,167.043714,632.56429,19.465968,0.217946,9.937,20.050677,3201.412465,healthy,0,0,0,0,-0.95747,-0.488875,0.436759,0.822454,0.029827,-0.171123,0.00685,0.002462,1.0,196.385
724,descent,3504.738956,53.504255,61.64342,96.121844,168.441892,634.98193,19.494135,0.223719,9.856022,18.423617,3231.05667,healthy,0,0,0,0,4.37486,-0.131114,0.578239,-0.71247,0.500334,-0.134378,-0.003247,-0.106031,1.0,196.38
725,descent,3504.464488,54.799872,61.671039,97.416764,167.237383,635.099124,19.792044,0.227899,10.182823,18.848496,3433.519794,healthy,0,0,0,0,-5.1738,0.187474,-0.747379,1.241894,-3.781773,0.012644,-0.005331,-0.004682,1.0,196.375
726,descent,3517.256369,54.254316,63.005822,95.60623,166.966683,635.410879,19.552413,0.231376,9.789575,18.922915,3212.995346,healthy,0,0,0,0,-5.842317,-0.559442,0.055779,1.243488,-0.569654,0.258963,-0.00273,-0.008832,1.0,196.37
727,descent,3547.54463,53.036921,61.327054,96.851397,168.208245,635.563695,19.760314,0.214126,9.884354,18.789345,3296.94429,healthy,0,0,0,0,1.527513,-0.424089,0.529089,0.240219,0.056225,0.0643,-0.004732,0.046075,1.0,196.365
728,descent,3516.101381,55.037399,62.031632,96.080357,165.044481,633.206276,19.668727,0.232915,9.862151,17.911109,3380.251174,healthy,0,0,0,0,2.117301,0.352414,-0.0105,0.683516,0.368697,0.220324,0.002919,-0.047711,1.0,196.36
729,descent,3514.782763,53.061799,63.109236,97.224056,168.504661,636.798746,19.991923,0.234831,9.892842,18.307795,3144.170131,healthy,0,0,0,0,-2.765627,0.209231,-0.434695,-0.024404,-2.771849,0.163015,-0.003331,-0.027336,1.0,196.355
730,descent,3505.315045,55.146515,62.066839,95.479839,167.531625,634.980114,19.90568,0.226056,9.634645,20.541112,3250.782441,healthy,0,0,0,0,-4.372091,-0.612729,0.238648,-0.424821,-2.317246,-0.153359,-0.000195,-0.160107,1.0,196.35
731,descent,3514.274186,53.451056,61.812483,95.883568,167.871849,634.729328,19.8071,0.223354,9.638123,18.027842,3043.617959,healthy,0,0,0,0,3.093697,-0.245409,-0.245254,-0.515767,-0.788132,-0.408088,0.000778,-0.149509,1.0,196.345
732,descent,3476.733705,56.333068,62.370071,96.612842,167.112554,636.959047,19.833433,0.225011,9.810078,17.624249,3204.522604,healthy,0,0,0,0,1.123215,-0.155869,-0.4392,0.079716,-0.671317,-0.052447,-0.000479,-0.129654,1.0,196.34
733,descent,3551.076176,53.630365,61.196788,97.736263,166.983709,635.908373,19.670749,0.229816,9.751828,17.798516,3407.34439,healthy,0,0,0,0,-2.103217,0.019659,-1.311836,-0.73853,-2.413614,-0.439093,-0.00545,0.006254,1.0,196.335
734,descent,3517.93964,52.964005,60.983827,96.693739,165.654379,630.130446,19.442268,0.23854,9.901945,18.40633,3210.510109,healthy,0,0,0,0,1.828161,0.782735,0.123736,0.318596,0.478325,-0.180236,-0.011909,0.108967,1.0,196.33
735,descent,3508.363951,55.020004,62.554872,97.239069,166.908273,631.860046,20.045455,0.232061,9.752413,19.864676,3287.070549,healthy,0,0,0,0,0.675545,-0.095533,-0.410181,0.933554,-1.439381,-0.005577,0.006875,0.059815,1.0,196.325
736,descent,3508.855426,54.135275,61.748197,95.676053,165.011355,633.010401,19.766067,0.223703,9.719616,19.557649,3306.009177,healthy,0,0,0,0,-2.474034,-0.50342,-0.627577,-0.028483,-1.375473,-0.019151,-0.002705,0.0769,1.0,196.32
737,descent,3526.461347,52.126403,62.057535,96.032282,166.967303,629.396721,19.633616,0.227501,9.807247,18.435186,3369.751744,healthy,0,0,0,0,1.357017,0.03364,0.507972,0.604477,0.231386,-0.011017,-0.007073,-0.063635,1.0,196.315
738,descent,3511.37897,54.92618,61.773834,96.642657,166.935622,629.827923,19.887523,0.232169,9.766489,19.263481,3264.894865,healthy,0,0,0,0,-2.210864,0.406571,0.718525,-0.762326,-0.878949,-0.106676,-0.002848,0.016237,1.0,196.31
739,descent,3511.250845,53.017339,62.274482,96.696213,165.295785,631.856799,19.725596,0.217142,9.837129,18.377126,3199.354177,healthy,0,0,0,0,-4.230383,0.331242,0.030367,0.904594,1.611356,0.270289,-0.003286,0.01231,1.0,196.305
740,descent,3541.045175,53.647676,62.640886,97.167324,164.769337,631.274514,19.47596,0.216525,9.813743,18.951591,3325.867482,healthy,0,0,0,0,-2.992442,0.276696,-0.389201,1.405674,0.81676,0.058561,0.002609,-0.044248,1.0,196.3
741,descent,3506.777555,54.108436,61.828507,96.790355,167.888471,637.531412,19.60896,0.225735,9.888324,18.122874,3222.354177,healthy,0,0,0,0,0.330908,0.07712,-0.314339,-0.848167,1.781668,0.037285,-0.003003,0.103972,1.0,196.295
742,descent,3510.094156,56.165373,61.850832,97.283054,164.605662,637.839015,19.59077,0.233639,9.719001,18.174661,3337.935689,healthy,0,0,0,0,-1.577993,-0.844899,-0.490308,1.328882,0.636379,0.063437,0.00763,-0.048017,1.0,196.29
743,descent,3513.588318,54.109562,61.464405,95.996573,167.315755,637.502253,19.642012,0.222011,9.810509,18.520538,3229.76433,healthy,0,0,0,0,-2.471898,-0.169469,-0.051605,-0.967623,1.832547,0.189921,0.005853,0.040127,1.0,196.285
744,descent,3514.798173,53.254877,62.149859,96.588686,167.111868,636.873814,19.70158,0.224352,9.865586,18.743353,3347.357491,healthy,0,0,0,0,-1.091391,0.415093,-1.099451,-1.328448,-1.755644,-0.041351,0.003517,0.042809,1.0,196.28
745,descent,3490.398168,55.00332,62.082349,96.785966,166.539733,635.890817,19.800171,0.220554,9.586312,20.818926,3176.179467,healthy,0,0,0,0,-3.391182,1.038163,-0.367618,-0.139452,-1.660036,-0.320977,-0.002747,-0.016875,1.0,196.275
746,descent,3526.903795,54.624608,61.41003,96.546043,165.987733,635.267832,19.956704,0.22669,9.827868,18.653524,3248.97251,healthy,0,0,0,0,2.049736,-0.425011,0.610536,0.643036,1.403689,-0.042428,-0.005264,-0.110615,1.0,196.27
747,descent,3522.685862,55.14013,61.440673,96.301409,166.604344,633.916915,19.748402,0.231011,9.528476,20.047732,3302.011687,healthy,0,0,0,0,2.285158,0.133503,-0.392561,-0.328699,-0.921791,-0.081243,0.001562,-0.020805,1.0,196.265
748,descent,3530.798142,54.721238,61.600464,96.661885,167.33839,634.1351,20.076535,0.216987,9.922163,18.865998,3230.96233,healthy,0,0,0,0,1.804862,-0.980063,0.222754,0.214247,-1.048992,0.409715,0.000557,-0.108121,1.0,196.26
749,descent,3506.519076,53.937674,62.547989,95.969869,165.926178,634.917228,19.950135,0.225529,9.989719,16.991015,3311.692385,healthy,0,0,0,0,-0.322654,0.521893,-0.73808,1.384462,0.805115,0.06852,-0.000532,-0.093413,1.0,196.255
750,descent,3512.004019,54.168552,61.594733,96.634059,167.557492,631.106225,19.870476,0.232213,9.902248,19.471315,3121.674225,healthy,0,0,0,0,4.915205,-1.098449,-0.161132,-2.057432,1.705623,0.088432,0.006551,0.082401,1.0,196.25
751,descent,3507.927002,56.347679,62.088611,96.398975,168.965526,636.138312,19.950303,0.230188,9.634146,18.265747,3153.105518,healthy,0,0,0,0,-3.751906,-0.156396,0.508045,-0.070042,2.818205,-0.150636,-0.007875,0.021763,1.0,196.245
752,descent,3492.542955,54.841951,61.443124,96.475882,165.17966,634.751851,19.681302,0.226099,9.887547,18.075284,3354.342302,healthy,0,0,0,0,1.260289,0.403617,0.167724,-0.669586,-1.291097,0.096288,-0.010054,0.144984,1.0,196.24
753,descent,3527.419285,55.519585,61.530048,95.511484,167.844162,636.732071,19.589124,0.228044,9.719229,19.378404,3422.519183,healthy,0,0,0,0,-5.097779,-0.317466,0.222917,0.433819,-2.667449,-0.194979,0.003537,0.059911,1.0,196.235
754,descent,3515.585964,55.226911,61.423106,94.94237,167.564397,631.799135,19.956246,0.221319,9.72695,18.988274,3213.291963,healthy,0,0,0,0,2.94259,-0.307865,0.618846,0.642219,0.189204,-0.200829,0.001166,0.223679,1.0,196.23
755,descent,3484.87658,53.867941,62.653204,96.719085,166.472263,631.672738,19.781453,0.223988,9.737511,19.459512,3228.676386,healthy,0,0,0,0,-1.277574,0.148058,0.359932,2.352004,0.306898,0.073148,0.007173,-0.034468,1.0,196.225
756,descent,3492.718765,55.029685,61.577838,95.759637,168.33775,633.590115,19.604024,0.221546,9.588388,19.610497,3127.94855,healthy,0,0,0,0,4.974422,-0.170647,-1.041809,1.602193,1.996102,0.06778,0.006604,0.075232,1.0,196.22
757,descent,3489.915921,54.719352,61.512196,96.486009,168.541329,634.010202,19.687566,0.230267,10.047885,19.320462,3239.072646,healthy,0,0,0,0,-5.823681,0.665905,1.186452,0.585697,-0.290897,0.073203,-0.00312,-0.07786,1.0,196.215
758,descent,3539.49108,54.593481,61.790744,96.647928,165.198359,631.120544,19.963468,0.21593,9.986753,19.827586,3326.829977,healthy,0,0,0,0,-0.536392,0.251895,0.175585,-1.225726,-1.057288,0.410429,0.001061,0.058619,1.0,196.21
759,descent,3545.601306,53.66893,61.751649,96.231731,166.672737,637.882106,19.851454,0.227323,9.850911,16.837882,3262.376404,healthy,0,0,0,0,0.856844,-0.125173,-0.738386,0.133643,-0.419687,-0.131001,-0.005235,-0.051329,1.0,196.205
760,descent,3522.365273,54.453221,62.315951,96.845959,167.107063,632.189215,19.621328,0.22367,9.734801,19.016059,3138.838547,healthy,0,0,0,0,2.607004,0.057035,-0.133807,-1.591939,-1.255046,0.169511,-0.003028,0.023318,1.0,196.2
761,descent,3560.509631,54.864377,62.155978,96.70117,167.849464,631.329821,19.675274,0.227064,9.690894,21.232403,3292.183675,healthy,0,0,0,0,3.213124,0.08357,-0.190109,-0.808575,0.706994,-0.110282,-0.002042,0.10088,1.0,196.195
762,descent,3512.481661,54.713218,62.105672,95.743589,166.945421,632.780995,19.723505,0.228115,9.796539,17.948689,3365.483335,healthy,0,0,0,0,-2.406863,-0.051854,-0.527592,-0.352902,-1.05813,-0.041106,-0.005532,-0.141947,1.0,196.19
763,descent,3528.496495,54.864464,61.704722,96.626131,167.994128,639.550034,19.632995,0.228058,9.836758,18.929579,3409.939373,healthy,0,0,0,0,-2.008263,0.009445,0.393685,-0.801112,1.096663,0.077786,-0.008246,0.030095,1.0,196.185
764,descent,3507.419497,51.418175,61.72137,94.811918,165.612803,632.909211,19.694084,0.226762,9.758638,17.763131,3139.031836,healthy,0,0,0,0,-4.943499,0.524003,-0.095991,-0.631586,-1.722666,0.106212,-0.004649,0.027387,1.0,196.18
765,descent,3525.028876,55.331971,61.494635,97.461519,166.125659,626.973378,19.732951,0.227615,9.938722,18.820211,3294.981302,healthy,0,0,0,0,-0.783179,-0.041022,0.076078,-0.247931,-2.384911,0.046116,0.005092,-0.031186,1.0,196.175
766,descent,3509.770782,55.348314,60.719155,96.408369,167.059824,634.391567,19.805932,0.224049,10.138497,18.030437,3282.160473,healthy,0,0,0,0,-1.869471,-0.816073,0.220791,0.323205,0.348061,-0.185887,-0.007037,-0.154391,1.0,196.17
767,descent,3530.123904,53.700718,62.375074,96.401337,167.147922,635.778241,19.736989,0.226716,9.905981,17.755267,3399.969732,healthy,0,0,0,0,-0.496681,-0.056309,0.130821,-0.195518,-1.878328,0.078968,0.000257,0.039519,1.0,196.165
768,descent,3557.498771,53.929603,61.964408,96.350464,165.633597,631.71632,19.755028,0.23286,9.951335,19.830191,3149.95313,healthy,0,0,0,0,-3.562738,-0.611723,0.27046,-0.413631,-2.182428,-0.200834,-0.001661,-0.009983,1.0,196.16
769,descent,3502.833308,54.922152,61.990061,97.086371,167.95352,632.048807,19.398518,0.22302,9.767186,20.044679,3300.24921,healthy,0,0,0,0,3.27336,0.365274,0.193016,0.398161,0.964593,-0.04277,-0.003399,-0.102592,1.0,196.155
770,descent,3541.725513,53.384772,61.815195,96.797359,167.05861,629.804579,19.752177,0.2225,10.062642,18.529294,3322.09165,healthy,0,0,0,0,4.702381,-0.422746,0.850218,-0.179517,0.494441,-0.0808,-0.003133,0.061621,1.0,196.15
771,descent,3533.539905,54.316926,61.998823,96.748571,166.010284,640.580957,19.925339,0.227052,9.988132,19.626282,3296.272278,healthy,0,0,0,0,3.01982,-0.687116,-0.115336,-1.157619,3.508596,-0.082083,0.003227,0.014291,1.0,196.145
772,descent,3499.270861,53.487149,61.019195,97.240935,168.304858,638.736432,19.804246,0.224995,9.987424,18.990247,3250.963864,healthy,0,0,0,0,-4.741643,0.003983,0.538661,0.08481,-0.20227,0.119265,-0.008787,-0.014064,1.0,196.14
773,descent,3514.730071,54.980794,61.63101,96.067423,166.729477,635.093573,19.590867,0.221519,10.06858,18.530518,3141.980091,healthy,0,0,0,0,-0.300128,0.837374,0.394144,0.20568,-0.08273,-0.145919,-0.001306,0.043243,1.0,196.135
774,descent,3510.214865,54.285038,61.862676,96.791796,170.088906,635.64834,20.151392,0.233615,9.602634,19.672452,3203.859787,healthy,0,0,0,0,1.989642,-0.483741,-0.457341,-0.1496,-0.017837,0.158912,0.009192,-0.069062,1.0,196.13
775,descent,3526.580317,54.514291,62.472727,97.472489,167.210984,636.274897,19.890047,0.227637,10.149266,19.195598,3271.900665,healthy,0,0,0,0,2.843892,0.081022,-0.267205,-0.089305,-1.807586,-0.06937,-0.001775,0.097149,1.0,196.125
776,descent,3537.744613,54.134602,62.084181,96.02313,166.379758,631.795527,19.868681,0.219908,10.08684,19.929027,3182.4546,healthy,0,0,0,0,2.160284,-0.112958,-0.383437,0.369031,1.996784,-0.213008,-0.000732,-0.023921,1.0,196.12
777,descent,3502.037931,52.336916,62.205759,96.529608,166.629781,637.12042,19.631987,0.230201,9.706703,18.192124,3235.20954,healthy,0,0,0,0,1.202284,-0.325674,-1.284746,1.429426,-1.079124,0.081563,8.5e-05,0.010206,1.0,196.115
778,descent,3507.222972,55.107475,62.607179,96.393257,166.553441,635.290991,19.795385,0.233079,9.748561,18.325113,3250.202048,healthy,0,0,0,0,1.375134,-0.055915,-0.37482,-0.200982,0.935831,0.029727,0.000914,0.127658,1.0,196.11
779,descent,3525.404058,54.820946,62.27228,96.491768,166.474529,635.136986,19.659136,0.235368,10.089503,19.738219,3212.892129,healthy,0,0,0,0,0.142767,0.158553,-0.408171,1.755609,1.76942,-0.181771,0.001377,0.058147,1.0,196.105
780,descent,3536.631012,53.96886,61.358592,96.818341,167.146606,635.249479,19.597159,0.226095,10.030985,19.77533,3352.940984,healthy,0,0,0,0,0.755421,-0.466328,-0.60047,-0.225486,-0.70853,0.089845,-0.006737,-0.033526,1.0,196.1
781,descent,3515.454141,54.743181,62.813826,96.523066,166.832687,631.277084,19.831204,0.227539,9.806315,19.836497,3273.977859,healthy,0,0,0,0,-4.929383,-0.274841,0.169976,-0.578296,-0.168212,0.051286,-0.005171,0.080931,1.0,196.095
782,descent,3529.819379,54.837951,61.566648,96.941403,165.615158,631.911842,19.746784,0.219518,9.8354,18.846932,3115.768487,healthy,0,0,0,0,-0.399668,0.252905,0.35389,0.366325,-1.815041,-0.108346,-0.008416,-0.102519,1.0,196.09
783,descent,3485.806465,52.692808,62.123526,96.200365,167.559769,631.204437,19.53144,0.227597,9.879225,18.493022,3159.168704,healthy,0,0,0,0,0.639768,-0.030147,0.167459,0.204001,-1.241078,-0.295027,0.010356,0.083219,1.0,196.085
784,descent,3516.924828,54.557524,62.090681,96.184564,167.489265,634.924124,19.737585,0.224733,9.763085,18.940436,3350.318533,healthy,0,0,0,0,2.816814,-0.612489,0.192409,-0.587583,0.055229,-0.04365,0.002535,-0.120249,1.0,196.08
785,descent,3528.937322,55.131539,61.908903,95.889175,166.265359,635.486651,19.301483,0.231705,10.079694,17.123434,3188.878788,healthy,0,0,0,0,-2.129028,-0.309359,-0.274592,-0.593735,2.417219,-0.138808,0.001734,-0.023084,1.0,196.075
786,descent,3548.66801,54.048145,61.636255,96.223251,166.826752,637.723147,19.670796,0.213523,9.885004,20.369281,3185.608819,healthy,0,0,0,0,3.259044,-0.067455,-0.161789,1.371488,-3.861363,-0.052052,-0.005737,-0.071057,1.0,196.07
787,descent,3511.724568,56.281543,61.587341,96.901626,165.124196,633.394698,19.719298,0.228582,10.044658,19.039701,3352.152107,healthy,0,0,0,0,2.114806,-0.579577,-0.579274,-0.371544,1.756967,-0.141413,0.003365,0.091667,1.0,196.065
788,descent,3555.950396,55.61731,62.048646,96.237122,166.108639,633.203431,19.830365,0.223312,9.729323,20.569471,3346.327701,healthy,0,0,0,0,1.26264,0.085878,-0.73181,-0.130572,1.904827,-0.12809,0.001604,0.013675,1.0,196.06
789,descent,3482.655771,53.872612,62.15207,96.462875,166.606882,634.353994,19.780502,0.23022,9.768584,18.238355,3284.434009,healthy,0,0,0,0,-1.297521,-0.184259,0.176302,0.501225,-2.608452,-0.105462,-4.7e-05,-0.00678,1.0,196.055
790,descent,3530.395757,54.058988,63.033825,98.048625,169.325469,631.241952,19.582817,0.231333,9.870519,17.017829,3207.801843,healthy,0,0,0,0,-1.099386,0.073874,-0.353574,0.15613,0.383242,0.210475,-0.000114,0.016941,1.0,196.05
791,descent,3472.975518,56.16948,62.602378,96.554767,165.902748,636.455895,19.816371,0.230965,9.598346,19.204087,3373.807896,healthy,0,0,0,0,-1.714894,-0.005663,0.30142,0.714141,2.755201,0.102021,0.006019,-0.057911,1.0,196.045
792,descent,3512.29278,53.679954,61.953685,97.108492,166.054214,635.873273,19.722473,0.234453,10.015987,19.034316,3208.243879,healthy,0,0,0,0,0.624527,-0.735667,0.209273,-0.163018,-1.060222,-0.071153,-0.004947,0.176961,1.0,196.04
793,descent,3505.139942,53.365058,62.023135,97.384677,167.246862,639.61017,19.683786,0.221625,9.979622,16.998523,3254.18495,healthy,0,0,0,0,-0.647292,-0.035233,0.831721,0.797566,-3.641077,0.116704,-0.004497,0.068841,1.0,196.035
794,descent,3542.360693,53.878302,62.413509,96.172975,168.563365,635.310379,19.738447,0.231673,9.765297,19.886828,3215.551617,healthy,0,0,0,0,-4.32671,-0.045577,0.495322,-0.764803,0.519193,0.053262,0.008409,0.004139,1.0,196.03
795,descent,3519.348941,55.310528,62.154436,96.723601,167.494136,638.102789,19.955444,0.229352,9.691526,19.647369,3194.189917,healthy,0,0,0,0,-7.613059,-0.591883,0.284966,-0.171705,0.400016,0.333621,-0.000672,-0.108816,1.0,196.025
796,descent,3514.63828,55.639168,61.491378,96.590986,165.559489,632.148799,19.258452,0.228786,9.957548,19.075077,3207.127327,healthy,0,0,0,0,0.323565,-0.337851,-0.221259,0.5226,0.590667,0.140457,-0.001403,-0.016769,1.0,196.02
797,descent,3503.002603,54.485185,61.398302,95.328728,165.01974,633.906244,19.569767,0.221827,9.679202,17.261099,3256.519872,healthy,0,0,0,0,3.486388,0.740856,-0.265344,-1.309444,1.003843,-0.07401,-0.006281,0.092593,1.0,196.015
798,descent,3498.822497,53.959931,62.512594,95.93826,167.017636,631.714138,19.554924,0.227405,10.132495,19.238583,3194.878305,healthy,0,0,0,0,-2.042576,0.452064,-0.369462,0.113686,1.025947,-0.135558,0.003343,-0.116208,1.0,196.01
799,descent,3534.277006,54.91012,61.622206,97.044286,166.053125,630.904381,19.906689,0.218087,9.866805,18.118835,3128.540449,healthy,0,0,0,0,-0.653032,-0.540072,-0.171187,-0.793809,0.892266,0.11317,-0.001626,0.116141,1.0,196.005
800,descent,3512.208528,55.155085,61.905181,96.951815,168.008371,636.64257,19.765589,0.226363,10.05913,19.922117,3245.581337,healthy,0,0,0,0,-0.067304,0.295165,-0.079317,-0.041866,1.235557,-0.163039,0.004631,0.026858,1.0,196.0
801,descent,3534.643375,54.355177,62.507512,97.096455,166.014787,630.69731,19.763354,0.229318,9.963863,18.928761,3234.544331,healthy,0,0,0,0,-1.936865,-0.169143,0.075124,-0.118311,-2.062561,0.086085,0.00296,-0.194662,1.0,195.995
802,descent,3552.74176,54.581369,62.737026,96.927297,166.76925,631.553672,19.793666,0.234762,9.737433,18.750709,3348.682144,healthy,0,0,0,0,1.577002,0.095047,0.407027,0.295134,0.31473,0.079372,0.004844,0.011519,1.0,195.99
803,descent,3521.01528,53.64751,61.685039,97.258287,165.393237,634.289963,19.751763,0.237273,9.781283,18.55476,3325.692827,healthy,0,0,0,0,-0.720358,0.080131,-0.546975,-0.518029,0.528115,-0.057653,0.004471,-0.118491,1.0,195.985
804,descent,3510.944686,56.379064,61.525179,95.780532,166.052114,637.567244,20.005047,0.226513,9.724795,20.536534,3133.448739,healthy,0,0,0,0,2.229175,-0.299818,-0.398558,0.028912,-0.201792,0.051033,0.003062,-0.049521,1.0,195.98
805,descent,3517.447483,55.328326,61.536358,96.795005,167.452102,634.552348,19.50635,0.229377,9.870174,18.250584,3313.259133,healthy,0,0,0,0,-0.024728,-0.164438,0.014939,0.143775,-0.925911,0.064243,0.007773,-0.022868,1.0,195.975
806,descent,3502.548868,56.842011,62.362542,96.504994,167.696075,635.06035,19.85412,0.228837,9.897167,19.25265,3144.418772,healthy,0,0,0,0,-1.000746,0.611595,0.509623,-1.250159,-2.545194,0.182528,0.006105,-0.105372,1.0,195.97
807,descent,3526.93419,56.386264,62.722656,96.332788,166.223601,631.786361,19.524067,0.220616,10.139354,17.951774,3362.39578,healthy,0,0,0,0,2.815779,0.465486,0.416269,-0.597337,0.74402,0.338424,0.002212,0.074258,1.0,195.965
808,descent,3555.956996,56.606383,61.674994,97.210067,168.402447,638.660857,19.627804,0.217823,9.993822,17.925012,3271.196882,healthy,0,0,0,0,2.862939,0.183313,-0.822155,0.271647,0.688255,-0.035657,0.000845,-0.094426,1.0,195.96
809,descent,3525.396466,55.856033,62.716538,97.012654,167.971144,635.307717,19.584632,0.237266,9.971968,18.642237,3167.782498,healthy,0,0,0,0,0.411856,0.249801,1.12627,0.536562,-1.543073,-0.240491,0.004808,0.073487,1.0,195.955
810,landing,3422.701681,51.496489,61.345302,96.703434,162.036173,629.504256,18.833506,0.23476,9.759676,20.514481,3173.670379,healthy,0,0,0,0,-0.779312,0.576761,0.780255,1.235687,-1.388206,0.0365,0.000597,0.001622,1.0,195.95
811,landing,3470.042956,50.656625,63.005407,96.557185,160.582543,622.857157,18.947677,0.22225,9.82681,20.571789,3343.925376,healthy,0,0,0,0,-4.014164,0.643094,-0.01413,-1.825471,0.16272,-0.047142,0.00756,-0.132295,1.0,195.945
812,landing,3446.838653,50.395697,62.771367,96.969008,161.768177,622.482285,18.649554,0.22901,9.837135,17.477386,3233.592969,healthy,0,0,0,0,4.127265,-0.095663,0.432263,-0.271904,-4.227842,0.156899,-0.006383,-0.042899,1.0,195.94
813,landing,3497.653428,49.217754,61.911809,96.496643,163.466252,625.956941,18.68829,0.221999,9.823427,18.465168,3456.173324,healthy,0,0,0,0,-1.077649,0.612583,-0.052898,-0.853528,-1.265388,0.064457,0.006998,-0.041665,1.0,195.935
814,landing,3463.602776,49.875358,62.14138,95.370835,164.472767,624.185271,18.813209,0.227344,9.839835,17.703134,3302.318842,healthy,0,0,0,0,2.693511,0.101292,0.155931,-0.813571,1.256127,-0.130789,0.003812,0.009785,1.0,195.93
815,landing,3462.694196,49.507553,62.165372,97.425749,161.785761,627.871735,19.060146,0.220106,9.763722,18.116231,3381.078264,healthy,0,0,0,0,1.939583,0.392525,0.253642,0.666208,2.558069,0.241438,-0.007578,0.017335,1.0,195.925
816,landing,3492.512115,49.483142,62.948721,96.116595,163.234678,621.543794,18.800431,0.227288,9.686253,17.897144,3320.746091,healthy,0,0,0,0,-0.240405,-0.135495,0.173626,0.435091,-1.022803,0.105358,0.005487,0.069335,1.0,195.92
817,landing,3458.81066,49.686545,62.102679,97.990163,160.190086,624.639489,18.467409,0.221094,9.972454,16.894221,3129.410544,healthy,0,0,0,0,-7.031821,0.274883,0.099759,0.81304,0.423828,-0.049892,0.000512,0.045381,1.0,195.915
818,landing,3438.966436,49.132632,61.761751,97.80021,161.07103,626.714557,18.647789,0.216858,9.76932,21.146315,3176.742216,healthy,0,0,0,0,-1.327396,-0.102502,-0.023706,0.270799,0.515647,-0.046452,0.003465,-0.076963,1.0,195.91
819,landing,3486.303352,50.563459,61.840751,96.553381,162.795429,624.202361,18.916412,0.230094,9.73184,18.194299,3364.678632,healthy,0,0,0,0,4.483026,0.212586,-0.048077,-1.255845,-0.229842,-0.058295,0.007583,-0.143452,1.0,195.905
820,landing,3472.380279,49.270665,62.125572,96.683343,162.705284,622.442217,19.011224,0.226446,9.836907,18.795623,3280.999135,healthy,0,0,0,0,-2.398613,0.768537,-0.472845,0.01667,2.132159,0.040393,-0.006826,0.016558,1.0,195.9
821,landing,3475.43396,50.949317,62.153963,96.403565,161.305077,625.94323,18.678954,0.228571,10.023288,20.486463,3216.400905,healthy,0,0,0,0,3.377675,0.485415,0.27749,-0.676707,-1.131224,-0.093715,0.007908,-0.07865,1.0,195.895
822,landing,3475.76557,50.429368,61.772917,97.460348,161.933815,626.088091,18.600952,0.222802,9.657688,19.800965,3162.823884,healthy,0,0,0,0,3.81281,-0.061825,-0.626995,-0.567959,-0.995952,-0.057757,-0.004619,0.005813,1.0,195.89
823,landing,3467.523081,48.677176,61.637737,96.26893,163.310212,625.848921,18.779057,0.235207,9.845957,19.126252,3229.991501,healthy,0,0,0,0,-2.022477,-0.608489,-1.153335,0.032476,1.176639,-0.268941,-0.002681,-0.095584,1.0,195.885
824,landing,3497.552554,50.061036,62.402736,96.913659,161.567546,625.34132,19.002277,0.228049,9.486166,17.698239,3217.533837,healthy,0,0,0,0,0.959105,-0.127497,0.091248,0.04139,2.674253,-0.103845,0.003023,-0.013139,1.0,195.88
825,landing,3446.98687,48.542032,61.37632,97.270194,164.023047,619.192777,18.471618,0.227086,9.884327,21.592708,3293.92467,healthy,0,0,0,0,-2.745493,-0.368511,-0.268909,0.514875,-0.153125,0.445263,0.002249,-0.00735,1.0,195.875
826,landing,3487.795558,49.324483,61.623522,96.799499,160.998451,627.90895,18.768962,0.224107,10.056187,18.928304,3303.953421,healthy,0,0,0,0,-0.577254,-0.143001,0.496273,-1.195544,-1.832006,-0.003982,-0.001944,-0.105579,1.0,195.87
827,landing,3493.148646,48.113897,61.845625,97.336951,163.264182,626.18367,18.522533,0.235623,9.713237,19.735925,3293.881873,healthy,0,0,0,0,5.619126,-0.248195,0.799575,0.650032,2.036724,-0.185536,-0.004827,-0.036472,1.0,195.865
828,landing,3451.441683,49.180954,61.4579,95.118913,161.598115,626.692511,18.913771,0.217709,9.663901,18.932309,3167.004697,healthy,0,0,0,0,1.689395,-0.119105,-0.065998,-0.514055,-0.58368,-0.13,-0.003676,-0.011421,1.0,195.86
829,landing,3456.511182,49.954356,61.637968,96.207788,163.652586,627.486408,18.495954,0.231721,9.640723,17.390119,3304.154062,healthy,0,0,0,0,2.507353,-0.459623,-0.114567,-0.06849,-0.430986,-0.194047,0.008463,0.028819,1.0,195.855
830,landing,3472.438993,49.774072,62.225943,95.574503,163.244782,625.256413,18.774932,0.226585,10.05698,17.987086,3227.681768,healthy,0,0,0,0,0.261932,-0.484529,0.434378,0.778544,2.492204,-0.144181,-0.010216,-0.008414,1.0,195.85
831,landing,3474.421986,51.924685,61.609401,96.458627,163.267595,624.31222,18.862925,0.233984,9.901266,17.186144,3128.301539,healthy,0,0,0,0,0.613006,-0.404507,0.549833,0.215493,-0.311553,-0.050887,0.00177,-0.011064,1.0,195.845
832,landing,3465.37438,50.072462,62.483968,96.705762,162.007684,626.276845,18.656225,0.222436,9.828617,19.728299,3289.319211,healthy,0,0,0,0,-4.429646,0.412971,0.133782,0.323999,-1.125215,0.172451,0.006446,-0.033098,1.0,195.84
833,landing,3465.80029,48.493513,61.033102,96.762947,161.579332,619.523657,18.61521,0.227285,9.955804,19.963929,3203.386142,healthy,0,0,0,0,1.966958,-0.271376,0.050496,1.324307,-2.622345,-0.062965,0.002501,0.037846,1.0,195.835
834,landing,3471.325552,49.697012,62.213231,97.04122,162.816027,619.678691,18.792268,0.238495,10.070428,19.605753,3271.428836,healthy,0,0,0,0,-1.164169,0.065098,0.479404,-0.865102,-0.147863,-0.011973,-0.007605,-0.078947,1.0,195.83
835,landing,3461.927992,49.860943,61.795821,96.821657,159.548976,626.474444,18.80944,0.231686,9.83046,18.207478,3240.043616,healthy,0,0,0,0,0.402655,-0.122663,-0.278206,0.6592,0.340508,0.066534,0.012117,0.034834,1.0,195.825
836,landing,3447.442822,49.768467,62.365085,96.623732,160.675598,628.284867,18.820357,0.237452,9.944215,17.37686,3389.39783,healthy,0,0,0,0,2.223378,0.321174,0.794425,-1.03613,1.074156,0.036204,0.00381,0.011552,1.0,195.82
837,landing,3449.522727,49.513974,62.048909,96.602997,163.433808,625.687952,18.569693,0.214791,9.853797,17.527489,3278.740883,healthy,0,0,0,0,9.4165,-0.17917,-0.264192,-0.320184,1.270149,0.08336,-0.000841,-0.061788,1.0,195.815
838,landing,3454.721649,50.910471,61.895324,96.045587,161.433916,621.408199,18.391464,0.226438,9.944125,19.231838,3261.329293,healthy,0,0,0,0,2.39219,0.636817,-0.130058,-0.245405,-1.900998,-0.174021,0.003476,-0.036993,1.0,195.81
839,landing,3478.872133,51.957531,62.633117,96.858344,162.936407,622.223847,18.860857,0.20967,9.6881,20.09975,3371.270333,healthy,0,0,0,0,5.394679,0.024061,0.402667,0.209943,0.490868,-0.172189,0.001658,0.055522,1.0,195.805
840,landing,3492.741447,49.325121,62.296413,96.682587,161.34219,625.851157,19.081582,0.225348,9.995977,19.764552,3349.106533,healthy,0,0,0,0,1.281852,0.090025,-0.222947,0.870297,0.125249,0.17353,0.00665,0.006153,1.0,195.8
841,landing,3506.710475,48.850216,62.030128,97.504343,163.07351,625.990631,18.904614,0.221487,9.782198,17.609133,3245.316944,healthy,0,0,0,0,-2.181999,-0.092926,-0.555412,-0.115298,-0.514883,-0.021841,-0.005508,0.004759,1.0,195.795
842,landing,3469.85261,50.815028,62.099825,97.616876,162.08645,617.470124,18.560858,0.222819,9.858204,18.713933,3320.984548,healthy,0,0,0,0,0.19972,-0.830352,-0.030382,-0.47879,-0.035603,-0.29604,0.001028,0.025736,1.0,195.79
843,landing,3485.979438,47.710674,62.337293,96.353806,163.353289,621.092249,18.788366,0.238461,9.567973,20.68775,3235.905034,healthy,0,0,0,0,2.991363,-0.54994,0.197173,0.364356,0.876858,-0.025288,0.001086,-0.033886,1.0,195.785
844,landing,3484.623227,50.032157,61.678637,96.522455,163.111416,627.244902,18.675636,0.226978,10.027081,19.211381,3347.365207,healthy,0,0,0,0,2.016299,-0.159833,0.509219,0.090272,-0.038153,-0.22096,-0.00056,-0.108622,1.0,195.78
845,landing,3450.567261,49.530847,61.938923,97.254077,161.969076,623.309114,18.399678,0.226511,9.883814,18.117058,3190.628483,healthy,0,0,0,0,3.120674,0.583494,-0.219931,0.347804,-0.855533,0.265311,0.004989,-0.023139,1.0,195.775
846,landing,3506.839332,50.208452,61.267928,95.985551,162.048561,626.603517,18.565898,0.219853,10.020438,20.116452,3172.188538,healthy,0,0,0,0,0.195746,-0.163164,0.128442,-0.371528,-1.969637,-0.02613,-0.001704,0.08275,1.0,195.77
847,landing,3470.966515,50.564871,61.398136,97.00437,162.917535,625.267413,18.612308,0.222957,9.728454,18.396631,3267.32511,healthy,0,0,0,0,2.511615,0.680578,0.440967,1.338828,-2.094746,0.234239,0.002151,-0.096691,1.0,195.765
848,landing,3473.102543,50.924356,62.685104,97.836458,163.362429,619.179583,18.030116,0.227011,9.696983,18.662205,3204.865617,healthy,0,0,0,0,0.889667,-0.195561,0.009255,0.375763,2.090455,0.154055,-0.004106,0.120223,1.0,195.76
849,landing,3442.12755,49.500558,62.16835,96.318475,161.240879,621.548507,18.841304,0.218224,9.798224,19.830232,3489.737382,healthy,0,0,0,0,2.880138,0.102591,-0.330509,-0.775116,1.710293,-0.043517,-0.002033,0.09734,1.0,195.755
850,landing,3466.962865,51.312867,62.158501,96.306817,161.795317,621.497302,18.819289,0.230889,10.118941,19.600489,3136.278672,healthy,0,0,0,0,-4.407073,0.381758,0.101642,-1.179284,1.435652,-0.079588,0.002554,-0.053101,1.0,195.75
851,landing,3472.589918,49.753134,61.499008,97.196551,162.061276,623.071117,18.706016,0.22329,10.21504,18.003264,3234.442461,healthy,0,0,0,0,-3.173153,0.196602,-0.137315,0.186218,-2.500227,0.171239,-0.003422,0.018355,1.0,195.745
852,landing,3459.627532,50.446948,61.669887,96.564394,165.188602,621.388481,18.382866,0.237653,10.007591,17.914023,3275.55495,healthy,0,0,0,0,-0.060954,-0.160016,-0.548849,-0.540055,-0.774545,-0.115894,-0.001109,0.099781,1.0,195.74
853,landing,3452.656462,50.653633,62.051277,96.445386,162.581749,626.334555,18.612009,0.224946,9.706898,18.07177,3207.732365,healthy,0,0,0,0,-4.210892,0.019092,-0.152923,-1.103971,1.274434,-0.33632,0.001346,-0.020961,1.0,195.735
854,landing,3446.424877,50.795179,61.312162,97.536681,161.787806,617.541262,18.688196,0.225599,9.755988,15.926745,3203.902004,healthy,0,0,0,0,3.176528,-0.705865,0.356281,1.022954,-2.352523,-0.191752,0.002541,-0.027241,1.0,195.73
855,landing,3461.355187,49.428154,61.715114,96.540824,161.551952,627.46969,18.598975,0.223916,10.015319,19.919952,3337.831916,healthy,0,0,0,0,3.032587,0.202049,-1.182197,-1.357069,2.492395,-0.231037,-0.008032,0.16567,1.0,195.725
856,landing,3454.203366,49.352757,62.246914,95.95972,162.280475,623.110839,18.409198,0.226197,9.740177,17.278471,3223.086268,healthy,0,0,0,0,-7.145943,-0.111839,-0.572885,0.066326,1.137836,-0.195588,-0.000918,0.016866,1.0,195.72
857,landing,3459.389094,49.068194,61.188033,96.487379,161.173649,622.536143,18.954826,0.229346,9.998241,17.793254,3126.092764,healthy,0,0,0,0,2.660198,0.161361,0.742893,-1.227022,1.152384,0.153254,-0.007193,-0.037662,1.0,195.715
858,landing,3445.267413,51.23558,62.026237,97.018487,159.888487,626.985632,18.834763,0.222557,9.876404,18.523678,3418.503425,healthy,0,0,0,0,-0.491367,-0.208127,-0.848911,0.425149,-0.625773,0.206392,0.001992,0.023857,1.0,195.71
859,landing,3480.84032,49.430747,61.479482,97.686639,164.117621,620.880897,18.489372,0.232339,9.892447,18.797667,3345.702556,healthy,0,0,0,0,2.340462,0.016032,-0.190003,1.055891,1.865479,-0.102215,0.000348,0.084383,1.0,195.705
860,landing,3457.090052,49.30944,61.717523,95.984429,160.372404,626.897316,18.787574,0.213144,9.903397,19.146281,3307.11372,healthy,0,0,0,0,3.873759,-0.378176,0.475119,0.189888,-0.273776,-0.038578,0.002854,0.125562,1.0,195.7
861,landing,3472.439617,50.131128,61.591917,96.664871,162.835799,622.569088,18.900936,0.226228,9.862873,17.730172,3124.040565,healthy,0,0,0,0,-3.209275,-0.096199,-0.866716,0.033442,-0.726714,0.095313,0.000817,-0.045642,1.0,195.695
862,landing,3434.640053,51.119281,61.510459,96.364989,161.521667,619.114045,18.984308,0.214794,10.041461,17.132123,3300.675154,healthy,0,0,0,0,0.371028,-0.14509,-0.062169,-0.839647,0.940579,0.230163,0.00397,-0.10091,1.0,195.69
863,landing,3487.635011,50.622219,62.004608,96.452697,163.344324,624.39279,18.749357,0.223037,9.55478,19.136468,3332.99352,healthy,0,0,0,0,-0.901635,0.232092,1.727381,0.228894,0.372905,-0.116424,-0.003314,-0.01551,1.0,195.685
864,landing,3484.778443,49.70337,62.142845,96.805105,161.048128,618.626228,18.808784,0.22646,10.02881,18.50516,3219.357155,healthy,0,0,0,0,4.02481,-0.484683,-0.514784,-0.612456,-1.101878,0.087203,-0.001811,-0.013279,1.0,195.68
865,landing,3466.458728,50.238329,62.455515,96.419157,160.763993,623.260904,18.999611,0.226443,9.943595,18.780748,3292.628856,healthy,0,0,0,0,3.711544,0.061321,-0.600943,0.973116,-1.676275,-0.142975,-0.003772,-0.042708,1.0,195.675
866,landing,3450.655436,50.310633,62.126833,96.377031,163.3498,621.893883,18.952585,0.227773,9.836795,19.028546,3230.758872,healthy,0,0,0,0,4.275388,0.458111,0.248355,-0.560739,2.414008,-0.041882,-0.0052,0.029053,1.0,195.67
867,landing,3462.267689,51.131549,61.435516,96.62323,160.027505,627.401904,18.701063,0.230972,9.994908,18.904807,3236.12868,healthy,0,0,0,0,-1.2231,-0.425955,-0.091351,-0.525757,0.461881,0.307751,-0.007141,-0.013538,1.0,195.665
868,landing,3448.261192,49.52777,62.620328,96.526897,162.845344,627.000151,18.703301,0.233203,10.000506,19.766772,3256.754326,healthy,0,0,0,0,-0.569822,-0.104717,-0.108612,-0.432036,2.014244,0.212873,-0.005798,-0.003344,1.0,195.66
869,landing,3472.263133,49.648844,61.915204,97.105508,161.138246,624.739035,18.622182,0.220329,9.833483,17.669344,3287.312991,healthy,0,0,0,0,0.908628,0.339136,-0.385096,0.628811,-0.745899,-0.040381,0.001617,0.019524,1.0,195.655
870,landing,3466.32467,49.591593,61.97352,95.995129,161.567977,624.416418,18.82829,0.208813,9.855331,19.280997,3341.189665,healthy,0,0,0,0,0.553898,0.440963,-0.268994,-0.473841,0.122358,-0.049286,0.002277,0.067883,1.0,195.65
871,landing,3480.307783,48.41504,62.14417,97.384198,162.886743,620.244163,18.75015,0.237332,10.243524,16.955629,3337.860831,healthy,0,0,0,0,-1.817366,0.194639,0.653574,-0.508183,-1.282809,0.030717,-0.002438,0.045317,1.0,195.645
872,landing,3475.378065,49.647708,61.861206,96.897087,162.573688,624.828238,18.849057,0.224624,9.92946,19.496422,3204.885846,healthy,0,0,0,0,-1.442276,0.238357,-0.212997,-0.14834,-2.175412,0.105971,0.007584,-0.064509,1.0,195.64
873,landing,3487.812812,50.884354,62.198516,96.461118,162.296488,624.942257,18.859342,0.225777,9.889354,19.89638,3175.008305,healthy,0,0,0,0,-1.499126,-0.401692,0.817823,-0.458536,-0.254437,-0.063147,-0.00459,-0.105269,1.0,195.635
874,landing,3467.249865,49.219933,61.699061,96.618305,161.212551,624.201252,18.728107,0.223398,9.843322,21.175616,3173.718644,healthy,0,0,0,0,1.865143,-0.336916,0.541952,0.07632,0.394786,0.205362,0.002288,0.11915,1.0,195.63
875,landing,3468.854374,48.604654,61.609055,96.328602,161.906104,623.82383,18.878177,0.223897,10.018365,18.509901,3249.621362,healthy,0,0,0,0,-0.185419,-0.6261,-0.217253,-0.385983,1.263354,0.257879,0.002214,0.06074,1.0,195.625
876,landing,3469.820506,48.488597,62.525265,95.775319,162.58886,620.435558,18.856649,0.221443,9.874813,18.255599,3262.991687,healthy,0,0,0,0,0.618872,-0.448885,0.504643,-1.656715,-0.145864,-0.016945,-0.007201,-0.036489,1.0,195.62
877,landing,3458.937067,50.97416,61.844428,96.411648,162.505183,624.209688,18.906878,0.225098,10.098346,17.990255,3298.715179,healthy,0,0,0,0,-4.099763,-0.614041,-0.171353,-0.493642,2.209123,-0.321367,0.0018,0.062176,1.0,195.615
878,landing,3487.584557,51.338807,61.877999,97.035888,164.35517,626.971977,18.698441,0.228447,9.762995,17.979918,3296.807663,healthy,0,0,0,0,6.058742,0.11996,1.200605,-2.1218,0.901875,-0.250384,-0.001265,-0.060749,1.0,195.61
879,landing,3473.178756,48.472311,61.659161,97.353128,162.688926,621.293512,18.928393,0.222222,9.56324,17.062862,3302.416512,healthy,0,0,0,0,-0.866208,-0.074811,-0.049627,-0.095888,-3.128484,0.040024,0.000786,-0.002506,1.0,195.605
880,landing,3455.728245,51.005083,62.428379,96.10553,163.655291,623.619049,18.958858,0.218001,10.061515,19.645853,3261.838279,healthy,0,0,0,0,-0.713908,0.121361,0.147051,0.468159,-0.361749,0.245586,-0.007628,-0.019596,1.0,195.6
881,landing,3451.942442,49.239641,61.757241,96.751505,161.705855,626.567496,18.737682,0.218021,9.925604,20.254482,3286.148445,healthy,0,0,0,0,1.041502,-0.568563,-0.048982,-1.110539,0.754467,0.133712,0.00396,-0.074071,1.0,195.595
882,landing,3478.310329,52.206812,61.551379,96.168054,162.50656,626.73508,18.685078,0.225245,10.065521,20.317535,3316.415475,healthy,0,0,0,0,3.392588,-0.861037,0.396653,-1.012768,1.953887,-0.065599,-0.002818,-0.086197,1.0,195.59
883,landing,3457.069684,48.955309,62.014928,96.090056,163.693456,622.634782,18.497347,0.231873,9.984488,17.520902,3255.965552,healthy,0,0,0,0,0.470604,0.505738,-0.13448,1.037303,1.576761,-0.215901,0.002203,-0.062796,1.0,195.585
884,landing,3469.885599,50.304317,61.974946,96.734546,163.486288,627.268269,18.55032,0.228593,9.62877,19.438019,3237.906786,healthy,0,0,0,0,-0.816672,-0.327024,-0.16932,-0.83596,-0.332172,0.122223,-0.010173,0.138351,1.0,195.58
885,landing,3459.533695,49.063301,62.518542,96.126989,161.434708,628.772782,18.610429,0.222489,9.624983,18.086039,3372.24682,healthy,0,0,0,0,4.677398,0.693632,0.444731,0.071301,-0.02221,0.040637,-0.007941,-0.037249,1.0,195.575
886,landing,3492.454227,48.865509,61.702819,97.013539,162.328439,621.756238,18.561362,0.22074,10.103096,21.005174,3330.671161,healthy,0,0,0,0,5.551667,0.252482,-0.468816,1.273272,0.267548,-0.181806,-0.005291,0.03286,1.0,195.57
887,landing,3476.446484,49.747731,61.618825,96.494898,159.195229,626.431993,18.82757,0.222838,9.771136,17.322198,3408.837665,healthy,0,0,0,0,-4.47985,0.440708,0.297365,0.487986,1.13928,-0.284023,-0.004513,-0.060788,1.0,195.565
888,landing,3512.618793,51.040703,62.148677,97.388916,162.777508,627.667652,18.607106,0.228561,9.729744,17.963481,3181.207859,healthy,0,0,0,0,-2.382685,-0.051759,0.177224,1.163948,1.560365,0.037595,0.001531,-0.111867,1.0,195.56
889,landing,3478.732656,51.148093,62.793551,97.30212,162.230096,625.100025,18.79079,0.221983,9.835972,20.120147,3310.253527,healthy,0,0,0,0,0.7451,-0.742636,-0.060254,-0.126175,-1.84256,0.051744,0.003707,0.058117,1.0,195.555
890,landing,3447.293899,49.678863,62.467173,96.313572,163.078536,623.59976,18.966725,0.241924,9.780711,19.286651,3220.366645,healthy,0,0,0,0,3.415702,-0.688887,0.254667,0.168011,1.136908,0.021957,0.003977,0.035992,1.0,195.55
891,landing,3498.15162,49.905209,62.340545,97.727463,162.639094,627.560852,18.61818,0.218435,9.939818,18.819294,3108.88502,healthy,0,0,0,0,-1.486524,0.019827,0.093623,0.652633,0.999385,-0.079625,-0.002488,-0.0751,1.0,195.545
892,landing,3444.506792,48.677614,62.743179,97.446221,163.273718,627.874581,18.625753,0.231728,9.831225,20.127853,3291.529116,healthy,0,0,0,0,-0.85533,-0.516409,1.005614,-1.436467,1.238875,0.034567,-0.001606,0.201353,1.0,195.54
893,landing,3471.921321,50.060793,61.752668,97.870658,161.752616,621.79359,18.457705,0.226578,9.914145,20.108808,3241.086679,healthy,0,0,0,0,-0.975311,-0.281595,0.127191,0.816003,-1.906086,0.197732,0.007919,0.08492,1.0,195.535
894,landing,3485.347082,51.070188,62.301211,96.744092,162.521834,623.705861,18.91026,0.217757,9.572938,16.872398,3171.939296,healthy,0,0,0,0,2.245928,0.218138,-0.477209,0.168857,0.291749,-0.084269,-0.002233,0.017277,1.0,195.53
895,landing,3464.376352,49.377289,61.905523,96.66267,162.236047,620.319763,18.783711,0.223156,9.726791,19.017794,3102.057656,healthy,0,0,0,0,1.585231,-0.090192,0.393847,0.396676,-0.02262,0.187682,0.001989,-0.024997,1.0,195.525
896,landing,3472.478237,49.096048,61.402722,96.385429,162.147847,623.911772,18.563257,0.233837,10.137313,17.44124,3305.837115,healthy,0,0,0,0,0.834923,0.559589,0.177759,-0.36115,0.671556,0.185089,0.002244,-0.047789,1.0,195.52
897,landing,3464.780332,50.446935,61.592608,96.424138,160.338408,622.77352,18.491674,0.224531,9.696612,18.532837,3194.950231,healthy,0,0,0,0,0.747108,-0.595551,-0.289116,1.767751,-0.314803,0.084697,0.004559,0.084449,1.0,195.515
898,landing,3471.003966,51.825983,61.401595,97.190189,161.92047,629.443041,18.558048,0.229661,9.759199,18.204018,3225.053907,healthy,0,0,0,0,-3.251397,-0.703674,-0.419549,0.360543,-0.560268,0.044835,0.000151,0.058117,1.0,195.51
899,landing,3436.219423,49.989594,62.274567,97.18866,162.492934,619.639813,18.967129,0.230497,9.94885,21.247793,3429.403416,healthy,0,0,0,0,-2.322278,-0.176985,-0.182383,0.084147,-1.152916,0.084628,1e-06,-0.044437,1.0,195.505
