timestamp,mission_phase,rpm,throttle,oil_pressure,oil_temp,cht,egt,manifold_pressure,vibration,fuel_flow,ambient_temp,altitude,fault_type,fault_active,fault_severity,fault_start_time,fault_end_time,residual_rpm,residual_oil_pressure,residual_oil_temp,residual_cht,residual_egt,residual_manifold_pressure,residual_vibration,residual_fuel_flow,health_index,baseline_rul
0,idle,3326.989257,52.613693,55.54237,96.113576,177.001173,566.355858,18.801695,0.299864,6.8,11.535566,3012.683552,healthy,0,0,0,0,-0.205182,-0.221598,1.175389,-1.546451,0.793757,0.198726,0.006072,-0.079828,1.0,200.0
1,idle,3335.503064,53.309685,54.69102,96.759594,175.310766,567.030201,18.445676,0.308932,6.8,12.456672,3020.837101,healthy,0,0,0,0,1.755679,0.37814,0.458025,-0.881929,1.32422,-0.187859,-0.004205,0.001411,1.0,199.995
2,idle,3295.381698,50.869587,55.928895,97.421085,176.274918,568.540039,18.525779,0.311159,6.8,11.152776,2936.924716,healthy,0,0,0,0,-0.524357,-0.086706,-0.295663,0.595257,-0.603252,0.054079,0.008373,0.18643,1.0,199.99
3,idle,3304.359849,51.447036,55.256175,96.234883,174.645673,570.326606,19.049246,0.304778,6.8,13.77183,2862.163135,healthy,0,0,0,0,2.000949,0.540014,-0.703019,-0.126484,0.76923,-0.213003,0.006973,0.032172,1.0,199.985
4,idle,3301.552343,52.994491,55.04114,96.947659,176.182066,564.841281,19.018662,0.307267,6.8,11.024537,3021.680859,healthy,0,0,0,0,3.424244,0.104562,0.34305,-1.630463,-3.43368,-0.459963,-0.001723,-0.063139,1.0,199.98
5,idle,3304.951007,50.265987,55.553799,97.349361,177.491831,567.443575,18.930954,0.295665,6.8,12.425474,3078.856658,healthy,0,0,0,0,-1.012031,-0.2103,-0.627195,1.933101,1.532113,-0.12968,-0.00329,0.086243,1.0,199.975
6,idle,3289.146182,53.465853,54.602851,96.935668,175.933496,565.021278,19.187528,0.305821,6.8,13.427236,3079.647574,healthy,0,0,0,0,2.624046,0.02294,-0.226035,-0.020319,1.596674,-0.05041,-0.007916,0.052296,1.0,199.97
7,idle,3306.05056,52.5012,55.315505,96.525745,177.653394,568.744346,18.721848,0.311742,6.8,12.760544,2841.415077,healthy,0,0,0,0,-0.449718,-0.52736,-0.063235,-1.042621,0.767649,0.11492,0.005125,-0.049295,1.0,199.965
8,idle,3298.267803,54.84929,54.597383,96.422228,176.928172,569.103297,18.872811,0.309787,6.8,12.213461,3167.89915,healthy,0,0,0,0,-0.630355,0.252969,-0.141781,-0.654771,-0.48936,-0.10326,0.00496,0.155195,1.0,199.96
9,idle,3297.537692,53.781196,54.998188,95.866089,177.74096,565.582042,18.799141,0.31387,6.8,11.77606,3014.388912,healthy,0,0,0,0,-2.663309,0.345609,0.472363,0.22876,1.320455,0.020445,-0.006206,-0.067092,1.0,199.955
10,idle,3296.049351,52.334803,55.490556,96.569034,176.544294,573.923799,18.949938,0.30501,6.8,11.547317,3089.532667,healthy,0,0,0,0,0.216108,-0.056456,-0.721208,0.5277,-0.076306,0.365409,0.003243,0.004204,1.0,199.95
11,idle,3309.617863,51.899475,55.147446,97.007838,175.682832,569.42849,18.528337,0.315737,6.8,11.763412,3023.549548,healthy,0,0,0,0,2.443573,-0.141108,0.123923,-0.449301,1.883506,-0.13418,-0.000972,0.000209,1.0,199.945
12,idle,3323.631417,52.518514,55.110426,97.386197,176.052221,569.182289,19.011924,0.310855,6.8,13.064751,2916.670388,healthy,0,0,0,0,2.477445,0.543441,-0.679407,-0.139843,0.199653,-0.004361,-0.001628,0.080566,1.0,199.94
13,idle,3283.640291,54.398675,55.158322,96.795572,177.16612,566.019059,18.917578,0.306145,6.8,12.029616,2924.351481,healthy,0,0,0,0,-0.301841,-0.270332,0.008942,-0.333267,0.636073,0.096619,0.003421,0.051048,1.0,199.935
14,idle,3311.534385,52.242991,55.493603,96.92974,176.151101,570.129703,18.722386,0.308973,6.8,13.030611,3147.062205,healthy,0,0,0,0,6.043792,0.008785,0.319651,-1.518809,3.105275,-0.17394,-0.001864,-0.038861,1.0,199.93
15,idle,3301.666461,51.626162,54.618545,96.742477,176.436162,566.421865,18.475341,0.304265,6.8,12.146454,3130.039371,healthy,0,0,0,0,2.209403,-0.073608,-0.408506,0.127582,0.845824,0.112274,0.00439,-0.02137,1.0,199.925
16,idle,3302.003085,50.651115,55.860455,96.519441,177.264094,564.880976,18.754886,0.303093,6.8,10.383015,3068.708986,healthy,0,0,0,0,2.213045,-0.452357,-0.326654,-0.901051,-1.374824,0.082524,-0.002467,-0.084529,1.0,199.92
17,idle,3302.15809,51.795248,54.690646,97.136794,175.880895,566.614045,19.007044,0.30434,6.8,12.326062,2967.020949,healthy,0,0,0,0,-2.412776,0.750313,0.376559,-0.661086,-0.695503,0.347733,-0.009272,0.012329,1.0,199.915
18,idle,3328.027557,51.18052,55.03399,97.100034,177.163777,568.366406,18.919018,0.309553,6.8,12.262738,3007.96771,healthy,0,0,0,0,-2.185816,0.020637,-0.398377,0.37,0.173001,-0.02305,-0.000314,0.157711,1.0,199.91
19,idle,3314.012624,53.362126,54.563824,96.132002,177.282793,568.540834,18.978545,0.307096,6.8,12.783807,2918.295527,healthy,0,0,0,0,0.324117,-0.069384,0.155126,0.322188,-0.849718,-0.246948,-0.000777,0.083514,1.0,199.905
20,idle,3305.792055,53.32142,55.694339,97.177498,174.01349,570.926265,18.394934,0.308804,6.8,13.527167,3079.051633,healthy,0,0,0,0,1.231407,0.338121,0.166256,-0.343147,3.397921,0.214434,0.000827,-0.03615,1.0,199.9
21,idle,3306.847986,52.201435,54.42041,97.214968,176.360791,568.584369,18.953174,0.305387,6.8,10.880785,3005.823771,healthy,0,0,0,0,3.633429,0.52697,0.433155,0.331903,-0.064361,0.211194,0.008462,0.056255,1.0,199.895
22,idle,3290.572689,53.417834,55.093424,97.43715,176.504528,565.733852,18.704598,0.305219,6.8,11.763899,2911.01058,healthy,0,0,0,0,-4.562435,-0.337487,-0.541015,1.071885,-0.442666,0.381289,0.000338,-0.085217,1.0,199.89
23,idle,3310.909887,53.392689,55.155445,96.298382,177.923761,570.468397,18.83043,0.308325,6.8,10.79906,3039.460682,healthy,0,0,0,0,3.613191,-0.22568,0.38362,-0.790656,-1.051189,-0.12476,-0.006136,-0.014027,1.0,199.885
24,idle,3276.861739,52.444881,54.632042,96.279166,177.648074,571.375024,18.659308,0.306336,6.8,11.950052,2947.227859,healthy,0,0,0,0,0.599329,-0.155381,-0.269906,-0.916179,0.700677,-0.0199,-0.000341,0.045371,1.0,199.88
25,idle,3309.157333,51.543605,54.979802,96.822469,178.632658,563.630984,18.76634,0.29805,6.8,11.829287,3027.352953,healthy,0,0,0,0,2.462472,0.177822,0.383291,0.820608,-1.890561,0.047452,0.000289,-0.137509,1.0,199.875
26,idle,3306.52187,54.859011,55.142088,96.964921,175.096082,569.115875,18.796226,0.313164,6.8,13.031295,3024.220568,healthy,0,0,0,0,2.563054,-0.28825,-0.1282,-0.176391,1.509909,-0.210112,0.004697,0.066434,1.0,199.87
27,idle,3305.411052,52.859903,55.102764,96.64511,176.055673,565.717888,18.687106,0.300847,6.8,11.114301,3036.974913,healthy,0,0,0,0,-2.43144,-0.133186,0.441841,0.110366,-0.390895,-0.00373,-0.000605,-0.022371,1.0,199.865
28,idle,3327.432387,52.549098,54.657488,95.904052,177.336636,568.758735,18.450088,0.308449,6.8,14.256975,2933.658973,healthy,0,0,0,0,1.98493,-0.754323,-0.431714,-0.492522,-2.495491,0.07745,0.004882,-0.025289,1.0,199.86
29,idle,3285.724059,52.913958,55.219355,96.625932,176.544066,566.884208,18.709393,0.301978,6.8,11.815431,2998.108422,healthy,0,0,0,0,-2.680112,-0.621107,0.706989,-0.487088,0.648147,-0.247656,0.00027,0.039004,1.0,199.855
30,idle,3286.121571,52.998196,55.378366,95.88918,176.632044,571.537502,18.964438,0.311266,6.8,12.040973,3188.898965,healthy,0,0,0,0,-0.818202,-0.11824,-0.185552,-0.250751,0.647622,0.238507,-0.004655,0.12982,1.0,199.85
31,idle,3300.85309,51.139896,55.049817,96.727737,176.472168,567.31469,18.841663,0.30695,6.8,11.494124,3034.989739,healthy,0,0,0,0,-5.999741,-0.573161,-0.458207,-0.302112,-1.11413,0.099082,-0.003632,0.020846,1.0,199.845
32,idle,3305.917023,52.534696,55.846922,97.354408,175.176772,568.615111,19.19659,0.312034,6.8,12.531908,3135.649086,healthy,0,0,0,0,-0.291638,0.357508,0.043226,0.366718,-2.996435,-0.196824,0.001559,-0.079798,1.0,199.84
33,idle,3298.423136,52.959587,55.276572,96.513524,176.422443,569.943717,18.896757,0.312135,6.8,10.695491,2854.276529,healthy,0,0,0,0,1.64121,-0.21036,-0.44635,0.306153,1.820833,0.393398,0.00092,-0.1662,1.0,199.835
34,idle,3324.6025,52.709709,55.271256,95.608548,177.24092,566.382111,19.029618,0.295718,6.8,11.567297,2959.164386,healthy,0,0,0,0,-1.388193,0.416105,0.011719,-0.774613,2.470248,-0.057655,-0.004586,-0.049506,1.0,199.83
35,idle,3286.17921,53.396559,54.960218,97.866803,177.013601,566.734701,18.49763,0.304124,6.8,13.458399,2973.610536,healthy,0,0,0,0,3.994851,0.266774,-0.677912,1.105013,-0.59668,-0.217807,0.004328,0.07368,1.0,199.825
36,idle,3291.948827,52.98917,54.872599,96.390812,176.140142,568.935296,18.740657,0.304813,6.8,11.989123,2961.595534,healthy,0,0,0,0,1.050583,-0.20275,-0.590948,0.204686,2.908666,-0.084059,0.002244,0.027181,1.0,199.82
37,idle,3312.227388,53.548474,55.028062,95.810879,177.103425,572.0222,18.69675,0.303396,6.8,13.105731,3145.196527,healthy,0,0,0,0,4.954374,-0.299112,-1.17421,-1.25287,0.441484,0.070255,0.005137,-0.110457,1.0,199.815
38,idle,3286.693355,53.118301,55.261608,96.07451,174.851305,569.536234,18.952085,0.310494,6.8,10.460847,3079.584441,healthy,0,0,0,0,1.783603,0.074042,0.013482,-1.044685,1.495566,-0.130706,-0.000209,-0.062753,1.0,199.81
39,idle,3337.429743,52.224975,55.642403,96.860646,177.322551,572.659027,18.898986,0.302149,6.8,12.538134,3148.386467,healthy,0,0,0,0,-3.439096,-0.147903,-0.518632,0.416589,0.571482,-0.140031,0.007551,0.040613,1.0,199.805
40,idle,3320.713824,52.221398,55.230189,96.794981,176.384055,565.298557,18.367163,0.302434,6.8,12.776691,2977.942246,healthy,0,0,0,0,-2.540362,0.576339,0.892499,-0.146534,-1.250763,0.171706,-0.002469,0.099403,1.0,199.8
41,idle,3316.45942,51.546937,54.314075,96.691389,174.817252,568.469094,18.777204,0.297183,6.8,12.224655,3028.978788,healthy,0,0,0,0,-0.469633,0.028278,-0.329221,-0.07344,-0.789767,-0.084312,0.006353,0.078985,1.0,199.795
42,idle,3327.935563,53.302752,56.45727,96.315094,175.290918,568.390587,18.754022,0.309406,6.8,11.913386,2906.062973,healthy,0,0,0,0,-1.092398,-0.03816,-0.480489,0.911467,1.091042,-0.072521,-0.003517,0.027534,1.0,199.79
43,idle,3289.846173,52.223434,55.156904,96.866777,176.884088,568.61136,18.565575,0.30322,6.8,11.368784,2976.520246,healthy,0,0,0,0,1.311598,0.277753,0.021693,-0.84257,1.333975,-0.161316,-0.004277,0.091642,1.0,199.785
44,idle,3305.275905,54.079325,54.811568,97.38263,175.072686,565.338566,18.807524,0.301353,6.8,12.825279,3070.652076,healthy,0,0,0,0,-4.395194,0.13769,-0.080119,0.559749,-0.864901,-0.121393,-0.002228,-0.07983,1.0,199.78
45,idle,3313.474424,53.534705,55.829218,97.244051,177.786826,568.110809,18.939454,0.297895,6.8,11.524984,3089.316425,healthy,0,0,0,0,0.305534,0.284596,0.437463,-0.783546,2.081685,0.100423,0.000962,0.088597,1.0,199.775
46,idle,3326.049754,53.247011,55.214515,96.525121,177.240731,565.559784,18.692329,0.305041,6.8,13.004091,3003.111419,healthy,0,0,0,0,1.664674,-0.450527,-0.255803,-0.976927,-1.533923,-0.225341,-0.002143,0.205477,1.0,199.77
47,idle,3322.290458,55.39665,55.345198,96.278353,176.848128,571.799662,18.726171,0.308579,6.8,12.270306,3057.05647,healthy,0,0,0,0,-2.304687,-0.335797,-0.210369,-0.533789,1.572907,-0.253162,-0.001344,0.099049,1.0,199.765
48,idle,3306.814397,54.72093,55.304554,96.48372,175.418151,570.381224,19.103205,0.3138,6.8,11.279625,2990.686379,healthy,0,0,0,0,-0.307937,0.750074,-0.50621,0.891997,0.458038,-0.131956,0.001348,0.077133,1.0,199.76
49,idle,3291.962754,52.945192,55.86652,97.048228,177.780607,570.160514,18.886184,0.302522,6.8,10.780106,2887.429455,healthy,0,0,0,0,-2.464272,0.383707,-0.611927,0.75556,0.922827,-0.049187,-0.002057,0.002052,1.0,199.755
50,idle,3295.748474,53.623158,55.500426,96.113812,176.069564,568.830264,18.897629,0.306849,6.8,12.244305,3045.51041,healthy,0,0,0,0,0.898806,0.44434,0.16737,-0.161853,-0.23957,-0.007222,0.007167,0.022643,1.0,199.75
51,idle,3307.979898,52.390217,55.016651,96.631957,178.566356,571.823685,18.90288,0.302843,6.8,12.460127,2987.479906,healthy,0,0,0,0,6.305455,0.333749,-0.210865,0.642651,-0.430553,0.027468,0.001789,-0.056505,1.0,199.745
52,idle,3288.562981,53.201279,54.760391,95.420731,175.114784,567.881966,19.05441,0.31024,6.8,10.46915,3025.396876,healthy,0,0,0,0,2.164358,-0.078563,0.009707,-0.56235,-1.321284,-0.262724,-0.014185,-0.016746,1.0,199.74
53,idle,3331.268851,52.383814,54.680054,96.849062,177.221477,569.641723,18.672532,0.307367,6.8,11.950598,3184.141068,healthy,0,0,0,0,-6.665229,0.567405,-0.501185,-0.279723,1.071443,-0.245561,0.004213,-0.109746,1.0,199.735
54,idle,3286.475813,51.894115,54.373345,95.833111,176.81672,568.113294,18.578682,0.308079,6.8,11.119089,3076.678916,healthy,0,0,0,0,-0.693015,0.246391,0.06863,-0.177772,-1.948,-0.208776,-0.006457,0.094656,1.0,199.73
55,idle,3297.685587,53.863442,55.468236,97.427913,178.291968,568.469018,18.982614,0.309924,6.8,13.153587,2958.538985,healthy,0,0,0,0,-1.444486,0.247895,-0.357111,-0.193794,-0.103439,-0.009495,0.000105,-0.006424,1.0,199.725
56,idle,3262.369182,52.466557,55.170943,96.680543,177.096826,565.52084,18.771575,0.306635,6.8,10.52862,2900.798406,healthy,0,0,0,0,2.880786,0.334586,-0.166539,-1.794629,-1.706894,-0.142553,-0.00523,-0.009892,1.0,199.72
57,idle,3290.641679,54.606438,55.313704,96.25978,176.158124,564.417073,18.803081,0.304553,6.8,12.299156,3132.499763,healthy,0,0,0,0,-3.553181,0.117251,-0.965606,0.075607,0.671352,0.117919,-0.004831,0.067369,1.0,199.715
58,idle,3325.115154,52.541253,55.320294,96.165176,178.167063,569.234949,18.856625,0.310895,6.8,13.27909,3042.822243,healthy,0,0,0,0,-1.983623,0.282964,0.068856,-1.393585,0.83,0.225743,-0.003314,-0.115241,1.0,199.71
59,idle,3297.401179,52.662854,55.44943,96.043369,177.201889,563.264712,18.786165,0.293766,6.8,10.769632,3074.000477,healthy,0,0,0,0,-0.054829,0.615583,0.01784,0.028236,0.615807,-0.001211,0.007616,0.041176,1.0,199.705
60,taxi,3508.34156,67.583449,55.110044,96.718276,187.998975,607.572844,20.876728,0.308094,8.306889,10.414917,3011.41518,healthy,0,0,0,0,2.911391,-0.017844,0.121776,-0.937828,-0.255418,-0.150292,-0.002761,-0.077766,1.0,199.7
61,taxi,3495.492625,68.467583,55.169779,95.986933,187.100278,610.286769,20.620964,0.308063,8.047186,10.707693,2987.523752,healthy,0,0,0,0,-3.984024,0.46089,-0.010534,0.890236,0.309968,0.037146,0.0012,0.037492,1.0,199.695
62,taxi,3515.646702,67.495959,54.845862,96.145615,186.053865,606.704077,20.879552,0.297021,8.189171,12.732531,3082.041416,healthy,0,0,0,0,4.622216,0.406472,0.264168,-1.043097,-0.833859,0.291159,0.00353,-0.139501,1.0,199.69
63,taxi,3502.346418,68.045658,55.425761,96.713808,188.324662,612.784228,20.567509,0.309319,8.164137,11.431664,3117.307753,healthy,0,0,0,0,-0.741563,-0.748975,0.372408,-1.110982,-2.489103,-0.100182,0.008918,-0.082571,1.0,199.685
64,taxi,3480.361816,65.314056,55.11648,96.19763,187.846306,611.575288,20.786268,0.309741,8.317821,12.471963,3024.43647,healthy,0,0,0,0,-1.408003,0.342316,0.073835,-0.963115,-1.644373,0.162857,-0.001621,0.056108,1.0,199.68
65,taxi,3511.380303,65.262634,55.216223,96.033575,185.521324,608.189041,20.911059,0.296379,7.951879,10.467694,2957.687406,healthy,0,0,0,0,1.391857,0.200958,0.612104,0.284471,-2.263478,0.255131,0.004428,0.011533,1.0,199.675
66,taxi,3478.716899,66.462562,55.924914,96.545981,185.534987,607.359158,20.895363,0.302243,8.277654,11.313607,2957.714495,healthy,0,0,0,0,1.831249,-0.304404,-0.285161,0.154343,-0.279482,-0.400466,0.005261,-0.070618,1.0,199.67
67,taxi,3522.823825,67.829636,55.90506,96.698996,185.796155,606.527589,20.95193,0.299907,8.35347,12.796441,3064.859203,healthy,0,0,0,0,-0.835748,-0.745787,-0.411325,0.259691,1.394607,0.024034,0.005621,-0.021039,1.0,199.665
68,taxi,3483.689527,67.669877,55.649345,96.105164,186.820844,609.790322,20.883329,0.309304,7.926433,10.963116,3007.818643,healthy,0,0,0,0,-1.715679,-0.275734,0.411398,0.416864,0.041803,0.102253,-0.000292,-0.085548,1.0,199.66
69,taxi,3479.428324,67.515939,55.407358,96.642001,186.169117,610.463853,20.434552,0.301513,8.120802,11.77403,2914.899645,healthy,0,0,0,0,-0.841594,-0.094045,0.218512,-0.069562,-0.523451,0.049308,0.002283,-0.008378,1.0,199.655
70,taxi,3469.98003,65.862133,55.333348,97.149618,185.680256,611.721534,20.723251,0.302538,8.192141,11.934637,3086.541562,healthy,0,0,0,0,2.377829,0.237233,1.050307,-0.414279,1.593969,-0.00705,-0.004811,0.087161,1.0,199.65
71,taxi,3526.122238,67.245275,54.747648,96.991079,187.263746,613.17765,20.690529,0.303409,8.204749,11.437078,3056.467303,healthy,0,0,0,0,0.652939,-0.165101,0.092282,-0.359069,-0.417668,0.24089,-0.007464,-0.024281,1.0,199.645
72,taxi,3495.015602,67.62153,54.808896,96.275179,185.812428,606.460811,20.418197,0.296184,8.252228,12.042676,2918.407637,healthy,0,0,0,0,7.465019,0.209281,0.553363,0.382792,-2.101461,-0.043558,-0.002483,0.043956,1.0,199.64
73,taxi,3516.339397,69.913473,54.966111,95.72365,186.723903,608.65065,20.66279,0.305983,8.093543,10.803873,2993.560708,healthy,0,0,0,0,-5.330878,0.356489,-0.021519,0.544073,-4.271216,-0.214519,-0.001656,0.029516,1.0,199.635
74,taxi,3497.135793,68.461693,55.140412,97.493772,186.330207,608.069441,20.763688,0.307951,8.230855,12.210881,2934.151468,healthy,0,0,0,0,-2.234347,-0.0558,0.286518,-0.032279,1.200811,-0.125123,0.006051,0.014694,1.0,199.63
75,taxi,3475.712976,67.780661,54.580138,97.014954,186.568553,606.485577,20.611948,0.307121,8.155504,12.655478,3063.75068,healthy,0,0,0,0,3.723246,0.363315,0.623782,-0.252266,0.421894,-0.045704,-0.005438,0.167034,1.0,199.625
76,taxi,3529.205808,68.034436,56.175686,97.696354,184.737202,613.966068,20.742889,0.312491,8.023866,11.695618,2861.972024,healthy,0,0,0,0,-1.548155,-0.217604,0.040372,-0.366954,0.259921,0.053765,0.004117,-0.033873,1.0,199.62
77,taxi,3515.319995,68.495671,55.079734,96.05041,187.789198,607.494122,20.903881,0.303417,8.004948,11.693654,2794.885039,healthy,0,0,0,0,4.946624,-0.464639,0.205407,-0.972068,0.810885,0.176605,0.004109,0.01235,1.0,199.615
78,taxi,3516.987676,68.212543,55.741685,95.947333,187.847685,611.192312,20.721812,0.300731,8.153827,11.51864,3132.211693,healthy,0,0,0,0,2.895942,-0.501409,-0.181507,-0.081071,1.343829,-0.230359,-0.00142,-0.038885,1.0,199.61
79,taxi,3505.840017,69.597683,55.175497,95.940868,185.762643,610.128693,20.754554,0.313264,8.262833,10.487874,3061.038526,healthy,0,0,0,0,-3.075445,0.16012,-1.004414,0.231357,-0.384384,-0.024911,0.005107,0.003126,1.0,199.605
80,taxi,3502.959918,67.218107,54.559687,97.356906,185.801352,607.83259,21.008823,0.300205,8.27142,11.309054,3054.791135,healthy,0,0,0,0,2.571881,0.190212,-0.22814,-0.921603,3.321096,0.11539,0.009955,-0.177987,1.0,199.6
81,taxi,3494.626975,67.719471,54.332577,97.010963,186.628278,605.501532,20.717114,0.312671,8.130725,11.954255,2999.285395,healthy,0,0,0,0,-1.585309,-0.52849,-0.433417,0.152689,0.961006,0.005354,0.002892,-0.008884,1.0,199.595
82,taxi,3496.527724,68.027771,55.416593,97.346708,186.561352,606.841219,20.650489,0.305071,8.178524,11.711644,3071.854261,healthy,0,0,0,0,-0.707863,-0.526826,0.544781,-1.011542,0.152266,-0.348611,0.000305,-0.001491,1.0,199.59
83,taxi,3530.711564,67.295485,54.961623,96.659312,186.779454,609.610929,20.722819,0.302667,7.944223,12.874294,2988.03308,healthy,0,0,0,0,-0.758677,0.021313,0.289471,-0.2008,-2.250146,-0.088753,0.005312,0.013919,1.0,199.585
84,taxi,3491.062166,68.283368,54.614549,96.112407,186.820336,612.772167,20.66145,0.2984,8.297865,11.971519,3072.721559,healthy,0,0,0,0,-0.459488,0.188064,0.152698,-0.521461,-1.247823,-0.145284,0.000404,-0.059848,1.0,199.58
85,taxi,3508.714678,65.738758,54.878471,97.073525,186.066699,611.337775,20.663461,0.310209,8.190964,11.626025,3002.780652,healthy,0,0,0,0,1.89491,0.436824,-0.185316,1.414052,1.951198,0.080181,-0.006599,-0.149396,1.0,199.575
86,taxi,3495.761816,68.987843,55.130708,97.860818,188.30111,605.770309,20.837948,0.303988,8.157629,13.412105,3139.365961,healthy,0,0,0,0,5.391264,-0.151725,0.20734,-0.261557,-1.060461,-0.024487,-0.002802,-0.017726,1.0,199.57
87,taxi,3483.455306,68.859866,55.365377,95.866635,185.896561,608.137694,20.686363,0.302534,8.257965,12.048548,2979.141108,healthy,0,0,0,0,1.610432,-0.186724,-0.026379,1.892286,-0.038209,0.121362,-0.002349,-0.010193,1.0,199.565
88,taxi,3491.486178,66.773568,55.457603,96.74691,186.157167,608.215143,20.599269,0.316134,8.348958,10.553139,3023.6454,healthy,0,0,0,0,4.623534,0.222841,-0.353436,-0.517425,-1.860823,-0.092026,-0.001642,-0.082621,1.0,199.56
89,taxi,3505.721382,65.604856,54.847049,96.984585,188.757146,604.555178,20.332575,0.308091,7.988073,14.497934,3141.773577,healthy,0,0,0,0,0.539447,-0.297567,-0.09211,-0.143922,1.110356,0.006949,0.001387,-0.005439,1.0,199.555
90,taxi,3497.221047,66.912959,54.66214,97.321161,185.94402,608.96426,21.188663,0.305449,8.103968,11.514663,3077.266761,healthy,0,0,0,0,-0.484624,-0.593678,0.265945,0.549025,0.668601,0.022351,0.001796,0.004002,1.0,199.55
91,taxi,3493.1465,68.319806,54.421595,96.790813,187.845397,605.344363,20.841182,0.306686,7.994877,11.351235,2924.206319,healthy,0,0,0,0,1.42752,-0.585522,-0.536023,0.519672,-1.785636,0.144515,0.003098,0.079256,1.0,199.545
92,taxi,3538.031488,67.38153,55.738403,96.524607,187.563242,604.426891,21.029782,0.304078,8.313984,12.422995,2977.32476,healthy,0,0,0,0,0.398686,0.113839,0.200474,-0.174627,-0.377056,0.256343,0.005045,0.037148,1.0,199.54
93,taxi,3490.373996,66.235406,55.130008,97.298434,186.48501,610.330405,20.664813,0.312987,8.120247,14.299908,3034.887766,healthy,0,0,0,0,-2.269794,0.24845,0.285265,0.029694,-1.268535,-0.172341,-0.00037,0.067897,1.0,199.535
94,taxi,3511.244759,68.035037,54.822372,96.727959,188.779989,608.145142,21.263371,0.299599,7.67266,12.571226,2956.993921,healthy,0,0,0,0,0.284497,-0.446973,0.035732,1.426521,0.766065,0.010742,0.000763,0.005755,1.0,199.53
95,taxi,3504.16655,66.076269,55.344606,96.762651,187.295912,609.596776,20.71693,0.311404,8.284003,12.324437,3163.240049,healthy,0,0,0,0,-3.714867,-0.031057,-1.054404,0.586831,-0.787514,-0.139068,0.001911,-0.01715,1.0,199.525
96,taxi,3484.218294,67.544722,54.95935,96.460613,186.73922,610.851613,20.870067,0.310243,8.195691,11.916214,3050.271165,healthy,0,0,0,0,-0.888762,-0.615906,0.32444,1.131027,1.537056,-0.119272,0.001605,0.120491,1.0,199.52
97,taxi,3490.284765,67.503396,54.180076,96.64327,186.365288,611.038301,20.748144,0.310916,8.292989,11.40839,3065.126669,healthy,0,0,0,0,1.467178,-0.278753,0.280669,-1.350228,0.734723,0.014168,-0.000292,-0.006433,1.0,199.515
98,taxi,3511.043109,66.772409,55.731849,96.041968,187.554801,608.466957,21.139514,0.302914,8.158942,13.020952,2956.66225,healthy,0,0,0,0,-1.015683,-0.049361,-0.52312,1.071165,1.331943,-0.105929,0.005785,-0.059736,1.0,199.51
99,taxi,3522.265147,65.534014,54.577136,96.979674,187.109463,607.656512,20.537772,0.306156,8.184445,12.4958,3059.856219,healthy,0,0,0,0,1.180864,0.012773,0.18706,1.838026,-0.31995,-0.048595,-0.010738,-0.018936,1.0,199.505
100,taxi,3501.728116,67.715017,54.39282,97.122034,185.860399,613.172131,20.945484,0.309094,8.103678,12.749645,3213.066093,healthy,0,0,0,0,-2.914846,0.18398,0.402463,0.045471,1.462774,0.156816,-0.00332,0.071561,1.0,199.5
101,taxi,3500.525479,67.188741,56.028279,97.351286,187.331683,606.143478,20.62902,0.317008,8.245226,11.074274,3034.284456,healthy,0,0,0,0,4.379974,0.04571,0.978354,-0.624207,1.624329,-0.204209,0.006776,-0.031911,1.0,199.495
102,taxi,3486.088578,65.837719,55.180123,97.008857,187.058351,611.98338,21.036241,0.297418,8.014239,10.739633,2982.014399,healthy,0,0,0,0,2.233864,0.246111,0.40119,-0.812694,-1.484654,0.015238,0.005044,-0.040972,1.0,199.49
103,taxi,3522.064142,67.225241,55.612015,96.982372,187.732442,605.574663,20.940354,0.303117,8.071146,11.582215,3085.510949,healthy,0,0,0,0,0.511738,0.043339,-0.523948,-0.332961,3.292832,0.045992,-0.003274,0.022804,1.0,199.485
104,taxi,3521.215335,66.730425,55.39795,95.69121,187.979029,611.761435,20.808767,0.299844,8.170549,12.532411,3077.917948,healthy,0,0,0,0,2.066857,0.488869,-0.188402,0.596913,-0.292661,-0.077616,-0.002342,-0.115915,1.0,199.48
105,taxi,3509.386666,69.143998,55.143074,96.603536,186.434433,610.081575,20.747203,0.307357,7.990885,10.333345,2943.15683,healthy,0,0,0,0,-2.606933,-0.495648,0.005368,-0.846549,1.988889,0.197773,0.003325,0.136616,1.0,199.475
106,taxi,3499.169239,67.943893,55.392378,96.608734,187.014316,610.959348,20.818595,0.300976,8.277413,12.940737,2912.912705,healthy,0,0,0,0,-0.094354,-0.204508,0.760401,0.110869,-1.094626,0.051755,-0.000941,0.113588,1.0,199.47
107,taxi,3484.373783,67.843072,55.039855,95.839423,188.03034,606.107562,20.834801,0.300916,8.134454,12.013773,2986.019885,healthy,0,0,0,0,4.509902,0.331059,0.320038,-0.817329,-0.532387,0.022534,-0.002906,0.108444,1.0,199.465
108,taxi,3530.080725,69.47906,55.002489,96.939862,185.788855,606.244292,21.071428,0.307157,7.920835,12.304404,2933.489844,healthy,0,0,0,0,-0.68334,-0.267519,-0.364305,-0.715905,0.057302,0.116553,0.004807,0.025319,1.0,199.46
109,taxi,3496.358587,67.629923,55.370138,96.614808,188.166135,610.277248,20.714886,0.307262,7.964938,11.80745,2854.478539,healthy,0,0,0,0,-1.443326,0.092877,-0.73984,-0.431244,-1.857278,-0.281156,-0.005221,0.010233,1.0,199.455
110,taxi,3501.899638,68.496011,55.464047,97.037542,186.594566,611.436468,20.850019,0.306635,8.198282,13.059948,2944.179585,healthy,0,0,0,0,-5.898055,-0.475787,0.323164,-0.102974,-2.209439,0.274177,0.003524,0.036296,1.0,199.45
111,taxi,3515.495488,67.203438,55.461861,96.431796,186.273622,611.440923,20.54227,0.309788,8.29711,12.518632,3187.553573,healthy,0,0,0,0,3.260807,-0.238149,0.451964,-0.094096,1.948099,-0.217703,-0.007177,-0.044698,1.0,199.445
112,taxi,3517.754542,67.781869,54.931897,96.69133,186.038601,609.948326,21.221411,0.302157,7.960676,12.392175,2791.64822,healthy,0,0,0,0,3.448643,0.111861,-0.273814,-1.516846,-1.516752,0.247683,-0.001038,-0.015465,1.0,199.44
113,taxi,3514.491079,66.060885,55.724258,95.729455,187.571686,609.129541,20.962541,0.300989,8.240259,11.394466,2964.520784,healthy,0,0,0,0,-0.753731,0.165956,-1.089374,0.407538,-1.632393,0.003565,-0.003186,0.052079,1.0,199.435
114,taxi,3502.936424,69.630625,55.68213,96.745372,187.87563,612.240208,20.81462,0.313662,7.991631,12.162968,2977.15817,healthy,0,0,0,0,0.351559,-0.603843,0.220564,0.533311,-1.444114,-0.079903,-0.006861,-0.119945,1.0,199.43
115,taxi,3507.034935,68.207293,55.046854,94.864877,188.630224,611.083748,20.84208,0.308065,8.061204,14.269176,2856.865925,healthy,0,0,0,0,3.304242,0.948065,0.2075,-0.642238,0.500789,-0.030331,-0.001126,-0.137901,1.0,199.425
116,taxi,3485.483132,69.82234,54.997004,95.968326,184.817498,610.224704,20.718294,0.310755,8.141233,11.980876,3025.450332,healthy,0,0,0,0,5.104283,-0.390472,0.242131,-0.049216,2.185762,0.089301,0.000459,0.061754,1.0,199.42
117,taxi,3514.044651,67.673237,55.12804,97.20223,186.437436,607.969414,21.033191,0.317816,8.138885,12.07009,3130.601068,healthy,0,0,0,0,0.856617,-0.897615,0.420672,0.183954,-2.050816,0.109539,-0.002468,-0.006504,1.0,199.415
118,taxi,3499.26953,66.379464,55.221653,96.287438,187.319986,608.31894,20.657978,0.306472,8.190504,12.107713,3021.001159,healthy,0,0,0,0,2.372572,0.202223,-0.00214,-0.60591,-0.022016,-0.143402,-0.002493,0.173442,1.0,199.41
119,taxi,3510.885109,67.283485,55.236211,96.436083,187.492637,610.330116,20.641778,0.310665,8.257425,10.47067,2869.098369,healthy,0,0,0,0,3.000917,0.750389,-1.256986,0.620435,-0.306845,-0.129534,-0.001815,-0.018625,1.0,199.405
120,takeoff,4114.554694,97.072877,55.710744,96.737234,217.212842,707.615416,27.899023,0.308849,14.21325,12.070393,3041.041311,healthy,0,0,0,0,-1.980903,-0.138837,-0.409499,0.322154,0.157623,-0.126037,-0.000489,-0.081394,1.0,199.4
121,takeoff,4100.134053,97.77119,55.502264,96.995911,215.935731,713.422483,27.802508,0.293043,14.241378,10.506765,3069.571262,healthy,0,0,0,0,0.201702,0.208822,-0.244516,-0.066473,-0.97117,-0.071134,0.004309,-0.010345,1.0,199.395
122,takeoff,4088.05173,97.569121,56.051766,97.003924,217.121187,708.527105,27.966835,0.313071,13.84684,12.843038,2974.13663,healthy,0,0,0,0,0.004275,0.367207,-0.245451,1.6057,-2.748029,0.086118,-0.000293,-0.07884,1.0,199.39
123,takeoff,4086.972099,99.025615,54.753098,96.777919,218.752567,711.836669,27.731695,0.301591,14.124305,11.46943,2978.898714,healthy,0,0,0,0,1.271804,0.282072,0.83104,-0.363087,0.299334,0.019787,-0.002003,0.044072,1.0,199.385
124,takeoff,4089.863928,97.431979,55.194097,96.301055,217.422432,707.274927,27.803869,0.314718,13.902377,12.360454,3322.431188,healthy,0,0,0,0,-2.149399,-0.041281,-0.222303,0.420999,-2.961148,0.34541,-0.002754,0.114636,1.0,199.38
125,takeoff,4095.232003,98.315116,55.717683,97.489889,216.081946,710.222092,27.955263,0.307818,14.180289,10.966353,2936.376553,healthy,0,0,0,0,-1.526783,0.178027,-0.515693,-0.804247,-0.424493,0.192589,-0.001654,0.103695,1.0,199.375
126,takeoff,4103.415274,98.817306,55.284692,97.015404,217.678159,710.451349,27.864711,0.298284,14.196525,11.6113,3136.607727,healthy,0,0,0,0,-5.775738,0.213954,0.527405,0.683366,0.075802,0.038051,0.00596,-0.033906,1.0,199.37
127,takeoff,4076.611496,98.532217,54.070833,96.219243,218.206634,712.064388,27.676421,0.298598,14.048736,10.915721,2985.318931,healthy,0,0,0,0,-3.059224,0.363566,-0.672184,0.426835,-0.907035,-0.289454,-0.001069,-0.059585,1.0,199.365
128,takeoff,4141.39622,97.30473,54.387486,96.111993,216.092513,706.742493,27.580563,0.309481,14.11137,10.031667,3029.480719,healthy,0,0,0,0,-2.482119,-0.081545,-0.408843,0.828003,-2.496623,0.074415,-0.006771,0.201875,1.0,199.36
129,takeoff,4095.349563,98.796481,55.353726,96.535399,217.348104,708.863629,27.499399,0.299214,14.074798,12.11749,2969.11807,healthy,0,0,0,0,-0.366107,-0.167182,-0.388766,0.976623,-2.041032,0.091388,-0.000872,-0.075786,1.0,199.355
130,takeoff,4077.708462,96.123251,55.239074,97.123918,216.389239,708.313216,27.775676,0.296806,13.929411,12.022718,2933.78583,healthy,0,0,0,0,-0.23174,0.690523,-0.470532,0.93491,0.672696,-0.065643,-6.1e-05,0.042523,1.0,199.35
131,takeoff,4094.545307,97.666184,54.982417,96.339776,217.050216,706.658627,27.602636,0.29731,14.147116,11.124745,2950.75518,healthy,0,0,0,0,-2.32775,0.432594,0.511218,-0.064894,-2.138284,-0.252628,-0.000688,-0.116255,1.0,199.345
132,takeoff,4115.782684,97.636483,56.02146,97.462751,215.281686,708.557461,27.697298,0.296619,14.054969,12.278245,2965.931681,healthy,0,0,0,0,0.957896,0.0227,-0.006364,-0.671348,-2.23479,0.153984,0.004067,0.078882,1.0,199.34
133,takeoff,4090.50119,97.254808,54.100839,96.520252,217.29044,711.561571,27.59026,0.305764,14.065405,12.174541,3023.177094,healthy,0,0,0,0,2.007342,0.124123,0.107639,-0.939594,-0.335828,0.046515,0.00171,0.173946,1.0,199.335
134,takeoff,4102.497902,97.593082,54.706218,96.807441,215.910723,708.054694,27.874748,0.30906,14.128706,11.612416,3035.89431,healthy,0,0,0,0,1.129717,0.051406,0.698394,-0.26127,1.679313,-0.257369,0.006554,0.169569,1.0,199.33
135,takeoff,4102.805471,98.093451,55.391417,96.923433,215.576499,709.088868,27.468023,0.305482,13.853077,12.403522,3115.799013,healthy,0,0,0,0,0.912096,-0.224494,-0.568932,-1.285219,-1.109557,-0.097744,0.002027,0.083341,1.0,199.325
136,takeoff,4105.064736,97.026097,55.2866,96.784798,216.727386,710.345691,27.421582,0.305852,14.139212,11.682409,3008.985698,healthy,0,0,0,0,-1.410492,0.102061,-1.126347,-1.197365,2.076935,-0.02754,-0.003813,-0.028897,1.0,199.32
137,takeoff,4104.551429,98.896869,54.950564,96.418078,215.850256,707.23341,27.81714,0.30707,14.064594,12.08307,3048.175556,healthy,0,0,0,0,2.009708,-0.028759,0.765367,-0.510221,1.048072,-0.016212,-0.007563,-0.049157,1.0,199.315
138,takeoff,4101.9621,96.790609,55.427734,96.349194,215.540031,709.298915,27.736611,0.304145,14.230331,12.555883,2805.643234,healthy,0,0,0,0,-0.569625,0.104142,0.164875,-0.463371,0.10116,-0.222107,0.001946,-0.113835,1.0,199.31
139,takeoff,4102.512716,96.328464,54.578298,96.425389,218.015015,711.871364,27.644997,0.307537,14.359182,13.104389,2899.105511,healthy,0,0,0,0,1.241614,-0.448822,0.937333,-1.156646,-0.955617,0.082999,0.012401,0.034777,1.0,199.305
140,takeoff,4104.371651,99.245847,55.355999,95.807106,217.083372,709.447208,27.873828,0.31127,14.018109,11.488528,2971.026729,healthy,0,0,0,0,0.293529,0.208424,-0.066854,-0.986163,-0.159802,-0.283279,-0.005053,0.033969,1.0,199.3
141,takeoff,4090.630615,96.304092,55.049526,97.000367,216.471699,706.261623,27.820842,0.311497,14.141777,11.773795,2964.68922,healthy,0,0,0,0,2.601681,-0.687744,-0.174018,-0.362759,1.952896,0.08021,0.001118,-0.011789,1.0,199.295
142,takeoff,4120.520327,98.509555,55.158573,97.394298,217.161174,708.500842,28.081374,0.30537,14.078142,11.543064,3029.429105,healthy,0,0,0,0,-1.358144,0.147867,0.47413,-0.935783,-0.227848,-0.135054,0.000925,-0.05792,1.0,199.29
143,takeoff,4100.630307,97.029066,55.520371,96.076995,215.378006,713.125484,27.756767,0.309288,14.092949,11.299406,2959.978456,healthy,0,0,0,0,1.431082,-0.173168,0.059196,0.276236,1.997283,-0.091669,0.002319,-0.014918,1.0,199.285
144,takeoff,4114.57983,97.251985,54.965956,96.383794,216.86395,704.288795,27.893549,0.311234,14.098179,11.383229,3061.846514,healthy,0,0,0,0,-0.548077,-0.017448,-0.319604,0.121345,-1.531427,-0.00243,-0.004459,0.1436,1.0,199.28
145,takeoff,4102.55673,99.972795,54.943257,96.753438,216.537977,711.615212,27.92411,0.287865,14.33491,11.062471,2845.228158,healthy,0,0,0,0,-0.007346,-0.328668,0.057126,0.311845,-1.355226,0.085306,-0.008097,0.079553,1.0,199.275
146,takeoff,4153.083059,96.260816,55.280152,97.760039,216.205512,703.780849,27.752358,0.317669,14.093418,12.594491,3057.674139,healthy,0,0,0,0,-5.465301,0.047145,0.224638,1.244496,2.084139,0.08446,-0.00355,0.038793,1.0,199.27
147,takeoff,4089.324093,97.230604,54.401252,97.553832,217.770839,708.799837,28.06924,0.312083,14.200107,10.103726,2990.087195,healthy,0,0,0,0,-1.549336,-0.193636,0.207789,-0.397736,0.150021,0.148288,-0.002672,-0.034255,1.0,199.265
148,takeoff,4083.960678,98.789814,55.282611,95.905533,217.112735,709.310386,28.284694,0.308377,14.374369,10.557893,2966.115512,healthy,0,0,0,0,-2.835393,0.084069,0.148871,-1.597992,1.304233,0.094668,-0.005721,0.057129,1.0,199.26
149,takeoff,4096.286483,98.168438,56.158856,96.29735,217.79747,708.853313,27.477937,0.311886,14.302009,12.683215,3072.016719,healthy,0,0,0,0,-1.464964,0.11294,-0.178204,0.392827,0.88355,-0.125452,0.001343,0.052841,1.0,199.255
150,takeoff,4082.06054,96.983734,55.352916,96.093343,214.23719,707.228053,27.723753,0.304204,14.203226,11.701556,3094.120936,healthy,0,0,0,0,2.906594,0.3822,0.303576,-0.160997,-1.056899,-0.18605,0.001611,0.052043,1.0,199.25
151,takeoff,4138.859274,98.574946,54.535282,96.288276,217.078948,711.4264,27.861367,0.308419,14.092692,10.750493,3008.636103,healthy,0,0,0,0,-1.213983,0.01941,1.056711,-0.752459,-2.464293,-0.097596,-0.0044,0.021579,1.0,199.245
152,takeoff,4067.717651,97.162684,54.573213,96.2697,217.548742,709.665653,27.464932,0.308016,14.191074,13.521452,3026.500964,healthy,0,0,0,0,0.180948,-0.15703,-0.548564,-0.112996,-0.68999,-0.152363,0.000674,0.065605,1.0,199.24
153,takeoff,4123.102345,98.073171,55.272344,95.907567,216.755351,706.624392,27.929494,0.310965,14.128225,11.906636,3054.245749,healthy,0,0,0,0,3.897359,-0.527627,-0.177783,1.888406,1.134048,0.209152,-0.004301,-0.009401,1.0,199.235
154,takeoff,4092.017051,99.00954,55.374105,96.469519,215.82224,708.247126,27.903259,0.306475,14.108771,10.642436,3036.473412,healthy,0,0,0,0,-2.355783,-0.33355,0.142882,-1.451827,0.103697,-0.134637,-0.00225,-0.087102,1.0,199.23
155,takeoff,4112.152793,98.074781,54.849916,97.019067,216.103803,705.865452,27.891453,0.312392,14.116414,12.117459,2992.468489,healthy,0,0,0,0,-2.413131,-0.5187,0.134265,-0.322919,-0.986664,-0.448134,0.000905,-0.040449,1.0,199.225
156,takeoff,4088.093125,96.95955,55.374045,95.878152,216.01212,707.063798,27.855542,0.313361,14.313016,12.118349,2907.863061,healthy,0,0,0,0,0.90289,0.285525,-0.231939,-1.2433,0.560676,0.150278,0.010011,-0.014628,1.0,199.22
157,takeoff,4112.739817,97.332785,55.59969,96.82503,216.217297,709.396686,27.778047,0.310579,13.924805,11.750767,3201.437524,healthy,0,0,0,0,0.073344,0.206303,0.529251,1.079269,-0.160331,0.036868,-0.004637,-0.041474,1.0,199.215
158,takeoff,4117.544579,98.291303,55.016824,97.532472,218.03202,704.439026,27.777965,0.300415,14.005955,11.795747,3073.859505,healthy,0,0,0,0,-3.099481,-0.414432,0.553612,1.460234,0.034819,-0.087585,-0.00234,-0.032599,1.0,199.21
159,takeoff,4106.663909,98.701703,54.239542,97.026944,216.533986,710.194477,28.065891,0.300402,14.230415,10.775282,3052.076646,healthy,0,0,0,0,4.269231,0.420044,-0.57754,-0.034353,-0.521835,0.061495,-0.003054,-0.031155,1.0,199.205
160,takeoff,4116.348214,96.14094,54.370267,96.359055,216.769509,709.53244,27.555738,0.30534,14.418716,10.545247,2925.60132,healthy,0,0,0,0,2.596533,0.038783,-0.065666,-1.564389,-0.272714,0.25855,0.001709,0.026255,1.0,199.2
161,takeoff,4060.53993,98.302079,55.540529,97.166805,216.977452,713.459217,28.069685,0.299063,14.072573,11.829354,3052.856882,healthy,0,0,0,0,-6.425855,-0.232494,0.465209,-1.028609,1.286595,-0.171486,0.002488,0.054175,1.0,199.195
162,takeoff,4097.915043,97.47833,55.253878,96.728484,215.239858,710.093108,27.873625,0.303792,14.019315,12.342384,3162.981106,healthy,0,0,0,0,0.331045,0.279962,0.082819,0.055058,1.366734,-0.079974,0.005567,0.012828,1.0,199.19
163,takeoff,4118.874031,97.791152,54.817918,96.141925,217.508045,708.963744,28.030331,0.298616,14.202969,11.54149,3027.345862,healthy,0,0,0,0,-0.766596,0.229497,-0.91943,1.526248,-1.249283,0.10421,-0.009439,0.127542,1.0,199.185
164,takeoff,4095.168973,98.744105,55.198006,96.613633,217.398965,710.974959,27.772194,0.307237,14.076383,11.5579,3009.763794,healthy,0,0,0,0,-1.384435,-0.034021,0.819954,0.97986,-0.234198,-0.033358,-0.001322,0.029154,1.0,199.18
165,takeoff,4111.39035,99.096372,54.667043,96.687807,217.121437,710.311994,27.748673,0.308728,14.345225,9.877226,2970.115252,healthy,0,0,0,0,-3.996077,0.056396,0.283649,-0.772845,1.368947,0.00317,-0.001113,0.209428,1.0,199.175
166,takeoff,4094.007255,97.849587,55.242892,96.787355,218.486189,709.769202,27.889408,0.310218,14.032654,14.083306,3113.463364,healthy,0,0,0,0,3.920087,-0.523412,-0.994796,-0.139655,0.80246,0.080432,0.009309,-0.204356,1.0,199.17
167,takeoff,4104.68663,96.790359,55.4711,97.01102,215.925937,706.257663,27.753057,0.304999,14.195433,12.688047,3101.864353,healthy,0,0,0,0,1.327344,0.109628,0.873523,-1.127617,1.736505,-0.170355,0.002167,0.099762,1.0,199.165
168,takeoff,4109.184925,97.618021,55.561256,95.955906,216.77419,706.99187,27.937277,0.304255,14.076999,10.724394,3123.287846,healthy,0,0,0,0,-1.598383,-0.339873,-0.160063,-0.330051,-3.534326,0.101645,-0.004197,0.002723,1.0,199.16
169,takeoff,4128.325397,95.90134,54.873276,96.605527,217.831592,707.549254,27.93896,0.30433,14.218667,10.877396,2919.077329,healthy,0,0,0,0,1.506907,-0.79367,-0.101385,-0.067481,1.352672,0.134645,-0.000962,-0.18689,1.0,199.155
170,takeoff,4097.850942,98.125037,54.99979,96.744672,217.295183,705.037765,27.88753,0.298416,14.183879,11.593927,3218.248603,healthy,0,0,0,0,1.638206,0.633208,-0.44993,-0.39531,-1.747445,-0.104338,-0.001444,0.012486,1.0,199.15
171,takeoff,4091.803147,96.867546,55.225535,97.231678,215.523732,706.664377,28.117358,0.290343,14.298908,12.731957,3049.310682,healthy,0,0,0,0,-0.246666,0.167936,-0.77375,-0.232925,2.189703,-0.025742,0.001948,0.005891,1.0,199.145
172,takeoff,4152.667014,95.65379,55.373175,96.122928,217.284384,708.248511,27.75315,0.302785,13.995752,12.997907,3208.894628,healthy,0,0,0,0,-6.092784,0.02805,-0.217943,-1.567582,0.842381,-0.106213,-0.000255,0.025034,1.0,199.14
173,takeoff,4113.196264,96.724515,55.723612,97.34801,218.05025,708.594693,27.882591,0.313247,14.20577,10.805906,2941.501659,healthy,0,0,0,0,7.266493,-0.290941,0.554273,0.41103,-0.691365,0.104678,0.005414,0.078258,1.0,199.135
174,takeoff,4090.549033,97.340736,54.914237,96.308082,218.094206,712.554982,27.905289,0.303898,14.101105,12.928751,3184.803397,healthy,0,0,0,0,-0.931537,0.029405,-0.538133,-0.842462,-0.770434,-0.031204,-0.004704,-0.034865,1.0,199.13
175,takeoff,4123.726757,97.00462,54.990713,95.558946,214.548249,701.246431,27.577681,0.30235,14.018907,12.685994,3036.50611,healthy,0,0,0,0,-2.969806,-0.272993,0.80101,-0.1348,-0.326199,0.377133,0.004881,-0.022438,1.0,199.125
176,takeoff,4136.102492,97.661735,54.930587,96.712076,216.575391,712.267808,27.735244,0.303124,13.841911,12.822567,3085.72516,healthy,0,0,0,0,-1.339585,0.260371,-0.308752,-0.445084,1.954959,0.024412,0.00437,0.043383,1.0,199.12
177,takeoff,4126.438176,97.916811,55.753088,96.228384,216.959479,703.533044,27.668428,0.309923,13.830531,10.423303,2876.546725,healthy,0,0,0,0,4.193719,-0.234841,0.244556,1.644978,-1.804511,-0.104522,-0.005273,0.047415,1.0,199.115
178,takeoff,4125.815389,98.578684,55.374682,96.609031,216.393062,709.185529,27.746295,0.304012,13.985808,13.771903,2900.332401,healthy,0,0,0,0,0.459931,-0.48413,-0.366,0.502638,3.391725,0.086681,0.005497,0.042834,1.0,199.11
179,takeoff,4106.202517,97.673608,55.340013,96.431201,217.353099,707.734894,27.65345,0.305593,14.069463,11.594455,2886.417446,healthy,0,0,0,0,1.58054,0.072381,0.445224,-0.53952,2.481015,-0.165116,-0.004247,-0.114263,1.0,199.105
180,takeoff,4101.941966,98.010733,55.071968,96.663915,216.543713,713.636882,28.067686,0.308257,14.211474,12.639123,3164.019668,healthy,0,0,0,0,4.777145,0.265601,-0.211083,1.115608,0.221803,-0.071326,0.002434,0.021573,1.0,199.1
181,takeoff,4086.234706,95.048365,55.228592,97.58492,215.4853,709.550981,27.855942,0.303865,14.005178,10.741552,2914.666447,healthy,0,0,0,0,-5.492988,-0.536126,-0.754264,-0.197729,0.908152,0.082022,0.004444,0.077458,1.0,199.095
182,takeoff,4117.754581,97.458751,55.214982,95.537151,217.301833,713.37832,27.431718,0.304801,14.140078,13.225073,2955.297401,healthy,0,0,0,0,-2.143024,0.043885,-1.031713,-0.198527,-2.28966,-0.275839,-0.01005,-0.035977,1.0,199.09
183,takeoff,4105.118737,99.292753,55.023729,96.48775,215.87377,710.471334,27.727119,0.301179,14.042462,10.287194,3045.777569,healthy,0,0,0,0,-0.620377,-0.504777,-0.692371,0.709,-0.326181,0.038846,-0.004893,0.107752,1.0,199.085
184,takeoff,4095.077279,96.495275,55.123125,95.904125,215.685256,707.892738,27.386493,0.303518,14.049057,12.222236,3092.734961,healthy,0,0,0,0,-1.574433,-0.743265,-0.095076,0.815106,0.987941,-0.221996,-0.000157,0.158025,1.0,199.08
185,takeoff,4085.401212,98.686323,55.469921,97.08853,215.011415,711.274199,28.242576,0.312511,14.125253,12.129951,2923.320239,healthy,0,0,0,0,-4.539845,0.154721,-0.186053,1.122848,0.377556,-0.279398,0.003573,0.026978,1.0,199.075
186,takeoff,4119.118913,99.694501,54.96808,96.726199,217.452281,703.262794,27.776531,0.30914,14.001675,11.007982,2999.970591,healthy,0,0,0,0,2.335118,-0.181659,-0.340266,0.25083,0.451278,0.058597,0.008226,-0.098766,1.0,199.07
187,takeoff,4098.459197,97.920273,55.045149,95.901948,217.570019,710.05074,28.472495,0.308376,14.047953,9.577424,3052.952852,healthy,0,0,0,0,-2.14515,0.184154,-0.483558,-0.563056,1.696135,0.101191,0.00414,-0.018831,1.0,199.065
188,takeoff,4099.349467,98.765214,55.607853,96.835908,215.546086,707.594201,27.65241,0.306757,13.878145,11.26498,2937.398873,healthy,0,0,0,0,-3.612869,-0.751036,-1.3011,0.644593,-1.51361,0.086138,0.003675,0.062664,1.0,199.06
189,takeoff,4099.234567,96.540957,55.156108,96.849822,216.405915,708.2038,27.668362,0.306665,13.927627,13.163903,3008.021955,healthy,0,0,0,0,3.042475,-0.446318,-0.217165,0.224017,-0.783293,-0.059737,-0.002592,-0.03073,1.0,199.055
190,takeoff,4110.593071,97.715815,55.467792,96.986118,217.435256,706.506094,27.569418,0.320586,14.047632,12.412979,2947.310871,healthy,0,0,0,0,-3.989297,-0.173165,-0.907586,-0.427669,4.563026,0.067581,0.006792,0.17272,1.0,199.05
191,takeoff,4099.180621,94.304521,54.861719,95.217935,217.003312,707.433715,27.684744,0.314202,14.178924,11.577486,3065.571737,healthy,0,0,0,0,-2.77622,0.037682,0.173449,0.392431,-0.521334,-0.148295,0.001037,0.071279,1.0,199.045
192,takeoff,4079.226743,99.697972,55.111755,97.759854,219.003739,710.888794,27.835504,0.310384,14.077313,12.00108,2957.383689,healthy,0,0,0,0,-4.790673,0.731414,-0.839008,-0.323162,-1.26957,-0.038972,0.003023,0.157342,1.0,199.04
193,takeoff,4112.692046,98.113949,54.603789,96.660564,217.775332,709.295864,27.795948,0.310435,14.036018,12.464071,3116.085503,healthy,0,0,0,0,1.740107,-0.304527,-0.668159,-0.334421,0.310577,-0.064007,0.000666,-0.121997,1.0,199.035
194,takeoff,4114.004086,99.842422,54.639029,96.60266,216.313033,706.614086,27.75068,0.299659,13.926925,11.827529,2929.145612,healthy,0,0,0,0,4.592612,0.568107,-0.49875,-1.045896,0.045502,0.155487,-0.000704,-0.000793,1.0,199.03
195,takeoff,4086.916467,96.485414,55.511998,96.414455,217.834339,709.232638,27.741677,0.30371,14.307468,12.308599,3091.592267,healthy,0,0,0,0,-1.855155,-0.625333,0.826365,1.414824,-2.221015,0.094057,0.004426,-0.055919,1.0,199.025
196,takeoff,4097.932546,96.498885,55.874288,96.882709,217.840373,711.879809,28.05058,0.309574,14.140054,11.473236,3003.670939,healthy,0,0,0,0,-4.886486,-0.689957,0.577259,-0.876049,0.428884,-0.108811,-0.002935,-0.018605,1.0,199.02
197,takeoff,4075.566501,97.712556,54.621701,96.572531,219.135041,709.819652,28.011234,0.3055,13.971064,11.737044,2868.662783,healthy,0,0,0,0,-5.183733,0.032228,-0.619474,-0.835938,0.190991,-0.068539,-0.000367,0.05204,1.0,199.015
198,takeoff,4100.3561,97.123221,54.639001,95.875156,216.001341,705.832461,27.617082,0.307478,14.074945,10.747364,3037.157931,healthy,0,0,0,0,0.039666,0.06998,-0.25721,-0.495307,2.478845,-0.110401,-0.001622,0.03327,1.0,199.01
199,takeoff,4117.281777,98.421282,54.491814,96.996854,218.428298,712.083521,27.878423,0.302057,14.110292,11.918132,3224.128785,healthy,0,0,0,0,0.333359,0.620739,0.04091,-2.283434,-2.240534,0.078003,0.001083,0.062293,1.0,199.005
200,takeoff,4088.258447,98.212488,55.67169,97.445798,215.826187,710.411506,27.832775,0.309608,13.979527,11.884264,3141.67096,healthy,0,0,0,0,0.602583,0.228828,-0.095407,0.649984,-0.944564,-0.072747,0.0,0.072502,1.0,199.0
201,takeoff,4096.179985,98.073428,54.877449,97.554781,215.21276,708.810519,27.502806,0.296692,14.202335,11.953768,3128.54971,healthy,0,0,0,0,3.054706,-0.181564,-0.287643,-0.123957,-2.313341,0.062319,1.1e-05,0.053992,1.0,198.995
202,takeoff,4121.107785,98.25496,53.817177,96.905215,217.090872,705.373616,27.872538,0.30893,14.132565,11.813309,3066.429054,healthy,0,0,0,0,-2.373076,-0.566438,0.127707,2.252437,-0.680516,-0.026812,0.006035,-0.091115,1.0,198.99
203,takeoff,4098.518112,98.553645,54.690951,95.861673,218.314764,710.074006,27.808772,0.314359,14.234717,12.6733,2999.802819,healthy,0,0,0,0,0.324865,-0.896852,-0.675768,2.380785,0.81192,-0.0992,0.005056,0.013023,1.0,198.985
204,takeoff,4140.49277,96.335229,54.974687,95.378404,218.147407,705.067571,27.649574,0.313324,14.112307,12.912906,3018.655619,healthy,0,0,0,0,-2.907108,0.096136,0.107196,0.528652,-0.407182,-0.050466,0.012046,0.081555,1.0,198.98
205,takeoff,4107.526117,95.212338,55.15065,95.761588,216.218381,711.99556,27.819722,0.302641,14.286864,11.378142,2986.719222,healthy,0,0,0,0,0.952452,0.38238,-0.459629,0.018309,1.712425,0.097238,-0.002156,0.045683,1.0,198.975
206,takeoff,4085.57591,96.356268,54.629801,96.561047,218.343966,707.174963,27.82289,0.314972,14.084376,11.414965,3031.233649,healthy,0,0,0,0,4.702953,0.106409,-0.655645,1.017068,3.208176,0.151415,-0.009286,-0.127224,1.0,198.97
207,takeoff,4090.05499,93.823713,54.595456,97.893272,216.622788,707.553164,27.838908,0.305901,14.027265,12.720323,3134.845142,healthy,0,0,0,0,0.627684,0.091296,0.156783,-1.161547,-0.709527,0.038974,-0.00285,0.044434,1.0,198.965
208,takeoff,4082.77465,95.914004,54.710559,96.687591,216.248122,708.239708,27.588947,0.310078,14.293291,12.071981,3028.303251,healthy,0,0,0,0,-0.533024,0.040558,0.413845,0.362903,0.571845,-0.236092,-0.00572,-0.018375,1.0,198.96
209,takeoff,4103.756637,96.878628,55.125575,96.729023,215.742084,703.465447,27.76328,0.3176,14.193329,11.128198,2987.290965,healthy,0,0,0,0,-0.572901,-0.252745,0.071826,0.174017,-3.330356,0.238732,0.004325,-0.013374,1.0,198.955
210,takeoff,4096.295169,97.636844,55.335085,97.255955,217.010626,710.951915,27.725407,0.303346,14.027319,11.861062,2871.061579,healthy,0,0,0,0,4.198243,0.415595,-0.171721,0.202117,-2.482522,0.18125,-0.002891,0.021461,1.0,198.95
211,takeoff,4083.83913,96.137016,55.441146,96.347239,217.677259,709.940042,27.97331,0.297635,14.109211,13.13997,3035.661995,healthy,0,0,0,0,-0.644214,0.335068,0.223539,0.185529,-0.214495,0.085835,3.2e-05,-0.118018,1.0,198.945
212,takeoff,4098.558705,97.444652,55.178108,97.421379,215.691013,708.846119,27.691828,0.312982,13.819518,10.783885,2844.555789,healthy,0,0,0,0,1.081885,-0.194474,-0.077566,-1.181254,3.87149,0.020379,0.006491,-0.054056,1.0,198.94
213,takeoff,4114.404973,95.151923,55.237881,96.269214,216.4513,709.512788,27.667362,0.309966,13.82889,11.498617,3035.232664,healthy,0,0,0,0,1.777729,-0.011458,-0.790787,0.453186,-1.540623,-0.263669,-0.002209,-0.039025,1.0,198.935
214,takeoff,4116.209605,99.174243,55.772293,97.011012,217.037203,713.868795,27.979626,0.309096,14.225234,8.758511,3059.050278,healthy,0,0,0,0,-1.187699,0.021091,0.031119,0.409556,-1.622709,0.177487,0.002991,-0.04404,1.0,198.93
215,takeoff,4110.745655,96.689307,54.25076,96.640128,215.365017,706.548744,27.596067,0.303077,13.991064,10.852443,3104.098125,healthy,0,0,0,0,2.626346,0.353829,-0.613945,-0.430468,-0.782085,0.065347,0.006912,-0.020424,1.0,198.925
216,takeoff,4106.791703,97.092937,55.007551,97.944479,217.951412,705.470676,27.7759,0.31545,13.978398,13.617585,2880.081855,healthy,0,0,0,0,2.709739,-0.179881,-0.126959,0.266729,-1.171903,-0.081662,0.005701,-0.03481,1.0,198.92
217,takeoff,4080.249835,96.56888,54.624048,97.229819,216.848477,707.869743,27.656595,0.303768,14.180057,11.611059,3077.813104,healthy,0,0,0,0,-0.520404,-1.073193,-0.232124,-0.371122,-1.629243,-0.0246,-0.001679,0.074258,1.0,198.915
218,takeoff,4073.199594,97.793346,55.496494,95.790467,217.545386,705.017355,27.705891,0.304106,13.923034,12.283073,3095.590122,healthy,0,0,0,0,-1.879206,-0.368153,-0.547062,-0.649983,0.402655,-0.105525,0.001602,0.170405,1.0,198.91
219,takeoff,4101.735686,98.552619,54.287297,97.11314,217.725508,710.300758,27.765437,0.313037,14.033864,12.938393,3101.975992,healthy,0,0,0,0,-0.153543,-0.519881,-0.284351,0.606209,-0.759311,-0.231415,-0.007492,-0.013973,1.0,198.905
220,takeoff,4073.367382,96.668242,55.633301,96.475745,217.942166,710.387057,27.851936,0.301034,14.306848,13.472561,2980.091531,healthy,0,0,0,0,-0.182621,0.800132,-0.472036,1.066532,0.985229,-0.216498,-0.002764,-0.070249,1.0,198.9
221,takeoff,4096.285821,95.444986,55.558859,95.942651,216.780144,708.169032,27.962378,0.309261,14.017504,13.12553,3162.059235,healthy,0,0,0,0,0.129131,0.521935,-0.245405,-0.610887,0.86082,-0.247874,0.005047,-0.173555,1.0,198.895
222,takeoff,4117.62863,96.758081,55.070362,98.007382,216.785392,709.291525,27.905403,0.299352,14.12697,11.601875,2968.276346,healthy,0,0,0,0,-0.938115,0.399047,-0.205622,1.791507,0.35104,0.093235,0.004828,0.00982,1.0,198.89
223,takeoff,4119.811552,98.719197,55.221734,96.032487,216.790372,709.601075,27.76826,0.306802,13.961858,11.370289,3020.091765,healthy,0,0,0,0,3.827509,-0.269121,-0.22925,-0.705617,-0.159535,-0.218219,0.00479,-0.00102,1.0,198.885
224,takeoff,4103.475489,97.664964,55.086656,96.668916,215.533336,704.217301,27.576602,0.313961,14.056938,11.076851,3076.692464,healthy,0,0,0,0,-5.13638,0.132472,0.03798,-0.765854,-0.569222,-0.109825,-1.1e-05,0.095836,1.0,198.88
225,takeoff,4122.614479,97.491078,55.120381,96.386459,216.352128,704.356069,27.759095,0.303995,13.914059,10.111244,3159.224104,healthy,0,0,0,0,2.114213,-0.479814,0.138643,0.773429,0.166454,0.33361,0.010255,-0.011688,1.0,198.875
226,takeoff,4106.532427,97.475165,55.405381,96.38159,216.116673,711.953421,27.83956,0.304503,14.130666,12.595063,3059.552352,healthy,0,0,0,0,-1.449052,0.352117,0.792226,-0.93604,0.990298,-0.033319,0.002571,-0.004094,1.0,198.87
227,takeoff,4124.236944,98.174569,55.704977,96.616699,218.042967,706.470192,27.577152,0.301932,14.101448,11.507584,3001.252127,healthy,0,0,0,0,0.633522,-0.123467,0.244699,0.137355,-0.822959,-0.084288,-0.003672,-0.022076,1.0,198.865
228,takeoff,4123.339209,97.067878,55.360394,97.513692,216.053542,707.838051,27.609601,0.305582,14.224568,10.332921,2951.038241,healthy,0,0,0,0,1.50692,0.502715,-0.61424,0.637061,0.226263,0.158816,0.004255,-0.106768,1.0,198.86
229,takeoff,4111.556914,96.66135,54.864385,96.034501,215.77324,706.961792,27.696545,0.302399,14.065382,11.865472,3108.480123,healthy,0,0,0,0,1.151866,-0.386252,-0.663011,-0.936915,0.01965,-0.035074,0.006457,0.09046,1.0,198.855
230,takeoff,4107.382954,97.541389,54.819347,97.082325,216.444068,711.099141,27.62449,0.306338,14.03979,12.550323,2943.254738,healthy,0,0,0,0,-0.389447,0.040329,-0.468415,-0.656669,1.932686,0.270156,0.00772,0.046944,1.0,198.85
231,takeoff,4087.747505,96.899789,55.733757,97.342575,218.752858,706.477485,27.552783,0.303978,14.202073,10.969586,3045.299009,healthy,0,0,0,0,-3.086155,0.431073,-0.005872,-0.615813,-2.330215,-0.042959,-0.000605,-0.107381,1.0,198.845
232,takeoff,4077.726415,97.482323,55.198104,97.031193,217.379359,709.194483,27.553001,0.308864,14.273377,10.829559,3117.810193,healthy,0,0,0,0,-1.728123,-0.12038,-0.176625,-0.284997,-0.222659,-0.160478,0.005117,-0.015777,1.0,198.84
233,takeoff,4112.29834,95.736281,55.253953,97.232574,217.744878,708.072012,27.608365,0.304329,14.146553,13.499953,2944.503291,healthy,0,0,0,0,-4.792372,0.081533,-0.425134,0.375994,-2.347694,-0.060609,0.000638,0.046036,1.0,198.835
234,takeoff,4101.965073,98.89375,55.396108,96.398788,215.81919,707.622298,27.564118,0.300334,14.08149,11.913822,3034.077543,healthy,0,0,0,0,-8.50324,-0.309766,0.228334,0.460384,1.008893,0.112499,0.002479,0.005367,1.0,198.83
235,takeoff,4107.873726,96.537521,55.302336,96.904947,215.512095,707.740941,28.029662,0.314522,14.093929,11.941983,3138.629697,healthy,0,0,0,0,-1.517123,0.62637,-0.043336,-0.22146,0.767292,0.022429,0.0002,0.012967,1.0,198.825
236,takeoff,4070.961117,98.018911,54.768312,96.141525,216.248108,709.883517,28.107996,0.311468,14.049816,10.746401,2967.995354,healthy,0,0,0,0,-0.729161,0.020684,0.14479,-0.642457,0.229736,0.037519,-0.002946,0.000495,1.0,198.82
237,takeoff,4092.794741,95.767545,54.158457,96.107977,214.979847,710.756904,27.575043,0.307635,14.06935,11.224812,3074.093035,healthy,0,0,0,0,-2.157422,-0.404888,-0.075543,-0.198397,1.358564,-0.07804,-0.004094,-0.007461,1.0,198.815
238,takeoff,4112.687064,97.519034,55.466416,96.581391,216.925028,711.933411,27.794939,0.317554,14.170772,13.806528,3032.048172,healthy,0,0,0,0,0.902365,0.172076,0.449783,-0.037651,-1.90562,-0.04444,0.009574,0.016782,1.0,198.81
239,takeoff,4097.354588,96.800547,55.079132,97.218462,216.750403,709.255657,28.057414,0.30888,13.992175,11.792673,3066.614327,healthy,0,0,0,0,-0.279482,-0.318078,-0.493491,0.937899,0.268357,0.034598,-0.00774,0.014011,1.0,198.805
240,cruise,3690.438632,76.219426,55.135951,95.771184,196.838511,649.030002,24.122092,0.321669,10.321856,9.924902,3130.959977,healthy,0,0,0,0,-0.532979,-0.143613,0.120408,-0.055222,2.275678,-0.165386,-0.002763,0.027053,1.0,198.8
241,cruise,3701.172585,79.501044,54.682935,96.776621,195.928123,647.342721,23.506141,0.309872,10.013377,11.912348,2783.891622,healthy,0,0,0,0,0.517877,-0.47895,0.176099,-0.698551,2.983766,0.182896,0.001539,0.053236,1.0,198.795
242,cruise,3678.551464,76.870906,55.972104,97.557431,195.598355,650.810324,23.519161,0.315081,9.894731,12.59364,3014.273357,healthy,0,0,0,0,-0.001325,-0.222358,0.0468,-0.558354,0.204011,-0.033588,-0.001902,0.054862,1.0,198.79
243,cruise,3706.109622,76.096036,54.707517,96.557809,196.574732,648.024644,23.966248,0.30506,9.902044,11.549976,3117.936432,healthy,0,0,0,0,2.65532,0.183909,0.185162,-1.128368,0.06263,-0.146714,0.000884,-0.008557,1.0,198.785
244,cruise,3715.48796,77.972609,55.552662,97.708964,196.11373,646.737335,23.784559,0.30175,10.129325,13.409937,2917.081049,healthy,0,0,0,0,3.523197,-0.32947,-0.708781,-0.100326,0.920209,-0.034783,0.001248,0.028811,1.0,198.78
245,cruise,3683.063045,77.393801,55.591274,96.216172,194.84161,651.495374,23.821019,0.294157,10.265978,12.879694,3131.741561,healthy,0,0,0,0,3.449414,0.136667,-0.691324,-0.703564,-0.933121,-0.058695,-0.003173,-0.049889,1.0,198.775
246,cruise,3680.607072,76.259696,55.378716,97.321639,198.027647,645.802458,23.663698,0.299527,10.070232,12.566607,3052.287901,healthy,0,0,0,0,1.012587,-0.337336,-0.855589,-1.099611,-0.236162,0.046976,0.007076,-0.001584,1.0,198.77
247,cruise,3714.179075,78.185597,54.341721,96.136509,196.668496,650.283746,23.567659,0.298589,10.187473,11.469883,3081.417791,healthy,0,0,0,0,-2.941538,-0.393994,1.099326,-0.249044,0.616183,-0.222267,-0.010443,-0.084843,1.0,198.765
248,cruise,3672.950592,77.817254,54.754316,97.456359,194.730708,653.094948,24.086972,0.303197,10.156796,11.812335,3108.754517,healthy,0,0,0,0,-2.386303,0.053678,0.670647,-0.252434,-2.151993,-0.108803,0.00563,0.074855,1.0,198.76
249,cruise,3724.172431,76.832891,54.985159,97.033132,196.733937,649.764187,23.636701,0.310296,10.081405,12.228541,2969.425281,healthy,0,0,0,0,2.612824,-1.02286,0.026724,-0.289894,-0.43895,0.08269,0.00228,-0.076207,1.0,198.755
250,cruise,3701.380388,77.410222,55.949224,96.299049,196.190004,648.681603,23.712101,0.31563,9.974745,12.309061,2972.615643,healthy,0,0,0,0,-0.74918,-0.620849,-0.306104,1.041472,1.404913,-0.159597,-0.002086,0.044602,1.0,198.75
251,cruise,3730.601506,76.403588,55.353492,95.421392,197.264294,653.053128,23.899722,0.298131,10.042472,11.791571,3124.838061,healthy,0,0,0,0,3.039279,0.132497,0.565373,0.306249,0.456729,0.084043,-0.011005,-0.037489,1.0,198.745
252,cruise,3709.081122,78.929142,55.374232,96.617449,198.985707,653.134101,24.011397,0.305046,10.090105,12.396883,3107.284228,healthy,0,0,0,0,-0.044971,-0.087429,0.056727,-0.768048,0.613929,-0.029343,-0.004239,0.024635,1.0,198.74
253,cruise,3705.094413,76.825981,54.274251,96.427139,195.619361,648.817952,23.439566,0.300515,10.052351,13.018095,3073.972427,healthy,0,0,0,0,1.058486,-0.129986,0.251814,0.153998,-1.635849,0.174579,0.002808,-0.036242,1.0,198.735
254,cruise,3683.253038,78.346251,55.770437,95.381281,195.413249,651.221462,23.835903,0.307226,10.13533,11.746464,3118.366091,healthy,0,0,0,0,-7.002213,0.048322,-0.390184,0.787109,0.381909,-0.289069,0.000274,0.098032,1.0,198.73
255,cruise,3728.430329,77.384692,54.938815,95.870869,196.065074,646.350112,23.825244,0.303461,10.015545,11.260267,3022.896413,healthy,0,0,0,0,2.748348,0.208375,0.402062,-0.065988,-0.056653,-0.042153,-0.005027,0.015561,1.0,198.725
256,cruise,3730.337959,77.768961,55.214074,96.650176,196.385801,647.986651,23.768767,0.307596,10.346684,13.069676,3091.966071,healthy,0,0,0,0,-1.371635,-0.101111,0.847861,-0.28796,-3.873884,-0.001094,0.007162,-0.068544,1.0,198.72
257,cruise,3710.813632,77.423592,55.735252,96.428884,195.844599,647.300318,23.776277,0.316676,10.104023,10.071304,3011.414902,healthy,0,0,0,0,0.235729,-0.273973,0.064476,0.791881,1.95036,-0.152117,0.009468,-0.071559,1.0,198.715
258,cruise,3696.338282,76.185404,54.814129,96.106443,196.359832,650.956269,23.758517,0.298913,10.10197,11.625861,3023.860797,healthy,0,0,0,0,2.51224,0.404747,0.247059,0.44471,1.017147,0.039192,0.00593,-0.021199,1.0,198.71
259,cruise,3742.377826,78.94243,55.151829,96.576396,194.572478,648.511439,23.558079,0.304883,10.423706,11.516427,3015.283782,healthy,0,0,0,0,-1.653954,-0.623346,0.119509,0.978121,-2.112454,0.159172,-8.4e-05,0.005985,1.0,198.705
260,cruise,3715.555544,75.579023,55.103099,96.264373,195.699334,647.571824,23.378835,0.302533,10.193516,9.499255,3081.667688,healthy,0,0,0,0,0.888786,0.098866,-0.605756,1.441016,1.904388,-0.03094,0.006478,-0.119402,1.0,198.7
261,cruise,3728.353403,76.809362,55.683325,95.596663,196.332502,649.937825,23.881796,0.309272,9.869929,12.419324,3027.460676,healthy,0,0,0,0,-3.840932,-0.113958,-0.738476,-0.650354,0.040566,0.148101,-0.000472,0.015892,1.0,198.695
262,cruise,3719.267324,76.055719,55.513079,97.366288,196.453818,645.54423,23.919262,0.303337,10.082082,14.051576,2956.305529,healthy,0,0,0,0,0.168863,-0.493369,0.173528,-0.205248,1.481499,-0.076078,-0.00947,0.01036,1.0,198.69
263,cruise,3721.258179,77.781211,55.406101,95.776243,195.95926,652.550416,23.883983,0.317876,10.136837,9.123562,3135.759174,healthy,0,0,0,0,1.728384,-0.269145,-0.056567,-0.77567,0.386616,0.029249,-0.011041,-0.098384,1.0,198.685
264,cruise,3645.523625,76.911462,54.646009,97.45236,194.761316,648.750733,23.828904,0.30649,9.830846,12.903875,2914.854393,healthy,0,0,0,0,4.911173,-0.093895,0.607771,0.684684,-0.001519,-0.058816,-0.003685,0.047639,1.0,198.68
265,cruise,3706.112483,77.500846,55.391001,97.075077,195.624202,646.794103,23.906591,0.300778,10.035885,11.927988,2894.045902,healthy,0,0,0,0,3.125491,0.091372,0.111057,1.286463,-0.8637,0.187298,-0.018732,0.11397,1.0,198.675
266,cruise,3730.124965,76.872735,55.078541,96.685369,197.196516,649.377459,23.920885,0.296982,10.380434,10.82238,3011.194869,healthy,0,0,0,0,5.912262,0.508285,-0.076874,-0.963744,-0.261399,-0.072941,0.001775,-0.110848,1.0,198.67
267,cruise,3683.597474,77.75664,55.406165,96.62274,198.175187,643.683864,24.201699,0.309496,10.1611,12.434817,3063.350821,healthy,0,0,0,0,-4.167432,0.344591,-0.043646,-1.003456,-0.410312,-0.058474,-0.0014,0.078554,1.0,198.665
268,cruise,3727.399398,79.795526,54.156555,97.099381,196.877152,649.576947,23.723076,0.301853,10.067865,11.032416,3050.86924,healthy,0,0,0,0,2.725274,0.459307,0.435605,0.682599,-0.415209,0.029498,-0.00358,0.083042,1.0,198.66
269,cruise,3690.197974,78.491039,55.120531,96.058963,196.504271,646.524655,23.929404,0.30365,9.908883,14.429821,3015.023737,healthy,0,0,0,0,1.317942,-0.088125,-0.230201,0.661639,2.913589,0.221767,0.000177,0.168049,1.0,198.655
270,cruise,3698.710952,78.92761,54.7642,96.052333,197.460255,649.077995,23.872808,0.303239,10.017262,11.92855,2983.442464,healthy,0,0,0,0,-6.471688,-0.005769,0.09381,0.901402,2.437835,0.123124,-0.000309,-0.106375,1.0,198.65
271,cruise,3711.890551,78.512114,55.251737,96.860878,197.987508,646.829781,23.964315,0.310134,10.25001,11.239404,3039.5304,healthy,0,0,0,0,-3.175213,-0.582772,0.164179,-1.065036,0.059556,-0.318387,-0.007515,-0.076001,1.0,198.645
272,cruise,3685.9026,76.315944,55.329422,97.761496,195.938303,649.310794,23.664546,0.309369,10.226606,10.80663,2947.048928,healthy,0,0,0,0,-0.090593,-0.725157,0.138745,0.08315,-1.02875,-0.084104,0.000517,0.056926,1.0,198.64
273,cruise,3731.960725,78.607751,55.011858,96.282756,197.031282,649.867191,23.396361,0.312193,10.126572,11.330922,3046.934774,healthy,0,0,0,0,-0.078735,0.086093,0.092897,-1.118296,-0.872367,0.115186,0.006542,0.035773,1.0,198.635
274,cruise,3702.277218,78.238595,54.688683,96.055207,195.97499,650.875032,23.883426,0.305766,9.866901,11.03343,3003.353978,healthy,0,0,0,0,4.903452,0.146256,-0.12262,0.469195,0.638642,-0.076556,0.001162,0.116405,1.0,198.63
275,cruise,3708.200596,78.130712,55.409144,96.648372,197.312233,653.252484,23.854725,0.308052,10.206173,12.079124,2910.306177,healthy,0,0,0,0,2.923673,-0.339315,-0.066648,0.661272,-3.286554,0.150037,-0.006213,-0.083933,1.0,198.625
276,cruise,3691.262893,78.092078,54.442428,97.331678,196.488428,647.352045,23.592931,0.305833,10.010639,9.361527,3122.255973,healthy,0,0,0,0,-2.047012,-0.272714,0.759138,-0.84644,-1.883279,0.067812,-0.000623,0.028587,1.0,198.62
277,cruise,3683.573288,78.812156,55.230696,97.180863,196.512045,649.623434,24.103546,0.2988,9.964197,12.481376,3081.204928,healthy,0,0,0,0,2.709366,-0.370775,0.475998,-0.611185,-0.874353,0.026502,0.000543,0.045939,1.0,198.615
278,cruise,3717.668089,78.049552,55.046095,96.533085,195.662573,643.595018,23.696106,0.300237,10.179972,10.989603,3026.843968,healthy,0,0,0,0,0.179463,0.110463,0.432807,0.345408,0.333113,0.025211,-0.002347,0.034011,1.0,198.61
279,cruise,3702.291366,77.195341,54.978441,96.011191,196.424907,651.919658,23.89309,0.306634,10.132128,13.02794,3136.886031,healthy,0,0,0,0,3.380612,-0.032714,0.828413,-1.970918,1.305807,-0.121753,-0.00675,-0.018485,1.0,198.605
280,cruise,3713.579235,78.552523,55.376801,96.644797,193.851042,648.098638,23.662908,0.30554,10.178276,10.413441,3086.662803,healthy,0,0,0,0,1.589133,-0.184433,-0.364723,0.011923,-2.197601,-0.189808,-0.003546,0.059329,1.0,198.6
281,cruise,3688.543844,75.602565,55.622286,96.36474,196.635806,647.122571,23.947717,0.314526,9.977071,12.286305,3073.336346,healthy,0,0,0,0,-3.738266,0.656303,0.144033,0.58526,-0.435519,0.018361,-0.003796,0.0111,1.0,198.595
282,cruise,3725.660795,78.614254,55.004299,96.913731,198.055776,646.002408,23.867963,0.307417,9.996832,10.273792,3057.22913,healthy,0,0,0,0,2.328578,0.54529,0.507601,-0.015198,-0.517624,0.088977,0.016106,-0.06413,1.0,198.59
283,cruise,3681.145059,76.995619,55.219279,96.648491,195.155709,651.009017,23.571265,0.300656,9.975861,9.911321,3129.01827,healthy,0,0,0,0,2.073132,0.406032,0.011972,0.066504,0.244149,-0.066742,-0.00072,0.022626,1.0,198.585
284,cruise,3715.166588,78.807133,54.298935,96.804622,197.347988,650.482566,24.005964,0.308084,10.146576,9.969395,2861.262377,healthy,0,0,0,0,-1.267941,0.360861,-0.696308,1.280797,0.190372,-0.235888,-0.00223,-0.057655,1.0,198.58
285,cruise,3698.920692,78.482814,54.710425,96.984824,195.3175,649.348817,23.895558,0.300164,10.225742,12.043558,2970.908643,healthy,0,0,0,0,-0.500643,-0.740304,0.541961,0.702771,1.280666,0.056365,-0.011225,-0.032588,1.0,198.575
286,cruise,3710.631772,76.449582,55.966652,96.684028,197.312878,645.291527,23.541177,0.307035,10.253768,11.868875,2878.408982,healthy,0,0,0,0,1.388339,0.217223,0.340624,0.096609,-0.552756,0.033982,0.002688,-0.056536,1.0,198.57
287,cruise,3673.114427,79.344929,55.426872,96.025782,195.198076,648.968855,23.515252,0.302824,10.142801,11.528613,2930.119421,healthy,0,0,0,0,-3.411646,-0.597953,-1.750468,1.177927,-0.458151,-0.002582,0.011541,0.023832,1.0,198.565
288,cruise,3713.726708,77.323161,54.884067,95.913717,195.877732,649.806502,23.99789,0.308071,10.003222,12.021318,3122.053286,healthy,0,0,0,0,-2.083027,0.304052,0.755987,-0.024901,0.939082,0.091143,0.003967,0.048532,1.0,198.56
289,cruise,3713.279555,77.498769,54.301907,95.538889,195.327235,650.191392,23.899893,0.298979,10.123126,14.202228,3059.412882,healthy,0,0,0,0,4.282956,-0.101873,-0.240724,0.033761,1.99626,-0.042788,-0.007143,-0.057659,1.0,198.555
290,cruise,3746.976416,75.769366,54.705828,97.653149,198.430351,650.357262,23.713947,0.297369,9.970311,11.187098,3073.072936,healthy,0,0,0,0,0.376698,0.134032,0.054574,0.170595,0.568954,-0.15303,-0.005445,0.095548,1.0,198.55
291,cruise,3708.209813,76.356735,55.217771,96.980528,194.425036,648.835422,23.893876,0.294744,10.135698,9.666988,2898.851684,healthy,0,0,0,0,5.27801,-0.670407,-0.048564,1.823438,-0.820881,-0.37469,-0.00672,-0.068153,1.0,198.545
292,cruise,3697.727197,78.810138,54.157543,96.329471,197.235737,647.212532,24.026676,0.293199,10.061734,11.574375,2988.664514,healthy,0,0,0,0,-1.434633,0.104197,0.573129,0.736529,-1.740769,-0.174932,0.001002,-0.071415,1.0,198.54
293,cruise,3719.639648,76.944484,55.051914,95.819021,196.384962,648.374684,23.598312,0.300951,10.190061,11.595934,3031.119236,healthy,0,0,0,0,1.49844,-0.026178,-0.116896,-1.349501,0.306945,0.188914,0.007522,0.001541,1.0,198.535
294,cruise,3691.674348,77.913401,55.817439,97.099836,197.256572,647.264547,23.585025,0.30496,10.000386,11.600005,2970.208726,healthy,0,0,0,0,-1.698391,0.272109,-0.607234,0.65646,-1.383466,0.210968,-0.000399,-0.194564,1.0,198.53
295,cruise,3705.8216,77.472378,55.969179,96.708804,197.74353,647.915037,23.825962,0.308996,10.562175,11.239319,2946.492857,healthy,0,0,0,0,-0.463492,-0.159787,0.254804,-0.049585,3.085408,0.010663,-0.002771,-0.089692,1.0,198.525
296,cruise,3706.255529,79.271746,55.481842,96.01218,197.410773,646.965008,23.797177,0.306928,10.179908,11.792035,3140.802043,healthy,0,0,0,0,-3.815435,0.305349,0.426846,-0.18104,0.194584,-0.019915,-0.007075,-0.024576,1.0,198.52
297,cruise,3681.301287,78.64648,55.108013,96.466526,195.97499,646.407248,23.453285,0.301691,10.228499,12.223972,3189.25224,healthy,0,0,0,0,3.132601,-0.013853,0.248936,-1.115821,-1.612488,0.013329,0.002305,0.128015,1.0,198.515
298,cruise,3692.421424,76.863049,56.176164,96.829061,195.668771,648.665487,23.862461,0.309645,10.201716,12.325874,3101.337975,healthy,0,0,0,0,-1.879544,-0.760885,0.12916,-0.374773,1.026288,-0.102002,0.000456,-0.004614,1.0,198.51
299,cruise,3736.402982,77.134026,55.386268,96.213523,196.981537,651.076702,23.634993,0.300848,9.923428,11.96959,3092.300468,healthy,0,0,0,0,-3.116078,-0.108244,0.700691,-0.556505,1.338166,0.302211,0.00318,0.111736,1.0,198.505
300,cruise,3707.514773,77.550939,54.882434,95.7444,197.827755,652.599307,23.562227,0.280493,10.0967,10.31462,3087.216901,vibration_bearing_fault,1,2,300,1200,-2.266182,0.300396,-0.213248,-0.577944,-4.853547,-0.132511,0.001057,-0.03143,1.0,198.5
301,cruise,3688.292743,77.309027,55.063035,96.999688,196.183823,648.10467,23.732218,0.293897,9.964697,11.071188,2811.139721,vibration_bearing_fault,1,2,300,1200,2.79262,0.088119,-0.591389,0.403357,-4.161787,-0.11446,0.012893,-0.057582,0.993939,198.495
302,cruise,3694.994782,77.773139,55.318254,96.911843,197.135491,644.509318,23.992067,0.216594,10.105589,13.677615,3093.089499,vibration_bearing_fault,1,2,300,1200,-2.694081,0.221294,0.21465,-0.419308,2.05125,-0.225881,0.02426,-0.245897,0.987879,198.49
303,cruise,3714.859323,75.763016,54.821084,96.694723,194.99132,647.017519,23.783525,0.331067,10.399574,11.655435,2873.606882,vibration_bearing_fault,1,2,300,1200,-2.617326,0.375252,0.420724,0.198722,1.956476,-0.158957,0.031241,0.061277,0.981818,198.485
304,cruise,3716.152221,78.128596,55.113365,96.535511,195.295297,647.800966,23.892618,0.254693,10.128277,12.094711,3045.36859,vibration_bearing_fault,1,2,300,1200,-1.249771,0.404655,0.496397,-0.242716,0.540207,-0.050641,0.02495,0.004477,0.975758,198.48
305,cruise,3693.520742,77.633183,54.903243,96.144413,197.032262,648.018196,24.069811,0.368971,10.089186,12.257914,2876.748375,vibration_bearing_fault,1,2,300,1200,5.70167,0.014754,-0.887048,2.369939,-0.391973,-0.109732,0.046146,-0.04653,0.969697,198.475
306,cruise,3702.904531,77.04637,55.058844,96.67109,198.194392,649.22869,23.919144,0.305365,10.185365,12.230221,3142.490413,vibration_bearing_fault,1,2,300,1200,2.564574,-0.127728,-0.343629,0.445183,0.452138,0.259539,0.052128,0.098685,0.963636,198.47
307,cruise,3694.883147,78.857406,55.337362,96.972554,194.848175,649.608331,23.718056,0.355665,10.248221,12.895751,3036.792416,vibration_bearing_fault,1,2,300,1200,-0.101873,0.940349,0.231222,0.453793,-1.201479,-0.097222,0.060462,0.114035,0.957576,198.465
308,cruise,3709.388584,77.643576,54.928041,95.930802,194.731245,649.972719,23.842259,0.403567,10.2727,12.809666,2954.786675,vibration_bearing_fault,1,2,300,1200,6.851199,0.02454,-1.172008,0.983085,-2.141749,-0.122543,0.068434,-0.114528,0.951515,198.46
309,cruise,3705.558676,77.07427,54.797213,96.421448,198.332682,649.206488,23.997862,0.406533,10.158458,11.899605,2913.600326,vibration_bearing_fault,1,2,300,1200,2.559718,-0.051515,-0.147973,0.830594,0.940364,-0.024968,0.082043,0.046023,0.945455,198.455
310,cruise,3688.638156,76.491105,55.666503,96.871035,197.713062,645.43014,23.482667,0.39824,10.284479,13.848337,3058.547804,vibration_bearing_fault,1,2,300,1200,-2.657854,-0.590315,-0.233526,-0.422711,1.466145,-0.060238,0.08105,0.013828,0.939394,198.45
311,cruise,3679.365935,79.107874,55.115402,95.712148,195.719045,652.310589,23.83269,0.386883,10.14365,11.431364,3061.742043,vibration_bearing_fault,1,2,300,1200,-2.998827,0.456317,1.023636,-0.929323,0.169066,-0.233867,0.092235,0.070641,0.933333,198.445
312,cruise,3681.097779,78.20783,55.248546,96.460014,198.160183,649.843831,23.639927,0.441976,10.161362,12.322139,2962.929986,vibration_bearing_fault,1,2,300,1200,1.97174,-0.098388,-0.349845,0.29775,0.815901,0.101818,0.094958,0.089941,0.927273,198.44
313,cruise,3640.177338,77.044344,53.826296,96.735968,198.07971,646.198487,23.838592,0.40731,9.964587,12.237104,3034.847331,vibration_bearing_fault,1,2,300,1200,3.592259,-0.840474,-0.016318,0.021549,0.735322,-0.144987,0.114032,-0.100125,0.921212,198.435
314,cruise,3698.834133,79.161629,54.943786,96.505064,198.399925,647.016288,23.524483,0.403239,10.171719,10.78497,3013.450179,vibration_bearing_fault,1,2,300,1200,-6.51258,-0.369103,0.193894,-1.171638,2.978822,0.022539,0.116422,-0.011931,0.915152,198.43
315,cruise,3681.623884,77.695458,54.751349,96.190273,196.892007,648.251191,23.678539,0.495022,10.262642,10.992428,3027.24527,vibration_bearing_fault,1,2,300,1200,0.544528,0.557664,0.238787,0.778722,0.059662,-0.017423,0.124607,-0.085279,0.909091,198.425
316,cruise,3705.206955,76.691895,55.050004,96.2653,196.355531,647.263465,23.806569,0.376632,10.123338,12.066031,2946.316376,vibration_bearing_fault,1,2,300,1200,2.335148,-0.365821,0.328289,-0.053801,0.839411,-0.184888,0.141083,0.097522,0.90303,198.42
317,cruise,3754.111527,76.82218,54.709147,95.502569,196.66244,647.888341,23.830388,0.469438,10.32301,10.35905,3091.005148,vibration_bearing_fault,1,2,300,1200,-0.379664,-0.098838,-0.47732,1.418206,0.635856,-0.170874,0.147507,-0.015964,0.89697,198.415
318,cruise,3706.145393,76.936216,55.136822,96.435114,195.103434,647.230867,23.780161,0.536767,10.156615,10.785689,2949.754157,vibration_bearing_fault,1,2,300,1200,0.38528,0.737155,0.41946,-0.984107,-0.172788,-0.224696,0.150538,0.135788,0.890909,198.41
319,cruise,3647.038085,79.498181,55.468647,96.88067,199.107152,647.827861,23.796599,0.486242,9.988381,10.466434,2867.205141,vibration_bearing_fault,1,2,300,1200,1.558779,0.155343,0.415386,0.029416,-3.10419,0.003677,0.163206,-0.088375,0.884848,198.405
320,cruise,3733.611567,78.487478,54.597642,96.545162,197.396311,647.448084,23.513514,0.409911,10.268752,12.34124,3091.959597,vibration_bearing_fault,1,2,300,1200,-0.102187,-0.825722,-0.604689,-0.863572,-0.850083,-0.079706,0.170226,0.013501,0.878788,198.4
321,cruise,3729.955428,78.097242,55.319394,96.267669,195.94786,649.871144,24.002284,0.433619,10.269041,9.398394,3071.57359,vibration_bearing_fault,1,2,300,1200,0.04357,-0.016372,-0.441487,-1.057995,-1.571682,-0.235596,0.180372,0.036138,0.872727,198.395
322,cruise,3776.717127,79.010026,54.548085,95.917929,199.35002,647.482833,23.957061,0.544494,9.813549,12.626364,3008.698713,vibration_bearing_fault,1,2,300,1200,1.634867,0.468621,-0.200648,0.507908,-0.739628,-0.003465,0.191887,0.00696,0.866667,198.39
323,cruise,3713.889746,77.50992,54.532013,95.959703,196.152883,649.621071,24.029205,0.464488,9.848795,11.777963,2977.049008,vibration_bearing_fault,1,2,300,1200,-2.284526,0.278115,-0.180892,1.358463,-2.704202,0.149666,0.201004,0.024466,0.860606,198.385
324,cruise,3666.777351,79.10392,54.520506,96.54681,197.966667,649.869444,23.691622,0.464472,9.907117,10.729521,2989.568397,vibration_bearing_fault,1,2,300,1200,1.315687,-0.201208,0.152554,1.151864,-2.107179,0.103062,0.209785,-0.099874,0.854545,198.38
325,cruise,3732.424394,77.138483,55.789666,96.375133,199.354801,645.260383,23.853793,0.507494,10.364259,13.39877,3039.892643,vibration_bearing_fault,1,2,300,1200,0.210169,-0.037389,0.715616,-0.245873,0.270297,-0.054692,0.216215,-0.030531,0.848485,198.375
326,cruise,3792.658826,76.170853,55.023369,97.214621,194.890431,644.213879,23.872573,0.539495,9.982066,14.16534,3004.456662,vibration_bearing_fault,1,2,300,1200,1.045361,0.07057,0.590557,0.329329,1.646038,-0.183594,0.227406,-0.013854,0.842424,198.37
327,cruise,3677.421743,78.177643,54.881957,97.824078,196.846063,651.048688,23.912115,0.508571,9.91806,10.796121,2826.801901,vibration_bearing_fault,1,2,300,1200,-3.295796,0.227473,-0.115617,1.08826,-1.270592,0.217192,0.23299,-0.014617,0.836364,198.365
328,cruise,3697.845209,78.804641,55.101292,96.371858,196.589783,644.260709,23.756647,0.517919,10.208316,13.167798,3181.444697,vibration_bearing_fault,1,2,300,1200,-2.100864,-0.130649,0.16547,-0.666891,-0.366227,-0.05982,0.238516,-0.065992,0.830303,198.36
329,cruise,3694.453032,78.318913,55.031744,96.687664,195.12687,646.033479,23.793596,0.59771,10.094154,12.304416,3215.925923,vibration_bearing_fault,1,2,300,1200,-0.689939,0.135878,0.128029,1.646637,2.081569,-0.107147,0.24385,-0.108028,0.824242,198.355
330,cruise,3826.059587,78.630813,55.312235,95.417847,196.320996,646.658744,23.811323,0.522217,9.750381,10.827846,2913.857949,vibration_bearing_fault,1,2,300,1200,-2.079976,-0.273911,-0.451336,-0.576548,0.215803,0.012808,0.267357,-0.07845,0.818182,198.35
331,cruise,3684.199851,77.681228,54.990883,96.520392,197.161311,647.032884,23.823961,0.600257,10.292257,11.408737,2996.608825,vibration_bearing_fault,1,2,300,1200,3.338778,-0.680508,0.478548,0.42772,-0.860673,-0.032944,0.270139,-0.041116,0.812121,198.345
332,cruise,3658.458249,76.234755,55.921543,95.872487,196.759435,651.489323,24.138167,0.579625,10.094625,11.401241,2946.411824,vibration_bearing_fault,1,2,300,1200,4.35848,0.042989,-0.374708,-0.15406,0.330864,0.076378,0.275423,0.061407,0.806061,198.34
333,cruise,3582.309141,79.750569,54.906043,96.794439,194.216188,648.167779,23.659711,0.623107,10.330847,10.581102,3094.696449,vibration_bearing_fault,1,2,300,1200,0.335189,-0.907244,-0.540883,-1.056889,0.450416,0.319775,0.273695,-0.036124,0.8,198.335
334,cruise,3643.593592,78.078178,54.969728,97.218558,196.80028,647.757375,23.68942,0.598929,10.315571,10.129639,3206.617852,vibration_bearing_fault,1,2,300,1200,-1.044428,-0.289976,0.088326,-1.164828,-0.059101,0.023639,0.290901,0.140888,0.793939,198.33
335,cruise,3686.848266,77.285003,54.997337,96.700269,195.394507,646.700003,23.705334,0.513369,9.990928,11.172388,2908.870308,vibration_bearing_fault,1,2,300,1200,-5.68153,-0.040476,0.0476,-0.99558,0.598225,-0.208129,0.289816,0.04401,0.787879,198.325
336,cruise,3742.974984,78.888859,54.899873,95.764474,197.892533,651.015956,23.787068,0.508721,10.157555,11.528642,3020.588547,vibration_bearing_fault,1,2,300,1200,-5.365826,-0.213428,0.895553,-0.03842,0.524783,0.117425,0.314549,0.108075,0.781818,198.32
337,cruise,3663.150368,79.014595,55.547533,95.814648,197.757805,646.187588,24.029051,0.589659,9.907366,12.009491,3030.542399,vibration_bearing_fault,1,2,300,1200,0.134952,0.106413,0.029059,0.653348,-0.001364,-0.338475,0.325606,0.004954,0.775758,198.315
338,cruise,3822.062991,76.445775,55.259035,96.091249,194.163287,648.904297,23.595287,0.515198,10.246317,12.086809,3053.44394,vibration_bearing_fault,1,2,300,1200,-2.320876,0.108754,-0.034963,0.390422,0.6581,-0.103569,0.330583,-0.031356,0.769697,198.31
339,cruise,3562.516209,76.564248,55.140029,95.580968,196.668684,647.833705,23.575041,0.678772,10.199824,10.907353,2971.138675,vibration_bearing_fault,1,2,300,1200,-0.639859,-0.574468,0.142017,0.297585,-0.997466,0.054252,0.331235,-0.084516,0.763636,198.305
340,cruise,3707.690676,77.400617,55.134032,96.913816,196.286265,646.648313,23.779154,0.530903,10.102512,13.122388,2998.979573,vibration_bearing_fault,1,2,300,1200,1.866559,-0.282113,0.742726,-0.914818,-1.632372,0.114224,0.342279,0.115196,0.757576,198.3
341,cruise,3800.720998,76.239801,55.182524,96.612025,194.708422,652.535905,23.689778,0.646795,10.092613,11.527824,3148.840455,vibration_bearing_fault,1,2,300,1200,0.009741,0.123448,0.241373,-0.019466,1.092037,0.001733,0.354852,0.117328,0.751515,198.295
342,cruise,3720.894354,77.754426,55.330419,96.686179,198.199202,647.513253,23.664067,0.653498,10.246153,10.794731,2945.232838,vibration_bearing_fault,1,2,300,1200,-1.05199,0.235181,-0.418656,-0.84065,-0.34968,0.145543,0.358238,-0.010983,0.745455,198.29
343,cruise,3645.660672,78.858451,56.10721,96.570305,197.292477,651.004337,23.895678,0.603256,10.158415,10.696344,2840.819402,vibration_bearing_fault,1,2,300,1200,9.695363,-0.366806,-0.233995,-1.395327,-1.605282,-0.015471,0.363018,0.03766,0.739394,198.285
344,cruise,3769.918728,77.700605,55.461606,96.339124,198.034014,649.390651,23.856824,0.605114,10.24647,12.040604,3219.974327,vibration_bearing_fault,1,2,300,1200,0.781174,-0.18758,0.507883,0.3702,-0.291135,0.180552,0.380478,0.125791,0.733333,198.28
345,cruise,3615.187215,77.803325,55.477421,97.700513,197.607341,647.480359,23.614132,0.654541,10.241226,11.578904,3060.489964,vibration_bearing_fault,1,2,300,1200,0.860189,0.271985,-0.834101,-0.424691,-1.205365,-0.10806,0.382449,-0.00358,0.727273,198.275
346,cruise,3803.734389,75.789853,54.888257,96.935725,195.961768,648.268991,23.720397,0.757506,10.093766,11.208669,3136.586206,vibration_bearing_fault,1,2,300,1200,-2.679586,-0.11941,0.696959,-0.719919,1.51131,-0.217664,0.40958,-0.056421,0.721212,198.27
347,cruise,3740.119164,76.631356,55.201984,97.114306,195.106173,650.630224,23.746554,0.770709,10.257784,11.140082,3002.04391,vibration_bearing_fault,1,2,300,1200,-2.169324,0.234662,-0.021288,-0.703724,-0.037904,0.024905,0.396812,0.087598,0.715152,198.265
348,cruise,3803.784703,77.456373,55.068235,97.017617,198.679895,646.989091,23.633565,0.737393,10.223112,12.475856,2967.951897,vibration_bearing_fault,1,2,300,1200,-2.610625,-0.334298,0.125654,1.100292,-2.187086,-0.095836,0.412324,0.017621,0.709091,198.26
349,cruise,3805.147326,78.426207,55.254589,95.775113,195.587932,651.919601,23.739193,0.762033,10.167845,11.916686,2999.826906,vibration_bearing_fault,1,2,300,1200,-2.42059,-0.783231,0.17547,0.568621,1.759536,0.122228,0.42438,0.038953,0.70303,198.255
350,cruise,3698.841676,77.706299,54.13925,96.041411,196.410283,647.348723,23.621425,0.69823,10.090542,9.629889,3088.672006,vibration_bearing_fault,1,2,300,1200,0.164291,-0.421744,0.146582,-1.003688,-2.002566,0.087539,0.433237,0.054287,0.69697,198.25
351,cruise,3619.541915,77.597102,54.934199,97.082381,194.855194,648.25083,23.870808,0.724626,10.501975,10.832411,3142.240321,vibration_bearing_fault,1,2,300,1200,0.050419,0.335543,-0.137773,0.201319,-0.390245,0.231826,0.44115,-0.161261,0.690909,198.245
352,cruise,3770.168866,77.825855,55.252689,95.808689,196.190641,649.536066,23.90426,0.741819,10.004774,11.785477,3098.817489,vibration_bearing_fault,1,2,300,1200,2.573266,-0.154318,-0.346264,0.514393,1.937926,0.102727,0.45031,-0.098569,0.684848,198.24
353,cruise,3589.917044,76.080904,55.745711,97.023721,194.921013,652.281901,23.969768,0.729887,10.081442,10.599893,2967.341213,vibration_bearing_fault,1,2,300,1200,0.548376,0.314658,0.65899,0.36758,0.805478,-0.176265,0.456979,-0.073472,0.678788,198.235
354,cruise,3722.623699,77.282752,55.350357,97.40086,197.797802,654.453821,23.700898,0.793691,10.444265,11.691202,3169.447424,vibration_bearing_fault,1,2,300,1200,-5.204642,-0.048597,0.114063,0.926599,-0.552135,0.067468,0.464096,-0.019833,0.672727,198.23
355,cruise,3638.940695,76.673052,55.27058,96.477585,194.548646,648.327684,23.504357,0.917126,10.163349,12.293351,2972.617397,vibration_bearing_fault,1,2,300,1200,5.345316,0.553528,0.141561,-0.377738,0.896399,0.144153,0.46681,-0.058516,0.666667,198.225
356,cruise,3717.042367,76.701534,55.22886,96.721519,196.124065,648.292006,23.780065,0.822571,10.225572,13.571161,3123.923821,vibration_bearing_fault,1,2,300,1200,0.616887,0.228338,-0.451193,0.888326,0.384908,-0.253276,0.478342,-0.026044,0.660606,198.22
357,cruise,3527.300097,78.029822,54.745461,97.185197,196.248028,649.896842,23.840796,0.70944,10.139079,11.975966,3013.021877,vibration_bearing_fault,1,2,300,1200,2.169555,0.075148,0.138649,0.834116,0.709918,-0.001364,0.479945,0.089556,0.654545,198.215
358,cruise,3658.486173,76.188058,55.782503,96.429043,196.722,647.082392,23.63598,0.797608,10.067402,11.551273,3026.411038,vibration_bearing_fault,1,2,300,1200,0.512871,-0.021367,-0.352136,-0.530095,0.983966,0.027406,0.498909,-0.050333,0.648485,198.21
359,cruise,3691.16848,76.81407,55.028431,96.589501,196.182857,647.089106,23.473483,0.64217,10.242758,10.618318,2970.711213,vibration_bearing_fault,1,2,300,1200,-0.805138,-0.469099,-0.053954,-0.044236,-0.558551,0.096946,0.508709,-0.029636,0.642424,198.205
360,cruise,3582.105637,74.410281,55.515281,96.523204,197.956365,647.685988,23.58224,0.891495,10.090861,11.88801,2973.16472,vibration_bearing_fault,1,2,300,1200,-1.225703,0.133263,0.31111,0.989546,-2.263306,-0.067793,0.523085,-0.004155,0.636364,198.2
361,cruise,3706.61874,75.768443,55.797471,96.992161,196.98591,647.642554,23.680339,0.822879,10.012636,12.050701,3100.931229,vibration_bearing_fault,1,2,300,1200,-1.851736,0.298998,-0.330373,0.40887,-0.603178,0.1726,0.527027,0.042712,0.630303,198.195
362,cruise,3687.177268,79.058219,54.796326,96.197572,198.427325,649.808107,23.835848,0.873589,9.955507,12.137974,3131.254881,vibration_bearing_fault,1,2,300,1200,0.712446,0.133366,0.399981,0.448821,-4.158671,-0.018333,0.523834,0.005946,0.624242,198.19
363,cruise,3819.857453,75.790342,55.162316,97.114008,197.212164,648.305806,23.718868,0.751682,9.835852,13.245996,3009.822249,vibration_bearing_fault,1,2,300,1200,3.874471,0.084225,-0.351395,0.125695,0.346431,-0.183435,0.537471,-0.021385,0.618182,198.185
364,cruise,3852.882153,77.082207,55.39381,97.166411,198.636533,647.210685,24.071762,0.942662,10.119154,12.714564,3054.949747,vibration_bearing_fault,1,2,300,1200,1.531634,-0.011238,0.505128,-2.286888,-1.470729,-0.223861,0.550878,0.031648,0.612121,198.18
365,cruise,3574.894528,77.737034,55.370305,96.774521,196.829624,653.243237,23.438061,0.888991,10.194225,12.499628,3064.046919,vibration_bearing_fault,1,2,300,1200,-0.075439,-0.215051,0.720681,-0.097253,0.649159,0.127308,0.559244,-0.032419,0.606061,198.175
366,cruise,3545.715004,78.484489,55.27484,96.466376,198.584142,651.434973,23.689668,0.841983,9.762948,11.099355,2959.905303,vibration_bearing_fault,1,2,300,1200,1.262035,-0.004223,-1.007789,0.060349,-0.426296,-0.057299,0.551718,0.161667,0.6,198.17
367,cruise,3412.762936,77.66222,54.535925,96.720794,198.807888,651.24024,23.996131,0.860397,10.180128,12.558537,3022.571022,vibration_bearing_fault,1,2,300,1200,0.996398,-0.255167,0.18154,0.67821,-2.066855,-0.371452,0.579312,-0.022792,0.593939,198.165
368,cruise,3912.775799,76.890545,55.190534,96.224486,196.359637,647.568021,24.203998,0.896159,10.363623,13.627489,3111.773107,vibration_bearing_fault,1,2,300,1200,0.038053,0.124683,0.749378,2.193462,-0.157547,-0.025757,0.579701,0.067645,0.587879,198.16
369,cruise,3538.686498,77.267533,54.22172,96.461208,198.384364,650.586781,24.141497,0.990727,9.99152,13.368085,3036.29196,vibration_bearing_fault,1,2,300,1200,-1.336888,0.072071,0.216673,0.040438,-0.016004,0.217238,0.591666,0.033076,0.581818,198.155
370,cruise,3850.677508,76.904612,55.600243,96.787765,197.148577,648.748656,23.958518,0.929189,10.122588,12.294632,3035.232706,vibration_bearing_fault,1,2,300,1200,1.151634,-0.13179,-0.08273,-0.977255,-0.032137,-0.008238,0.610131,0.019474,0.575758,198.15
371,cruise,3469.678682,78.68734,55.732273,96.134283,197.443132,649.140946,23.789831,0.852564,10.168507,12.40037,3024.547401,vibration_bearing_fault,1,2,300,1200,-0.94589,0.619345,0.093423,1.053187,2.641277,0.196428,0.617478,0.001221,0.569697,198.145
372,cruise,3506.379694,78.814587,54.757051,95.652849,196.027044,651.532223,24.015472,0.951315,10.306796,11.541645,3059.49124,vibration_bearing_fault,1,2,300,1200,-1.250222,-0.156074,-0.278813,-0.380506,0.586517,-0.197523,0.61954,0.044382,0.563636,198.14
373,cruise,3536.312432,79.903424,54.827569,95.669168,197.249174,650.221688,23.876898,0.895253,10.075614,12.421101,2880.196874,vibration_bearing_fault,1,2,300,1200,-1.929862,0.911569,0.851041,0.412382,1.888953,0.362293,0.621302,0.166346,0.557576,198.135
374,cruise,3825.080143,75.958557,55.256569,96.082205,197.331881,645.931424,23.864074,0.935572,10.182344,9.95625,3138.248209,vibration_bearing_fault,1,2,300,1200,-0.355805,-0.147497,-0.188485,0.365408,-0.303503,0.098831,0.630543,-0.055891,0.551515,198.13
375,cruise,3774.44359,76.830261,54.884123,96.884088,196.881193,644.563603,23.910182,0.914661,10.09711,12.308528,3129.967888,vibration_bearing_fault,1,2,300,1200,2.957945,0.407114,0.268671,0.429554,-0.096401,-0.202177,0.636578,0.182721,0.545455,198.125
376,cruise,3833.923438,78.395101,55.556595,96.367948,195.614052,650.179032,24.263335,0.981754,10.216919,12.583553,2876.025716,vibration_bearing_fault,1,2,300,1200,4.34163,-0.068981,0.109559,-0.985852,0.913107,-0.196896,0.655816,0.206554,0.539394,198.12
377,cruise,3795.847846,76.909166,55.470976,95.795775,195.252155,652.899936,23.820658,0.975251,10.273635,14.052128,3080.496867,vibration_bearing_fault,1,2,300,1200,1.879893,-1.02948,0.118315,0.183773,0.37191,-0.10648,0.669741,-0.029649,0.533333,198.115
378,cruise,3834.355797,75.094093,55.579338,96.599244,197.783817,650.897579,23.798435,0.929667,10.219115,9.793806,2809.504719,vibration_bearing_fault,1,2,300,1200,3.072142,-0.293852,-1.240187,-0.275499,-0.289717,-0.058577,0.667792,-0.073725,0.527273,198.11
379,cruise,3631.167771,77.969131,55.216236,95.736901,197.25874,651.248408,23.67678,0.997011,10.031472,11.474388,3178.707503,vibration_bearing_fault,1,2,300,1200,-1.066919,-0.041749,-0.990035,-1.086482,-1.51383,-0.043556,0.67766,-0.005311,0.521212,198.105
380,cruise,3979.051401,76.925411,54.484296,96.35115,196.891636,648.764267,23.997571,0.921709,10.159525,10.762129,3102.188464,vibration_bearing_fault,1,2,300,1200,-1.286282,-0.289614,0.026866,1.157019,-0.76155,-0.117645,0.688114,-0.161419,0.515152,198.1
381,cruise,3841.626027,78.509174,55.278231,97.006164,195.818002,647.525073,24.134222,0.900893,10.142869,12.509324,2920.275792,vibration_bearing_fault,1,2,300,1200,2.006149,-1.173053,-0.000625,1.746231,0.198043,0.125863,0.695621,-0.082671,0.509091,198.095
382,cruise,3808.754081,78.257663,54.711549,96.211425,196.800082,652.795981,23.561223,0.991088,9.98002,9.872693,2991.063727,vibration_bearing_fault,1,2,300,1200,6.47521,-0.545617,0.343696,-0.778458,1.571351,-0.110846,0.705357,-0.001623,0.50303,198.09
383,cruise,3603.07284,76.833607,54.660708,96.000419,194.987065,647.81612,23.558042,0.981924,10.131507,12.571154,3015.986076,vibration_bearing_fault,1,2,300,1200,1.537273,-0.650005,-0.70653,-0.711711,1.025385,0.058639,0.710869,0.052538,0.49697,198.085
384,cruise,3460.516204,77.39772,55.08064,96.493466,197.620707,648.433936,23.909337,0.951233,10.251278,12.134471,3005.347735,vibration_bearing_fault,1,2,300,1200,-0.511933,0.882236,0.351717,-0.464435,1.218744,-0.012056,0.712167,0.004903,0.490909,198.08
385,cruise,3775.744545,75.651935,55.4458,95.602307,195.485013,646.216985,24.155343,1.061123,10.153579,11.015514,3017.648053,vibration_bearing_fault,1,2,300,1200,0.161049,-0.19832,-0.151363,1.352113,-0.080152,-0.064782,0.73207,-0.068611,0.484848,198.075
386,cruise,3612.16814,76.885001,56.301582,97.015571,195.873687,647.58825,23.643883,1.009849,9.967317,12.22243,2978.334908,vibration_bearing_fault,1,2,300,1200,3.303183,-0.362749,-0.018882,0.118669,0.350737,-0.303818,0.739929,0.031011,0.478788,198.07
387,cruise,3514.569309,76.433039,55.318984,96.702604,195.476867,648.737929,23.484001,1.009065,10.127217,11.625866,3077.261942,vibration_bearing_fault,1,2,300,1200,2.509474,0.264351,-0.210733,-0.099358,-1.842336,0.07031,0.743067,-0.104322,0.472727,198.065
388,cruise,3564.063647,76.65036,55.145123,95.443383,197.856215,646.450869,23.74811,1.078529,10.153132,12.583867,3081.577705,vibration_bearing_fault,1,2,300,1200,1.292443,-0.083613,-0.008634,-1.274373,0.577961,0.246611,0.746369,-0.028121,0.466667,198.06
389,cruise,3833.015482,77.130651,54.4064,96.663205,197.336088,644.623589,23.935451,1.076384,10.006771,10.100019,3084.602583,vibration_bearing_fault,1,2,300,1200,-4.291776,-0.299465,0.545399,-0.756281,1.683053,-0.020895,0.759643,0.052666,0.460606,198.055
390,cruise,3533.831633,78.766043,55.531679,96.186784,196.888588,651.172231,23.695605,1.022336,10.131973,12.305074,2949.414402,vibration_bearing_fault,1,2,300,1200,0.650087,0.186078,-0.167469,1.445876,0.022526,0.064345,0.772398,0.020414,0.454545,198.05
391,cruise,3862.827237,76.475712,55.139972,96.609416,197.560282,645.600606,23.364588,1.049339,9.945828,12.427225,2901.347058,vibration_bearing_fault,1,2,300,1200,0.521423,-0.395542,0.251293,0.100024,0.779825,-0.073013,0.774333,-0.019881,0.448485,198.045
392,cruise,3251.477202,77.276438,54.780378,97.352487,197.705173,649.773227,23.726044,1.079403,9.900953,11.631237,2954.899971,vibration_bearing_fault,1,2,300,1200,-3.525999,-0.25804,-0.292543,-0.3147,1.208001,-0.133004,0.796599,-0.140462,0.442424,198.04
393,cruise,3704.272602,77.569416,55.353351,96.362913,196.75358,647.348474,23.874643,1.064659,10.301042,11.130989,3028.496079,vibration_bearing_fault,1,2,300,1200,-0.34069,0.460919,-0.547918,0.888728,-2.897948,0.079174,0.793604,-0.116459,0.436364,198.035
394,cruise,3663.175411,76.284644,54.903345,95.730596,199.021506,649.325713,23.680761,1.061601,10.297495,9.956227,2966.48224,vibration_bearing_fault,1,2,300,1200,-1.652657,-0.19774,-0.597289,-0.043956,-0.573785,-0.020031,0.811988,0.044963,0.430303,198.03
395,cruise,3564.302572,77.248459,55.011363,96.11753,194.770533,647.589784,23.275449,1.202496,10.328922,12.30907,2851.354223,vibration_bearing_fault,1,2,300,1200,1.023839,0.36443,-0.596244,-0.742404,-0.747398,0.020745,0.82019,-0.010203,0.424242,198.025
396,cruise,3441.47975,79.138693,56.022634,97.033433,193.462451,645.859165,24.026767,1.148074,10.011699,12.103075,3013.395267,vibration_bearing_fault,1,2,300,1200,4.332128,-0.278815,-0.764466,0.699606,0.683274,0.059225,0.832944,-0.005598,0.418182,198.02
397,cruise,3693.001423,78.242673,55.287411,96.186227,197.144665,647.32196,23.61764,1.130296,10.199795,11.50107,2941.437653,vibration_bearing_fault,1,2,300,1200,2.521112,-0.327129,1.467101,0.435546,0.07217,0.094627,0.820665,0.006846,0.412121,198.015
398,cruise,3780.857182,77.610918,55.041091,96.673168,196.800711,650.129789,24.040251,1.081786,10.20297,14.334439,2981.130731,vibration_bearing_fault,1,2,300,1200,0.431081,-0.485954,-0.111719,-0.439112,-1.658832,-0.017856,0.839201,0.04366,0.406061,198.01
399,cruise,3932.010961,77.923972,55.122987,96.47179,197.807764,646.450353,23.716432,1.210689,10.236441,11.441474,3056.943242,vibration_bearing_fault,1,2,300,1200,1.728743,0.71311,-0.653773,0.810047,0.206402,0.199456,0.855464,0.009765,0.4,198.005
400,cruise,3719.274322,75.789828,54.701972,96.914114,195.8456,652.532757,24.062348,1.203574,9.985907,10.505825,2872.608454,vibration_bearing_fault,1,2,300,1200,0.643607,-0.23666,-0.054025,-0.631394,-0.925243,-0.211011,0.846796,-0.021185,0.4,198.0
401,cruise,3763.368332,77.555508,55.394021,96.137866,193.775187,644.619202,24.0362,1.215388,10.124588,11.226293,2962.978858,vibration_bearing_fault,1,2,300,1200,-2.274522,0.281242,0.34055,-0.143912,0.297061,-0.484372,0.856823,0.166477,0.4,197.995
402,cruise,4107.95976,78.368455,54.978768,96.634552,199.807226,645.607862,23.973621,1.067386,10.221746,12.057001,3027.306296,vibration_bearing_fault,1,2,300,1200,-1.974019,0.098019,0.704791,0.601739,-0.256471,-0.06487,0.854408,-0.023913,0.4,197.99
403,cruise,3736.564515,77.434573,55.112689,96.441299,196.845321,646.916053,23.915936,1.089717,9.957646,10.345697,3102.652582,vibration_bearing_fault,1,2,300,1200,-0.753493,0.886791,-0.40989,-0.787186,1.324625,-0.102602,0.843413,-0.018722,0.4,197.985
404,cruise,3658.468877,78.816372,54.447198,97.018638,197.811523,647.588092,23.747331,1.130471,9.904813,11.723282,2906.275064,vibration_bearing_fault,1,2,300,1200,0.746452,-0.403545,-0.215396,-0.524324,0.52356,-0.072901,0.850012,-0.026784,0.4,197.98
405,cruise,3735.48245,76.144917,55.515017,96.395828,196.415946,647.873307,23.757777,1.175889,9.894671,11.751007,3044.662396,vibration_bearing_fault,1,2,300,1200,3.052302,0.167623,0.507495,-0.527724,0.866277,0.051457,0.847661,-0.170009,0.4,197.975
406,cruise,3690.564548,78.634751,55.311736,95.486223,195.7918,649.58476,23.785903,1.111931,10.221393,8.962311,3047.878395,vibration_bearing_fault,1,2,300,1200,-0.57058,0.057031,-0.089071,-1.486801,-0.159734,-0.200709,0.852049,-0.030079,0.4,197.97
407,cruise,3499.235777,77.725836,54.629693,97.035229,194.608463,647.400552,23.675013,1.101132,10.051985,13.040561,2992.664644,vibration_bearing_fault,1,2,300,1200,-3.23435,0.197851,-0.118481,-1.046756,-1.009786,-0.04358,0.846533,0.023401,0.4,197.965
408,cruise,3706.382425,79.448927,55.332556,96.812264,196.093464,649.147332,23.76138,1.152964,10.327947,12.132529,3219.951891,vibration_bearing_fault,1,2,300,1200,-3.626979,-0.014445,0.661496,-0.951045,0.199764,-0.073744,0.853295,-0.068114,0.4,197.96
409,cruise,3670.941713,78.156527,55.767568,95.955916,196.972809,648.501513,23.791266,1.131559,10.181522,12.249322,3050.284848,vibration_bearing_fault,1,2,300,1200,-2.802593,0.350548,0.080462,-2.085272,-1.26533,-0.046382,0.850288,-0.07084,0.4,197.955
410,cruise,4006.726269,78.75253,54.753492,96.909855,195.852453,650.480182,23.889672,1.179919,10.05544,11.92087,2911.573325,vibration_bearing_fault,1,2,300,1200,1.490411,-0.288056,-0.937423,0.088055,-1.464346,0.079018,0.850094,0.012577,0.4,197.95
411,cruise,3344.970286,78.017423,54.938761,96.608597,197.177803,649.94488,23.804452,1.092224,10.1797,10.711862,3123.050655,vibration_bearing_fault,1,2,300,1200,-5.200098,-0.244591,0.752928,1.048149,-0.560194,0.059447,0.858156,-0.044987,0.4,197.945
412,cruise,3824.724495,77.044377,54.658344,96.203744,195.051845,647.711846,23.804403,1.127084,10.251039,11.594672,3010.06683,vibration_bearing_fault,1,2,300,1200,-1.215516,-0.618882,-0.288153,0.453335,-0.460035,0.313475,0.846699,0.023994,0.4,197.94
413,cruise,3898.116166,77.767337,55.244727,96.413113,195.458788,653.328783,24.07852,1.29025,10.179445,10.219265,2939.280319,vibration_bearing_fault,1,2,300,1200,-4.046058,-0.263818,-0.819292,-0.061044,-2.16935,0.305619,0.845696,0.021878,0.4,197.935
414,cruise,3928.562941,77.407992,56.126854,96.464861,196.758903,654.386444,23.644899,1.231303,10.38007,13.752327,3098.023905,vibration_bearing_fault,1,2,300,1200,-3.36163,-0.063836,-0.850456,-1.314891,-1.323975,0.044107,0.859719,0.024266,0.4,197.93
415,cruise,3540.699533,77.726691,54.765866,96.443812,198.286173,648.625424,23.704367,1.117813,10.137885,11.033039,3105.603061,vibration_bearing_fault,1,2,300,1200,6.943023,0.17311,-0.297536,-0.827892,-0.21597,-0.139191,0.858397,0.161554,0.4,197.925
416,cruise,3699.755804,78.214611,55.425828,96.227572,195.338068,646.010359,23.966223,1.185896,9.965089,11.608734,2938.631729,vibration_bearing_fault,1,2,300,1200,5.366642,0.139697,0.876463,0.000399,0.755572,-0.01876,0.851028,-0.016463,0.4,197.92
417,cruise,3982.111724,78.609741,55.43632,97.52245,198.677412,652.394557,23.653152,1.141445,10.282152,11.60067,3201.696165,vibration_bearing_fault,1,2,300,1200,-1.735701,0.022817,-0.064744,0.059827,-0.201416,-0.121119,0.852774,-0.031297,0.4,197.915
418,cruise,3685.885601,78.045405,54.776056,96.871993,196.977773,651.258882,23.915517,1.183132,10.061528,11.700728,3091.877421,vibration_bearing_fault,1,2,300,1200,-3.005496,-1.059945,-0.400844,-0.564248,-0.312254,-0.0936,0.84945,-0.030367,0.4,197.91
419,cruise,3963.695236,77.213179,55.11089,96.338701,195.80563,647.175703,23.764727,1.162449,10.112556,12.227556,3130.032758,vibration_bearing_fault,1,2,300,1200,-1.099919,0.304327,0.318924,0.687897,1.822946,-0.213018,0.845215,-0.111072,0.4,197.905
420,cruise,3712.475552,78.800575,55.491834,96.255632,196.947807,646.39766,23.843101,1.169868,9.844775,10.999662,2921.836003,vibration_bearing_fault,1,2,300,1200,-1.892221,-0.099839,0.276196,-0.115323,2.037353,0.195444,0.857322,-0.036013,0.4,197.9
421,cruise,3873.218044,78.635608,55.384683,97.034135,194.762196,650.630706,23.737935,1.208166,9.947575,12.206537,3029.327632,vibration_bearing_fault,1,2,300,1200,-1.124844,-0.049206,-1.102389,0.355473,-1.789098,-0.092848,0.843615,-0.164687,0.4,197.895
422,cruise,3661.075924,77.037576,55.885567,97.333686,198.220123,651.033731,23.892855,1.178725,10.004582,11.487827,3182.028587,vibration_bearing_fault,1,2,300,1200,-1.794587,-0.075814,-0.090043,-0.692256,-0.262899,-0.018747,0.85255,0.039089,0.4,197.89
423,cruise,3406.958281,76.651011,55.571659,95.982939,194.906528,646.26477,23.946834,1.15356,10.06723,12.76306,2955.053508,vibration_bearing_fault,1,2,300,1200,-0.563838,0.708331,-0.341959,1.367213,2.31268,0.271178,0.85025,-0.057202,0.4,197.885
424,cruise,3694.675214,78.669266,55.216782,96.626936,196.574103,648.783843,23.739644,1.070629,10.314989,12.25817,3052.97263,vibration_bearing_fault,1,2,300,1200,1.75285,-0.254884,-0.84429,-0.374902,-0.574945,0.239384,0.846768,0.001175,0.4,197.88
425,cruise,3696.069403,77.121011,55.543298,95.938619,197.24676,649.306174,23.94312,1.215347,10.009247,10.872618,2952.629377,vibration_bearing_fault,1,2,300,1200,4.780953,-0.171108,-1.259581,-0.553855,-0.353633,0.128536,0.85437,0.00208,0.4,197.875
426,cruise,3499.4717,77.671716,55.40837,97.00157,198.256412,649.325479,23.882303,1.15793,10.224677,13.55362,3013.323128,vibration_bearing_fault,1,2,300,1200,3.49155,-0.131639,0.399522,0.685371,-0.21498,0.239663,0.858643,-0.074184,0.4,197.87
427,cruise,3634.050933,75.90625,55.327526,96.968905,193.714055,645.7592,23.588126,1.215624,10.154469,11.41836,2995.909227,vibration_bearing_fault,1,2,300,1200,1.974568,-0.217827,-0.696201,0.304516,-1.408717,-0.304772,0.856804,0.125431,0.4,197.865
428,cruise,3733.378502,77.645841,55.300762,96.326943,198.196804,644.082017,24.001677,1.127906,10.012695,12.097356,3079.978355,vibration_bearing_fault,1,2,300,1200,-0.333474,0.146818,0.105217,0.871615,0.636748,0.021809,0.856407,-0.036794,0.4,197.86
429,cruise,3860.693905,78.484248,55.289342,96.295998,197.424954,652.253199,24.046935,1.158544,10.279024,12.060912,3081.478597,vibration_bearing_fault,1,2,300,1200,1.424778,-0.617906,0.090879,0.403907,-4.526135,0.141372,0.850717,0.075509,0.4,197.855
430,cruise,3750.633295,76.582689,54.485537,96.521356,195.870666,651.623173,23.915485,1.158246,10.094091,12.274134,3047.72554,vibration_bearing_fault,1,2,300,1200,-1.287686,0.706536,0.399346,1.050449,-1.148964,0.053695,0.845152,0.032234,0.4,197.85
431,cruise,3516.733245,77.5471,55.180693,96.344987,196.946066,647.472191,24.038358,1.180706,9.944369,13.828323,3016.140951,vibration_bearing_fault,1,2,300,1200,4.36889,0.204479,0.01094,0.850493,0.226676,0.080973,0.853019,-0.009388,0.4,197.845
432,cruise,3417.551857,76.901394,55.02763,97.09744,198.22011,654.682708,23.895318,1.178335,10.073442,11.709452,3263.355241,vibration_bearing_fault,1,2,300,1200,-0.304093,0.066601,-0.163303,1.112869,-2.247884,-0.25298,0.845696,-0.098136,0.4,197.84
433,cruise,3494.849285,75.818549,54.697315,96.813727,198.077646,649.472695,23.675866,1.171272,9.995592,9.522065,2977.154443,vibration_bearing_fault,1,2,300,1200,7.847538,0.204343,-0.524638,1.145915,-2.223285,0.074673,0.850221,-0.033522,0.4,197.835
434,cruise,3649.198571,77.57483,55.976332,96.986847,196.444439,647.703808,23.672951,1.203058,9.979245,13.038199,3053.882357,vibration_bearing_fault,1,2,300,1200,-3.157999,-0.634907,0.622475,1.913808,-0.475442,0.207835,0.856887,0.077775,0.4,197.83
435,cruise,3798.324915,77.523584,55.412293,97.149359,196.67073,648.443783,23.398846,1.223468,10.041657,12.289409,2953.93879,vibration_bearing_fault,1,2,300,1200,2.864751,-0.097574,0.249561,-0.280715,-0.404861,0.029406,0.856483,0.000168,0.4,197.825
436,cruise,3840.676723,76.361635,55.114526,97.009954,193.672558,647.160266,23.914561,1.185127,9.980775,9.745732,2910.539963,vibration_bearing_fault,1,2,300,1200,-2.137539,-0.198324,0.713888,0.454047,3.403935,-0.441908,0.846603,-0.068978,0.4,197.82
437,cruise,4004.361952,78.318754,55.304017,96.164486,197.771702,650.827611,23.934157,1.190163,10.124968,10.416255,3008.805234,vibration_bearing_fault,1,2,300,1200,-1.160781,0.334571,-0.110831,-0.406323,-1.2708,0.160003,0.843836,0.068195,0.4,197.815
438,cruise,3999.237682,77.873864,54.632792,95.865299,197.12251,650.648161,24.059515,1.153394,10.260781,10.646866,2932.381448,vibration_bearing_fault,1,2,300,1200,-0.853147,0.377374,-0.567797,-0.629502,1.520116,-0.278104,0.850285,0.011344,0.4,197.81
439,cruise,3967.06211,77.114729,54.946098,96.656595,195.358636,647.102897,23.66754,1.227967,10.187067,11.541741,2922.053162,vibration_bearing_fault,1,2,300,1200,3.074372,0.09873,-0.456691,0.650796,0.986004,0.158419,0.849291,-0.102168,0.4,197.805
440,cruise,3832.538596,76.655345,55.617461,96.663602,198.385151,647.422574,23.62532,1.184575,10.118943,11.936221,3083.09079,vibration_bearing_fault,1,2,300,1200,2.859518,-0.359275,0.374493,-0.81239,0.126459,0.172204,0.857427,0.112834,0.4,197.8
441,cruise,3603.438303,77.169921,55.232267,97.093651,195.906911,645.208032,23.809781,1.101203,10.214467,13.41,2949.151207,vibration_bearing_fault,1,2,300,1200,-1.611317,0.016269,0.045462,-0.30433,-1.752707,0.082158,0.850866,-0.101516,0.4,197.795
442,cruise,3648.81497,77.445352,55.809303,96.844712,197.647075,646.461004,23.757689,1.219918,10.065259,11.404763,3168.428026,vibration_bearing_fault,1,2,300,1200,1.428324,-0.240749,-0.407206,0.155451,2.396785,0.000362,0.851413,-0.100458,0.4,197.79
443,cruise,3853.702637,77.774219,55.060292,97.076921,196.11064,647.689241,23.742795,1.121867,10.136594,12.117837,3020.440612,vibration_bearing_fault,1,2,300,1200,3.450281,0.483878,0.245344,0.844805,-0.363932,-0.107286,0.850695,0.019176,0.4,197.785
444,cruise,3856.787921,77.576941,55.663527,96.119779,194.939978,650.326364,23.813595,1.063888,10.246791,11.847487,2942.343081,vibration_bearing_fault,1,2,300,1200,3.732756,-0.107907,-0.2563,-0.085963,-1.965484,-0.041032,0.850453,-0.057286,0.4,197.78
445,cruise,3681.255877,77.799485,55.186616,96.362559,195.531999,648.517013,23.596059,1.219808,9.954385,11.957912,3122.110308,vibration_bearing_fault,1,2,300,1200,-1.439031,-0.767668,0.022818,0.531559,2.532776,-0.228498,0.846011,-0.029458,0.4,197.775
446,cruise,3807.257479,74.21673,54.78376,96.281866,196.130927,648.246535,23.76616,1.170275,9.960358,11.097099,3107.260019,vibration_bearing_fault,1,2,300,1200,-0.421089,-0.538281,-0.036882,0.07603,-1.152911,0.299125,0.844436,-0.058296,0.4,197.77
447,cruise,3536.409281,76.547297,55.667664,95.876331,194.765477,648.582804,23.923076,1.145284,10.09285,12.023496,3092.712647,vibration_bearing_fault,1,2,300,1200,-1.229582,-0.118156,-0.766569,0.291365,-1.669167,0.283439,0.850211,-0.062156,0.4,197.765
448,cruise,3269.108754,78.363303,55.668125,96.675396,196.215547,649.805527,23.878024,1.188588,10.127887,12.005946,3000.001505,vibration_bearing_fault,1,2,300,1200,-2.094832,0.080147,-0.703528,0.603747,2.771131,0.167087,0.841622,0.077311,0.4,197.76
449,cruise,3914.575389,78.882918,54.730307,95.180523,197.027652,650.037386,23.580678,1.181482,10.100935,13.807583,2862.398375,vibration_bearing_fault,1,2,300,1200,-1.110055,0.462382,0.378027,0.25053,-2.447426,-0.131486,0.851049,0.006669,0.4,197.755
450,cruise,4068.343617,77.899899,55.523136,96.237745,197.412064,644.774924,23.96704,1.249363,10.240795,13.383254,3133.535916,vibration_bearing_fault,1,2,300,1200,-1.665766,0.267052,0.509293,-0.237413,1.467911,-0.240233,0.849314,0.004636,0.4,197.75
451,cruise,3631.126432,77.324531,54.666498,96.687093,196.207311,647.550965,23.903777,1.255707,10.259119,12.181997,3094.872788,vibration_bearing_fault,1,2,300,1200,0.84104,-0.1417,0.003432,-0.71938,0.914756,0.387772,0.845421,-0.046369,0.4,197.745
452,cruise,3840.29811,77.263388,55.477986,96.299124,197.891091,651.517813,23.916713,1.214037,9.998298,11.973473,3047.563876,vibration_bearing_fault,1,2,300,1200,4.192048,0.248092,-0.708517,0.661531,2.305128,0.089223,0.841965,-0.015487,0.4,197.74
453,cruise,3685.293856,78.908158,55.440234,95.828043,197.226015,648.931139,23.636522,1.098122,10.382248,10.477019,3092.794396,vibration_bearing_fault,1,2,300,1200,-0.344153,-0.86723,0.177231,0.062523,-1.30396,-0.152052,0.855045,-0.012516,0.4,197.735
454,cruise,3866.831629,76.982127,55.778881,96.079465,197.808323,646.31001,24.012183,1.110383,10.030949,11.359041,3167.397755,vibration_bearing_fault,1,2,300,1200,-1.774563,0.069224,0.304887,-0.375591,-0.8089,-0.222759,0.851505,-0.068015,0.4,197.73
455,cruise,3917.249789,77.068718,56.065019,96.866905,196.161922,650.705481,23.718744,1.060665,10.284963,12.040435,3002.649521,vibration_bearing_fault,1,2,300,1200,7.217701,0.536331,0.036518,0.419096,-1.716745,0.034349,0.848021,-0.105336,0.4,197.725
456,cruise,3890.947579,75.900484,55.399559,96.239541,197.354375,648.11213,23.57561,1.107169,10.231255,10.892979,2942.559561,vibration_bearing_fault,1,2,300,1200,-4.653534,-0.219119,0.144071,1.140957,1.337753,0.297558,0.852149,-0.1234,0.4,197.72
457,cruise,3845.53279,78.86593,55.811132,96.182038,197.302391,644.724345,23.988326,1.051719,9.933871,13.729502,2991.040185,vibration_bearing_fault,1,2,300,1200,-0.319386,0.565942,0.997798,0.006716,2.002521,0.089125,0.848919,0.160885,0.4,197.715
458,cruise,3557.508184,77.973235,54.673452,97.450719,198.168499,649.10769,23.576668,1.121962,10.256313,11.71327,3000.476167,vibration_bearing_fault,1,2,300,1200,1.379914,-0.030945,0.226649,-0.974535,2.665569,0.111025,0.848192,0.019826,0.4,197.71
459,cruise,3738.478295,78.448102,54.764736,96.949116,196.908646,648.062981,23.669074,1.135364,10.180299,10.03208,2854.957023,vibration_bearing_fault,1,2,300,1200,0.023515,-0.59576,0.588451,-0.942281,0.391118,0.074876,0.852299,-0.143996,0.4,197.705
460,cruise,3702.626428,79.175517,55.199632,97.275902,196.601649,649.204139,23.903521,1.148327,10.028936,11.703171,3101.396704,vibration_bearing_fault,1,2,300,1200,-0.663737,0.117128,-0.425356,1.124183,-0.266191,-0.068291,0.848934,-0.017775,0.4,197.7
461,cruise,3716.221553,77.91602,54.233231,97.222142,198.269129,646.675257,23.804201,1.095603,10.148135,12.453747,2902.798166,vibration_bearing_fault,1,2,300,1200,-3.415972,0.069506,-0.353066,0.708348,1.07586,-0.029973,0.845007,0.028297,0.4,197.695
462,cruise,3636.729272,77.423798,55.564769,97.85589,196.687295,648.52398,24.107597,1.092826,10.023487,11.251184,3124.382805,vibration_bearing_fault,1,2,300,1200,2.1565,-0.430205,0.832921,0.529982,-1.226737,-0.220306,0.860648,-0.001673,0.4,197.69
463,cruise,3904.269495,76.04653,54.863791,96.640433,196.083516,649.683876,23.894951,1.146134,10.020169,10.163676,2913.830634,vibration_bearing_fault,1,2,300,1200,-0.945027,0.06499,0.140155,-1.558507,-0.760704,-0.069017,0.854218,-0.069102,0.4,197.685
464,cruise,3553.219134,75.957277,54.638892,96.801721,197.432221,642.606859,23.893753,1.191524,9.895746,12.351739,3034.202894,vibration_bearing_fault,1,2,300,1200,3.476119,-0.417499,-0.286042,-1.28516,-1.346817,-0.296418,0.842678,0.185565,0.4,197.68
465,cruise,3495.991507,76.356105,55.844945,97.397799,196.917254,654.223806,23.700957,1.172839,9.982462,14.098588,3058.712378,vibration_bearing_fault,1,2,300,1200,0.708048,0.330988,-0.622134,0.157647,-0.330441,-0.142522,0.852257,-0.013132,0.4,197.675
466,cruise,4107.510647,76.912342,54.84629,96.629963,197.745289,647.565984,23.799557,1.220922,10.092407,10.719855,2909.190283,vibration_bearing_fault,1,2,300,1200,-7.584351,-0.302093,-0.58532,1.115812,-3.495571,-0.08724,0.846225,0.030628,0.4,197.67
467,cruise,3635.464399,78.420319,55.309437,96.85183,197.534411,648.839099,23.813175,1.151907,10.489193,10.210365,2963.68906,vibration_bearing_fault,1,2,300,1200,-2.783281,-0.112056,0.648505,-1.09811,-1.032818,0.129699,0.849045,0.070434,0.4,197.665
468,cruise,3774.99616,75.326488,55.714253,97.480144,196.893725,648.498706,23.766421,1.21236,10.158246,12.85355,2967.185009,vibration_bearing_fault,1,2,300,1200,1.724089,-0.416846,-0.873082,-0.931269,0.785646,-0.095614,0.847039,0.061013,0.4,197.66
469,cruise,3423.407481,79.063748,54.75806,97.068592,197.131569,652.821416,23.711246,1.097008,10.184012,12.650906,2966.16911,vibration_bearing_fault,1,2,300,1200,1.645598,-0.215138,-0.031281,-0.674285,0.654756,0.093373,0.846559,0.091407,0.4,197.655
470,cruise,3726.165642,75.77478,54.917326,95.613009,195.760134,650.481579,23.75107,1.166722,10.126708,11.966528,2906.563118,vibration_bearing_fault,1,2,300,1200,-1.66337,-0.166629,0.396542,-1.016531,-0.143307,-0.149904,0.845305,0.039538,0.4,197.65
471,cruise,3821.435813,76.758592,54.840259,95.896901,196.101237,645.527647,23.813048,1.190376,9.886793,12.722552,3052.310838,vibration_bearing_fault,1,2,300,1200,-0.907617,-0.337688,-0.438713,1.235178,1.017556,0.179815,0.854238,-0.016801,0.4,197.645
472,cruise,3649.079085,78.331113,55.535738,97.132998,197.802701,649.048006,23.752904,1.112637,10.13527,14.681315,3218.06303,vibration_bearing_fault,1,2,300,1200,1.236871,-0.273585,-0.113553,0.886835,-0.750563,0.074596,0.839601,0.090841,0.4,197.64
473,cruise,3824.030881,78.274682,55.229654,96.726959,196.879979,651.450236,23.61545,1.175077,10.162178,13.202493,2925.277127,vibration_bearing_fault,1,2,300,1200,0.707318,0.244929,-0.226001,-0.43097,-2.825631,0.214214,0.858188,0.053358,0.4,197.635
474,cruise,3268.215953,77.41635,55.731695,96.203098,196.543925,642.959764,23.65556,1.15162,9.982074,11.819216,3009.909584,vibration_bearing_fault,1,2,300,1200,0.744047,0.041969,0.155291,-0.519002,4.290994,0.103901,0.84963,-0.048115,0.4,197.63
475,cruise,3382.483164,77.148758,55.953868,97.244784,197.280508,644.901407,23.550908,1.140305,10.312457,12.83962,3057.111183,vibration_bearing_fault,1,2,300,1200,-5.751677,0.082409,1.219233,-0.52968,1.295296,-0.029009,0.847996,-0.039882,0.4,197.625
476,cruise,3455.477917,77.125746,55.416243,95.704235,196.460867,645.930393,23.631255,1.165743,10.310239,12.157116,2955.934537,vibration_bearing_fault,1,2,300,1200,4.415119,0.264133,-0.229372,-0.108355,-0.556092,0.064759,0.843712,0.029357,0.4,197.62
477,cruise,3960.43512,78.459672,56.038626,96.98486,198.512267,644.413439,23.66758,1.103321,9.82421,12.348005,3000.474486,vibration_bearing_fault,1,2,300,1200,-1.323434,-0.066404,-0.632136,-0.332204,0.24434,0.339033,0.842905,-0.067671,0.4,197.615
478,cruise,3690.467604,76.977133,55.388744,95.993902,196.134046,650.171709,23.668173,1.162308,10.131422,13.616197,2864.997787,vibration_bearing_fault,1,2,300,1200,4.414997,0.182571,0.098584,-0.589676,-0.085515,-0.063461,0.848534,0.131319,0.4,197.61
479,cruise,4059.985081,80.298599,55.422419,96.341169,196.109024,647.569936,23.84602,1.140596,9.884824,11.572018,3289.77672,vibration_bearing_fault,1,2,300,1200,0.434588,0.022276,-0.57694,-1.190575,-0.700923,-0.110332,0.848396,-0.088878,0.4,197.605
480,cruise,3632.60249,77.785889,55.07168,97.333525,196.987992,648.857469,23.775513,1.104711,10.145129,10.976953,3102.279019,vibration_bearing_fault,1,2,300,1200,-1.670612,-0.091647,-0.198649,-0.546424,1.391999,0.004279,0.847369,0.046681,0.4,197.6
481,cruise,3521.88365,76.443196,54.517786,96.425783,197.273579,648.743403,23.600438,1.169268,10.073044,11.25201,2942.292715,vibration_bearing_fault,1,2,300,1200,-0.18344,0.225892,0.211988,-1.27259,3.017326,0.069832,0.8476,-0.105842,0.4,197.595
482,cruise,3584.496357,78.443184,55.624827,95.958596,197.614055,648.699583,23.793993,1.223099,10.231704,12.24182,2857.444572,vibration_bearing_fault,1,2,300,1200,0.749077,0.576016,0.249707,0.213234,1.175634,-0.308759,0.849601,-0.038252,0.4,197.59
483,cruise,3831.959185,77.624996,55.330453,96.351699,194.762438,643.301024,23.909547,1.177817,9.808762,11.370982,2960.496363,vibration_bearing_fault,1,2,300,1200,1.236434,0.217355,-0.484484,-1.451397,-3.15891,-0.177399,0.845934,0.013195,0.4,197.585
484,cruise,3996.761886,77.957238,55.575929,96.658511,197.336252,651.784295,24.078871,1.121209,10.216438,13.363197,3019.613631,vibration_bearing_fault,1,2,300,1200,1.741636,0.272532,0.118323,-0.706806,-2.087392,-0.048749,0.853229,0.003042,0.4,197.58
485,cruise,3649.64305,78.347762,55.163123,96.873464,196.711476,646.261803,23.540425,1.150875,10.043513,12.589253,3004.776348,vibration_bearing_fault,1,2,300,1200,5.352642,-0.155167,-0.654299,-0.22439,1.415148,-0.016866,0.853979,-0.093919,0.4,197.575
486,cruise,4154.843506,78.524369,54.505696,97.412865,196.81068,647.787886,23.72475,1.054207,9.97464,13.739678,2897.227966,vibration_bearing_fault,1,2,300,1200,-5.417264,0.493818,0.277712,0.395775,-0.875806,0.093012,0.855985,-0.028621,0.4,197.57
487,cruise,3802.710135,75.539254,54.61653,95.871529,197.367658,646.723824,23.855563,1.210447,10.056366,11.069259,3029.881944,vibration_bearing_fault,1,2,300,1200,0.429485,-0.10606,-0.869283,-0.017957,0.47896,-0.070495,0.837478,0.033856,0.4,197.565
488,cruise,3725.325067,77.358427,56.046217,96.216408,197.177356,647.10597,23.795737,1.161899,10.145126,13.136002,3120.288933,vibration_bearing_fault,1,2,300,1200,1.790883,0.512732,0.480934,-1.224961,-0.267443,-0.095622,0.853775,-0.02466,0.4,197.56
489,cruise,3635.57339,79.246447,53.986787,96.078703,197.363788,646.815319,23.989208,1.114011,9.951873,10.333272,3045.0402,vibration_bearing_fault,1,2,300,1200,-1.98794,-0.152591,-1.330309,-0.968491,0.53694,-0.016298,0.859788,0.046329,0.4,197.555
490,cruise,3796.697105,78.138544,55.730825,96.122043,196.720406,649.540592,23.879321,1.066066,10.203113,11.822376,3118.678169,vibration_bearing_fault,1,2,300,1200,0.203272,0.246119,0.058111,-0.374447,2.9743,0.067533,0.849704,0.006035,0.4,197.55
491,cruise,3782.923251,77.460821,54.940237,96.818706,198.546293,650.167438,23.855803,1.224624,10.289848,11.844416,3057.568687,vibration_bearing_fault,1,2,300,1200,-2.169029,-0.74799,-0.12613,0.498048,1.319177,0.135959,0.849065,0.109042,0.4,197.545
492,cruise,3589.771887,77.433363,55.157761,96.554816,195.428885,652.275696,23.852071,1.203399,10.119042,12.388549,2928.267777,vibration_bearing_fault,1,2,300,1200,2.259159,0.161236,-0.566775,-0.573114,1.737766,0.2084,0.849932,0.07034,0.4,197.54
493,cruise,3831.847656,76.55496,54.342772,96.191421,197.164597,646.229583,23.569879,1.243926,10.207203,12.535595,3086.66294,vibration_bearing_fault,1,2,300,1200,-1.581579,0.051403,-0.456883,-0.299636,2.501399,-0.114535,0.850774,-0.005421,0.4,197.535
494,cruise,3641.606129,77.347741,55.731403,97.171361,197.18569,653.559388,23.915925,1.236461,10.29646,11.53743,3131.829408,vibration_bearing_fault,1,2,300,1200,1.667854,-0.414962,-0.123247,0.867944,-0.365614,-0.087127,0.850676,0.037915,0.4,197.53
495,cruise,3576.799432,78.363452,54.150034,96.94928,195.209614,649.926231,23.427972,1.154594,10.351551,12.594288,3053.516049,vibration_bearing_fault,1,2,300,1200,2.195983,0.721688,-0.432631,0.855224,-0.049032,-0.012751,0.85103,-0.017388,0.4,197.525
496,cruise,3690.689552,77.422451,54.84337,96.153799,197.338536,648.046112,23.974148,1.09712,10.174962,11.055021,3031.544696,vibration_bearing_fault,1,2,300,1200,-4.239756,0.681281,0.279535,-0.778809,-0.974486,0.053821,0.851144,-0.020346,0.4,197.52
497,cruise,3845.909901,78.558164,55.169382,96.053138,196.433326,647.176743,23.952974,1.185215,10.085274,10.612185,2942.285296,vibration_bearing_fault,1,2,300,1200,-6.234452,-0.317801,0.426833,0.435624,-0.939144,-0.173795,0.850067,-0.05117,0.4,197.515
498,cruise,3638.200207,77.518185,54.633416,96.000358,196.792437,650.152019,23.710291,1.149279,10.333482,12.79285,2983.244367,vibration_bearing_fault,1,2,300,1200,-2.759645,0.07386,-0.16329,-1.999064,-0.958248,-0.059707,0.838124,0.043884,0.4,197.51
499,cruise,3670.222787,79.34716,54.918613,96.231463,198.026864,648.969426,23.939583,1.238288,10.081382,11.131679,2901.145125,vibration_bearing_fault,1,2,300,1200,2.492615,-0.432219,-1.081383,-1.431811,0.40614,-0.117909,0.852297,0.02962,0.4,197.505
500,cruise,3974.716402,77.691179,54.89059,95.965258,196.885828,649.077978,24.149775,1.095793,10.17338,13.658604,3021.253717,vibration_bearing_fault,1,2,300,1200,-2.324131,0.100106,1.200238,-0.760689,-0.089309,0.085221,0.855079,-0.036138,0.4,197.5
501,cruise,3903.186127,77.978808,55.540384,97.125797,195.960566,650.894961,23.574831,1.184694,9.957297,11.561251,3123.614056,vibration_bearing_fault,1,2,300,1200,1.503071,0.379061,-0.401432,-0.43094,-1.132884,0.083661,0.847673,-0.168969,0.4,197.495
502,cruise,3980.256229,77.731743,55.681245,97.431333,195.913887,646.929393,23.758543,1.284939,10.325517,10.999129,2915.176627,vibration_bearing_fault,1,2,300,1200,-2.336066,-0.458229,-0.385792,0.46136,-1.005375,-0.044167,0.845611,-0.11603,0.4,197.49
503,cruise,3598.283899,77.110676,54.378376,96.329804,196.990067,648.110813,23.779892,1.17134,10.191439,10.994887,3108.0671,vibration_bearing_fault,1,2,300,1200,-1.050008,0.168623,0.79295,-0.069344,-1.535153,-0.010787,0.852887,-0.081009,0.4,197.485
504,cruise,3931.401638,75.522011,55.967493,95.817932,199.063631,653.311341,23.630926,1.177324,9.878564,10.1111,3045.35685,vibration_bearing_fault,1,2,300,1200,-2.468169,0.366048,-0.634614,-0.031828,1.25128,-0.017692,0.851943,0.022452,0.4,197.48
505,cruise,3753.49962,77.025595,55.724048,95.846421,198.010151,644.887588,23.789069,1.177192,10.039077,11.464449,3167.319754,vibration_bearing_fault,1,2,300,1200,4.796338,0.542109,-0.084611,-0.098818,0.643696,-0.097273,0.846706,-0.065924,0.4,197.475
506,cruise,3427.095089,80.432401,54.301558,96.387922,195.474018,647.171822,23.620704,1.218424,10.137835,14.009769,3075.491556,vibration_bearing_fault,1,2,300,1200,2.18295,0.159796,0.537057,-1.664586,-1.401479,0.07565,0.852268,-0.065591,0.4,197.47
507,cruise,4115.527548,77.1244,55.002828,97.016991,197.158398,647.130593,24.034303,1.148527,10.047293,13.729317,2895.505981,vibration_bearing_fault,1,2,300,1200,3.513995,-0.180356,-0.487566,0.496024,1.630453,0.12789,0.851564,0.125788,0.4,197.465
508,cruise,3781.85308,76.538678,54.969912,96.871996,195.696802,647.790389,23.999564,1.133873,9.979062,13.049814,3033.952526,vibration_bearing_fault,1,2,300,1200,-2.259172,-0.126843,0.062278,2.089919,0.662868,0.140796,0.854166,-0.063672,0.4,197.46
509,cruise,3622.188372,78.94466,54.350681,97.705931,197.551526,648.012501,24.026965,1.174975,10.188675,9.732642,3041.615037,vibration_bearing_fault,1,2,300,1200,1.784732,-0.035622,0.228725,1.253174,1.971914,0.024655,0.850079,0.071717,0.4,197.455
510,cruise,3617.696903,78.138736,54.987775,96.795203,196.386081,647.208624,23.830865,1.133376,10.12625,10.587024,2976.222232,vibration_bearing_fault,1,2,300,1200,-2.683068,0.022945,-0.47373,-0.093704,-0.454318,0.265082,0.849703,0.093994,0.4,197.45
511,cruise,3323.808156,78.331953,55.375774,97.227956,198.656067,648.665181,23.849843,1.043655,10.427656,11.076826,2995.165988,vibration_bearing_fault,1,2,300,1200,-2.100073,0.006805,0.3798,-0.015473,2.108271,-0.015548,0.84458,-0.087641,0.4,197.445
512,cruise,3722.369843,77.89432,55.739785,96.852636,195.5039,645.743393,23.937227,1.265912,9.942343,12.119283,3058.969493,vibration_bearing_fault,1,2,300,1200,1.941366,0.167044,0.070424,0.941879,2.606952,-0.062526,0.847399,-0.119745,0.4,197.44
513,cruise,3839.529027,77.646607,55.228289,95.74383,198.582121,644.31133,23.974232,1.125464,9.919093,10.870108,3036.819276,vibration_bearing_fault,1,2,300,1200,-0.760752,0.048718,1.048829,-0.743051,-2.544095,0.005626,0.849344,-0.037758,0.4,197.435
514,cruise,3940.492124,74.200904,55.190143,97.387553,196.980782,651.66774,23.599074,1.193617,10.092566,11.295346,3140.553751,vibration_bearing_fault,1,2,300,1200,-0.117932,-0.881162,0.949949,1.262751,0.076151,0.017968,0.85113,0.052324,0.4,197.43
515,cruise,3713.272621,78.713363,55.099473,96.812437,196.644915,655.35194,23.694946,1.201445,9.80599,11.994139,3000.836362,vibration_bearing_fault,1,2,300,1200,2.521699,-0.951706,-0.369601,-0.586161,-2.548475,-0.118452,0.855568,-0.149042,0.4,197.425
516,cruise,3303.94539,79.167082,56.244468,96.854345,197.330285,648.188948,23.93391,1.110821,10.113473,10.932408,3033.9324,vibration_bearing_fault,1,2,300,1200,5.675895,-0.263005,0.059878,0.477025,0.52126,-0.176729,0.849429,0.007371,0.4,197.42
517,cruise,3585.99466,76.703307,54.559155,95.470501,197.745803,647.912218,23.909955,1.172463,10.023465,11.392812,2844.70695,vibration_bearing_fault,1,2,300,1200,1.283148,0.49107,-0.482298,-0.570379,-2.665251,0.128228,0.847781,-0.114804,0.4,197.415
518,cruise,3904.895698,78.257821,56.019802,95.989172,196.35399,651.324463,23.66726,1.12526,10.178471,11.026036,3059.932904,vibration_bearing_fault,1,2,300,1200,-4.712796,0.470388,0.121344,0.247367,0.744056,-0.063159,0.855243,-0.035684,0.4,197.41
519,cruise,3803.922124,78.066627,56.131371,96.804343,197.163603,650.891245,23.789282,1.061363,10.161411,11.793866,3123.994553,vibration_bearing_fault,1,2,300,1200,4.649011,-0.226939,-0.507479,0.87517,-1.287229,0.206758,0.847057,0.024825,0.4,197.405
520,cruise,3759.622143,76.983446,55.584558,96.195376,198.644621,642.784516,23.550503,1.097895,10.314261,13.155829,3098.992453,vibration_bearing_fault,1,2,300,1200,-3.321084,-0.66699,0.19018,0.256137,-2.660749,0.155458,0.853191,0.033397,0.4,197.4
521,cruise,3835.997097,80.961891,55.598911,96.424266,196.997176,644.035212,23.802727,1.169842,10.315696,11.867845,3159.496559,vibration_bearing_fault,1,2,300,1200,-2.658864,0.031042,0.150464,0.012139,-1.673357,-0.154035,0.844649,0.015347,0.4,197.395
522,cruise,3734.000431,78.650421,55.411363,96.955596,197.039349,648.279937,23.754296,1.212661,10.26973,11.75409,3074.896805,vibration_bearing_fault,1,2,300,1200,-1.545165,-0.988233,0.444194,0.187404,0.441132,-0.039426,0.847568,-0.075205,0.4,197.39
523,cruise,3866.753969,77.323045,54.591727,96.019144,196.811385,644.170886,23.682984,1.135222,9.724851,12.007495,3076.135005,vibration_bearing_fault,1,2,300,1200,-0.498256,-0.193271,-0.698425,0.008665,2.486408,-0.156291,0.846492,-0.003674,0.4,197.385
524,cruise,3231.60457,77.093662,55.704113,97.461222,197.280293,648.370998,23.753237,1.228508,10.169603,13.062663,3128.122352,vibration_bearing_fault,1,2,300,1200,2.135546,0.443591,-0.287404,-0.182161,-0.941231,0.094271,0.847963,-0.218965,0.4,197.38
525,cruise,3637.435852,76.748887,55.569495,95.965374,195.949062,644.375216,23.964476,1.155234,10.249904,11.91752,2983.255862,vibration_bearing_fault,1,2,300,1200,1.964503,-0.281226,0.012328,-1.313912,1.911835,0.098494,0.847772,-0.078982,0.4,197.375
526,cruise,3651.598104,76.350314,55.635186,97.020204,197.367912,645.536971,23.782894,1.097555,10.185853,9.870828,3147.578881,vibration_bearing_fault,1,2,300,1200,-0.052713,0.350078,0.242239,0.383844,-0.963165,-0.090968,0.84796,0.00298,0.4,197.37
527,cruise,3589.656077,78.295825,55.375115,95.939838,196.103292,653.385176,23.728402,1.165049,10.032774,12.590821,3167.414207,vibration_bearing_fault,1,2,300,1200,-0.415776,0.223818,-0.922503,-1.610169,0.139587,0.156464,0.849813,0.048159,0.4,197.365
528,cruise,3670.153772,76.661175,55.41872,97.456207,195.86186,648.528856,23.617774,1.142297,10.2366,10.865592,2867.364926,vibration_bearing_fault,1,2,300,1200,-1.432303,-0.108681,0.347591,-0.2288,-1.735735,0.10443,0.844504,0.070886,0.4,197.36
529,cruise,3844.780911,79.016825,54.588358,96.776018,196.361648,649.019329,23.814517,1.118211,10.201828,13.29529,2859.480721,vibration_bearing_fault,1,2,300,1200,2.966611,-0.306744,0.741398,0.101124,-0.755002,-0.022243,0.853911,0.022545,0.4,197.355
530,cruise,3613.229411,77.840292,55.493215,96.094978,195.917687,647.070796,23.950689,1.054174,10.248075,12.675307,2851.202861,vibration_bearing_fault,1,2,300,1200,-3.185887,0.259052,-0.651742,-0.429908,-1.425587,0.320411,0.851522,-0.042964,0.4,197.35
531,cruise,3867.534382,77.618042,55.529453,96.785489,198.892089,645.872956,24.038453,1.146123,10.279035,12.160054,3127.336846,vibration_bearing_fault,1,2,300,1200,-0.733033,-0.627718,0.377782,0.800765,1.302907,0.128826,0.849607,-0.169024,0.4,197.345
532,cruise,4011.896667,79.085527,55.653017,96.035049,194.447085,649.101681,23.950396,1.073892,10.061823,12.589587,3094.606791,vibration_bearing_fault,1,2,300,1200,-4.411497,-0.599094,-0.284627,0.987018,1.047159,-0.239877,0.851481,-0.183145,0.4,197.34
533,cruise,3477.210519,76.921195,54.993001,97.113569,198.6448,648.021451,24.164843,1.126218,9.894654,11.663038,3054.594506,vibration_bearing_fault,1,2,300,1200,-6.776124,0.110545,-0.188241,-0.92297,-4.325546,-0.011891,0.854661,-0.041174,0.4,197.335
534,cruise,3692.464366,78.459633,54.799281,97.29541,197.440103,647.207494,23.79617,1.08028,10.039603,9.80656,2823.871438,vibration_bearing_fault,1,2,300,1200,-1.532548,-0.139075,-0.498516,-1.102434,1.254944,0.094575,0.854497,-0.037878,0.4,197.33
535,cruise,3818.578208,76.300412,54.749885,96.469411,197.013744,649.381424,23.750142,1.16233,10.217883,10.526569,3026.886808,vibration_bearing_fault,1,2,300,1200,-2.61505,-0.330179,-0.611407,0.497791,-1.87174,-0.023259,0.850271,0.126379,0.4,197.325
536,cruise,3872.042368,78.688919,55.325159,97.076723,197.912714,645.626551,23.67033,1.147106,9.911148,11.971973,2939.690697,vibration_bearing_fault,1,2,300,1200,-1.379673,-0.567889,-0.096514,1.071138,-2.849726,0.048566,0.850099,0.100573,0.4,197.32
537,cruise,3944.606765,77.158558,54.448192,96.532294,197.724712,649.421611,23.907381,1.157372,10.265428,11.443533,3146.859769,vibration_bearing_fault,1,2,300,1200,3.670311,0.128981,-0.581763,1.070974,-0.998097,0.109356,0.855562,0.15364,0.4,197.315
538,cruise,3342.867108,77.43544,55.100356,97.2386,198.604159,646.140717,24.108909,1.094392,10.073193,12.731871,3148.627794,vibration_bearing_fault,1,2,300,1200,0.67216,-0.466487,-1.044714,0.754285,1.104414,0.00925,0.836281,-0.013643,0.4,197.31
539,cruise,3569.295722,76.903157,56.309841,96.091924,195.706689,649.342557,23.770088,1.185681,10.209552,12.319702,3000.909436,vibration_bearing_fault,1,2,300,1200,-2.63729,0.413096,0.499126,1.541016,-1.454746,-0.136345,0.848758,0.143801,0.4,197.305
540,cruise,3622.981672,79.169486,54.742634,97.100032,197.268698,650.020979,23.817722,1.105088,10.128364,11.946276,3116.19957,vibration_bearing_fault,1,2,300,1200,-4.297319,0.104527,0.255375,-0.375105,1.419725,0.176115,0.848763,-0.016413,0.4,197.3
541,cruise,3803.160822,78.64329,55.064213,96.714634,198.812128,650.024668,24.013489,1.194212,10.227316,13.672511,3005.811434,vibration_bearing_fault,1,2,300,1200,1.512513,-0.041279,0.918247,-0.44213,-1.040237,-0.035214,0.852832,0.034653,0.4,197.295
542,cruise,3705.612315,76.961312,55.152738,96.655669,196.670772,648.631417,24.008348,1.224014,9.895,10.863108,3005.14805,vibration_bearing_fault,1,2,300,1200,0.7491,0.849453,0.686165,-1.836394,-0.642791,-0.038185,0.853232,0.136072,0.4,197.29
543,cruise,3722.645631,76.809941,55.809958,96.444749,195.588441,645.22561,23.871516,1.165575,10.016955,12.453755,3023.074797,vibration_bearing_fault,1,2,300,1200,1.398491,0.44277,-0.163833,0.539338,2.563366,0.151765,0.852263,-0.002736,0.4,197.285
544,cruise,3297.70641,77.268113,54.884998,96.00028,196.264894,647.346069,23.562316,1.110183,9.716789,11.853301,3115.814285,vibration_bearing_fault,1,2,300,1200,-1.458337,-0.496967,-0.069481,0.078742,0.034002,-0.105501,0.847578,-0.183073,0.4,197.28
545,cruise,3777.50485,78.175481,55.562061,96.458056,196.361772,646.66233,23.711753,1.196207,9.808098,10.442331,3188.447096,vibration_bearing_fault,1,2,300,1200,-5.038111,0.250857,0.292738,-0.008404,0.230901,-0.019761,0.850153,-0.057542,0.4,197.275
546,cruise,3986.307784,78.567793,55.721678,96.58635,196.409514,649.52963,23.669881,1.231745,9.864781,12.541086,3123.028948,vibration_bearing_fault,1,2,300,1200,1.211786,0.394856,0.022003,1.670054,1.598408,0.003316,0.84959,0.148869,0.4,197.27
547,cruise,3620.894676,78.020816,54.582842,96.252725,195.141122,649.79139,23.667362,1.155674,9.88233,10.697307,3094.736921,vibration_bearing_fault,1,2,300,1200,-2.259902,0.690029,-0.357448,0.327791,-2.201251,-0.08882,0.850399,0.01819,0.4,197.265
548,cruise,4317.467236,78.404456,54.893387,96.342232,197.187977,644.478884,23.714756,1.206711,10.014386,12.202481,3067.738634,vibration_bearing_fault,1,2,300,1200,-2.276354,0.671952,-0.028739,0.087223,0.768559,-0.126622,0.851607,-0.040869,0.4,197.26
549,cruise,3705.385982,76.773173,54.674155,97.549941,198.118311,647.226494,23.887911,1.054663,10.142973,13.18325,2982.025229,vibration_bearing_fault,1,2,300,1200,0.131247,0.027967,0.138292,-0.02624,1.208979,0.151056,0.845364,0.028267,0.4,197.255
550,cruise,3691.292003,77.43386,55.294214,97.307322,197.654125,648.990087,23.724827,1.187569,10.252077,12.175421,3009.843087,vibration_bearing_fault,1,2,300,1200,-3.860173,-0.209101,0.160572,-1.07387,2.287785,-0.056902,0.85012,0.041309,0.4,197.25
551,cruise,3973.641285,77.576709,54.818129,97.238338,197.330003,645.30915,23.704362,1.172099,10.043447,11.764879,3118.906075,vibration_bearing_fault,1,2,300,1200,1.565605,-0.826741,-0.214899,0.460561,0.539964,0.06136,0.845553,0.047489,0.4,197.245
552,cruise,3648.0252,76.170197,54.906709,96.283355,196.549651,649.583704,23.580848,1.194745,10.300222,11.819679,3074.646546,vibration_bearing_fault,1,2,300,1200,5.047464,-0.201169,0.342397,-1.817022,2.248389,-0.0896,0.846366,0.028841,0.4,197.24
553,cruise,3312.891438,77.451788,55.353007,96.023634,197.499753,646.863256,23.844772,1.126945,10.245496,11.726061,3079.686098,vibration_bearing_fault,1,2,300,1200,5.00637,0.269911,-0.416821,0.266193,-1.461366,0.019326,0.850178,-0.067973,0.4,197.235
554,cruise,3638.078121,78.653787,54.847733,97.027571,195.89681,648.44274,23.546404,1.14123,10.198325,11.445022,3165.535496,vibration_bearing_fault,1,2,300,1200,5.271758,0.725085,-0.317589,-0.222973,-0.260059,-0.090033,0.843443,0.032677,0.4,197.23
555,cruise,3446.123418,77.546438,55.500926,96.587698,196.01304,651.006516,23.818082,1.169685,10.181819,11.946377,3077.908424,vibration_bearing_fault,1,2,300,1200,-0.820491,0.473428,-0.231048,-0.089667,1.929035,-0.163237,0.852817,-0.153121,0.4,197.225
556,cruise,3256.110894,78.168251,56.249387,95.796105,197.204619,651.561849,23.748358,1.187575,10.227263,12.680908,3048.817698,vibration_bearing_fault,1,2,300,1200,1.651226,1.111087,-0.175311,0.072826,0.84182,-0.004732,0.852197,0.086294,0.4,197.22
557,cruise,3551.184837,76.383772,54.946629,96.523269,197.759669,647.559757,23.838982,1.16506,10.205702,11.272516,3035.053289,vibration_bearing_fault,1,2,300,1200,-4.182525,0.623394,0.244774,-0.141368,2.295754,-0.009521,0.856272,-0.081688,0.4,197.215
558,cruise,3593.578503,78.776307,54.689034,95.335953,199.204583,646.045164,23.748663,1.141086,9.960306,11.558393,3135.774335,vibration_bearing_fault,1,2,300,1200,-1.330281,0.689925,-0.71465,-0.085853,1.885821,-0.160424,0.842459,0.13136,0.4,197.21
559,cruise,3736.144044,79.768826,55.410051,96.005035,195.858168,646.670591,23.959268,1.152992,10.129266,12.679672,3122.151958,vibration_bearing_fault,1,2,300,1200,-2.769521,0.30347,0.114434,-0.094636,1.810077,-0.185723,0.849126,0.054413,0.4,197.205
560,cruise,3947.799025,78.875836,54.200618,96.94467,195.009333,651.214924,23.776052,1.140186,10.341862,12.0578,2903.837323,vibration_bearing_fault,1,2,300,1200,-4.051242,0.172588,0.243106,-1.663064,1.441339,0.08242,0.847674,0.005446,0.4,197.2
561,cruise,3472.281711,78.587455,54.753948,97.029287,197.479146,648.187572,23.784891,1.141247,10.24392,10.617567,3159.433837,vibration_bearing_fault,1,2,300,1200,2.439397,-0.198352,0.345777,-0.739021,1.607698,-0.172455,0.848862,-0.099385,0.4,197.195
562,cruise,3659.473644,80.183052,55.024088,96.185672,197.238583,644.436328,23.966354,1.111807,9.874546,11.725506,3208.897008,vibration_bearing_fault,1,2,300,1200,-5.7836,-0.281414,-0.009539,-0.226835,-0.851437,-0.121746,0.852626,0.147074,0.4,197.19
563,cruise,3467.31089,77.593283,55.082625,96.414938,197.988545,653.021779,23.586916,1.120458,9.931169,13.142508,3037.395503,vibration_bearing_fault,1,2,300,1200,-0.299737,-0.290401,0.468606,0.683162,-0.487067,-0.015355,0.85613,0.011569,0.4,197.185
564,cruise,3621.992731,78.074453,54.457698,96.403173,196.637303,647.442457,23.630323,1.146746,9.975075,12.966163,3006.044714,vibration_bearing_fault,1,2,300,1200,4.018629,0.456359,-0.27006,0.465232,0.391612,0.129984,0.847037,-0.075175,0.4,197.18
565,cruise,3480.390876,76.583627,55.1447,96.180907,198.383951,651.346501,23.981518,1.118595,9.917237,10.70805,3098.423242,vibration_bearing_fault,1,2,300,1200,1.610575,0.493803,0.420046,-0.261163,-2.004648,-0.109033,0.851737,0.088377,0.4,197.175
566,cruise,3596.670037,77.330091,55.932532,95.486252,196.112369,646.249339,23.540998,1.095319,10.066708,13.225845,2894.714992,vibration_bearing_fault,1,2,300,1200,-0.231609,0.201837,0.230451,0.687272,-0.493295,-0.371986,0.858272,-0.074742,0.4,197.17
567,cruise,3729.243552,77.393854,54.578021,96.769226,196.271544,646.648367,23.727261,1.239205,9.947936,11.104905,2927.448603,vibration_bearing_fault,1,2,300,1200,-4.085858,0.460276,0.651047,0.129386,-0.697061,-0.204313,0.850991,0.037961,0.4,197.165
568,cruise,3922.623052,76.997586,55.017851,96.672014,197.252688,651.624906,23.643635,1.147832,10.185098,11.576423,3048.849977,vibration_bearing_fault,1,2,300,1200,-2.591249,0.197888,-0.095579,0.229617,-0.478609,0.099355,0.847222,0.063131,0.4,197.16
569,cruise,3579.699494,77.938575,55.187762,97.169846,197.843348,648.455792,23.468685,1.140741,9.759297,11.957751,2984.484535,vibration_bearing_fault,1,2,300,1200,-1.218676,-0.390033,0.452938,0.302351,0.446145,-0.129196,0.857952,0.000791,0.4,197.155
570,cruise,3574.445028,78.732317,55.28346,96.964138,197.60366,647.146722,23.727371,1.186425,10.176007,12.03933,3021.706319,vibration_bearing_fault,1,2,300,1200,2.561222,0.068737,-0.038257,0.234745,-0.675168,-0.03846,0.858561,-0.040148,0.4,197.15
571,cruise,3420.783362,77.376719,55.677028,97.474629,197.797446,646.727716,23.980668,1.244644,10.169689,11.609095,2971.487811,vibration_bearing_fault,1,2,300,1200,-5.317373,0.080357,-0.115369,-0.148393,0.579817,0.14129,0.853406,-0.045628,0.4,197.145
572,cruise,3896.052635,79.204442,55.284796,96.827867,197.007984,646.061762,23.755444,1.187421,9.999142,12.149941,3103.002752,vibration_bearing_fault,1,2,300,1200,-1.093822,-0.43212,-0.651919,-0.159162,1.135843,-0.176916,0.861653,-0.062698,0.4,197.14
573,cruise,3810.538158,79.740399,54.733057,96.708071,195.922333,649.16186,23.557612,1.180599,10.391531,12.753783,3130.562573,vibration_bearing_fault,1,2,300,1200,5.059587,0.235583,-0.045486,-1.439174,-0.326963,0.236111,0.850709,0.077169,0.4,197.135
574,cruise,3897.080757,77.163677,55.262907,95.753149,196.581907,654.366976,23.945237,1.177483,10.087732,10.167177,2991.259615,vibration_bearing_fault,1,2,300,1200,2.92067,-0.851772,0.245595,-1.071615,0.051675,-0.186566,0.849876,0.048867,0.4,197.13
575,cruise,3817.560799,77.682661,55.422293,97.132705,195.643143,654.139833,23.802535,1.028998,10.04296,12.759586,3133.005168,vibration_bearing_fault,1,2,300,1200,-3.899665,-0.242655,-0.162846,0.816125,1.797418,-0.183747,0.848804,-0.082931,0.4,197.125
576,cruise,3861.994437,76.82402,55.608396,96.345512,194.976486,653.574626,23.829659,1.132777,9.996171,11.388077,3025.031645,vibration_bearing_fault,1,2,300,1200,-2.918197,-0.453892,-0.256675,-0.177588,-2.669555,-0.025344,0.851154,-0.097438,0.4,197.12
577,cruise,3545.632893,77.37335,56.622182,96.779775,196.158362,649.106613,23.887583,1.181939,10.247984,11.873098,2968.438233,vibration_bearing_fault,1,2,300,1200,-1.448965,-0.415475,-0.050084,-0.762178,0.21019,0.174166,0.859115,0.14799,0.4,197.115
578,cruise,3651.037491,77.281109,55.432295,97.893513,196.780735,650.297071,23.982948,1.132706,10.232074,11.690564,3145.268693,vibration_bearing_fault,1,2,300,1200,1.251121,0.29612,0.05865,0.785001,-1.239782,-0.182765,0.85071,0.067783,0.4,197.11
579,cruise,3556.049364,77.688866,56.382418,96.893735,195.740172,645.122932,23.922128,1.20435,10.066409,10.236069,3052.609314,vibration_bearing_fault,1,2,300,1200,4.954691,-0.183383,-0.691292,0.890296,1.60952,0.010498,0.854181,-0.042648,0.4,197.105
580,cruise,3919.018261,80.137362,55.079563,96.072832,195.972724,646.93704,23.688899,1.163234,10.07417,12.417913,3017.387741,vibration_bearing_fault,1,2,300,1200,2.458307,-0.939749,0.242154,0.656626,0.216088,0.108542,0.845591,0.085303,0.4,197.1
581,cruise,3918.154034,77.567571,56.013969,96.627975,196.555438,649.465199,23.829575,1.161739,10.455815,10.536072,3010.387575,vibration_bearing_fault,1,2,300,1200,4.55456,0.486231,-0.480445,0.92435,-1.674003,0.230744,0.851357,-0.020044,0.4,197.095
582,cruise,3530.154534,76.008272,55.17236,96.045053,195.505023,645.435099,23.982604,1.152973,10.061136,11.709751,2896.70602,vibration_bearing_fault,1,2,300,1200,-2.78823,-0.037584,-0.208655,-0.422266,-0.763091,-0.153318,0.847009,-0.008576,0.4,197.09
583,cruise,3823.324789,78.666161,54.530905,96.875068,197.108766,652.996669,23.901795,1.162175,10.183189,11.488016,2954.183461,vibration_bearing_fault,1,2,300,1200,5.290949,-0.380259,0.457206,0.493082,1.129511,0.212655,0.856913,0.032393,0.4,197.085
584,cruise,3632.997542,78.94969,55.299999,96.318286,197.051726,650.356202,23.377283,1.148692,10.21223,11.663276,3056.972128,vibration_bearing_fault,1,2,300,1200,-0.353267,-0.285476,0.309088,0.129458,-0.576881,-0.047796,0.844374,0.076015,0.4,197.08
585,cruise,3723.594647,76.837837,55.185985,95.806542,196.757818,645.453105,23.779138,1.170026,10.149456,10.511305,3130.064832,vibration_bearing_fault,1,2,300,1200,-1.397368,-0.125565,-0.440125,-0.074509,2.41578,0.006144,0.850349,0.043329,0.4,197.075
586,cruise,3395.18004,77.014458,55.22232,97.240711,197.722394,649.509343,23.760883,1.127004,10.261009,11.478932,3066.566025,vibration_bearing_fault,1,2,300,1200,1.071435,0.168253,0.499718,-0.449998,-2.829855,0.123777,0.856823,0.14544,0.4,197.07
587,cruise,3479.38762,78.348,55.104801,96.397801,196.818648,648.149416,23.53684,1.212591,10.020128,11.208981,2942.696859,vibration_bearing_fault,1,2,300,1200,-1.707737,0.369737,-0.349766,0.405677,1.171312,0.003814,0.840491,-0.206719,0.4,197.065
588,cruise,3692.502785,77.286851,54.638222,96.088246,195.828126,650.739169,23.987145,1.174307,10.208471,12.028599,3038.419602,vibration_bearing_fault,1,2,300,1200,-4.288621,0.248688,-0.558319,0.541089,-0.947677,0.339295,0.853515,-0.097849,0.4,197.06
589,cruise,3755.670939,78.510052,54.9183,96.450637,196.939734,648.03038,23.73414,1.15917,9.937173,12.443278,3140.674889,vibration_bearing_fault,1,2,300,1200,-8.751881,-0.335575,0.242212,0.86977,-1.441213,0.287182,0.84562,0.05208,0.4,197.055
590,cruise,3808.207274,77.553214,55.540177,95.873879,196.006015,651.073965,23.719068,1.126779,10.094642,11.226683,2997.187455,vibration_bearing_fault,1,2,300,1200,4.188974,0.396956,-0.772374,0.95932,1.670634,0.041246,0.847398,-0.054062,0.4,197.05
591,cruise,3760.4668,79.327627,55.317417,97.181095,196.377349,646.155669,23.474612,1.110717,10.402065,11.221418,3096.019827,vibration_bearing_fault,1,2,300,1200,1.406557,-0.055379,-1.020087,1.025942,1.321235,0.058304,0.853591,0.019708,0.4,197.045
592,cruise,4091.29524,78.438157,54.764694,96.59271,198.449391,652.497669,23.911799,1.191051,9.959097,10.861466,2910.548913,vibration_bearing_fault,1,2,300,1200,-0.557205,0.308856,-0.651854,-0.825123,1.233378,0.04807,0.853291,-0.084746,0.4,197.04
593,cruise,3643.696512,77.595522,55.058333,96.467761,198.094416,646.718179,23.822091,1.099715,9.944989,11.517142,2971.331066,vibration_bearing_fault,1,2,300,1200,-2.452052,-0.449085,-0.371832,-0.936191,0.229731,0.022104,0.848834,0.084125,0.4,197.035
594,cruise,3620.960025,77.341798,55.626149,97.293712,197.629292,649.058391,23.522053,1.149207,10.093372,12.843468,2981.255171,vibration_bearing_fault,1,2,300,1200,-2.10174,0.430474,0.35411,-1.390742,3.213614,0.155615,0.854688,0.067811,0.4,197.03
595,cruise,3941.081795,79.196732,55.902629,96.453511,198.597218,650.09839,23.965879,1.134191,10.040636,10.45991,3196.804663,vibration_bearing_fault,1,2,300,1200,3.567259,0.16706,0.138572,0.850762,-0.502858,0.186242,0.841886,-0.029011,0.4,197.025
596,cruise,3984.852441,77.87944,53.803641,97.466646,195.967682,649.983012,23.863385,1.184792,10.11023,12.13393,2923.147932,vibration_bearing_fault,1,2,300,1200,5.254599,-0.402602,-0.445248,-0.034371,0.557703,0.066087,0.847349,-0.119311,0.4,197.02
597,cruise,3693.795307,77.576983,54.835171,96.626674,196.637292,645.377338,23.671551,1.106131,10.082963,10.874345,2945.838503,vibration_bearing_fault,1,2,300,1200,-0.301212,-0.643116,-0.111141,-0.43708,-1.32228,-0.045183,0.849696,0.086159,0.4,197.015
598,cruise,3436.633406,77.833495,55.437167,97.162215,196.367594,648.931247,23.911804,1.156327,10.155311,12.421096,2952.36675,vibration_bearing_fault,1,2,300,1200,-1.170385,-0.742788,0.803908,-1.001101,1.930346,-0.159159,0.849789,0.090761,0.4,197.01
599,cruise,3760.612723,77.172477,55.101339,95.517691,195.003518,651.208059,23.697168,1.184447,10.15858,12.160645,2926.380105,vibration_bearing_fault,1,2,300,1200,5.310524,-0.447617,0.098973,1.075954,-0.665662,0.089969,0.857332,0.054984,0.4,197.005
600,cruise,3558.642201,79.405011,55.593831,96.69896,199.263343,651.600805,23.808002,1.070871,10.144558,11.471203,2948.046417,vibration_bearing_fault,1,2,300,1200,1.296135,-0.200791,0.17831,-0.597707,0.818721,-0.142403,0.849458,-0.164946,0.4,197.0
601,cruise,3280.975754,78.564712,55.76862,96.380288,196.221412,647.251606,23.966512,1.070881,10.160448,12.035434,2923.114847,vibration_bearing_fault,1,2,300,1200,0.577575,-0.186418,0.58783,0.772304,1.359688,0.016372,0.858513,-0.027548,0.4,196.995
602,cruise,3583.976198,77.153164,55.262842,96.891512,194.888261,649.981593,23.801547,1.161126,10.035634,12.377702,2941.44256,vibration_bearing_fault,1,2,300,1200,0.275713,0.307299,-0.203506,0.162913,-0.645637,-0.119954,0.861927,-0.024599,0.4,196.99
603,cruise,3946.580852,77.721116,56.139423,96.96327,196.319326,647.281513,23.700456,1.158432,10.24377,10.890435,3049.588666,vibration_bearing_fault,1,2,300,1200,-8.277719,0.154713,0.011754,-0.351827,1.105146,-0.215371,0.852926,0.009268,0.4,196.985
604,cruise,3927.090645,77.180537,55.73931,97.097424,195.915774,645.897855,23.810585,1.17493,9.92497,10.781084,2968.296037,vibration_bearing_fault,1,2,300,1200,1.774952,-0.18942,0.67818,0.509751,-0.459421,-0.177977,0.850915,-0.06424,0.4,196.98
605,cruise,3688.643596,77.462109,55.935681,97.247366,197.543643,649.843823,23.735786,1.08818,9.930691,13.012832,3010.955157,vibration_bearing_fault,1,2,300,1200,0.541349,-0.164025,0.474966,-1.385703,-0.173933,0.235869,0.84899,-0.083093,0.4,196.975
606,cruise,3754.3811,76.786425,55.412557,96.504414,197.774603,651.946971,23.884198,1.144305,9.96181,11.625407,2905.838678,vibration_bearing_fault,1,2,300,1200,-4.971646,0.228625,-0.471425,-0.933907,0.052621,-0.311471,0.847456,-0.030827,0.4,196.97
607,cruise,3787.171288,78.858786,55.581982,97.065621,197.091144,648.727998,23.790455,1.162,10.080982,11.515714,3114.632023,vibration_bearing_fault,1,2,300,1200,0.271451,-0.780684,-0.523485,-0.427079,-0.806513,-0.05526,0.848384,0.005203,0.4,196.965
608,cruise,3842.662757,77.904966,54.782165,96.908761,197.004849,644.157678,23.85784,1.119497,10.117821,13.995006,2972.381743,vibration_bearing_fault,1,2,300,1200,-0.950372,0.089173,-0.170801,0.819166,0.042828,0.098898,0.857203,-0.082386,0.4,196.96
609,cruise,3876.479713,76.339312,54.969207,97.715762,196.938852,652.954072,23.725103,1.147359,10.104335,12.184737,3102.528298,vibration_bearing_fault,1,2,300,1200,-3.140942,0.275356,-0.664875,0.985158,0.354652,0.112192,0.863848,0.043793,0.4,196.955
610,cruise,3798.540372,76.212458,55.336359,95.747209,197.574396,649.978519,24.029606,1.157209,10.047369,10.473756,3043.290437,vibration_bearing_fault,1,2,300,1200,2.063334,0.000796,0.941724,1.108641,1.998408,-0.050174,0.852915,0.016457,0.4,196.95
611,cruise,4134.853034,78.368267,54.790519,95.922679,195.75899,647.529662,23.65167,1.217,10.188132,12.265117,2919.960013,vibration_bearing_fault,1,2,300,1200,-1.828379,-0.211242,-1.360595,-0.980489,1.029177,0.170864,0.845912,0.096556,0.4,196.945
612,cruise,3611.029883,77.971455,54.972403,95.807915,197.008997,645.93612,24.158064,1.164855,10.158756,11.004305,3077.725561,vibration_bearing_fault,1,2,300,1200,-0.461139,0.03771,0.026737,-0.477553,-0.211666,-0.178464,0.847115,0.027305,0.4,196.94
613,cruise,3621.087353,78.140641,54.716494,96.906642,196.273035,653.689753,23.606237,1.186385,10.076368,11.744008,3115.280878,vibration_bearing_fault,1,2,300,1200,-0.61103,-0.506932,-0.068089,0.686028,1.967409,0.14213,0.850444,-0.118934,0.4,196.935
614,cruise,3605.092628,77.857482,55.791533,96.299018,197.797395,643.114361,23.328574,1.182861,10.074246,11.22766,2929.118238,vibration_bearing_fault,1,2,300,1200,-5.247279,-0.534068,-0.255167,-0.857498,0.648279,0.113195,0.850901,-0.019032,0.4,196.93
615,cruise,3930.651481,76.589973,55.280834,97.488502,194.305096,651.158937,24.274224,1.113263,10.303748,11.729147,3169.060385,vibration_bearing_fault,1,2,300,1200,-1.520351,-0.313558,-0.39012,-1.144432,1.583781,-0.236348,0.846351,0.055692,0.4,196.925
616,cruise,3835.535236,78.466862,54.603515,97.140963,194.396585,644.601379,23.7526,1.147497,10.178875,11.393261,3232.175569,vibration_bearing_fault,1,2,300,1200,2.475104,-0.423401,0.093736,-0.837391,-1.349856,-0.084009,0.845528,-0.155005,0.4,196.92
617,cruise,3915.239913,77.657267,55.561098,96.675709,194.866835,646.232304,23.605342,1.06437,10.21033,11.218798,3146.953837,vibration_bearing_fault,1,2,300,1200,0.238956,0.447457,-0.576107,0.554881,-0.083891,-0.026241,0.845948,0.000569,0.4,196.915
618,cruise,3398.625946,78.302415,56.745794,96.870816,197.635809,648.785743,23.579233,1.097685,9.937864,12.548427,2832.567904,vibration_bearing_fault,1,2,300,1200,0.164237,0.971344,0.170405,0.484131,-0.367759,0.087609,0.852837,-0.012184,0.4,196.91
619,cruise,3691.783373,77.140773,55.383724,97.201653,195.546089,647.412944,23.905415,1.209321,10.175957,14.456312,3069.193732,vibration_bearing_fault,1,2,300,1200,-0.877662,-0.785382,-0.296064,0.025923,-1.814706,-0.097845,0.853826,0.090435,0.4,196.905
620,cruise,3519.041901,79.423968,54.68273,96.085962,197.382258,650.235267,23.319787,1.126531,10.113058,11.673944,3089.055556,vibration_bearing_fault,1,2,300,1200,0.330074,-0.445935,0.533938,-1.611551,-0.855112,-0.153362,0.845529,-0.106473,0.4,196.9
621,cruise,3718.335361,77.392168,55.086628,95.960157,197.450774,646.620859,24.056608,1.045382,10.330896,10.792603,2990.544264,vibration_bearing_fault,1,2,300,1200,1.307614,0.209068,1.031331,-0.665425,0.361476,0.054687,0.855051,0.027975,0.4,196.895
622,cruise,3387.356298,78.589049,54.621264,96.474077,198.505251,648.049432,23.871604,1.18897,10.345679,12.281237,3033.726469,vibration_bearing_fault,1,2,300,1200,-2.271004,-0.143983,0.160144,0.063802,-1.871326,-0.262443,0.848881,0.07248,0.4,196.89
623,cruise,3363.918633,77.801736,55.278335,97.002893,196.529477,647.357779,23.606643,1.151684,10.116788,11.170933,3051.163738,vibration_bearing_fault,1,2,300,1200,2.50281,0.05184,1.227032,-0.984724,2.204475,-0.153901,0.850122,0.020222,0.4,196.885
624,cruise,3492.201761,77.021324,54.368555,97.618793,196.72577,648.54456,23.68153,1.141277,10.31484,10.977182,2896.90195,vibration_bearing_fault,1,2,300,1200,2.529577,-0.073635,0.155739,0.127054,1.409245,-0.274717,0.845547,-0.030556,0.4,196.88
625,cruise,3742.185775,78.359057,54.672357,96.410665,195.00591,652.322035,23.556792,1.146042,9.785406,10.439128,3145.362031,vibration_bearing_fault,1,2,300,1200,-3.444106,0.468528,-0.684386,-0.334225,-0.469036,-0.031812,0.851891,-0.111335,0.4,196.875
626,cruise,3799.925318,76.537773,55.024194,96.965086,198.496776,651.311623,23.858181,1.210112,9.843289,12.286273,3036.067332,vibration_bearing_fault,1,2,300,1200,-0.5983,-0.874821,0.322464,-0.024528,2.045956,0.182027,0.852577,-0.022689,0.4,196.87
627,cruise,3734.820303,77.229881,55.010769,96.500428,197.653357,648.490266,23.703304,1.17524,10.157684,11.521577,2992.632982,vibration_bearing_fault,1,2,300,1200,-0.96265,0.545596,-0.870105,0.592244,1.844164,-0.030776,0.847333,-0.055223,0.4,196.865
628,cruise,3729.767594,78.259705,55.377909,96.388675,195.37175,645.010744,23.912515,1.245066,10.033569,11.730439,3151.909078,vibration_bearing_fault,1,2,300,1200,5.67173,-0.231005,0.420686,-0.060924,-3.116731,-0.021934,0.853942,0.110898,0.4,196.86
629,cruise,3724.198288,78.246149,55.619915,96.607963,196.50619,645.05327,23.87085,1.167324,10.006841,12.761854,2913.057558,vibration_bearing_fault,1,2,300,1200,-1.517408,0.465102,0.473418,-0.40264,1.234708,0.064051,0.847464,-0.088108,0.4,196.855
630,cruise,3735.009732,75.880384,55.144708,96.470781,196.021615,647.966049,23.849545,1.174168,10.270254,12.407186,3198.160076,vibration_bearing_fault,1,2,300,1200,6.956131,-0.446765,0.3527,-1.065534,1.055701,0.004622,0.850077,-0.029648,0.4,196.85
631,cruise,3754.212327,78.613725,55.340684,96.908892,198.205024,649.364357,24.228641,1.101803,10.070124,11.449387,3066.833856,vibration_bearing_fault,1,2,300,1200,-0.715721,-0.403271,0.603321,-1.106191,-0.628842,-0.222822,0.841936,0.030397,0.4,196.845
632,cruise,3831.9862,75.807779,54.937615,96.263609,197.104097,647.538258,23.797691,1.218463,10.363855,12.286035,3078.769978,vibration_bearing_fault,1,2,300,1200,-0.500852,-0.300992,0.362085,0.867888,1.177488,0.122886,0.851929,0.038415,0.4,196.84
633,cruise,3631.8219,79.501642,54.768207,96.338307,197.031116,647.769359,23.754151,1.205099,10.154685,12.283055,3085.202212,vibration_bearing_fault,1,2,300,1200,-1.26881,-0.209994,0.100974,0.149973,0.176643,0.224493,0.844564,-0.030169,0.4,196.835
634,cruise,3428.374869,77.891503,55.577634,97.394042,197.334028,645.409737,23.976906,1.107069,10.145457,11.526413,2950.058239,vibration_bearing_fault,1,2,300,1200,-1.956736,-0.197705,0.300528,-0.443431,-0.349403,-0.083422,0.851829,0.15094,0.4,196.83
635,cruise,3203.055185,77.759089,55.166294,96.583196,197.896086,646.199232,23.765623,1.133117,10.424888,13.068803,3061.336114,vibration_bearing_fault,1,2,300,1200,4.402508,-0.431449,-1.001814,0.289056,1.663184,0.029381,0.852399,0.117191,0.4,196.825
636,cruise,3615.784231,78.522387,55.083438,97.360796,197.253814,642.78299,23.839155,1.195703,10.043437,13.643097,2891.594205,vibration_bearing_fault,1,2,300,1200,-5.44336,-0.424646,-0.148633,-0.979625,1.079515,0.012913,0.855586,0.012801,0.4,196.82
637,cruise,3876.503429,76.877294,55.485922,97.215253,197.702677,647.229898,23.578,1.190128,9.96691,11.351752,3024.953539,vibration_bearing_fault,1,2,300,1200,-4.527879,-0.134822,-0.708189,-0.253056,2.087565,0.148335,0.851806,-0.052772,0.4,196.815
638,cruise,3644.506601,77.138703,54.879909,96.897993,195.86316,645.778453,23.78827,1.125615,10.364957,13.004102,2963.435381,vibration_bearing_fault,1,2,300,1200,-1.500886,-0.198037,0.31596,1.116452,-1.840215,-0.114829,0.845967,-0.00829,0.4,196.81
639,cruise,3546.554655,77.888327,55.068853,97.535276,196.33065,652.130421,23.976586,1.090651,10.331777,12.90708,3072.552163,vibration_bearing_fault,1,2,300,1200,-0.630735,0.07654,-0.864182,0.428595,0.953246,-0.026544,0.85231,-0.060628,0.4,196.805
640,cruise,3764.794106,77.607731,55.643694,96.956637,196.262646,648.240215,24.130118,1.150121,10.08805,11.384936,3049.542914,vibration_bearing_fault,1,2,300,1200,-0.884588,-0.24847,0.38804,-0.571282,-0.976774,0.014783,0.843488,0.102202,0.4,196.8
641,cruise,3926.963247,78.159985,55.495382,96.778384,196.487551,645.852171,24.047626,1.005174,10.089304,10.778913,3091.725025,vibration_bearing_fault,1,2,300,1200,-4.856508,-0.134106,0.970655,-0.95165,-2.084796,0.058948,0.856665,0.088724,0.4,196.795
642,cruise,3660.796171,79.327146,55.519356,97.058619,198.332586,648.903715,23.500295,1.025194,10.094418,12.046374,3074.19891,vibration_bearing_fault,1,2,300,1200,2.273657,-0.030137,-0.209681,1.889786,1.074109,-0.136295,0.844207,0.154962,0.4,196.79
643,cruise,3477.187807,76.027845,54.788427,96.751709,195.642654,652.924034,23.613908,1.144939,10.124156,13.002639,2936.252644,vibration_bearing_fault,1,2,300,1200,0.498144,-0.183393,0.225103,0.480309,-0.583576,-0.015132,0.848993,-0.08388,0.4,196.785
644,cruise,3757.95908,76.984178,55.070822,96.252809,196.515992,650.789329,23.727772,1.06893,10.247829,11.085092,3167.83889,vibration_bearing_fault,1,2,300,1200,3.761855,-0.438924,0.04693,0.232704,-0.755223,0.039344,0.854115,0.062443,0.4,196.78
645,cruise,3804.013188,75.810738,54.832449,97.328741,195.068364,649.082264,23.652728,1.176785,10.060741,12.714291,3004.576444,vibration_bearing_fault,1,2,300,1200,1.242762,-0.234395,-0.43623,0.067233,-2.198768,-0.03537,0.846285,-0.050511,0.4,196.775
646,cruise,3386.514616,78.434182,54.951231,96.824952,198.657877,647.608788,23.919687,1.250028,10.042805,11.383308,3139.191813,vibration_bearing_fault,1,2,300,1200,1.490704,0.024793,-0.461815,1.461475,-1.710513,-0.065911,0.848501,0.05658,0.4,196.77
647,cruise,3427.31019,78.305996,54.599401,96.475159,196.647378,647.293393,23.951499,1.169071,9.855061,13.722703,3056.595395,vibration_bearing_fault,1,2,300,1200,-3.35445,0.029686,-0.946113,-1.266673,0.272903,0.119786,0.851093,-0.002486,0.4,196.765
648,cruise,4138.665383,78.36091,55.277749,97.21355,198.132493,648.140144,23.849637,1.261109,10.124423,11.831498,3054.238117,vibration_bearing_fault,1,2,300,1200,-2.174353,0.156888,-0.08503,0.061856,0.893906,-0.063439,0.856925,0.018714,0.4,196.76
649,cruise,3551.125999,78.026541,55.844871,96.187588,195.545943,650.560844,23.779805,1.069451,10.511497,11.924129,3190.727843,vibration_bearing_fault,1,2,300,1200,-0.788318,0.058267,0.057001,-0.086233,-0.091114,-0.048546,0.843707,-0.026638,0.4,196.755
650,cruise,3809.951874,77.275972,55.995171,97.898412,197.918235,646.140575,23.878864,1.222649,10.248116,11.855122,2953.621571,vibration_bearing_fault,1,2,300,1200,-1.241083,-0.084792,0.52099,-0.268907,-3.137558,0.254555,0.85283,-0.070812,0.4,196.75
651,cruise,3501.936078,76.258344,54.283131,96.247821,197.940056,648.019939,23.739339,1.221733,10.248941,12.313767,3230.979361,vibration_bearing_fault,1,2,300,1200,0.580003,0.060642,-0.151699,0.430165,-0.158498,0.091615,0.854683,0.006701,0.4,196.745
652,cruise,3559.64621,79.627546,54.262678,96.31808,199.402842,647.01242,23.830688,1.1851,10.250619,12.637966,3096.163136,vibration_bearing_fault,1,2,300,1200,2.33041,-0.029593,0.247018,-0.835223,1.100534,-0.082175,0.852893,0.049888,0.4,196.74
653,cruise,3727.566715,76.58146,54.594853,95.936985,196.436202,642.346146,23.884832,1.135945,10.009783,13.14971,3047.517702,vibration_bearing_fault,1,2,300,1200,-0.850012,0.212622,-0.349598,-0.877392,-1.470376,-0.290861,0.844772,-0.020955,0.4,196.735
654,cruise,3744.281524,76.555972,54.781631,96.168176,196.822486,648.587185,24.024672,1.13101,10.295125,12.399938,2981.376486,vibration_bearing_fault,1,2,300,1200,0.267219,-0.141688,0.192102,1.236059,0.939016,-0.235558,0.848427,0.063685,0.4,196.73
655,cruise,3871.878425,75.764229,54.515816,96.001218,198.710864,648.599225,23.898258,1.106635,10.125906,11.49173,2998.932257,vibration_bearing_fault,1,2,300,1200,0.468096,0.767019,-0.095308,-0.712126,-1.312386,0.063547,0.847052,0.040549,0.4,196.725
656,cruise,3799.59552,77.046669,54.870618,95.702503,197.413393,649.431325,23.891308,1.122617,10.34529,12.450183,2859.063845,vibration_bearing_fault,1,2,300,1200,7.166829,0.704179,-0.19166,0.320345,-1.722297,0.0491,0.850945,0.064151,0.4,196.72
657,cruise,3494.869394,76.164707,55.310945,96.324782,196.956473,639.13858,23.874593,1.131849,9.753434,11.982178,3106.825858,vibration_bearing_fault,1,2,300,1200,5.188621,0.059854,-0.190585,0.901227,2.03256,-0.026286,0.8483,0.023004,0.4,196.715
658,cruise,4040.370385,80.743924,54.915269,96.023905,194.755329,648.448339,24.087542,1.044668,10.077219,10.670486,2964.426439,vibration_bearing_fault,1,2,300,1200,-3.938087,0.326547,0.127698,0.655929,1.388409,-0.101894,0.85652,0.000591,0.4,196.71
659,cruise,4017.3249,76.726576,54.018591,96.859797,195.086872,651.217803,23.919241,1.167742,10.036024,9.909778,2922.702677,vibration_bearing_fault,1,2,300,1200,-1.453595,0.095218,-0.319667,-1.010463,-0.060508,-0.069,0.849625,-0.060715,0.4,196.705
660,cruise,3443.37531,78.407772,55.077632,95.771487,195.1359,648.324511,24.000349,1.127797,10.061108,10.19654,2938.248377,vibration_bearing_fault,1,2,300,1200,3.768864,0.283835,0.295243,-0.059682,-0.120288,-0.088235,0.842316,-0.015125,0.4,196.7
661,cruise,3733.962376,76.703616,55.258284,96.508522,197.43251,646.028158,23.838906,1.152152,10.070314,12.528711,2948.693859,vibration_bearing_fault,1,2,300,1200,0.944652,-0.011457,-0.16218,-0.494181,-0.281462,0.159651,0.860729,-0.063211,0.4,196.695
662,cruise,3447.758183,78.346276,55.13769,96.546831,194.224816,647.987171,23.659297,1.191638,10.188761,11.543498,2960.64171,vibration_bearing_fault,1,2,300,1200,-0.730734,-0.40161,-0.096875,-1.068548,-1.118895,0.044358,0.845241,-0.076768,0.4,196.69
663,cruise,3850.552113,77.317695,54.556942,96.965573,195.946756,651.480975,23.597826,1.1489,10.270555,11.356625,3090.395988,vibration_bearing_fault,1,2,300,1200,0.513925,0.431321,-0.009275,0.312336,2.256537,-0.046548,0.847397,0.045721,0.4,196.685
664,cruise,3524.718644,76.171855,54.765865,96.633068,197.974675,643.084139,23.534766,1.237231,9.982181,11.134855,2899.844339,vibration_bearing_fault,1,2,300,1200,0.00435,-0.437366,-0.072411,-0.375454,-0.041558,-0.177767,0.861511,-0.046958,0.4,196.68
665,cruise,3445.998122,78.381937,56.096165,97.103845,197.686391,645.685903,23.996348,1.25042,9.990174,11.420331,2959.007861,vibration_bearing_fault,1,2,300,1200,4.263265,-0.74401,0.131789,-0.282449,0.060538,-0.140634,0.850968,-0.039158,0.4,196.675
666,cruise,3858.640196,77.928037,54.731723,96.559476,197.117548,648.744958,23.346684,1.106581,10.120862,11.35924,2970.133113,vibration_bearing_fault,1,2,300,1200,4.861389,-0.28355,0.531192,-0.534804,0.871848,0.111141,0.846369,0.005972,0.4,196.67
667,cruise,3327.378337,75.814722,56.1404,96.730707,195.85194,647.208698,23.96813,1.122335,10.086619,11.459579,3167.645182,vibration_bearing_fault,1,2,300,1200,1.762656,0.001616,-0.011146,0.875632,-0.902857,0.058144,0.844895,0.030779,0.4,196.665
668,cruise,3848.534972,77.506316,55.245227,96.879954,197.946704,648.315151,24.036535,1.106289,10.116876,12.058174,2991.837493,vibration_bearing_fault,1,2,300,1200,1.200956,-0.105636,-0.669239,0.173596,-1.331353,0.312589,0.846053,-0.090647,0.4,196.66
669,cruise,3567.445311,77.003685,54.845683,97.169615,196.597594,649.333431,24.092781,1.119888,9.897463,12.550724,3140.865813,vibration_bearing_fault,1,2,300,1200,-2.164566,-0.319563,0.769774,0.04572,-0.438989,0.035066,0.840149,0.01027,0.4,196.655
670,cruise,3777.692925,79.028985,54.793386,96.65873,196.478432,651.404788,23.551696,1.145654,10.163552,13.366818,2954.314115,vibration_bearing_fault,1,2,300,1200,2.101767,0.153294,0.659497,-0.567164,-1.410245,-0.179752,0.843021,-0.035051,0.4,196.65
671,cruise,3750.194909,77.477991,55.676755,95.997504,197.298935,644.043805,23.795571,1.201598,10.189252,9.371631,3027.593164,vibration_bearing_fault,1,2,300,1200,-3.655869,-0.144706,-0.156178,-1.007568,1.033819,0.080776,0.855047,0.014779,0.4,196.645
672,cruise,3590.928215,76.753444,55.402623,96.078386,197.322687,646.53337,23.973149,1.224143,10.029606,12.354383,3004.551991,vibration_bearing_fault,1,2,300,1200,2.653258,0.930696,0.359252,-1.240918,0.985205,-0.068658,0.851766,0.003277,0.4,196.64
673,cruise,3592.130175,76.510033,54.968463,96.304633,195.697093,649.050626,23.755553,1.158985,10.29976,11.346496,2950.707996,vibration_bearing_fault,1,2,300,1200,2.763823,-0.286228,-0.102924,-0.250504,1.165004,0.200477,0.852363,0.038951,0.4,196.635
674,cruise,3779.822953,76.29965,54.818004,96.268417,195.526993,649.722618,23.488422,1.117148,9.914955,10.939755,2977.211487,vibration_bearing_fault,1,2,300,1200,-2.666052,-0.962309,0.418339,-0.169,1.550455,-0.12493,0.85807,0.058042,0.4,196.63
675,cruise,4054.874766,77.139976,55.484555,96.522937,196.979392,641.27529,24.054921,1.11997,9.992036,10.142405,3050.823019,vibration_bearing_fault,1,2,300,1200,-1.92096,0.588016,-0.102676,0.009384,0.151099,0.220823,0.85168,0.024103,0.4,196.625
676,cruise,3651.337876,76.393957,54.765718,95.861279,197.235034,651.022529,23.788151,1.050309,10.32446,11.172674,3049.086951,vibration_bearing_fault,1,2,300,1200,-1.253254,0.08084,0.105152,0.132396,-0.301994,0.168804,0.85929,-0.118493,0.4,196.62
677,cruise,3560.845448,78.091184,55.658852,96.250482,194.826186,649.387888,23.825766,1.088104,10.1814,10.166723,3093.91823,vibration_bearing_fault,1,2,300,1200,2.879714,-0.478771,1.300219,-1.21087,1.734006,0.101506,0.85639,-0.021994,0.4,196.615
678,cruise,3605.230555,78.276707,54.378227,95.757519,195.99452,647.796654,23.721893,1.189117,9.954007,13.589726,2945.81861,vibration_bearing_fault,1,2,300,1200,2.915989,-0.735562,-0.344682,1.037398,-1.208086,-0.072953,0.854039,0.035064,0.4,196.61
679,cruise,3983.59766,78.02716,54.954306,95.752255,196.086599,650.783531,23.790359,1.189503,10.272965,12.154107,3070.197172,vibration_bearing_fault,1,2,300,1200,0.216614,0.545535,0.129769,0.253292,0.044387,-0.028177,0.848466,-0.038705,0.4,196.605
680,cruise,3433.920519,77.753799,55.387391,94.969167,196.397333,642.887322,23.747486,1.2266,10.054165,11.900908,3164.288947,vibration_bearing_fault,1,2,300,1200,-5.304773,-0.171164,0.200691,-1.129646,1.672895,0.017709,0.839219,-0.020182,0.4,196.6
681,cruise,3694.36536,76.492084,55.192981,96.799542,196.160591,651.438404,23.699648,1.107899,10.307846,11.142237,3018.395998,vibration_bearing_fault,1,2,300,1200,-2.193427,-0.483724,0.480091,0.422275,-1.782563,-0.179132,0.843187,-0.050233,0.4,196.595
682,cruise,3756.428583,76.341258,55.50117,97.416516,196.142336,650.744702,23.855453,1.221624,10.281849,11.6939,2978.095457,vibration_bearing_fault,1,2,300,1200,0.67764,-0.20956,-0.159782,0.465052,-1.290012,-0.187156,0.846299,0.06447,0.4,196.59
683,cruise,3604.978717,76.326282,55.728167,95.965423,197.090575,650.682126,23.523581,1.144178,9.903831,11.573454,3061.750635,vibration_bearing_fault,1,2,300,1200,2.406417,0.004816,0.891524,0.3125,-0.501496,0.008815,0.844188,0.11342,0.4,196.585
684,cruise,3780.468695,79.07241,55.217183,96.385567,196.004941,647.701603,23.923104,1.121418,9.913422,11.372064,3001.53611,vibration_bearing_fault,1,2,300,1200,-0.42462,-0.004107,0.721935,0.550165,-1.453133,0.229165,0.856055,0.044287,0.4,196.58
685,cruise,3817.370868,78.355408,54.734811,96.472201,196.737675,652.212804,24.04013,1.244801,9.991336,12.372334,2957.599797,vibration_bearing_fault,1,2,300,1200,0.744644,-0.3704,0.224683,0.496195,-1.835062,0.139631,0.850319,-0.03596,0.4,196.575
686,cruise,3625.290688,78.368725,55.309045,95.999057,196.439651,648.461401,23.650079,1.088977,10.032122,10.906138,3151.114811,vibration_bearing_fault,1,2,300,1200,5.807119,0.301802,-0.136913,0.422012,0.458918,-0.048997,0.850794,0.008221,0.4,196.57
687,cruise,4104.770393,76.807883,55.448521,96.793594,196.682142,651.26808,23.517285,1.200095,9.83724,11.987203,3131.902678,vibration_bearing_fault,1,2,300,1200,-0.91076,0.154103,0.188033,2.226694,0.388781,0.098021,0.846071,0.123232,0.4,196.565
688,cruise,3632.092279,75.889746,55.565369,96.915555,195.309684,643.155913,23.826902,1.150915,10.222805,12.717365,3045.690412,vibration_bearing_fault,1,2,300,1200,-1.592777,-0.58373,0.929337,1.036363,-0.281005,-0.109069,0.852792,-0.014326,0.4,196.56
689,cruise,3643.605201,79.070423,55.371963,96.867734,197.47756,647.41385,23.719908,1.197153,10.168927,12.137977,2883.414614,vibration_bearing_fault,1,2,300,1200,-7.688075,0.405863,0.277262,-1.92953,0.440052,-0.205924,0.851676,-0.014121,0.4,196.555
690,cruise,3806.838214,77.791058,55.314226,96.851633,196.398493,647.462623,23.643725,1.068362,10.023706,11.299535,2974.661927,vibration_bearing_fault,1,2,300,1200,-7.8081,-0.366041,0.392988,0.425637,0.582311,0.318481,0.852784,-0.113689,0.4,196.55
691,cruise,3876.45875,77.625843,55.008148,97.316382,198.585341,648.257022,23.497382,1.113389,9.994357,11.940096,3010.251753,vibration_bearing_fault,1,2,300,1200,-2.381737,0.398111,0.010147,-1.153566,0.313911,-0.036484,0.851341,0.10942,0.4,196.545
692,cruise,3744.351054,77.702766,55.068083,95.99624,197.642493,646.383605,23.91616,1.201256,9.970088,12.447846,2974.34953,vibration_bearing_fault,1,2,300,1200,-2.31293,0.155316,0.133097,-0.308841,-1.90004,-0.060705,0.852568,-0.025163,0.4,196.54
693,cruise,3566.491997,79.329556,54.923728,96.515795,197.719622,642.236655,23.669805,1.101875,10.176189,13.543958,3053.023358,vibration_bearing_fault,1,2,300,1200,-0.179171,0.867485,-0.166212,0.360318,0.1837,0.367909,0.851179,0.030467,0.4,196.535
694,cruise,3964.085204,79.180369,55.807591,97.087557,196.02843,652.926722,23.516033,1.18288,10.093376,12.746182,2946.057299,vibration_bearing_fault,1,2,300,1200,2.949454,-0.687777,-0.265928,0.561312,-1.266566,-0.094551,0.845476,-0.00197,0.4,196.53
695,cruise,3496.579056,77.80616,56.060871,97.06637,196.107339,642.31035,23.61868,1.233226,10.204868,12.850433,2964.060078,vibration_bearing_fault,1,2,300,1200,-0.330303,0.51139,-0.006447,0.247194,1.909183,0.187191,0.851931,0.003527,0.4,196.525
696,cruise,3545.784198,78.572859,54.852865,97.107457,199.367894,643.45164,23.870857,1.13046,9.959559,12.641671,2967.105852,vibration_bearing_fault,1,2,300,1200,-3.47345,-0.292266,0.748239,0.933382,1.263027,0.10645,0.853691,-0.010126,0.4,196.52
697,cruise,3715.034926,78.413581,53.948718,96.247473,197.832762,648.267713,23.769755,1.137779,10.124091,11.47102,2982.857616,vibration_bearing_fault,1,2,300,1200,0.307658,-0.668343,-0.708104,-0.177287,-1.016053,0.095548,0.849888,0.03606,0.4,196.515
698,cruise,3557.033115,76.209849,54.593614,96.516122,195.435615,649.733338,23.427214,1.272991,10.222563,12.896146,3042.190234,vibration_bearing_fault,1,2,300,1200,1.885024,-0.34986,0.841348,1.002819,-0.013054,-0.08701,0.853933,0.000875,0.4,196.51
699,cruise,3661.919522,78.291046,54.622515,97.009987,195.625003,645.040263,23.851783,1.192911,9.975719,11.282912,3084.10011,vibration_bearing_fault,1,2,300,1200,-4.152865,0.166241,0.101632,-0.715539,1.528759,0.00887,0.843956,-0.020839,0.4,196.505
700,cruise,3791.90085,76.969256,55.150383,96.093881,198.495877,650.4086,23.743255,1.077155,9.85246,10.857416,2971.361637,vibration_bearing_fault,1,2,300,1200,-2.762181,-0.726233,0.115008,1.277054,-2.345838,0.08052,0.854567,0.055204,0.4,196.5
701,cruise,4035.714262,77.93115,54.464356,97.501731,194.687709,643.659371,23.529555,1.115485,10.062158,12.126427,3019.181889,vibration_bearing_fault,1,2,300,1200,-0.761052,0.250998,1.004999,0.922838,-2.030902,-0.07564,0.851803,-0.081496,0.4,196.495
702,cruise,3881.832256,76.574386,54.487571,96.508064,197.547762,649.412677,23.798611,1.159017,10.117713,12.195476,3053.665291,vibration_bearing_fault,1,2,300,1200,-2.850427,0.562202,0.725139,0.513911,-0.675532,0.229632,0.851019,0.042771,0.4,196.49
703,cruise,4112.799532,78.358356,55.211293,96.197982,197.240339,647.423835,24.067198,1.163741,10.215958,10.12945,3233.508438,vibration_bearing_fault,1,2,300,1200,-1.504193,-0.27639,0.813567,2.252062,-0.341819,-0.059681,0.839996,0.018813,0.4,196.485
704,cruise,3835.522031,77.201241,55.518949,97.512418,197.911956,651.400999,23.861135,1.095261,10.130251,12.144338,3018.550127,vibration_bearing_fault,1,2,300,1200,0.374346,-0.29196,-1.36026,0.387966,1.177542,-0.152413,0.846861,0.093148,0.4,196.48
705,cruise,3483.501455,77.789498,55.020335,96.073614,197.209317,647.991394,23.511728,1.208349,10.157927,13.624761,3037.15223,vibration_bearing_fault,1,2,300,1200,-4.258979,-0.239577,-0.243699,-0.057742,-1.616659,0.186103,0.84833,0.065478,0.4,196.475
706,cruise,3923.318744,78.171136,54.851532,96.647444,197.126007,652.700591,23.554848,1.093241,10.144484,12.111025,3084.405566,vibration_bearing_fault,1,2,300,1200,-1.603951,0.597473,1.081743,-0.809772,0.886988,0.067835,0.851592,0.082462,0.4,196.47
707,cruise,3902.507198,75.898602,55.06551,97.784658,195.836794,647.614071,23.839152,1.164026,9.984153,11.850206,3034.931733,vibration_bearing_fault,1,2,300,1200,-1.388332,0.31413,-0.151162,-0.25455,3.328257,-0.264743,0.840525,0.084237,0.4,196.465
708,cruise,3529.80438,77.812056,56.305078,96.986883,198.333493,655.696133,23.805281,1.089434,10.11078,13.329722,3126.644468,vibration_bearing_fault,1,2,300,1200,1.042995,-0.099701,-0.343021,0.925522,-1.293587,0.042815,0.853497,0.190151,0.4,196.46
709,cruise,3858.76473,76.165089,55.814647,96.277168,198.219233,646.710067,24.168163,1.125832,10.181858,11.556901,2906.057923,vibration_bearing_fault,1,2,300,1200,-6.834891,0.365979,0.37792,0.247215,-1.923279,0.276079,0.844043,-0.02924,0.4,196.455
710,cruise,3810.202613,76.088842,55.509041,97.346573,197.476642,652.24016,23.73322,1.226648,10.091842,12.773901,3054.198399,vibration_bearing_fault,1,2,300,1200,-1.961329,-0.615184,-1.180733,-0.843683,-1.143924,-0.078524,0.846023,0.013358,0.4,196.45
711,cruise,3695.892445,77.361445,55.407741,97.434562,194.773267,650.615687,23.97231,1.111712,10.034878,10.699126,3071.128614,vibration_bearing_fault,1,2,300,1200,-0.957849,-0.007541,0.328574,1.254166,-0.723727,-0.061424,0.846006,-0.073934,0.4,196.445
712,cruise,3445.202591,76.431545,54.472274,96.14281,197.142045,647.35841,23.840906,1.122098,10.041217,10.888536,3050.164226,vibration_bearing_fault,1,2,300,1200,6.886411,-0.075562,-0.371435,-0.777996,-2.491725,0.03845,0.851034,-0.000269,0.4,196.44
713,cruise,3433.350224,78.989377,55.060515,97.360823,197.173638,648.669822,24.14429,1.139747,10.185435,11.848941,2958.339552,vibration_bearing_fault,1,2,300,1200,2.575465,-0.33155,-0.192388,0.936615,0.792449,-0.236333,0.848518,-0.059772,0.4,196.435
714,cruise,4002.918923,78.221386,55.232557,96.983757,197.744626,644.982284,23.879305,1.160689,10.130905,12.243029,2947.49821,vibration_bearing_fault,1,2,300,1200,1.837062,0.496145,0.01214,1.457283,-2.133925,0.046948,0.849166,0.131642,0.4,196.43
715,cruise,3827.61228,77.44821,53.739847,96.387303,200.447429,642.665127,23.61765,1.138677,10.258867,11.201373,3116.450634,vibration_bearing_fault,1,2,300,1200,0.496778,-0.056886,0.097196,0.765113,-0.883376,-0.107456,0.849526,-0.022274,0.4,196.425
716,cruise,3728.806833,80.338691,55.096163,95.776422,196.882594,645.349978,23.827717,1.20959,10.263774,11.764846,3063.963848,vibration_bearing_fault,1,2,300,1200,-4.572525,-0.80705,0.900951,-0.010871,-2.317155,-0.262286,0.849919,-0.140569,0.4,196.42
717,cruise,3647.236037,77.441829,55.810552,96.698723,197.052553,644.831132,23.829755,1.12234,10.116007,12.122721,3035.803675,vibration_bearing_fault,1,2,300,1200,4.443057,0.028655,-1.176782,0.348593,1.754892,-0.025334,0.853768,-0.022573,0.4,196.415
718,cruise,3653.722286,77.601416,55.549566,96.603449,197.347356,646.074672,23.631428,1.151135,9.966696,11.661652,3122.279323,vibration_bearing_fault,1,2,300,1200,-0.951143,0.431106,-0.16166,-1.197489,-1.808055,0.227723,0.851373,0.013712,0.4,196.41
719,cruise,3795.722678,77.494528,54.554211,96.742043,196.679205,646.378898,23.776051,1.182197,10.035227,12.223158,3069.623595,vibration_bearing_fault,1,2,300,1200,1.888251,0.21431,0.18777,0.777495,-0.596687,-0.15271,0.857573,0.007868,0.4,196.405
720,cruise,3647.696842,78.974535,54.276983,97.010152,198.33579,653.819734,23.825044,1.126865,10.08208,11.611545,3114.176063,vibration_bearing_fault,1,2,300,1200,-0.829013,0.165066,0.348785,1.167744,-2.44588,-0.006941,0.85916,-0.175926,0.4,196.4
721,cruise,3474.415092,77.246957,55.322732,97.064347,195.816687,651.752049,24.135425,1.108182,9.98098,11.693066,3014.053259,vibration_bearing_fault,1,2,300,1200,-0.914624,-0.282785,0.744101,0.288665,1.801377,0.038234,0.850182,0.081664,0.4,196.395
722,cruise,3772.98818,77.172943,55.277661,96.279215,196.971806,649.955818,24.102127,1.092839,10.183904,11.777804,3035.790968,vibration_bearing_fault,1,2,300,1200,-1.793134,0.537082,-0.202308,0.587387,2.598171,-0.008104,0.855834,0.07739,0.4,196.39
723,cruise,3676.730394,77.420552,54.01134,96.346907,198.161069,644.913844,24.111486,1.224331,10.265422,10.749256,3154.61003,vibration_bearing_fault,1,2,300,1200,-0.017284,0.214654,0.868737,-1.154798,-0.87308,0.06035,0.854472,-0.038706,0.4,196.385
724,cruise,3669.471274,77.894822,55.113578,96.537942,198.483871,651.74771,23.770683,1.213479,10.036798,12.38861,3038.619582,vibration_bearing_fault,1,2,300,1200,-0.888418,-0.146481,0.281616,-1.035067,0.350593,-0.110061,0.857431,-0.14831,0.4,196.38
725,cruise,3712.796122,75.792963,54.869182,96.471109,198.093992,647.028921,23.868014,1.105751,10.206838,11.361843,3170.172936,vibration_bearing_fault,1,2,300,1200,-2.569172,-0.277393,0.760283,-0.855358,-0.609547,0.198731,0.84857,-0.057904,0.4,196.375
726,cruise,3478.82799,77.6472,54.951794,95.824343,195.994611,648.996361,23.692267,1.169742,9.951278,11.456051,2877.491092,vibration_bearing_fault,1,2,300,1200,0.473201,-0.064312,-0.272408,0.235874,1.691278,-0.100568,0.844385,-0.024888,0.4,196.37
727,cruise,3101.848361,79.722798,54.557132,97.071384,197.482929,645.91143,24.163408,1.243065,10.211849,10.728628,3090.662163,vibration_bearing_fault,1,2,300,1200,-2.969004,0.536984,0.870519,-0.302815,-0.156653,0.057344,0.856322,-0.013538,0.4,196.365
728,cruise,3887.058035,76.922817,54.599164,96.348807,197.609959,648.923652,23.691718,1.17341,10.136747,11.23253,2937.783556,vibration_bearing_fault,1,2,300,1200,-4.019771,0.169678,-0.500384,0.367692,-1.283032,-0.033983,0.85441,0.16365,0.4,196.36
729,cruise,3556.89303,77.553101,55.000784,96.4197,195.264456,648.292266,23.359312,1.148234,10.001985,12.817237,3073.336909,vibration_bearing_fault,1,2,300,1200,4.713745,0.286043,0.037943,0.581672,0.870439,0.1775,0.843654,-0.121236,0.4,196.355
730,cruise,3737.202794,76.307887,55.032392,97.051492,196.898989,646.840246,23.962183,1.165461,10.281767,11.820343,3127.657308,vibration_bearing_fault,1,2,300,1200,1.832214,-0.203742,0.177571,1.286815,0.752649,-0.181813,0.848582,-0.128964,0.4,196.35
731,cruise,3638.909078,76.528515,54.725395,96.400492,197.132025,646.660632,23.716509,1.168466,10.21693,12.384644,3037.440428,vibration_bearing_fault,1,2,300,1200,-3.646851,0.004939,-0.624985,-1.285404,-0.8764,-0.137453,0.851167,0.107509,0.4,196.345
732,cruise,3363.317687,76.066466,54.982108,97.02444,196.606109,650.29166,23.788605,1.177193,10.210135,11.665018,3096.621316,vibration_bearing_fault,1,2,300,1200,1.122465,0.048973,0.837637,1.257995,2.191278,-0.273727,0.847357,-0.023723,0.4,196.34
733,cruise,3849.883807,77.365795,54.923988,96.416211,196.804642,650.159702,23.826375,1.224427,9.994533,11.24989,2996.597362,vibration_bearing_fault,1,2,300,1200,1.329626,-0.213532,0.563077,-0.311706,0.503653,0.077874,0.843901,0.006788,0.4,196.335
734,cruise,3512.254142,77.47436,54.875855,97.177087,196.296692,653.662113,23.665899,1.095271,10.215678,12.367304,2972.72445,vibration_bearing_fault,1,2,300,1200,-1.939206,-0.565872,-0.155367,0.33596,0.415695,0.137588,0.838931,0.070178,0.4,196.33
735,cruise,3710.222781,77.910839,54.851479,96.990995,197.648109,650.171253,23.764691,1.112613,10.292579,12.237351,2969.538131,vibration_bearing_fault,1,2,300,1200,3.14112,0.044763,0.230362,-0.99891,-0.895467,-0.065535,0.852807,0.013357,0.4,196.325
736,cruise,3311.864574,76.23827,55.691494,96.763426,195.867508,648.427973,23.808458,1.155188,10.088471,12.801055,3023.044788,vibration_bearing_fault,1,2,300,1200,1.182649,-0.303746,0.239147,-1.222876,0.099511,0.1266,0.83935,0.070636,0.4,196.32
737,cruise,3655.611833,77.478735,55.273982,96.120481,197.702215,646.839361,23.868052,1.187005,10.061695,10.625127,3068.447927,vibration_bearing_fault,1,2,300,1200,-1.118637,0.176225,0.523939,-0.392813,-0.769412,-0.35525,0.845782,0.015382,0.4,196.315
738,cruise,3699.162909,78.478452,55.762949,96.653216,196.524968,647.574222,23.726053,1.110404,10.26272,11.949131,2841.313355,vibration_bearing_fault,1,2,300,1200,-0.170665,0.28236,-0.576118,0.791197,-1.455229,-0.201496,0.846478,0.238139,0.4,196.31
739,cruise,3863.823203,78.533997,55.426503,95.890424,197.529843,649.408634,23.835825,1.087348,10.249989,12.699337,3026.638498,vibration_bearing_fault,1,2,300,1200,-7.775513,0.908872,-0.278791,-0.790932,0.400874,-0.154601,0.853395,-0.080608,0.4,196.305
740,cruise,3835.263952,77.631191,55.939343,96.919954,196.74862,650.60379,24.041806,1.179292,10.046392,12.060124,3058.713349,vibration_bearing_fault,1,2,300,1200,-2.341276,-0.447267,0.143916,1.140092,0.562146,0.057896,0.848506,-0.137229,0.4,196.3
741,cruise,3612.340901,77.916626,54.963571,96.582953,193.967485,650.48153,23.336355,1.057188,10.090513,10.789941,3058.741763,vibration_bearing_fault,1,2,300,1200,0.968198,-0.251979,0.439485,-1.079818,-3.592391,0.153808,0.858155,0.078456,0.4,196.295
742,cruise,3453.997626,76.819638,54.774119,96.43167,195.738413,651.10821,23.561927,1.140409,10.047806,10.306537,3242.070039,vibration_bearing_fault,1,2,300,1200,0.165331,-0.15694,0.145293,-0.031842,-0.782605,0.093032,0.844151,0.020467,0.4,196.29
743,cruise,3826.006303,78.686206,54.681647,97.298328,195.618225,647.906625,23.592928,1.11593,10.147056,13.491295,3106.205184,vibration_bearing_fault,1,2,300,1200,3.32875,-0.434572,0.121083,0.200138,-1.86349,0.152257,0.842582,-0.100217,0.4,196.285
744,cruise,3605.438055,79.172405,55.214641,96.536111,196.844861,651.188484,23.78814,1.186525,10.275033,11.974179,3016.356814,vibration_bearing_fault,1,2,300,1200,-1.462111,0.613086,-0.720275,1.061892,2.298192,0.218647,0.849038,0.058166,0.4,196.28
745,cruise,3518.412498,77.299594,55.179865,96.943873,197.069243,646.818154,23.612844,1.117148,10.005073,12.753188,2994.21074,vibration_bearing_fault,1,2,300,1200,3.229855,-0.318794,-0.446471,0.782921,-0.792972,-0.017699,0.848234,-0.020078,0.4,196.275
746,cruise,3745.599981,77.17045,55.057186,96.298794,197.45931,648.962937,24.200278,1.139504,10.269514,13.313994,2911.598735,vibration_bearing_fault,1,2,300,1200,-2.326694,0.23626,-0.276174,0.508825,1.825041,-0.169076,0.858813,0.047828,0.4,196.27
747,cruise,3630.513852,77.456303,55.543808,96.432439,196.623522,648.36092,24.075461,1.124838,10.027365,12.178162,3214.278849,vibration_bearing_fault,1,2,300,1200,0.909624,-0.404699,0.67715,0.884163,0.865089,-0.004253,0.839922,0.003376,0.4,196.265
748,cruise,3527.605013,76.812107,55.095777,96.628653,196.878834,650.013154,23.928873,1.187537,10.072226,11.837778,3144.342345,vibration_bearing_fault,1,2,300,1200,-0.981791,-0.413018,0.258385,0.449861,-1.743687,-0.204579,0.847307,0.08304,0.4,196.26
749,cruise,3759.243267,76.843134,54.759319,96.907834,199.833042,652.406717,23.875344,1.188365,10.095663,12.338913,2831.784532,vibration_bearing_fault,1,2,300,1200,2.894944,-0.03328,0.097932,0.982285,-3.078725,-0.016482,0.848393,0.004484,0.4,196.255
750,cruise,3843.011407,78.748793,55.593835,97.111372,197.975391,648.702186,23.899803,1.146127,10.112195,11.438362,2956.482857,vibration_bearing_fault,1,2,300,1200,2.335764,-0.199063,-0.416621,1.086949,-4.001636,-0.022057,0.853324,0.055356,0.4,196.25
751,cruise,3748.922743,76.980568,55.22699,96.353217,196.945766,646.878056,23.777464,1.073172,10.34035,11.333628,2966.266298,vibration_bearing_fault,1,2,300,1200,1.976686,-0.220906,-0.251937,0.336586,3.179939,0.192325,0.850818,0.006101,0.4,196.245
752,cruise,3923.62524,77.621373,54.714246,96.030027,196.049583,646.620226,23.386304,1.145649,10.270338,10.033996,3117.634666,vibration_bearing_fault,1,2,300,1200,1.471792,0.257449,1.251314,-0.592798,1.921282,0.013531,0.848099,0.094041,0.4,196.24
753,cruise,3308.956339,76.89841,55.561452,96.165735,196.233454,649.91094,23.733165,1.236485,10.075295,11.288624,3171.370582,vibration_bearing_fault,1,2,300,1200,0.265987,0.146327,0.006465,-0.605149,-2.2739,0.324254,0.842252,0.005625,0.4,196.235
754,cruise,3720.975754,76.334396,54.228424,97.593067,196.155393,649.988318,23.904574,1.209067,10.173553,11.279266,2938.026201,vibration_bearing_fault,1,2,300,1200,-0.728126,-0.630016,0.123197,0.818269,-0.085733,0.159954,0.855996,0.077295,0.4,196.23
755,cruise,3835.558674,76.895711,55.133862,96.849016,195.371145,647.559977,23.791502,1.172013,10.247948,12.497732,3143.58133,vibration_bearing_fault,1,2,300,1200,2.986002,0.37673,-0.300168,-1.964326,0.876408,-0.008435,0.848798,-0.053662,0.4,196.225
756,cruise,3708.788631,77.453703,54.868397,96.34244,194.866061,649.188984,24.111096,1.191198,10.125942,12.359992,3281.659543,vibration_bearing_fault,1,2,300,1200,2.112742,-0.37509,-0.117934,0.261362,-0.430064,0.167814,0.854755,0.052991,0.4,196.22
757,cruise,3593.489699,75.898868,55.367519,96.333242,194.827824,645.816121,23.930572,1.164666,9.907933,12.220091,2982.881026,vibration_bearing_fault,1,2,300,1200,1.698489,-0.077787,-0.1044,-0.017087,-0.795898,-0.014975,0.853041,-0.065032,0.4,196.215
758,cruise,3873.084607,79.988795,55.574063,96.185519,198.474544,647.638086,23.744188,1.163941,10.19969,12.733546,2944.325299,vibration_bearing_fault,1,2,300,1200,5.067996,-0.208641,-0.526495,1.660538,-0.629837,-0.041161,0.849998,-0.03738,0.4,196.21
759,cruise,3839.088681,78.884234,54.853115,97.004388,196.332295,648.780418,23.927041,1.158578,9.840832,12.770301,3119.663901,vibration_bearing_fault,1,2,300,1200,-4.479007,-0.083601,-0.405806,-0.030857,0.099266,-0.091798,0.853777,0.004493,0.4,196.205
760,cruise,3697.790181,77.927955,55.201917,97.2055,199.51887,651.959688,24.055595,1.194513,10.148006,10.460708,2927.009093,vibration_bearing_fault,1,2,300,1200,-5.40539,0.433998,0.15232,0.300738,-0.95769,0.133792,0.845963,0.109588,0.4,196.2
761,cruise,3649.963657,78.08413,55.39456,96.628963,197.986979,648.736019,23.425048,1.127487,10.115031,10.26876,2773.651769,vibration_bearing_fault,1,2,300,1200,1.396767,-0.037014,0.113679,-0.300596,0.954763,0.139099,0.851024,-0.024855,0.4,196.195
762,cruise,3674.066074,80.100712,55.750865,97.367419,197.001251,651.205022,23.908368,1.163398,10.134199,12.741066,2941.282698,vibration_bearing_fault,1,2,300,1200,2.011444,-0.520327,0.701334,0.299196,-0.227815,-0.205305,0.858094,0.011016,0.4,196.19
763,cruise,3772.586666,77.174062,55.272154,96.429626,197.550108,646.378881,23.665896,1.072529,10.094619,10.879004,3065.13953,vibration_bearing_fault,1,2,300,1200,0.789018,0.001612,-0.346355,1.484563,-0.760198,-0.097094,0.857503,0.001922,0.4,196.185
764,cruise,3795.522157,76.098121,54.524325,97.218444,196.465927,645.175313,23.952166,1.156665,10.023286,12.093739,2905.869562,vibration_bearing_fault,1,2,300,1200,4.06563,0.343168,-0.828775,-0.241025,-0.828552,-0.138069,0.847102,-0.023255,0.4,196.18
765,cruise,3598.392689,76.810514,55.806392,95.993069,197.695012,650.009464,23.950526,1.208086,10.167008,14.208149,2957.714552,vibration_bearing_fault,1,2,300,1200,-3.367991,-0.350695,-0.038852,0.294819,-0.076664,-0.095101,0.851682,-0.093129,0.4,196.175
766,cruise,3696.27283,78.442908,56.363773,96.052218,197.395018,655.251724,23.789603,1.185537,10.354684,10.613116,2976.788912,vibration_bearing_fault,1,2,300,1200,3.930208,0.89422,0.28035,-1.021372,1.124258,-0.035726,0.852597,-0.073447,0.4,196.17
767,cruise,3793.192616,77.569776,55.466861,97.117925,196.136971,649.818378,23.805058,1.139583,9.835604,11.025598,3158.210272,vibration_bearing_fault,1,2,300,1200,0.300417,0.045571,0.844297,-1.451936,-1.195937,-0.049721,0.853831,0.12919,0.4,196.165
768,cruise,3436.778619,75.047909,54.894914,96.205835,195.845271,648.437761,24.036298,1.303253,9.995466,12.877768,2930.494646,vibration_bearing_fault,1,2,300,1200,-2.066501,0.403203,-0.203525,0.007404,1.061214,-0.084932,0.851711,0.032347,0.4,196.16
769,cruise,3659.656361,78.468916,55.101371,95.828587,196.290648,650.36418,23.632062,1.118008,9.935723,12.563037,3076.791058,vibration_bearing_fault,1,2,300,1200,-2.773891,-0.192864,-0.764623,0.404744,1.805642,0.344174,0.839281,0.09433,0.4,196.155
770,cruise,3565.312789,76.207377,55.608132,96.055984,197.065498,647.379798,24.023669,1.060145,10.336394,11.375163,2831.348397,vibration_bearing_fault,1,2,300,1200,2.466061,-0.426967,-0.387889,-0.413536,-2.527432,-0.187045,0.844899,0.031766,0.4,196.15
771,cruise,3653.133251,75.047238,54.750184,96.650572,196.504563,645.2013,23.996993,1.161494,10.114383,10.76913,3197.200453,vibration_bearing_fault,1,2,300,1200,-5.612625,0.232931,-0.747914,0.117537,0.703688,0.144198,0.846984,-0.071968,0.4,196.145
772,cruise,3724.384105,77.013314,55.296341,95.32681,195.014617,644.168052,23.824265,1.303442,10.120873,11.907895,3023.75763,vibration_bearing_fault,1,2,300,1200,3.455263,0.51992,0.460321,0.813729,-0.878991,-0.160946,0.854431,-0.006752,0.4,196.14
773,cruise,3904.52597,78.947536,55.258013,96.567958,193.306912,649.926556,23.67512,1.061288,10.393986,11.934512,3083.982568,vibration_bearing_fault,1,2,300,1200,1.579555,0.218162,0.089045,0.343913,1.387862,0.091152,0.844631,-0.099303,0.4,196.135
774,cruise,3731.805621,77.653392,54.903688,96.023328,198.256603,645.893504,23.614564,1.138251,10.378797,11.738591,3004.886297,vibration_bearing_fault,1,2,300,1200,-4.643176,0.36607,-0.009242,-0.440031,-2.342518,-0.057174,0.855165,0.116904,0.4,196.13
775,cruise,3595.82174,78.7467,54.439537,96.747117,196.319533,648.631543,23.963039,1.192409,9.985081,12.247121,3017.273372,vibration_bearing_fault,1,2,300,1200,1.222099,0.591558,0.259055,-1.471337,-2.272727,0.058237,0.851735,0.032244,0.4,196.125
776,cruise,3869.223136,77.653778,55.627745,95.989974,197.302691,647.099206,23.970202,1.137794,9.941797,12.478984,3018.357795,vibration_bearing_fault,1,2,300,1200,2.40266,0.0879,-0.685815,0.073234,-1.134579,0.064289,0.849349,-0.010607,0.4,196.12
777,cruise,3754.337164,78.826786,53.969031,97.03782,198.259242,650.621697,24.006318,1.153214,9.91968,10.363357,3057.986835,vibration_bearing_fault,1,2,300,1200,3.305984,-0.295505,-0.483978,-1.335047,0.961021,-0.119049,0.842769,0.023509,0.4,196.115
778,cruise,3627.575186,75.552525,54.522475,96.672828,196.793937,647.440232,23.693379,1.157702,10.009939,12.546015,3068.820518,vibration_bearing_fault,1,2,300,1200,0.940813,0.294565,-0.631797,-0.387917,4.667426,-0.019944,0.858016,0.081408,0.4,196.11
779,cruise,3841.209701,78.642746,55.094658,95.874855,199.204176,648.358399,23.690715,1.208092,10.063611,12.291816,2992.644214,vibration_bearing_fault,1,2,300,1200,5.708273,0.036505,0.206804,-0.351965,0.898591,0.02225,0.851832,0.01337,0.4,196.105
780,cruise,3772.56514,77.542644,55.078292,95.970441,197.854663,645.718789,23.75937,1.194966,10.130589,11.915223,3135.44198,vibration_bearing_fault,1,2,300,1200,-4.487052,0.176819,-0.021496,0.607046,1.104274,0.089488,0.854861,0.003153,0.4,196.1
781,cruise,3860.560553,78.127776,54.872446,96.949634,198.108426,641.724971,23.654181,1.149906,10.106296,11.679275,2778.780196,vibration_bearing_fault,1,2,300,1200,2.122363,0.283249,0.621404,0.67904,1.877311,0.267184,0.843937,-0.06003,0.4,196.095
782,cruise,3683.93123,78.944254,56.098489,96.462117,196.163734,647.098546,23.754667,1.207266,10.094609,10.509831,2968.822189,vibration_bearing_fault,1,2,300,1200,2.675028,0.315414,0.09508,0.936508,0.245136,0.206187,0.847049,0.116744,0.4,196.09
783,cruise,3748.576469,75.284522,55.58683,97.182998,195.85129,647.198914,23.651179,1.146097,10.365628,12.36997,2856.694195,vibration_bearing_fault,1,2,300,1200,-1.152808,-0.001417,1.104509,-0.186868,0.769127,-0.147182,0.850813,-0.078174,0.4,196.085
784,cruise,3673.077715,79.490515,55.445071,96.360666,196.605932,653.333531,23.840896,1.116642,10.399799,12.229988,3047.963834,vibration_bearing_fault,1,2,300,1200,-2.457051,0.475676,0.32743,-0.6033,1.660238,0.220431,0.852663,-0.079217,0.4,196.08
785,cruise,3599.324503,77.552304,54.718171,97.870482,196.443998,645.181089,23.244569,1.166447,10.099369,11.198956,2936.75444,vibration_bearing_fault,1,2,300,1200,0.244209,-0.224445,-0.533724,0.332349,-0.74094,-0.007295,0.849732,0.065716,0.4,196.075
786,cruise,3954.56073,79.816654,56.476192,97.237251,194.649725,654.496883,23.937919,1.213108,9.823363,10.865361,3164.977521,vibration_bearing_fault,1,2,300,1200,-2.454622,0.51379,-0.345424,-0.247378,1.77315,0.221527,0.842752,0.015029,0.4,196.07
787,cruise,3844.785446,77.757918,55.104486,95.776209,197.077975,653.315651,23.811673,1.089041,10.027169,12.150404,2960.590359,vibration_bearing_fault,1,2,300,1200,-3.594514,0.164576,-0.7074,0.170644,-2.14581,-0.395725,0.848108,-0.111371,0.4,196.065
788,cruise,3709.713227,77.652309,55.497443,95.957894,197.12798,648.188759,23.941158,1.183899,10.162311,12.016495,3106.561545,vibration_bearing_fault,1,2,300,1200,3.745311,0.539858,0.6866,0.60038,1.32674,-0.006578,0.833631,0.106294,0.4,196.06
789,cruise,3696.680828,76.628243,55.800268,96.002975,197.004237,648.524323,24.031664,1.132609,10.001864,12.268822,3147.343948,vibration_bearing_fault,1,2,300,1200,-1.47006,-0.005138,0.252866,-0.297194,-3.121993,0.059467,0.846726,-0.062262,0.4,196.055
790,cruise,3573.868297,77.70969,56.159442,96.797126,196.714288,645.38142,24.191657,1.252089,9.985084,10.641132,2976.198611,vibration_bearing_fault,1,2,300,1200,1.448508,0.358842,0.159931,0.157793,0.775236,0.169322,0.858677,-0.048488,0.4,196.05
791,cruise,3696.071356,78.350967,54.792011,96.955628,195.415805,648.160454,23.630403,1.208205,10.092573,11.235854,3051.756815,vibration_bearing_fault,1,2,300,1200,-1.33844,0.235344,-0.203884,-0.798617,-0.828823,-0.083083,0.84232,0.045682,0.4,196.045
792,cruise,3603.428707,77.534377,55.011491,95.92855,198.528069,649.311761,23.807262,1.189861,10.11325,11.60999,2925.535722,vibration_bearing_fault,1,2,300,1200,-0.407385,-0.434509,-0.274511,0.375768,-0.088155,0.024157,0.851564,-0.095526,0.4,196.04
793,cruise,3590.896451,77.556169,55.346398,96.475697,197.616603,642.394672,23.46181,1.201965,10.01778,10.657509,2891.483026,vibration_bearing_fault,1,2,300,1200,-0.271396,-0.762273,-0.442183,1.880252,1.372406,-0.052735,0.850341,0.102834,0.4,196.035
794,cruise,3582.319032,75.039531,56.013716,96.61127,196.079554,652.885082,23.755283,1.193434,10.40649,11.279425,3070.490533,vibration_bearing_fault,1,2,300,1200,2.719281,-0.084446,0.183459,-1.526153,-0.565271,0.104815,0.851766,-0.113063,0.4,196.03
795,cruise,3623.779834,77.44063,55.040673,96.567367,198.156878,651.729201,24.055929,1.161012,10.198896,12.959726,3003.796975,vibration_bearing_fault,1,2,300,1200,3.853701,0.194328,-0.027009,0.891866,-2.035488,-0.157245,0.850171,0.019027,0.4,196.025
796,cruise,4080.751503,76.780692,55.442915,96.475808,198.434525,648.761477,23.887954,1.090367,9.893034,11.403578,3159.298963,vibration_bearing_fault,1,2,300,1200,-1.836403,-0.553238,0.297227,-0.456678,2.07982,0.002418,0.847946,0.20744,0.4,196.02
797,cruise,3677.859587,77.876663,55.385522,95.724737,197.827006,649.532694,23.669884,1.184165,10.140455,12.19739,3076.520612,vibration_bearing_fault,1,2,300,1200,-0.939124,-0.594183,-0.526539,-0.809385,0.344432,0.348158,0.851871,-0.066173,0.4,196.015
798,cruise,3853.651689,77.220012,55.010297,96.805349,196.73051,651.936074,23.667914,1.224159,10.175104,11.139676,2999.080061,vibration_bearing_fault,1,2,300,1200,-4.386128,0.154552,-0.386735,-0.109915,-1.540341,-0.190061,0.843295,-0.097237,0.4,196.01
799,cruise,3727.831029,78.264545,55.418114,96.590506,196.730056,647.496799,24.201584,1.115248,10.210523,13.129597,3105.408809,vibration_bearing_fault,1,2,300,1200,4.977396,-0.043524,0.218931,-0.130578,3.261591,-0.039065,0.854746,-0.077144,0.4,196.005
800,cruise,3918.162153,79.154448,54.599167,96.149269,196.200663,646.880837,23.834085,1.10873,9.946688,11.56733,2999.901445,vibration_bearing_fault,1,2,300,1200,2.407222,0.489519,0.263567,-0.71199,2.419427,0.075291,0.843897,0.012181,0.4,196.0
801,cruise,3797.824904,79.014568,56.431377,96.585268,196.998878,650.488128,23.734206,1.067526,10.209119,12.668172,2937.61682,vibration_bearing_fault,1,2,300,1200,-1.80781,-0.564044,-0.270262,-1.506367,-1.274369,-0.112092,0.842658,-0.070996,0.4,195.995
802,cruise,3629.380522,76.695329,54.881883,97.012631,197.64904,644.520482,23.866318,1.161613,10.335899,9.585651,2974.564001,vibration_bearing_fault,1,2,300,1200,-1.246232,0.180813,-0.03863,0.461983,-0.451183,0.152191,0.846003,-0.070157,0.4,195.99
803,cruise,3381.214911,77.162264,54.838013,96.402762,194.9975,648.093971,23.901961,1.142941,10.300558,11.712935,3020.294414,vibration_bearing_fault,1,2,300,1200,3.370897,0.286574,-0.224551,0.425704,-2.37926,-0.117856,0.848965,-0.050622,0.4,195.985
804,cruise,3769.390471,78.792955,54.579344,97.123203,197.869742,645.017177,23.774924,1.191181,10.216742,11.605995,2973.591023,vibration_bearing_fault,1,2,300,1200,-0.8524,-1.03887,-0.689574,0.619779,2.142131,-0.36343,0.847434,0.026994,0.4,195.98
805,cruise,3622.952637,78.694392,54.453945,96.997137,197.710626,647.402205,23.732508,1.155386,9.923349,11.323115,2970.147978,vibration_bearing_fault,1,2,300,1200,-1.916156,-0.541634,-0.140038,0.016074,-0.570927,-0.012045,0.8435,-0.101494,0.4,195.975
806,cruise,3736.098716,76.835681,54.730559,97.643123,196.239951,649.358955,23.875896,1.144151,10.050429,10.933928,3056.28458,vibration_bearing_fault,1,2,300,1200,-1.288056,0.149581,-0.286804,1.144769,0.656869,-0.086501,0.853247,0.072205,0.4,195.97
807,cruise,3898.124437,76.649338,55.353383,97.18317,195.894995,653.142949,23.759931,1.273855,10.197463,12.818546,3049.488358,vibration_bearing_fault,1,2,300,1200,3.397093,-0.128358,-0.680655,0.072138,-1.001191,0.017028,0.857613,0.059857,0.4,195.965
808,cruise,3675.614405,78.101926,54.621022,96.534764,197.444599,654.588419,23.790251,1.143198,10.169029,12.15194,2994.381064,vibration_bearing_fault,1,2,300,1200,-0.937498,0.199042,0.18302,-0.462806,-1.343052,-0.219568,0.854251,0.021584,0.4,195.96
809,cruise,3364.720397,76.13375,55.124203,97.080052,195.566842,647.911014,23.727739,1.178509,10.132583,11.095362,3041.317464,vibration_bearing_fault,1,2,300,1200,-3.698134,0.045635,-0.993365,-0.622456,2.121156,-0.4388,0.854695,0.050724,0.4,195.955
810,cruise,3738.50904,79.430284,54.711656,96.178366,197.724629,646.868127,23.890752,1.166343,9.985579,12.11207,3093.690806,vibration_bearing_fault,1,2,300,1200,3.876851,0.088563,-0.232285,-1.079777,-0.136623,-0.035073,0.850648,0.00391,0.4,195.95
811,cruise,3460.656732,78.124025,56.117094,96.399319,197.098826,650.018576,24.252327,1.166855,10.066886,12.047223,2997.016199,vibration_bearing_fault,1,2,300,1200,5.487713,0.292821,0.215292,0.643449,-1.992151,-0.056808,0.845157,0.027923,0.4,195.945
812,cruise,3454.288855,76.708103,54.98403,96.210777,195.496651,648.477383,24.008041,1.109937,9.865483,11.567414,2957.208266,vibration_bearing_fault,1,2,300,1200,-5.160802,-0.228306,-0.203532,1.340618,-0.289977,-0.099642,0.851592,0.067257,0.4,195.94
813,cruise,4171.69117,77.759193,54.989617,97.167066,198.325722,648.355395,23.818209,1.140133,10.413124,12.698903,3063.490245,vibration_bearing_fault,1,2,300,1200,4.424102,0.110635,0.363974,1.301264,1.476382,0.064336,0.85172,-0.104109,0.4,195.935
814,cruise,3808.426482,77.087421,55.60254,96.704924,197.782804,648.281119,23.99006,1.114919,10.341703,12.350018,3084.359802,vibration_bearing_fault,1,2,300,1200,-0.24844,-0.225275,-0.358309,-0.184572,0.660417,0.090983,0.844503,-0.001107,0.4,195.93
815,cruise,3773.814042,79.249361,55.743744,96.598054,198.09741,644.067768,23.876094,1.179933,10.163024,12.91912,3004.853399,vibration_bearing_fault,1,2,300,1200,-3.52799,-0.055927,0.676714,-1.330892,2.735105,-0.105356,0.85222,-0.066906,0.4,195.925
816,cruise,4104.802513,76.293345,55.351732,96.642247,195.54869,644.31862,24.039142,1.186463,10.045575,13.496426,3049.957361,vibration_bearing_fault,1,2,300,1200,1.994604,0.226582,0.238906,0.336771,0.410841,-0.016849,0.841459,-0.029511,0.4,195.92
817,cruise,3855.269349,78.285748,55.203348,95.912739,195.591828,650.397687,23.959212,1.239731,10.336886,12.347676,2811.65713,vibration_bearing_fault,1,2,300,1200,0.859411,0.543961,-0.754737,-0.182327,3.380949,0.096494,0.851587,-0.018846,0.4,195.915
818,cruise,3771.385832,76.892045,54.980813,96.46057,197.88865,643.624059,23.936477,1.265982,10.153694,12.965884,3091.151347,vibration_bearing_fault,1,2,300,1200,-1.364634,-0.027702,-0.82256,2.271312,0.564571,0.106376,0.846222,-0.075133,0.4,195.91
819,cruise,3682.344441,77.732363,55.567903,95.995005,196.185494,642.187321,23.408525,1.227076,9.930665,12.513901,3003.890228,vibration_bearing_fault,1,2,300,1200,-1.225959,-0.064567,-0.364892,-0.293764,-1.119886,0.077392,0.848994,0.020214,0.4,195.905
820,cruise,4105.103349,77.497893,56.15418,96.026953,198.859299,651.272936,23.7027,1.184765,10.098056,12.728466,3095.088532,vibration_bearing_fault,1,2,300,1200,4.392278,-0.610812,0.096346,0.798281,2.708098,0.021849,0.850412,0.040872,0.4,195.9
821,cruise,3840.3489,78.124148,54.953315,95.660562,195.946371,644.851844,23.82995,1.085975,10.068688,11.42227,3156.279973,vibration_bearing_fault,1,2,300,1200,-1.198245,0.188095,-0.464631,-0.532329,1.04828,-0.141867,0.856915,-0.001542,0.4,195.895
822,cruise,3780.509515,77.510694,54.703328,96.690761,197.614521,646.824312,23.702943,1.156165,10.15358,14.147418,2919.107365,vibration_bearing_fault,1,2,300,1200,2.128542,0.085646,-0.001209,0.175769,0.417853,-0.155169,0.84824,0.064809,0.4,195.89
823,cruise,3535.337917,76.565738,55.69062,96.43586,198.80503,648.506491,23.285245,1.168851,10.145821,11.862785,3092.677064,vibration_bearing_fault,1,2,300,1200,4.07702,-0.390841,-0.337678,0.611214,0.741251,-0.069467,0.84877,-0.101214,0.4,195.885
824,cruise,3703.798005,78.021677,55.760625,96.546032,197.778211,648.309463,23.566947,1.218724,10.400314,10.475426,3137.15044,vibration_bearing_fault,1,2,300,1200,2.675172,0.308053,0.293716,-0.04325,0.036231,-0.094434,0.844687,0.031729,0.4,195.88
825,cruise,3336.921262,78.247212,55.90141,96.640584,198.033125,642.45725,23.400361,1.151534,10.210166,10.602212,2992.238253,vibration_bearing_fault,1,2,300,1200,-3.020451,0.360885,0.365349,0.473074,0.02909,-0.004009,0.860239,0.094437,0.4,195.875
826,cruise,3936.617634,77.505937,55.107605,95.917225,197.348994,645.951022,23.736371,1.17172,10.176355,10.814823,2993.478317,vibration_bearing_fault,1,2,300,1200,-3.953909,0.389426,1.0772,-0.001918,0.724515,0.062051,0.848564,0.00602,0.4,195.87
827,cruise,4104.694137,77.849765,55.209447,95.790828,197.707491,650.872177,23.929386,1.185294,10.267674,11.001052,3083.588566,vibration_bearing_fault,1,2,300,1200,-1.319699,0.295111,0.153602,0.422853,1.937704,0.029157,0.854321,0.02382,0.4,195.865
828,cruise,3957.19813,77.680943,54.844027,97.500928,197.411427,646.85637,23.752698,1.172992,10.143871,10.458396,2868.506793,vibration_bearing_fault,1,2,300,1200,2.016034,0.218976,0.756092,-0.669183,0.698271,-0.174433,0.851969,-0.015786,0.4,195.86
829,cruise,3650.13758,78.247317,55.20865,97.322127,196.8963,648.842102,23.95753,1.152273,9.954824,12.17749,3000.034951,vibration_bearing_fault,1,2,300,1200,-1.005761,0.325667,1.012212,-0.497724,-2.249758,-0.339592,0.853737,0.192656,0.4,195.855
830,cruise,3581.868885,78.164326,55.129012,95.398841,194.890396,648.970387,24.081323,1.127187,10.146354,10.916125,2974.203562,vibration_bearing_fault,1,2,300,1200,5.279116,-0.351509,0.093827,-0.7855,-0.89246,0.086412,0.85835,-0.027331,0.4,195.85
831,cruise,3722.603346,77.817457,54.916403,96.789066,197.749963,646.247897,23.867481,1.150343,10.046385,11.594603,3034.308239,vibration_bearing_fault,1,2,300,1200,3.216286,-0.272446,-0.043618,-0.038149,1.998122,0.230039,0.850003,0.014273,0.4,195.845
832,cruise,3403.462812,77.619954,55.514501,96.859538,196.076875,649.64704,23.893704,1.123818,10.253884,11.532716,2944.697635,vibration_bearing_fault,1,2,300,1200,-2.987418,0.123805,-0.05743,0.029295,2.783795,-0.213832,0.856884,0.137374,0.4,195.84
833,cruise,3762.872538,76.857894,55.861101,96.16955,197.96257,649.104236,23.958536,1.199464,9.915628,12.920662,2916.201375,vibration_bearing_fault,1,2,300,1200,-1.411668,0.674593,0.106256,-0.266869,-0.530674,-0.089275,0.851607,-0.03408,0.4,195.835
834,cruise,3498.290391,79.007126,55.166925,96.015569,195.868384,645.344825,23.888858,1.200553,10.129937,11.369136,2993.809065,vibration_bearing_fault,1,2,300,1200,0.269779,0.620084,0.137937,0.673139,-0.261734,0.07715,0.85054,0.116655,0.4,195.83
835,cruise,3836.109673,79.041949,54.82171,97.756714,197.71409,651.247005,23.874517,1.071153,10.266655,11.154314,3125.100866,vibration_bearing_fault,1,2,300,1200,2.565481,-0.397099,1.474911,0.722449,-0.604562,0.121096,0.851039,0.051754,0.4,195.825
836,cruise,3600.191,76.912929,54.630997,95.293492,195.412513,650.407684,23.748019,1.162815,10.073397,11.383404,3053.060481,vibration_bearing_fault,1,2,300,1200,1.475201,-0.28219,0.459949,-0.296594,-0.048853,0.16447,0.858306,0.023743,0.4,195.82
837,cruise,4030.568031,76.929143,55.373836,96.429177,195.862361,652.967788,23.67256,1.210697,10.142155,10.959925,3010.050298,vibration_bearing_fault,1,2,300,1200,5.734898,-0.381677,1.091041,0.278867,-1.260555,0.120286,0.857138,0.026119,0.4,195.815
838,cruise,3596.283326,77.47549,54.613955,96.032188,198.436162,645.277278,23.557963,1.173154,10.053875,10.404437,3028.68617,vibration_bearing_fault,1,2,300,1200,-3.244833,-0.518748,0.27223,0.213777,-0.740142,0.065537,0.848476,0.028245,0.4,195.81
839,cruise,3968.941315,78.900967,55.551359,97.528681,197.121499,653.233504,23.64785,1.204729,9.959603,10.810802,3027.708775,vibration_bearing_fault,1,2,300,1200,-3.097459,-0.3206,0.269261,-1.293439,-1.619242,-0.002078,0.848647,0.022648,0.4,195.805
840,cruise,3874.737691,78.123581,55.551713,96.338622,199.225455,649.692079,23.659439,1.199607,10.314805,12.334554,3026.686927,vibration_bearing_fault,1,2,300,1200,-7.952542,-0.021824,-0.120511,1.301662,2.507883,-0.117358,0.849207,0.044668,0.4,195.8
841,cruise,3815.025502,77.960605,56.238618,97.560641,196.377568,652.328394,23.946188,1.099494,10.142076,12.655735,2943.888588,vibration_bearing_fault,1,2,300,1200,-2.320547,0.256599,-0.300168,-0.15271,1.384839,0.081315,0.8512,0.055762,0.4,195.795
842,cruise,3597.701508,77.153286,54.945211,96.305529,197.253904,650.372754,23.720086,1.246628,10.136847,12.019247,2953.534735,vibration_bearing_fault,1,2,300,1200,-1.331495,-0.044234,0.1193,0.095813,0.356315,0.01437,0.851765,-0.006319,0.4,195.79
843,cruise,3805.746825,77.448133,54.938133,96.866184,197.875573,651.8252,23.896178,1.165754,9.916528,10.937329,3108.453972,vibration_bearing_fault,1,2,300,1200,-1.14525,0.233052,0.577898,1.069471,0.401162,-0.087384,0.853113,-0.022757,0.4,195.785
844,cruise,3980.422829,77.673856,55.243285,95.776325,194.546367,655.420083,24.18942,1.172625,10.253603,13.519359,3138.897849,vibration_bearing_fault,1,2,300,1200,-1.311754,-0.208689,-0.647125,-0.407,1.75383,0.237184,0.841558,0.012013,0.4,195.78
845,cruise,3648.673094,76.045388,55.580487,95.852178,195.88057,651.765373,23.921674,1.094861,10.38208,10.24395,2961.2446,vibration_bearing_fault,1,2,300,1200,-0.891711,0.244686,0.500237,-1.12912,3.364467,0.093089,0.847709,0.097174,0.4,195.775
846,cruise,3613.753057,78.043588,55.216342,97.089235,197.916374,644.642773,23.78391,1.142409,10.15338,10.872101,3065.864785,vibration_bearing_fault,1,2,300,1200,1.092398,-0.551782,0.105153,-0.481752,1.212714,-0.01447,0.849807,0.044521,0.4,195.77
847,cruise,3822.490523,77.404029,54.636028,95.656783,195.460679,648.966109,23.847007,1.193089,9.807946,12.518403,3094.077193,vibration_bearing_fault,1,2,300,1200,0.188012,0.62479,0.241349,0.822978,-1.198354,-0.032335,0.853201,0.124446,0.4,195.765
848,cruise,3685.112184,77.216944,54.688388,95.969119,198.083203,651.201453,23.813573,1.09564,10.005989,12.335911,3164.088613,vibration_bearing_fault,1,2,300,1200,-1.366951,-0.464352,0.147847,-0.60092,2.466543,-0.125792,0.850647,0.045941,0.4,195.76
849,cruise,3620.341177,77.059111,54.52092,96.837503,196.468391,646.233121,23.685,1.0884,10.236321,12.689189,3056.183932,vibration_bearing_fault,1,2,300,1200,0.567204,-0.660008,-0.115087,0.6824,1.614642,-0.000983,0.852114,0.151213,0.4,195.755
850,cruise,3690.404131,76.37704,55.584979,96.600053,195.932689,650.663309,23.81998,1.169331,10.248576,11.770452,3155.374985,vibration_bearing_fault,1,2,300,1200,0.288374,0.308583,0.655775,-0.58942,-1.140904,-0.197397,0.853421,-0.055564,0.4,195.75
851,cruise,3299.916116,75.872027,55.195256,96.778677,196.485244,647.496188,23.777936,1.14048,10.143735,13.100958,3086.72358,vibration_bearing_fault,1,2,300,1200,0.989703,-0.166257,-0.795453,-0.365586,-1.130602,-0.108952,0.841064,0.035616,0.4,195.745
852,cruise,3581.281664,75.220268,55.81943,96.839556,199.458594,646.410279,23.933178,1.128831,10.339003,11.164337,2870.491798,vibration_bearing_fault,1,2,300,1200,6.447964,0.748497,-0.073023,-0.135905,-0.318384,0.359531,0.859848,0.137183,0.4,195.74
853,cruise,3736.407329,76.454012,55.246337,96.293917,197.916578,652.598817,23.695276,1.126556,10.066137,11.794626,2932.987534,vibration_bearing_fault,1,2,300,1200,-5.59448,0.003571,0.783559,0.831271,3.148442,-0.189927,0.85319,-0.022108,0.4,195.735
854,cruise,3758.88918,78.299848,55.375001,96.913733,195.851161,647.034335,23.676322,1.247473,10.025505,11.618654,3236.695871,vibration_bearing_fault,1,2,300,1200,-0.295728,0.484491,-0.761025,0.155207,0.941321,-0.225364,0.847622,-0.128959,0.4,195.73
855,cruise,3598.692561,77.919217,54.011607,96.393388,197.802256,649.955247,23.77758,1.237236,10.175352,12.113725,3036.996647,vibration_bearing_fault,1,2,300,1200,3.154187,-0.817797,0.517309,0.145226,1.376907,-0.273586,0.842241,-0.142786,0.4,195.725
856,cruise,3892.687227,78.336916,55.156461,97.183035,196.010711,649.987105,23.891054,1.186518,10.314936,11.481334,3068.984168,vibration_bearing_fault,1,2,300,1200,5.725117,0.436461,0.783101,0.621507,0.138061,0.111709,0.853529,0.054815,0.4,195.72
857,cruise,3595.858182,77.327436,54.838691,96.505063,198.010756,649.5134,23.722334,1.146789,9.97005,12.802879,3085.150273,vibration_bearing_fault,1,2,300,1200,-1.568465,0.343581,0.77597,0.586115,0.461155,0.066386,0.851159,0.181458,0.4,195.715
858,cruise,3805.403823,77.724104,55.245808,96.133851,195.723605,649.186362,23.748815,1.23426,10.069962,8.365742,2925.328082,vibration_bearing_fault,1,2,300,1200,1.044252,-0.224961,-0.055609,0.244834,-0.226028,-0.073635,0.856698,-0.051913,0.4,195.71
859,cruise,3748.643919,78.171751,54.960927,96.761701,197.521504,650.10849,23.762073,1.05763,9.974489,11.461461,2912.31851,vibration_bearing_fault,1,2,300,1200,-0.404405,-0.006017,-0.526015,-0.141994,-2.252382,-0.110458,0.845679,-0.089718,0.4,195.705
860,cruise,3838.030387,79.164938,55.092624,96.912482,197.246896,649.273561,23.313108,1.132501,10.072954,11.341798,2978.528477,vibration_bearing_fault,1,2,300,1200,-3.507577,-0.557022,-0.149645,0.798852,0.670193,0.073536,0.847159,0.041026,0.4,195.7
861,cruise,3643.494641,74.974861,54.481892,96.036017,196.904584,648.708123,23.625178,1.15289,10.291344,11.879326,2993.470122,vibration_bearing_fault,1,2,300,1200,3.956308,0.364495,0.011231,-0.645492,-0.680087,0.168834,0.856233,0.016868,0.4,195.695
862,cruise,3914.818279,77.325004,56.21398,95.832071,196.244433,649.934097,24.02389,1.114752,10.301647,12.557436,3067.489934,vibration_bearing_fault,1,2,300,1200,-0.124246,0.208282,-0.14023,0.035916,2.468851,0.12678,0.847527,-0.068241,0.4,195.69
863,cruise,3450.503444,77.229182,54.914433,96.944736,197.575263,645.320204,23.789209,1.211685,10.261231,13.545823,3048.308056,vibration_bearing_fault,1,2,300,1200,3.225959,-0.261517,-0.441381,0.825833,-1.645433,-0.093254,0.85761,-0.113424,0.4,195.685
864,cruise,3510.46058,76.904124,54.963389,96.306036,197.739317,647.534399,23.876181,1.159685,10.149887,10.35051,2966.86637,vibration_bearing_fault,1,2,300,1200,5.168074,-0.817118,-0.176527,1.38625,-2.231549,0.02742,0.847217,-0.106218,0.4,195.68
865,cruise,3813.337351,79.357754,55.654732,96.775214,196.257766,647.309079,23.588375,1.192475,10.194251,11.699666,3003.922212,vibration_bearing_fault,1,2,300,1200,3.533069,-0.734102,-0.374275,-0.286751,0.088491,0.040122,0.846409,0.096406,0.4,195.675
866,cruise,3811.299662,76.650772,54.530503,96.381767,198.308097,644.790554,23.727606,1.246049,9.977423,12.963547,2864.679232,vibration_bearing_fault,1,2,300,1200,2.665403,0.137258,0.269473,0.503416,-0.112766,-0.044504,0.845281,-0.062404,0.4,195.67
867,cruise,3633.530082,77.705707,54.968355,96.482608,198.068591,647.291551,24.110673,1.181296,9.908339,12.535389,2941.815363,vibration_bearing_fault,1,2,300,1200,-0.191004,0.363943,1.001688,0.382029,0.362145,-0.146955,0.851259,-0.040693,0.4,195.665
868,cruise,3832.60442,78.408905,54.265551,96.950226,195.407438,651.916999,23.956835,1.130149,10.156979,10.406013,2901.108447,vibration_bearing_fault,1,2,300,1200,0.632728,0.379487,1.025258,0.631028,0.281184,0.088763,0.845649,0.032343,0.4,195.66
869,cruise,3865.721789,79.770026,55.872876,96.165602,196.453891,648.804094,23.962539,1.162923,9.798893,11.519662,3121.374097,vibration_bearing_fault,1,2,300,1200,1.916961,-0.745843,-0.300717,-0.224111,0.316455,-0.215346,0.851237,0.090265,0.4,195.655
870,cruise,3654.869365,79.154059,54.838582,95.301176,195.704585,648.887177,23.781406,1.077646,10.356872,11.719596,3026.347364,vibration_bearing_fault,1,2,300,1200,0.50403,0.619297,-0.3915,-0.02655,0.134523,-0.083591,0.846972,-0.205442,0.4,195.65
871,cruise,4262.47296,76.531253,55.033878,96.45699,196.865513,647.194195,24.023886,1.170387,10.232252,12.019288,2986.417438,vibration_bearing_fault,1,2,300,1200,-2.032275,0.329027,0.186141,0.537258,1.734656,0.036174,0.855909,-0.037082,0.4,195.645
872,cruise,3555.716113,77.031874,54.877165,97.27716,195.832695,642.685765,23.994946,1.165565,10.382554,11.982544,3112.059695,vibration_bearing_fault,1,2,300,1200,-3.429546,-0.72297,-0.362943,0.142871,-1.736248,-0.089036,0.845626,-0.005605,0.4,195.64
873,cruise,3638.812238,77.236895,55.590611,96.49893,197.59166,648.951517,23.930796,1.209746,10.187394,12.009795,2950.846738,vibration_bearing_fault,1,2,300,1200,-2.971708,0.731789,0.375252,1.221038,0.871786,-0.07318,0.849147,-0.010888,0.4,195.635
874,cruise,3703.372546,76.686906,55.343901,96.33963,195.786971,648.996333,23.754751,1.125945,9.834019,11.366575,2975.969643,vibration_bearing_fault,1,2,300,1200,-0.837912,-0.123635,-0.765331,0.490618,-0.759191,-0.03282,0.853423,-0.150187,0.4,195.63
875,cruise,3503.038581,77.191373,54.941104,96.803879,196.893765,654.678099,23.639575,1.173488,9.918383,11.79032,3160.079574,vibration_bearing_fault,1,2,300,1200,1.467854,-0.676074,-0.136207,-0.265515,0.946108,-0.110657,0.846079,0.162918,0.4,195.625
876,cruise,3652.244995,77.24488,55.250943,96.491963,196.005672,650.936426,23.773408,1.120693,10.117584,12.205392,3089.035129,vibration_bearing_fault,1,2,300,1200,1.278725,0.165654,0.319963,-1.375855,2.967698,0.159952,0.842691,0.006455,0.4,195.62
877,cruise,3664.016345,77.202246,55.570274,97.843606,196.677273,647.465028,24.03578,1.186191,10.391536,13.136577,2930.399822,vibration_bearing_fault,1,2,300,1200,-1.337871,0.275328,0.158256,-1.142009,0.309208,0.079659,0.852829,0.049258,0.4,195.615
878,cruise,3610.272513,77.331056,54.539949,96.619159,196.360056,650.519916,23.328045,1.142291,9.966201,10.093409,2990.922467,vibration_bearing_fault,1,2,300,1200,-3.810778,0.26725,-0.230311,1.538583,1.58773,0.196416,0.857944,0.017635,0.4,195.61
879,cruise,3916.43252,78.531355,56.088653,97.25319,196.852456,645.061261,23.96379,1.132784,10.162689,13.242844,3209.694884,vibration_bearing_fault,1,2,300,1200,1.705197,0.257119,-0.705504,0.847174,1.274312,0.142733,0.848443,-0.010732,0.4,195.605
880,cruise,3732.5631,77.862518,54.388571,96.445467,196.835779,651.465393,23.627608,1.11244,9.951303,12.163606,2958.654394,vibration_bearing_fault,1,2,300,1200,-0.434441,0.035957,0.136183,-1.981162,1.23322,-0.086873,0.849784,0.202314,0.4,195.6
881,cruise,3384.805068,79.164191,55.602176,96.081828,195.258941,649.690917,23.818351,1.131797,10.009232,10.251812,2969.24504,vibration_bearing_fault,1,2,300,1200,3.729884,-0.041443,-0.158666,-0.5309,-0.167463,0.157602,0.841598,0.069572,0.4,195.595
882,cruise,3631.614583,76.806022,55.397178,96.33997,197.088742,653.990106,23.518292,1.151256,10.170375,11.357567,2935.096339,vibration_bearing_fault,1,2,300,1200,-0.831121,0.343343,-0.553961,0.912784,0.522566,0.307683,0.856449,0.192884,0.4,195.59
883,cruise,3590.436927,76.054822,55.11713,96.453309,196.544648,651.407393,23.73192,1.153282,10.121044,11.902492,3012.428926,vibration_bearing_fault,1,2,300,1200,2.996227,-0.075968,-0.000563,-0.967872,-2.936887,0.019286,0.851702,0.021822,0.4,195.585
884,cruise,3846.923836,77.595048,55.329779,97.441631,197.023745,649.015121,24.00291,1.1547,9.971567,12.194623,3056.806142,vibration_bearing_fault,1,2,300,1200,-1.885937,-0.182568,0.628836,-0.154338,-1.222587,-0.232915,0.853733,-0.063145,0.4,195.58
885,cruise,4045.62466,79.806823,54.654687,96.598228,194.68103,641.855677,23.832458,1.186811,10.018836,11.309209,3076.641851,vibration_bearing_fault,1,2,300,1200,2.196372,-0.790531,0.280824,-0.513071,0.010741,0.040775,0.848993,0.133125,0.4,195.575
886,cruise,3582.794005,77.704904,55.068308,95.327169,198.754374,651.589407,23.780189,1.162718,10.375583,13.104742,3009.854139,vibration_bearing_fault,1,2,300,1200,3.890911,0.160357,0.207822,1.249946,-0.140781,-0.049543,0.855687,-0.209712,0.4,195.57
887,cruise,3858.52336,74.863181,54.213053,96.490911,197.467069,651.411778,24.1033,1.228229,10.419096,13.227376,3179.498421,vibration_bearing_fault,1,2,300,1200,-1.467424,-0.288014,-0.579316,-1.001898,0.38883,0.02585,0.847909,-0.040688,0.4,195.565
888,cruise,3713.273835,77.659563,55.555189,96.965129,197.744433,647.390728,23.962938,1.134738,10.079622,11.450845,2933.255681,vibration_bearing_fault,1,2,300,1200,3.535752,-0.1655,0.538729,0.226429,-1.841046,0.068351,0.84441,-0.090582,0.4,195.56
889,cruise,3901.858822,76.644649,54.534146,96.526423,198.027487,649.056079,23.547256,1.167365,10.119547,11.919795,3038.203994,vibration_bearing_fault,1,2,300,1200,-2.434412,-0.214297,0.229607,0.403826,1.04434,0.041112,0.838533,0.099063,0.4,195.555
890,cruise,3815.446491,78.032812,54.614091,95.308863,197.148039,649.790684,23.523217,1.060554,10.041703,12.30972,3091.833164,vibration_bearing_fault,1,2,300,1200,2.731001,0.376512,-0.272346,0.687029,-0.98494,-0.036129,0.847083,0.128853,0.4,195.55
891,cruise,3636.841205,79.473048,55.302543,96.178978,195.504032,649.600514,23.946347,1.242972,9.901689,12.314045,3005.095406,vibration_bearing_fault,1,2,300,1200,2.062746,-0.486067,0.157432,-1.377041,0.265277,0.16564,0.851784,-0.005093,0.4,195.545
892,cruise,3520.394555,77.672253,55.08096,96.578359,196.649469,651.174949,23.85318,1.107746,10.080438,11.544002,2927.485222,vibration_bearing_fault,1,2,300,1200,0.208061,0.759037,0.141191,0.939902,1.034991,0.19553,0.84182,-0.00197,0.4,195.54
893,cruise,3463.299432,79.22075,55.262867,97.168335,195.21609,645.131393,23.681157,1.09274,10.066095,12.26357,3066.70839,vibration_bearing_fault,1,2,300,1200,-0.165621,-0.613727,-0.245226,1.258139,1.507231,-0.032043,0.847099,-0.058431,0.4,195.535
894,cruise,3784.688164,77.176544,54.952273,97.115434,197.27013,646.422936,23.600892,1.169023,9.962539,11.148136,3003.138276,vibration_bearing_fault,1,2,300,1200,-1.77631,0.132273,-0.015816,0.466843,-2.104046,0.049818,0.843023,0.071749,0.4,195.53
895,cruise,3425.527021,76.363924,54.554081,97.058475,196.78503,647.805492,24.05709,1.060684,10.08818,12.035066,3073.738297,vibration_bearing_fault,1,2,300,1200,0.033062,-0.178266,-0.304725,-0.72374,-1.315614,-0.026938,0.85197,-0.049011,0.4,195.525
896,cruise,3943.991053,75.717631,54.898887,97.612727,196.544592,650.718019,23.904579,1.166842,10.121061,10.643331,2889.067596,vibration_bearing_fault,1,2,300,1200,0.918868,0.524222,-0.574444,0.87472,2.264087,-0.085058,0.849515,0.050373,0.4,195.52
897,cruise,3649.345162,75.841049,54.718279,97.187609,196.815331,643.912513,23.81252,1.190177,9.975438,11.59205,3033.420305,vibration_bearing_fault,1,2,300,1200,0.108262,-0.137403,0.600405,1.04008,0.375043,0.083155,0.84329,0.112373,0.4,195.515
898,cruise,3985.407495,78.704097,54.820391,95.802628,194.941886,649.024085,24.108823,1.172798,10.201985,11.72058,2981.158595,vibration_bearing_fault,1,2,300,1200,2.232827,-0.503875,-0.710553,0.835012,-2.943354,-0.024473,0.846229,-0.012012,0.4,195.51
899,cruise,3551.159609,77.705508,54.615257,95.63281,197.167543,642.511763,23.665062,1.13768,10.000924,10.905898,3131.227265,vibration_bearing_fault,1,2,300,1200,0.683898,0.334932,0.707475,0.169263,1.006433,0.146519,0.84204,-0.005697,0.4,195.505
900,cruise,3850.676014,77.23585,55.52689,95.91794,194.63298,650.918183,23.996966,1.131329,10.077119,10.311341,2987.86805,vibration_bearing_fault,1,2,300,1200,-0.398292,-0.481006,0.101952,-1.327666,-1.564013,0.040803,0.845313,-0.025568,0.4,195.5
901,cruise,3695.329138,75.735505,54.990218,96.15834,194.896686,648.205988,23.497814,1.075015,9.948149,11.277465,2920.54867,vibration_bearing_fault,1,2,300,1200,-1.118398,-0.140935,0.438084,1.13512,-1.321022,0.059683,0.859156,0.143319,0.4,195.495
902,cruise,3499.586938,76.016537,54.717628,96.805068,197.157985,650.876067,23.583194,1.128364,9.787497,11.037032,3137.852193,vibration_bearing_fault,1,2,300,1200,2.041639,-0.567304,-0.911067,-1.00098,1.036507,-0.024285,0.850671,0.022542,0.4,195.49
903,cruise,3766.837198,79.55472,55.081033,96.829941,197.062302,650.523866,23.59889,1.206762,10.130605,11.53391,3014.869678,vibration_bearing_fault,1,2,300,1200,-0.107364,-0.022873,-0.035355,0.746771,-0.923407,-0.041884,0.853441,0.103139,0.4,195.485
904,cruise,4045.38142,78.175486,54.265098,96.233893,196.402431,644.489064,23.860819,1.140713,10.056557,10.648167,2955.571794,vibration_bearing_fault,1,2,300,1200,1.727826,-0.322116,0.682534,0.625229,0.84877,-0.105157,0.853144,0.082452,0.4,195.48
905,cruise,3795.987682,75.90864,54.692812,96.061023,197.314656,650.439107,23.57471,1.247223,10.17393,10.007816,3099.069686,vibration_bearing_fault,1,2,300,1200,-0.990624,-0.525383,0.128719,-0.328657,-3.545081,0.178902,0.86051,-0.042362,0.4,195.475
906,cruise,3712.477187,78.38197,55.4988,97.20987,197.61107,647.48749,23.883394,1.145407,10.353657,11.669463,3132.203863,vibration_bearing_fault,1,2,300,1200,2.483282,-0.699118,0.207727,0.401924,-0.484127,0.144429,0.859655,0.089191,0.4,195.47
907,cruise,3629.765584,77.691851,56.055578,97.081407,198.044938,647.540308,23.94402,1.13551,10.335232,12.58108,3182.116826,vibration_bearing_fault,1,2,300,1200,-2.523577,-0.50188,0.448062,0.286835,0.582371,0.0435,0.856227,-0.073118,0.4,195.465
908,cruise,3352.025481,79.289129,55.739117,96.641175,197.439925,647.538957,24.048819,1.123987,10.255602,12.374961,2954.750862,vibration_bearing_fault,1,2,300,1200,2.456003,-0.183047,-0.46585,1.043047,0.936969,0.048536,0.851133,-0.036899,0.4,195.46
909,cruise,3687.280603,77.527458,55.728142,96.918993,198.268927,648.669888,23.826945,1.1789,10.195003,11.325773,2943.887223,vibration_bearing_fault,1,2,300,1200,0.158095,0.093492,0.199399,0.977298,2.588935,0.023666,0.856774,0.065509,0.4,195.455
910,cruise,3457.136159,76.967449,55.256097,95.995074,197.258512,646.237028,23.626005,1.178865,10.111971,12.191861,3029.285197,vibration_bearing_fault,1,2,300,1200,1.855889,-0.141134,-0.68651,1.081479,-0.805769,-0.10371,0.857994,-0.031484,0.4,195.45
911,cruise,3842.883375,77.048343,55.732677,96.681801,196.349136,651.678265,23.469579,1.216697,10.14276,10.385089,3188.846512,vibration_bearing_fault,1,2,300,1200,-4.581309,0.59895,0.049438,-0.420242,-0.32822,-0.071029,0.851487,-0.035075,0.4,195.445
912,cruise,3529.915367,77.589937,55.558217,95.727855,196.442918,644.406954,23.321408,1.170386,10.135971,12.366039,3003.850057,vibration_bearing_fault,1,2,300,1200,1.236629,0.774487,-0.455316,-0.953423,0.22243,-0.064441,0.847286,0.12862,0.4,195.44
913,cruise,3694.834711,77.463195,55.6711,97.693185,197.332237,648.973338,23.7914,1.127952,10.072312,9.592985,2953.108028,vibration_bearing_fault,1,2,300,1200,2.897534,-0.139074,0.991917,0.560167,0.79555,-0.189958,0.843835,0.04288,0.4,195.435
914,cruise,3528.455701,78.74067,54.680077,97.336779,197.776167,644.697349,23.178865,1.029307,10.194755,11.162476,2938.152037,vibration_bearing_fault,1,2,300,1200,3.05528,0.337468,-0.045329,-1.026261,1.454201,0.059743,0.849002,0.081503,0.4,195.43
915,cruise,3625.352688,77.374077,54.880177,96.841708,195.48519,648.097508,23.762932,1.125655,10.238392,11.042575,3029.462094,vibration_bearing_fault,1,2,300,1200,-4.868902,0.631863,0.91412,-1.41397,2.22224,-0.073131,0.84846,0.014836,0.4,195.425
916,cruise,3695.417913,78.253068,56.094376,97.251463,194.14094,647.254382,23.950384,1.198212,10.161194,12.079575,3120.823444,vibration_bearing_fault,1,2,300,1200,3.949097,-0.538794,-0.072019,0.613929,0.538619,0.104491,0.854867,0.064311,0.4,195.42
917,cruise,3707.106515,76.582004,55.539935,97.105246,196.294198,654.40065,23.85675,1.146471,10.16326,11.361055,2845.985564,vibration_bearing_fault,1,2,300,1200,-5.787721,0.548107,0.080022,1.027179,-2.06729,0.028887,0.84548,0.027684,0.4,195.415
918,cruise,3681.194321,78.078687,55.546025,96.281541,198.110346,647.053394,23.745331,1.144837,10.067919,12.465304,3123.572422,vibration_bearing_fault,1,2,300,1200,1.14846,-0.070852,-0.34667,-1.297936,2.167815,0.283236,0.839078,0.102648,0.4,195.41
919,cruise,3634.173661,75.313449,54.360301,96.052909,197.44619,642.202341,23.910333,1.113692,9.943902,10.796877,2952.919779,vibration_bearing_fault,1,2,300,1200,-1.530335,0.128977,-0.573303,0.466593,-0.57921,0.006429,0.854986,-0.041303,0.4,195.405
920,cruise,3537.66397,78.854508,54.52555,96.836265,197.266012,649.551862,23.615306,1.129326,10.076499,11.531931,3036.161739,vibration_bearing_fault,1,2,300,1200,-0.870076,0.113561,0.412208,0.777185,1.812657,-0.072332,0.84852,-0.035584,0.4,195.4
921,cruise,3804.497449,76.310513,54.6895,95.847967,195.987873,649.894542,23.717072,1.114842,10.358342,11.497688,2729.062911,vibration_bearing_fault,1,2,300,1200,0.882181,0.24057,-0.230949,0.253692,0.676584,0.135905,0.85593,0.027577,0.4,195.395
922,cruise,3401.676276,77.495679,54.666397,96.090381,194.25373,645.669014,23.645981,1.135898,10.367362,13.861591,3064.433283,vibration_bearing_fault,1,2,300,1200,0.713266,-0.446953,0.113742,0.221575,-1.453326,0.021945,0.846413,0.070655,0.4,195.39
923,cruise,3677.437733,78.160347,55.408079,97.084778,197.452379,648.382002,24.202182,1.065213,10.012376,12.200652,3196.498513,vibration_bearing_fault,1,2,300,1200,3.377873,-0.041447,-0.207964,-0.166329,-3.164129,0.20726,0.85778,0.032786,0.4,195.385
924,cruise,3432.169302,77.342847,54.488931,97.371239,196.665044,646.958544,24.049344,1.184706,10.19059,13.553556,3038.3478,vibration_bearing_fault,1,2,300,1200,-0.832125,0.724972,-0.269083,0.505431,-1.759006,-0.070441,0.849473,-0.084501,0.4,195.38
925,cruise,3750.117913,78.10757,54.668851,95.984534,197.146351,646.73124,23.76125,1.18126,10.033201,13.907636,3159.383493,vibration_bearing_fault,1,2,300,1200,-2.584443,-0.703505,1.26622,0.57409,-1.354334,0.176719,0.848929,-0.228537,0.4,195.375
926,cruise,3858.375469,78.562391,55.47391,95.942884,196.217752,649.763875,23.74263,1.160199,10.244249,10.986062,3114.329184,vibration_bearing_fault,1,2,300,1200,-0.866772,-0.404492,-0.210606,0.249133,-1.554119,-0.084877,0.849498,-0.097382,0.4,195.37
927,cruise,3472.245253,77.232305,55.139805,96.269774,197.296569,641.386547,23.818574,1.139304,9.770828,12.742528,3029.661406,vibration_bearing_fault,1,2,300,1200,-0.693091,0.134786,-0.331698,-1.025791,-1.082327,-0.096866,0.849569,0.026832,0.4,195.365
928,cruise,3635.613975,79.499445,55.03764,95.834488,198.30454,647.486081,23.91928,1.158334,10.329568,10.167288,2943.531457,vibration_bearing_fault,1,2,300,1200,0.421719,-0.18518,0.108874,-0.438726,-0.379856,-0.309899,0.855398,0.00422,0.4,195.36
929,cruise,3883.472069,79.449335,55.846577,96.212873,196.754798,648.884662,23.891303,1.14338,10.163111,13.820469,3004.372642,vibration_bearing_fault,1,2,300,1200,-2.483265,0.292513,0.044086,1.732803,1.288485,-0.26167,0.845141,-0.033985,0.4,195.355
930,cruise,3616.891485,78.958951,55.84063,96.776778,197.097979,647.624232,23.735912,1.206217,10.114238,13.1514,3116.256737,vibration_bearing_fault,1,2,300,1200,1.942989,0.639837,0.28589,1.400234,1.254325,0.150852,0.846051,-0.081154,0.4,195.35
931,cruise,3718.971948,77.411501,55.169215,97.011513,197.324239,648.236357,23.676862,1.131133,10.36524,13.944479,2864.406477,vibration_bearing_fault,1,2,300,1200,-2.605794,-0.594172,0.89031,0.778714,-1.393724,-0.136391,0.850864,-0.095104,0.4,195.345
932,cruise,3605.41629,76.741223,55.315599,96.525639,198.051438,648.121288,23.675607,1.119698,10.113576,11.443707,3085.279058,vibration_bearing_fault,1,2,300,1200,1.074468,-0.531245,0.033701,1.056814,0.529459,-0.082088,0.840185,0.026114,0.4,195.34
933,cruise,3573.448789,76.901733,54.91784,96.532451,198.587191,650.834322,23.531407,1.224672,10.264342,13.055295,3011.671399,vibration_bearing_fault,1,2,300,1200,1.840007,0.037772,-0.138361,-1.072503,0.658368,0.102506,0.848708,0.033389,0.4,195.335
934,cruise,3706.686016,79.438593,55.067443,96.306387,196.106695,647.18816,23.978706,1.187791,9.88845,12.586176,3098.675746,vibration_bearing_fault,1,2,300,1200,-3.973485,0.524554,-0.255328,-0.360232,-3.705713,-0.223834,0.84962,-0.039239,0.4,195.33
935,cruise,3832.010401,78.138378,55.689874,97.335498,195.502424,648.22146,23.798836,1.088976,10.087922,10.881867,3054.316946,vibration_bearing_fault,1,2,300,1200,-4.48023,0.512856,-0.0373,-1.077107,-0.207933,0.060148,0.851483,-0.001125,0.4,195.325
936,cruise,3622.081302,77.426277,54.922425,96.435597,196.287318,647.95201,23.664624,1.190235,10.029436,11.123045,3113.474585,vibration_bearing_fault,1,2,300,1200,-2.686129,-0.274795,-0.001807,-1.666364,3.027345,-0.06724,0.859406,-0.013286,0.4,195.32
937,cruise,3736.028468,76.854127,56.259941,95.787682,195.687001,649.834049,24.169706,1.093755,10.212335,10.733794,3056.619852,vibration_bearing_fault,1,2,300,1200,4.714549,-0.133048,0.582282,0.098651,-0.281023,-0.148742,0.856553,0.010835,0.4,195.315
938,cruise,3994.537247,78.157719,54.984233,96.60145,195.725749,644.464227,23.612559,1.08989,9.949174,11.057133,2942.646338,vibration_bearing_fault,1,2,300,1200,-3.330634,0.134941,-1.001907,0.578666,0.975309,-0.037625,0.853195,0.036312,0.4,195.31
939,cruise,3844.68304,76.183847,55.517547,97.045231,195.896171,650.449533,23.711812,1.177402,10.155285,12.098683,2895.06993,vibration_bearing_fault,1,2,300,1200,-5.240885,-0.27966,0.874222,-0.071841,-0.009493,-0.016764,0.849777,0.085371,0.4,195.305
940,cruise,3712.322894,76.653383,55.755374,97.319553,196.125108,647.470823,23.51586,1.150665,10.361619,12.879419,3081.317747,vibration_bearing_fault,1,2,300,1200,-0.291559,0.400787,0.025082,-0.891863,-1.523615,0.170379,0.848262,-0.109266,0.4,195.3
941,cruise,3846.457951,77.389451,54.973826,96.372519,198.347067,652.259912,24.140406,1.180294,10.036939,11.823665,2879.665382,vibration_bearing_fault,1,2,300,1200,-3.131354,-0.773173,-0.541537,-1.533391,1.021133,-0.048882,0.851591,-0.061572,0.4,195.295
942,cruise,4124.356014,76.414288,55.436619,95.707993,196.382756,645.553993,23.692366,1.196115,10.299852,10.377524,3226.083606,vibration_bearing_fault,1,2,300,1200,0.14547,-0.182586,0.095391,0.394706,-0.574896,-0.29416,0.847718,-0.015514,0.4,195.29
943,cruise,3889.832497,76.94141,55.288781,96.981348,196.733493,649.858783,23.503462,1.128588,9.978564,12.049302,2903.773137,vibration_bearing_fault,1,2,300,1200,7.489388,-1.00523,-0.824013,0.830816,1.987036,0.043494,0.852105,-0.03141,0.4,195.285
944,cruise,3701.144938,78.83831,54.514765,97.028916,197.177137,648.482279,23.791397,1.101068,10.080376,11.931901,3005.421314,vibration_bearing_fault,1,2,300,1200,1.461923,-0.787363,0.011803,-0.241378,0.389897,-0.057282,0.845111,0.052528,0.4,195.28
945,cruise,3817.464307,77.190895,54.373213,96.602493,198.403467,648.959677,23.788045,1.168352,10.058553,11.607576,3109.888958,vibration_bearing_fault,1,2,300,1200,0.015109,0.096766,-0.687277,0.664714,3.502469,-0.086213,0.85339,0.037004,0.4,195.275
946,cruise,3492.992074,78.496377,55.08135,96.458741,196.428726,647.12106,23.595042,1.177657,10.290924,10.655953,3037.622544,vibration_bearing_fault,1,2,300,1200,-1.391969,0.052269,-0.184485,-0.417066,0.671594,-0.127335,0.853518,-0.043529,0.4,195.27
947,cruise,3897.064839,78.206374,54.913336,96.638294,196.885949,651.235592,23.765164,1.095387,10.052919,12.014781,3126.608295,vibration_bearing_fault,1,2,300,1200,-4.033741,-0.479441,0.232301,1.23835,0.035812,0.048581,0.854941,-0.023209,0.4,195.265
948,cruise,3718.043729,75.643859,55.258265,96.052297,196.410809,647.264833,23.871148,1.091899,10.08886,11.277245,3033.834863,vibration_bearing_fault,1,2,300,1200,3.641265,0.062148,0.032273,-1.219344,0.141788,-0.294034,0.856437,-0.025283,0.4,195.26
949,cruise,3800.129387,77.659222,55.322435,97.12942,196.602765,650.529048,23.723544,1.174642,10.088072,10.61211,2972.335048,vibration_bearing_fault,1,2,300,1200,2.622281,0.4297,0.2743,1.279811,-3.95472,-0.15067,0.850944,0.021212,0.4,195.255
950,cruise,3536.782712,77.655531,53.874567,97.265348,198.550251,649.401491,24.070388,1.162747,9.994125,12.55928,3033.890525,vibration_bearing_fault,1,2,300,1200,2.401985,0.031987,0.585917,0.378373,-3.42543,-0.016529,0.848012,-0.033859,0.4,195.25
951,cruise,3836.632858,77.177243,54.623738,96.542472,196.235764,648.82934,24.059194,1.183849,10.18955,13.074045,3026.020749,vibration_bearing_fault,1,2,300,1200,-0.056725,-0.433187,-0.721189,1.944366,0.995335,0.136907,0.852681,0.096479,0.4,195.245
952,cruise,3971.172943,77.738744,54.062435,96.412091,197.126319,648.245801,23.782221,1.139653,9.787558,13.506863,2913.695862,vibration_bearing_fault,1,2,300,1200,-4.76098,0.269922,-0.721883,-0.291623,0.65084,0.126952,0.853901,-0.026891,0.4,195.24
953,cruise,3733.183076,77.321243,55.18215,97.971007,196.133316,650.391925,23.628512,1.118663,10.055715,10.603808,3075.173374,vibration_bearing_fault,1,2,300,1200,-3.015564,0.041711,-0.561967,-0.458117,1.969616,0.110461,0.844545,0.058762,0.4,195.235
954,cruise,3969.313616,76.701152,54.820821,96.160857,197.353602,654.666048,23.996343,1.112197,10.334571,11.388255,2968.572538,vibration_bearing_fault,1,2,300,1200,-3.556888,0.609371,0.271872,-0.348307,1.233242,0.178184,0.843974,0.027476,0.4,195.23
955,cruise,3606.595712,78.119265,55.732021,96.443339,197.604436,647.182489,23.725009,1.177785,10.256263,10.356557,3051.9369,vibration_bearing_fault,1,2,300,1200,3.208352,0.027853,-0.574237,-0.459973,1.969225,-0.19069,0.849292,-0.120411,0.4,195.225
956,cruise,3634.056553,79.370581,55.114204,96.691862,197.372724,642.770483,23.666517,1.155957,10.264645,12.344936,3003.5008,vibration_bearing_fault,1,2,300,1200,2.371056,-0.30459,0.594142,-1.12359,1.356442,0.123365,0.849654,0.12375,0.4,195.22
957,cruise,3729.808374,77.338846,54.924651,95.873427,197.071262,646.817482,23.840992,1.181228,10.139116,10.107931,2852.815758,vibration_bearing_fault,1,2,300,1200,3.106451,0.005912,0.347286,-0.876413,2.694299,0.264647,0.856643,0.10462,0.4,195.215
958,cruise,3823.405256,76.095765,55.105905,96.837472,198.377316,645.80897,23.871202,1.138866,10.02065,11.217593,2979.414887,vibration_bearing_fault,1,2,300,1200,-0.082786,0.147859,-0.533235,0.03261,-1.695428,0.030116,0.845973,0.100195,0.4,195.21
959,cruise,3498.304637,75.725177,55.137907,97.526486,194.847881,647.415697,23.93205,1.240278,10.25357,11.177351,3010.562244,vibration_bearing_fault,1,2,300,1200,-2.848409,-0.362869,-0.793721,-0.906551,-1.720313,-0.085379,0.849039,-0.106429,0.4,195.205
960,descent,3653.473979,58.366636,55.097903,97.359827,186.333738,602.795605,20.785246,1.175297,7.128671,11.401819,3046.51471,vibration_bearing_fault,1,2,300,1200,-0.153771,-1.020871,1.253413,-0.116949,-1.584054,0.006279,0.84436,0.130529,0.4,195.2
961,descent,3338.94097,58.365486,55.258239,96.591171,185.8173,599.890506,20.812839,1.166589,7.155677,10.844462,2878.976586,vibration_bearing_fault,1,2,300,1200,2.721089,-0.518827,0.233792,1.548392,1.074888,0.110357,0.850983,-0.070265,0.4,195.195
962,descent,3568.999414,58.535946,55.273628,96.781501,186.790867,597.600739,20.892132,1.103443,6.948827,11.513577,3033.750061,vibration_bearing_fault,1,2,300,1200,-1.329676,0.202821,0.397963,-0.48922,-1.501542,-0.06531,0.853488,-0.094664,0.4,195.19
963,descent,3567.460925,59.068024,55.568054,97.371996,186.383627,598.807213,21.040939,1.172189,7.218584,13.202295,2904.515514,vibration_bearing_fault,1,2,300,1200,0.99284,0.036868,-0.394573,-0.489295,1.501874,0.095469,0.845446,0.087627,0.4,195.185
964,descent,3319.356766,57.60457,54.892325,96.765854,186.887585,595.183256,21.050421,1.157723,7.393503,11.710982,2874.739155,vibration_bearing_fault,1,2,300,1200,-2.789323,0.714394,-0.191788,-1.741162,0.827522,0.005277,0.86006,0.110212,0.4,195.18
965,descent,3277.754079,58.108329,54.958617,96.559447,188.779056,597.700285,20.933317,1.208781,7.364547,11.458083,3181.148216,vibration_bearing_fault,1,2,300,1200,3.218264,-0.991364,0.675049,-0.350066,-0.421115,-0.128118,0.848941,-0.065558,0.4,195.175
966,descent,3462.478166,58.367616,55.430996,96.433553,188.161803,600.811106,20.746761,1.205301,7.146143,10.662231,2989.762262,vibration_bearing_fault,1,2,300,1200,-3.181843,0.156576,0.708083,-0.868126,1.550056,-0.117276,0.846015,-0.01812,0.4,195.17
967,descent,3448.068162,58.806615,55.088265,96.915561,187.053391,596.508818,20.816136,1.185919,7.219284,11.445684,2938.792713,vibration_bearing_fault,1,2,300,1200,-2.534941,0.085962,-0.79374,-0.69577,1.526544,-0.01,0.852613,-0.007452,0.4,195.165
968,descent,3299.135229,57.420607,54.458266,96.467432,187.966553,601.816457,20.933661,1.133234,7.210625,12.567655,3140.924583,vibration_bearing_fault,1,2,300,1200,-6.873483,0.653374,-1.270375,-0.356408,-0.94429,0.182022,0.854112,0.042897,0.4,195.16
969,descent,3709.307023,56.768464,54.732381,96.526678,186.312574,601.589244,21.188192,1.209149,7.261235,10.551694,3242.483156,vibration_bearing_fault,1,2,300,1200,-1.118275,0.17791,-0.540682,0.474826,-0.472939,0.026923,0.847026,-0.027552,0.4,195.155
970,descent,3196.664665,60.167302,55.955301,95.883271,185.178401,597.827758,20.663542,1.0996,6.946753,11.697313,2986.401467,vibration_bearing_fault,1,2,300,1200,-4.244715,0.153568,-0.601878,0.291892,-1.081094,0.049733,0.847064,-0.00476,0.4,195.15
971,descent,3640.236573,57.866486,55.444247,97.445453,186.854453,605.391896,21.065757,1.135073,7.254446,13.805,2835.345297,vibration_bearing_fault,1,2,300,1200,1.038345,0.232011,-1.435173,-0.647889,1.526922,-0.091516,0.846859,-0.016673,0.4,195.145
972,descent,3528.050829,58.476677,54.744603,97.524016,185.798262,596.035098,20.538046,1.22328,7.125498,11.569941,2964.318946,vibration_bearing_fault,1,2,300,1200,-2.052306,-0.320361,-0.574687,-0.107754,-0.417506,0.079181,0.849869,-0.107429,0.4,195.14
973,descent,3253.477862,57.255056,54.33358,96.764111,185.711085,600.844739,20.547005,1.210202,6.862812,11.740524,3061.716381,vibration_bearing_fault,1,2,300,1200,1.359074,0.480798,0.461511,-0.596558,3.847919,-0.233481,0.850607,0.008649,0.4,195.135
974,descent,3365.700963,58.846696,54.498564,96.639522,188.118848,596.610661,20.766879,1.152216,7.292615,11.373525,2931.19349,vibration_bearing_fault,1,2,300,1200,2.116359,0.234335,0.131224,-0.838369,1.943543,0.021197,0.853255,-0.002652,0.4,195.13
975,descent,3252.110809,56.834421,54.757295,96.301451,188.016639,602.575231,20.506876,1.152079,7.108275,11.784083,2975.679937,vibration_bearing_fault,1,2,300,1200,-2.776581,-0.612589,0.249086,0.878367,2.461246,0.25506,0.85276,-0.071539,0.4,195.125
976,descent,3543.179604,58.014682,55.38055,96.744793,185.403265,596.516996,20.770839,1.109178,7.39042,10.866133,2921.492324,vibration_bearing_fault,1,2,300,1200,-4.563088,-0.502864,-0.083572,0.70385,-2.361385,-0.133252,0.852078,0.029636,0.4,195.12
977,descent,3208.838128,58.685414,55.356535,95.857291,183.993442,599.296115,20.832244,1.25106,7.198079,12.383445,3090.252117,vibration_bearing_fault,1,2,300,1200,-2.821184,0.492102,-0.150398,-1.01811,0.990861,0.017276,0.842917,-0.035761,0.4,195.115
978,descent,3620.711556,58.084572,54.360036,96.427647,187.500536,598.329941,20.548581,1.168828,7.124381,12.408289,3040.934484,vibration_bearing_fault,1,2,300,1200,-0.855297,0.205181,0.078519,1.57098,-0.53546,-0.104227,0.850437,-0.116154,0.4,195.11
979,descent,3284.809327,57.354481,55.587704,96.952462,187.516148,599.277748,20.844654,1.171911,7.084216,11.957805,2987.993212,vibration_bearing_fault,1,2,300,1200,-1.034206,-0.166899,-0.247276,0.328981,3.272757,0.119008,0.850874,0.046474,0.4,195.105
980,descent,3511.195739,58.905275,55.395516,95.872622,185.400924,597.701428,20.589704,1.056128,7.09839,12.27494,3105.740204,vibration_bearing_fault,1,2,300,1200,3.232323,0.496626,0.187042,0.17982,2.000375,0.014095,0.844886,0.031485,0.4,195.1
981,descent,3454.475638,59.341568,56.036334,96.385523,188.626982,597.342303,20.799287,1.163235,7.150451,11.299693,3080.052762,vibration_bearing_fault,1,2,300,1200,1.348125,0.447679,-0.140681,-0.663017,-1.094053,-0.196425,0.856604,-0.016034,0.4,195.095
982,descent,2989.886281,57.768575,55.121087,97.094258,186.961262,597.21556,21.01175,1.06117,7.349428,10.012951,2952.691536,vibration_bearing_fault,1,2,300,1200,2.821745,-0.397489,0.292036,-0.867732,1.00537,-0.137414,0.849572,-0.033425,0.4,195.09
983,descent,3426.156735,56.80619,55.360333,96.483143,186.637851,598.741145,20.887305,1.068362,7.086419,11.188767,3181.342469,vibration_bearing_fault,1,2,300,1200,0.847637,-0.193155,-0.298098,-0.710678,-4.427605,0.161627,0.855344,0.087973,0.4,195.085
984,descent,3589.200995,59.329672,55.74169,96.70793,186.274502,598.004949,20.880174,1.2176,7.411678,12.602202,3073.368799,vibration_bearing_fault,1,2,300,1200,1.502916,0.069541,0.328951,0.56612,1.447187,0.053506,0.853275,-0.043216,0.4,195.08
985,descent,3381.381103,57.808447,55.427391,96.597209,186.973331,597.201286,20.655334,1.217229,7.513759,10.437067,3059.020769,vibration_bearing_fault,1,2,300,1200,-1.491613,0.741785,0.574532,-0.857996,0.278038,-0.288722,0.85006,-0.002021,0.4,195.075
986,descent,3476.63265,57.549962,55.586444,97.462278,189.107304,598.24488,21.010967,1.176814,7.350606,12.411432,3084.446614,vibration_bearing_fault,1,2,300,1200,-1.905792,0.018091,1.029319,-0.672084,-0.660875,-0.016176,0.848607,0.017887,0.4,195.07
987,descent,3045.484876,58.524051,54.671515,95.858628,187.641014,594.216,20.770615,1.197086,7.195038,11.96193,3011.902844,vibration_bearing_fault,1,2,300,1200,1.406832,-0.505605,0.301985,0.015655,-0.85624,0.024175,0.851841,0.098907,0.4,195.065
988,descent,3370.569705,57.372169,55.302795,96.678244,188.723725,598.412148,20.454807,1.136442,7.090447,11.569991,2972.355663,vibration_bearing_fault,1,2,300,1200,1.093607,0.587604,0.818342,0.657833,-0.531172,0.216537,0.850118,0.112112,0.4,195.06
989,descent,3350.823495,56.679941,55.021547,96.354525,187.947045,597.211562,20.838679,1.189613,7.048685,12.682147,2910.609099,vibration_bearing_fault,1,2,300,1200,-0.987907,-0.59143,-0.394844,0.60912,-0.732376,-0.185474,0.851875,0.069418,0.4,195.055
990,descent,3561.623506,59.404515,55.452243,96.884333,185.371747,598.014967,20.740365,1.125375,7.055843,11.054489,2991.564226,vibration_bearing_fault,1,2,300,1200,0.34057,0.362342,0.084847,-0.158285,-0.799864,0.164215,0.856476,0.08891,0.4,195.05
991,descent,3223.100714,55.095085,55.802847,97.238698,185.576847,597.519831,20.900981,1.147414,7.210511,13.570883,2997.424325,vibration_bearing_fault,1,2,300,1200,2.801566,-0.575186,-0.414035,0.367064,-1.068238,-0.193766,0.853788,0.020546,0.4,195.045
992,descent,3111.002215,56.353633,54.811566,97.351328,186.588121,600.695273,20.752593,1.085489,7.164005,10.535271,3085.8362,vibration_bearing_fault,1,2,300,1200,1.891377,0.203899,-0.110188,-0.42271,-0.490532,-0.027812,0.852027,0.071283,0.4,195.04
993,descent,3468.264538,57.626449,54.665577,96.338394,187.345172,600.447783,20.70951,1.147778,7.23023,11.704151,3021.86276,vibration_bearing_fault,1,2,300,1200,0.078048,-0.776785,0.322594,-0.384004,0.073882,-0.395578,0.845124,-0.038079,0.4,195.035
994,descent,3375.518494,57.269164,55.791458,95.628281,186.552818,595.898331,20.659608,1.079642,7.04019,11.102733,3134.192068,vibration_bearing_fault,1,2,300,1200,1.206286,0.501718,-0.109843,-0.990716,-0.749888,0.149175,0.852133,-0.182815,0.4,195.03
995,descent,3424.699866,57.787853,54.705767,97.110524,185.587661,602.514932,20.774936,1.237481,7.262537,9.460551,2920.543111,vibration_bearing_fault,1,2,300,1200,0.297938,-0.506663,0.248035,0.442606,-0.063815,0.199215,0.853368,-0.01487,0.4,195.025
996,descent,3456.355617,57.30957,55.855631,96.695417,187.007214,597.768948,21.103589,1.172938,6.93615,11.349061,3041.68583,vibration_bearing_fault,1,2,300,1200,1.12611,0.15607,0.058448,-0.603946,-1.480737,-0.091441,0.856673,0.05946,0.4,195.02
997,descent,3327.804234,56.806408,54.736909,96.673847,184.089982,600.575414,20.577389,1.213698,7.106805,11.805145,3037.805619,vibration_bearing_fault,1,2,300,1200,-0.391299,0.724188,-0.077941,1.901422,-0.007169,0.109739,0.857118,-0.028063,0.4,195.015
998,descent,3730.048312,57.872294,54.673512,96.368624,187.318802,595.978857,20.6124,1.116245,7.026691,12.870706,2965.613286,vibration_bearing_fault,1,2,300,1200,3.044742,-0.322939,0.324605,0.128236,-2.901918,0.03729,0.845729,-0.006407,0.4,195.01
999,descent,3270.793555,57.362284,55.2258,96.300417,187.892994,599.025682,20.709812,1.18205,7.253968,11.687273,3196.470781,vibration_bearing_fault,1,2,300,1200,4.855785,-0.337939,-0.630935,-0.461249,1.374652,0.068672,0.86008,0.035568,0.4,195.005
1000,descent,3465.887373,56.379773,55.460585,95.990089,187.389364,604.284772,20.804981,1.161972,7.091579,10.795412,2934.513985,vibration_bearing_fault,1,2,300,1200,2.677983,0.370347,-0.018873,0.873214,0.111842,0.100992,0.849833,-0.102976,0.4,195.0
1001,descent,3513.438514,57.412075,55.607572,96.52199,187.441125,604.369269,20.935805,1.149789,7.198466,10.901162,2996.803692,vibration_bearing_fault,1,2,300,1200,1.172422,0.993128,0.336177,-0.656219,0.646699,0.178312,0.848884,-0.102088,0.4,194.995
1002,descent,3598.692737,56.158083,55.349087,96.158407,188.7671,598.96018,20.831285,1.19876,7.321526,11.792192,3058.33222,vibration_bearing_fault,1,2,300,1200,-1.938182,0.112236,-0.509651,2.200429,-2.953827,0.086449,0.839767,0.026499,0.4,194.99
1003,descent,3207.570033,57.214816,55.711024,96.626774,186.819276,599.06767,20.847666,1.188483,7.285315,12.921539,3140.553355,vibration_bearing_fault,1,2,300,1200,-0.168889,-0.176807,-0.227981,-0.58685,-2.408037,-0.001249,0.849043,-0.089813,0.4,194.985
1004,descent,3532.656157,60.95676,54.485627,96.753936,187.783691,596.395017,20.764815,0.981839,7.008841,11.730157,2923.318221,vibration_bearing_fault,1,2,300,1200,1.005329,0.036654,-0.048437,0.650762,3.408152,-0.176039,0.850593,-0.043,0.4,194.98
1005,descent,3453.106059,58.650873,55.30158,97.191906,187.216928,597.269712,20.75894,1.196288,7.164865,11.429054,3029.171351,vibration_bearing_fault,1,2,300,1200,-2.531861,-0.127742,-0.646339,-0.126331,-0.271173,0.193708,0.851755,0.004361,0.4,194.975
1006,descent,3077.938388,57.026202,54.915435,96.103761,185.722752,594.574296,20.279451,1.143551,7.068569,11.85405,2833.330207,vibration_bearing_fault,1,2,300,1200,7.520082,0.722093,-0.502495,-0.074499,2.440766,-0.115718,0.850852,0.027455,0.4,194.97
1007,descent,3248.53857,58.492711,55.869313,96.577553,188.191239,597.508859,21.035342,1.121402,6.86558,12.771086,2980.52844,vibration_bearing_fault,1,2,300,1200,-1.736132,0.401625,-0.263624,-0.147689,1.309034,0.127234,0.843207,0.0314,0.4,194.965
1008,descent,3567.802539,56.852252,55.038009,97.037107,186.853414,599.090354,20.835133,1.151238,7.344234,10.916709,3098.233556,vibration_bearing_fault,1,2,300,1200,1.847857,0.519517,0.91459,-0.641766,0.689955,-0.10769,0.853322,0.072621,0.4,194.96
1009,descent,3304.000533,59.424903,55.096892,96.424316,184.530928,597.707725,20.722477,1.117042,7.221377,12.697445,3084.402547,vibration_bearing_fault,1,2,300,1200,-3.54324,0.001814,0.152803,-1.141438,-1.701151,-0.130577,0.839743,-0.051845,0.4,194.955
1010,descent,3279.623234,57.962653,55.357611,96.355287,185.884332,596.926526,20.824138,1.181772,6.844755,10.300348,3049.011345,vibration_bearing_fault,1,2,300,1200,1.713498,-0.526908,-0.103869,-1.748329,1.023801,0.051016,0.854681,0.046853,0.4,194.95
1011,descent,3522.685143,56.609917,54.882359,97.305795,186.107455,595.773145,20.765269,1.055899,7.034141,12.031904,3079.66719,vibration_bearing_fault,1,2,300,1200,1.164444,-0.413643,0.436428,-2.180389,0.034799,-0.055172,0.84752,-0.080123,0.4,194.945
1012,descent,3577.272096,58.066128,54.989722,96.810459,187.286406,607.054619,20.89534,1.227914,6.945338,11.077241,2963.366878,vibration_bearing_fault,1,2,300,1200,0.268949,-0.053508,0.070693,1.760055,0.88733,-0.094496,0.84546,-0.106864,0.4,194.94
1013,descent,3275.432559,56.214117,54.907612,96.106787,186.792037,598.438606,20.824799,1.049211,6.825835,12.365637,3081.431186,vibration_bearing_fault,1,2,300,1200,-0.001838,0.356867,-0.40568,-0.283296,-0.089773,0.016586,0.845528,0.056359,0.4,194.935
1014,descent,3582.488745,57.01019,54.892383,96.72238,187.239955,598.901578,20.867187,1.123296,7.045599,12.409673,3012.441356,vibration_bearing_fault,1,2,300,1200,-0.061959,-0.48368,-0.951952,-1.114073,-0.554993,-0.182047,0.848029,-0.016195,0.4,194.93
1015,descent,3524.665205,58.571528,54.76231,96.585356,187.351395,599.337094,20.850588,1.12101,7.105111,11.581906,3038.167996,vibration_bearing_fault,1,2,300,1200,-5.37426,-0.106491,-0.333034,-0.942842,0.480655,-0.033808,0.849038,-0.040647,0.4,194.925
1016,descent,3555.658722,57.604104,55.416317,96.206637,186.813962,595.965048,20.291541,1.177481,7.033164,12.190416,3133.998726,vibration_bearing_fault,1,2,300,1200,-0.997545,-0.696003,-0.030963,-0.143412,1.320193,-0.152836,0.85058,-0.003014,0.4,194.92
1017,descent,3652.7219,58.092267,55.10642,97.209265,188.867105,601.937544,20.526417,1.169745,7.002946,11.333009,3123.651349,vibration_bearing_fault,1,2,300,1200,-0.741242,-0.095693,-0.273516,0.949186,0.445892,-0.049087,0.850383,0.066042,0.4,194.915
1018,descent,3527.999065,56.990456,55.196023,96.263758,186.412209,601.078878,20.922188,1.145186,7.012273,12.455299,3019.625097,vibration_bearing_fault,1,2,300,1200,3.800414,0.511259,-0.023532,-0.31557,-0.229946,-0.038027,0.851718,0.058902,0.4,194.91
1019,descent,3420.359021,58.925696,55.402761,96.401215,185.554347,593.89008,20.84286,1.113812,7.189658,12.857832,3253.218758,vibration_bearing_fault,1,2,300,1200,4.308454,-0.406837,-0.009997,0.380636,-0.787103,-0.149044,0.850026,-0.056293,0.4,194.905
1020,descent,3429.879073,54.822969,55.417806,97.016254,184.994433,595.274388,20.927884,1.148481,7.211115,10.440073,3039.706104,vibration_bearing_fault,1,2,300,1200,-3.044646,-0.146664,0.161993,0.307272,-1.677509,-0.011581,0.848618,-0.061083,0.4,194.9
1021,descent,3480.32692,57.683462,55.161469,96.703743,188.252435,600.188026,20.678313,1.167988,7.362421,12.854857,3047.623706,vibration_bearing_fault,1,2,300,1200,-0.544047,0.728236,-0.168968,0.130889,1.538674,0.033594,0.852009,0.172887,0.4,194.895
1022,descent,3024.549074,57.194929,55.12782,96.957785,187.124105,597.123786,20.402438,1.144511,7.046654,10.870148,3170.615143,vibration_bearing_fault,1,2,300,1200,1.305234,0.290289,-0.61426,1.112416,-0.067779,-0.083711,0.846281,-0.003377,0.4,194.89
1023,descent,3201.044974,56.998909,55.620585,96.399241,185.832167,591.403263,20.751292,1.228198,7.290437,11.446256,3152.822806,vibration_bearing_fault,1,2,300,1200,1.519968,-0.310615,0.14315,0.273994,1.00498,-0.104307,0.85406,0.099226,0.4,194.885
1024,descent,3578.765142,59.431046,55.049424,95.76519,187.130825,603.353387,20.677649,1.207911,7.003121,12.069627,3020.783482,vibration_bearing_fault,1,2,300,1200,6.868342,0.102323,-0.816519,-1.283528,1.861708,0.204987,0.843712,0.119592,0.4,194.88
1025,descent,3368.459178,56.173407,55.304847,96.833873,184.679446,601.848963,20.953032,1.230898,7.340132,12.23916,3039.887996,vibration_bearing_fault,1,2,300,1200,-6.698955,1.082334,0.24539,-0.31985,2.316895,0.255014,0.846628,-0.075508,0.4,194.875
1026,descent,3285.777807,56.234731,55.081441,96.353028,185.210729,599.064694,20.946082,1.171882,7.209304,12.814591,3135.623959,vibration_bearing_fault,1,2,300,1200,0.735775,-0.586678,-0.389512,-1.149958,-0.843557,-0.052378,0.847829,0.052899,0.4,194.87
1027,descent,3539.976671,56.21546,55.362909,96.982228,185.913574,604.291096,20.774496,1.124923,7.122726,11.7055,2920.91797,vibration_bearing_fault,1,2,300,1200,2.711864,-0.590437,0.454438,-1.306282,-0.748959,-0.198402,0.842444,-0.120996,0.4,194.865
1028,descent,3672.670425,57.812334,54.778696,96.280322,186.968139,599.402438,20.600781,1.260094,6.984253,12.195595,3056.64344,vibration_bearing_fault,1,2,300,1200,-2.406046,-0.363383,-0.176535,0.568392,-1.878457,-0.051297,0.854995,0.038939,0.4,194.86
1029,descent,3257.686946,56.482134,55.054485,97.216314,188.236206,600.854634,20.597897,1.264765,7.05936,11.3281,3047.344893,vibration_bearing_fault,1,2,300,1200,-2.185348,0.088125,-0.294809,1.17746,-2.322882,0.22428,0.845968,0.024849,0.4,194.855
1030,descent,3311.361066,57.021474,55.240843,96.125218,185.975096,599.445722,20.6532,1.135783,7.021538,10.395577,3114.34046,vibration_bearing_fault,1,2,300,1200,-0.956158,0.208231,-0.284431,0.096379,0.788275,0.291001,0.850022,-0.059012,0.4,194.85
1031,descent,3622.63547,56.77691,55.270329,96.325174,185.406009,597.995895,20.624498,1.130187,7.069097,11.66373,2936.686936,vibration_bearing_fault,1,2,300,1200,1.044026,-0.294209,-0.644428,-0.339957,0.972025,0.060454,0.848686,0.145325,0.4,194.845
1032,descent,3515.482687,56.12562,54.016862,97.363369,185.989154,595.121039,20.910307,1.140191,7.24499,13.140952,2936.112318,vibration_bearing_fault,1,2,300,1200,-6.757692,-0.129322,0.307279,-2.301574,0.371545,0.246019,0.845551,0.014173,0.4,194.84
1033,descent,3573.787114,55.29767,55.834586,97.327364,186.434193,599.494539,20.77589,1.175745,7.146067,13.331406,2936.218627,vibration_bearing_fault,1,2,300,1200,0.104919,0.333279,-0.420841,-0.022756,1.59486,0.239106,0.85686,0.104397,0.4,194.835
1034,descent,3649.586134,57.092192,55.061707,96.709808,184.896278,600.288381,20.664405,1.153,7.093749,11.786027,2990.182164,vibration_bearing_fault,1,2,300,1200,0.729548,-0.144853,-0.406948,1.060669,-0.438797,0.020705,0.848349,-0.07137,0.4,194.83
1035,descent,3188.211644,57.144405,56.063537,96.45929,186.517259,596.327908,20.807997,1.143126,7.193563,12.396245,3138.273682,vibration_bearing_fault,1,2,300,1200,0.837271,-0.45819,0.142378,-0.329498,-1.065288,0.070298,0.845617,0.157484,0.4,194.825
1036,descent,3376.090444,60.920387,54.931263,97.795393,186.368302,595.104948,20.988462,1.123074,7.086822,10.903466,3024.578794,vibration_bearing_fault,1,2,300,1200,3.899077,-0.084694,-0.915102,-1.691515,0.18289,0.015115,0.849446,0.01251,0.4,194.82
1037,descent,3487.948274,58.438141,55.318094,98.063683,187.530257,601.7374,20.625474,1.135199,7.027683,12.076388,3100.288832,vibration_bearing_fault,1,2,300,1200,-4.72057,0.219952,0.072126,-0.581872,0.976115,-0.110199,0.85382,0.000462,0.4,194.815
1038,descent,3862.724101,57.443827,55.306212,96.162532,188.202745,599.751964,20.670726,1.24844,7.075691,12.21259,3025.931641,vibration_bearing_fault,1,2,300,1200,0.020399,-0.317685,-0.209355,0.639716,-2.067954,-0.052031,0.850394,0.171104,0.4,194.81
1039,descent,3412.88913,57.521542,54.909231,96.211433,186.910581,595.680633,20.826295,1.139949,7.214378,13.615397,2858.544625,vibration_bearing_fault,1,2,300,1200,-1.052294,-0.266772,0.732376,-0.104695,1.177165,0.097955,0.849112,-0.082967,0.4,194.805
1040,descent,3356.933003,56.988187,54.943062,95.803539,186.13208,600.621503,20.505656,1.20369,7.028084,11.827712,3192.323853,vibration_bearing_fault,1,2,300,1200,2.110027,0.404965,0.72221,-0.222852,0.471461,0.224422,0.853421,0.040215,0.4,194.8
1041,descent,3727.375425,58.924697,55.308256,96.524993,186.210444,600.823867,20.708247,1.198114,7.19298,11.418506,2990.645611,vibration_bearing_fault,1,2,300,1200,1.097314,-0.461476,0.330058,0.453041,2.730127,-0.208197,0.851368,-0.129341,0.4,194.795
1042,descent,3230.166351,57.911842,55.415263,96.51192,186.177026,599.937732,20.74406,1.257926,7.21246,12.423898,2961.542918,vibration_bearing_fault,1,2,300,1200,-7.053099,0.394108,1.244169,1.024358,0.904781,0.063612,0.855271,-0.058643,0.4,194.79
1043,descent,3401.753979,59.357973,55.254048,95.942951,187.305158,601.473836,20.845634,1.176798,7.227177,10.92982,3132.750572,vibration_bearing_fault,1,2,300,1200,-3.021769,-1.134477,-0.528783,0.730676,1.86493,0.007728,0.852294,0.096155,0.4,194.785
1044,descent,3520.605196,57.288397,55.092157,96.44197,187.31469,593.499001,20.656149,1.123389,7.279854,11.055019,2972.295556,vibration_bearing_fault,1,2,300,1200,-1.651079,0.125534,-0.914956,1.156172,-0.861234,-0.007935,0.845255,-0.164141,0.4,194.78
1045,descent,3549.355824,57.471989,54.977708,96.39717,187.077582,599.113117,20.851853,1.14983,7.194049,11.771663,3109.74557,vibration_bearing_fault,1,2,300,1200,-0.169671,0.622602,0.14646,0.579659,-2.10421,0.064397,0.851328,-0.234775,0.4,194.775
1046,descent,3277.76857,59.342432,54.738214,97.37587,185.517953,595.84497,20.893555,1.137256,7.122829,10.990957,3093.855773,vibration_bearing_fault,1,2,300,1200,-5.318458,-1.345822,-0.088322,-0.814693,-0.973907,-0.104903,0.847158,-0.051859,0.4,194.77
1047,descent,3336.228011,56.974111,54.709045,96.718485,186.739926,600.237284,21.174571,1.052271,7.106521,11.74368,3206.697563,vibration_bearing_fault,1,2,300,1200,3.6485,-0.484461,-0.582678,1.275367,3.138176,0.245375,0.846346,-0.102609,0.4,194.765
1048,descent,3318.180789,58.837604,55.398203,97.377237,187.761844,599.471823,20.685965,1.125084,7.142527,10.255387,3024.463506,vibration_bearing_fault,1,2,300,1200,-0.921751,-0.239853,0.214718,-0.106754,-1.619167,0.066708,0.850039,0.01171,0.4,194.76
1049,descent,3709.74939,57.395299,54.727022,96.698675,187.151851,599.317567,20.655539,1.116795,6.828548,12.805098,2960.524187,vibration_bearing_fault,1,2,300,1200,1.740099,0.109469,-0.089817,0.929778,1.252408,0.112103,0.856457,-0.025442,0.4,194.755
1050,descent,3257.721431,58.944912,55.342135,96.142697,186.06709,601.153343,20.712444,1.16939,7.065544,11.244535,2994.040135,vibration_bearing_fault,1,2,300,1200,-1.749398,-0.626732,-0.129516,-0.474249,-0.85551,-0.016058,0.8564,0.109604,0.4,194.75
1051,descent,3528.398809,57.829838,55.073169,96.696838,185.101049,596.581797,20.750911,1.13357,7.053776,11.253054,3175.9046,vibration_bearing_fault,1,2,300,1200,4.95439,0.541772,-0.556979,-1.031934,0.216994,0.223522,0.854663,0.067277,0.4,194.745
1052,descent,3525.34403,58.182822,54.825585,97.612513,187.718606,599.777934,20.944836,1.202697,7.081615,9.173556,3191.172212,vibration_bearing_fault,1,2,300,1200,2.235178,-0.302917,0.688807,0.266614,0.463797,0.246841,0.842812,-0.140033,0.4,194.74
1053,descent,3380.316948,59.948304,55.897811,96.634152,186.715322,597.592252,20.899767,1.094894,6.897996,13.976787,2886.885681,vibration_bearing_fault,1,2,300,1200,0.059151,0.343766,-0.065284,0.336728,2.013533,-0.025585,0.848806,0.057322,0.4,194.735
1054,descent,3547.238785,57.803591,55.130401,97.231754,186.303945,597.892134,20.699435,1.148934,7.038562,9.372288,3023.773802,vibration_bearing_fault,1,2,300,1200,5.18741,-0.00878,-0.111184,-0.451461,0.941125,0.173144,0.854059,0.064675,0.4,194.73
1055,descent,3335.240432,58.071417,55.862563,97.165944,185.955117,594.46382,20.938958,1.001628,7.179463,11.174699,3068.748782,vibration_bearing_fault,1,2,300,1200,1.993131,0.144868,-0.237121,0.057557,0.711005,0.097597,0.848129,0.044054,0.4,194.725
1056,descent,3421.118212,59.19057,54.499849,97.155042,186.468111,593.445695,20.903828,1.161005,6.850404,13.684584,2931.671004,vibration_bearing_fault,1,2,300,1200,3.27908,0.426484,-0.307479,0.188546,-2.497357,-0.03099,0.838424,-0.103086,0.4,194.72
1057,descent,3329.926567,55.465145,55.21236,95.765781,185.931715,599.199115,20.855247,1.219447,7.001527,13.50343,3039.136039,vibration_bearing_fault,1,2,300,1200,0.234287,-0.78188,0.984662,-0.387684,-1.296972,-0.016787,0.84329,0.041423,0.4,194.715
1058,descent,3327.775547,59.387673,55.347952,96.583154,185.950727,596.117478,20.39575,1.131668,7.012235,11.320514,3109.113795,vibration_bearing_fault,1,2,300,1200,4.675867,0.635591,-0.260512,0.135549,-1.083269,-0.156689,0.843292,0.061928,0.4,194.71
1059,descent,3397.606081,57.557729,55.595939,96.163117,187.314024,599.952638,20.634971,1.214411,7.088697,12.307345,3092.829407,vibration_bearing_fault,1,2,300,1200,0.22218,0.218952,-0.583964,0.329857,-0.979228,-0.150855,0.846482,-0.071774,0.4,194.705
1060,descent,3125.213996,56.123157,53.746025,97.32993,187.859573,599.098374,20.839445,1.086019,6.922479,12.929505,3078.613443,vibration_bearing_fault,1,2,300,1200,-1.577802,0.032354,-0.161527,0.517912,1.234137,-0.330072,0.855543,-0.129592,0.4,194.7
1061,descent,3280.210176,57.395416,54.642589,97.756946,185.580492,596.279609,21.031674,1.158091,6.991507,13.867474,2979.924791,vibration_bearing_fault,1,2,300,1200,0.514366,0.469836,-0.545841,1.169791,1.620972,-0.098171,0.858509,0.010303,0.4,194.695
1062,descent,3239.095876,58.102122,55.742932,97.193175,187.475571,599.345609,20.830966,1.119264,7.001456,10.736688,3113.747971,vibration_bearing_fault,1,2,300,1200,1.321349,-0.280777,0.712705,-0.04123,2.03042,-0.075995,0.845856,-0.007253,0.4,194.69
1063,descent,3093.226247,57.598297,55.009866,97.434566,186.390586,600.456785,20.827364,1.10263,6.937496,13.16334,3069.846307,vibration_bearing_fault,1,2,300,1200,7.468028,-0.652374,-0.073128,1.315245,-0.163563,-0.033998,0.851114,0.026429,0.4,194.685
1064,descent,3407.374944,57.28832,55.056847,96.795302,186.871044,592.309908,21.093375,1.147535,7.073974,11.064529,2979.779925,vibration_bearing_fault,1,2,300,1200,-0.194381,-0.008045,0.264565,-0.004175,1.703707,-0.211936,0.858334,0.035837,0.4,194.68
1065,descent,3646.613097,57.179755,55.925375,96.838116,188.167917,595.865093,20.748774,1.122579,6.919889,11.911612,3005.482019,vibration_bearing_fault,1,2,300,1200,3.860969,-0.644805,0.368344,-0.964042,0.488268,-0.137633,0.839023,0.076862,0.4,194.675
1066,descent,3342.477235,58.229797,55.367499,96.376927,187.642356,599.598915,20.868026,1.122622,7.15666,13.69257,3016.16737,vibration_bearing_fault,1,2,300,1200,-4.0529,0.09062,0.096305,1.152715,-0.764194,-0.07785,0.85612,0.048137,0.4,194.67
1067,descent,3145.465297,59.12669,55.004534,96.213297,186.390308,596.981426,20.645386,1.154893,6.824421,11.859025,3142.007458,vibration_bearing_fault,1,2,300,1200,-2.318583,-0.701157,-0.778214,0.502442,-0.829539,0.109665,0.845717,-0.098596,0.4,194.665
1068,descent,3231.434489,57.061819,55.741551,95.885115,186.120553,601.559543,20.862115,1.09386,7.094246,11.873936,3046.650168,vibration_bearing_fault,1,2,300,1200,5.131362,-0.623424,0.163712,0.663789,-1.300736,0.077119,0.850523,0.054398,0.4,194.66
1069,descent,3705.988413,58.962298,55.365195,96.903395,187.347731,601.418432,20.73434,1.06808,7.040639,12.570438,3113.530436,vibration_bearing_fault,1,2,300,1200,-1.083533,-0.042967,1.060716,-0.593495,-1.995333,-0.039825,0.841426,-0.10328,0.4,194.655
1070,descent,3737.430143,58.311605,55.877409,97.574832,186.865336,596.876416,20.700612,1.09912,6.897299,9.814447,2852.529831,vibration_bearing_fault,1,2,300,1200,2.151533,-0.15867,1.069209,-0.908049,-0.978667,-0.209191,0.851113,-0.05933,0.4,194.65
1071,descent,3380.730965,55.563231,54.850096,96.413892,186.171041,595.270131,20.604362,1.174979,7.217698,11.600717,3068.751682,vibration_bearing_fault,1,2,300,1200,1.284527,-0.404872,-0.586499,1.528686,0.438251,-0.248411,0.847664,-0.02074,0.4,194.645
1072,descent,3583.588372,57.826675,54.667882,96.177763,187.687312,598.207836,20.678319,1.109095,6.863555,12.359236,3074.563056,vibration_bearing_fault,1,2,300,1200,2.028061,0.355974,1.088273,0.694847,-1.597796,-0.105264,0.836948,-0.00118,0.4,194.64
1073,descent,3292.052568,56.740834,55.171978,96.304132,188.512536,597.744627,20.830956,1.169337,7.310748,11.173591,2948.900059,vibration_bearing_fault,1,2,300,1200,3.087023,-0.919194,0.028142,0.452997,0.814987,-0.201983,0.849761,0.127162,0.4,194.635
1074,descent,3491.978597,58.363803,55.059542,97.541072,186.67882,603.431026,20.693335,1.123602,7.327193,10.97595,2996.233026,vibration_bearing_fault,1,2,300,1200,-2.887007,0.712179,-0.378035,0.657804,-1.076067,0.118943,0.852187,0.071432,0.4,194.63
1075,descent,3422.787767,57.67878,55.056343,95.9222,187.488453,596.531629,20.3983,1.235384,7.00853,10.95189,2880.70009,vibration_bearing_fault,1,2,300,1200,1.044898,-0.373572,0.180019,0.136813,-2.195264,-0.268487,0.848418,0.033218,0.4,194.625
1076,descent,3609.602978,56.603529,55.206456,96.241188,187.493545,598.80095,20.611542,1.083607,7.63728,11.37395,3052.066648,vibration_bearing_fault,1,2,300,1200,-4.004068,-0.144549,0.210572,-0.40414,0.025885,0.071062,0.848941,0.024489,0.4,194.62
1077,descent,3349.984777,56.66358,55.200997,96.377072,187.601322,601.053258,20.895178,1.165842,7.162004,10.800442,3125.398506,vibration_bearing_fault,1,2,300,1200,2.497804,0.432781,0.098386,0.843893,-0.943942,-0.077891,0.850918,0.084174,0.4,194.615
1078,descent,3404.862056,58.265188,55.796707,96.906753,185.354933,595.933139,20.841471,1.229176,7.256176,11.749645,2985.072079,vibration_bearing_fault,1,2,300,1200,0.269689,-0.451276,-0.398207,-1.012004,-0.310602,0.058168,0.848211,-0.099072,0.4,194.61
1079,descent,3353.845089,56.942369,55.212168,96.252509,188.488739,601.946748,21.197071,1.11308,6.989726,11.727597,3059.783637,vibration_bearing_fault,1,2,300,1200,4.226712,0.254524,-0.266277,-1.087808,2.061504,0.337193,0.845131,-0.019896,0.4,194.605
1080,landing,3398.293615,52.172148,55.47193,96.722715,182.716494,587.348278,19.797919,1.176635,7.18021,12.062124,3064.045794,vibration_bearing_fault,1,2,300,1200,-0.714924,0.04049,0.754229,-0.11882,-0.290419,0.017693,0.857293,-0.035886,0.4,194.6
1081,landing,3619.306919,51.522096,54.941032,96.397307,184.29426,590.228866,20.065391,1.156087,7.260173,14.130548,3166.89232,vibration_bearing_fault,1,2,300,1200,3.807895,-0.267722,-0.020985,-0.196368,-1.692658,0.24389,0.852389,0.034456,0.4,194.595
1082,landing,3415.114009,54.307627,54.869147,97.547091,180.194526,589.477716,19.955623,1.159015,7.46163,12.562177,3016.460408,vibration_bearing_fault,1,2,300,1200,0.454201,0.392505,-0.046023,-0.041344,-1.614106,0.114172,0.851671,-0.073925,0.4,194.59
1083,landing,3394.98282,54.462838,55.558258,96.590223,180.994156,588.271763,19.570053,1.097904,7.091543,11.506623,3121.126156,vibration_bearing_fault,1,2,300,1200,3.573679,-0.208789,0.127788,-0.285203,2.980819,-0.010287,0.84671,0.096989,0.4,194.585
1084,landing,3261.44621,54.188032,55.623415,96.054331,181.972808,588.330098,20.050948,1.118224,7.109372,12.246877,3010.261843,vibration_bearing_fault,1,2,300,1200,4.146207,-0.25802,-0.022511,-1.090851,2.046985,-0.09984,0.845111,0.075183,0.4,194.58
1085,landing,3359.875436,51.529755,55.352337,97.638218,182.84417,590.992048,19.589851,1.19407,7.015675,10.684547,2892.857343,vibration_bearing_fault,1,2,300,1200,-0.322348,0.605278,0.269972,-1.300471,-1.909948,0.190566,0.849302,0.007696,0.4,194.575
1086,landing,3773.201448,52.31936,55.051398,96.160101,182.441374,586.474556,20.001274,1.148428,6.922367,14.290731,3056.027589,vibration_bearing_fault,1,2,300,1200,0.540964,-0.469816,0.000835,-0.145921,0.86542,-0.053954,0.849008,0.114046,0.4,194.57
1087,landing,3256.406419,52.404789,54.640313,97.313041,181.575512,588.759503,19.800043,1.110006,7.290748,11.768,2946.513847,vibration_bearing_fault,1,2,300,1200,-4.149548,-0.181453,-0.129739,1.221489,0.676786,-0.0019,0.856843,0.067015,0.4,194.565
1088,landing,3268.357299,51.326668,54.681567,95.905146,181.006869,590.06296,20.031164,1.225538,6.915356,12.949267,2827.527669,vibration_bearing_fault,1,2,300,1200,-0.660991,-0.278864,0.20258,0.435704,-2.575541,-0.168306,0.852543,-0.074834,0.4,194.56
1089,landing,3627.529051,52.486868,54.965607,96.423129,181.387708,589.502687,20.092105,1.140711,6.977421,11.314494,3047.621046,vibration_bearing_fault,1,2,300,1200,-4.379639,-0.004962,0.158801,0.132077,-1.770919,-0.045066,0.857004,0.029526,0.4,194.555
1090,landing,3462.367927,54.360395,56.251873,97.149982,181.267962,589.950271,19.693596,1.159204,7.044792,13.68078,2839.365364,vibration_bearing_fault,1,2,300,1200,0.472472,0.235532,-0.442928,-0.273265,-1.944957,0.070352,0.846616,-0.166447,0.4,194.55
1091,landing,3450.563811,50.58107,55.159102,96.162989,181.698015,586.316212,19.929867,1.224581,6.906407,12.634627,3016.202929,vibration_bearing_fault,1,2,300,1200,-1.548774,-0.20747,0.089893,-0.341899,-0.558023,0.203053,0.840144,0.054226,0.4,194.545
1092,landing,3108.413683,53.116719,55.458523,95.945264,182.004906,588.330207,19.914825,1.256813,7.242165,11.453949,3178.316784,vibration_bearing_fault,1,2,300,1200,0.800233,-0.246535,0.28986,0.248731,-1.841218,-0.025005,0.845629,0.096594,0.4,194.54
1093,landing,3461.011821,53.667347,54.737797,96.903416,180.520462,582.892413,19.885434,1.164871,7.10913,13.987499,3083.252581,vibration_bearing_fault,1,2,300,1200,-0.513279,-0.365238,-0.071415,0.602389,-0.20201,0.020547,0.861326,0.024145,0.4,194.535
1094,landing,3479.380803,51.835875,55.35675,96.905149,182.688794,587.91906,19.970592,1.088317,7.150622,11.347771,2975.948688,vibration_bearing_fault,1,2,300,1200,-2.428224,0.735285,0.633613,0.723893,-0.046047,-0.094863,0.857859,0.03309,0.4,194.53
1095,landing,3186.854976,52.657938,54.243222,95.975988,182.423683,581.888543,19.595191,1.18481,7.258249,12.180542,3164.077177,vibration_bearing_fault,1,2,300,1200,0.602598,0.370639,-0.290962,0.884285,1.074872,0.06051,0.852797,0.12958,0.4,194.525
1096,landing,3461.607051,51.381035,54.542453,96.730494,181.578073,586.942007,19.629227,1.052043,7.034733,12.10927,2878.644214,vibration_bearing_fault,1,2,300,1200,-6.252996,0.862018,-0.075743,-0.106139,1.988831,-0.015991,0.845617,-0.006938,0.4,194.52
1097,landing,3376.174675,51.75374,54.723406,97.289161,182.771789,593.698779,19.610134,1.146232,7.274893,10.398371,3184.427277,vibration_bearing_fault,1,2,300,1200,1.75564,0.140064,-0.338058,-0.68035,1.096793,0.151588,0.848084,-0.034653,0.4,194.515
1098,landing,3496.174811,54.079366,54.973733,95.989598,181.580339,590.495908,19.773483,1.117656,7.297505,11.390703,3245.525117,vibration_bearing_fault,1,2,300,1200,2.800091,0.056157,-0.594705,1.066874,3.819631,-0.157036,0.848079,-0.012332,0.4,194.51
1099,landing,3304.253388,52.356682,55.796547,96.419521,181.253949,587.916749,20.118951,1.170859,7.285871,12.165222,3016.23378,vibration_bearing_fault,1,2,300,1200,3.478373,-0.115491,0.149333,-0.328491,-2.058291,0.393594,0.847497,-0.0544,0.4,194.505
1100,landing,3284.975749,54.067144,55.170326,96.513874,181.414285,589.878415,19.738018,1.106118,7.145915,10.933557,3001.131148,vibration_bearing_fault,1,2,300,1200,-0.085926,-0.577683,-0.216083,1.274955,-1.203882,0.148757,0.843813,-0.025264,0.4,194.5
1101,landing,3485.648779,53.450242,55.128953,96.984591,182.724739,586.224993,19.893403,1.20844,7.116475,10.210543,3123.823141,vibration_bearing_fault,1,2,300,1200,-0.755451,-0.29232,-0.073366,0.924465,-0.456947,0.145798,0.851718,-0.279221,0.4,194.495
1102,landing,3260.602445,54.039404,56.009128,97.208072,183.408859,585.434523,19.65515,1.144222,7.371353,11.221864,3145.069646,vibration_bearing_fault,1,2,300,1200,2.584272,-0.29904,-0.356856,-0.041271,-0.830064,0.052367,0.854412,0.004499,0.4,194.49
1103,landing,3688.490985,54.092206,55.178599,96.144978,179.653783,591.724407,19.753707,1.144413,6.9359,11.597315,3061.765214,vibration_bearing_fault,1,2,300,1200,1.086505,-0.018805,0.591961,-0.324728,1.669656,-0.023322,0.848651,-0.071749,0.4,194.485
1104,landing,3134.427647,52.178045,54.910395,96.981766,183.474852,587.66355,20.018587,1.045862,6.947799,11.057447,3184.065105,vibration_bearing_fault,1,2,300,1200,0.678651,0.462692,-0.586657,-0.326532,-0.439471,0.110427,0.83981,0.01554,0.4,194.48
1105,landing,3194.668499,54.586228,55.084719,96.387331,182.884469,586.4738,19.475815,1.093826,7.0107,11.485911,2958.235142,vibration_bearing_fault,1,2,300,1200,-2.282513,0.372826,0.19637,-0.777645,0.577531,-0.326717,0.849197,-0.001237,0.4,194.475
1106,landing,3339.349795,53.421999,54.637585,97.166656,180.02959,587.467156,20.110364,1.254837,7.240649,12.326856,3050.893542,vibration_bearing_fault,1,2,300,1200,2.896081,-0.545082,-0.369908,-0.743855,0.912396,0.225739,0.851338,0.125533,0.4,194.47
1107,landing,3460.981089,51.440932,54.876145,96.077603,180.336795,591.534316,19.985889,1.252752,7.132727,11.914994,3012.258395,vibration_bearing_fault,1,2,300,1200,-2.751862,-0.291604,0.33589,0.489449,1.056173,0.066887,0.841214,-0.03367,0.4,194.465
1108,landing,3411.8215,53.125918,54.937577,96.08577,181.284902,592.143331,19.783019,1.151476,6.91923,12.736204,3062.523021,vibration_bearing_fault,1,2,300,1200,-1.760168,0.121559,-0.005791,0.821787,1.137278,-0.057926,0.852763,0.058096,0.4,194.46
1109,landing,3244.588481,51.626619,55.113449,97.283215,180.569108,591.611308,19.772359,1.168237,7.317391,11.49413,2970.831024,vibration_bearing_fault,1,2,300,1200,1.73062,0.066029,-0.106967,-1.552789,0.55433,0.028531,0.846638,0.042736,0.4,194.455
1110,landing,3655.750901,53.448861,55.382829,97.20264,180.591493,592.270239,19.866777,1.240783,7.01822,11.917863,3055.626505,vibration_bearing_fault,1,2,300,1200,-1.485206,0.266817,-1.013945,0.063527,-1.357191,-0.005615,0.859851,-0.000448,0.4,194.45
1111,landing,3246.280936,52.840096,54.969767,96.663416,182.735237,586.450294,20.03837,1.210571,6.925647,11.395254,3101.09841,vibration_bearing_fault,1,2,300,1200,1.062577,0.208862,0.456766,0.343296,2.174457,0.236909,0.855283,-0.073405,0.4,194.445
1112,landing,3238.75704,52.059845,54.850694,96.737103,180.404228,590.148693,19.837296,1.079834,7.151705,12.241039,3129.397216,vibration_bearing_fault,1,2,300,1200,0.33269,0.040401,-0.221745,-1.978667,-2.283471,-0.017526,0.845589,0.057819,0.4,194.44
1113,landing,3464.502128,51.785041,54.8982,95.953318,179.130093,586.982014,19.693091,1.201246,7.240272,12.485601,3027.808101,vibration_bearing_fault,1,2,300,1200,-1.870796,-0.218771,-0.035524,0.62845,0.909703,-0.003699,0.847755,0.093465,0.4,194.435
1114,landing,3849.282475,52.78636,55.54436,96.819542,182.99877,590.381444,19.338061,1.178691,7.172644,12.918355,3178.440041,vibration_bearing_fault,1,2,300,1200,5.290647,0.186167,-1.037501,0.346535,-1.034819,-0.152889,0.855568,0.184024,0.4,194.43
1115,landing,3473.393646,52.96222,55.649095,96.749259,182.402782,592.310608,19.89807,1.104754,6.979478,11.154853,2964.240785,vibration_bearing_fault,1,2,300,1200,3.633001,-0.871825,0.182103,-1.037091,3.165908,-0.065841,0.856165,0.036768,0.4,194.425
1116,landing,3628.785292,54.128709,54.898641,97.234385,179.744509,590.031323,19.75333,1.201187,7.200236,12.403297,3005.520922,vibration_bearing_fault,1,2,300,1200,-0.266441,0.507444,-0.797808,0.48335,0.025399,0.1625,0.85333,-0.00811,0.4,194.42
1117,landing,3307.36691,50.851975,54.997649,95.794977,183.133526,586.757342,19.663712,1.246896,7.025002,12.321101,3081.811862,vibration_bearing_fault,1,2,300,1200,-2.873364,0.262964,-0.114994,-0.393665,-0.38447,-0.310795,0.851329,0.124162,0.4,194.415
1118,landing,3503.058303,51.013038,55.054412,96.485099,181.424392,587.762859,19.724452,1.100862,7.12358,11.329279,2963.14802,vibration_bearing_fault,1,2,300,1200,0.059667,0.051366,-0.587672,0.270992,-0.134968,0.00518,0.846868,0.005591,0.4,194.41
1119,landing,3258.128596,53.078664,54.968139,98.298031,182.614575,585.814776,20.043633,1.145162,7.137669,12.978502,3012.377713,vibration_bearing_fault,1,2,300,1200,3.551114,0.01477,-0.138593,0.219608,0.454924,0.050375,0.849121,0.076494,0.4,194.405
1120,landing,3403.17882,54.082186,55.749134,96.755154,180.587538,587.489505,19.969206,1.113431,7.222857,13.117655,3253.204793,vibration_bearing_fault,1,2,300,1200,6.507965,0.780072,-0.769601,-0.620644,2.945018,0.024264,0.84959,0.005099,0.4,194.4
1121,landing,3421.543939,54.211038,55.598789,97.223584,182.684394,591.182526,19.744198,1.153388,7.211298,11.44058,3013.452027,vibration_bearing_fault,1,2,300,1200,-2.527822,-0.233243,0.019659,-0.022745,1.467538,0.114269,0.842865,-0.170703,0.4,194.395
1122,landing,3076.307518,51.28426,55.987379,96.305638,182.143585,588.649125,19.879494,1.131892,7.209955,10.637116,3036.026868,vibration_bearing_fault,1,2,300,1200,-0.701904,0.409872,-0.210006,1.109697,-0.842356,0.065831,0.849022,-0.024829,0.4,194.39
1123,landing,3146.571601,54.776627,55.299131,96.01393,180.012007,588.908251,19.63185,1.241201,7.005389,13.347208,3049.927878,vibration_bearing_fault,1,2,300,1200,-1.717384,-0.194351,0.208087,-0.910811,0.785543,0.095052,0.845386,0.013203,0.4,194.385
1124,landing,3513.572941,54.958215,55.594321,97.728215,181.357621,584.365349,19.993242,1.231845,7.15951,13.491299,3028.690074,vibration_bearing_fault,1,2,300,1200,-1.487195,0.496533,-0.47353,-0.280867,-0.704026,-0.060736,0.858352,-0.003117,0.4,194.38
1125,landing,3351.115706,54.568146,56.449721,97.123712,182.913291,591.744971,19.72403,1.162757,7.221076,12.663924,3030.981755,vibration_bearing_fault,1,2,300,1200,-0.139477,0.199333,0.642835,1.11391,1.21201,0.19142,0.860591,0.074362,0.4,194.375
1126,landing,3471.03536,52.553647,55.285337,96.393536,181.760613,591.782738,19.682031,1.143263,7.323146,10.340948,2967.777494,vibration_bearing_fault,1,2,300,1200,0.228889,-0.410679,-0.070591,-1.060068,1.176699,0.183539,0.863572,0.068401,0.4,194.37
1127,landing,3553.371171,53.208049,55.511167,98.338402,180.655883,588.038438,19.554816,1.148052,7.170398,12.009545,2971.024972,vibration_bearing_fault,1,2,300,1200,-3.063813,-0.142222,0.552535,0.349321,0.237308,-0.158433,0.847933,0.153351,0.4,194.365
1128,landing,3142.875175,52.526902,54.751505,96.572559,182.277724,592.327849,19.768607,1.230244,6.823676,12.20528,3203.449422,vibration_bearing_fault,1,2,300,1200,-1.089273,-0.130816,0.590745,-0.652755,2.596343,0.068233,0.851121,-0.024667,0.4,194.36
1129,landing,3202.557716,51.696241,55.644486,96.742085,181.339824,589.625476,19.63169,1.192129,7.022263,10.817497,3129.914694,vibration_bearing_fault,1,2,300,1200,7.075017,-0.04222,0.0306,-1.420916,1.941073,-0.061308,0.846815,-0.095113,0.4,194.355
1130,landing,3398.266602,51.942908,55.664941,96.011568,182.603517,585.685983,19.95992,1.123332,7.181613,11.681133,3132.483073,vibration_bearing_fault,1,2,300,1200,1.886113,-0.455324,-0.643509,0.631035,-0.826445,-0.094059,0.846056,0.004181,0.4,194.35
1131,landing,3660.309802,52.195209,55.445164,97.291832,179.60248,586.013498,19.48952,1.147104,7.114205,12.315039,3072.536007,vibration_bearing_fault,1,2,300,1200,2.960274,-0.586314,0.408737,-0.030684,0.865443,0.148042,0.843491,-0.124895,0.4,194.345
1132,landing,3270.697716,53.541154,54.724699,96.832807,181.396331,590.205645,19.772606,1.132448,7.11943,12.350713,2947.96425,vibration_bearing_fault,1,2,300,1200,-0.014752,0.107277,-0.268526,-0.392336,-2.414794,0.066214,0.855141,0.048389,0.4,194.34
1133,landing,3291.997259,53.282153,55.279004,96.441429,183.297581,584.65842,19.877254,1.14689,7.382408,11.731487,3048.869485,vibration_bearing_fault,1,2,300,1200,6.760416,-1.282623,0.052345,2.346459,-0.864767,0.164426,0.847352,-0.042219,0.4,194.335
1134,landing,3512.39955,50.217623,55.559537,96.432742,180.925998,586.667344,19.82636,1.116568,7.033424,11.75356,3045.38652,vibration_bearing_fault,1,2,300,1200,-3.858732,0.499136,1.34236,0.75048,1.337849,-0.019767,0.842102,0.151085,0.4,194.33
1135,landing,3208.928347,53.319663,55.477993,95.853625,183.381585,590.571594,19.794615,1.144574,6.965439,12.761539,3142.156324,vibration_bearing_fault,1,2,300,1200,-5.825887,-0.149435,-0.080762,0.018309,1.722371,0.19465,0.848783,0.092955,0.4,194.325
1136,landing,3598.938221,53.482196,55.55238,97.165164,182.058964,585.805121,19.632583,1.151112,7.214424,10.441986,3026.393767,vibration_bearing_fault,1,2,300,1200,3.331738,-0.986715,-0.047399,-0.321986,-1.137065,0.043478,0.848655,-0.029373,0.4,194.32
1137,landing,3188.57234,52.024832,54.81049,96.776369,183.985772,590.516634,19.784254,1.038764,7.10371,11.925507,3137.271122,vibration_bearing_fault,1,2,300,1200,6.383086,0.711891,-1.080938,0.851883,1.613781,-0.022321,0.855291,0.065929,0.4,194.315
1138,landing,3240.541969,52.586848,54.510239,96.369715,180.649109,588.410771,19.70717,1.141369,7.069786,11.47273,2964.94773,vibration_bearing_fault,1,2,300,1200,-1.273034,0.061429,-0.301003,0.868853,0.598463,0.200303,0.857759,0.02606,0.4,194.31
1139,landing,3432.961932,51.356764,55.528239,96.210094,182.308599,586.341919,19.757013,1.188458,7.169049,10.944558,2997.757274,vibration_bearing_fault,1,2,300,1200,1.425629,0.203102,0.017807,0.642458,0.991332,-0.106314,0.849136,-0.05449,0.4,194.305
1140,landing,3250.208115,54.431929,54.599599,96.443461,181.241786,588.743038,19.708278,1.181916,7.308874,10.704158,2968.16155,vibration_bearing_fault,1,2,300,1200,-2.365099,0.618883,0.099845,0.390287,-2.079773,-0.070409,0.839777,-0.047069,0.4,194.3
1141,landing,3668.36293,53.585922,55.612403,96.420036,182.37268,588.707927,19.873169,1.229162,7.115287,12.303517,3084.154461,vibration_bearing_fault,1,2,300,1200,3.656778,0.792366,0.913126,0.574481,-1.537123,0.233663,0.853624,0.054763,0.4,194.295
1142,landing,3571.012592,52.792392,55.073902,95.834318,183.326258,590.517142,19.603216,1.08245,7.10866,11.135565,2939.781106,vibration_bearing_fault,1,2,300,1200,-2.947241,0.176062,0.413918,-0.008146,1.531565,-0.32715,0.853094,0.070768,0.4,194.29
1143,landing,3163.643506,52.816094,54.807482,97.596655,181.468994,587.620229,19.562816,1.14699,7.067815,12.483618,2881.898199,vibration_bearing_fault,1,2,300,1200,-1.408599,-0.016775,-0.809782,-0.405864,1.904671,-0.136255,0.854723,0.099182,0.4,194.285
1144,landing,3182.513364,53.28679,54.867059,96.312546,183.44034,591.119203,19.653922,1.162358,7.357889,11.990846,2952.666114,vibration_bearing_fault,1,2,300,1200,4.327909,-0.051401,0.482011,0.164942,1.716456,0.175502,0.854066,0.171019,0.4,194.28
1145,landing,3268.73133,53.778284,55.022493,96.38752,181.657605,591.673382,19.753466,1.226017,7.161251,11.414529,3134.224628,vibration_bearing_fault,1,2,300,1200,-4.995969,-0.638825,0.873809,-0.605788,0.402131,0.134598,0.848119,-0.014124,0.4,194.275
1146,landing,3559.335568,52.127336,55.167742,96.530243,180.784234,590.871637,19.675776,1.156612,7.185217,11.433517,3080.86137,vibration_bearing_fault,1,2,300,1200,-3.867243,0.250258,-0.494869,0.010204,-2.355433,-0.027032,0.848059,0.046558,0.4,194.27
1147,landing,3639.395358,55.348219,55.15526,96.966502,181.15952,587.327509,19.876992,1.187094,7.384957,12.034638,2996.486839,vibration_bearing_fault,1,2,300,1200,-4.539799,-0.187248,-0.085069,-0.753764,-0.757433,-0.027489,0.84765,-0.031231,0.4,194.265
1148,landing,3478.020123,50.928935,55.340126,97.731698,180.213783,590.98262,19.901455,1.204678,7.310941,11.582731,2933.736331,vibration_bearing_fault,1,2,300,1200,2.652539,-0.10204,1.232616,0.008887,-1.498333,-0.121529,0.847157,0.013346,0.4,194.26
1149,landing,3543.278141,51.15348,55.55075,96.630076,181.302112,582.782638,19.93635,1.164693,7.149022,11.610335,2952.743881,vibration_bearing_fault,1,2,300,1200,-2.215259,-0.50986,0.882668,-0.385948,-3.387598,-0.097972,0.845661,0.101867,0.4,194.255
1150,landing,3302.30541,53.405021,54.986549,96.430933,181.430525,587.574579,19.699225,1.203583,6.879038,12.100574,3081.781968,vibration_bearing_fault,1,2,300,1200,-5.567184,0.166357,-0.057775,-0.66817,0.531829,-0.304296,0.851935,0.012278,0.4,194.25
1151,landing,3446.502408,52.326535,54.720586,96.616929,181.656883,590.278595,19.955382,1.092548,7.00787,13.538256,3157.077922,vibration_bearing_fault,1,2,300,1200,1.241305,-0.895141,-0.077306,0.671493,-0.249246,0.062029,0.843433,-0.054325,0.4,194.245
1152,landing,3126.699944,51.325166,54.826624,97.155945,179.494634,588.268283,19.67086,1.161534,7.306804,10.973855,2935.029089,vibration_bearing_fault,1,2,300,1200,-0.285512,0.423805,0.467825,0.01143,3.408781,-0.339197,0.846278,0.000988,0.4,194.24
1153,landing,3388.256553,51.859074,55.88998,96.356803,181.010769,590.988667,19.929041,1.118687,7.251356,11.499626,2984.711181,vibration_bearing_fault,1,2,300,1200,-2.68866,-0.44602,0.229815,0.211738,0.787712,-0.231604,0.853972,-0.031655,0.4,194.235
1154,landing,3251.123749,53.337011,54.58438,96.772972,180.109608,593.130444,19.91164,1.146181,6.874425,11.775726,2970.884152,vibration_bearing_fault,1,2,300,1200,-1.135458,0.222817,-0.018032,-0.341701,-2.686782,0.027323,0.844154,-0.028204,0.4,194.23
1155,landing,3453.117903,52.166849,54.704582,96.481076,182.386102,587.669987,19.620748,1.172231,7.213607,12.225878,3106.949275,vibration_bearing_fault,1,2,300,1200,-2.306871,0.066169,-0.066252,-0.183376,0.246047,0.175049,0.848072,0.044973,0.4,194.225
1156,landing,3219.781366,52.52946,54.664245,96.367206,181.287322,590.106294,19.725514,1.184791,7.242952,12.006897,3050.923708,vibration_bearing_fault,1,2,300,1200,1.970365,0.298669,-0.546786,0.805632,0.249753,-0.252573,0.842515,0.033133,0.4,194.22
1157,landing,3520.761982,51.483602,55.691518,97.500183,182.743042,589.417015,19.67342,1.229428,7.272932,11.172966,2893.78085,vibration_bearing_fault,1,2,300,1200,1.51043,0.206381,-0.499059,0.609845,-1.205736,0.15084,0.859047,-0.043264,0.4,194.215
1158,landing,3354.260978,55.369501,54.634975,96.020265,181.563972,591.537349,19.550815,1.131672,7.223691,10.824077,3127.691692,vibration_bearing_fault,1,2,300,1200,-2.917222,0.12947,0.249625,0.227084,1.050189,0.057765,0.856898,0.013677,0.4,194.21
1159,landing,3203.570419,54.3496,54.91239,97.541983,180.542131,593.174441,19.855919,1.199504,7.119213,12.894854,3117.528307,vibration_bearing_fault,1,2,300,1200,3.471696,-0.095257,-0.357206,-0.84617,-1.909496,0.121931,0.851091,-0.044806,0.4,194.205
1160,landing,3336.73173,51.817383,54.795591,96.93477,182.333585,588.284989,19.980697,1.206281,7.270066,11.981641,3109.054244,vibration_bearing_fault,1,2,300,1200,1.321827,0.001676,0.529574,-0.897928,0.298777,-0.025654,0.844824,0.07984,0.4,194.2
1161,landing,3338.1545,53.331606,55.587723,95.948256,182.457605,587.201875,20.008682,1.120243,7.150911,11.083229,3155.55805,vibration_bearing_fault,1,2,300,1200,-0.564247,0.043843,-0.645649,0.52014,0.721509,-0.039989,0.844167,-0.034661,0.4,194.195
1162,landing,3191.714349,52.617931,55.066626,95.88337,179.860809,585.984236,20.078937,1.15733,7.127905,11.584986,2914.735713,vibration_bearing_fault,1,2,300,1200,-1.259796,-0.317668,-0.17851,-0.134201,-1.584367,-0.119325,0.84623,-0.120834,0.4,194.19
1163,landing,3552.972207,52.541041,55.337669,96.253016,181.939604,593.420673,19.922459,1.187875,7.163997,11.156852,3103.03376,vibration_bearing_fault,1,2,300,1200,-7.725687,-0.26398,0.054958,0.776798,2.114508,-0.183502,0.846266,-0.002445,0.4,194.185
1164,landing,3777.410664,52.525433,54.535067,96.623707,181.342405,589.207121,20.00763,1.232697,7.448469,10.124097,3020.215585,vibration_bearing_fault,1,2,300,1200,-4.115998,-0.49822,0.235212,-0.003574,0.20318,-0.336061,0.851953,-0.092727,0.4,194.18
1165,landing,3273.869216,53.572044,55.097058,96.864202,180.016401,584.691552,19.751837,1.159458,7.131916,12.489144,3069.556949,vibration_bearing_fault,1,2,300,1200,5.841993,0.324949,0.011519,-0.205111,1.634041,-0.353556,0.843125,-0.054063,0.4,194.175
1166,landing,3654.183922,51.481878,55.303757,96.473384,181.408181,585.151285,19.851859,1.172667,7.009709,11.458486,3006.328442,vibration_bearing_fault,1,2,300,1200,-3.881714,-0.590552,-0.207925,0.904115,1.984956,-0.054587,0.853021,-0.135224,0.4,194.17
1167,landing,2926.638679,52.820194,55.830037,97.073099,181.817976,588.435253,19.528171,1.156393,7.09975,12.304044,2982.26695,vibration_bearing_fault,1,2,300,1200,-2.294082,0.307282,-0.155918,-0.061246,0.892278,0.312954,0.849622,0.013429,0.4,194.165
1168,landing,3388.520579,53.127998,55.924559,95.773199,182.116731,590.364584,19.744815,1.167043,7.187854,13.186609,3069.737389,vibration_bearing_fault,1,2,300,1200,2.034405,0.639146,0.431946,0.748573,-0.864026,0.127677,0.84867,0.015188,0.4,194.16
1169,landing,3428.480175,53.773076,55.08421,96.54326,180.958226,589.317854,19.733975,1.141974,6.97731,11.836895,3077.635792,vibration_bearing_fault,1,2,300,1200,0.453779,-0.214834,-0.160242,-0.33144,-1.651466,0.004907,0.847736,0.010701,0.4,194.155
1170,landing,3391.181619,52.755373,55.357303,97.565972,181.813029,590.365708,19.849745,1.143897,6.935212,10.320387,3036.684331,vibration_bearing_fault,1,2,300,1200,-4.599024,-0.213723,-0.143876,1.060187,2.414075,0.125356,0.849952,-0.030101,0.4,194.15
1171,landing,3440.707273,52.502083,55.410688,96.150898,183.545793,587.209945,19.829566,1.180968,7.141045,10.953733,3142.667433,vibration_bearing_fault,1,2,300,1200,3.236497,0.057182,0.475083,0.19287,1.895925,-0.037773,0.845499,0.035851,0.4,194.145
1172,landing,3306.219627,54.599897,55.783462,95.87021,182.345757,586.846028,19.66293,1.216158,7.21715,12.208754,2912.826202,vibration_bearing_fault,1,2,300,1200,3.203473,-0.028325,1.113595,1.070104,0.306847,0.256269,0.840984,0.036762,0.4,194.14
1173,landing,3351.463995,52.123226,55.161069,96.736163,182.471483,593.591011,19.898239,1.121069,7.071952,13.467137,2885.922527,vibration_bearing_fault,1,2,300,1200,3.379815,-0.12027,-0.198591,0.450385,-0.131415,0.087616,0.842082,-0.034351,0.4,194.135
1174,landing,3107.069571,54.627415,54.98042,97.773916,181.878113,591.046064,19.893075,1.235441,7.044964,12.776338,3118.823417,vibration_bearing_fault,1,2,300,1200,0.551698,0.172003,0.165659,0.099985,-1.170541,0.055091,0.856439,0.017645,0.4,194.13
1175,landing,3275.663357,52.937798,55.271987,96.448431,181.813922,591.958862,19.739592,1.09615,7.412199,12.069955,2852.634065,vibration_bearing_fault,1,2,300,1200,2.368813,0.89586,-0.999812,1.056075,-1.637521,-0.042052,0.859219,0.021747,0.4,194.125
1176,landing,3177.751967,53.014347,54.983214,96.750054,182.290836,587.093808,19.894302,1.172625,6.991333,11.065114,3143.799288,vibration_bearing_fault,1,2,300,1200,-1.54684,-0.365147,0.579239,-0.538895,-0.934948,0.066771,0.85234,0.13751,0.4,194.12
1177,landing,3244.776811,53.151472,55.3258,96.819494,183.011402,585.731134,19.722171,1.100961,7.138,11.982813,2969.507143,vibration_bearing_fault,1,2,300,1200,-3.439231,0.777308,0.500925,-0.66738,-0.247005,0.154385,0.840955,-0.128883,0.4,194.115
1178,landing,3390.922414,53.480687,55.431702,96.318573,180.445348,591.48296,19.657662,1.156712,7.153659,13.646797,3000.555473,vibration_bearing_fault,1,2,300,1200,2.511906,-0.412592,0.380296,0.071932,-2.460964,-0.143355,0.853785,0.033721,0.4,194.11
1179,landing,3318.988468,52.550753,54.598936,97.014802,182.201725,588.264955,19.737758,1.096283,6.962193,11.044717,3142.497689,vibration_bearing_fault,1,2,300,1200,-1.496645,-1.054845,0.149221,0.372257,-0.588504,0.07314,0.856495,0.13276,0.4,194.105
1180,landing,3465.00807,52.903882,55.462655,97.44736,181.839864,594.031127,19.958199,1.129266,7.123128,12.550449,2911.470641,vibration_bearing_fault,1,2,300,1200,-1.407942,0.108237,-0.543519,0.397369,2.974638,-0.024903,0.852761,0.069441,0.4,194.1
1181,landing,3209.84413,53.575994,55.626378,96.435026,180.180049,592.369796,19.759503,1.164422,6.994803,10.826369,3032.804304,vibration_bearing_fault,1,2,300,1200,-4.353064,0.235383,-0.095033,0.158474,1.190257,-0.084732,0.848149,-0.138764,0.4,194.095
1182,landing,3403.577597,53.494966,55.155902,96.442921,183.047477,588.977073,19.716898,1.18097,7.166207,11.459026,3032.347222,vibration_bearing_fault,1,2,300,1200,4.025876,-0.127719,0.438099,0.663167,1.07217,0.184302,0.848857,-0.062966,0.4,194.09
1183,landing,3209.002183,52.449095,55.288584,96.506901,182.925682,590.65022,19.743546,1.215347,7.051584,10.195311,3004.20371,vibration_bearing_fault,1,2,300,1200,-4.312187,0.222818,0.803532,0.010087,-1.217021,-0.240962,0.852264,-0.113342,0.4,194.085
1184,landing,3448.378542,51.248126,55.702169,97.280085,180.220698,587.754844,20.047805,1.067356,7.05248,12.459103,3134.781896,vibration_bearing_fault,1,2,300,1200,0.774564,0.309961,0.181668,0.372024,0.689443,0.157547,0.859805,0.045462,0.4,194.08
1185,landing,3194.123493,53.073504,53.848301,97.436004,181.452842,586.285768,20.119075,1.144366,7.266197,11.749751,3113.81397,vibration_bearing_fault,1,2,300,1200,1.841995,-0.242333,-0.161645,0.281463,2.043411,-0.18809,0.847459,-0.068739,0.4,194.075
1186,landing,3305.328883,51.626145,55.668822,96.265565,180.205109,588.378473,19.685129,1.184988,7.030192,12.062742,2988.874377,vibration_bearing_fault,1,2,300,1200,0.229679,0.389453,-0.083658,0.881615,-0.701656,0.059035,0.850049,-0.050246,0.4,194.07
1187,landing,3443.880599,50.204624,55.31268,95.851331,181.260104,584.029425,19.911575,1.143303,7.26876,11.35468,3174.496379,vibration_bearing_fault,1,2,300,1200,-4.018898,0.513412,-0.010771,1.521782,0.630339,-0.274069,0.850245,-0.109663,0.4,194.065
1188,landing,3469.485161,52.437724,55.163862,96.220458,184.789195,592.863918,19.681153,1.104974,7.077561,11.513507,2955.294343,vibration_bearing_fault,1,2,300,1200,0.661803,-0.083895,-0.189415,-0.881787,0.266351,0.098079,0.860714,0.147466,0.4,194.06
1189,landing,3149.564541,52.740583,55.250106,97.69315,179.509928,585.911358,19.727661,1.088034,6.948272,13.142624,3003.43584,vibration_bearing_fault,1,2,300,1200,1.504684,0.24458,0.381377,0.417041,2.320351,-0.11756,0.849346,-0.012863,0.4,194.055
1190,landing,3361.856338,52.548264,55.446162,95.699279,182.715486,586.794655,19.602732,1.11835,7.03177,10.773573,2995.933971,vibration_bearing_fault,1,2,300,1200,1.82733,-0.360653,-0.058384,0.615043,-0.024198,0.129978,0.850918,0.166632,0.4,194.05
1191,landing,3231.621179,53.507039,55.682742,95.889497,182.347081,592.968571,19.610603,1.176496,7.245942,12.080597,3015.586051,vibration_bearing_fault,1,2,300,1200,-3.381407,0.360354,0.88708,-0.778735,2.277613,-0.099821,0.852078,0.044945,0.4,194.045
1192,landing,3651.897121,51.389976,55.796216,96.17877,183.83821,594.408912,19.494625,1.224731,7.314701,11.161155,3133.672062,vibration_bearing_fault,1,2,300,1200,-1.422258,0.017915,0.334822,1.128257,0.128414,0.069905,0.849904,-0.082419,0.4,194.04
1193,landing,3179.903312,53.503465,54.649549,96.46508,184.052258,588.042754,19.80998,1.129951,7.269459,12.003597,3121.464371,vibration_bearing_fault,1,2,300,1200,-1.319064,0.057889,-0.45045,0.947704,0.485733,0.253683,0.847433,0.035595,0.4,194.035
1194,landing,3549.804769,52.702564,55.140896,97.771624,182.525197,591.548424,20.018533,1.15964,7.264705,10.282293,3051.191737,vibration_bearing_fault,1,2,300,1200,-1.06795,0.935304,-0.887224,0.452178,-0.66606,-0.076714,0.851886,0.047629,0.4,194.03
1195,landing,3632.463739,52.360805,55.415915,96.032475,179.524698,589.567847,19.589934,1.16456,7.249882,13.162867,3046.274656,vibration_bearing_fault,1,2,300,1200,2.839415,0.149095,-0.00448,0.236998,2.438333,0.152118,0.8408,0.080076,0.4,194.025
1196,landing,3693.67152,53.956099,55.424628,96.692733,179.952592,586.070336,19.801165,1.102688,7.060516,10.735983,3163.97048,vibration_bearing_fault,1,2,300,1200,0.266463,0.288541,-0.649098,0.074326,3.367145,0.056621,0.849369,0.05818,0.4,194.02
1197,landing,3230.213936,53.605894,55.378085,96.767561,182.414304,587.44357,19.667533,0.999397,7.296095,12.837044,3148.73951,vibration_bearing_fault,1,2,300,1200,1.52653,-0.022369,-0.369913,0.652817,1.333428,0.075697,0.843011,0.066167,0.4,194.015
1198,landing,3310.405769,52.135219,55.376195,96.717396,181.583262,586.573241,19.649334,1.20216,7.198017,11.085062,3126.15726,vibration_bearing_fault,1,2,300,1200,1.302745,0.353465,-0.080557,1.767328,-0.322442,-0.258315,0.848701,-0.01369,0.4,194.01
1199,landing,3408.514578,52.384364,55.554712,96.887929,180.091943,589.488557,19.944556,1.145086,7.224705,11.884164,3165.805553,vibration_bearing_fault,1,2,300,1200,1.028422,0.265497,0.167148,1.386316,0.063633,0.101333,0.847696,-0.0193,0.4,194.005
