timestamp,mission_phase,rpm,throttle,oil_pressure,oil_temp,cht,egt,manifold_pressure,vibration,fuel_flow,ambient_temp,altitude,fault_type,fault_active,fault_severity,fault_start_time,fault_end_time,residual_rpm,residual_oil_pressure,residual_oil_temp,residual_cht,residual_egt,residual_manifold_pressure,residual_vibration,residual_fuel_flow,health_index,baseline_rul
0,idle,3280.441176,41.733955,64.974645,90.365678,187.343434,593.253825,21.065273,0.189585,7.665595,3.290852,3151.410473,healthy,0,0,0,0,-3.537222,-0.258919,0.843932,0.97833,-1.654627,-0.038756,-0.000171,0.048961,1.0,200.0
1,idle,3298.175956,41.127853,64.871665,88.908185,187.507273,593.762428,21.188963,0.188544,7.44479,4.47531,3268.911542,healthy,0,0,0,0,2.410634,-0.628627,-0.495841,0.48251,0.780017,-0.06543,0.007742,-0.042351,1.0,199.995
2,idle,3294.737335,39.239114,63.974843,88.998131,186.584867,587.824469,21.146967,0.178751,7.422527,6.085849,3087.683875,healthy,0,0,0,0,-1.172426,-0.786906,-0.250163,0.144039,0.219847,0.055851,-0.004882,-0.062138,1.0,199.99
3,idle,3324.203398,41.238114,64.911572,89.123656,188.591405,592.951489,21.006128,0.185836,7.599105,4.118437,3182.795831,healthy,0,0,0,0,-2.167546,0.578327,-0.25191,1.434728,-0.178706,-0.191766,0.003916,0.108003,1.0,199.985
4,idle,3325.774767,41.573714,65.218567,89.580474,189.355231,587.520438,21.159382,0.18679,7.448728,7.057077,3251.023302,healthy,0,0,0,0,3.01286,-0.28354,0.417281,0.112312,-1.65975,0.123795,-0.002152,-0.019655,1.0,199.98
5,idle,3295.560278,39.793654,65.346623,89.52584,187.291089,594.571402,20.792788,0.180502,7.533921,5.290563,3155.866504,healthy,0,0,0,0,2.515859,-0.32742,1.007787,-0.152755,1.374892,0.054391,-0.000345,-0.089292,1.0,199.975
6,idle,3318.858983,41.320181,64.578558,90.028366,187.542481,588.023663,20.912496,0.185198,7.56371,3.540375,3197.563704,healthy,0,0,0,0,-5.107581,-0.471954,-0.538173,0.847107,1.390793,0.20827,-0.003795,-0.019314,1.0,199.97
7,idle,3319.429809,41.906352,64.817311,90.414595,186.513763,589.946572,20.831773,0.181885,7.664517,7.0973,3203.055829,healthy,0,0,0,0,0.302823,-0.419524,0.556018,1.575052,-2.740985,-0.011528,-0.005109,-0.039617,1.0,199.965
8,idle,3329.499203,38.117235,65.064272,91.215144,187.951712,590.463203,20.864736,0.184843,7.511577,5.437988,3196.158497,healthy,0,0,0,0,-2.73365,-0.11773,0.717286,0.483014,0.153734,0.12878,0.004647,0.095912,1.0,199.96
9,idle,3314.178673,40.611905,64.391385,90.309438,187.235763,594.422947,21.088805,0.189033,7.664335,7.449183,3165.387331,healthy,0,0,0,0,-2.113234,-0.280559,0.956954,0.845607,-0.739185,-0.051561,-0.001189,0.029425,1.0,199.955
10,idle,3253.326114,40.746821,65.33436,90.168673,185.324958,593.950938,21.069994,0.183376,7.372547,6.997018,3237.651825,healthy,0,0,0,0,-2.823827,-0.347384,0.69614,-0.069327,-2.649772,-0.001847,0.003967,-0.065509,1.0,199.95
11,idle,3293.188598,39.364379,65.060979,89.533314,189.086797,593.733977,21.19847,0.191534,7.276883,7.594624,3178.110538,healthy,0,0,0,0,1.328455,-0.535169,-0.594078,0.120108,0.186355,-0.149877,-0.003628,0.007722,1.0,199.945
12,idle,3290.335105,39.877391,65.166176,90.092761,186.537986,591.490868,20.587369,0.186092,7.314221,5.865719,3256.143827,healthy,0,0,0,0,1.849183,0.399567,-0.071035,-1.024432,1.65132,0.007955,-0.004187,0.009537,1.0,199.94
13,idle,3305.175007,40.997232,65.03425,90.212487,188.325521,594.837788,20.765439,0.186445,7.480116,5.43705,3274.39982,healthy,0,0,0,0,2.007621,0.363001,0.229319,-1.180902,-1.748223,0.055878,-0.003697,0.122203,1.0,199.935
14,idle,3318.355677,40.991936,65.081292,89.282994,185.564157,586.284748,20.664223,0.190299,7.479456,5.560629,3160.126101,healthy,0,0,0,0,-4.71992,-0.270005,0.176021,-0.082986,1.089191,0.063467,0.001576,0.067828,1.0,199.93
15,idle,3278.722137,40.960667,64.7261,89.871101,186.953596,588.341614,20.861839,0.197023,7.437858,5.482513,3310.480289,healthy,0,0,0,0,1.621232,0.197223,0.227291,-0.501828,0.13755,-0.115912,-0.003254,0.040459,1.0,199.925
16,idle,3314.412309,41.630864,65.726179,90.772151,187.143365,588.730987,21.300746,0.185445,7.333946,8.69539,3161.337144,healthy,0,0,0,0,3.666999,0.426383,0.022878,0.300494,3.81743,-0.044056,0.001905,0.02771,1.0,199.92
17,idle,3317.779544,40.177388,64.741054,88.699876,188.499061,591.927181,20.766239,0.18466,7.661677,5.45379,3148.624664,healthy,0,0,0,0,-5.094846,0.133873,-1.055726,0.268194,-1.700812,-0.088933,0.004143,-0.043248,1.0,199.915
18,idle,3356.531256,39.890385,64.833585,90.073851,185.781417,592.744333,20.979443,0.186053,7.26414,4.857551,3126.716496,healthy,0,0,0,0,-1.870291,0.315741,-0.457396,0.624558,0.81561,0.364919,-0.002486,-0.055883,1.0,199.91
19,idle,3308.749514,39.557265,64.700634,89.558531,188.244419,590.059031,20.925121,0.186306,7.555022,6.793705,3092.984078,healthy,0,0,0,0,4.77134,-0.35078,-0.72821,0.700489,-2.371281,-0.219299,-0.002636,-0.088726,1.0,199.905
20,idle,3314.556796,40.078831,65.455095,89.835631,189.043192,590.071467,20.710778,0.1799,7.467833,5.46476,3208.732092,healthy,0,0,0,0,-6.430806,0.344355,-0.189239,-0.165718,0.706992,-0.027835,0.004649,0.003876,1.0,199.9
21,idle,3286.758299,38.379565,64.845907,89.748469,186.557705,596.808761,21.218215,0.189382,7.416931,4.505824,3011.404461,healthy,0,0,0,0,5.601025,-0.570955,-0.301101,0.206876,0.097315,0.029538,-0.001707,-0.118417,1.0,199.895
22,idle,3303.324568,39.869535,64.512005,90.475466,187.693962,589.70147,21.222416,0.186278,7.383633,4.684485,3152.060678,healthy,0,0,0,0,-2.606627,0.192811,0.51195,-0.687232,-0.309603,0.173946,0.005639,-0.059994,1.0,199.89
23,idle,3330.464467,40.520058,64.380565,90.03088,187.597725,587.032132,20.964763,0.188613,7.453293,6.684574,3203.214557,healthy,0,0,0,0,-1.367357,0.405011,-0.561849,1.228743,-0.023191,-0.039483,-0.007067,0.000775,1.0,199.885
24,idle,3297.714447,41.653644,65.586488,89.32482,188.066809,589.285997,21.014695,0.190197,7.45769,7.264093,3117.471178,healthy,0,0,0,0,0.500892,-0.791627,0.414805,0.251829,-1.389509,-0.081909,0.000174,0.016718,1.0,199.88
25,idle,3300.628638,41.08641,65.472055,89.669823,188.554802,593.253748,21.058324,0.186758,7.387243,5.83331,3093.346742,healthy,0,0,0,0,3.054802,-0.405346,0.378725,-0.003992,1.063092,-0.006273,-0.002439,0.005296,1.0,199.875
26,idle,3290.713142,41.030701,64.430826,89.434459,187.276646,586.411288,21.009449,0.1829,7.285202,5.420098,3232.91186,healthy,0,0,0,0,5.995085,0.63824,-0.868421,0.90451,-0.521906,0.256164,0.003011,-0.017586,1.0,199.87
27,idle,3305.664646,40.791219,64.956084,90.550366,188.205304,597.76295,20.802319,0.180856,7.326382,5.674005,3270.755416,healthy,0,0,0,0,0.225199,-0.345689,-0.311922,-0.592239,-0.27886,-0.163854,0.0062,0.076715,1.0,199.865
28,idle,3294.764672,41.620434,65.284065,90.551297,185.495725,597.058607,20.987078,0.185114,7.544019,6.401626,3255.105811,healthy,0,0,0,0,-3.254932,0.389791,-0.458384,-0.595306,0.768729,-0.151469,-0.004078,0.014851,1.0,199.86
29,idle,3334.876041,39.696276,64.024415,89.801877,186.45572,594.919766,21.129748,0.18573,7.359528,5.681353,3257.011607,healthy,0,0,0,0,3.197622,-0.251434,-0.056811,-1.263536,-0.786904,0.052589,0.001499,-0.013244,1.0,199.855
30,idle,3301.24929,38.868533,64.40082,89.285869,187.948089,589.159237,20.972065,0.193165,7.498532,6.225642,3361.478892,healthy,0,0,0,0,1.360891,-0.227545,0.42526,-0.490393,-0.909531,-0.120264,0.000329,-0.04396,1.0,199.85
31,idle,3358.228368,40.203164,64.405864,89.523126,186.654878,591.193392,21.138646,0.20379,7.291001,4.165664,3286.399086,healthy,0,0,0,0,-0.134919,-0.342308,-0.43401,0.890365,-0.237455,-0.117705,0.000716,0.090575,1.0,199.845
32,idle,3296.763674,39.563978,65.098575,89.798104,188.156264,590.509145,20.748872,0.182472,7.281462,6.118343,3204.170235,healthy,0,0,0,0,-6.84578,0.119438,0.18322,-0.29813,-2.450998,-0.186883,-0.002853,0.150078,1.0,199.84
33,idle,3314.382053,39.772879,64.17643,89.905525,188.150388,589.472387,21.049194,0.188399,7.484085,5.559329,3290.134404,healthy,0,0,0,0,1.056124,-0.503157,0.498631,0.019628,0.308317,0.221463,-0.008491,0.050481,1.0,199.835
34,idle,3268.534237,41.840815,64.92316,90.688989,187.205403,589.258735,21.05738,0.177382,7.249666,6.675223,3236.512499,healthy,0,0,0,0,2.15634,-0.850438,-0.898737,0.505258,3.797816,0.235601,-0.001646,0.037658,1.0,199.83
35,idle,3301.098446,40.285541,63.723509,89.816118,188.189623,588.811326,20.794521,0.187866,7.504025,6.235402,3179.942264,healthy,0,0,0,0,2.983055,0.247714,-0.28378,-0.5323,-1.362042,-0.328749,-0.001179,0.082555,1.0,199.825
36,idle,3281.849371,41.088044,64.711977,89.93138,188.384659,589.939799,20.996845,0.191809,7.657303,5.086739,3157.74475,healthy,0,0,0,0,4.182661,0.137545,0.718726,1.788559,-0.000243,0.133329,-0.006219,0.046902,1.0,199.82
37,idle,3331.287213,41.326933,64.501661,89.550666,188.459619,595.662724,20.949336,0.199089,7.429308,6.083541,3225.01065,healthy,0,0,0,0,-7.018023,-0.358877,-0.317535,-0.215382,-0.27777,-0.201438,-0.000967,0.009317,1.0,199.815
38,idle,3308.263324,41.24536,65.057372,90.615941,186.584472,594.440812,21.242413,0.180999,7.627138,5.096962,3312.714273,healthy,0,0,0,0,-5.066237,-0.266926,0.371034,-0.353699,4.071764,-0.316732,-0.004893,-0.023812,1.0,199.81
39,idle,3321.108721,39.327307,65.24794,89.212454,189.283123,591.985487,21.060378,0.18947,7.610654,4.691951,3084.852222,healthy,0,0,0,0,5.924886,0.541476,0.064415,0.01471,-0.112014,-0.182542,0.00406,0.024933,1.0,199.805
40,idle,3289.484842,39.435509,64.670084,90.46785,187.185202,590.620544,21.063531,0.188254,7.229913,6.036263,3236.084599,healthy,0,0,0,0,0.73574,0.135089,-1.281598,-0.185855,-1.398944,0.086513,0.003279,-0.166908,1.0,199.8
41,idle,3271.421245,38.081676,64.167201,89.98276,187.708949,590.667972,20.884431,0.183063,7.654463,6.312004,3085.826137,healthy,0,0,0,0,5.011171,-0.033388,0.173056,1.016016,0.230463,0.085413,0.009309,0.107369,1.0,199.795
42,idle,3312.801392,41.779348,64.521761,89.731304,187.808008,590.567237,20.873204,0.185553,7.218111,6.085077,3224.500138,healthy,0,0,0,0,6.380829,0.024186,-0.270485,-0.811822,-0.294242,-0.260163,-0.000904,-0.064902,1.0,199.79
43,idle,3294.184863,40.496327,64.593712,89.704008,186.247643,585.086709,20.963581,0.189661,7.667483,3.280526,3134.404323,healthy,0,0,0,0,-3.471556,-0.348497,-0.162688,0.158754,-0.879929,0.19536,0.009285,0.051541,1.0,199.785
44,idle,3316.193559,42.651311,64.891055,90.099205,186.535034,588.380949,20.795693,0.19359,7.302446,6.645492,3208.73323,healthy,0,0,0,0,-5.558636,0.154118,0.248129,-0.103154,-1.693297,-0.046777,-0.003103,-0.053065,1.0,199.78
45,taxi,3489.171023,55.824101,64.645741,89.55666,197.207039,635.466563,23.363107,0.181946,9.369064,6.347992,3102.078688,healthy,0,0,0,0,-3.258626,0.088675,0.585245,-1.488139,1.548642,-0.211021,0.001947,-0.146659,1.0,199.775
46,taxi,3502.968718,56.109828,65.040271,89.905735,197.04548,632.316929,23.179856,0.178368,9.622013,6.752114,3200.130739,healthy,0,0,0,0,4.161922,-0.175896,-0.662368,1.430957,2.043413,0.177664,-0.00237,0.086314,1.0,199.77
47,taxi,3530.035167,56.020997,64.344419,90.021126,197.860567,633.11773,23.087618,0.187861,9.597451,4.928175,3245.001038,healthy,0,0,0,0,-1.689772,0.142623,-0.472803,-0.356059,0.18174,-0.078778,-0.00228,-0.154185,1.0,199.765
48,taxi,3529.429579,54.982785,64.585388,90.199778,198.194134,634.249213,22.767379,0.186733,9.395978,5.478465,3261.536312,healthy,0,0,0,0,1.656269,0.024808,-0.272963,0.996822,0.235259,0.228484,-0.000373,-0.030124,1.0,199.76
49,taxi,3501.915107,55.994032,64.190501,90.603104,198.019436,631.859676,23.09621,0.186834,9.554514,7.469787,3036.150207,healthy,0,0,0,0,-0.854872,-0.156336,-0.040205,0.241373,1.915441,-0.252204,-0.001981,0.068008,1.0,199.755
50,taxi,3478.643295,54.483241,64.883073,89.110346,199.236877,628.009948,22.858753,0.186155,9.469689,5.141592,3311.848421,healthy,0,0,0,0,-3.301021,0.318567,-0.210865,0.460536,-1.605818,-0.249193,0.002962,-0.067509,1.0,199.75
51,taxi,3509.850485,53.714439,64.779687,90.477535,197.472729,634.711003,22.911133,0.186485,9.491094,5.982423,3022.519385,healthy,0,0,0,0,-1.305155,0.21229,-0.679337,0.493353,-0.741997,-0.094064,-0.000714,-0.016612,1.0,199.745
52,taxi,3500.763157,55.327773,64.5104,90.323392,198.51415,630.307172,23.072718,0.194907,9.601432,6.101309,3276.265541,healthy,0,0,0,0,1.839822,-0.353637,0.015581,0.033615,1.099267,0.043256,-0.008901,0.103042,1.0,199.74
53,taxi,3488.858501,55.919236,63.885283,89.428537,197.045878,632.019643,23.049901,0.180008,9.291622,4.828995,3149.641521,healthy,0,0,0,0,-4.508233,-0.323612,-0.267486,0.274655,1.345278,0.105738,0.001745,0.017338,1.0,199.735
54,taxi,3509.233259,56.097309,65.107479,89.088237,197.1657,631.733069,23.071105,0.185396,9.327997,3.638243,3127.637069,healthy,0,0,0,0,0.67623,-0.483427,0.36033,0.098106,1.658493,0.114679,-0.003548,-0.054354,1.0,199.73
55,taxi,3484.511567,55.432735,64.907907,89.29146,197.039935,633.20348,23.158082,0.196033,9.53083,4.03151,3087.620663,healthy,0,0,0,0,1.274335,-0.225655,0.173989,0.062452,-2.316977,-0.030171,0.003529,0.160946,1.0,199.725
56,taxi,3505.070277,55.103092,65.071282,89.994746,196.877305,631.987817,23.157324,0.181084,9.655584,6.301034,3185.125543,healthy,0,0,0,0,1.22062,0.680855,-0.166849,-1.069314,1.447635,0.281602,-0.004017,-0.061367,1.0,199.72
57,taxi,3499.066353,56.098616,65.092309,89.933715,197.583789,635.620627,22.954673,0.191393,9.639057,3.370151,3151.732874,healthy,0,0,0,0,-0.626295,-0.162872,0.444542,0.05901,1.749991,0.093998,-0.002475,0.045659,1.0,199.715
58,taxi,3487.648576,54.910773,64.648658,89.883046,197.478551,631.369215,23.214056,0.185099,9.401429,4.013233,3225.245073,healthy,0,0,0,0,0.980943,-0.801427,-1.078025,-0.273368,-0.51437,-0.012662,0.002571,0.000943,1.0,199.71
59,taxi,3502.894714,55.143018,65.769451,89.779799,198.467507,628.841437,22.84719,0.17639,9.371203,5.64434,3165.822729,healthy,0,0,0,0,-0.434796,0.186066,0.679923,0.891319,-0.638085,-0.19317,-0.005282,0.018568,1.0,199.705
60,taxi,3548.254822,56.491132,64.364964,90.710506,197.897428,634.040016,23.183262,0.183402,9.609104,6.632849,3195.028965,healthy,0,0,0,0,-2.917472,-0.829271,-0.594102,0.731902,1.128038,0.328874,0.006764,-0.03927,1.0,199.7
61,taxi,3530.809794,53.893717,64.375226,90.892202,198.559785,630.399091,23.176398,0.194095,9.67988,5.075555,3072.18399,healthy,0,0,0,0,-0.4974,-0.213824,0.040888,1.186574,-0.879344,-0.152491,-0.002313,-0.086389,1.0,199.695
62,taxi,3503.487762,56.506374,64.912591,89.941352,198.671783,632.787532,22.879498,0.181216,9.681944,7.182945,3083.990785,healthy,0,0,0,0,1.959959,0.870186,-0.561675,-0.554533,-0.929281,0.267845,-0.0001,0.01948,1.0,199.69
63,taxi,3499.483895,54.243882,65.266843,90.806409,197.989569,632.984799,22.757443,0.180548,9.472373,6.71699,3277.291473,healthy,0,0,0,0,-2.158403,0.809189,-0.46322,-0.294775,0.436437,-0.347716,0.001141,0.066994,1.0,199.685
64,taxi,3521.329517,55.583944,65.71964,90.471739,196.852411,634.478721,22.840989,0.178679,9.400233,6.583295,3153.375307,healthy,0,0,0,0,0.072486,-0.484566,0.16741,-0.519421,-0.54149,-0.203564,-0.00466,0.007337,1.0,199.68
65,taxi,3489.639278,56.929894,64.187494,89.225463,198.549159,632.007982,23.113931,0.194816,9.456101,5.365392,3297.35099,healthy,0,0,0,0,0.822797,-0.091969,-0.689245,-0.708065,0.047436,0.002977,0.003085,-0.105042,1.0,199.675
66,taxi,3497.634214,54.44396,66.186868,90.408843,197.815363,630.08831,23.063001,0.175034,9.501901,7.341472,3180.095879,healthy,0,0,0,0,-0.276091,0.38505,0.780284,-0.157218,-1.287656,-0.077246,-0.007179,0.011053,1.0,199.67
67,taxi,3523.988959,55.990021,64.535042,90.002834,196.748168,633.630312,23.05127,0.171109,9.221562,4.984556,3170.909357,healthy,0,0,0,0,-2.833877,0.069063,0.19488,0.220816,0.494803,-0.0481,-0.003607,-0.181598,1.0,199.665
68,taxi,3507.973081,54.408066,64.489218,90.367974,197.660454,629.797322,23.066853,0.189403,9.646144,4.489892,3279.548047,healthy,0,0,0,0,0.239959,0.543078,1.139735,0.938331,-1.292405,0.007388,-0.006918,0.006796,1.0,199.66
69,taxi,3468.514938,56.414374,64.372058,91.415399,198.39376,631.356433,22.963882,0.177436,9.681108,6.29418,3186.292663,healthy,0,0,0,0,0.696199,-0.12698,-0.415523,0.807781,-3.280037,0.01219,0.004815,-0.023415,1.0,199.655
70,taxi,3535.170996,55.285116,65.283843,90.062936,197.609525,632.1654,23.114444,0.193199,9.206724,3.70281,3107.162112,healthy,0,0,0,0,0.114593,0.022182,0.054633,-1.355004,2.7051,0.158066,-0.002303,0.105454,1.0,199.65
71,taxi,3482.074602,56.387731,65.224512,89.470256,197.781352,632.329458,22.777386,0.194865,9.285604,6.265262,3040.432869,healthy,0,0,0,0,0.862946,-0.51413,-0.386254,0.284724,-1.092726,0.151483,0.009073,-0.106719,1.0,199.645
72,taxi,3496.376861,55.789431,64.773914,90.251142,194.506684,634.823054,22.916099,0.193371,9.479458,5.432971,3296.987855,healthy,0,0,0,0,1.527974,0.60326,-0.109268,0.529783,2.5144,-0.134321,-0.004921,0.012086,1.0,199.64
73,taxi,3478.689509,56.585719,64.802516,89.950041,197.054056,634.337384,22.977458,0.175949,9.497974,4.981845,3211.32617,healthy,0,0,0,0,3.854744,-0.123233,-0.297804,0.04674,0.029196,0.04888,0.002564,0.116545,1.0,199.635
74,taxi,3520.848004,54.089677,64.99866,90.004664,196.923199,633.772931,23.125966,0.188573,9.203352,4.821743,3232.19156,healthy,0,0,0,0,-1.382184,0.145913,-0.144632,-0.037526,1.697903,-0.063601,0.001229,-0.087802,1.0,199.63
75,taxi,3489.87226,53.210212,64.145449,90.800491,197.786806,632.573625,22.86404,0.187105,9.496777,4.960824,3295.639128,healthy,0,0,0,0,-0.436603,-0.188483,0.204049,-1.064799,1.703534,-0.078449,-0.001023,0.017587,1.0,199.625
76,taxi,3497.058358,56.564643,65.52803,89.6699,197.221856,635.424052,22.962409,0.191209,9.295614,6.419348,3069.452753,healthy,0,0,0,0,-4.134472,-0.083721,0.514118,-0.624942,1.643099,-0.270433,0.005274,-0.136441,1.0,199.62
77,taxi,3523.216112,55.642615,64.824791,89.884267,197.67873,634.993712,22.83628,0.191859,9.592572,5.29342,3170.931537,healthy,0,0,0,0,1.12047,-0.268734,-0.316548,0.288226,2.60226,0.167978,0.004866,0.037466,1.0,199.615
78,taxi,3486.787806,56.312759,64.713721,90.617831,198.333538,632.966648,22.920811,0.187103,9.329943,5.677552,3248.432318,healthy,0,0,0,0,-2.363079,0.162249,-0.001017,-2.054254,0.472838,-0.086251,-0.006636,-0.093832,1.0,199.61
79,taxi,3491.539912,56.717408,65.016833,91.151696,196.568002,630.534048,23.032693,0.187538,9.766847,6.212435,3244.156957,healthy,0,0,0,0,2.448402,-0.235032,-0.160327,-1.365671,-1.739092,-0.043375,0.000851,0.014224,1.0,199.605
80,taxi,3499.749958,54.512312,64.908127,89.208673,198.011349,632.357564,22.884519,0.188532,9.186088,7.381441,3071.033333,healthy,0,0,0,0,-2.88654,0.268718,-0.469044,-1.140786,-0.184735,-0.204813,0.004072,-0.031637,1.0,199.6
81,taxi,3518.888313,56.117928,64.971097,89.978833,197.420459,627.653741,23.132344,0.188124,9.501624,6.423208,3141.538991,healthy,0,0,0,0,-2.017644,-0.170134,-0.212585,0.689617,0.60171,-0.284912,-0.0076,-0.023397,1.0,199.595
82,taxi,3521.134232,56.862961,64.91116,89.931645,199.34459,628.025108,22.925195,0.186159,9.403008,5.352699,3160.088934,healthy,0,0,0,0,-1.791887,0.100107,-0.167603,1.329306,-1.855804,0.211439,-0.000973,0.104164,1.0,199.59
83,taxi,3532.086723,55.673166,65.496991,89.29359,197.182694,627.216563,23.041793,0.187942,9.235818,5.896253,3262.2649,healthy,0,0,0,0,-2.176515,0.762857,-0.584613,-0.053805,3.153839,-0.165001,0.007298,0.078039,1.0,199.585
84,taxi,3508.866054,54.850495,64.446983,90.671032,197.394026,623.180224,23.193264,0.181389,9.61059,4.451639,3156.645959,healthy,0,0,0,0,1.554344,0.408824,-0.531003,-0.378239,-0.703421,-0.256722,-0.010966,-0.117109,1.0,199.58
85,taxi,3517.120319,54.861304,65.096203,89.142006,200.476994,632.041334,23.099801,0.181204,9.506502,5.667532,3115.190325,healthy,0,0,0,0,-8.937648,0.026497,0.435449,-0.741028,-1.791011,-0.011924,0.001698,-0.201325,1.0,199.575
86,taxi,3509.12655,57.103523,64.470916,89.956158,197.159266,631.105693,23.160334,0.174073,9.450224,5.011981,3219.690649,healthy,0,0,0,0,-2.003208,0.424164,0.361556,0.226499,0.158824,0.250368,0.003765,-0.069737,1.0,199.57
87,taxi,3520.956733,56.114382,64.22338,90.466391,199.943486,636.887389,23.51465,0.182559,9.540639,5.825725,3221.935487,healthy,0,0,0,0,-3.870737,0.703159,0.183556,-0.438247,-1.631412,-0.118333,0.000172,0.055839,1.0,199.565
88,taxi,3518.203841,56.869393,64.383791,90.260828,198.467784,629.509932,22.90159,0.188278,9.290255,7.389337,3138.199227,healthy,0,0,0,0,1.289652,-0.272707,0.303465,-0.613779,-0.615228,0.085817,-0.004958,0.053572,1.0,199.56
89,taxi,3491.469696,56.707512,65.468558,89.497714,197.167727,631.376396,23.126811,0.178697,9.56466,5.638492,3098.9155,healthy,0,0,0,0,6.600677,0.503836,0.305539,-0.577187,0.740306,-0.190304,-0.002832,0.035028,1.0,199.555
90,takeoff,4099.912735,85.636059,64.731359,89.678545,227.957317,737.082845,30.100778,0.178005,15.531986,5.673041,3226.185075,healthy,0,0,0,0,3.713804,0.453134,-0.189032,-0.068135,-1.482126,-0.191839,-0.000472,-0.059852,1.0,199.55
91,takeoff,4091.296723,84.569374,65.097818,90.561622,226.553856,735.294673,29.675845,0.198482,15.661041,5.981518,3253.850954,healthy,0,0,0,0,-3.977835,0.070082,0.121907,0.532517,-0.287862,0.031941,-0.00171,-0.003508,1.0,199.545
92,takeoff,4097.335017,85.002713,65.371236,90.003005,227.130731,727.920388,30.262319,0.188321,15.453439,6.169634,3134.953219,healthy,0,0,0,0,0.142971,-0.363294,-0.341441,-0.240883,0.827828,-0.043959,0.006161,-0.092473,1.0,199.54
93,takeoff,4128.684364,85.646333,64.815961,90.018676,226.337966,735.660796,30.130565,0.197261,15.449233,5.837616,3107.657589,healthy,0,0,0,0,-0.51875,0.225358,-0.31398,0.758431,-0.257822,0.080684,0.000464,-0.113617,1.0,199.535
94,takeoff,4100.286185,84.836999,63.661902,89.670144,227.82982,733.530864,29.943086,0.181629,15.460987,5.497764,3102.76404,healthy,0,0,0,0,4.017111,-0.058716,0.680839,-0.094018,-0.534085,-0.083951,0.005955,-0.104294,1.0,199.53
95,takeoff,4106.985964,84.839288,64.832038,90.241418,229.600883,729.7384,30.009409,0.179585,15.399855,6.17433,3223.251152,healthy,0,0,0,0,-1.864454,-0.164453,0.320941,-0.083201,2.295072,-0.099022,-0.000257,-0.041353,1.0,199.525
96,takeoff,4084.075997,86.762888,64.355863,89.026109,227.314141,732.336289,29.903025,0.184712,15.462771,5.059462,3227.36205,healthy,0,0,0,0,-2.160314,0.450669,-0.27901,0.4807,-1.690057,-0.162808,-0.002118,0.066113,1.0,199.52
97,takeoff,4103.692821,86.74723,65.210951,90.60332,228.492754,733.350836,30.013467,0.19486,15.482155,5.754439,3093.444273,healthy,0,0,0,0,0.188412,-0.447437,-0.273681,-1.006834,-0.949809,-0.088635,-0.009289,0.041014,1.0,199.515
98,takeoff,4139.487139,84.972082,64.982447,89.365081,226.953477,737.239721,30.262913,0.188574,15.298334,6.177272,3182.814225,healthy,0,0,0,0,-4.158406,0.150742,-0.472268,-0.75603,-0.416635,-0.01633,0.000385,-0.072817,1.0,199.51
99,takeoff,4106.266342,84.633993,64.13102,89.68112,227.334805,734.059372,30.100458,0.187343,15.699369,4.472978,3166.222035,healthy,0,0,0,0,2.178909,-0.265075,0.072723,1.379943,-0.957561,0.280503,-0.0036,-0.142233,1.0,199.505
100,takeoff,4123.238082,84.809535,64.969023,89.99038,227.897058,731.292524,30.283876,0.180373,15.579089,5.924054,3248.758045,healthy,0,0,0,0,3.338046,0.422317,-0.348504,-0.303425,-1.330594,-0.130477,0.002029,0.004642,1.0,199.5
101,takeoff,4110.154733,83.616077,65.383305,88.667624,228.399926,733.580476,30.011,0.18578,15.411872,7.122855,3423.0301,healthy,0,0,0,0,2.028086,0.306316,-0.192169,0.591614,-1.465061,0.158911,0.007981,0.094334,1.0,199.495
102,takeoff,4115.489847,84.559678,65.48538,90.668522,226.567631,733.615574,29.876586,0.179934,15.410964,4.858996,3190.357221,healthy,0,0,0,0,-0.185274,-0.165332,0.239596,-0.356149,-2.891893,0.188494,0.002459,0.161333,1.0,199.49
103,takeoff,4125.830363,84.996731,64.201255,89.989024,227.969691,730.674953,30.02474,0.190589,15.414708,6.238795,3230.971753,healthy,0,0,0,0,-2.681468,-0.561497,0.579753,-0.131177,0.061128,0.053735,-0.006723,0.083233,1.0,199.485
104,takeoff,4128.475523,86.180272,65.281746,89.901239,228.355688,729.712791,29.589771,0.187314,15.402149,6.584212,3210.0349,healthy,0,0,0,0,-1.711791,0.061665,0.32673,-1.92608,-2.746672,-0.054675,-0.003542,-0.025457,1.0,199.48
105,takeoff,4143.527551,86.301615,64.914589,89.9821,226.83835,731.50193,30.039206,0.182497,15.55655,6.400828,3036.622844,healthy,0,0,0,0,4.297899,-0.017834,0.268086,-0.692623,2.005611,0.096317,0.008638,-0.122313,1.0,199.475
106,takeoff,4093.584331,85.476653,64.779433,90.039744,227.96602,725.659737,30.121963,0.180783,15.172994,4.210256,3088.21643,healthy,0,0,0,0,-1.472995,0.398609,-0.374148,-2.038231,0.382556,-0.021091,-0.003211,0.117007,1.0,199.47
107,takeoff,4091.548979,84.547739,65.05555,90.031276,225.812569,735.93682,29.889899,0.18139,15.453508,4.658864,3166.610494,healthy,0,0,0,0,-4.95794,0.658796,-0.952137,-1.535381,-2.123511,-0.042406,-0.004685,0.047446,1.0,199.465
108,takeoff,4148.570604,85.436152,64.715916,89.457663,228.303881,729.36111,30.055737,0.19267,15.489265,5.453743,3269.624682,healthy,0,0,0,0,-0.136487,-0.079924,-0.894014,0.896895,1.365947,0.1474,-0.001749,-0.011784,1.0,199.46
109,takeoff,4077.033936,85.502679,64.444165,90.763678,226.449752,726.950713,29.778579,0.1825,15.387801,7.819503,3181.142096,healthy,0,0,0,0,-4.524336,0.279827,-0.418364,2.445888,-1.11747,0.085463,0.000823,-0.065945,1.0,199.455
110,takeoff,4091.237442,85.869753,64.738721,89.535656,228.245811,732.096583,29.922565,0.193898,15.463282,5.466911,3272.563995,healthy,0,0,0,0,2.480626,-0.208034,-0.789455,0.649978,-0.488796,-0.000611,-0.001735,-0.107253,1.0,199.45
111,takeoff,4118.736214,86.009641,64.355102,89.930933,227.789906,734.414386,30.133323,0.179248,15.465822,6.651222,3217.274077,healthy,0,0,0,0,3.127707,0.660046,-0.045878,0.918374,0.030056,0.153778,-0.000738,-0.025872,1.0,199.445
112,takeoff,4101.84436,85.598347,65.201078,89.636458,226.931014,732.005009,30.124561,0.193478,15.741421,6.60197,3231.561443,healthy,0,0,0,0,0.180156,0.14215,0.097732,-1.095274,-2.494132,-0.014871,0.006988,-0.062475,1.0,199.44
113,takeoff,4101.189954,86.443739,64.089997,89.917279,228.16687,734.358059,30.2574,0.18756,15.312233,6.701822,3253.686181,healthy,0,0,0,0,0.065769,0.055697,0.489218,-0.860629,-2.041203,-0.204147,0.000814,0.031852,1.0,199.435
114,takeoff,4098.038295,84.570142,64.830314,88.31165,227.775556,729.633789,29.922496,0.186334,15.138488,5.603473,3186.757599,healthy,0,0,0,0,1.535247,-0.140763,-0.719448,0.594411,1.061088,0.056639,-0.004623,0.074725,1.0,199.43
115,takeoff,4109.599207,83.377585,65.88302,90.968815,227.038649,733.238265,30.278643,0.185451,15.278865,6.392804,3156.630033,healthy,0,0,0,0,-1.506802,0.688123,0.13813,-0.19372,0.294821,0.014261,-0.00314,-0.110184,1.0,199.425
116,takeoff,4116.337558,86.402781,64.315377,90.985005,226.024926,736.830239,30.121043,0.180848,15.45314,4.667042,3208.319184,healthy,0,0,0,0,7.681332,-0.055411,-0.789609,0.662209,-1.34756,-0.005156,-0.010689,-0.094141,1.0,199.42
117,takeoff,4098.770861,85.886153,63.967121,90.456083,227.136686,733.775969,29.954183,0.176173,15.505776,4.46084,3159.818595,healthy,0,0,0,0,2.37742,-0.137817,0.277983,-0.335317,-3.591245,0.002794,0.000322,0.001085,1.0,199.415
118,takeoff,4112.509179,86.13765,64.370567,90.635922,229.3314,731.071909,30.071056,0.189947,15.590078,5.576044,3110.629882,healthy,0,0,0,0,-4.321947,-0.313897,0.035178,-0.403918,-0.284731,-0.081589,0.006493,-0.092966,1.0,199.41
119,takeoff,4150.017153,85.097966,64.535553,90.786568,228.15622,737.170288,30.34243,0.187138,15.851637,5.812657,3183.339574,healthy,0,0,0,0,-3.061793,-0.067556,-0.68578,-0.397444,0.16171,-0.178847,-0.003895,-0.019302,1.0,199.405
120,takeoff,4116.443995,83.713453,65.11531,89.219492,229.549305,734.147849,29.879455,0.180629,15.590316,6.530636,3252.128227,healthy,0,0,0,0,-1.541039,-0.008146,-0.718847,0.444238,-2.186594,-0.055179,0.006787,-0.121933,1.0,199.4
121,takeoff,4102.614885,84.238752,65.030669,90.025219,227.185972,734.029334,29.942338,0.188794,15.244383,6.409495,3192.937263,healthy,0,0,0,0,-1.620024,0.372374,-0.187793,0.077365,0.512713,0.089991,-0.007955,-0.115595,1.0,199.395
122,takeoff,4131.146502,85.182668,65.09006,90.018924,227.697494,732.639052,29.789266,0.191239,15.353206,6.579385,3190.340408,healthy,0,0,0,0,2.137565,0.143013,0.397836,-0.189244,-0.571562,-0.345676,-0.001137,0.064093,1.0,199.39
123,takeoff,4108.637414,84.580938,64.758454,89.265117,226.901764,737.882613,29.888623,0.176018,15.664581,4.891433,3277.687605,healthy,0,0,0,0,0.716049,-1.032848,-0.501523,-0.608207,1.393901,-0.010415,0.00237,-0.032225,1.0,199.385
124,takeoff,4100.696618,85.003745,63.856528,90.567306,226.187854,732.072661,30.36458,0.187149,15.526683,6.394486,3152.650543,healthy,0,0,0,0,-3.398044,-0.113618,0.514939,-0.86509,-1.109518,0.167192,0.00135,0.021917,1.0,199.38
125,takeoff,4119.176281,84.774793,64.823555,89.838369,226.890401,730.700502,30.017532,0.1811,15.408076,6.143183,3090.155915,healthy,0,0,0,0,6.007882,-0.047519,-0.649078,-0.243921,0.911984,-0.096794,0.001925,0.078943,1.0,199.375
126,takeoff,4106.337852,86.715274,64.804783,90.085685,227.495088,735.957498,29.86464,0.179785,15.266067,5.201351,3264.573917,healthy,0,0,0,0,2.30398,0.096239,0.109619,0.864507,0.64814,-0.140613,-0.001572,-0.041972,1.0,199.37
127,takeoff,4090.816905,84.558578,64.78676,89.657453,226.640531,728.708889,30.12648,0.184099,15.485096,6.468352,3137.764977,healthy,0,0,0,0,2.453467,0.237641,0.127894,-0.218086,2.631086,-0.178916,0.004514,-0.092357,1.0,199.365
128,takeoff,4132.944751,86.717294,65.351751,88.970056,227.203003,725.25294,30.09608,0.179011,15.412011,6.524133,3126.203718,healthy,0,0,0,0,0.942208,0.11375,-0.743873,-0.190958,-4.593919,0.042988,-0.010171,0.128886,1.0,199.36
129,takeoff,4100.588548,84.686499,64.96199,89.514814,228.32137,733.528916,29.958192,0.187131,15.610822,4.523262,3184.943782,healthy,0,0,0,0,3.779077,-0.169703,0.024843,0.507671,-0.524202,-0.297303,-0.004363,0.107213,1.0,199.355
130,takeoff,4103.966365,85.89787,65.163392,88.872424,228.112397,727.398916,30.225356,0.184434,15.455704,5.122389,3259.026557,healthy,0,0,0,0,-2.305041,0.048254,0.652436,0.01484,1.455141,0.146074,-0.002793,0.000631,1.0,199.35
131,takeoff,4114.936231,86.053698,64.815269,89.311761,226.786341,732.191796,29.668854,0.186444,15.689653,5.989912,3393.258448,healthy,0,0,0,0,-4.75601,-0.514619,-0.626352,-0.378111,-0.168365,0.030549,0.001897,-0.205853,1.0,199.345
132,takeoff,4110.912808,87.225159,64.665671,89.146572,226.929819,730.377465,29.888645,0.19099,15.298567,5.51275,3111.64528,healthy,0,0,0,0,4.721412,-0.332304,-0.292505,0.593166,0.421768,0.058939,-0.003387,0.009156,1.0,199.34
133,takeoff,4129.375679,85.752108,64.614553,89.391251,228.472101,733.280723,30.352032,0.177025,15.673885,5.260123,3283.529542,healthy,0,0,0,0,-2.05248,-0.035826,-0.135879,0.521134,-2.360531,0.068746,0.004263,0.120989,1.0,199.335
134,takeoff,4121.502122,85.682166,64.279016,90.29812,228.274945,733.316355,30.061702,0.202811,15.449165,5.991846,3089.659475,healthy,0,0,0,0,3.551346,0.242723,-0.134522,1.252425,-1.33204,-0.051553,0.002687,0.065899,1.0,199.33
135,takeoff,4111.395795,86.187714,64.686597,89.143666,228.623069,734.825277,29.89769,0.180096,15.45579,4.81695,3171.823475,healthy,0,0,0,0,-4.85826,-0.303223,0.355436,-0.15912,-0.314489,0.039119,0.008385,-0.013242,1.0,199.325
136,takeoff,4084.940919,85.677977,64.249184,90.22213,228.905129,731.331504,30.164453,0.187164,15.429584,5.148073,3063.307178,healthy,0,0,0,0,4.156814,0.136152,-0.553749,-0.396206,-0.257658,-0.057405,-0.006053,0.068742,1.0,199.32
137,takeoff,4117.791061,86.405952,64.299115,90.094719,226.926993,736.30635,30.001763,0.191628,15.356593,5.657659,3273.345552,healthy,0,0,0,0,-2.902978,-0.344411,-0.125008,-1.011879,1.280546,-0.021824,0.007611,-0.03295,1.0,199.315
138,takeoff,4116.822193,86.769625,64.646095,89.874192,227.747045,733.37078,30.087561,0.185824,15.691957,5.687372,2993.987308,healthy,0,0,0,0,0.667243,-0.042342,0.125645,0.276404,-3.290739,0.197928,0.004596,0.050924,1.0,199.31
139,takeoff,4097.243288,84.776693,65.281366,90.477687,226.365169,730.509567,30.230476,0.187834,15.607281,4.162436,3281.08306,healthy,0,0,0,0,-5.358311,-0.193668,-0.990762,0.044124,-1.416465,0.045888,-0.003604,0.082198,1.0,199.305
140,takeoff,4111.264061,86.104562,64.862116,90.743758,228.453277,731.281451,30.048893,0.18504,15.634813,5.560049,3142.914758,healthy,0,0,0,0,2.437775,0.47306,-0.03377,0.56254,0.770189,-0.085742,0.004116,-0.199009,1.0,199.3
141,takeoff,4129.105292,86.712471,65.653074,89.432476,227.23099,730.850875,29.836064,0.177017,15.413678,5.760203,3074.70162,healthy,0,0,0,0,-4.457245,0.034132,-0.130839,-0.776512,-0.396378,0.181106,0.001083,-0.071727,1.0,199.295
142,takeoff,4132.244394,85.882044,65.651735,90.504202,228.723973,729.870741,30.004535,0.190376,15.436776,7.079543,3196.173729,healthy,0,0,0,0,4.132459,-0.280473,0.254754,1.119201,-1.951742,-0.230937,-0.005294,0.073796,1.0,199.29
143,takeoff,4105.395889,84.496305,64.250924,89.499885,225.751773,729.162421,30.041948,0.187694,15.248201,6.009406,3190.322907,healthy,0,0,0,0,0.634754,0.156225,-0.152754,-0.641129,-0.79891,-0.090124,-0.004753,0.092347,1.0,199.285
144,takeoff,4105.799394,85.45941,64.742455,89.091784,226.2263,733.244561,30.161197,0.18467,15.351942,7.034303,3294.486015,healthy,0,0,0,0,-4.545468,-0.114414,0.563571,-0.047653,1.346822,-0.04344,-0.014724,-0.038714,1.0,199.28
145,takeoff,4135.139444,83.65825,64.135423,88.960969,226.282099,735.190912,30.130565,0.181344,15.365412,5.194845,3411.084596,healthy,0,0,0,0,2.368509,-0.116547,-0.245426,-0.309447,0.381332,-0.021201,0.006406,0.000816,1.0,199.275
146,takeoff,4107.794594,85.078997,65.251523,90.428669,227.416206,732.975765,29.819556,0.184598,15.155997,6.043975,3239.453175,healthy,0,0,0,0,-2.85402,0.180664,0.128418,0.988411,-1.231684,-0.109731,0.008699,-0.085115,1.0,199.27
147,takeoff,4127.110182,85.707884,65.027162,89.916683,227.994497,731.071863,30.175945,0.184956,15.40966,6.181226,3204.227363,healthy,0,0,0,0,0.255204,0.279479,-0.428758,-0.280079,-2.105963,0.013148,-0.00365,0.042379,1.0,199.265
148,takeoff,4087.239869,84.065304,64.450861,89.424007,230.229822,730.977728,29.850371,0.181787,15.554675,7.100993,3273.693904,healthy,0,0,0,0,-2.729474,0.16156,-0.193358,-1.039595,3.845845,0.13275,0.001631,0.026752,1.0,199.26
149,takeoff,4120.462363,84.550302,64.179252,90.009334,227.79051,734.099795,29.793202,0.186651,15.584012,5.70919,3191.965618,healthy,0,0,0,0,-0.060029,0.636435,0.211664,-1.165667,-0.46875,0.134203,0.001744,-0.055986,1.0,199.255
150,takeoff,4087.762555,84.35691,65.001658,89.262969,227.902049,732.921086,30.114115,0.192202,15.42213,4.97415,3180.943518,healthy,0,0,0,0,3.134069,-0.006289,-0.755839,0.455295,1.282525,-0.162096,-0.004807,-0.008745,1.0,199.25
151,takeoff,4064.369343,85.645687,64.542159,90.560832,227.360654,732.430178,30.259425,0.188584,15.122874,3.761737,3175.06432,healthy,0,0,0,0,-2.866851,0.017718,-0.680651,1.00124,-0.745794,-0.076376,0.003127,-0.000147,1.0,199.245
152,takeoff,4073.576559,83.260753,66.064844,90.506287,226.310639,733.134159,29.874834,0.196944,15.431539,7.074102,3055.09615,healthy,0,0,0,0,-2.736097,0.096185,-0.400882,-0.367376,-0.728138,0.061345,-0.002549,-0.011877,1.0,199.24
153,takeoff,4098.558499,84.162108,64.778638,89.700879,225.216525,731.107714,29.943573,0.182529,15.612416,6.090942,3111.66014,healthy,0,0,0,0,-0.936852,-0.537173,0.277018,0.376375,0.678578,-0.003968,0.002685,-0.02731,1.0,199.235
154,takeoff,4124.978145,86.162884,65.201461,89.987869,227.642048,731.585331,29.866519,0.18591,15.520349,6.397411,3213.873854,healthy,0,0,0,0,-1.540556,-0.159691,0.100906,1.022575,1.238287,0.206227,0.001427,0.020674,1.0,199.23
155,takeoff,4088.771871,84.641765,64.896774,88.897822,227.120076,731.500454,29.701245,0.184712,15.534017,5.487525,3183.61113,healthy,0,0,0,0,-4.269318,0.18039,-0.128998,-0.814898,-0.530613,0.199593,-0.007016,-0.007961,1.0,199.225
156,takeoff,4085.055633,84.691617,65.015671,90.552974,227.698309,729.48795,29.864265,0.189311,15.527611,5.704182,3064.630814,healthy,0,0,0,0,-3.238269,-0.384566,-0.834432,0.747025,-0.209789,-0.06499,-0.007103,-0.044655,1.0,199.22
157,takeoff,4116.920146,85.315517,64.548832,89.522119,227.788635,731.176272,29.922235,0.189733,15.622402,5.566774,3084.990583,healthy,0,0,0,0,0.907431,0.377232,0.348752,-0.91084,2.445557,0.020866,0.01286,0.051398,1.0,199.215
158,takeoff,4116.644506,84.920497,64.205291,90.641383,227.48021,732.859693,30.302928,0.178192,15.407703,7.025477,3354.059063,healthy,0,0,0,0,0.663816,-0.175467,-0.102658,0.46341,1.354801,0.122075,-0.004736,-0.079145,1.0,199.21
159,takeoff,4108.584017,86.14295,65.560161,89.956461,228.041556,739.03849,30.065896,0.195819,15.344889,7.310093,3314.010662,healthy,0,0,0,0,7.223967,0.246291,-1.560133,-0.215658,-1.960375,0.029532,-0.008425,0.012413,1.0,199.205
160,takeoff,4142.284984,85.350811,65.309738,89.509693,227.513882,729.487112,30.109183,0.195073,15.585635,4.357272,3327.003885,healthy,0,0,0,0,-1.563748,-0.200432,-0.438774,-0.999896,-0.883143,0.034566,-0.000246,0.027348,1.0,199.2
161,takeoff,4072.505522,84.491568,64.842577,90.661088,227.562488,736.792147,29.800196,0.186232,15.407739,4.63958,3228.878651,healthy,0,0,0,0,1.631545,-0.82092,0.263813,-0.959452,-1.177205,0.185821,-0.00042,0.053566,1.0,199.195
162,takeoff,4060.023748,86.124894,64.810087,90.231644,227.625155,732.686093,29.985186,0.182383,15.443945,4.728056,3102.764842,healthy,0,0,0,0,0.360996,-0.12598,0.672413,-0.353822,1.145367,-0.0079,0.001221,-0.039879,1.0,199.19
163,takeoff,4126.837168,84.896898,65.207926,90.660148,227.761814,732.664963,29.818435,0.191092,15.464492,5.607817,3285.242812,healthy,0,0,0,0,-1.191893,-0.326663,-0.425076,0.647724,1.516186,-0.031491,0.002494,-0.038348,1.0,199.185
164,takeoff,4125.164844,86.152775,64.670064,89.876383,226.812396,732.439012,30.063055,0.180522,15.499462,6.509668,3274.93019,healthy,0,0,0,0,-0.259322,-0.097325,0.381152,-0.538698,-1.601039,-0.206234,0.004563,-0.003667,1.0,199.18
165,takeoff,4099.243233,86.039885,64.181754,89.951191,228.403811,730.881375,29.963175,0.189196,15.561341,8.422232,3081.483906,healthy,0,0,0,0,2.534814,-0.309994,0.13206,-0.951238,2.035774,0.09072,-0.005319,-0.11664,1.0,199.175
166,takeoff,4095.07839,83.511453,64.659484,89.701597,227.214095,731.416346,30.02595,0.187571,15.516802,6.206826,3120.669718,healthy,0,0,0,0,-0.142806,-0.748933,0.020451,-0.404085,-1.78366,-0.008883,-0.000623,0.089805,1.0,199.17
167,takeoff,4103.794494,85.679308,65.711494,89.937643,229.211375,734.474433,30.022837,0.185542,15.469724,5.617529,3172.035934,healthy,0,0,0,0,2.045349,-0.241151,-0.207284,0.677496,-0.072779,0.073183,-0.001952,-0.144822,1.0,199.165
168,takeoff,4112.619922,84.33827,64.561484,90.422167,226.498402,730.04341,29.655182,0.182754,15.490076,6.862897,3231.579226,healthy,0,0,0,0,1.088492,-0.054067,-0.471875,-0.223812,2.133661,0.15893,-0.004697,0.059011,1.0,199.16
169,takeoff,4100.622898,86.02185,64.817126,90.737578,225.926131,734.311009,30.204696,0.183343,15.719026,5.550661,3134.073641,healthy,0,0,0,0,-0.523454,-0.162798,-0.147394,0.759761,3.278546,0.229818,0.004177,-0.183418,1.0,199.155
170,takeoff,4101.851202,86.62297,65.181116,89.799402,227.046996,730.442607,30.018825,0.189139,15.722443,6.559811,3157.442697,healthy,0,0,0,0,0.119161,-0.074921,0.091272,0.153065,-0.455931,0.070163,-0.003876,0.066943,1.0,199.15
171,takeoff,4116.344979,86.457466,65.857151,90.280012,229.351408,732.327383,29.903475,0.193647,15.655711,7.140659,3123.537475,healthy,0,0,0,0,5.567237,0.041757,0.336345,1.352185,2.20171,-0.028111,0.00131,-0.049471,1.0,199.145
172,takeoff,4082.645777,84.435085,64.851125,89.881124,226.854108,731.451104,30.105802,0.188474,15.57929,6.131857,3199.494043,healthy,0,0,0,0,1.278801,0.1981,-0.753285,-1.654768,1.129832,0.228022,0.000909,-0.005955,1.0,199.14
173,takeoff,4107.910287,86.100992,64.415829,88.962373,228.452582,729.817496,30.121731,0.186479,15.516885,6.834566,3123.320201,healthy,0,0,0,0,-1.056586,0.108073,0.073834,-0.332596,-1.060598,0.10661,-0.00681,-0.000567,1.0,199.135
174,takeoff,4092.695912,84.346149,64.98521,89.650671,227.720923,732.593823,30.27769,0.177053,15.486961,6.108386,3230.050838,healthy,0,0,0,0,0.108109,0.097267,0.436,-0.061978,1.913337,-0.02697,-0.001598,0.045195,1.0,199.13
175,takeoff,4112.05376,83.452801,64.529067,89.792448,226.503377,730.386037,30.248095,0.186102,15.339232,4.763193,3233.107002,healthy,0,0,0,0,2.763214,0.134211,0.116024,0.873758,0.344332,0.162878,-0.001307,0.082955,1.0,199.125
176,takeoff,4137.544092,87.048861,64.96114,90.472969,229.500817,734.740135,30.072076,0.186167,15.457083,5.206954,3108.402377,healthy,0,0,0,0,-1.533678,-0.229251,-0.579285,1.183969,-0.213694,0.067752,-0.000668,-0.066345,1.0,199.12
177,takeoff,4095.537858,85.459622,64.631691,89.514378,228.256232,733.944768,30.052504,0.188666,15.576909,8.499438,3128.770672,healthy,0,0,0,0,5.153778,-0.063192,0.450724,0.41001,-0.43399,-0.056679,0.015734,0.014849,1.0,199.115
178,takeoff,4106.003084,83.661496,64.566426,89.386463,228.999723,730.396268,30.009183,0.187828,15.121881,6.646629,3117.25901,healthy,0,0,0,0,-8.220343,-0.43159,1.058508,0.761728,-0.752745,-0.081953,0.000687,0.276665,1.0,199.11
179,takeoff,4092.353571,83.336135,65.527081,90.333457,226.616309,733.504349,29.988661,0.195,15.391229,4.422757,3250.933914,healthy,0,0,0,0,-1.185919,0.333015,-0.043434,0.769221,1.385902,0.092329,0.010953,0.02136,1.0,199.105
180,cruise,3708.719121,63.284205,64.870125,89.348267,207.321809,673.307248,25.859968,0.183557,11.579926,6.286516,3168.592378,healthy,0,0,0,0,2.236626,-0.224203,-0.201637,-0.288764,0.129804,0.008978,0.011613,0.006841,1.0,199.1
181,cruise,3702.269634,65.560667,64.407316,91.106673,208.353909,668.790009,26.206036,0.179153,11.274198,7.786564,3027.767756,healthy,0,0,0,0,-2.784583,-0.396972,-0.800723,1.273985,1.338458,0.219115,-0.001986,0.006134,1.0,199.095
182,cruise,3682.820964,65.614604,65.455784,89.636578,207.986656,671.402408,25.99953,0.180626,11.512277,4.928102,3169.208912,healthy,0,0,0,0,0.211624,-0.324762,-0.310286,-0.639385,-1.848275,0.015041,-0.003268,-0.099961,1.0,199.09
183,cruise,3691.530624,65.643953,64.703015,90.007917,208.34573,671.583263,25.867167,0.188111,11.383721,5.974706,3249.958268,healthy,0,0,0,0,-1.266341,0.268282,0.147112,0.888001,-1.899062,-0.013892,-0.003484,-0.207614,1.0,199.085
184,cruise,3709.602298,66.629765,64.416748,89.625423,207.484408,673.837997,26.101591,0.176425,11.544121,5.951698,3227.568896,healthy,0,0,0,0,3.777839,-0.070784,-0.325169,0.777645,-0.60502,-0.18165,0.003018,-0.166738,1.0,199.08
185,cruise,3727.807284,65.158545,65.357015,88.954966,208.524498,673.771589,25.89869,0.183268,11.517371,4.8582,3050.316927,healthy,0,0,0,0,-5.375107,0.173883,-0.03787,-0.310726,-1.240972,0.188035,-0.000877,-0.210181,1.0,199.075
186,cruise,3724.380927,66.236465,64.009189,89.809104,207.718443,673.23089,25.84198,0.182864,11.185343,5.086706,3220.875174,healthy,0,0,0,0,-4.750308,0.106017,-0.879759,-0.003799,-0.230078,-0.063252,-0.00535,0.059072,1.0,199.07
187,cruise,3716.638344,65.905375,65.227634,90.112384,207.558558,671.271994,25.922193,0.184134,11.428908,6.157313,3236.745512,healthy,0,0,0,0,-0.432981,-0.349369,0.776277,0.969868,1.03372,0.181303,0.002138,0.095042,1.0,199.065
188,cruise,3710.736166,66.43348,65.507015,90.645785,208.386648,674.010068,26.099333,0.191889,11.24704,6.89925,3309.206541,healthy,0,0,0,0,-0.229356,-0.072465,-0.508041,-0.527186,-1.337407,0.082241,-0.013739,-0.098919,1.0,199.06
189,cruise,3705.884123,67.557386,65.889236,89.458212,209.12483,668.297204,25.980483,0.181799,11.552781,6.281252,3270.538726,healthy,0,0,0,0,-0.796222,0.362952,0.033562,0.801278,-1.563796,0.131021,-0.002078,-0.007592,1.0,199.055
190,cruise,3703.242725,65.504206,65.229767,88.920711,210.012227,668.0299,25.836748,0.181295,11.648166,4.931221,3321.386746,healthy,0,0,0,0,-5.944188,-0.47518,-0.788999,0.050906,0.801355,-0.344677,-0.004551,-0.087605,1.0,199.05
191,cruise,3693.167139,67.385837,64.35415,90.421677,206.726648,676.198816,26.01849,0.196422,11.349292,5.340849,3239.299821,healthy,0,0,0,0,0.858787,-0.155221,0.057309,0.45982,-2.397001,0.173244,0.006674,0.07828,1.0,199.045
192,cruise,3713.382539,66.793006,65.043927,89.253956,206.033735,672.594047,26.229602,0.177225,11.535858,5.945577,3111.476596,healthy,0,0,0,0,-4.371453,0.232576,-0.466639,-0.041146,2.131464,-0.06061,0.004015,0.002911,1.0,199.04
193,cruise,3717.52132,64.892602,64.975275,89.773205,207.583463,671.403891,25.72911,0.189391,11.480254,5.103817,3216.037086,healthy,0,0,0,0,1.705008,0.014828,0.01798,-0.722147,-1.26788,-0.092129,-0.003401,0.014625,1.0,199.035
194,cruise,3700.998507,65.929201,65.037437,89.183704,207.838517,674.308931,25.784879,0.181171,11.541116,5.949699,3240.627172,healthy,0,0,0,0,6.220986,-0.345337,-0.947897,-1.376404,1.120865,0.026778,-0.000482,0.006967,1.0,199.03
195,cruise,3715.296551,65.906288,65.215148,89.754127,207.343094,673.347139,26.102573,0.179423,11.309196,8.485228,3234.069047,healthy,0,0,0,0,0.773375,-0.359932,-0.396283,-0.137311,0.003541,0.019894,0.004387,-0.032534,1.0,199.025
196,cruise,3713.480416,66.205459,64.636046,90.67977,208.540883,676.206619,25.735277,0.187107,11.26149,5.195648,3191.895698,healthy,0,0,0,0,-3.167224,-0.053947,0.345174,0.69831,-0.029659,-0.0876,-0.001499,0.109294,1.0,199.02
197,cruise,3723.996024,66.076849,64.364293,90.933747,207.681209,671.180246,25.820209,0.179628,11.73711,6.921524,3387.918002,healthy,0,0,0,0,2.632494,0.018586,-0.272404,-1.00696,0.964378,0.055709,-0.00123,0.068467,1.0,199.015
198,cruise,3691.930275,65.687955,64.055128,90.886502,208.260584,673.500283,25.926168,0.190462,11.519905,7.480386,3014.851452,healthy,0,0,0,0,-0.779935,0.638202,-0.578802,-0.819395,-0.700769,-0.045244,0.005114,-0.03374,1.0,199.01
199,cruise,3704.039092,64.842468,64.918576,90.628949,208.704291,670.145513,25.897388,0.188706,11.258847,6.646657,3116.143893,healthy,0,0,0,0,-1.593026,-0.496761,0.350302,-0.374686,0.430763,-0.008518,-7.8e-05,0.029246,1.0,199.005
200,cruise,3716.542568,65.491532,64.318602,90.04843,207.735063,673.942519,25.982138,0.187632,11.440775,5.629493,3165.51127,healthy,0,0,0,0,-2.257247,0.684191,0.773603,-0.273945,-1.459409,-0.095148,0.009322,-0.011564,1.0,199.0
201,cruise,3687.957164,66.502119,64.302554,90.001729,209.925136,670.59924,25.869309,0.178949,11.326851,4.187203,3285.942725,healthy,0,0,0,0,-1.187135,-0.212079,0.334508,-1.208695,1.437966,0.103175,0.00762,0.040294,1.0,198.995
202,cruise,3711.917243,63.240066,64.020659,90.586415,208.766394,667.794741,26.111406,0.183421,11.569903,5.448278,2999.717582,healthy,0,0,0,0,-3.17071,0.950331,-0.16628,-0.648616,0.088321,0.096832,0.000965,-0.177107,1.0,198.99
203,cruise,3736.42867,64.299727,64.790085,91.057024,208.756957,671.532659,25.689901,0.176726,11.55269,7.05132,3216.395795,healthy,0,0,0,0,-2.307445,0.107343,1.417476,-0.083578,-0.158249,0.062721,-0.004181,0.080669,1.0,198.985
204,cruise,3738.831215,65.355969,65.103798,90.178291,207.95125,669.96434,26.495225,0.181347,11.573536,7.075765,3041.090752,healthy,0,0,0,0,-3.696258,0.400181,-0.110089,0.638825,1.155785,0.007254,-0.001545,0.00655,1.0,198.98
205,cruise,3722.367717,66.942378,64.051005,89.943121,208.016442,674.42696,26.199921,0.184254,11.404634,4.016957,3190.651793,healthy,0,0,0,0,-1.983789,1.074794,0.037377,0.618419,-0.904121,-0.017085,-0.006623,-0.096063,1.0,198.975
206,cruise,3727.107846,67.141906,64.339942,90.109605,208.48318,673.268728,26.114778,0.185802,11.51634,5.585579,3235.36105,healthy,0,0,0,0,-1.97066,0.007707,-0.591647,-0.52423,1.300723,0.067149,-0.000175,0.029588,1.0,198.97
207,cruise,3712.011363,63.540579,65.506292,90.448506,207.250837,671.198916,26.040738,0.181449,11.563634,5.720149,3120.60196,healthy,0,0,0,0,-0.178256,0.037051,0.082002,0.436963,2.471054,-0.091027,-0.004007,0.017702,1.0,198.965
208,cruise,3707.043623,64.281333,64.550681,90.814599,208.080801,676.459829,26.262878,0.1888,11.529778,5.747765,3313.386692,healthy,0,0,0,0,-1.308661,0.59349,-0.345173,-0.164804,0.727104,0.010297,0.007972,0.057426,1.0,198.96
209,cruise,3707.493227,66.497398,64.721025,90.302638,209.18542,670.598891,25.547349,0.186097,11.285918,3.978246,3294.740646,healthy,0,0,0,0,-5.53738,0.194956,-0.054004,-0.061281,1.770467,-0.265674,0.005714,-0.071203,1.0,198.955
210,cruise,3734.206221,65.114358,64.200327,90.034677,207.547377,666.702081,25.880594,0.184259,11.60717,4.43276,3120.613936,healthy,0,0,0,0,-0.004318,-1.102204,0.332701,-0.561085,0.879781,0.309236,0.00246,-0.185374,1.0,198.95
211,cruise,3677.68258,66.722732,65.211018,89.53203,206.974931,674.179445,25.838393,0.189053,11.414256,5.837444,3202.945966,healthy,0,0,0,0,1.39891,-0.134727,0.459415,-0.554203,0.307251,0.022278,-0.008227,0.022145,1.0,198.945
212,cruise,3724.128251,64.799132,64.561369,89.538557,208.782444,673.263975,26.004803,0.18292,11.705396,5.87534,3299.890269,healthy,0,0,0,0,1.751672,-0.148795,0.248638,-0.464684,0.381381,-0.044156,0.003489,-0.008966,1.0,198.94
213,cruise,3718.476027,65.33777,64.292451,89.905629,206.644276,675.289067,26.106458,0.189099,11.314428,6.00924,3166.948322,healthy,0,0,0,0,-1.541758,-0.024669,-0.637318,1.203223,-0.779105,0.200581,-0.001859,-0.026434,1.0,198.935
214,cruise,3682.251088,68.734488,65.549345,90.348494,207.002812,672.468461,26.153567,0.198852,11.413717,6.190366,3040.513409,healthy,0,0,0,0,-2.524418,0.160743,0.406243,-0.842265,2.6734,0.033647,0.00425,0.059711,1.0,198.93
215,cruise,3687.346391,65.794127,64.665969,89.754113,206.038505,669.183559,26.162324,0.18857,11.231534,5.770466,3137.405417,healthy,0,0,0,0,0.959651,-0.013666,-0.522536,0.323185,0.707584,0.009466,-0.004564,-0.009967,1.0,198.925
216,cruise,3717.875048,67.142942,64.190447,90.120756,206.561261,671.230823,25.957259,0.192371,11.348287,6.101466,3156.971567,healthy,0,0,0,0,0.943416,0.178234,-0.552514,-0.014977,1.051889,0.101412,0.019026,0.028434,1.0,198.92
217,cruise,3703.667581,64.563889,64.135644,90.425294,208.649644,672.757637,25.835569,0.183648,11.57131,4.319718,3090.421829,healthy,0,0,0,0,5.260217,1.006158,0.315848,0.455073,-0.223143,-0.213303,-0.005193,0.006204,1.0,198.915
218,cruise,3678.581961,65.402592,64.265957,89.8322,207.44186,675.620722,26.191686,0.181986,11.694897,5.401938,3252.151151,healthy,0,0,0,0,2.362537,0.088683,-0.317454,0.508779,1.388638,-0.203244,0.00452,-0.000555,1.0,198.91
219,cruise,3717.628294,66.286371,64.014461,90.345484,206.019609,674.994518,26.022871,0.186302,11.466842,4.952059,3037.820327,healthy,0,0,0,0,0.815849,-0.134253,-0.036652,-0.010651,0.613258,-0.007472,-0.003708,-0.19277,1.0,198.905
220,cruise,3741.666595,65.605811,64.536425,90.295059,207.548404,675.608441,26.363331,0.184543,11.534943,5.232541,3137.854828,healthy,0,0,0,0,4.518892,0.166297,-0.065314,0.252091,1.125872,0.144085,0.006042,0.052466,1.0,198.9
221,cruise,3705.285498,67.048251,64.990572,89.96758,207.04019,670.630115,26.041086,0.176251,11.297798,5.210787,2986.008012,healthy,0,0,0,0,0.156663,0.326888,0.692812,0.70915,-1.18364,-0.04757,-0.000263,-0.011947,1.0,198.895
222,cruise,3712.852329,66.007338,64.584427,90.003654,209.438891,671.585608,26.212404,0.187478,11.196087,6.653394,3130.482607,healthy,0,0,0,0,4.803884,0.169949,-0.087251,-0.204734,-0.142948,0.124694,-0.000519,-0.003085,1.0,198.89
223,cruise,3680.994782,65.036172,65.107968,89.287423,206.261105,665.174232,25.92488,0.184362,11.315126,6.152822,3151.928273,healthy,0,0,0,0,-4.056355,0.45055,-0.607758,0.366785,1.098122,-0.055083,-0.001577,-0.052064,1.0,198.885
224,cruise,3713.653754,66.619965,64.797691,89.882509,207.360052,672.661819,26.08504,0.180348,11.196064,7.105009,3208.171337,healthy,0,0,0,0,-5.530506,-0.107968,0.861067,-0.35132,0.436732,0.026805,0.004292,0.07449,1.0,198.88
225,cruise,3694.509498,66.532526,65.059154,90.652212,208.926068,673.442908,26.351907,0.186976,11.560787,3.146026,3177.70515,healthy,0,0,0,0,0.943873,0.057944,-0.109398,-1.765829,0.901557,0.02341,0.017451,0.072115,1.0,198.875
226,cruise,3692.525554,66.952198,64.986846,89.970432,206.466349,674.294194,26.205125,0.18651,11.287673,5.782752,3158.471456,healthy,0,0,0,0,2.460435,-0.12873,0.153528,0.415778,-1.430257,-0.115722,-0.000971,0.100574,1.0,198.87
227,cruise,3726.775514,65.210614,65.394068,90.025965,207.414975,674.605517,26.103592,0.185421,11.644528,5.29882,3300.443666,healthy,0,0,0,0,-0.74742,-0.137676,0.329949,0.74326,-0.998267,0.116914,-0.001682,-0.017376,1.0,198.865
228,cruise,3726.550962,65.846438,64.202301,89.63129,207.831746,671.854355,26.231976,0.174916,11.381861,6.142764,3346.770752,healthy,0,0,0,0,-0.057926,-0.487087,-0.369797,-0.710799,-0.788709,0.051369,0.011456,-0.092895,1.0,198.86
229,cruise,3696.506755,66.861799,64.52284,90.81445,207.256786,671.050691,25.762865,0.177512,11.574899,4.430811,3289.542516,healthy,0,0,0,0,-2.498946,0.532576,0.034308,1.346523,-0.634991,0.260979,-0.003221,-0.031873,1.0,198.855
230,cruise,3707.175096,63.491712,65.248962,90.604618,208.316047,676.574888,25.903188,0.179678,11.671457,3.640228,3121.193905,healthy,0,0,0,0,0.694419,0.712151,0.794894,0.688861,0.596999,0.182181,0.003512,-0.0015,1.0,198.85
231,cruise,3727.504966,63.899165,65.052709,90.337836,205.247657,667.524533,25.891437,0.185836,11.642861,5.474729,3128.866994,healthy,0,0,0,0,0.588835,-0.106875,-0.024546,0.382753,1.122127,0.010681,-0.008953,-0.060792,1.0,198.845
232,cruise,3700.88762,65.721361,65.171561,89.60261,207.865432,674.029667,25.874056,0.189901,11.526949,6.214067,3304.451615,healthy,0,0,0,0,-2.633087,-0.498637,-0.351057,-0.470537,0.075564,0.081808,-0.00286,0.0883,1.0,198.84
233,cruise,3700.794591,65.738381,64.783027,90.304016,207.984091,671.030114,26.098118,0.179791,11.470623,6.473797,3212.310749,healthy,0,0,0,0,-1.630714,0.132052,-1.362596,0.699244,0.546122,0.038453,-0.005526,-0.015482,1.0,198.835
234,cruise,3722.772504,65.519643,65.331595,88.685503,207.892929,675.978578,26.00487,0.196101,11.38556,3.530428,3133.968972,healthy,0,0,0,0,-1.061306,-0.239033,-0.56875,0.603054,1.792161,0.038526,-0.010003,-0.056135,1.0,198.83
235,cruise,3727.31891,66.194318,64.304594,90.701282,205.441318,669.706787,26.109193,0.183886,11.355002,6.436785,3111.119805,healthy,0,0,0,0,2.949528,0.040699,-0.520356,0.028335,-1.373938,0.017475,-0.003235,-0.135525,1.0,198.825
236,cruise,3710.525611,64.413172,64.194762,90.879864,207.319429,667.929936,26.305739,0.17087,11.38684,4.418643,3080.471481,healthy,0,0,0,0,2.414068,0.459978,-0.345739,0.86731,1.270415,0.009438,-0.001547,0.10316,1.0,198.82
237,cruise,3723.922381,66.038346,64.689929,89.814726,207.08449,669.795594,25.879372,0.196956,11.442053,6.278522,3224.568254,healthy,0,0,0,0,-1.777638,-0.027106,0.930128,-0.622697,-0.261087,-0.134996,0.003751,0.090423,1.0,198.815
238,cruise,3707.514562,62.857563,64.865765,90.248426,206.185603,673.005236,26.087624,0.192791,11.370833,5.91092,3193.978427,healthy,0,0,0,0,1.0435,-0.119234,0.720585,1.389172,-0.048081,0.050858,-0.008961,-0.098537,1.0,198.81
239,cruise,3700.347169,66.463125,65.194713,89.560731,206.743738,676.483072,25.924233,0.194302,11.429658,5.935132,3144.221761,healthy,0,0,0,0,-0.253467,-0.262743,0.282533,-0.137118,-3.34928,-0.259449,0.000741,0.07975,1.0,198.805
240,cruise,3715.341476,66.608973,64.775063,90.567053,208.88765,672.311478,25.853053,0.188162,11.471797,6.024086,3279.572138,healthy,0,0,0,0,0.687345,0.11154,0.130013,1.148317,0.292473,0.086836,0.00342,-0.010507,1.0,198.8
241,cruise,3691.860452,66.695731,64.37132,90.200746,206.428915,671.432586,25.87323,0.18453,11.427714,4.924543,3161.379481,healthy,0,0,0,0,-1.016493,-0.659221,0.308606,0.587921,-2.213555,0.088366,-0.002989,0.081789,1.0,198.795
242,cruise,3734.943375,65.702043,64.449396,89.60634,206.863066,671.981988,26.03708,0.193234,11.587937,5.806183,3228.50637,healthy,0,0,0,0,0.734674,-0.317424,0.707836,-0.927916,0.499627,0.108235,0.005569,0.133166,1.0,198.79
243,cruise,3702.540435,65.82742,64.141107,89.452687,208.969903,676.726282,26.197722,0.174675,11.707269,5.473289,3183.01592,healthy,0,0,0,0,-7.247996,-0.053159,0.189006,-1.53156,-1.232491,-0.125521,-0.002853,0.065228,1.0,198.785
244,cruise,3720.787827,65.625913,64.746527,89.824806,206.37391,674.712944,26.219039,0.183021,11.733364,7.389618,3309.011428,healthy,0,0,0,0,4.217889,-0.284094,-0.697389,-0.484752,-1.674767,0.04439,-0.005521,0.027696,1.0,198.78
245,cruise,3724.340035,65.486222,64.653039,88.9527,208.359752,671.815531,26.024247,0.186261,11.470692,5.911857,3258.763277,healthy,0,0,0,0,-1.95011,-0.441312,-0.100985,-0.657535,-0.306047,0.144784,0.004984,-0.010592,1.0,198.775
246,cruise,3695.066787,65.26395,64.202592,89.432789,208.391036,676.454661,25.883476,0.1799,11.54921,4.694744,3149.045132,healthy,0,0,0,0,-4.725798,0.062705,0.344416,0.754057,-1.373899,-0.107938,0.003583,-0.069009,1.0,198.77
247,cruise,3724.171077,64.257398,64.990118,89.446292,208.440615,671.190327,26.223697,0.180205,11.301968,5.959189,3100.224795,healthy,0,0,0,0,-0.859125,-0.33728,0.111573,-0.703858,-1.710273,0.198029,0.012824,0.003601,1.0,198.765
248,cruise,3740.60428,65.406066,64.870457,89.728846,206.95698,670.064237,25.807331,0.192448,11.648391,4.554382,3081.141252,healthy,0,0,0,0,-4.195748,-0.366068,0.030615,-0.027585,1.506182,-0.085106,0.00269,0.051004,1.0,198.76
249,cruise,3705.778175,65.073991,64.733755,89.744026,208.599707,673.74485,26.198156,0.188027,11.544341,5.925084,3049.792808,healthy,0,0,0,0,-2.085825,0.190375,0.905835,-0.136015,1.425309,0.070464,5e-06,0.023701,1.0,198.755
250,cruise,3716.868683,65.921586,64.593576,90.49234,206.685693,672.718764,25.943769,0.183396,11.57411,7.072,3230.820543,healthy,0,0,0,0,1.873148,-0.445874,-0.476783,-1.189321,2.737876,-0.299696,0.000657,-0.02611,1.0,198.75
251,cruise,3709.341418,66.498976,64.61977,89.567241,206.92953,672.263773,26.065553,0.180433,11.426502,4.843982,3068.24084,healthy,0,0,0,0,3.830957,-0.307544,-0.957698,-1.206309,-1.596232,-0.027163,-0.000362,0.152791,1.0,198.745
252,cruise,3688.990269,65.768196,64.718885,90.122772,207.397575,668.8947,26.115584,0.191961,11.428301,4.910189,3123.369461,healthy,0,0,0,0,-3.963336,-0.044978,-0.332939,-0.116083,-0.302887,-0.013634,0.000656,-0.133043,1.0,198.74
253,cruise,3699.208275,67.033869,64.964871,89.339922,209.442358,672.740239,25.927795,0.187397,11.536775,4.574649,3262.222529,healthy,0,0,0,0,-4.479835,-0.241514,-1.008921,0.574385,1.1747,0.172864,-0.000723,0.0129,1.0,198.735
254,cruise,3735.646758,65.373291,64.964551,89.189304,207.560275,670.019103,25.712384,0.188312,11.181856,6.466702,3186.821933,healthy,0,0,0,0,0.746429,-0.093068,-0.894449,-0.894855,3.325473,0.090746,-0.003125,0.060871,1.0,198.73
255,cruise,3704.227974,66.617229,65.176165,89.39985,208.797113,672.406537,26.189187,0.190877,11.396924,6.99172,3294.321752,healthy,0,0,0,0,-4.971724,0.472812,-0.704128,0.144109,-1.254601,0.068601,-0.002758,-0.104868,1.0,198.725
256,cruise,3717.650087,64.505419,64.257367,90.262951,207.556628,673.552381,26.214475,0.192322,11.522155,4.846859,3333.763971,healthy,0,0,0,0,0.130959,-0.339195,-0.136022,-0.179485,-0.021796,-0.151098,-0.00087,0.029317,1.0,198.72
257,cruise,3693.949137,65.080333,64.368666,91.134347,206.703811,670.180983,25.711158,0.18952,11.424345,6.267391,3197.82074,healthy,0,0,0,0,1.506001,-0.449031,0.755091,2.026298,2.498447,0.190356,0.004918,0.064405,1.0,198.715
258,cruise,3671.432081,66.208314,64.243449,89.128997,207.443528,672.769772,25.77456,0.191644,11.453931,5.921236,3299.779521,healthy,0,0,0,0,1.390521,-0.624746,0.476215,-1.10271,-3.787823,-0.479846,-0.003311,0.186185,1.0,198.71
259,cruise,3690.586131,66.325743,64.069112,89.220713,208.632153,671.495982,25.869471,0.192107,11.46504,4.594533,3222.469918,healthy,0,0,0,0,-3.439067,-0.013031,0.329058,0.073212,-2.512515,0.326141,-0.005465,-0.065773,1.0,198.705
260,cruise,3700.667685,66.898566,66.056114,89.70805,209.251878,669.560237,26.078544,0.181161,11.535099,6.067687,3286.506865,healthy,0,0,0,0,0.138354,-0.017475,0.100084,-0.510826,0.553587,-0.010901,0.003642,0.069584,1.0,198.7
261,cruise,3722.43084,67.082029,64.259679,90.033091,207.597047,672.420239,26.183293,0.18784,11.463391,5.524561,2955.891535,healthy,0,0,0,0,-0.277187,0.213197,-0.182177,0.822151,2.241733,0.084444,-0.010117,-0.015975,1.0,198.695
262,cruise,3716.516095,66.159259,65.320939,89.830251,206.838953,665.671606,26.279805,0.193997,11.559827,4.593704,3170.886141,healthy,0,0,0,0,1.257827,-0.115149,0.293832,-0.779664,0.990034,0.028667,-0.011909,0.008771,1.0,198.69
263,cruise,3673.359699,65.620268,64.040284,91.158087,209.723332,671.046408,25.980652,0.191257,11.353701,7.119058,3220.294306,healthy,0,0,0,0,-0.828637,-0.739002,-0.491408,-0.495299,-3.315096,0.052719,0.008752,0.138033,1.0,198.685
264,cruise,3709.364803,62.525931,64.620605,90.489477,205.356336,671.525914,25.996269,0.183239,11.443684,4.292311,3212.922995,healthy,0,0,0,0,-2.904566,0.319275,-0.393203,0.81402,0.133797,0.000715,0.001389,-0.063776,1.0,198.68
265,cruise,3705.890686,65.563453,64.786454,90.540309,208.108643,670.619903,26.099563,0.188517,11.298602,6.523256,3213.340914,healthy,0,0,0,0,1.025577,0.401214,0.181664,-0.878014,2.747457,-0.146654,-0.005496,0.002219,1.0,198.675
266,cruise,3689.652778,69.212209,65.614322,90.113056,207.64248,676.93131,26.083216,0.190413,11.645409,5.736626,3135.774398,healthy,0,0,0,0,-1.052606,0.481945,-0.053842,-0.877675,-0.554101,0.04561,0.010905,0.113903,1.0,198.67
267,cruise,3683.451948,66.478314,65.544387,89.916946,209.054429,673.241173,26.002771,0.195136,11.67916,4.842468,3216.542002,healthy,0,0,0,0,-3.361116,-0.427141,0.331285,0.053363,-1.094589,-0.077968,0.000956,0.000862,1.0,198.665
268,cruise,3739.338105,65.626414,64.356185,89.450675,207.506316,672.073549,25.913365,0.180467,11.618441,5.857719,3163.420517,healthy,0,0,0,0,-1.390173,0.148999,-0.250905,-1.489448,-0.03255,-0.009647,-4e-05,0.058398,1.0,198.66
269,cruise,3709.226371,64.08941,65.275619,89.889481,207.807786,669.085256,26.169522,0.190819,11.434533,6.501664,3168.239387,healthy,0,0,0,0,1.881774,1.023786,-0.100499,0.285456,-1.413352,0.044316,0.003772,0.054932,1.0,198.655
270,cruise,3706.268566,67.020351,65.48235,89.078062,209.285765,667.909373,25.992785,0.182339,11.628925,7.66226,3073.870633,healthy,0,0,0,0,-1.531544,-0.171333,-0.036418,0.263672,-1.362715,0.094488,-0.000689,0.039677,1.0,198.65
271,cruise,3704.869255,65.190891,64.406073,89.712767,208.460552,668.711998,25.97601,0.180277,11.263824,7.964984,3100.357802,healthy,0,0,0,0,4.250808,0.122091,0.853542,-1.188134,0.067347,0.009067,-0.000221,-0.122732,1.0,198.645
272,cruise,3698.809705,66.30014,64.788898,89.996669,206.651944,671.37206,26.342975,0.185785,11.495871,7.05478,3029.982694,healthy,0,0,0,0,-0.326458,0.122643,0.329474,0.479341,-0.147287,-0.085685,0.003241,0.065072,1.0,198.64
273,cruise,3685.654742,65.700593,63.77299,90.120949,207.403844,666.759824,26.053775,0.188066,11.638629,4.884739,3102.90853,healthy,0,0,0,0,3.163296,0.228062,-0.318091,1.321046,-1.7262,-0.311078,0.00121,-0.050707,1.0,198.635
274,cruise,3698.551013,64.915369,64.435241,90.636001,208.243343,672.312643,25.840185,0.187354,11.364121,5.245565,3175.560474,healthy,0,0,0,0,1.561016,-0.469382,0.156917,-0.633662,-0.963667,-0.025263,0.00539,-0.047161,1.0,198.63
275,cruise,3694.92026,65.551757,65.495417,89.406143,209.167783,675.880183,25.519763,0.184765,11.675433,5.17713,3142.736882,healthy,0,0,0,0,0.031729,-0.633603,-0.075494,0.831767,0.691653,-0.269869,-0.004926,0.151067,1.0,198.625
276,cruise,3669.168141,65.352661,65.111774,89.584888,209.889466,673.166812,25.873735,0.188391,11.513928,4.667148,3201.38553,healthy,0,0,0,0,2.840387,0.126581,0.177248,-1.165887,-0.941903,-0.248731,0.000332,-0.042375,1.0,198.62
277,cruise,3680.70349,64.474837,64.118706,89.920564,209.108665,674.866708,25.887509,0.185031,11.519828,6.422057,3288.516831,healthy,0,0,0,0,-1.771949,0.542081,0.128261,-1.054744,-0.847106,0.055172,0.008152,0.004934,1.0,198.615
278,cruise,3693.659109,65.161015,65.012244,89.757824,207.243828,673.19008,25.970819,0.18521,11.649259,6.200073,3239.156302,healthy,0,0,0,0,-1.075771,-0.485177,0.304758,-0.089286,-0.517727,0.007853,0.009029,0.010108,1.0,198.61
279,cruise,3675.317448,65.832469,64.338809,89.555967,205.341863,675.10395,26.165258,0.180044,11.504713,5.008989,3152.183259,healthy,0,0,0,0,0.343865,0.670685,-0.792472,-0.849805,0.523851,0.085489,-0.002566,0.066772,1.0,198.605
280,cruise,3673.629664,66.957476,65.0893,90.590121,208.80976,673.911344,25.886475,0.18919,11.375825,6.503,3031.705297,healthy,0,0,0,0,-1.153291,-0.705454,0.105389,-0.015997,-0.567382,0.082709,0.00381,-0.05845,1.0,198.6
281,cruise,3729.76391,67.683205,64.129033,89.573568,208.754392,668.52722,25.911283,0.188306,11.426077,6.128996,3205.172673,healthy,0,0,0,0,5.289061,0.172742,0.67378,0.298699,2.980469,0.331815,6.9e-05,-0.056891,1.0,198.595
282,cruise,3707.104662,66.960992,64.666915,89.720748,206.611526,673.742924,26.127776,0.186341,11.455859,6.565288,3143.386276,healthy,0,0,0,0,-0.803234,-0.129462,0.147458,0.347874,-0.492673,0.119001,0.000436,0.060151,1.0,198.59
283,cruise,3700.018674,66.823971,64.921174,89.48204,208.800543,667.489939,26.092184,0.184482,11.374176,5.984185,3328.300149,healthy,0,0,0,0,-0.08304,-0.158422,-0.666175,-0.315865,0.136401,0.039554,0.003354,0.01326,1.0,198.585
284,cruise,3676.283282,64.83851,65.959136,90.974574,206.71571,673.589001,26.367221,0.188467,11.633577,5.432819,2888.391888,healthy,0,0,0,0,2.979446,-0.002032,-0.510453,-0.307321,-0.495011,0.093797,-0.003506,-0.024252,1.0,198.58
285,cruise,3699.406677,64.624997,63.877717,89.499644,207.802088,670.342571,25.915059,0.185408,11.247901,5.849102,3077.265923,healthy,0,0,0,0,4.300288,-0.431163,0.044531,-0.012751,1.925609,-0.091282,-0.001101,-0.061949,1.0,198.575
286,cruise,3708.730998,64.93509,65.454996,89.969817,208.871978,677.499068,26.467398,0.18464,11.12151,5.01494,3137.576274,healthy,0,0,0,0,-0.203123,0.13001,-0.266343,-0.225606,-0.19934,-0.01958,0.006718,0.020187,1.0,198.57
287,cruise,3695.54217,65.857484,64.699296,89.690253,208.82947,671.901337,25.865436,0.181373,11.651853,5.366901,3163.897437,healthy,0,0,0,0,1.237635,-0.060915,-0.710784,-0.095422,1.511044,0.080863,0.002549,-0.027863,1.0,198.565
288,cruise,3722.761736,67.757969,65.251435,90.065152,207.402714,671.500923,26.12886,0.19404,11.806121,6.195095,3041.519029,healthy,0,0,0,0,0.276872,0.354148,1.067245,-0.683996,-0.068866,0.073383,0.005212,0.024459,1.0,198.56
289,cruise,3743.897129,64.055263,64.738083,88.737525,207.536174,672.244851,26.014933,0.189917,11.489946,6.997669,3186.626298,healthy,0,0,0,0,1.627308,0.006983,0.547261,-1.00136,3.133638,0.23019,-0.001397,0.031594,1.0,198.555
290,cruise,3739.597988,67.618022,65.028129,90.698765,209.251321,675.884588,26.051323,0.18064,11.556256,5.210567,3204.145979,healthy,0,0,0,0,-1.527708,-0.172491,0.820113,-1.072477,0.860768,-0.032258,0.002259,-0.132832,1.0,198.55
291,cruise,3736.183213,66.42834,65.128117,88.97831,206.757494,671.421934,25.922193,0.182669,11.328978,5.510509,3195.358147,healthy,0,0,0,0,-4.140472,-0.011154,0.051335,0.096507,-0.562873,0.072256,-0.001027,0.005127,1.0,198.545
292,cruise,3711.963676,63.880025,65.414997,90.304389,206.677465,666.820396,25.85305,0.185595,11.623351,7.418069,3363.193422,healthy,0,0,0,0,1.522723,0.358082,0.486143,-0.073489,-1.325131,-0.248555,-0.002837,0.047017,1.0,198.54
293,cruise,3667.716879,65.002148,64.844407,89.749692,205.832258,673.977428,26.267603,0.186115,11.471661,6.676922,3315.055135,healthy,0,0,0,0,3.487581,-0.450975,-0.35919,0.698289,2.151614,0.187794,-0.001489,0.084018,1.0,198.535
294,cruise,3726.531184,65.220909,64.93092,90.413811,206.421131,670.573001,26.18927,0.182842,11.641791,4.478324,3220.405414,healthy,0,0,0,0,-5.826489,0.073815,-0.897015,1.009413,-0.010751,-0.051858,0.004358,0.082763,1.0,198.53
295,cruise,3685.985397,65.585857,63.937456,89.892338,206.337142,674.979131,25.920899,0.181326,11.367535,5.172421,3110.475302,healthy,0,0,0,0,6.147533,-0.31111,-0.184173,1.725575,1.342617,-0.27409,7.1e-05,0.059605,1.0,198.525
296,cruise,3708.390015,65.13028,63.943084,90.540458,209.191836,672.174418,25.80439,0.191033,11.457757,4.251997,3326.259923,healthy,0,0,0,0,-0.905471,0.769648,-0.882924,-0.815202,-0.398261,0.181635,0.004823,0.052639,1.0,198.52
297,cruise,3708.235822,63.933868,64.870785,89.516708,207.567958,669.606884,26.163347,0.183191,11.270136,5.009818,3239.49314,healthy,0,0,0,0,0.786395,0.573445,-0.037756,0.167479,0.115113,-0.250793,0.002006,-0.032304,1.0,198.515
298,cruise,3736.218443,67.193321,64.986371,89.533385,206.359843,669.470653,26.175113,0.184221,11.285054,4.592925,3169.041992,healthy,0,0,0,0,-5.071603,0.670285,-0.418179,-0.223434,2.294352,-0.104451,0.002951,0.169547,1.0,198.51
299,cruise,3694.635493,65.249708,64.690106,90.284004,207.284592,676.553656,25.999085,0.185311,11.329911,5.586121,3045.305049,healthy,0,0,0,0,-1.777807,-0.258448,0.401495,0.035865,-0.324031,-0.191433,0.004441,0.074467,1.0,198.505
300,cruise,3709.323406,64.030776,64.572415,90.072542,207.521933,674.904434,26.106699,0.184145,11.623727,5.529903,3244.074488,healthy,0,0,0,0,0.914026,-0.033761,0.663568,0.518571,-1.04696,-0.087668,0.008,0.091385,1.0,198.5
301,cruise,3703.868397,64.235777,65.210728,90.306132,208.473548,672.658846,26.209888,0.182909,11.344209,5.026869,3263.302783,healthy,0,0,0,0,4.408796,0.694958,-0.77037,0.176131,-0.616607,0.008386,0.003549,0.065698,1.0,198.495
302,cruise,3706.039195,65.997198,64.674556,89.319577,205.574294,669.926889,26.297405,0.184627,11.298957,6.287521,3057.671021,healthy,0,0,0,0,5.263175,-0.490712,0.035032,-0.84448,-1.644312,-0.100824,0.001735,0.032386,1.0,198.49
303,cruise,3696.979652,62.868768,64.995459,89.683656,206.871955,671.057915,26.206498,0.191144,11.36447,5.947112,3092.045537,healthy,0,0,0,0,-4.563027,-0.499284,-0.030231,-0.105274,1.707551,0.182249,-0.00017,-0.143563,1.0,198.485
304,cruise,3716.213032,66.106627,63.679532,89.751538,206.187652,674.604393,26.004397,0.184649,11.811387,6.878898,3114.576747,healthy,0,0,0,0,0.189892,0.101258,0.68732,-0.683149,0.575691,-0.071485,0.003909,-0.010983,1.0,198.48
305,cruise,3681.754607,65.433029,64.065193,90.526265,206.16577,667.76661,25.986779,0.18724,11.317415,5.471306,3207.435903,healthy,0,0,0,0,2.585054,0.699274,-0.374819,-0.259071,-1.432727,-0.133895,0.00698,0.131489,1.0,198.475
306,cruise,3722.359591,68.156005,65.150618,90.630398,208.152867,671.658502,25.699373,0.186615,11.487828,6.69173,3049.831645,healthy,0,0,0,0,-0.343394,0.007106,0.013253,-1.972215,-3.225174,-0.193823,-0.013623,0.134312,1.0,198.47
307,cruise,3712.995525,64.953022,64.597233,89.240928,208.809075,669.081584,25.76756,0.178088,11.439861,5.147321,3255.148689,healthy,0,0,0,0,-2.109211,-0.76005,0.512879,0.770873,-0.915723,0.022705,0.00462,0.035558,1.0,198.465
308,cruise,3710.597371,67.536706,64.707025,90.126834,207.573433,672.442699,25.99898,0.178376,11.486213,7.308988,3229.714203,healthy,0,0,0,0,-1.798397,0.097465,-0.016402,-0.48085,-1.925739,-0.133003,-0.002562,-0.025819,1.0,198.46
309,cruise,3693.811528,67.447969,65.165921,89.984901,207.782657,669.903603,26.012921,0.183315,11.325009,6.294326,3192.839389,healthy,0,0,0,0,1.835304,-0.497613,0.134694,-0.077321,0.72405,0.087192,0.000495,0.047947,1.0,198.455
310,cruise,3706.921493,67.987373,65.276996,90.396753,208.916731,672.22877,26.105216,0.187725,11.633442,5.084703,3266.22378,healthy,0,0,0,0,0.881874,-0.282792,0.415486,0.416269,3.647759,0.051405,-0.002295,0.064404,1.0,198.45
311,cruise,3730.795677,65.578063,64.536671,90.543259,206.430364,674.293797,25.89788,0.182272,11.350517,4.792718,3210.613329,healthy,0,0,0,0,1.735445,0.09166,-0.236928,0.466316,0.118238,-0.237046,0.00037,-0.089565,1.0,198.445
312,cruise,3687.193363,65.20562,63.868675,90.12717,206.741791,667.329944,25.892418,0.178532,11.430976,4.377401,3204.894898,healthy,0,0,0,0,-1.292003,-0.64955,0.178339,-0.43254,-1.648711,-0.021101,0.004243,0.032677,1.0,198.44
313,cruise,3732.238916,65.50105,64.826612,89.759828,208.600347,674.00302,25.79007,0.184611,11.555034,7.595194,3247.112867,healthy,0,0,0,0,-1.57143,0.119837,0.412624,-0.432583,-1.09956,0.010725,-0.003031,-0.018178,1.0,198.435
314,cruise,3736.935566,64.911037,64.155169,89.683295,205.266785,672.434688,25.976956,0.192348,11.340967,5.313948,3159.310479,healthy,0,0,0,0,-1.230532,0.511252,-1.065778,-0.439891,0.949753,-0.040251,0.000114,0.137826,1.0,198.43
315,cruise,3681.731516,67.288821,65.143334,89.846121,206.745212,675.874538,26.338379,0.185278,11.170075,6.667596,3165.710094,healthy,0,0,0,0,2.082,0.588223,0.717296,0.546864,0.309543,-0.143901,-0.005169,0.103781,1.0,198.425
316,cruise,3700.715985,65.457687,64.633239,89.840291,205.660094,670.660181,26.104514,0.186371,11.381558,6.725346,3235.248699,healthy,0,0,0,0,-2.814394,0.203624,0.082084,0.102369,1.348244,-0.224257,0.002306,-0.079935,1.0,198.42
317,cruise,3701.840446,64.830398,64.894816,90.580818,206.952297,672.340631,26.344603,0.191149,11.525389,4.803904,3213.328195,healthy,0,0,0,0,2.879678,-0.293279,-0.466024,1.058666,0.329629,-0.284675,0.007542,-0.004393,1.0,198.415
318,cruise,3701.14532,65.80623,65.063225,89.567509,206.419344,668.92496,26.270431,0.18548,11.573401,6.985783,3139.517231,healthy,0,0,0,0,1.648786,-0.408072,-0.976657,-1.143032,0.092258,-0.04763,0.004039,-0.04414,1.0,198.41
319,cruise,3748.561602,66.646906,64.204097,89.553488,205.659846,673.231128,25.875925,0.192517,11.477266,4.189728,3048.647583,healthy,0,0,0,0,-2.930982,0.14933,0.616945,-1.273004,0.587396,0.1178,-0.006178,0.064758,1.0,198.405
320,cruise,3684.589314,64.736064,64.920254,89.606104,208.041188,666.202039,26.313666,0.199647,11.313007,5.058031,3060.330031,healthy,0,0,0,0,1.083982,-0.204988,0.065918,-0.200771,0.984172,-0.030614,-0.004802,0.05232,1.0,198.4
321,cruise,3710.114362,67.119373,65.055463,90.062392,207.226614,677.171015,25.77959,0.186915,11.265975,5.841227,3095.630996,healthy,0,0,0,0,-0.152569,0.110432,0.014357,1.001595,0.019835,0.167181,0.001114,0.143235,1.0,198.395
322,cruise,3682.496195,65.431117,64.437453,90.167882,208.693008,673.067006,26.17194,0.193906,11.431623,4.442323,3161.498822,healthy,0,0,0,0,3.06353,-0.17807,0.256814,-0.218506,-0.496893,-0.207048,0.005681,-0.006194,1.0,198.39
323,cruise,3717.422488,64.977734,66.035629,90.427849,208.372264,669.777549,26.226459,0.189603,11.443824,4.883933,3244.875803,healthy,0,0,0,0,1.952026,-0.787691,0.556522,-0.959755,2.948168,0.08381,0.001541,0.169173,1.0,198.385
324,cruise,3729.344189,66.772508,64.374374,89.891594,207.628685,670.173963,26.051638,0.178418,11.416662,5.611634,2996.629553,healthy,0,0,0,0,2.956032,-0.092441,-0.280293,0.145325,0.918438,0.163845,-0.005128,0.019572,1.0,198.38
325,cruise,3688.529786,65.464362,65.729376,90.27971,207.947275,667.099418,26.366361,0.189506,11.534692,6.376514,3187.129128,healthy,0,0,0,0,-4.882951,0.36276,0.045938,-1.406257,-0.03414,0.085247,0.00448,-0.013788,1.0,198.375
326,cruise,3696.658178,66.217295,64.530992,89.87801,207.829225,672.171978,26.113264,0.186166,11.351412,7.660279,3123.725318,healthy,0,0,0,0,-1.400597,0.289028,0.499102,0.841717,-1.792869,0.122538,-0.006975,0.037606,1.0,198.37
327,cruise,3733.065788,64.646421,65.390689,89.935099,209.225561,673.057576,26.05389,0.186228,11.493632,5.10873,3138.124767,healthy,0,0,0,0,3.852008,0.317709,0.669589,-0.222398,-0.399887,-0.121594,0.001673,-0.070496,1.0,198.365
328,cruise,3708.40605,64.07776,65.031619,88.968241,207.395973,670.399157,26.067195,0.175041,11.403516,4.870092,3344.724208,healthy,0,0,0,0,-3.580159,0.391399,-0.704174,-0.081651,-2.384654,0.131064,-0.007607,0.026397,1.0,198.36
329,cruise,3700.531992,67.379174,64.838128,89.38498,207.309319,670.107261,26.321219,0.177198,11.354111,5.859914,3064.715977,healthy,0,0,0,0,2.592767,-0.034156,0.642435,0.768752,1.582254,-0.258817,0.012611,-0.040872,1.0,198.355
330,cruise,3666.918146,67.741303,63.80522,90.045075,205.350667,672.435999,26.214284,0.184726,11.342196,7.016072,3190.571458,healthy,0,0,0,0,2.921309,0.006926,-0.70311,-0.181528,-0.018716,0.119646,-0.009786,-0.001349,1.0,198.35
331,cruise,3686.752652,63.951561,64.36962,89.572644,207.528502,675.634847,26.121186,0.193219,11.401727,7.251768,3226.058821,healthy,0,0,0,0,0.538148,0.604541,0.735147,0.164961,-1.871206,0.226259,-0.003814,-0.01417,1.0,198.345
332,cruise,3697.214421,66.640781,65.153624,89.478859,207.247639,669.47884,25.970469,0.192919,11.425865,6.009688,3140.077218,healthy,0,0,0,0,-2.457516,-0.722569,-0.375476,-1.051807,1.20796,0.010613,0.000641,0.000381,1.0,198.34
333,cruise,3728.888726,64.753431,64.910394,90.044613,208.402472,671.892917,25.856634,0.184056,11.861246,5.971489,3137.18709,healthy,0,0,0,0,-0.455785,0.40999,0.681952,-0.820035,0.13994,-0.02429,0.000711,0.039965,1.0,198.335
334,cruise,3694.445639,66.79988,64.59007,90.496107,206.221283,672.723925,26.264216,0.186973,11.228541,6.450522,3342.645747,healthy,0,0,0,0,-2.140626,-0.290547,0.130352,1.20014,-0.553848,-0.142038,0.005185,0.090914,1.0,198.33
335,cruise,3697.07521,66.03672,64.819001,90.007559,205.198871,670.234341,25.994519,0.181056,11.663345,6.74345,3056.339008,healthy,0,0,0,0,-8.105174,-0.970611,-0.251124,1.175315,0.899089,-0.026474,-0.003542,0.036752,1.0,198.325
336,cruise,3713.316942,67.027667,64.998253,90.531844,207.055331,668.302862,25.84528,0.184547,11.012079,4.980101,3026.750212,healthy,0,0,0,0,0.623443,-0.072302,0.212504,-0.181737,0.227974,-0.16602,-0.002545,0.108139,1.0,198.32
337,cruise,3719.489593,63.512668,65.129561,89.669983,208.141918,670.07051,25.841617,0.186012,11.441489,4.775248,3204.344937,healthy,0,0,0,0,0.783583,-0.546276,-1.05146,0.701544,0.958646,0.046438,0.008682,0.169226,1.0,198.315
338,cruise,3708.884244,65.142052,64.557678,89.991424,208.304363,677.472967,25.940172,0.187259,11.236238,6.405691,3200.843825,healthy,0,0,0,0,-1.160102,0.973234,0.731066,-0.807917,-2.249167,0.121604,0.010338,0.068523,1.0,198.31
339,cruise,3694.365879,65.473129,64.654936,89.674116,205.733066,671.233228,25.69469,0.190579,11.307831,4.269857,3283.665723,healthy,0,0,0,0,1.791352,0.821208,-0.299527,0.284816,-2.020911,0.057015,-0.008962,-0.005565,1.0,198.305
340,cruise,3695.518254,68.097416,63.688295,89.416296,206.131877,673.280808,25.786918,0.1874,11.273547,5.373314,3236.273299,healthy,0,0,0,0,-3.457851,0.467548,0.802494,0.811069,-1.874911,0.153076,-0.005665,0.163381,1.0,198.3
341,cruise,3713.660136,66.451418,65.056005,89.128357,206.601252,672.728588,25.996009,0.189524,11.554743,4.676566,3114.088918,healthy,0,0,0,0,-1.2578,-0.352824,0.38318,-0.695458,-1.055198,0.091218,0.001908,-0.085745,1.0,198.295
342,cruise,3680.811548,66.721945,64.235327,91.052274,208.594401,671.591929,26.095071,0.18272,11.369276,5.564799,3090.21049,healthy,0,0,0,0,2.985407,0.158514,-0.702073,-1.256735,-0.312504,0.160109,0.002774,0.069986,1.0,198.29
343,cruise,3724.212476,64.333222,65.458188,90.110512,205.91329,671.038514,26.197957,0.184938,11.424533,6.043424,3268.153643,healthy,0,0,0,0,-0.268204,0.475448,-0.429468,1.436887,-0.473392,0.443768,0.0049,-0.006881,1.0,198.285
344,cruise,3722.799342,65.357444,65.418686,89.514212,206.34154,674.551609,26.110989,0.185943,11.486409,5.795519,3272.36666,healthy,0,0,0,0,-0.280109,-0.116667,-0.030048,-1.347947,2.140938,0.049755,0.000774,-0.016256,1.0,198.28
345,cruise,3717.850955,63.456331,64.692676,89.617741,206.978855,676.034372,25.871438,0.188275,11.534285,3.968791,3290.669687,healthy,0,0,0,0,-3.633131,-0.118781,-0.043775,-0.189069,-2.376324,0.104055,-0.000379,-0.04208,1.0,198.275
346,cruise,3686.68411,67.025854,64.925486,89.937187,208.370421,672.580643,26.075199,0.182419,11.509478,5.872326,3156.083827,healthy,0,0,0,0,-3.861368,-1.016487,-1.217839,0.465565,-0.96347,0.180473,-0.004952,-0.052231,1.0,198.27
347,cruise,3727.481409,65.278584,64.943469,89.434534,208.510468,669.833869,25.965312,0.185853,11.537633,7.240062,3240.769223,healthy,0,0,0,0,-4.690785,0.374608,1.280741,0.765047,-1.145975,0.091309,-0.007555,0.170068,1.0,198.265
348,cruise,3711.672299,65.151306,64.706511,90.71014,208.558745,672.259045,25.838768,0.190744,11.213393,6.602694,3114.93087,healthy,0,0,0,0,-6.552984,0.501086,0.430216,-0.480737,0.178398,-0.182569,-0.005049,-0.156508,1.0,198.26
349,cruise,3690.629283,65.755339,64.525726,90.539545,205.770639,669.812629,25.950218,0.180008,11.349214,6.15184,3227.448187,healthy,0,0,0,0,3.344976,0.070782,0.644079,0.170075,1.485717,0.2316,0.00097,-0.091203,1.0,198.255
350,cruise,3693.707854,66.537025,65.07397,89.625538,206.963097,671.533031,26.161474,0.18034,11.582428,5.85402,3109.743132,healthy,0,0,0,0,-2.763764,-0.197806,0.188981,0.358378,-1.889322,-0.238952,-0.003054,-0.075127,1.0,198.25
351,cruise,3714.863169,65.505196,65.310335,89.561383,209.506992,673.079997,25.940353,0.178918,11.697955,5.239597,3176.030414,healthy,0,0,0,0,2.011668,-0.070547,0.628711,-0.653646,1.297723,-0.263507,0.001476,-0.065804,1.0,198.245
352,cruise,3716.368578,65.02682,65.240057,90.056532,207.507685,678.256809,25.795018,0.188694,11.191976,6.097445,3297.365623,healthy,0,0,0,0,-1.981903,0.276786,-0.615256,0.313121,-1.483512,-0.00327,0.012604,0.004079,1.0,198.24
353,cruise,3717.840401,65.977779,64.760625,89.352038,206.057867,667.936637,26.235879,0.192016,11.461435,5.273641,3243.727431,healthy,0,0,0,0,0.993721,0.235029,0.206734,-1.061097,0.034071,-0.080335,-0.000847,-0.037619,1.0,198.235
354,cruise,3706.08963,65.218082,64.878919,90.590623,205.282986,673.873699,26.149146,0.193563,11.372815,7.634841,3214.234825,healthy,0,0,0,0,0.179032,0.091672,1.146524,0.900697,0.089671,0.248033,0.004862,0.127375,1.0,198.23
355,cruise,3694.390019,64.91383,65.455999,90.13528,207.39587,672.699367,26.351959,0.176032,11.419717,7.41912,3309.726466,healthy,0,0,0,0,7.520024,-0.262626,-0.12053,-0.781012,0.652308,-0.006526,0.002442,0.082287,1.0,198.225
356,cruise,3717.075399,63.773937,64.450693,90.406642,209.079391,672.158517,26.319769,0.177933,11.48149,5.407044,3186.141442,healthy,0,0,0,0,0.276172,-0.02838,-0.308697,0.83916,-0.698142,0.031741,0.002612,-0.108475,1.0,198.22
357,cruise,3698.100388,63.993989,64.88819,89.788163,207.336046,674.179742,25.748643,0.185926,11.619574,5.399971,3225.33965,healthy,0,0,0,0,-1.194959,-0.37798,-0.267461,1.211162,0.267657,-0.050851,0.000475,-0.086548,1.0,198.215
358,cruise,3722.605573,64.803294,65.07942,90.154314,206.257261,670.723476,26.165014,0.192355,11.507311,4.638653,3121.929369,healthy,0,0,0,0,3.789447,-0.013346,-0.292793,-1.568007,-0.118065,-0.095759,0.001905,0.033345,1.0,198.21
359,cruise,3690.490835,64.349881,64.748733,89.919296,208.46033,670.169792,26.377944,0.190735,11.627141,5.599329,3256.983336,healthy,0,0,0,0,4.290201,-0.221828,0.000763,-1.038519,0.450369,0.153294,0.004398,-0.026818,1.0,198.205
360,cruise,3704.184469,66.486022,65.183992,90.06235,209.319607,671.558163,25.928997,0.186212,11.428931,7.278841,3095.69233,healthy,0,0,0,0,-5.540487,0.047512,0.237032,0.497932,1.637502,0.062739,-0.000487,0.02407,1.0,198.2
361,cruise,3720.011531,66.76181,65.519173,89.338403,206.767794,666.922913,25.998862,0.196521,11.556877,4.626581,3133.61583,healthy,0,0,0,0,-0.784892,-0.249841,0.086319,1.061858,2.055387,0.224321,0.004644,0.029762,1.0,198.195
362,cruise,3681.586194,65.71082,65.044208,89.899218,209.174807,668.572867,26.095325,0.184243,11.555297,4.858748,3226.724936,healthy,0,0,0,0,1.913614,0.515449,-0.026033,-0.891658,-0.833663,0.14568,0.004205,-0.132762,1.0,198.19
363,cruise,3728.95191,65.936961,63.880041,89.457685,208.795804,678.703043,25.821437,0.171817,11.196627,5.060243,3167.749024,healthy,0,0,0,0,1.730157,0.5645,0.043182,1.438746,-1.99645,-0.263437,-0.002903,0.087696,1.0,198.185
364,cruise,3729.873161,64.739907,64.984679,89.804108,207.677844,676.905575,25.92696,0.183637,11.315902,6.404336,3235.735921,healthy,0,0,0,0,0.833137,-0.020996,-0.433108,-0.059616,0.613998,-0.158739,-0.002319,-0.05725,1.0,198.18
365,cruise,3726.487933,64.177655,65.178104,89.285035,208.025061,670.082444,26.339096,0.182699,11.566194,6.730373,3174.411595,healthy,0,0,0,0,-3.646824,0.291332,-0.301512,0.444421,0.164045,0.055275,0.001602,0.062528,1.0,198.175
366,cruise,3696.832516,65.011429,64.406014,89.744249,206.109052,671.721875,26.224352,0.180365,11.435353,6.622335,3118.902163,healthy,0,0,0,0,-2.330048,-0.144731,0.264944,0.051257,-0.913666,0.057988,-0.005572,-0.107886,1.0,198.17
367,cruise,3704.228067,63.326818,65.557486,89.858433,208.998521,669.306079,26.167047,0.183682,11.49354,4.776634,3117.966285,healthy,0,0,0,0,-3.578316,-0.111474,0.09991,1.485062,-1.382544,-0.085198,-0.005872,-0.091508,1.0,198.165
368,cruise,3675.47426,66.539886,64.807876,89.674986,207.53392,672.07529,26.320556,0.182696,11.154011,4.896268,3201.521449,healthy,0,0,0,0,-3.74887,0.706798,0.126438,-0.658154,0.285685,0.236408,-0.004392,-0.060064,1.0,198.16
369,cruise,3696.68813,65.821298,65.257882,89.859161,207.963929,668.037931,25.906983,0.185616,11.315095,7.480783,3194.848509,healthy,0,0,0,0,-8.634221,0.297656,-0.992246,-0.885546,-0.495427,0.189538,-0.007185,0.024193,1.0,198.155
370,cruise,3715.855566,64.752025,64.335474,90.458096,208.120799,676.999037,26.039583,0.195323,11.477261,5.691279,3039.223805,healthy,0,0,0,0,-5.868512,0.164415,-0.399295,-0.685148,0.94001,-0.191885,0.005081,0.093494,1.0,198.15
371,cruise,3727.71776,64.023795,64.043265,90.047074,206.184639,671.681121,25.690786,0.184737,11.386602,7.138805,3185.418019,healthy,0,0,0,0,5.362326,0.097216,0.215726,-1.151752,0.32712,0.039648,0.015236,-0.045154,1.0,198.145
372,cruise,3709.374736,65.673662,65.20497,90.417114,207.983456,670.45928,25.996208,0.185447,11.442751,5.240674,3178.347568,healthy,0,0,0,0,-2.016508,0.438254,1.032686,-0.443057,1.852171,-0.087671,-0.007122,0.124396,1.0,198.14
373,cruise,3694.416577,65.178808,64.960256,89.846725,207.846887,672.755701,25.991837,0.193313,11.646016,6.111939,3109.211593,healthy,0,0,0,0,3.631754,0.267315,-0.552443,-1.862748,-1.68484,0.02613,0.003362,0.121636,1.0,198.135
374,cruise,3698.673298,65.205543,65.607599,90.29294,209.114379,674.224258,25.926573,0.185631,11.609241,6.161299,3073.897426,healthy,0,0,0,0,1.342657,-0.002915,-0.705158,0.559177,-0.219634,-0.038924,0.005906,-0.036708,1.0,198.13
375,cruise,3705.414447,65.293108,65.575279,90.336728,205.760952,671.217973,26.064028,0.179728,11.387615,7.535611,3132.904872,healthy,0,0,0,0,0.714275,-0.184307,-0.305032,-0.640172,0.067476,0.19335,0.002966,0.100011,1.0,198.125
376,cruise,3715.886141,65.396392,64.332893,89.235257,207.403854,673.539926,25.710123,0.175573,11.312023,4.580958,3284.846902,healthy,0,0,0,0,-0.65208,-0.69911,-0.922383,1.245552,-1.553839,-0.152909,0.001019,-0.06117,1.0,198.12
377,cruise,3708.960372,65.564088,64.7753,90.497677,207.102412,671.557927,26.001309,0.196046,11.572282,4.954186,3110.366594,healthy,0,0,0,0,-4.29564,-0.121253,-0.623077,0.556661,3.138501,0.078578,0.002425,-0.04029,1.0,198.115
378,cruise,3719.734981,66.659648,64.795353,89.430138,206.52115,669.796952,25.984917,0.195158,11.472298,5.220359,3209.037097,healthy,0,0,0,0,-4.402978,0.73291,0.032708,-0.317363,0.830086,-0.008398,0.00443,0.042022,1.0,198.11
379,cruise,3706.465982,62.812606,65.044026,89.404699,207.96531,666.965916,26.027136,0.19161,11.170444,6.512334,3349.309203,healthy,0,0,0,0,-0.706749,-0.107964,-0.230362,-0.556514,-0.810845,-0.015393,0.001609,0.062212,1.0,198.105
380,cruise,3698.57633,63.430674,65.743561,90.534014,208.730628,675.238839,26.00602,0.18588,11.553236,5.535068,3085.083136,healthy,0,0,0,0,1.366329,-0.327978,-0.909028,-0.227085,0.78961,-0.050241,-0.000494,0.027803,1.0,198.1
381,cruise,3709.146152,65.185683,65.418666,89.690248,207.473027,668.95518,25.462434,0.185177,11.566361,5.709092,3192.740254,healthy,0,0,0,0,-1.32613,-0.003259,-0.048321,0.423819,-0.094497,-0.43881,0.008324,0.031461,1.0,198.095
382,cruise,3715.756758,65.057334,64.54968,89.770562,206.849435,671.711271,25.59777,0.188869,11.27369,6.478982,3239.229209,healthy,0,0,0,0,-2.936786,0.242646,-0.446899,-0.505509,0.989615,-0.019147,0.001005,0.060391,1.0,198.09
383,cruise,3737.916915,65.762092,64.506578,89.583377,208.611413,676.917833,26.011881,0.185089,11.427774,3.677062,3277.566081,healthy,0,0,0,0,-2.386174,0.007876,-0.501707,-0.356868,-0.572485,-0.036542,0.0022,0.036691,1.0,198.085
384,cruise,3716.47955,66.995826,65.267125,90.08327,206.220719,669.51477,26.177582,0.187859,11.31536,5.755336,3173.854654,healthy,0,0,0,0,0.871274,-0.456282,-0.169057,-0.270347,-2.043422,-0.147843,-0.003799,-0.0597,1.0,198.08
385,cruise,3725.525586,64.532643,64.539229,89.449477,208.861324,670.627804,25.784473,0.183737,11.318259,5.981795,2966.13155,healthy,0,0,0,0,-1.967704,0.281538,-0.655271,-0.230164,2.525035,0.104746,-0.00046,-0.137195,1.0,198.075
386,cruise,3724.369641,63.600274,64.590253,90.757977,206.868221,671.466505,25.828369,0.179439,11.451689,5.945596,3166.805789,healthy,0,0,0,0,-5.729135,0.611268,-0.827944,0.315601,2.289796,-0.011083,0.001564,-0.068139,1.0,198.07
387,cruise,3709.866039,67.039529,65.065375,89.276648,207.585794,674.827918,26.072475,0.185243,11.426799,6.403085,3264.185824,healthy,0,0,0,0,-1.101436,0.262202,0.309476,-1.046679,-1.119143,0.176488,-0.005596,0.013589,1.0,198.065
388,cruise,3681.435814,65.106557,65.163973,90.304926,209.408429,674.051256,26.09593,0.182578,11.410482,4.463199,3307.029585,healthy,0,0,0,0,-0.510782,0.363575,-0.271365,0.554643,0.555471,0.184232,-0.005757,0.056631,1.0,198.06
389,cruise,3677.193459,66.95157,64.715151,90.605173,207.260251,668.802653,26.192562,0.193536,11.43881,5.849526,3092.832663,healthy,0,0,0,0,-0.371646,0.143551,0.239244,0.363954,-0.649155,0.162747,-0.004376,-0.185205,1.0,198.055
390,cruise,3722.629344,66.232081,64.704424,89.904381,208.154596,675.314732,26.122916,0.181413,11.524411,4.3228,3145.203679,healthy,0,0,0,0,5.867585,-0.108861,0.626808,-0.536552,-0.204677,-0.009975,-0.001188,0.023321,1.0,198.05
391,cruise,3693.725147,65.728549,64.917443,90.218653,206.70353,674.871173,25.87896,0.18243,11.155427,3.321901,3158.034906,healthy,0,0,0,0,3.036513,-1.106833,-0.048102,0.220531,1.322145,0.124517,-0.000922,-0.055116,1.0,198.045
392,cruise,3659.59878,65.873699,64.982048,89.480885,208.376961,667.083921,26.040441,0.189136,11.438623,5.608265,3215.571251,healthy,0,0,0,0,-0.915102,-0.026975,-0.411361,0.597534,-2.272943,-0.026702,0.008267,-0.016446,1.0,198.04
393,cruise,3694.365839,66.780729,64.580575,90.878084,208.884265,674.519747,25.959135,0.182976,11.469962,4.322366,3161.009627,healthy,0,0,0,0,-4.843005,0.134117,-0.285107,-0.525167,-1.447966,0.306386,0.004238,0.08162,1.0,198.035
394,cruise,3706.128052,65.050647,65.072181,90.082544,207.80977,669.462658,25.815868,0.189832,11.477414,5.970706,3299.036185,healthy,0,0,0,0,1.946647,0.578706,-0.235703,-0.328616,-1.938844,-0.198367,-0.002209,0.097242,1.0,198.03
395,cruise,3749.373146,66.662794,64.474304,90.432068,208.241957,674.137444,26.088494,0.180121,11.352581,5.605804,3101.926612,healthy,0,0,0,0,4.102141,0.798159,0.418179,-0.092662,-0.502661,0.090495,0.007767,-0.010969,1.0,198.025
396,cruise,3704.364739,65.354772,65.684915,90.234383,208.850472,674.762713,26.34065,0.186985,11.669776,4.613286,3159.499074,healthy,0,0,0,0,-2.889013,-0.633154,-0.077653,-0.128821,0.115204,-0.305261,-0.002156,0.077092,1.0,198.02
397,cruise,3728.042389,67.05041,65.379909,90.434365,208.673963,673.020326,25.762927,0.180955,11.618603,5.767744,3224.392809,healthy,0,0,0,0,0.772143,-0.117591,-0.252888,-0.814173,1.708671,-0.012185,0.000172,-0.045608,1.0,198.015
398,cruise,3702.561624,67.56108,64.854022,89.0656,207.390119,669.611965,26.067918,0.186173,11.632764,5.78312,3109.270333,healthy,0,0,0,0,1.726972,0.455686,-0.443185,0.586863,0.804448,-0.126525,-8.5e-05,-0.000293,1.0,198.01
399,cruise,3679.55856,65.240113,64.868963,89.816404,209.51171,672.70185,26.194578,0.182477,11.442401,6.560661,3261.325424,healthy,0,0,0,0,-1.17794,-0.291344,0.632626,0.157668,0.561206,0.127211,0.000152,-0.030281,1.0,198.005
400,cruise,3699.274514,66.043034,64.715016,90.391448,207.966632,673.576924,26.020653,0.230545,11.31828,8.639512,3217.038413,vibration_bearing_fault,1,3,400,900,-3.329987,-0.859609,0.104466,-0.652047,-0.243395,-0.065942,0.003152,0.118541,1.0,198.0
401,cruise,3722.498305,64.042434,64.288936,89.524747,207.605815,673.830504,26.102966,0.276061,11.470271,6.150101,3273.405389,vibration_bearing_fault,1,3,400,900,-7.274661,0.109761,-0.038239,-1.433674,-0.061759,-0.147652,0.006019,-0.187077,0.993939,197.995
402,cruise,3723.248666,66.329672,64.93201,89.726473,207.531264,669.41841,25.652044,0.115974,11.445688,5.717538,3088.631993,vibration_bearing_fault,1,3,400,900,0.008275,0.427215,-0.393755,-0.811116,-0.468313,0.020934,0.025415,0.046704,0.987879,197.99
403,cruise,3711.305212,66.003562,64.856861,89.254159,208.370247,672.334292,26.040278,0.236936,11.620828,6.022221,3126.467774,vibration_bearing_fault,1,3,400,900,2.880781,-0.095005,0.776193,-0.074842,0.093213,-0.005562,0.034239,0.001852,0.981818,197.985
404,cruise,3697.586618,64.657248,64.88281,90.683538,208.18811,670.250449,26.235711,0.260591,11.301263,5.248765,3254.400864,vibration_bearing_fault,1,3,400,900,7.587313,-0.170263,0.191477,1.179766,-0.122857,0.245083,0.036704,0.025008,0.975758,197.98
405,cruise,3700.109121,67.424733,64.807898,90.382425,207.209936,670.76032,25.788226,0.282183,11.642564,5.41534,3248.725585,vibration_bearing_fault,1,3,400,900,-0.6352,-0.123885,0.798199,0.662815,0.105556,0.059624,0.039931,0.112149,0.969697,197.975
406,cruise,3703.699862,64.340468,64.107791,89.707888,208.206009,670.875663,26.036152,0.3176,11.460925,5.146409,3079.748274,vibration_bearing_fault,1,3,400,900,0.394288,0.433213,0.235075,-0.394,0.428373,0.347401,0.049174,0.066007,0.963636,197.97
407,cruise,3694.449075,65.145233,64.661543,89.547704,207.612805,672.618966,26.205223,0.300437,11.401657,6.905165,2974.744355,vibration_bearing_fault,1,3,400,900,1.130758,-0.57654,0.145019,0.641433,-0.790383,-0.26952,0.061485,-0.084808,0.957576,197.965
408,cruise,3721.126322,65.950031,65.291849,88.43603,207.024581,674.223824,26.106667,0.219602,11.410931,5.350955,3248.04569,vibration_bearing_fault,1,3,400,900,-0.666548,0.017708,0.092281,1.258665,0.871464,0.154281,0.073322,-0.073309,0.951515,197.96
409,cruise,3735.771895,66.689317,64.654114,89.575708,207.046314,664.693127,26.043833,0.249908,11.760248,7.237782,3149.364293,vibration_bearing_fault,1,3,400,900,1.489695,0.175906,-0.167734,0.723886,1.215588,0.058135,0.079519,0.02582,0.945455,197.955
410,cruise,3730.761585,64.272511,64.675388,90.403228,206.289615,672.824233,26.087557,0.241677,11.307473,4.84778,3174.940361,vibration_bearing_fault,1,3,400,900,1.502834,-0.734335,0.058009,0.788145,-1.564785,0.004587,0.076977,-0.06466,0.939394,197.95
411,cruise,3702.689482,65.758442,64.825287,89.75134,208.472512,676.970624,25.945001,0.191667,11.684404,6.574554,3075.721743,vibration_bearing_fault,1,3,400,900,-3.46238,-0.354809,0.2147,0.23735,-0.278501,-0.366067,0.094785,-0.094914,0.933333,197.945
412,cruise,3688.148187,65.327117,64.792727,90.620268,205.143085,670.813379,26.099499,0.268423,11.707144,4.52247,3295.787673,vibration_bearing_fault,1,3,400,900,1.059442,0.139141,-0.458424,0.217768,-0.711422,0.380726,0.103154,-0.05102,0.927273,197.94
413,cruise,3709.170255,64.781923,64.78058,89.85511,207.461106,672.177706,25.966754,0.331769,11.306793,6.971619,3179.287692,vibration_bearing_fault,1,3,400,900,-4.770054,-0.510509,-0.225597,-0.676228,-2.618575,0.070466,0.109573,0.049293,0.921212,197.935
414,cruise,3734.445693,64.791609,64.816911,89.619528,206.067059,670.320454,25.941396,0.317733,11.406734,5.879434,3386.853546,vibration_bearing_fault,1,3,400,900,2.801022,0.172516,-0.112041,1.371523,-1.505163,0.201387,0.122386,0.075932,0.915152,197.93
415,cruise,3685.742787,64.612495,64.859558,90.16656,206.676393,673.277846,26.198797,0.296794,11.595689,4.373079,3145.009008,vibration_bearing_fault,1,3,400,900,2.175727,-0.406072,0.008201,-0.422831,-0.155567,-0.026644,0.129544,-0.044815,0.909091,197.925
416,cruise,3747.943366,66.915843,64.621518,89.675669,206.805905,672.922236,26.098544,0.383756,11.832474,5.350403,3229.634195,vibration_bearing_fault,1,3,400,900,7.484495,0.053568,-0.396115,-0.766328,-1.290686,0.082446,0.142493,-0.03985,0.90303,197.92
417,cruise,3737.62147,65.605389,64.742443,89.700315,206.50906,669.952066,25.873921,0.33835,11.445608,5.441855,3146.716027,vibration_bearing_fault,1,3,400,900,1.997167,0.391793,-0.242045,0.787349,0.562022,-0.095511,0.141057,-0.06783,0.89697,197.915
418,cruise,3689.769344,67.08288,64.896697,90.252326,207.566054,672.797692,25.916068,0.300017,11.515512,5.734384,3362.408855,vibration_bearing_fault,1,3,400,900,-0.631355,0.456328,-0.863115,0.308792,1.070286,-0.255326,0.15432,-0.074971,0.890909,197.91
419,cruise,3666.064017,63.996403,64.44971,89.83646,207.956527,674.335267,25.884248,0.395963,11.491616,7.00535,3173.766242,vibration_bearing_fault,1,3,400,900,1.458216,-0.303261,-0.093288,-0.394499,-0.3067,0.057206,0.161161,0.016436,0.884848,197.905
420,cruise,3733.971403,66.36263,65.462861,89.618298,208.144637,673.700809,26.215734,0.374321,11.255041,3.55514,3170.654268,vibration_bearing_fault,1,3,400,900,-0.171917,-0.143736,0.215352,-0.254164,-1.548365,0.06261,0.166332,0.038095,0.878788,197.9
421,cruise,3788.38297,65.41947,65.712219,90.091909,207.143132,672.886098,26.088264,0.310095,11.480252,5.573397,3269.463123,vibration_bearing_fault,1,3,400,900,-0.014078,0.166424,0.439694,-1.298485,2.754055,0.023243,0.170693,-0.170393,0.872727,197.895
422,cruise,3764.684334,63.77077,64.618346,89.935635,207.168336,668.904606,26.052941,0.368478,11.478553,6.205348,3149.655421,vibration_bearing_fault,1,3,400,900,1.680993,0.513794,-0.285046,0.024795,0.271842,0.015998,0.182814,0.04127,0.866667,197.89
423,cruise,3723.092816,65.356291,64.741425,90.839423,208.77104,670.813069,25.985428,0.471958,11.117381,6.792445,3161.34005,vibration_bearing_fault,1,3,400,900,-3.006212,-0.108454,-0.092986,0.001437,1.476354,-0.177797,0.196055,0.044125,0.860606,197.885
424,cruise,3760.080894,65.313228,63.840551,89.491567,208.436365,672.611582,25.962655,0.344628,11.224313,6.183633,3305.408165,vibration_bearing_fault,1,3,400,900,2.743454,-0.41954,-0.796205,-0.36451,-1.012689,-0.102271,0.213269,-0.031356,0.854545,197.88
425,cruise,3707.376221,66.450302,65.089518,90.079549,206.691221,670.38848,25.924747,0.388075,11.377206,5.637348,3369.838267,vibration_bearing_fault,1,3,400,900,2.013494,-0.443727,-0.267825,-1.553468,-1.658019,0.1481,0.211701,-0.080631,0.848485,197.875
426,cruise,3775.145704,65.548851,64.689113,90.112562,207.67199,668.526494,26.082323,0.407449,11.533727,6.38729,3198.000192,vibration_bearing_fault,1,3,400,900,6.504132,0.179987,0.369614,0.914003,-0.653666,-0.002727,0.231639,-0.039609,0.842424,197.87
427,cruise,3705.373072,64.644661,64.615949,90.064722,207.032444,674.644773,26.297892,0.496201,11.614038,5.340065,3201.241591,vibration_bearing_fault,1,3,400,900,-0.477229,0.385804,0.216687,-0.788191,1.472407,-0.1653,0.229301,0.116656,0.836364,197.865
428,cruise,3738.841212,66.514039,65.252421,89.29522,207.071461,670.41517,26.187435,0.350635,11.335539,5.727457,3112.714953,vibration_bearing_fault,1,3,400,900,-3.537729,0.136058,-0.382298,0.792781,0.260356,-0.018857,0.23397,-0.05908,0.830303,197.86
429,cruise,3717.153021,65.1579,65.408228,90.49683,207.501587,672.40643,26.06971,0.511472,11.271844,6.086801,3138.99034,vibration_bearing_fault,1,3,400,900,-1.378188,0.208623,0.403001,1.508207,-0.877293,-0.139413,0.257276,-0.03863,0.824242,197.855
430,cruise,3588.476064,65.507191,64.998947,90.653099,205.77556,671.052075,26.109439,0.466471,11.364117,5.431822,3158.4202,vibration_bearing_fault,1,3,400,900,2.603278,0.036001,-0.652706,-0.679476,-2.782389,-0.091913,0.259963,0.082731,0.818182,197.85
431,cruise,3743.10664,65.795417,64.327083,88.932354,206.441706,674.904509,25.990811,0.557138,11.439218,6.633397,3234.368995,vibration_bearing_fault,1,3,400,900,-3.950568,-0.496346,-0.005639,0.076609,-0.184342,-0.097753,0.261381,0.10177,0.812121,197.845
432,cruise,3691.687151,66.44273,64.151572,90.589126,206.452411,667.834857,26.018471,0.425824,11.592102,5.617852,3324.502687,vibration_bearing_fault,1,3,400,900,1.177402,1.143234,-0.214968,-1.014947,-0.571099,0.186654,0.273051,0.089116,0.806061,197.84
433,cruise,3726.511368,66.248473,64.374556,89.536501,206.836251,674.016524,26.370975,0.509509,11.273158,6.018509,3136.275047,vibration_bearing_fault,1,3,400,900,-1.409587,-0.144232,0.214137,-0.826632,-0.594731,0.161437,0.285457,0.116523,0.8,197.835
434,cruise,3655.749961,65.619812,64.450699,90.296921,208.011913,674.554391,26.193373,0.456468,11.80291,7.30464,3307.232492,vibration_bearing_fault,1,3,400,900,-1.307401,-0.050406,0.280356,-0.947482,-1.483224,0.481209,0.297738,0.007393,0.793939,197.83
435,cruise,3694.064869,66.681255,63.84868,89.460884,207.68395,677.347121,25.831388,0.435452,11.677302,4.373667,3247.638112,vibration_bearing_fault,1,3,400,900,-2.788526,0.143657,-0.107012,-0.168181,2.60227,0.070383,0.307861,0.002506,0.787879,197.825
436,cruise,3757.319887,65.372993,64.69817,89.826844,210.12035,675.438696,26.089056,0.431781,11.169137,6.003031,3156.19207,vibration_bearing_fault,1,3,400,900,1.672703,0.699596,-0.311394,0.801887,-0.49188,0.005615,0.311771,-0.006974,0.781818,197.82
437,cruise,3591.624644,63.483892,65.3111,90.188223,206.836744,672.213079,26.189709,0.535058,11.485296,6.008609,3178.734318,vibration_bearing_fault,1,3,400,900,1.07576,0.03447,-0.905604,1.179909,-0.725165,0.14624,0.315301,0.089591,0.775758,197.815
438,cruise,3650.476809,67.123251,63.912522,90.297075,207.096677,667.985065,26.162343,0.572076,11.324482,6.066724,3168.786268,vibration_bearing_fault,1,3,400,900,-5.085066,-0.820605,-0.023436,-1.031958,0.724142,-0.014731,0.33196,0.030758,0.769697,197.81
439,cruise,3723.762619,63.70199,65.122376,90.92564,208.252331,674.09201,26.142289,0.545329,11.592095,6.570239,3074.444297,vibration_bearing_fault,1,3,400,900,4.973488,-0.504896,0.622576,-0.787176,-0.59367,0.071986,0.326886,-0.000364,0.763636,197.805
440,cruise,3605.921552,67.887573,64.488933,89.25545,208.567498,671.519872,25.997877,0.623667,11.340443,4.116491,3345.117755,vibration_bearing_fault,1,3,400,900,3.963192,-0.367448,-0.255935,0.679439,-0.942875,0.099496,0.349618,-0.05335,0.757576,197.8
441,cruise,3741.533921,66.507162,64.622295,88.766024,207.395671,670.371753,25.854388,0.614309,11.461914,5.711617,3132.780831,vibration_bearing_fault,1,3,400,900,-1.350039,-0.571987,0.483599,-1.764182,2.727124,0.001594,0.351967,0.12089,0.751515,197.795
442,cruise,3578.903411,66.691349,64.565462,90.438063,206.032098,674.806943,25.626427,0.534726,11.370594,5.609871,3118.774676,vibration_bearing_fault,1,3,400,900,1.225487,0.003896,-0.271747,0.021711,-1.524001,-0.067696,0.367463,0.036708,0.745455,197.79
443,cruise,3690.260584,66.929475,65.384378,90.818782,206.665548,674.425959,26.121296,0.508712,11.533741,5.94406,3256.134856,vibration_bearing_fault,1,3,400,900,3.565382,-0.620246,-0.224525,-0.366533,-1.668825,0.105511,0.367698,0.077664,0.739394,197.785
444,cruise,3841.059154,64.264618,64.996729,89.81835,207.22543,671.071309,25.920526,0.622476,11.693265,4.843267,3166.852789,vibration_bearing_fault,1,3,400,900,-1.467735,-0.12155,-0.616059,1.259602,1.411411,0.085322,0.378997,-0.024893,0.733333,197.78
445,cruise,3861.496234,66.333631,64.394134,90.95563,206.927175,666.900005,26.110574,0.646297,11.230097,3.341725,3285.261652,vibration_bearing_fault,1,3,400,900,1.78226,-0.033169,-0.607447,-0.090719,1.147267,0.0779,0.383097,-0.112012,0.727273,197.775
446,cruise,3844.266945,64.580481,64.718822,88.556768,206.980663,668.958076,25.770522,0.52226,11.419021,5.390224,3155.493357,vibration_bearing_fault,1,3,400,900,2.248164,-0.632831,-0.487422,-0.045201,0.765468,0.237785,0.399781,-0.152158,0.721212,197.77
447,cruise,3817.544769,65.757143,64.78841,89.811534,206.410357,671.686262,26.266757,0.635386,11.676351,5.193947,3155.445423,vibration_bearing_fault,1,3,400,900,-2.156525,-0.565045,0.803444,0.079237,0.22371,0.147055,0.400797,-0.009657,0.715152,197.765
448,cruise,3727.521221,63.836436,65.701371,89.995999,207.863371,672.399551,25.98281,0.543412,11.303048,3.269107,3361.662129,vibration_bearing_fault,1,3,400,900,0.86642,0.237941,0.062987,1.137653,-2.654223,0.014449,0.409478,0.016868,0.709091,197.76
449,cruise,3707.876728,67.84493,64.713765,89.648541,206.62739,674.520598,25.75005,0.603184,11.540392,6.127872,3225.957686,vibration_bearing_fault,1,3,400,900,-5.642496,-0.141615,-0.591853,-0.592248,0.334954,-0.049765,0.42344,0.021843,0.70303,197.755
450,cruise,3660.761564,66.344027,65.135638,91.132121,208.211473,668.75107,25.756742,0.627332,11.407595,5.021217,3114.031585,vibration_bearing_fault,1,3,400,900,2.180321,0.885896,-0.311555,-1.106881,1.883312,-0.086883,0.430375,0.057862,0.69697,197.75
451,cruise,3703.615972,64.571619,64.232128,90.947557,207.183711,672.084994,26.27838,0.57535,11.699497,6.470292,3267.067971,vibration_bearing_fault,1,3,400,900,7.152651,-0.20807,-0.802863,-1.639602,-0.53207,0.168698,0.434454,-0.045262,0.690909,197.745
452,cruise,3658.820509,66.761998,65.712519,90.115637,206.726271,670.971583,25.854984,0.603514,11.280779,5.301685,3138.410293,vibration_bearing_fault,1,3,400,900,4.846533,-0.160304,-0.110715,-0.543279,-1.436087,0.070321,0.451427,0.027725,0.684848,197.74
453,cruise,3633.197507,65.42894,64.759699,90.129816,206.34878,674.775667,25.798802,0.723141,11.363106,7.114322,3104.221741,vibration_bearing_fault,1,3,400,900,0.729935,0.521492,0.159572,-0.418549,-1.984076,0.177194,0.46545,0.071744,0.678788,197.735
454,cruise,3740.196746,63.97675,65.126305,89.738881,207.602712,673.626709,26.003482,0.684969,11.586715,6.219887,3236.3423,vibration_bearing_fault,1,3,400,900,-1.935081,-0.418636,0.176408,0.072985,2.323679,-0.304715,0.475336,0.030025,0.672727,197.73
455,cruise,3879.707401,67.12199,64.598621,90.167736,208.527165,671.400624,26.126523,0.631047,11.468902,5.965337,3138.733805,vibration_bearing_fault,1,3,400,900,-4.309046,0.092508,0.352474,0.590553,0.415042,-0.168078,0.476791,-0.040109,0.666667,197.725
456,cruise,3626.006161,64.813966,64.383919,89.214413,206.651396,673.593071,25.902263,0.684433,11.602221,5.087466,3226.993445,vibration_bearing_fault,1,3,400,900,2.40458,-0.306088,1.204889,0.535726,1.313004,-0.123207,0.484465,-0.035712,0.660606,197.72
457,cruise,3667.184655,66.155688,63.935204,90.832083,208.180042,675.597663,26.147197,0.655613,11.499047,3.286706,3124.161032,vibration_bearing_fault,1,3,400,900,1.830158,0.32511,0.446956,-0.989265,-0.173699,-0.218629,0.487918,0.060592,0.654545,197.715
458,cruise,3763.296558,66.269624,64.718413,91.099333,203.709337,670.883085,26.364169,0.66013,12.011697,5.907568,3213.980859,vibration_bearing_fault,1,3,400,900,2.442292,0.020222,0.999897,1.38542,1.413549,-0.219026,0.497507,-0.057137,0.648485,197.71
459,cruise,3837.032501,64.767687,63.95421,89.344376,208.074589,669.610944,26.087541,0.681517,11.479606,5.880589,3224.264059,vibration_bearing_fault,1,3,400,900,5.748548,0.011121,0.234551,-2.218797,0.760078,0.119004,0.514842,-0.096443,0.642424,197.705
460,cruise,3743.391899,66.836131,65.371587,90.376426,207.391218,671.85146,25.563687,0.762757,11.015976,6.352926,3163.059094,vibration_bearing_fault,1,3,400,900,-0.762251,-0.599764,-0.547495,-0.169911,-2.811294,-0.071812,0.519256,-0.055555,0.636364,197.7
461,cruise,3642.05489,67.619251,65.40605,89.555823,207.860188,671.309269,26.018983,0.736008,11.507115,6.403072,3149.319097,vibration_bearing_fault,1,3,400,900,-2.696485,0.206691,0.667113,-0.02054,0.988527,0.144442,0.52427,0.00206,0.630303,197.695
462,cruise,3722.269958,65.635886,65.413373,89.84186,207.200296,672.075892,26.510954,0.692836,11.485252,6.078741,3129.039449,vibration_bearing_fault,1,3,400,900,4.269528,-0.069602,0.430967,0.289127,-0.188961,0.124755,0.535792,0.105658,0.624242,197.69
463,cruise,3805.340501,66.549183,63.99515,89.630182,205.608705,669.792572,26.286365,0.750474,11.497841,5.796803,3199.352884,vibration_bearing_fault,1,3,400,900,0.743712,-0.525915,0.128319,-0.235161,-0.486285,-0.135636,0.534893,0.01838,0.618182,197.685
464,cruise,3649.601396,67.851679,63.754964,90.812911,207.093348,669.322114,25.853358,0.704129,11.512315,7.044746,3243.380479,vibration_bearing_fault,1,3,400,900,3.775311,-0.065714,0.532713,-0.298507,0.758695,-0.111522,0.547804,0.101266,0.612121,197.68
465,cruise,3668.39341,66.027627,65.379084,89.541249,207.978831,671.693841,26.058632,0.801232,11.392053,5.065354,3201.041498,vibration_bearing_fault,1,3,400,900,2.049342,-0.100854,-0.04383,0.810108,2.074713,0.207598,0.550843,-0.01346,0.606061,197.675
466,cruise,3826.693421,65.598187,65.123652,89.401351,208.681445,666.931488,25.894087,0.694163,11.261049,5.680134,3065.492042,vibration_bearing_fault,1,3,400,900,-2.637256,-0.5065,-0.672402,1.103011,0.261178,-0.098939,0.564387,0.066427,0.6,197.67
467,cruise,3530.043551,63.801477,65.302512,90.026043,210.663459,670.183994,25.971289,0.870698,11.30422,5.862671,3109.723942,vibration_bearing_fault,1,3,400,900,0.733467,0.462526,-0.479642,0.12206,1.977106,-0.123323,0.57682,0.038553,0.593939,197.665
468,cruise,3571.459414,65.14756,64.579016,90.319986,207.527996,670.769166,25.906645,0.732019,11.200704,5.263158,3160.288588,vibration_bearing_fault,1,3,400,900,-6.471243,-0.469638,-0.300368,-0.341955,-3.275683,0.127307,0.587843,-0.029596,0.587879,197.66
469,cruise,3705.314187,66.279931,65.616314,89.696553,206.389176,669.560672,26.083689,0.732746,11.585761,4.651941,3078.216943,vibration_bearing_fault,1,3,400,900,3.191249,-0.411786,0.654326,-0.59742,-0.252268,0.026978,0.58601,-0.006942,0.581818,197.655
470,cruise,3969.947397,66.351783,64.11726,89.747234,206.704474,667.750859,25.845489,0.811421,11.379191,4.878388,3282.133933,vibration_bearing_fault,1,3,400,900,-0.00031,1.269756,-0.340255,-0.26782,-0.071042,-0.024241,0.596984,-0.085269,0.575758,197.65
471,cruise,3547.958814,65.169889,64.268659,89.837474,207.112919,672.306417,26.06713,0.888518,11.555078,5.055117,3267.009575,vibration_bearing_fault,1,3,400,900,1.917902,1.007134,-0.264231,-0.461203,1.288006,-0.009506,0.60504,-0.129532,0.569697,197.645
472,cruise,3756.536456,66.067068,65.523021,89.595338,208.131668,670.165587,25.877892,0.88369,11.599028,5.439327,3231.877474,vibration_bearing_fault,1,3,400,900,0.541871,-0.424063,0.727175,0.185369,-1.53259,0.046038,0.615763,0.040254,0.563636,197.64
473,cruise,3691.535252,65.207807,64.76967,90.073277,207.967901,674.194513,26.141035,0.74525,11.37785,3.433827,3274.307924,vibration_bearing_fault,1,3,400,900,-2.043744,0.019581,-0.067367,-0.332345,-0.822209,-0.087891,0.623324,-0.096082,0.557576,197.635
474,cruise,3828.458163,66.864777,64.775818,89.606213,207.022924,670.795149,26.033556,0.820389,11.438681,5.236169,3169.628948,vibration_bearing_fault,1,3,400,900,5.419263,-0.438683,0.181189,-0.778501,-2.154174,-0.215272,0.636482,0.101038,0.551515,197.63
475,cruise,3782.86725,67.344146,64.88207,90.439285,207.341632,671.14966,25.878726,0.934991,11.527372,4.74238,3146.709756,vibration_bearing_fault,1,3,400,900,-2.17313,0.48573,0.651564,-0.311141,-0.182409,0.062594,0.64153,0.036086,0.545455,197.625
476,cruise,3760.698962,65.670783,65.500562,90.231461,207.287095,674.138389,25.739394,0.813952,11.518549,5.425455,3283.30033,vibration_bearing_fault,1,3,400,900,-0.723633,-0.873726,0.342811,-0.603779,-1.355085,0.377481,0.65069,-0.122888,0.539394,197.62
477,cruise,3835.076815,64.807903,63.66074,90.685819,207.462632,679.315893,26.114413,0.885376,11.447759,5.297492,3213.025608,vibration_bearing_fault,1,3,400,900,-0.883618,0.112642,-0.604109,-0.833877,0.497776,-0.026691,0.66654,0.109493,0.533333,197.615
478,cruise,3659.989195,64.326454,64.426053,89.718568,207.162006,669.877574,25.937946,0.88055,11.427504,5.986079,3208.179361,vibration_bearing_fault,1,3,400,900,0.324025,-0.222319,-0.151787,1.033106,1.636297,0.094777,0.673156,-0.043682,0.527273,197.61
479,cruise,3571.714925,64.517267,65.435901,89.379354,204.828341,667.702806,26.038262,0.838271,11.706953,6.705552,3483.072994,vibration_bearing_fault,1,3,400,900,-0.382329,0.702835,0.350945,-0.760972,1.353882,0.038313,0.684558,-0.056851,0.521212,197.605
480,cruise,3654.593816,64.978854,65.377989,89.819892,207.538489,674.912117,26.030163,0.895785,11.674484,6.064728,3279.741577,vibration_bearing_fault,1,3,400,900,-2.250071,-0.386428,-0.354187,1.666258,-1.33315,-0.165042,0.682979,-0.066405,0.515152,197.6
481,cruise,3462.494164,65.298216,64.98683,90.027145,209.146466,666.119924,26.292319,0.893868,11.461146,4.402483,3150.513377,vibration_bearing_fault,1,3,400,900,2.723711,-0.014247,-0.435708,-1.58994,1.474783,0.206267,0.692498,-0.04319,0.509091,197.595
482,cruise,3587.393759,67.832224,64.609796,89.37358,208.040649,670.510799,26.32571,0.927982,11.479655,6.164387,3270.032075,vibration_bearing_fault,1,3,400,900,-0.145611,-0.406176,0.230478,-0.541201,-0.901334,-0.161368,0.695597,0.0047,0.50303,197.59
483,cruise,3767.213201,66.053342,64.963924,90.785868,208.752346,666.890437,25.824883,0.871434,11.462659,5.859638,3193.677873,vibration_bearing_fault,1,3,400,900,-2.763796,-0.083312,-0.679285,0.374476,-0.994474,0.032004,0.714399,-0.116444,0.49697,197.585
484,cruise,3814.625804,65.413595,65.633904,89.891041,206.540322,672.402713,25.991097,0.841301,11.406801,7.088634,3288.303252,vibration_bearing_fault,1,3,400,900,-1.745206,-0.595726,0.479771,-0.972469,-2.436301,-0.313927,0.72483,0.049177,0.490909,197.58
485,cruise,3657.472448,64.638213,65.845937,90.099989,207.68849,675.33515,26.178707,0.872706,11.386437,3.821361,3229.86326,vibration_bearing_fault,1,3,400,900,-0.887872,-0.317183,0.451672,-1.312176,-1.951709,-0.021086,0.731364,0.022372,0.484848,197.575
486,cruise,3686.50725,66.561419,65.273623,90.721672,207.210809,674.533135,25.707727,0.906978,11.180181,6.247895,3154.01073,vibration_bearing_fault,1,3,400,900,0.555248,0.301536,-0.537681,0.369848,2.47855,0.023111,0.741884,-0.012015,0.478788,197.57
487,cruise,3766.007763,67.922736,64.757941,89.479611,206.644015,667.110078,26.022526,0.884228,11.568121,5.443682,3215.722355,vibration_bearing_fault,1,3,400,900,0.009432,-0.300766,1.415773,-0.777192,0.138864,-0.303144,0.751138,0.001528,0.472727,197.565
488,cruise,3665.94506,64.751932,65.49446,90.136821,209.969094,671.579167,26.23397,0.8495,11.352148,5.605699,3097.718483,vibration_bearing_fault,1,3,400,900,3.928716,-0.15718,-0.566939,0.134021,0.613022,0.014857,0.763345,-0.075707,0.466667,197.56
489,cruise,4076.972776,64.070784,65.331714,89.871096,207.043329,672.699001,26.057374,0.966275,11.362648,5.663687,3156.249512,vibration_bearing_fault,1,3,400,900,2.955606,0.287711,0.443577,1.866771,1.549948,0.122664,0.756865,-0.154109,0.460606,197.555
490,cruise,3429.419639,67.766637,65.089312,89.639121,209.705681,669.575977,25.892987,1.047705,11.331473,4.349946,3355.003022,vibration_bearing_fault,1,3,400,900,0.522005,0.857592,-0.44563,-1.770927,-0.31927,0.065678,0.769073,-0.071138,0.454545,197.55
491,cruise,3670.401923,65.569178,64.502831,90.762363,204.630798,675.267479,26.087859,0.919486,11.368745,5.132657,3261.512863,vibration_bearing_fault,1,3,400,900,-4.313342,0.260483,-0.211647,0.409235,-0.103176,0.037537,0.787985,0.204129,0.448485,197.545
492,cruise,3759.940931,66.072785,65.239549,90.238017,206.959892,672.837991,26.014059,0.990165,11.367525,6.557787,3290.860014,vibration_bearing_fault,1,3,400,900,-1.664416,-0.011927,0.174659,-0.43474,0.575849,-0.152143,0.797657,-0.099138,0.442424,197.54
493,cruise,3475.169753,65.078822,65.305743,89.535841,207.04179,670.387205,25.8486,0.941649,11.076377,6.193172,3250.246782,vibration_bearing_fault,1,3,400,900,1.285716,0.057257,-0.480338,0.257976,1.284314,-0.184567,0.794598,0.023373,0.436364,197.535
494,cruise,3834.197147,66.366048,64.710685,90.251707,206.493835,675.490454,26.119811,0.98097,11.434111,5.380365,2987.515686,vibration_bearing_fault,1,3,400,900,-0.202189,-0.098631,-0.679035,0.600436,-0.350216,-0.238335,0.813173,0.11579,0.430303,197.53
495,cruise,3789.915754,65.918911,64.041502,89.775248,206.783762,674.157957,26.232942,0.98865,11.66857,3.397493,3233.04981,vibration_bearing_fault,1,3,400,900,-2.261772,-0.254136,0.227135,-0.266087,-1.688716,-0.140359,0.819956,0.011555,0.424242,197.525
496,cruise,3802.896669,64.701822,64.671328,90.104503,206.241595,669.160757,26.033405,1.072826,11.332294,5.909614,3249.500505,vibration_bearing_fault,1,3,400,900,-1.05938,-0.180478,0.16151,0.105921,0.35707,0.03353,0.820264,-0.026841,0.418182,197.52
497,cruise,3715.499451,65.942674,64.810445,89.657459,207.19114,673.37782,26.173214,1.023586,11.277407,5.564642,3345.179042,vibration_bearing_fault,1,3,400,900,3.682659,-0.056139,-0.039802,-1.734806,0.191952,0.135642,0.837935,0.035489,0.412121,197.515
498,cruise,3742.608078,65.222277,65.252371,88.87448,205.886249,669.580525,26.157013,1.166033,11.325435,5.611968,3279.93207,vibration_bearing_fault,1,3,400,900,0.961829,-0.030104,0.951411,-0.160456,-1.494922,-0.111659,0.843928,-0.134471,0.406061,197.51
499,cruise,3835.620756,65.152393,65.242097,90.85115,207.524555,670.459008,25.850245,1.061911,11.507783,5.299583,3152.602665,vibration_bearing_fault,1,3,400,900,1.70737,0.482846,-0.971578,0.649631,-2.806289,-0.148091,0.8501,0.028307,0.4,197.505
500,cruise,3676.107053,66.302632,65.118605,89.978923,207.668907,672.794217,26.14159,1.069264,11.372522,5.362235,3173.024367,vibration_bearing_fault,1,3,400,900,2.968944,0.037175,0.331793,0.990912,2.109404,-0.143162,0.860286,0.03762,0.4,197.5
501,cruise,4070.477517,64.110147,64.550353,90.320789,208.03461,675.541947,25.824526,1.054506,11.595029,6.744164,3227.350425,vibration_bearing_fault,1,3,400,900,-1.048437,0.462555,-0.71685,-0.717421,-0.778815,-0.203916,0.849858,0.024246,0.4,197.495
502,cruise,3767.947679,65.359497,64.683077,90.955439,206.60504,671.59443,25.828785,0.99088,11.444578,7.048216,3311.000007,vibration_bearing_fault,1,3,400,900,4.751594,-0.240373,-0.391163,-0.56457,-1.67555,0.042587,0.846383,-0.00528,0.4,197.49
503,cruise,3659.820686,66.023601,64.414141,89.175202,207.635908,670.316002,26.010075,0.982059,11.226184,4.527825,3261.827999,vibration_bearing_fault,1,3,400,900,3.738332,0.705551,0.497757,-0.070437,-1.467771,-0.07792,0.840441,0.004543,0.4,197.485
504,cruise,3759.111815,65.601447,65.258567,89.619135,207.498584,672.869083,26.205769,1.109672,11.54932,4.933337,3193.316239,vibration_bearing_fault,1,3,400,900,0.223835,-0.353375,-1.08683,-1.524244,0.614376,-0.20771,0.853399,-0.013105,0.4,197.48
505,cruise,3757.086931,65.432168,64.926914,88.752601,206.873837,677.398375,25.897293,1.00355,11.487036,5.109717,3155.356466,vibration_bearing_fault,1,3,400,900,-2.99788,-0.183326,0.400079,1.668187,-2.337817,0.029499,0.852235,0.05892,0.4,197.475
506,cruise,3964.419768,65.827507,64.433725,90.102296,208.505065,670.787775,26.195799,1.024606,11.332128,6.434682,3332.654679,vibration_bearing_fault,1,3,400,900,1.693167,0.013676,-0.781307,0.801143,1.555216,-0.075122,0.851103,-0.053323,0.4,197.47
507,cruise,3588.568209,66.201999,64.927614,89.876101,207.296207,671.127606,25.902449,1.058994,11.263667,6.079521,3170.223708,vibration_bearing_fault,1,3,400,900,8.56004,0.425672,-0.398398,0.463918,0.713048,0.04056,0.846327,0.128686,0.4,197.465
508,cruise,4008.016893,65.924516,65.091007,90.070988,207.247035,670.492734,26.011539,1.044727,11.474367,6.086469,3245.225538,vibration_bearing_fault,1,3,400,900,0.181715,-0.28825,-0.381205,0.1752,-0.064726,-0.163745,0.849935,0.150338,0.4,197.46
509,cruise,3994.989363,66.850094,65.260288,89.901528,207.732671,669.859382,25.757561,1.109127,11.394272,4.683467,3107.604161,vibration_bearing_fault,1,3,400,900,-1.256361,-0.546463,-0.315497,0.306926,-1.902744,-0.187541,0.852462,-0.009793,0.4,197.455
510,cruise,3948.698785,65.507325,64.982372,89.794332,209.277322,671.484777,26.146826,1.119175,11.323632,6.712194,3090.917817,vibration_bearing_fault,1,3,400,900,-3.262072,-0.246302,0.539357,0.483985,-2.581739,-0.134646,0.855422,-0.016117,0.4,197.45
511,cruise,3563.177962,65.829051,64.739749,89.232901,207.298868,670.054635,25.971383,1.042411,11.567484,4.45703,3138.091112,vibration_bearing_fault,1,3,400,900,0.170507,0.034522,0.342409,0.492584,-1.565641,0.233477,0.843497,-0.054606,0.4,197.445
512,cruise,3529.526238,67.927369,65.601757,90.461745,207.158367,671.990149,26.222745,1.067341,11.279536,7.016395,3082.216792,vibration_bearing_fault,1,3,400,900,-0.716852,-0.138949,-0.10839,0.501473,0.314837,-0.153362,0.850047,0.006685,0.4,197.44
513,cruise,3427.086138,63.110718,64.598401,89.318111,205.792152,670.443962,25.796292,1.006487,11.447512,5.912333,3294.421069,vibration_bearing_fault,1,3,400,900,-4.360261,-0.12811,0.417709,0.040566,-1.295019,0.286793,0.846867,0.010668,0.4,197.435
514,cruise,3542.737974,65.079182,64.745856,89.965406,206.647479,673.206055,25.732138,1.119355,11.549868,5.772395,3303.921906,vibration_bearing_fault,1,3,400,900,1.787554,-0.330635,0.055565,1.303839,-1.448518,0.004907,0.845454,0.137509,0.4,197.43
515,cruise,3772.515187,66.634781,64.688019,89.718246,207.120425,669.412295,25.651752,1.06932,11.639724,6.979503,3030.339722,vibration_bearing_fault,1,3,400,900,1.830974,0.525904,0.137441,1.050595,0.244815,-0.09601,0.854063,0.065227,0.4,197.425
516,cruise,3746.508599,66.050683,64.599854,90.626221,207.839859,674.454486,26.162813,1.035834,11.437651,6.417621,3272.969228,vibration_bearing_fault,1,3,400,900,1.378532,0.019674,1.080349,-0.134063,-0.980055,0.027177,0.859096,-0.090831,0.4,197.42
517,cruise,3573.877505,65.487319,64.238587,89.707695,208.742253,668.548875,26.109885,1.029331,11.134185,5.272903,3301.591759,vibration_bearing_fault,1,3,400,900,-3.363041,-0.232311,-0.007869,0.975918,-1.316564,0.127963,0.85281,-0.056886,0.4,197.415
518,cruise,3900.031876,66.448348,64.801216,90.250192,207.550804,667.921666,25.94959,1.036497,11.545378,4.562914,3260.887655,vibration_bearing_fault,1,3,400,900,1.37495,0.149724,0.653302,2.020965,-3.473512,-0.106011,0.853519,0.059841,0.4,197.41
519,cruise,3649.312661,67.125493,65.075166,90.477746,206.554873,675.343477,25.864044,1.019987,11.450237,6.254905,3258.794202,vibration_bearing_fault,1,3,400,900,-0.353057,0.011451,-0.156855,1.718302,-0.235848,-0.083492,0.848198,0.078007,0.4,197.405
520,cruise,3852.799006,65.023244,65.221615,90.677782,205.666942,674.050415,25.816102,1.021994,11.382036,5.319854,3172.04653,vibration_bearing_fault,1,3,400,900,6.193985,-0.27522,0.04826,0.895223,0.950651,0.255296,0.84825,-0.076334,0.4,197.4
521,cruise,4049.436872,64.39308,64.733887,90.534133,208.002547,673.634654,26.223913,1.018937,11.328494,6.048247,3202.612943,vibration_bearing_fault,1,3,400,900,0.762926,0.088598,-0.101455,0.262354,1.45086,-0.43254,0.852184,0.059893,0.4,197.395
522,cruise,3928.326996,64.59807,64.848951,90.296099,206.745397,669.062475,25.609879,1.072862,11.621365,6.724294,3220.033912,vibration_bearing_fault,1,3,400,900,-3.282568,0.356714,-0.058727,0.708383,-0.97472,-0.282582,0.848923,0.072965,0.4,197.39
523,cruise,3608.140257,64.405829,65.146334,89.550184,207.026645,672.892293,25.797487,0.981874,11.293544,5.580164,3313.4229,vibration_bearing_fault,1,3,400,900,0.131297,0.057958,0.062804,-0.822073,0.646544,-0.091859,0.841915,0.007955,0.4,197.385
524,cruise,3513.32727,66.10176,64.971223,89.881233,207.697957,668.89856,26.25727,0.923116,11.336466,6.551999,3215.802442,vibration_bearing_fault,1,3,400,900,0.377938,0.333139,0.413037,0.58658,-0.983612,0.11876,0.856107,0.120852,0.4,197.38
525,cruise,3752.556073,64.766233,64.608454,89.673953,205.410729,671.64044,25.943162,1.011666,11.464451,5.381092,3090.314741,vibration_bearing_fault,1,3,400,900,1.021181,0.577116,-0.359011,-0.780813,1.929459,-0.054114,0.849755,0.020019,0.4,197.375
526,cruise,3784.185135,63.122297,66.041248,90.017828,207.487298,669.884758,25.915809,1.050431,11.679937,5.859036,3226.537357,vibration_bearing_fault,1,3,400,900,2.153555,0.720477,0.066394,0.191211,1.253178,-0.152393,0.862811,-0.145957,0.4,197.37
527,cruise,3839.786919,66.062927,65.063297,88.989608,206.594591,673.076845,25.782961,1.061822,11.456099,7.591365,3136.187485,vibration_bearing_fault,1,3,400,900,1.915604,-0.387012,0.019287,0.427805,-1.528111,0.228247,0.850829,-0.066182,0.4,197.365
528,cruise,3834.515171,66.399136,64.733099,90.4273,206.744657,677.672391,26.026895,1.034507,11.379313,4.685209,3283.431693,vibration_bearing_fault,1,3,400,900,1.201522,-0.743283,0.356589,-0.747964,1.74443,-0.074237,0.844824,-0.107283,0.4,197.36
529,cruise,3608.196818,66.435314,64.647645,89.568798,206.897097,671.023936,26.054383,0.905939,11.53812,5.220018,3132.119095,vibration_bearing_fault,1,3,400,900,2.126179,-0.483049,0.21061,-0.598552,0.990783,-0.057135,0.851137,-0.086193,0.4,197.355
530,cruise,3745.052798,67.687419,65.16416,88.547084,208.815198,669.222177,26.009779,1.049648,11.473662,3.905479,3261.787344,vibration_bearing_fault,1,3,400,900,-1.96154,0.065093,-0.168073,0.892894,0.490966,-0.007242,0.856903,-0.082279,0.4,197.35
531,cruise,3820.211814,64.785044,65.168875,90.121118,206.604627,671.93794,25.893453,0.992943,11.674459,4.66019,3016.325214,vibration_bearing_fault,1,3,400,900,-3.921535,-0.063998,0.392266,-0.289508,2.562671,-0.364454,0.854356,-0.01906,0.4,197.345
532,cruise,3671.897861,64.8913,64.986566,89.533362,207.21931,667.083544,26.225692,1.078471,11.395117,6.950649,3141.303317,vibration_bearing_fault,1,3,400,900,-2.976529,-0.116771,0.048448,-0.611875,-1.269827,0.058319,0.84833,0.009916,0.4,197.34
533,cruise,3472.998488,66.595415,64.341882,88.880093,207.71005,671.152987,26.033694,1.007026,11.597669,6.686279,3218.098574,vibration_bearing_fault,1,3,400,900,2.196598,0.13992,-0.26912,-1.287421,-0.914169,0.054747,0.843617,0.109853,0.4,197.335
534,cruise,3655.126214,65.797004,65.356789,90.696508,208.093139,677.548667,26.437429,1.099144,11.196163,4.187246,3311.57575,vibration_bearing_fault,1,3,400,900,0.818217,-0.09652,-0.387893,-0.228432,0.608974,0.335915,0.850104,-0.007166,0.4,197.33
535,cruise,3556.196312,64.426397,64.429968,89.698978,208.63987,675.695648,26.16146,1.058591,11.443919,3.616744,3137.75247,vibration_bearing_fault,1,3,400,900,-1.120843,-0.147021,1.080703,0.408041,1.076362,-0.077682,0.858019,-0.067027,0.4,197.325
536,cruise,3813.7282,66.343824,64.93489,90.464187,208.091017,673.307405,25.880111,1.03547,11.272064,5.398329,3173.241529,vibration_bearing_fault,1,3,400,900,-3.066094,-0.070276,-0.524868,-0.29303,1.64934,0.057801,0.846918,0.047235,0.4,197.32
537,cruise,3862.565894,66.167109,64.974483,89.511933,206.256701,673.367493,26.156466,1.047022,11.615958,5.617289,3287.424577,vibration_bearing_fault,1,3,400,900,3.247356,-0.173455,-0.657727,0.124408,-1.640674,0.137002,0.846776,-0.153612,0.4,197.315
538,cruise,3860.820377,66.279253,64.568285,89.784687,207.342578,667.35184,25.978963,1.148301,11.359554,5.456121,3113.596619,vibration_bearing_fault,1,3,400,900,7.411883,-0.359721,0.175606,0.136117,1.097099,0.170597,0.85258,0.123517,0.4,197.31
539,cruise,3728.349647,65.280271,64.434711,89.817493,208.414169,673.287661,25.877744,0.930109,11.330553,5.485847,3178.847461,vibration_bearing_fault,1,3,400,900,3.054632,0.847812,-0.150116,0.128632,-0.045078,-0.106007,0.855725,-0.038185,0.4,197.305
540,cruise,3876.030008,65.981931,63.658065,89.520419,206.779999,669.789145,25.98322,1.076484,11.694126,5.805293,3169.520414,vibration_bearing_fault,1,3,400,900,-5.684169,0.796853,-0.406668,-0.460572,0.699906,-0.194405,0.841477,0.10839,0.4,197.3
541,cruise,3747.202242,64.182278,64.921406,90.004148,208.608652,667.432291,26.251642,0.980596,11.366396,5.260417,3103.627156,vibration_bearing_fault,1,3,400,900,0.705485,-0.109908,-0.820843,0.586953,-0.392134,0.14413,0.851515,-0.009033,0.4,197.295
542,cruise,3623.568746,66.817853,65.007416,91.251068,207.751355,669.628547,26.221326,0.947428,11.211324,7.641325,3344.549458,vibration_bearing_fault,1,3,400,900,-3.083331,0.005936,-0.564366,-0.910906,0.894817,0.064711,0.84973,-0.051108,0.4,197.29
543,cruise,3461.077128,67.197476,64.041644,89.324767,207.709539,672.41605,26.080275,1.115123,11.210382,6.673668,3122.078144,vibration_bearing_fault,1,3,400,900,2.938104,-0.551567,-0.733669,0.46804,-1.584005,0.127491,0.848263,-0.007734,0.4,197.285
544,cruise,3818.545688,65.569326,64.911589,89.824578,209.307014,669.538722,26.374786,1.071577,11.444187,5.79715,3299.697147,vibration_bearing_fault,1,3,400,900,0.051036,-0.03307,0.166415,-0.212787,-0.835892,0.306681,0.844375,-0.024778,0.4,197.28
545,cruise,3426.405986,65.642598,64.133029,90.481452,208.643105,670.304173,26.185455,1.039195,11.424125,7.351342,3219.892263,vibration_bearing_fault,1,3,400,900,1.121646,-0.278032,0.236076,-0.973973,0.259228,-0.139285,0.844293,0.006387,0.4,197.275
546,cruise,3773.788722,66.535219,64.964708,90.079852,207.590386,672.237946,26.057783,0.975017,11.771198,6.806106,3324.059088,vibration_bearing_fault,1,3,400,900,0.864594,-0.207525,0.454789,1.147324,1.418377,0.315564,0.862502,-0.168519,0.4,197.27
547,cruise,3447.17314,64.570024,64.663431,90.295759,206.118739,669.881602,26.044152,1.007559,11.253661,4.83794,3106.468922,vibration_bearing_fault,1,3,400,900,1.931351,0.068733,0.174967,-0.624398,-0.057507,-0.023944,0.855752,-0.044615,0.4,197.265
548,cruise,3781.876231,64.793141,65.426018,90.359504,208.608299,671.030917,25.806592,0.995796,11.372539,4.127806,3140.178601,vibration_bearing_fault,1,3,400,900,-0.627849,-0.552106,-0.057642,-0.903107,-0.909776,0.197777,0.853859,0.043308,0.4,197.26
549,cruise,3470.284852,65.726649,64.629623,88.635215,205.646157,667.793003,25.963888,1.049699,11.297698,5.060082,3253.097556,vibration_bearing_fault,1,3,400,900,0.187346,-0.730215,-0.064923,-1.333973,-3.125804,0.009602,0.852854,0.080124,0.4,197.255
550,cruise,3507.304262,67.218768,65.079684,90.256722,207.532382,671.192789,25.966787,0.978861,11.511011,4.682637,3350.142557,vibration_bearing_fault,1,3,400,900,-1.22874,0.295195,-0.223975,1.109316,-0.640142,-0.036059,0.849431,0.068006,0.4,197.25
551,cruise,3828.205351,62.67145,64.310803,90.632766,207.0247,673.495587,25.868567,1.094461,11.523342,7.013544,3233.812701,vibration_bearing_fault,1,3,400,900,4.395229,-0.957753,-0.057339,-0.986419,4.003331,-0.181651,0.847997,-0.045571,0.4,197.245
552,cruise,3574.824152,65.09569,64.148206,90.190104,206.570473,674.103219,25.788659,1.026047,11.542965,4.363197,3270.983778,vibration_bearing_fault,1,3,400,900,-5.391133,-0.314054,0.212863,0.379278,-2.124869,0.061231,0.847891,0.02533,0.4,197.24
553,cruise,3776.532787,65.564668,64.677042,89.98101,208.461128,669.123129,26.33242,0.997346,11.615435,5.25423,3244.503077,vibration_bearing_fault,1,3,400,900,1.828019,-0.391759,0.115624,0.820681,1.274088,-0.122052,0.860154,-0.12543,0.4,197.235
554,cruise,3643.751461,66.226428,65.168553,90.283096,208.729308,673.308869,26.207936,1.072346,11.584459,3.329219,3078.178858,vibration_bearing_fault,1,3,400,900,1.098391,0.820685,-0.065437,0.39425,0.509008,0.342523,0.852908,0.007165,0.4,197.23
555,cruise,3618.137373,65.225113,64.327607,89.345715,207.585195,673.850023,26.008107,1.004038,11.66568,6.0463,3134.108925,vibration_bearing_fault,1,3,400,900,-1.009057,-0.120666,0.015657,-0.141193,-0.816607,-0.007767,0.847407,0.039573,0.4,197.225
556,cruise,3914.559646,66.142372,65.224158,90.146546,209.101376,671.567815,26.001326,0.989968,11.32117,5.839454,3012.375201,vibration_bearing_fault,1,3,400,900,-4.862979,-0.052633,-0.900251,-1.773898,0.302332,0.066147,0.853912,0.026426,0.4,197.22
557,cruise,3799.649175,65.857709,65.34297,89.292215,207.916406,672.431265,25.766786,0.966479,11.506889,5.904269,3161.169031,vibration_bearing_fault,1,3,400,900,2.19369,-0.101254,-0.286717,-0.313136,-1.520286,-0.102943,0.835775,-0.04948,0.4,197.215
558,cruise,4218.632198,65.676706,64.681646,90.038882,207.09402,674.253853,25.681289,1.111473,11.399428,3.969084,3239.858701,vibration_bearing_fault,1,3,400,900,2.283598,-0.31908,-0.108606,0.742034,2.510875,0.062982,0.848455,0.018952,0.4,197.21
559,cruise,3792.171602,66.856285,64.742403,89.457925,207.958643,668.01948,26.160828,1.030448,11.377621,6.722354,3185.760671,vibration_bearing_fault,1,3,400,900,0.490599,0.368247,-0.146106,-0.158363,1.433745,-0.142416,0.841494,-0.00624,0.4,197.205
560,cruise,3653.384847,67.247642,65.311706,89.948558,208.117864,665.223185,26.062904,0.93248,11.5932,5.474718,3241.279478,vibration_bearing_fault,1,3,400,900,-1.993973,0.135515,-0.452192,0.293527,2.374424,-0.147618,0.844502,-0.019452,0.4,197.2
561,cruise,3558.496744,64.903616,64.317849,90.64209,206.688135,672.81862,25.939387,1.000234,11.427674,7.277285,3115.957399,vibration_bearing_fault,1,3,400,900,2.56537,-0.072901,-0.00013,-1.083942,-0.100789,-0.249468,0.853123,0.04537,0.4,197.195
562,cruise,3586.517958,65.850848,63.852687,89.854843,208.39926,673.112167,25.895926,0.945607,11.687029,6.018462,3173.891238,vibration_bearing_fault,1,3,400,900,-0.924798,0.103659,-0.01912,-0.12341,0.648849,-0.127435,0.853863,0.085316,0.4,197.19
563,cruise,3707.902172,64.927297,64.969524,88.50374,207.834356,671.8995,25.981096,1.089913,11.386811,5.768921,3242.381697,vibration_bearing_fault,1,3,400,900,-4.597316,-0.335685,0.744004,1.138338,0.474491,0.017936,0.853172,-0.042763,0.4,197.185
564,cruise,4024.243561,65.206359,64.850501,90.013248,207.059464,671.107011,25.833331,0.950773,11.314332,4.667379,3091.64138,vibration_bearing_fault,1,3,400,900,-0.733255,-0.469643,0.81855,0.32159,1.069148,0.167968,0.851455,-0.008025,0.4,197.18
565,cruise,3758.906292,65.402233,65.117789,89.938101,208.499474,673.338683,25.96592,0.99006,11.409566,5.903705,3254.366001,vibration_bearing_fault,1,3,400,900,4.817948,0.130286,-0.67701,-0.576208,-1.140662,-0.013811,0.848298,-0.152504,0.4,197.175
566,cruise,3556.490652,64.46953,64.915772,89.879941,207.684277,671.963657,25.993087,1.008552,11.347208,4.665344,3441.171965,vibration_bearing_fault,1,3,400,900,-4.640396,-0.338587,-0.251932,-0.351746,1.25887,0.214612,0.845775,0.07994,0.4,197.17
567,cruise,3849.895629,64.699479,64.793594,89.367278,208.633691,673.50198,25.763153,1.086442,11.555788,4.982063,3116.245938,vibration_bearing_fault,1,3,400,900,4.326515,-1.038016,-0.548574,-0.008166,-0.194868,0.044498,0.849196,-0.214695,0.4,197.165
568,cruise,3603.175762,64.033069,64.541616,89.406587,208.957387,675.918256,26.210533,1.027183,11.806143,7.609576,3043.407291,vibration_bearing_fault,1,3,400,900,-3.205766,-0.347671,-0.52612,-0.234564,-0.961292,-0.124125,0.844895,0.000204,0.4,197.16
569,cruise,3579.064464,66.564533,65.034786,90.079478,209.359661,668.338741,26.137079,1.08997,11.28127,6.420737,3225.040183,vibration_bearing_fault,1,3,400,900,-3.916553,0.336192,0.00744,-0.345402,-1.611645,0.559922,0.844469,0.012914,0.4,197.155
570,cruise,3726.094014,65.643592,63.958281,90.045254,206.52738,679.439462,25.951932,1.053853,11.376986,6.289394,3166.268733,vibration_bearing_fault,1,3,400,900,0.862773,0.049332,0.305654,-0.655405,0.91809,0.004078,0.852838,-0.028742,0.4,197.15
571,cruise,3359.744784,65.107477,64.694691,88.161999,208.730375,668.5284,26.069319,0.993231,11.173701,6.107453,3272.195621,vibration_bearing_fault,1,3,400,900,1.232406,0.08242,0.028995,0.658749,-0.623903,-0.049737,0.852813,-0.139662,0.4,197.145
572,cruise,3980.60715,65.942062,65.151519,90.307531,207.705753,673.864012,25.997725,1.054881,11.352359,5.81906,3167.508893,vibration_bearing_fault,1,3,400,900,3.234078,0.488339,-1.062394,0.404993,-1.702639,-0.185948,0.847554,-0.121544,0.4,197.14
573,cruise,3608.249124,64.568397,64.648723,89.943978,208.750318,670.153159,26.562362,0.976858,11.462989,8.363658,3219.103768,vibration_bearing_fault,1,3,400,900,-5.959219,-0.228551,0.189172,0.763746,-0.56926,0.04666,0.857698,0.064974,0.4,197.135
574,cruise,3883.29153,65.492845,64.822542,90.273858,207.01331,671.551888,25.927664,0.978436,11.597671,5.793219,3078.380091,vibration_bearing_fault,1,3,400,900,-2.522567,-0.218247,0.0567,0.595437,-0.036202,0.312931,0.846285,0.14703,0.4,197.13
575,cruise,3621.409826,66.290593,64.615397,90.071793,206.752114,671.023655,25.84192,0.99119,11.210871,6.892794,3168.850231,vibration_bearing_fault,1,3,400,900,3.715326,-0.637018,0.781382,0.021092,-1.54193,-0.002721,0.853047,-0.042654,0.4,197.125
576,cruise,3667.156067,64.692628,64.85773,89.936353,206.347462,673.592681,26.061112,1.121672,11.368364,6.493405,3158.75157,vibration_bearing_fault,1,3,400,900,-2.376898,0.173121,-0.029997,-0.09694,0.243278,-0.190096,0.839516,0.062629,0.4,197.12
577,cruise,3813.540361,66.200589,64.052209,89.976548,208.010186,675.226618,26.033835,1.081111,11.432675,6.279397,3232.829271,vibration_bearing_fault,1,3,400,900,3.409983,0.350548,0.210097,0.92003,1.716213,0.139172,0.846071,0.083297,0.4,197.115
578,cruise,3487.777392,64.196547,64.362898,88.713084,207.103317,675.490326,25.774779,1.0574,11.331923,6.379031,3103.906963,vibration_bearing_fault,1,3,400,900,-2.126637,-0.141762,-0.631783,1.601751,-0.539994,-0.017308,0.846996,-0.01559,0.4,197.11
579,cruise,3463.753898,65.860162,64.839139,89.899888,208.027189,671.810218,25.941363,0.969483,11.637918,7.56142,3119.609341,vibration_bearing_fault,1,3,400,900,-0.60443,0.126508,-0.142791,0.348893,-1.800508,0.021818,0.849755,0.003067,0.4,197.105
580,cruise,3560.110222,67.226966,65.144291,90.096125,208.61084,673.786026,25.836208,1.041592,11.641658,6.450457,3149.925935,vibration_bearing_fault,1,3,400,900,5.503138,0.54931,-0.261207,-0.355976,-1.350605,0.338779,0.84892,0.085738,0.4,197.1
581,cruise,3205.817864,65.577184,64.546035,90.178149,209.222793,665.412003,26.256832,0.95626,11.318499,7.652226,3233.01646,vibration_bearing_fault,1,3,400,900,6.829552,0.522802,0.405679,0.781779,0.863491,-0.006453,0.8566,0.036975,0.4,197.095
582,cruise,3765.561608,65.697588,64.885391,90.531533,206.756102,672.47544,25.977699,0.99362,11.11351,6.535968,3078.546287,vibration_bearing_fault,1,3,400,900,-2.470749,0.542518,-0.621104,1.390202,1.683438,-0.152546,0.850104,0.063657,0.4,197.09
583,cruise,3836.314025,65.087162,65.317337,89.718757,210.082997,671.397958,26.079372,1.061914,11.58022,5.886919,3434.052316,vibration_bearing_fault,1,3,400,900,1.082061,-0.527857,0.103708,0.389487,2.224245,0.072704,0.847701,0.025002,0.4,197.085
584,cruise,3784.702677,66.825248,64.602942,90.894642,206.721929,674.49135,26.116609,1.023159,11.479305,6.831234,3181.673036,vibration_bearing_fault,1,3,400,900,-0.116827,-0.811745,0.037752,0.431485,0.601169,0.080423,0.848633,-0.004256,0.4,197.08
585,cruise,3585.841222,67.317736,64.372188,89.990701,207.293055,672.185668,25.920914,1.094985,11.29122,4.295168,3171.389918,vibration_bearing_fault,1,3,400,900,1.716384,-0.001205,0.220291,0.031846,-0.405561,-0.025074,0.840134,-0.12204,0.4,197.075
586,cruise,3742.282717,64.900773,64.933374,90.413155,207.756778,670.94794,26.483161,0.907769,11.380958,3.933811,3197.941922,vibration_bearing_fault,1,3,400,900,-3.367971,-0.595804,0.155333,0.983467,0.517896,0.070943,0.842966,0.069319,0.4,197.07
587,cruise,3452.240849,66.401145,64.54828,90.787519,208.000637,673.859951,25.930843,0.979419,11.205252,6.319008,3146.120753,vibration_bearing_fault,1,3,400,900,3.009905,0.629348,-0.018553,-1.046411,-2.191377,-0.053388,0.853663,0.031203,0.4,197.065
588,cruise,3611.228252,66.717582,65.145882,89.629268,206.822268,672.937321,25.972652,1.022267,11.528209,4.642049,3290.903737,vibration_bearing_fault,1,3,400,900,-0.526653,0.443653,0.764979,0.659225,-1.685166,-0.01699,0.848726,-0.060649,0.4,197.06
589,cruise,3622.809003,66.268972,64.905557,89.32999,206.98315,675.704085,26.080266,0.99175,11.487991,6.109229,3131.736748,vibration_bearing_fault,1,3,400,900,-0.291184,0.165921,-0.131464,1.577954,0.464226,0.225671,0.864202,-0.098824,0.4,197.055
590,cruise,3698.453041,64.366115,64.451019,90.023324,208.449029,668.729577,26.042638,1.024116,11.248186,4.609901,3221.690971,vibration_bearing_fault,1,3,400,900,0.259035,-0.572226,0.998182,-0.384949,-1.542211,0.048351,0.853038,-0.124182,0.4,197.05
591,cruise,3522.113421,65.927214,65.226305,90.035945,208.231025,672.076706,25.939649,0.960775,11.213039,4.544312,3186.085358,vibration_bearing_fault,1,3,400,900,1.50981,0.183194,0.543934,-0.785824,-0.006547,-0.243535,0.856141,-0.011145,0.4,197.045
592,cruise,3699.087775,65.600696,63.820507,91.123748,207.89256,669.56883,26.179648,1.049199,11.442307,5.417801,3083.744936,vibration_bearing_fault,1,3,400,900,4.775796,-0.277816,0.389569,-1.401408,-0.132117,0.163279,0.847673,0.046764,0.4,197.04
593,cruise,3555.416127,66.440188,64.525689,90.766469,207.287476,671.090924,26.256679,1.059815,11.514391,7.798423,3196.098991,vibration_bearing_fault,1,3,400,900,5.094162,-0.172823,-0.461939,1.969263,0.322892,-0.08172,0.850739,-0.032981,0.4,197.035
594,cruise,3438.302343,66.851629,65.391385,89.937038,206.792001,671.557685,25.927854,0.978101,11.375546,4.969962,3097.588317,vibration_bearing_fault,1,3,400,900,-1.47515,0.326481,0.307978,-1.127627,1.093382,-0.286246,0.852033,-0.062461,0.4,197.03
595,cruise,3575.743761,64.279236,64.623399,89.913207,207.225073,668.316766,25.952405,0.936671,11.37856,6.626089,3070.78407,vibration_bearing_fault,1,3,400,900,-1.487242,0.168775,0.302367,-1.154875,-0.847246,-0.022893,0.854074,-0.104916,0.4,197.025
596,cruise,3637.32656,66.915643,64.3837,88.646374,206.935109,673.875091,26.029315,1.04933,11.596494,4.993047,3180.496237,vibration_bearing_fault,1,3,400,900,2.236066,-0.534328,-0.432379,-0.554411,1.125614,-0.326709,0.847419,-0.050134,0.4,197.02
597,cruise,3577.517452,64.975854,65.84007,89.625366,206.465862,674.059001,26.178648,1.087644,11.587526,5.474502,3262.195097,vibration_bearing_fault,1,3,400,900,-0.862413,-0.265431,-0.314343,-2.443792,-0.145271,-0.298626,0.844308,-0.036463,0.4,197.015
598,cruise,3745.621012,64.389207,65.042514,89.892768,207.712672,670.879383,26.206908,0.955032,11.512084,5.435252,3207.971636,vibration_bearing_fault,1,3,400,900,1.118847,-0.444005,0.072067,-1.40482,-1.373224,0.052991,0.84801,-0.102763,0.4,197.01
599,cruise,3838.657556,66.376339,64.870321,89.391066,210.179527,667.465952,26.026849,1.121103,11.639751,6.512329,3150.840602,vibration_bearing_fault,1,3,400,900,4.587233,0.088837,0.285818,-1.690033,2.439095,0.263098,0.863636,0.013207,0.4,197.005
600,cruise,3306.140497,66.194704,64.675896,90.451125,208.448702,674.656543,26.151631,0.976976,11.431955,7.163204,3231.884692,vibration_bearing_fault,1,3,400,900,2.426611,0.103786,0.116267,0.303091,2.011255,0.083032,0.847705,-0.028275,0.4,197.0
601,cruise,3852.221099,64.576108,65.49295,89.340013,208.78631,675.686688,26.095123,1.111966,11.40207,8.500729,3146.573951,vibration_bearing_fault,1,3,400,900,0.287348,0.511937,0.093529,1.515695,0.489807,-0.184031,0.854667,0.002116,0.4,196.995
602,cruise,3693.141506,65.349293,65.354311,90.84781,206.833595,675.88996,25.626954,0.9502,11.706938,7.049606,3166.103794,vibration_bearing_fault,1,3,400,900,4.515875,0.109889,-0.229183,-0.080503,-2.989311,-0.131963,0.853327,-0.041641,0.4,196.99
603,cruise,3542.623184,65.650078,64.340286,90.444879,208.82223,668.794065,25.909855,1.022099,11.273899,6.003536,3161.00459,vibration_bearing_fault,1,3,400,900,1.478925,-0.809031,0.418767,-0.785393,1.047308,-0.087423,0.844663,0.03622,0.4,196.985
604,cruise,3784.635587,67.772188,64.892996,88.962739,207.127595,671.007629,25.796207,1.045644,11.715887,5.013137,3265.162172,vibration_bearing_fault,1,3,400,900,0.632025,0.292919,0.058074,-1.527952,-1.371613,0.138315,0.84413,-0.063916,0.4,196.98
605,cruise,3738.532242,65.624221,65.36942,89.564296,207.115781,672.943834,26.316059,0.976824,11.61187,5.122396,3152.437586,vibration_bearing_fault,1,3,400,900,3.511915,-0.618456,0.48842,0.488122,-0.290119,-0.186681,0.853125,-0.071093,0.4,196.975
606,cruise,3670.334034,66.632952,65.459385,90.545096,207.214364,678.662165,26.036899,0.964241,11.363755,7.468109,3259.565832,vibration_bearing_fault,1,3,400,900,-2.350727,-0.293108,-0.009864,-0.947009,-1.862687,0.087195,0.839858,0.093397,0.4,196.97
607,cruise,3836.531084,66.039273,64.823044,89.436186,206.948953,671.122331,25.790356,1.074565,11.345752,6.709588,3191.330611,vibration_bearing_fault,1,3,400,900,-8.50807,0.239611,0.300074,0.557712,0.813599,0.123229,0.843336,-0.123882,0.4,196.965
608,cruise,3603.814574,66.42136,64.861133,89.403744,208.215522,671.786164,25.88671,1.055836,11.657057,6.717541,3128.392995,vibration_bearing_fault,1,3,400,900,2.984556,-0.422028,0.644698,0.029104,-0.035499,0.110088,0.847049,-0.064615,0.4,196.96
609,cruise,3696.868714,65.446359,64.185358,89.706573,207.436399,670.953661,26.079805,1.046491,11.56279,5.21607,3144.236389,vibration_bearing_fault,1,3,400,900,-6.268364,-0.833647,0.136113,-0.269998,-0.213185,-0.212632,0.847451,0.069849,0.4,196.955
610,cruise,3813.403625,66.768241,64.441124,89.90835,206.855984,669.944658,25.993816,0.843418,11.652862,5.278124,3001.66758,vibration_bearing_fault,1,3,400,900,1.087962,0.199843,0.004931,-0.352812,-1.218996,-0.08866,0.846273,-0.043683,0.4,196.95
611,cruise,3758.73967,64.342589,64.196127,90.581609,206.813074,673.098115,25.832697,1.009548,11.234465,6.072908,3338.311888,vibration_bearing_fault,1,3,400,900,-0.049398,-0.310805,0.05817,0.023228,-2.084823,0.063894,0.843562,-0.076711,0.4,196.945
612,cruise,3732.609979,66.330413,64.318327,89.965622,206.773018,672.791886,25.952626,0.968396,11.474557,4.892356,3213.371244,vibration_bearing_fault,1,3,400,900,-3.716603,-0.799521,-0.794452,-2.160067,-2.479847,0.020356,0.84239,-0.03652,0.4,196.94
613,cruise,3641.438604,65.967077,63.862429,89.82364,207.854141,673.151732,26.334027,1.021115,11.537998,5.541916,3072.171709,vibration_bearing_fault,1,3,400,900,-1.095911,-0.683994,1.390509,0.316184,1.635978,-0.091911,0.852901,0.05483,0.4,196.935
614,cruise,3556.271691,65.704461,64.563043,90.186987,206.430648,670.008073,25.908276,0.972269,11.557144,2.852011,3109.661684,vibration_bearing_fault,1,3,400,900,-2.869308,-0.25791,-0.174552,0.229561,-0.296945,-0.128776,0.850783,-0.115822,0.4,196.93
615,cruise,3795.910242,65.257074,64.868609,89.896175,209.011313,669.886938,26.056431,1.059215,11.335638,4.716825,3151.544849,vibration_bearing_fault,1,3,400,900,-0.611034,0.285833,-0.276403,-0.314982,-0.345422,0.1587,0.847362,-0.037831,0.4,196.925
616,cruise,3816.081459,66.175233,65.145506,89.244049,207.16951,670.485818,26.084097,1.052745,11.569441,5.556729,3235.304544,vibration_bearing_fault,1,3,400,900,0.861187,-0.50181,-0.895317,0.140966,-1.060164,-0.064028,0.843391,0.040989,0.4,196.92
617,cruise,3726.483558,64.872697,64.922459,89.051095,205.880662,670.017078,25.861498,1.065952,11.519005,5.867969,3387.790691,vibration_bearing_fault,1,3,400,900,1.160397,0.116192,0.378452,0.00686,1.224184,-0.194845,0.849602,0.070304,0.4,196.915
618,cruise,3442.114379,64.463266,64.54953,90.010004,208.796497,671.38828,26.090489,0.954805,11.467395,4.695587,3172.800248,vibration_bearing_fault,1,3,400,900,-2.913089,0.089586,0.645876,1.359287,-0.794287,0.069346,0.850299,0.147334,0.4,196.91
619,cruise,4025.93045,64.861856,64.122407,89.9915,208.187643,673.845808,26.078036,0.937726,11.146884,5.261859,3140.892622,vibration_bearing_fault,1,3,400,900,1.568358,0.262636,-0.604883,1.000036,0.441958,0.084969,0.851217,-0.05412,0.4,196.905
620,cruise,3941.13654,65.656622,65.297817,89.788679,206.785933,677.393182,25.862751,1.141462,11.528299,4.775043,3151.592348,vibration_bearing_fault,1,3,400,900,1.643615,-0.351077,0.080246,-0.026699,0.606884,-0.101532,0.855124,-0.04634,0.4,196.9
621,cruise,3621.915741,65.481831,64.758548,89.843416,206.745344,672.883634,26.151624,1.044611,11.172425,4.940164,3100.694419,vibration_bearing_fault,1,3,400,900,2.842087,0.241313,0.039459,1.030625,-0.082984,-0.079751,0.854002,0.131593,0.4,196.895
622,cruise,3626.356512,64.672881,65.324422,89.513679,206.329339,665.96984,25.994744,1.038049,11.241468,6.946897,3261.172286,vibration_bearing_fault,1,3,400,900,3.801478,0.058308,0.337153,-0.317671,-0.096416,0.053574,0.858233,0.117257,0.4,196.89
623,cruise,3705.720797,64.780067,64.141684,90.639021,207.080972,672.617994,25.792723,1.06054,11.382129,5.445033,3170.809192,vibration_bearing_fault,1,3,400,900,0.670029,-0.282658,-0.259305,0.392089,-0.515434,0.132528,0.84819,0.057734,0.4,196.885
624,cruise,3715.579346,65.032087,64.188711,89.521577,206.538301,669.341186,25.979034,1.054877,11.436369,5.531738,3087.87293,vibration_bearing_fault,1,3,400,900,-4.490097,-0.382644,-0.07493,0.863541,-0.160233,0.166658,0.845658,-0.040402,0.4,196.88
625,cruise,3726.543001,65.076716,65.284017,89.8507,208.235624,672.512244,25.747407,1.129282,11.590111,6.174014,3197.598545,vibration_bearing_fault,1,3,400,900,1.630786,0.269738,0.488678,0.840426,-0.548008,0.040142,0.856829,0.086844,0.4,196.875
626,cruise,3615.400262,63.421978,64.960435,89.770223,208.367943,668.474071,25.714815,1.047146,11.310174,5.691255,3163.964176,vibration_bearing_fault,1,3,400,900,-2.966223,0.361007,0.479472,0.088566,-1.200942,0.031129,0.847208,0.025333,0.4,196.87
627,cruise,3862.299096,65.290615,65.09292,89.692138,206.842261,672.643121,25.375828,1.013258,11.253942,4.779116,3169.264002,vibration_bearing_fault,1,3,400,900,-5.927186,-0.333042,-0.477832,0.900326,-1.156644,0.0351,0.848292,0.037107,0.4,196.865
628,cruise,3959.659945,65.771975,65.00471,89.683902,208.454004,676.45234,25.887373,1.056893,11.59339,6.649524,3145.34433,vibration_bearing_fault,1,3,400,900,-2.444642,-0.182083,-0.850058,-0.627202,-1.479295,0.015952,0.8484,0.035873,0.4,196.86
629,cruise,3958.378986,65.755788,65.557901,89.894188,204.756573,671.181806,26.010231,1.035642,11.418155,5.282308,3033.627535,vibration_bearing_fault,1,3,400,900,1.394891,0.703205,-0.010968,0.85432,0.920284,0.07003,0.833065,-0.074485,0.4,196.855
630,cruise,3873.030185,66.505803,64.893287,90.715598,208.403595,669.234454,26.176294,1.009063,11.603294,5.724929,3002.655052,vibration_bearing_fault,1,3,400,900,-0.191811,-0.193676,0.048761,0.343285,-0.329479,0.049585,0.841677,0.11314,0.4,196.85
631,cruise,3315.605922,65.651205,65.375972,89.219353,208.423314,672.254254,25.740437,1.119136,11.509314,4.791958,3268.850749,vibration_bearing_fault,1,3,400,900,2.238983,0.422223,0.477556,-0.465487,0.944134,-0.197899,0.845174,0.131709,0.4,196.845
632,cruise,3931.06756,63.750513,65.030161,89.747633,208.685955,672.95773,26.291804,1.036392,11.371589,5.444305,2984.409438,vibration_bearing_fault,1,3,400,900,2.214088,0.037865,-0.290855,-0.17787,0.860138,-0.011596,0.853251,0.009793,0.4,196.84
633,cruise,3494.433954,66.59938,65.134418,89.872919,207.669201,673.954739,26.298035,1.00523,11.40062,5.360697,3223.841782,vibration_bearing_fault,1,3,400,900,2.119635,-0.424507,-0.042521,1.238042,-2.68772,-0.066736,0.856241,-0.092408,0.4,196.835
634,cruise,3852.704775,65.188832,64.216313,89.968492,206.452059,674.457846,26.199542,1.033292,11.426398,7.209214,3194.728107,vibration_bearing_fault,1,3,400,900,0.1587,0.491852,-0.785129,0.12388,1.447632,0.075024,0.847853,-0.024013,0.4,196.83
635,cruise,3540.894418,65.542308,65.001112,90.232698,208.082929,672.896607,25.993383,1.046537,11.537562,5.041556,3253.602067,vibration_bearing_fault,1,3,400,900,-0.209799,0.241541,-0.088736,1.168884,0.186106,-0.13163,0.841859,-0.042658,0.4,196.825
636,cruise,3595.882697,64.03397,64.440813,89.705873,207.69471,670.090591,25.9572,0.995719,11.429854,6.430342,3173.137389,vibration_bearing_fault,1,3,400,900,-7.928794,0.168844,0.113957,-0.915244,1.761747,0.041376,0.849769,-0.038439,0.4,196.82
637,cruise,3729.460447,65.795685,65.003819,89.572062,207.047676,675.061411,25.94979,1.030025,11.577148,6.087778,3080.856857,vibration_bearing_fault,1,3,400,900,-0.852442,-0.285887,-0.614988,-0.88179,2.485667,-0.047777,0.839526,0.160272,0.4,196.815
638,cruise,3923.612567,65.40527,65.361536,89.46413,206.52149,671.518755,26.441529,1.009059,11.741333,8.225514,3273.548382,vibration_bearing_fault,1,3,400,900,0.389981,-0.335144,0.0388,-0.426587,-0.807758,0.080112,0.846504,0.150361,0.4,196.81
639,cruise,3469.53572,65.963977,64.509267,90.238102,207.32898,672.705789,26.018637,1.000336,11.659028,5.17585,3208.574376,vibration_bearing_fault,1,3,400,900,1.252456,-0.439695,0.516024,-0.450083,-0.924542,-0.038324,0.851616,-0.053249,0.4,196.805
640,cruise,3710.791713,65.440446,64.525947,89.899831,206.762499,670.161133,26.109105,1.089811,11.301437,3.762944,3134.98911,vibration_bearing_fault,1,3,400,900,-1.254712,-0.092751,0.340654,0.994385,0.642994,-0.061291,0.855989,0.030838,0.4,196.8
641,cruise,4029.105614,65.56988,63.139123,89.137499,206.706962,671.04829,26.151609,1.109595,11.583659,5.023037,3333.492953,vibration_bearing_fault,1,3,400,900,-1.553198,-0.627452,-0.177885,0.291927,0.635907,0.059498,0.848569,-0.109814,0.4,196.795
642,cruise,3598.423811,65.256458,65.678428,90.24318,209.088205,673.219962,25.900869,0.987041,11.249591,3.99247,3202.986954,vibration_bearing_fault,1,3,400,900,-3.757898,0.545129,-0.499499,0.382323,1.758552,-0.052712,0.841695,0.017848,0.4,196.79
643,cruise,3638.994865,65.024022,64.551776,89.580762,207.183031,673.778238,26.062956,1.032919,11.638689,4.444836,3208.336293,vibration_bearing_fault,1,3,400,900,4.028671,0.001027,-0.622922,1.915263,1.540565,0.040807,0.84893,-0.054863,0.4,196.785
644,cruise,3733.491323,66.353638,64.766766,89.774052,206.006615,670.523143,26.225499,1.082071,11.308313,3.85064,3135.430407,vibration_bearing_fault,1,3,400,900,1.462088,-0.002269,0.695289,-0.257234,0.019287,0.175507,0.848597,-0.017207,0.4,196.78
645,cruise,3481.490692,66.880373,65.034928,90.097127,206.388565,674.600638,26.080531,1.06037,11.445142,4.474011,3097.005556,vibration_bearing_fault,1,3,400,900,-1.536855,0.77847,0.238604,-0.113584,-1.226962,-0.227267,0.847404,0.005274,0.4,196.775
646,cruise,3456.525328,63.642428,64.265485,90.842613,207.84954,673.407861,26.178741,1.030152,11.413231,5.423223,3182.622449,vibration_bearing_fault,1,3,400,900,-2.365988,0.614398,0.455277,-1.008421,-1.622442,-0.107335,0.849101,0.007485,0.4,196.77
647,cruise,3921.943447,65.252056,64.360776,90.240945,207.876014,674.978432,26.152272,1.087199,11.763783,6.564132,3144.809283,vibration_bearing_fault,1,3,400,900,0.882581,-0.249817,-0.552701,1.931871,0.298197,-0.102763,0.855134,0.008754,0.4,196.765
648,cruise,3746.876696,63.652509,64.49264,89.846451,207.894126,671.948671,26.231849,1.052551,11.371943,6.194528,3236.326151,vibration_bearing_fault,1,3,400,900,4.693139,0.272013,-0.100767,-2.037893,0.523856,0.021027,0.851825,0.01736,0.4,196.76
649,cruise,3806.414173,66.445892,65.022183,90.020969,207.474927,673.30407,26.021781,0.97506,11.437481,5.353994,3121.114457,vibration_bearing_fault,1,3,400,900,-3.222047,0.170152,0.082999,0.324444,-0.901761,-0.129588,0.853962,-0.082526,0.4,196.755
650,cruise,3366.562125,66.456438,65.447476,89.2221,207.593277,668.663965,25.769458,1.040934,11.329991,5.633223,3260.046644,vibration_bearing_fault,1,3,400,900,0.952221,-0.698384,-0.213176,-0.877366,1.932477,-0.168832,0.842481,-0.022295,0.4,196.75
651,cruise,3681.352749,65.278266,64.862472,90.244896,209.670645,672.545602,25.768427,0.955294,11.356894,5.247884,3251.030895,vibration_bearing_fault,1,3,400,900,1.150544,0.053864,-0.153117,0.960046,0.353067,-0.091443,0.856689,0.012537,0.4,196.745
652,cruise,3574.552563,66.147612,65.216784,90.688895,209.103158,670.992577,26.013522,1.045649,11.471126,4.175822,3050.917492,vibration_bearing_fault,1,3,400,900,2.681807,0.065863,0.493733,0.598657,1.985452,-0.056483,0.853741,-0.090555,0.4,196.74
653,cruise,3693.242201,66.24801,64.812526,89.311425,206.949294,678.235817,25.818858,1.122048,11.505569,6.219118,3213.579394,vibration_bearing_fault,1,3,400,900,-4.367147,-0.246409,-1.088639,-1.180085,-1.442823,0.226945,0.853009,-0.063405,0.4,196.735
654,cruise,3980.929116,65.908725,64.463748,89.680618,207.379235,674.769034,25.92886,1.039793,11.654936,6.73447,3170.446776,vibration_bearing_fault,1,3,400,900,7.490587,-0.118545,0.629281,-0.274241,-1.821415,-0.086969,0.837966,0.133311,0.4,196.73
655,cruise,3447.702079,66.741278,64.255612,89.438755,207.918029,673.834209,26.295113,0.957732,11.280573,5.016742,3200.667274,vibration_bearing_fault,1,3,400,900,6.947235,0.443122,0.428362,0.726707,-0.234564,0.04982,0.84798,0.026039,0.4,196.725
656,cruise,3380.880012,64.975647,65.386526,90.813951,208.110826,672.025011,26.174365,1.037255,11.4165,5.566589,3298.146396,vibration_bearing_fault,1,3,400,900,1.612154,-0.533963,-0.240406,1.230279,2.282429,-0.196792,0.85279,0.166488,0.4,196.72
657,cruise,3829.630406,66.161871,65.265577,88.79317,206.981579,667.824503,26.132507,1.093841,11.42179,5.640614,3154.760394,vibration_bearing_fault,1,3,400,900,-3.292539,-0.065438,0.103205,0.648943,-0.750277,0.111111,0.854933,0.046607,0.4,196.715
658,cruise,3491.082754,65.773511,65.261282,89.440542,208.773235,672.930568,25.860469,1.011605,11.574113,6.396085,3170.941438,vibration_bearing_fault,1,3,400,900,0.23684,-0.868187,0.721015,1.395312,0.1733,0.173436,0.843398,0.060089,0.4,196.71
659,cruise,3712.163413,65.777245,64.966262,90.352982,206.822992,672.475893,26.039686,1.07752,11.638287,7.575695,3249.882782,vibration_bearing_fault,1,3,400,900,2.319141,-0.346087,0.167851,-0.68533,-2.775085,0.01381,0.84689,-0.04284,0.4,196.705
660,cruise,3672.638869,65.312894,64.389598,89.546657,208.189687,665.540087,25.950386,0.997201,11.478127,4.727897,3277.840385,vibration_bearing_fault,1,3,400,900,3.144055,-0.27757,0.23954,-0.71078,-4.087951,-0.023314,0.851402,-0.015769,0.4,196.7
661,cruise,3450.530285,64.685136,64.291793,88.933194,207.139193,672.203202,26.042421,1.044029,11.225038,6.293381,3184.301238,vibration_bearing_fault,1,3,400,900,0.337277,-0.211878,-0.340326,0.144567,-1.592402,-0.220781,0.856654,0.083559,0.4,196.695
662,cruise,4033.613655,65.306557,65.489422,89.790515,207.414589,673.346494,25.960466,1.054164,11.41929,6.392395,3218.424063,vibration_bearing_fault,1,3,400,900,1.694765,-0.046461,0.003743,-0.808096,-1.519724,0.080165,0.850336,0.069497,0.4,196.69
663,cruise,3582.337773,65.696816,64.320188,90.16101,207.404075,672.027696,26.050256,1.009728,11.564066,5.691448,3116.508082,vibration_bearing_fault,1,3,400,900,-1.697138,0.18783,-0.056834,0.322461,-0.286298,-0.260906,0.85266,-0.056534,0.4,196.685
664,cruise,3648.637254,65.646709,64.454825,90.35865,208.4365,671.138614,25.771492,0.927409,11.483674,6.916192,3241.204919,vibration_bearing_fault,1,3,400,900,-2.118642,-0.132313,-0.470347,0.534841,-3.654807,-0.212606,0.861224,-0.047298,0.4,196.68
665,cruise,3742.185355,66.543989,64.830721,89.33499,207.447253,675.646171,26.028843,1.100694,11.468472,5.391092,3234.070871,vibration_bearing_fault,1,3,400,900,3.58248,0.376417,0.326423,0.891775,-1.645502,0.037605,0.851768,0.020222,0.4,196.675
666,cruise,3916.947426,66.505881,64.540601,89.590795,209.273688,670.662674,25.702284,0.96034,11.445094,4.87986,3280.556992,vibration_bearing_fault,1,3,400,900,0.346871,0.693857,-0.848101,0.188845,0.245228,0.019415,0.84504,0.132412,0.4,196.67
667,cruise,3572.725686,65.183288,64.512215,90.559828,209.327912,674.295533,25.968747,1.081065,11.508398,5.568799,3102.305954,vibration_bearing_fault,1,3,400,900,-3.526397,-0.585458,0.342746,1.282191,0.550025,0.194534,0.837162,0.05838,0.4,196.665
668,cruise,3590.173453,65.679186,64.099731,90.182433,207.017214,671.536128,25.93802,1.031926,11.628828,5.085877,3329.838413,vibration_bearing_fault,1,3,400,900,-3.795137,0.149204,0.372303,0.858677,0.873005,0.004118,0.853774,-0.02599,0.4,196.66
669,cruise,3840.11229,65.43137,64.817996,89.585512,208.623195,668.429454,26.137557,1.091381,11.359894,6.273902,3076.531519,vibration_bearing_fault,1,3,400,900,-3.318299,-0.008129,-0.519309,0.268797,-0.07054,0.121812,0.84979,0.081106,0.4,196.655
670,cruise,3609.247974,66.175643,64.794982,90.10698,208.407182,674.745176,26.070203,1.001808,11.546008,5.675948,3118.549103,vibration_bearing_fault,1,3,400,900,1.249787,0.53045,-0.295777,-1.073213,-0.157773,0.219399,0.845447,0.059077,0.4,196.65
671,cruise,3494.326703,64.731671,65.707404,88.681957,206.731986,671.995591,25.469638,1.0315,11.543153,5.388091,3259.184168,vibration_bearing_fault,1,3,400,900,0.324524,0.320238,-0.023597,-1.457138,2.46495,0.05458,0.848371,-0.150885,0.4,196.645
672,cruise,3509.134586,65.808551,64.753495,90.21473,208.032031,668.65556,25.910557,1.019326,11.399403,5.868721,3152.226104,vibration_bearing_fault,1,3,400,900,0.334943,0.019562,-1.294561,1.120004,1.045031,0.074039,0.853189,-0.009748,0.4,196.64
673,cruise,3432.090146,66.092206,64.701347,89.633919,207.642402,667.697515,26.09098,1.022507,11.549878,5.25716,3260.057967,vibration_bearing_fault,1,3,400,900,-3.858252,-0.033839,0.043815,-0.874848,-2.153679,0.250622,0.842337,-0.001344,0.4,196.635
674,cruise,3653.380201,63.913558,64.682542,89.859512,208.794143,675.814966,26.275667,1.044274,11.611003,5.339593,3095.473681,vibration_bearing_fault,1,3,400,900,2.786241,0.030798,-0.496131,-0.884317,-0.458843,0.034339,0.847027,-0.073654,0.4,196.63
675,cruise,3616.206596,67.2776,64.232622,90.131669,207.930209,675.763328,25.701466,0.997511,11.464309,5.12648,3191.066496,vibration_bearing_fault,1,3,400,900,-2.287071,0.199619,-0.151133,0.218495,-0.727755,0.30446,0.84606,0.038697,0.4,196.625
676,cruise,3782.82843,64.049979,64.890378,89.590012,204.588763,672.499369,26.473455,1.024696,11.383399,5.259406,3147.278017,vibration_bearing_fault,1,3,400,900,1.716118,-0.13573,-0.187905,2.281752,2.821014,-0.043335,0.849957,0.010238,0.4,196.62
677,cruise,3564.235257,65.822802,64.962415,89.814325,207.119476,671.584846,25.824227,1.077,11.438096,7.259127,3185.573645,vibration_bearing_fault,1,3,400,900,-3.056696,0.160052,-0.498287,-0.616956,-1.421236,-0.0778,0.84151,-0.059917,0.4,196.615
678,cruise,3666.660648,67.526908,64.885747,89.064429,207.516068,672.661681,26.175517,1.025327,11.62636,6.289582,3108.561526,vibration_bearing_fault,1,3,400,900,-2.022058,-0.019297,-0.782623,-0.036025,2.296739,-0.088869,0.849242,0.103593,0.4,196.61
679,cruise,3467.454194,65.72813,64.428164,90.337331,207.717724,674.283528,26.124339,0.970619,11.515449,5.521355,3171.745182,vibration_bearing_fault,1,3,400,900,1.070141,0.280344,0.332672,0.621937,-0.04702,-0.034215,0.851364,0.071253,0.4,196.605
680,cruise,3666.264872,64.995859,65.449964,90.010367,207.841362,674.036777,26.437934,1.07283,11.394624,5.326177,3225.6919,vibration_bearing_fault,1,3,400,900,-1.212538,0.346288,-0.358418,-0.350855,-0.635053,0.243831,0.846988,0.043307,0.4,196.6
681,cruise,3697.14378,65.420804,64.756497,90.897373,208.743857,669.764075,25.996052,1.033482,11.360316,5.837287,3273.292356,vibration_bearing_fault,1,3,400,900,2.892173,0.02037,1.365345,1.160281,0.479946,-0.277281,0.843641,0.147467,0.4,196.595
682,cruise,3641.632231,65.708316,65.010824,90.823232,207.845865,672.423128,26.363343,1.035207,11.197812,6.351357,3189.699744,vibration_bearing_fault,1,3,400,900,-0.542721,0.729511,-0.445766,-0.325665,0.260454,0.060695,0.851046,-0.07353,0.4,196.59
683,cruise,3459.554946,66.156553,64.949245,90.889845,207.528392,674.035038,25.889403,1.137055,11.402843,5.831413,3318.035476,vibration_bearing_fault,1,3,400,900,-1.845281,-0.162962,-0.284744,-0.242202,0.315189,0.008214,0.844383,0.05265,0.4,196.585
684,cruise,3617.702974,65.615536,64.539296,90.044187,208.703914,673.211644,26.246777,0.996562,11.466606,6.37186,3155.864933,vibration_bearing_fault,1,3,400,900,4.459452,0.34778,0.109282,-0.217667,-2.204675,0.08594,0.838487,-0.022707,0.4,196.58
685,cruise,3813.535911,64.591848,64.655586,89.655898,206.88378,674.236862,25.689721,1.017744,11.581056,6.243744,3238.071696,vibration_bearing_fault,1,3,400,900,-0.20738,0.62255,-0.086836,-0.974522,0.215494,-0.25466,0.848005,-0.110533,0.4,196.575
686,cruise,3817.979269,63.721911,64.294814,89.214855,207.047138,670.761518,25.777641,1.008575,11.485186,4.899227,3111.635732,vibration_bearing_fault,1,3,400,900,0.035645,-0.559112,0.330981,0.112415,-3.373758,-0.127782,0.845826,0.099069,0.4,196.57
687,cruise,3593.977873,64.630259,65.57487,89.1259,206.479289,673.89024,26.106604,1.05385,11.206024,7.240461,3209.181886,vibration_bearing_fault,1,3,400,900,-1.361424,-0.405929,-0.206929,0.349911,0.05504,0.073869,0.851186,0.129311,0.4,196.565
688,cruise,4196.154415,66.100601,64.381608,89.406219,207.170908,666.921074,26.239723,0.993015,11.556269,6.416935,3212.116076,vibration_bearing_fault,1,3,400,900,-0.468885,-0.122986,-0.477998,-1.895562,1.339787,-0.041281,0.847787,-0.08435,0.4,196.56
689,cruise,3478.772969,64.458514,63.920863,89.743848,208.303071,676.610093,25.715066,1.094032,11.471622,5.474117,3233.28238,vibration_bearing_fault,1,3,400,900,-3.888919,0.444468,0.455684,-3.288103,-0.918315,-0.104749,0.850645,-0.014173,0.4,196.555
690,cruise,3697.394486,65.577432,64.826174,89.328567,208.085937,670.375226,25.980001,1.044451,11.203654,5.04188,3221.446149,vibration_bearing_fault,1,3,400,900,2.354045,0.040486,0.137416,-0.608184,-3.102965,0.147531,0.849257,0.065921,0.4,196.55
691,cruise,3877.239319,66.589851,64.153392,89.470917,205.84015,674.904216,26.024643,1.013599,11.633151,6.148427,2979.461261,vibration_bearing_fault,1,3,400,900,-2.848818,-0.2774,0.261729,-0.087672,1.646376,-0.061472,0.857758,-0.154994,0.4,196.545
692,cruise,3463.87503,63.750632,64.757619,88.686227,207.439796,671.212244,26.028026,1.004469,11.382159,5.444939,3018.649348,vibration_bearing_fault,1,3,400,900,-0.227402,-0.476269,-0.163963,-0.047422,1.732867,-0.113972,0.852233,0.038078,0.4,196.54
693,cruise,3512.637836,65.456866,64.668756,90.32663,207.744367,672.464517,25.857312,1.053806,11.623722,6.021988,3213.988046,vibration_bearing_fault,1,3,400,900,0.676904,0.209825,-0.45743,-0.736382,-0.652112,-0.168878,0.858774,0.054721,0.4,196.535
694,cruise,3671.247063,65.973882,64.537589,90.12836,208.930153,674.314452,26.125292,1.083062,11.676955,4.859883,3104.451724,vibration_bearing_fault,1,3,400,900,0.744002,-0.684157,-0.370566,-1.560254,-0.977401,0.050279,0.85811,0.079928,0.4,196.53
695,cruise,3739.801504,66.243185,65.588838,89.480877,207.313909,670.046852,25.785219,1.02664,11.293884,5.51857,3300.837141,vibration_bearing_fault,1,3,400,900,1.826489,0.317305,-0.087714,-0.557229,0.003535,0.154366,0.84599,0.083506,0.4,196.525
696,cruise,3558.215775,65.76939,64.98177,90.057241,203.670615,676.992468,25.894044,1.027817,11.543666,4.891308,3122.331545,vibration_bearing_fault,1,3,400,900,-0.165428,0.103878,-0.618642,-0.736744,-2.78242,-0.082962,0.847846,-0.121665,0.4,196.52
697,cruise,3822.419492,66.367645,65.782358,90.360382,208.050134,671.062881,26.135885,1.073521,11.578921,6.774073,3156.692274,vibration_bearing_fault,1,3,400,900,1.380766,-0.233328,0.430553,-0.502527,2.374454,-0.009766,0.853615,0.120955,0.4,196.515
698,cruise,3488.034798,67.159655,65.172399,90.22896,207.420773,669.496024,26.192059,1.091195,11.388848,6.980742,3177.146298,vibration_bearing_fault,1,3,400,900,-2.781127,-0.311664,-0.630561,0.285751,1.81665,-0.160624,0.848053,-0.065421,0.4,196.51
699,cruise,3650.894907,66.560772,65.201102,89.682682,206.622361,672.707345,25.589153,1.007373,11.446674,6.310926,3124.034612,vibration_bearing_fault,1,3,400,900,-3.610094,0.639218,0.250681,-0.147028,2.417792,0.119937,0.855273,0.08615,0.4,196.505
700,cruise,3866.821187,65.715008,65.344362,89.402548,208.492247,670.395471,26.240416,1.060309,11.652705,5.166557,3409.289505,vibration_bearing_fault,1,3,400,900,-2.028933,-0.020126,0.339093,0.418817,2.141979,-0.154514,0.855649,-0.039549,0.4,196.5
701,cruise,3728.016802,65.111486,64.488069,90.223329,208.542454,671.001913,25.996182,1.054695,11.45686,5.56643,3250.76751,vibration_bearing_fault,1,3,400,900,4.634571,-0.163184,0.047269,0.328434,-2.004177,-0.140552,0.847984,0.034474,0.4,196.495
702,cruise,3673.628324,65.325884,64.70886,89.985539,205.878047,673.657128,26.046968,1.026227,11.569152,6.209058,3315.596255,vibration_bearing_fault,1,3,400,900,1.357506,-0.012792,0.128268,-0.007222,1.579717,0.143446,0.851828,-0.045601,0.4,196.49
703,cruise,3709.251606,64.67529,64.776367,90.023124,208.178622,672.772109,26.022785,1.042309,11.631393,5.105954,3199.018794,vibration_bearing_fault,1,3,400,900,-0.398468,0.164625,-0.665147,-0.250045,-0.88459,-0.132496,0.852398,0.060992,0.4,196.485
704,cruise,3524.186409,64.583094,65.136144,89.521846,207.239136,668.987959,26.104556,0.934885,11.517697,5.320569,3287.199992,vibration_bearing_fault,1,3,400,900,-5.250657,-0.13571,-0.183733,0.089637,-0.396006,-0.022216,0.837413,0.067801,0.4,196.48
705,cruise,3793.48094,64.686481,64.757048,89.891949,206.169863,669.436063,26.192018,1.021874,11.60919,5.625335,3054.519007,vibration_bearing_fault,1,3,400,900,-3.359456,0.17246,0.991871,-0.699464,2.612401,0.115383,0.852348,-0.028757,0.4,196.475
706,cruise,3659.657153,67.669144,64.772537,89.431161,206.880609,673.418059,26.084577,1.035776,11.378955,6.526604,3118.281794,vibration_bearing_fault,1,3,400,900,-2.540759,0.259493,-0.32148,-0.130932,0.400709,-0.076616,0.855026,0.103043,0.4,196.47
707,cruise,3598.406761,64.644843,63.98882,89.771165,207.548658,670.041177,25.718305,0.992666,11.630965,4.05236,3218.10186,vibration_bearing_fault,1,3,400,900,6.298113,0.242797,0.26828,-0.393805,-0.473197,-0.15841,0.852371,-0.10963,0.4,196.465
708,cruise,3665.623069,66.209556,64.705605,89.785817,206.412772,673.025455,25.950708,1.067918,11.363476,4.971143,3254.51763,vibration_bearing_fault,1,3,400,900,-2.420746,-0.301522,-0.412637,0.571581,-3.091231,0.325226,0.845641,0.160795,0.4,196.46
709,cruise,3892.312587,64.757462,64.487846,90.16379,207.976953,672.699926,26.005971,1.059628,11.429145,6.767585,3198.400022,vibration_bearing_fault,1,3,400,900,-1.663682,-0.354251,0.091454,0.721475,-0.610219,-0.076758,0.844497,-0.013259,0.4,196.455
710,cruise,3839.058249,65.376319,64.786534,90.352656,207.792833,673.345085,26.011353,1.034154,11.500301,6.332382,3234.59873,vibration_bearing_fault,1,3,400,900,-5.944566,-0.380365,-0.276716,-0.051255,2.410458,-0.282363,0.849713,-0.052016,0.4,196.45
711,cruise,3829.308765,65.315211,65.191653,88.513051,205.643675,671.830003,25.985271,1.006978,11.723758,4.777207,3170.290581,vibration_bearing_fault,1,3,400,900,3.796427,0.540939,0.222258,0.142222,-1.106759,0.262044,0.847995,-0.033078,0.4,196.445
712,cruise,3508.369148,64.547092,64.433879,90.503427,207.439395,673.561158,26.216992,1.133521,11.172733,4.948966,3083.596367,vibration_bearing_fault,1,3,400,900,0.776028,0.19533,0.266267,0.154644,-0.024195,0.071417,0.845659,-0.03832,0.4,196.44
713,cruise,3715.792271,63.969296,63.786575,90.101632,208.334041,674.820075,26.082331,1.031209,11.507956,7.077732,3057.487081,vibration_bearing_fault,1,3,400,900,2.99569,-0.333391,-0.320566,0.254843,2.097793,-0.215723,0.853812,0.269674,0.4,196.435
714,cruise,4021.581661,65.180013,64.835231,89.988223,207.420838,673.005384,25.926114,1.032202,11.639225,6.605811,3128.980331,vibration_bearing_fault,1,3,400,900,0.98634,-0.240388,-0.016003,-0.333287,0.220721,-0.290173,0.848965,-0.192473,0.4,196.43
715,cruise,3682.604744,65.887514,64.465752,89.753058,207.270318,669.490575,25.951621,1.054285,11.436241,7.706273,3173.378789,vibration_bearing_fault,1,3,400,900,1.297354,0.64693,1.396332,-0.205708,0.638999,-0.037938,0.853702,0.026185,0.4,196.425
716,cruise,3654.133757,66.998396,64.401338,89.984465,207.12043,672.027193,26.468864,0.960328,11.663924,6.932024,3276.724283,vibration_bearing_fault,1,3,400,900,2.224558,-0.130099,0.648771,0.151773,-2.827724,-0.158024,0.850246,-0.039722,0.4,196.42
717,cruise,3553.152811,64.292643,64.719373,90.419992,208.598537,672.961309,26.091175,1.034475,11.364739,6.790028,3224.674267,vibration_bearing_fault,1,3,400,900,4.607478,0.149364,-0.029935,-0.449078,0.440043,-0.060391,0.854673,-0.050455,0.4,196.415
718,cruise,3341.488584,65.92987,65.872053,89.973292,206.868326,673.084901,26.255397,1.05772,11.714836,5.853511,3283.590688,vibration_bearing_fault,1,3,400,900,-0.316046,0.411874,-0.324037,0.018662,1.469783,-0.117905,0.853817,0.071278,0.4,196.41
719,cruise,3613.448242,64.088319,64.593291,89.36932,207.916806,671.365873,25.937954,1.052967,11.153761,5.896637,3239.653921,vibration_bearing_fault,1,3,400,900,3.773825,0.231487,0.413775,-0.775153,1.339422,-0.006724,0.849075,0.101555,0.4,196.405
720,descent,3168.293655,46.00346,65.109251,90.996988,197.825169,624.959301,22.753661,1.069398,8.574825,5.369974,3142.248558,vibration_bearing_fault,1,3,400,900,-3.431397,0.074917,0.480259,-0.927476,0.458272,0.064731,0.853033,0.004577,0.4,196.4
721,descent,3577.803678,46.196361,64.251778,89.982108,197.028593,620.179404,23.094039,1.025785,8.565205,5.260406,3313.526981,vibration_bearing_fault,1,3,400,900,-3.094459,0.004249,-0.272174,0.631265,-0.101095,0.051631,0.845971,-0.063589,0.4,196.395
722,descent,3475.496838,44.832507,64.162253,89.15825,196.896403,626.398058,22.913787,1.069241,8.584753,3.997269,3035.908115,vibration_bearing_fault,1,3,400,900,0.803671,0.364023,-0.203099,-0.336686,-1.694387,0.091168,0.845963,0.064379,0.4,196.39
723,descent,3600.767417,45.685988,65.15535,89.969962,196.997928,618.013489,22.843427,1.120501,8.172136,6.976102,3134.655848,vibration_bearing_fault,1,3,400,900,3.609521,0.375739,-0.271774,0.644109,2.246845,0.049948,0.850028,0.011128,0.4,196.385
724,descent,3288.756335,45.055011,64.172036,90.143711,197.323643,621.151657,23.311339,1.113923,8.593593,5.159476,3177.943963,vibration_bearing_fault,1,3,400,900,-3.003559,-0.124782,-0.259619,0.079553,-1.124765,-0.243915,0.843778,0.074949,0.4,196.38
725,descent,3293.482679,43.289682,64.861891,90.903755,199.421236,622.865869,23.034501,1.009406,8.462081,5.84187,3216.902137,vibration_bearing_fault,1,3,400,900,-3.071817,0.145347,0.560483,1.610562,0.317257,0.127901,0.852759,0.039774,0.4,196.375
726,descent,3421.370304,46.567951,64.275372,90.012355,198.073825,626.415063,23.038963,1.033823,8.232942,5.649092,3129.594398,vibration_bearing_fault,1,3,400,900,-3.209929,-0.097741,0.158704,0.646219,-3.20439,-0.155155,0.8512,0.08334,0.4,196.37
727,descent,3355.568028,45.912233,65.113108,89.339711,196.644332,617.827494,23.08162,0.960189,8.285576,6.595321,3144.673874,vibration_bearing_fault,1,3,400,900,-2.609853,-0.01394,-0.937354,-0.594739,-1.651611,0.105138,0.851845,0.015332,0.4,196.365
728,descent,3343.283537,44.094182,64.834884,90.187898,195.239366,620.77636,23.14097,1.040949,8.583879,5.379936,3213.234882,vibration_bearing_fault,1,3,400,900,1.338936,-0.15871,-0.55917,-0.799819,1.182574,0.201845,0.84861,0.058559,0.4,196.36
729,descent,3514.471614,46.769046,64.203408,89.347408,196.745744,628.027802,23.339312,1.029588,8.510091,8.559673,3192.846618,vibration_bearing_fault,1,3,400,900,-3.641058,0.717999,0.298908,0.603638,0.39077,0.061833,0.855265,0.089351,0.4,196.355
730,descent,3149.680996,45.626581,64.825453,90.256361,198.983134,619.686792,22.789777,1.131233,8.57424,6.675239,3063.221776,vibration_bearing_fault,1,3,400,900,0.678764,0.199376,-0.000643,0.520533,1.528635,0.03103,0.848409,-0.024932,0.4,196.35
731,descent,3251.361462,45.697933,65.67075,89.651071,198.973921,626.213384,22.983499,1.105468,8.475729,5.720961,3117.047748,vibration_bearing_fault,1,3,400,900,-0.690328,0.345613,0.113876,0.480199,1.13906,0.108972,0.851464,0.096729,0.4,196.345
732,descent,3644.717794,45.549445,64.636587,90.24904,196.174835,621.931293,23.126084,0.991055,8.313394,6.588885,3252.886881,vibration_bearing_fault,1,3,400,900,-0.36229,-0.203093,0.539981,0.318966,-1.932162,-0.129151,0.849118,-0.011985,0.4,196.34
733,descent,3072.109845,46.303147,63.676848,90.635938,198.441049,624.512554,23.084621,1.121451,8.599643,5.288821,3145.799202,vibration_bearing_fault,1,3,400,900,-1.174152,0.138275,-1.221336,0.619064,-0.890538,-0.00964,0.851717,-0.020973,0.4,196.335
734,descent,3565.854027,45.722953,63.743398,89.844112,196.620069,618.520793,22.82484,1.073293,8.616387,4.944519,3254.138134,vibration_bearing_fault,1,3,400,900,2.30095,0.733399,0.819979,-0.039321,2.0921,-0.409598,0.849682,-0.052863,0.4,196.33
735,descent,3464.590695,44.527881,64.705707,89.841261,197.292182,626.343176,22.876153,0.999208,8.520008,6.684089,3226.418391,vibration_bearing_fault,1,3,400,900,-0.111343,0.264377,-0.010628,1.367891,-1.866517,-0.166,0.857122,-0.134914,0.4,196.325
736,descent,3266.061811,46.922254,64.626797,89.789615,198.309155,622.769002,23.098933,0.990334,8.617068,5.53105,3156.972434,vibration_bearing_fault,1,3,400,900,-4.622379,-0.240961,0.615532,0.063537,-1.297427,0.21179,0.846755,0.124175,0.4,196.32
737,descent,3569.543942,45.109178,64.935408,90.215558,197.958883,620.564429,22.993937,1.031106,8.49477,5.10234,3026.56425,vibration_bearing_fault,1,3,400,900,1.223317,-0.097883,-0.068041,-0.531021,-0.113867,0.006575,0.851203,-0.073583,0.4,196.315
738,descent,3318.801963,44.463034,64.486181,89.750805,197.067286,623.108122,22.925352,0.993001,8.137826,5.907919,3234.682554,vibration_bearing_fault,1,3,400,900,5.665938,-0.185924,0.147539,-0.990152,-0.481959,0.02111,0.843621,0.10932,0.4,196.31
739,descent,3381.911644,45.229853,65.85552,90.540229,195.660274,618.178223,23.039814,1.148287,8.656438,7.50488,3210.509891,vibration_bearing_fault,1,3,400,900,0.920474,-0.331879,-0.134886,-0.46295,-0.749542,-0.237086,0.840083,-0.207901,0.4,196.305
740,descent,3296.286649,47.761105,65.234073,89.183353,197.824226,616.143261,23.237156,1.108766,8.508199,6.534979,3115.459799,vibration_bearing_fault,1,3,400,900,4.137428,-0.749764,-0.584334,-0.095267,-0.780067,0.259469,0.855585,-0.074992,0.4,196.3
741,descent,3776.776281,46.045148,64.899655,90.32283,198.067436,623.535846,23.17452,0.936019,8.587132,5.384454,3102.084558,vibration_bearing_fault,1,3,400,900,-3.622388,0.935783,0.733973,-0.479882,0.82141,-0.15496,0.850271,-0.117344,0.4,196.295
742,descent,3419.30828,46.143531,64.581743,90.365037,198.085449,619.281355,22.899336,1.038285,8.186184,5.625805,3136.732148,vibration_bearing_fault,1,3,400,900,-0.361178,-0.141832,-0.524991,-2.096446,-2.876416,-0.141589,0.847651,-0.003675,0.4,196.29
743,descent,3361.097836,44.662916,65.832243,90.449551,195.820639,620.09216,22.778161,1.029981,8.177893,4.711647,3075.007539,vibration_bearing_fault,1,3,400,900,-2.03562,-0.492529,0.576233,-0.739586,-1.939378,-0.263142,0.842784,0.007054,0.4,196.285
744,descent,3321.293495,45.232332,64.74568,89.38995,195.51783,622.510848,23.049559,1.125404,8.565021,5.886979,3349.070057,vibration_bearing_fault,1,3,400,900,4.010898,-0.25387,0.42318,0.113617,0.713383,-0.015771,0.856166,-0.030456,0.4,196.28
745,descent,3062.291707,47.332914,64.768051,89.76293,197.895008,622.326363,23.241152,1.026921,8.64055,6.401013,3096.279968,vibration_bearing_fault,1,3,400,900,1.504573,0.223415,-0.117358,-0.735115,-0.867884,-0.02585,0.853185,-0.087047,0.4,196.275
746,descent,3278.052151,43.84823,64.362119,89.800088,197.157125,623.410607,22.879524,1.017992,8.723791,5.614098,3151.826963,vibration_bearing_fault,1,3,400,900,-0.400056,0.394913,0.580229,0.243452,1.092457,0.060636,0.854333,0.19383,0.4,196.27
747,descent,3517.25932,45.071585,65.029528,89.969125,196.988953,624.063179,23.03128,0.940201,8.362596,5.314832,3125.382067,vibration_bearing_fault,1,3,400,900,1.062587,0.365897,-0.058785,-1.077311,0.632404,0.180558,0.852825,-0.025038,0.4,196.265
748,descent,3203.658312,44.91291,64.862492,89.877362,199.447147,625.045763,23.093228,1.040047,8.50387,6.047051,3400.123441,vibration_bearing_fault,1,3,400,900,-1.631763,-0.235044,-0.308651,0.096149,0.137535,-0.182308,0.856828,0.124538,0.4,196.26
749,descent,3413.482182,43.974578,63.992895,89.902753,197.681876,625.232561,23.131725,1.103583,8.555897,3.610831,3218.7377,vibration_bearing_fault,1,3,400,900,-1.742357,-0.140947,-0.080159,0.517276,-1.634839,-0.201003,0.851524,0.113552,0.4,196.255
750,descent,3518.622155,46.067067,64.7716,90.02417,198.802147,617.433595,22.851591,1.052202,8.642164,4.156798,3157.075195,vibration_bearing_fault,1,3,400,900,0.255779,0.248043,-0.572199,0.222448,0.515681,-0.113369,0.846007,-0.085953,0.4,196.25
751,descent,3308.371816,43.163181,64.36318,89.229717,197.240616,621.423605,22.9742,0.941892,8.705245,6.148266,3206.13505,vibration_bearing_fault,1,3,400,900,-1.045715,-0.551287,0.177468,-1.12811,-1.172549,-0.303188,0.850262,0.067461,0.4,196.245
752,descent,3280.523556,46.064334,64.99262,90.290692,196.678248,617.927595,23.028686,0.973214,8.384189,4.584987,3257.180146,vibration_bearing_fault,1,3,400,900,-1.75448,-0.051926,0.451872,-2.057359,2.19358,0.006688,0.849999,0.104999,0.4,196.24
753,descent,3509.264579,44.173222,64.590647,90.575953,197.548715,616.868652,23.186478,1.057983,8.576984,4.00333,3198.555973,vibration_bearing_fault,1,3,400,900,1.182681,0.042829,0.320768,-1.441195,-0.562629,0.318288,0.845788,0.094015,0.4,196.235
754,descent,3528.011041,45.885784,65.560233,90.233605,200.401048,614.798878,22.855405,0.996737,8.54593,5.184816,3238.012179,vibration_bearing_fault,1,3,400,900,-3.71566,0.491305,-0.344977,0.79859,-0.058127,0.061506,0.853739,-0.077123,0.4,196.23
755,descent,3498.005899,45.505365,64.466992,89.807246,198.674982,621.980309,23.211509,1.027701,8.61907,6.390884,3243.940429,vibration_bearing_fault,1,3,400,900,-0.630075,-0.693826,-0.15326,0.377135,0.384997,-0.194271,0.851905,0.080663,0.4,196.225
756,descent,3204.100915,45.438812,64.870277,91.488661,198.285119,619.780725,23.165,1.015753,8.270629,5.109993,3125.800888,vibration_bearing_fault,1,3,400,900,1.043211,0.868391,-0.265146,0.607684,-0.88382,0.140496,0.849028,-0.084969,0.4,196.22
757,descent,3316.639258,44.837325,64.538199,89.430781,197.466457,616.856955,23.048478,0.994333,8.642573,5.535195,3207.395469,vibration_bearing_fault,1,3,400,900,1.031766,0.297285,-1.126789,-1.125143,0.035724,0.151249,0.846387,0.082864,0.4,196.215
758,descent,3121.57851,46.08725,65.635977,90.130302,197.552003,618.017008,22.899278,1.068645,8.507265,7.221264,3205.252202,vibration_bearing_fault,1,3,400,900,5.724994,-0.237901,-0.074762,0.390962,1.785145,0.136832,0.849711,0.121969,0.4,196.21
759,descent,3472.45987,45.368102,64.989156,90.678478,197.995265,624.964557,22.991375,1.030737,8.236604,6.519423,3256.042644,vibration_bearing_fault,1,3,400,900,-2.877113,0.578684,0.442405,0.480511,-1.046451,0.051209,0.858554,0.057989,0.4,196.205
760,descent,3426.807985,45.081943,65.459567,90.837107,197.176388,620.107337,22.74008,1.070142,8.471783,6.064415,3229.255625,vibration_bearing_fault,1,3,400,900,3.534506,-0.258963,-0.490559,0.32766,0.105046,-0.104438,0.849372,-0.070441,0.4,196.2
761,descent,3662.855599,44.302181,64.930255,88.916987,198.740504,623.900913,22.949852,1.046999,8.451683,7.491168,3084.065533,vibration_bearing_fault,1,3,400,900,0.395248,-0.572294,0.384458,-0.36051,-2.129257,-0.002878,0.84978,-0.04871,0.4,196.195
762,descent,3368.330522,45.619066,64.512897,88.984471,197.087967,619.009738,23.050848,0.932838,8.282464,4.722191,3147.221795,vibration_bearing_fault,1,3,400,900,-1.402458,-0.159943,-0.160539,0.075067,-4.188608,0.155286,0.852047,0.001998,0.4,196.19
763,descent,3323.923585,44.85144,65.004497,89.646801,195.750282,620.659377,23.238158,1.074527,8.556184,4.416306,3180.909282,vibration_bearing_fault,1,3,400,900,1.666881,0.27674,-0.450051,0.470571,-2.083106,-0.252484,0.850873,0.117155,0.4,196.185
764,descent,3363.654546,46.652913,64.025441,89.627268,197.554403,623.917555,23.068202,1.026741,8.383901,4.347761,3067.318399,vibration_bearing_fault,1,3,400,900,3.290276,0.05914,-0.887701,-0.858082,2.033313,0.265025,0.846536,0.044518,0.4,196.18
765,descent,3266.665755,47.971471,64.714825,89.79324,199.252156,623.027389,23.151293,1.038803,8.709343,5.804972,3221.617151,vibration_bearing_fault,1,3,400,900,0.299194,-0.560646,0.32442,-0.81587,2.350378,0.092136,0.847089,0.029363,0.4,196.175
766,descent,3680.411247,45.150618,63.923597,90.637591,197.532784,623.495788,23.366374,1.068712,8.454647,5.469699,3100.072458,vibration_bearing_fault,1,3,400,900,-0.639896,-0.034248,-0.021845,0.643386,-0.46438,-0.123048,0.851643,-0.056814,0.4,196.17
767,descent,3228.536625,45.314956,64.018033,89.06442,200.011751,627.24168,23.076387,0.965416,8.497501,4.151842,3122.29253,vibration_bearing_fault,1,3,400,900,-4.162239,0.164245,-0.134811,-2.031009,2.464551,0.043458,0.848933,-0.0481,0.4,196.165
768,descent,3361.107783,45.469364,65.072135,90.216833,197.52587,621.382152,22.93634,0.969724,8.358181,4.6959,3041.462025,vibration_bearing_fault,1,3,400,900,-4.992459,0.000954,0.796693,-0.688335,1.826154,-0.067982,0.856762,-0.045399,0.4,196.16
769,descent,3285.336185,46.596307,64.258112,89.96891,199.561523,620.119766,22.965,1.04581,8.463209,5.622071,3304.522124,vibration_bearing_fault,1,3,400,900,0.616261,-0.642192,-0.559921,-1.239565,1.401301,-0.045949,0.839454,-0.004594,0.4,196.155
770,descent,2998.256621,45.785454,64.255865,88.907633,197.409443,620.167535,23.184061,1.089661,8.521623,6.435621,3144.377443,vibration_bearing_fault,1,3,400,900,2.18177,0.897413,-0.747156,1.124804,1.067563,0.09404,0.84891,-0.108288,0.4,196.15
771,descent,3431.523863,46.108342,63.723737,90.006478,196.739319,621.381219,23.122997,0.976036,8.554467,5.902958,3050.559635,vibration_bearing_fault,1,3,400,900,1.446784,0.551433,-0.162272,0.51346,-0.523965,-0.118572,0.840594,0.044518,0.4,196.145
772,descent,3475.114859,43.755116,64.765055,90.27387,196.463414,622.414918,23.050805,0.957537,8.125751,5.955679,3155.83011,vibration_bearing_fault,1,3,400,900,0.281232,-0.228004,-0.890184,-0.472435,-0.008331,-0.205253,0.842629,-0.080804,0.4,196.14
773,descent,3282.767762,45.975723,64.626164,91.131223,196.841103,623.273376,23.173754,1.074271,8.320241,5.243512,3098.972176,vibration_bearing_fault,1,3,400,900,3.095032,0.647507,0.107437,0.874406,0.237436,-0.090689,0.849255,-0.104863,0.4,196.135
774,descent,3970.823364,46.935937,64.20968,89.393263,198.845745,623.711379,23.114299,1.046774,8.524094,4.567089,3193.045202,vibration_bearing_fault,1,3,400,900,-1.142239,0.087331,0.455986,0.561607,-0.175833,-0.227821,0.851622,0.081592,0.4,196.13
775,descent,3229.568134,45.667004,64.747346,90.667922,197.975178,621.69819,22.748634,1.001051,8.455259,4.809192,3156.797145,vibration_bearing_fault,1,3,400,900,0.68695,0.025037,0.724913,1.057279,1.433614,-0.244019,0.845085,0.045409,0.4,196.125
776,descent,3403.832204,45.645282,65.176644,90.422917,197.491315,625.208082,23.047436,1.041011,8.396906,5.635922,3165.804615,vibration_bearing_fault,1,3,400,900,3.379195,0.085416,0.285761,0.409397,-0.442526,0.009504,0.846962,0.010002,0.4,196.12
777,descent,3314.201082,44.66373,65.133196,89.253266,198.149948,627.065443,23.352581,1.030898,8.328215,6.156887,3094.233168,vibration_bearing_fault,1,3,400,900,6.239041,-0.490497,0.663392,-0.055172,-0.701538,0.139237,0.850977,-0.117966,0.4,196.115
778,descent,3345.361161,44.666264,64.954957,90.417838,198.068401,624.39982,23.078172,1.085031,8.975292,6.965083,3071.438706,vibration_bearing_fault,1,3,400,900,-3.134444,-0.11103,-0.731448,0.215449,0.859687,-0.093275,0.851546,-0.12387,0.4,196.11
779,descent,3252.505297,45.968823,65.194149,89.804744,196.058288,623.526665,23.193316,1.045667,8.486264,7.01078,3135.431784,vibration_bearing_fault,1,3,400,900,-2.939591,-0.669877,-0.203376,0.831559,-1.887148,0.043055,0.845109,0.050599,0.4,196.105
780,descent,3387.287441,45.841576,64.413531,90.663337,196.070743,622.215924,22.527675,0.997197,8.592739,5.002063,3155.504292,vibration_bearing_fault,1,3,400,900,2.984735,-0.047878,0.123284,-0.33484,-0.661728,-0.1743,0.842804,-0.152539,0.4,196.1
781,descent,3244.340183,47.226534,65.005808,90.118687,197.710688,621.060325,22.939353,1.057715,8.474883,6.928723,3224.567436,vibration_bearing_fault,1,3,400,900,-2.763149,0.176639,0.920312,-0.924487,3.380408,-0.05183,0.849457,-0.062588,0.4,196.095
782,descent,3554.615612,45.347626,65.49293,90.224845,197.099407,623.373616,22.792807,1.08021,8.100962,5.73411,3253.375422,vibration_bearing_fault,1,3,400,900,1.604458,-0.388187,0.353759,-0.349993,0.843296,-0.093791,0.852646,-0.072553,0.4,196.09
783,descent,3716.441534,47.369178,64.737391,90.267781,198.782442,627.209312,23.06408,1.013713,8.454089,5.950822,3218.898892,vibration_bearing_fault,1,3,400,900,2.370783,-0.048584,0.331595,-0.436084,0.305144,-0.164487,0.850033,-0.037451,0.4,196.085
784,descent,3583.781572,44.729643,65.158578,90.84186,198.075636,622.912311,22.761698,1.031934,8.381945,5.02875,3270.342424,vibration_bearing_fault,1,3,400,900,-5.412809,-0.273946,-0.402643,-0.665553,0.509046,-0.381098,0.850274,0.058503,0.4,196.08
785,descent,3623.080757,44.662793,64.753063,90.515509,198.70432,618.899788,23.192421,0.999165,8.290462,5.959779,3190.484123,vibration_bearing_fault,1,3,400,900,-6.099688,0.309739,-0.08621,-0.239571,-0.903806,0.101893,0.845322,0.054776,0.4,196.075
786,descent,3213.062807,47.045945,64.889803,90.458306,197.921641,624.871443,23.26392,0.966699,8.648215,4.94938,3264.257182,vibration_bearing_fault,1,3,400,900,1.809073,-0.263816,-0.356888,-0.922952,-0.324072,-0.205605,0.850978,-0.060167,0.4,196.07
787,descent,3339.777479,46.178361,65.306829,89.204493,197.460946,625.251988,23.360497,1.054328,8.382515,5.416269,3239.854734,vibration_bearing_fault,1,3,400,900,-2.513996,-0.399299,0.703709,0.471574,0.974395,0.147159,0.857938,-0.106973,0.4,196.065
788,descent,3181.399353,45.062147,65.019363,89.908721,197.811599,625.041655,22.794781,1.061046,8.34704,5.709932,3084.09554,vibration_bearing_fault,1,3,400,900,-3.850361,-0.506588,-0.6956,-1.400518,2.05585,-0.082976,0.843768,-0.013503,0.4,196.06
789,descent,3533.928162,44.61952,64.67545,89.433067,195.491072,620.76731,23.10058,1.038823,8.395032,6.122606,3178.330499,vibration_bearing_fault,1,3,400,900,-3.087911,-0.111928,-0.357521,-0.925567,2.125046,-0.194023,0.84968,-0.002734,0.4,196.055
790,descent,3330.014007,45.406372,64.505281,89.397206,196.057527,621.362015,23.375502,1.112534,8.577741,4.139804,3293.046494,vibration_bearing_fault,1,3,400,900,-6.494455,-0.83516,0.222315,0.307056,2.412484,-0.063035,0.848646,0.136344,0.4,196.05
791,descent,3666.407905,46.479579,64.793714,90.44348,198.730426,622.202936,23.295045,1.031259,8.535843,5.219803,3175.305043,vibration_bearing_fault,1,3,400,900,8.862247,-0.303055,0.047983,0.696867,0.628468,0.046586,0.848884,0.128883,0.4,196.045
792,descent,3214.629386,45.800713,64.312975,90.723197,196.863432,623.489818,23.143796,1.037727,8.558584,5.403599,3172.973976,vibration_bearing_fault,1,3,400,900,-2.558342,0.189667,0.006242,-0.565471,-3.243434,-0.264278,0.842499,0.023635,0.4,196.04
793,descent,3242.776863,45.99992,63.870552,89.602111,197.201181,624.358111,22.894125,1.102115,8.614556,5.716546,3099.386338,vibration_bearing_fault,1,3,400,900,3.151937,-0.537897,0.984567,-0.313626,-0.539273,0.121799,0.843974,-0.118829,0.4,196.035
794,descent,3437.68985,43.81644,65.213413,89.533086,197.377068,616.514249,23.025282,0.992746,8.383255,7.43487,3189.91451,vibration_bearing_fault,1,3,400,900,4.118619,-0.157117,-0.18587,-0.055698,1.701775,0.050704,0.851393,-0.132163,0.4,196.03
795,descent,3059.196101,44.413827,64.935796,90.272946,197.794851,617.696894,22.989099,1.116997,8.373207,6.358415,3182.763879,vibration_bearing_fault,1,3,400,900,1.549533,-0.292937,-0.131088,-0.91344,-0.555519,-0.168039,0.851574,-0.001213,0.4,196.025
796,descent,3392.328033,46.850055,65.406374,89.535404,198.451777,623.392743,22.936042,1.014836,8.234004,6.161126,3167.394608,vibration_bearing_fault,1,3,400,900,-0.75476,-0.293313,0.055131,0.308485,0.557966,0.15173,0.851171,-0.065451,0.4,196.02
797,descent,3381.204248,46.317962,64.887282,88.985133,195.716427,620.178868,22.990803,0.959511,8.490918,5.882289,3139.295124,vibration_bearing_fault,1,3,400,900,5.460052,-0.321997,-0.110073,-1.070309,-2.908658,-0.160284,0.84668,-0.052355,0.4,196.015
798,descent,3533.888236,44.898396,64.84235,89.804627,197.932949,618.628288,23.011295,0.994575,8.557276,4.934685,3178.849886,vibration_bearing_fault,1,3,400,900,3.980335,-0.148865,0.745188,0.408407,-0.697812,-0.057012,0.854427,-0.124337,0.4,196.01
799,descent,3557.906452,46.165853,64.882884,89.469797,197.569073,618.683668,23.308162,1.059329,8.464678,7.080103,3331.759985,vibration_bearing_fault,1,3,400,900,1.435626,-0.151515,-0.546937,0.327583,-0.888536,0.109809,0.853108,0.08852,0.4,196.005
800,descent,3596.009221,45.243604,64.284266,89.478503,198.40706,622.313174,23.247779,0.971865,8.310322,5.921807,3194.642441,vibration_bearing_fault,1,3,400,900,-2.346398,0.23204,-0.078365,-0.219769,-0.941474,0.118533,0.847322,-0.084,0.4,196.0
801,descent,3628.181231,44.531443,65.86627,90.177062,199.225938,620.15694,23.211414,1.080815,8.410795,4.505038,3186.230906,vibration_bearing_fault,1,3,400,900,-0.511695,-0.29511,-0.250072,0.019197,1.799073,0.044669,0.846513,-0.029122,0.4,195.995
802,descent,3321.983704,43.843289,64.155925,88.582304,194.559638,617.000721,23.254426,1.093572,8.373666,6.268029,3101.22221,vibration_bearing_fault,1,3,400,900,-0.813241,0.303634,-0.818799,0.25191,1.028486,-0.01589,0.84251,0.182446,0.4,195.99
803,descent,3637.412613,42.926621,64.945831,89.851757,195.751551,622.26473,23.023943,0.977625,8.681334,5.073061,3183.342878,vibration_bearing_fault,1,3,400,900,1.021758,0.296785,0.791684,0.991387,1.213217,0.172049,0.853114,-0.093048,0.4,195.985
804,descent,3215.381797,43.994354,64.387861,89.422324,196.252505,621.033061,23.002501,1.012456,8.305431,5.272007,3228.615462,vibration_bearing_fault,1,3,400,900,3.804726,0.265057,0.528536,0.008993,0.823649,-0.068877,0.842317,-0.038744,0.4,195.98
805,descent,3767.87437,44.246224,64.434683,89.207146,197.853066,623.115761,23.077272,0.959506,8.540349,5.416086,3345.705328,vibration_bearing_fault,1,3,400,900,-0.232912,0.450763,-0.105123,-0.923864,-3.740636,-0.024633,0.847259,0.023178,0.4,195.975
806,descent,3515.915958,45.002965,64.719913,89.79515,196.333066,621.960413,23.315393,1.084402,8.392774,5.864137,3288.930529,vibration_bearing_fault,1,3,400,900,1.883622,0.226695,-0.210291,0.631515,-0.467858,-0.096587,0.842921,0.051607,0.4,195.97
807,descent,3783.651013,47.749464,65.329503,90.921665,199.095556,622.705475,22.853903,0.94265,8.632814,6.270093,3235.915375,vibration_bearing_fault,1,3,400,900,2.102382,-0.026524,-0.261231,0.631025,-0.807953,0.171887,0.846563,-0.032708,0.4,195.965
808,descent,3675.713195,46.870742,64.880067,89.977693,197.826844,621.1393,22.793572,1.04602,8.483623,7.432803,3074.473296,vibration_bearing_fault,1,3,400,900,0.8583,0.338768,0.565896,0.251226,-1.950673,0.006573,0.848261,-0.00171,0.4,195.96
809,descent,3355.278206,46.369524,64.998999,89.894856,197.050464,621.987182,23.022834,1.045909,8.757745,6.961295,3063.126642,vibration_bearing_fault,1,3,400,900,-1.148091,0.112655,0.671201,-0.265125,0.502755,0.080021,0.846473,-0.004645,0.4,195.955
810,landing,3384.73163,41.233921,64.756453,90.654165,194.297624,608.070853,21.761002,1.048331,8.602684,5.456476,3321.639256,vibration_bearing_fault,1,3,400,900,-1.55257,0.419508,0.532468,-1.05169,-0.189837,0.087262,0.848746,-0.084555,0.4,195.95
811,landing,3530.749443,39.391237,64.903991,89.75656,192.57946,612.521375,22.208221,1.004529,8.520112,6.871184,3148.278724,vibration_bearing_fault,1,3,400,900,0.436297,0.764628,-0.478772,0.025047,2.206213,0.031746,0.850847,-0.003001,0.4,195.945
812,landing,3488.597372,40.841166,64.360857,89.806701,191.538087,609.975738,22.09476,0.975558,8.573234,6.609991,3268.495387,vibration_bearing_fault,1,3,400,900,-5.993002,0.170587,-0.083171,-1.193201,-2.278948,0.122051,0.842848,-0.149515,0.4,195.94
813,landing,3603.464433,41.515446,64.911006,90.07378,192.7449,619.184682,22.290303,1.002694,8.4448,6.45393,3136.700419,vibration_bearing_fault,1,3,400,900,-2.038559,-0.869238,0.161412,-0.222385,-0.439825,-0.14515,0.854272,-0.115659,0.4,195.935
814,landing,3429.268547,40.86899,65.024889,90.171682,191.938763,615.977005,22.175069,1.029991,8.376048,4.599658,3145.691823,vibration_bearing_fault,1,3,400,900,-1.283566,-0.080948,-0.177211,-0.405958,0.615612,-0.093908,0.84878,-0.014212,0.4,195.93
815,landing,3356.57739,40.398609,64.192237,90.322737,193.089214,610.681924,22.11946,1.015493,8.436842,4.417932,3338.508146,vibration_bearing_fault,1,3,400,900,-0.811198,-0.267915,-0.255028,-1.434908,2.913622,0.263334,0.840914,-0.037651,0.4,195.925
816,landing,3569.928112,40.459197,64.729736,88.81565,193.478002,607.812038,22.115746,1.034645,8.679671,3.573888,3235.182558,vibration_bearing_fault,1,3,400,900,-4.360397,0.565251,0.06691,-0.449142,-0.44869,-0.196232,0.848753,-0.131202,0.4,195.92
817,landing,3308.083254,40.508276,64.049608,89.260445,194.286575,607.455065,22.013458,1.016773,8.45239,7.026855,3225.142947,vibration_bearing_fault,1,3,400,900,0.262394,0.555371,-0.322992,-0.436539,0.240246,0.164746,0.848193,0.066634,0.4,195.915
818,landing,3282.016311,42.755376,64.109078,89.932108,193.580854,611.381958,21.863868,1.074652,8.764221,7.857684,3082.872291,vibration_bearing_fault,1,3,400,900,0.594539,0.508148,0.747077,0.591845,-0.300473,0.02179,0.847788,0.015607,0.4,195.91
819,landing,3201.803189,41.481549,65.274489,90.670948,191.819217,611.647259,22.125906,1.083167,8.789322,5.344012,3237.193983,vibration_bearing_fault,1,3,400,900,3.736261,0.105939,-0.742453,1.137487,0.253198,-0.118655,0.842458,-0.1104,0.4,195.905
820,landing,3673.897028,40.522141,64.348401,88.705912,192.682102,610.631566,22.140169,1.061785,8.477115,4.386699,3174.239331,vibration_bearing_fault,1,3,400,900,1.795134,-0.750816,-0.567777,0.230056,-1.392726,0.193554,0.852816,-0.016338,0.4,195.9
821,landing,3359.008547,40.271821,65.663928,89.041549,193.230461,610.442297,21.697666,1.072894,8.496852,6.141282,3185.909693,vibration_bearing_fault,1,3,400,900,1.779187,-0.074847,0.039095,0.419994,2.263242,-0.067409,0.844149,-0.041191,0.4,195.895
822,landing,3595.658058,39.255588,64.690097,90.239601,191.913412,610.649439,21.715491,0.99993,8.299332,5.696782,3095.829061,vibration_bearing_fault,1,3,400,900,-2.779621,-0.008302,-0.545273,0.30596,-0.44131,0.142671,0.850073,-0.002776,0.4,195.89
823,landing,3616.217697,39.7398,64.531725,91.252295,193.235815,612.401022,22.055256,0.99745,8.43191,4.355339,3069.978381,vibration_bearing_fault,1,3,400,900,0.136236,-0.256829,-0.391924,0.773716,-0.942402,-0.266369,0.857827,-0.007809,0.4,195.885
824,landing,3365.890927,38.589369,64.638625,90.790756,192.357891,612.002947,22.160891,1.10693,8.200986,3.156752,3130.862711,vibration_bearing_fault,1,3,400,900,6.10976,0.05226,-0.427832,-1.126187,0.003695,-0.000784,0.856251,0.116852,0.4,195.88
825,landing,3178.514947,39.161271,64.273735,89.648627,192.728112,613.830713,21.889268,1.000495,8.618547,4.614523,3104.386326,vibration_bearing_fault,1,3,400,900,1.883428,-0.381818,-0.230622,0.353633,0.40115,0.000172,0.859823,-0.077092,0.4,195.875
826,landing,3417.807475,39.563167,63.795994,89.079238,191.709184,608.224965,21.66536,1.101501,8.454852,6.138481,3147.210534,vibration_bearing_fault,1,3,400,900,-3.402617,-0.104419,1.086439,0.200837,0.875365,0.226149,0.851979,0.264967,0.4,195.87
827,landing,3445.408898,40.228048,64.789226,89.777105,192.698173,606.87997,21.975912,0.995445,8.446862,5.299142,3072.149403,vibration_bearing_fault,1,3,400,900,-0.789374,0.084238,-0.403896,0.211386,-0.959979,-0.116178,0.854989,0.040764,0.4,195.865
828,landing,3417.030691,40.837515,65.056259,90.28081,192.483175,609.381196,22.201735,1.002393,8.403532,6.423405,3188.051662,vibration_bearing_fault,1,3,400,900,1.706204,0.201804,-0.055741,-0.55464,2.309374,-0.100318,0.857033,-0.019827,0.4,195.86
829,landing,3309.294454,41.926512,64.060906,89.648768,194.22838,609.521258,22.162268,1.069961,8.505051,5.605784,3235.695895,vibration_bearing_fault,1,3,400,900,3.097353,0.670414,-0.219638,1.82522,0.049496,0.021053,0.853258,-0.000983,0.4,195.855
830,landing,3450.582003,40.489077,64.931118,89.361349,192.995406,609.783126,21.97694,1.083995,8.393019,6.421489,3110.692223,vibration_bearing_fault,1,3,400,900,1.251303,-0.693491,0.564894,-1.188632,-1.641617,0.138514,0.851973,-0.120923,0.4,195.85
831,landing,3294.00531,40.154829,64.607605,89.811135,192.763825,604.556114,22.4643,1.053553,8.418235,5.811744,3125.130281,vibration_bearing_fault,1,3,400,900,4.71496,-0.102022,0.069816,-1.045823,0.254876,0.019288,0.84647,0.042444,0.4,195.845
832,landing,3427.458313,41.258614,65.041997,90.832603,191.603269,612.643045,22.115792,1.069185,8.577567,5.480778,3065.710788,vibration_bearing_fault,1,3,400,900,0.443258,-0.316027,-0.574817,-0.863692,0.296718,0.001946,0.84465,-0.074354,0.4,195.84
833,landing,3416.376635,41.306776,63.987987,89.55812,192.749624,614.486452,21.864942,0.987768,8.402741,5.84397,3174.83844,vibration_bearing_fault,1,3,400,900,-0.68401,0.485981,-0.531621,0.872032,-0.374165,-0.314473,0.850559,-0.028534,0.4,195.835
834,landing,3279.898318,40.110101,64.478552,89.072543,193.688996,613.548561,21.849279,1.034395,8.278833,4.218585,3170.189475,vibration_bearing_fault,1,3,400,900,6.35526,-0.915949,-1.123689,-0.023676,-0.676327,0.124279,0.845714,-0.011756,0.4,195.83
835,landing,3073.351907,39.080159,65.449736,89.70501,191.046984,610.197368,21.888174,1.087253,8.691848,6.509563,3125.979699,vibration_bearing_fault,1,3,400,900,6.902446,0.606962,-0.484742,1.87373,0.1611,0.146892,0.846613,-0.023129,0.4,195.825
836,landing,3366.546045,39.198799,64.204643,90.255271,190.109384,614.43359,22.202158,0.997709,8.715163,5.105554,3190.655553,vibration_bearing_fault,1,3,400,900,-2.536205,-0.941147,0.219252,-0.462803,1.531941,-0.052659,0.851159,-0.048465,0.4,195.82
837,landing,3612.973088,42.068346,64.716758,90.253426,193.247904,608.127989,21.924136,1.11021,8.512395,5.123366,3092.376671,vibration_bearing_fault,1,3,400,900,-1.19484,0.152348,-0.337644,1.304615,-0.37054,0.052576,0.850411,-0.0082,0.4,195.815
838,landing,3444.903095,41.511505,64.49573,90.474039,192.24432,610.802126,21.914999,1.038909,8.536761,5.939283,3049.664065,vibration_bearing_fault,1,3,400,900,3.967992,0.111014,0.724746,-0.060767,0.4918,-0.122659,0.850736,-0.067906,0.4,195.81
839,landing,3030.354616,39.481085,65.018196,89.877047,191.518235,614.800664,22.407135,1.093623,8.582108,4.991126,3273.221226,vibration_bearing_fault,1,3,400,900,-0.48149,0.40125,0.304439,1.194779,-2.677977,-0.15817,0.855219,0.087185,0.4,195.805
840,landing,3045.269169,39.506088,65.097636,90.380108,193.221739,615.026587,22.184704,1.063923,8.491339,5.403992,3027.675019,vibration_bearing_fault,1,3,400,900,-4.044388,0.033027,0.341757,-0.248891,0.445002,0.059309,0.849275,-0.003519,0.4,195.8
841,landing,3198.236403,40.816474,65.205178,90.666083,192.570692,611.94625,22.018733,1.03638,8.446919,7.044537,3233.710677,vibration_bearing_fault,1,3,400,900,3.299628,-0.446167,0.349219,0.423776,-0.08049,-0.004162,0.850174,0.015549,0.4,195.795
842,landing,3693.583419,40.362994,64.211671,89.945345,194.214929,609.504859,22.022473,1.008772,8.701859,5.485561,3189.603885,vibration_bearing_fault,1,3,400,900,-1.512786,0.586157,-0.365146,0.793393,-1.109348,-0.380694,0.848373,-0.038486,0.4,195.79
843,landing,3483.868151,40.553094,64.565787,90.225973,193.861486,615.213969,21.967813,0.96385,8.538878,5.579844,3279.108534,vibration_bearing_fault,1,3,400,900,-1.189371,0.014279,0.31772,1.464713,0.548699,0.189832,0.852752,-0.017553,0.4,195.785
844,landing,3046.836543,41.368909,64.79322,90.09635,192.105893,611.733389,21.936245,0.981663,8.718423,3.978363,3187.641904,vibration_bearing_fault,1,3,400,900,3.57567,0.681175,-0.057716,0.480858,-2.731609,-0.426188,0.852203,-0.063201,0.4,195.78
845,landing,3626.999069,40.855641,64.766778,90.161731,195.239276,614.734925,22.335075,1.004061,8.477222,7.044465,3170.964643,vibration_bearing_fault,1,3,400,900,0.692208,0.143761,-0.943497,-0.30164,-2.29702,0.108318,0.842927,-0.023722,0.4,195.775
846,landing,3411.466231,39.840942,64.933104,89.380085,192.658436,610.627116,21.63359,0.949926,8.482373,4.700525,3394.301448,vibration_bearing_fault,1,3,400,900,-5.301896,-0.428847,0.419612,1.741391,0.251879,-0.309444,0.848321,-0.041704,0.4,195.77
847,landing,3434.783058,40.422205,65.081941,89.512553,192.227782,609.122043,22.036639,1.037807,8.619778,5.558773,3293.502473,vibration_bearing_fault,1,3,400,900,-0.379964,0.343589,0.33628,-0.567432,-0.241158,-0.187285,0.845108,0.126578,0.4,195.765
848,landing,3501.85749,41.688439,65.440125,89.395355,192.814621,607.617556,21.940119,0.963501,8.551249,6.230665,3086.621764,vibration_bearing_fault,1,3,400,900,0.061257,-0.390063,-0.181579,0.888236,-2.207431,-0.250132,0.841818,0.029395,0.4,195.76
849,landing,3706.697822,41.865592,64.842671,89.65725,193.150093,610.214448,21.868537,0.964418,8.213856,3.862443,3166.247726,vibration_bearing_fault,1,3,400,900,-7.903832,-0.163488,0.274355,0.709283,-0.999953,-0.15152,0.851419,-0.062627,0.4,195.755
850,landing,3547.524878,41.032457,64.043271,89.828222,193.26057,617.074693,22.185255,1.029181,8.271704,5.36939,3334.249806,vibration_bearing_fault,1,3,400,900,-5.07157,0.053222,-0.656431,1.080518,-0.902616,0.087116,0.849578,-0.122458,0.4,195.75
851,landing,3368.317348,40.924772,65.004524,90.703753,192.540354,613.452751,22.149368,1.061361,8.776556,6.014546,3135.048807,vibration_bearing_fault,1,3,400,900,2.076157,-0.016763,-0.16619,-1.288416,-0.738216,0.024358,0.844214,0.045125,0.4,195.745
852,landing,3321.333883,39.492912,64.943157,89.932833,191.340787,607.460286,22.021677,1.041587,8.383885,5.7283,3086.956699,vibration_bearing_fault,1,3,400,900,3.970343,-0.05122,0.301305,0.309544,-1.75133,0.078287,0.84963,0.027413,0.4,195.74
853,landing,3536.100665,40.285434,64.972977,89.651468,191.478159,610.169827,21.943692,0.892918,8.282587,6.96718,3046.620413,vibration_bearing_fault,1,3,400,900,0.253305,0.235744,0.34891,-0.687657,0.935689,-0.014483,0.860309,-0.033149,0.4,195.735
854,landing,3192.158954,37.952901,64.933521,89.800292,193.066225,611.638215,21.788712,0.978136,8.57283,6.365135,3125.991626,vibration_bearing_fault,1,3,400,900,-4.224293,-0.447844,0.384453,-0.289479,0.647413,-0.07957,0.855052,0.048458,0.4,195.73
855,landing,3052.195204,42.29832,64.499781,90.166239,191.309096,612.649465,22.119967,1.061089,8.392924,6.591433,3184.787924,vibration_bearing_fault,1,3,400,900,-5.939728,-0.137209,-0.237984,0.580691,-0.388711,-0.059971,0.851598,0.117006,0.4,195.725
856,landing,3214.562774,41.452329,64.495785,89.998646,191.524316,610.379038,22.148381,0.997085,8.613861,5.377426,3155.359176,vibration_bearing_fault,1,3,400,900,3.75146,-0.137737,0.055441,0.683104,2.31074,0.084397,0.853891,0.100848,0.4,195.72
857,landing,3221.902441,41.500747,65.436313,89.629686,191.268957,615.997274,22.400795,0.999433,8.357588,4.998564,3201.158115,vibration_bearing_fault,1,3,400,900,2.477245,0.327357,-0.037941,0.328705,0.029088,0.072708,0.844169,0.019852,0.4,195.715
858,landing,3527.973252,41.699634,64.421827,89.676539,192.458949,612.117031,22.085154,1.000153,8.477336,5.2388,3350.836613,vibration_bearing_fault,1,3,400,900,0.863373,-0.292016,-0.350202,-0.683354,0.352385,-0.341845,0.853583,0.047848,0.4,195.71
859,landing,3480.530074,42.656603,63.818138,90.308912,193.143071,613.450197,21.929725,0.99749,8.500111,4.842034,3079.475606,vibration_bearing_fault,1,3,400,900,2.261834,-0.352415,0.328816,-0.756007,-1.457865,0.080858,0.851338,0.006159,0.4,195.705
860,landing,2964.133174,41.897846,63.89505,90.212644,191.334517,613.237648,22.407498,1.036366,8.572319,5.288712,3076.759689,vibration_bearing_fault,1,3,400,900,2.18799,0.261255,0.170911,0.200583,-2.026409,-0.012282,0.8447,0.006442,0.4,195.7
861,landing,3449.930422,40.096614,65.455824,89.426129,189.292268,611.678936,22.114576,1.073563,8.725168,6.720196,3079.451252,vibration_bearing_fault,1,3,400,900,-2.233959,-0.607516,0.147909,0.213474,1.176989,-0.062905,0.851776,-0.060129,0.4,195.695
862,landing,3019.511799,40.773756,65.508981,90.06956,191.020427,611.520527,22.144183,0.984966,8.722351,6.15682,3267.653397,vibration_bearing_fault,1,3,400,900,-0.266816,-0.206982,-0.199254,0.715747,1.122193,-0.123214,0.846837,0.031448,0.4,195.69
863,landing,3428.008127,40.454209,64.742979,90.333538,193.106837,609.78509,21.971228,1.016424,8.548733,6.787533,3057.374463,vibration_bearing_fault,1,3,400,900,0.15152,-0.292408,0.630844,-1.094036,-0.952154,-0.266853,0.851724,0.011481,0.4,195.685
864,landing,3422.204123,39.135623,64.255374,90.391471,190.894133,614.419103,22.223632,1.03141,8.536047,5.092909,3190.959678,vibration_bearing_fault,1,3,400,900,0.724794,-0.298925,-0.396936,0.461857,1.418054,-0.142876,0.858022,-0.041399,0.4,195.68
865,landing,3346.606358,40.190419,64.806359,89.663004,193.351741,608.700236,21.958738,1.086268,8.172654,3.965812,3237.502291,vibration_bearing_fault,1,3,400,900,0.616734,-0.270247,-0.04378,0.046727,1.509277,-0.06038,0.86197,0.094408,0.4,195.675
866,landing,3244.446855,42.559131,64.493745,89.866256,194.210812,610.096163,21.910623,1.143469,8.484699,7.300546,3166.283726,vibration_bearing_fault,1,3,400,900,-5.232102,0.398715,0.063331,0.461241,0.0182,0.240573,0.854457,-0.121271,0.4,195.67
867,landing,3709.75319,40.772555,64.273833,91.325776,192.417385,612.59079,22.17306,0.979881,8.427999,4.858679,3142.507858,vibration_bearing_fault,1,3,400,900,3.76756,0.171333,-0.398881,-0.326005,2.035703,-0.085259,0.847306,0.037739,0.4,195.665
868,landing,3353.203139,40.853036,64.505878,90.476791,191.358993,611.328443,21.976649,1.076703,8.467892,6.466561,3158.932063,vibration_bearing_fault,1,3,400,900,3.065429,-0.345052,-0.694289,-0.936188,-2.942075,-0.184767,0.848393,0.028945,0.4,195.66
869,landing,3235.58571,39.764975,64.31587,90.15972,192.205514,606.33789,21.987689,1.091298,8.382639,5.454886,3021.49263,vibration_bearing_fault,1,3,400,900,-0.736269,-0.584908,-0.989458,0.01309,0.370625,-0.247024,0.847362,0.023929,0.4,195.655
870,landing,3482.265414,40.926822,64.632387,89.858979,192.762406,612.566341,22.057928,1.026804,8.50732,5.096963,3118.21222,vibration_bearing_fault,1,3,400,900,0.961115,0.750648,0.351028,0.320277,0.443536,-0.093158,0.844456,0.00651,0.4,195.65
871,landing,3075.574882,41.702159,64.371358,89.021835,194.152601,611.467945,22.08507,1.002828,8.318142,6.424112,3244.636611,vibration_bearing_fault,1,3,400,900,-0.830811,0.973788,0.798119,-0.003226,0.753032,0.059504,0.851594,-0.0058,0.4,195.645
872,landing,3337.938539,41.108176,64.893452,89.661249,191.636338,613.119738,22.202752,1.052261,8.451764,6.675711,3256.605324,vibration_bearing_fault,1,3,400,900,4.077666,0.370832,0.437146,-0.423185,1.634362,-0.089558,0.85586,0.102782,0.4,195.64
873,landing,3459.427527,39.724366,64.550202,90.46218,191.986036,610.219568,22.490769,1.015978,8.658396,4.903336,3231.756258,vibration_bearing_fault,1,3,400,900,-5.027015,0.005497,0.229162,0.656533,0.701844,0.080186,0.845492,-0.004471,0.4,195.635
874,landing,3482.68283,40.79417,65.818283,90.642551,193.13879,610.036493,21.581542,1.055781,8.412428,6.524201,3204.053118,vibration_bearing_fault,1,3,400,900,-0.567966,-0.112604,1.174269,0.516465,-0.738952,0.185694,0.846855,0.035497,0.4,195.63
875,landing,3313.240378,42.402094,65.142905,90.45808,191.793942,613.550789,22.025144,1.002899,8.544595,6.277953,3265.690149,vibration_bearing_fault,1,3,400,900,-1.256889,0.507677,0.1347,-0.532755,-0.063459,-0.125684,0.85635,0.079214,0.4,195.625
876,landing,3313.679448,41.19063,64.871018,90.07098,192.834066,614.610111,21.741872,1.032787,8.260157,5.377047,3120.921964,vibration_bearing_fault,1,3,400,900,2.460596,0.343062,0.186849,0.254263,-2.147671,0.16384,0.844318,0.052075,0.4,195.62
877,landing,3460.63404,42.314364,65.563735,90.354297,195.023217,610.19759,21.661143,1.070657,8.552985,3.305486,3164.717418,vibration_bearing_fault,1,3,400,900,1.485183,-0.381685,1.172813,0.067888,-0.011623,0.153561,0.851751,0.023498,0.4,195.615
878,landing,3341.739028,40.879855,64.909468,90.482486,191.664554,611.769285,22.179316,1.063882,8.580084,5.425186,3295.02,vibration_bearing_fault,1,3,400,900,-3.630411,-0.269456,0.459952,1.279546,-0.777253,-0.069843,0.859892,0.022189,0.4,195.61
879,landing,3201.590052,41.238609,64.635476,89.290943,191.792515,607.917792,22.268183,1.005627,8.341921,5.121728,3117.719061,vibration_bearing_fault,1,3,400,900,-5.321304,-0.132094,-0.311734,-0.075598,-0.77152,0.135923,0.852247,-0.109188,0.4,195.605
880,landing,3534.202351,40.041382,64.860156,90.499124,193.102263,611.840069,21.914659,0.986421,8.502566,6.53735,3268.776146,vibration_bearing_fault,1,3,400,900,-1.938446,0.729277,-0.277679,0.697476,2.112036,-0.043326,0.851421,-0.035528,0.4,195.6
881,landing,3193.953373,39.326875,65.366663,89.127969,190.463933,614.840557,21.998044,1.031153,8.424618,5.789101,3357.818967,vibration_bearing_fault,1,3,400,900,-1.537378,0.306552,-0.163418,-0.401713,-0.664481,0.016502,0.852735,0.037361,0.4,195.595
882,landing,3568.326296,41.89632,64.269143,90.759389,192.528094,612.359445,22.079862,0.980059,8.41312,6.478168,3307.795845,vibration_bearing_fault,1,3,400,900,6.790833,0.789515,-0.035689,0.715006,0.824762,-0.066515,0.841185,-0.062408,0.4,195.59
883,landing,3247.208706,40.221733,63.89087,89.68443,193.306093,611.238371,21.978522,1.137365,8.159103,6.846632,3124.465588,vibration_bearing_fault,1,3,400,900,-1.006727,0.350243,0.032699,0.559524,0.520565,0.119266,0.853326,-0.049533,0.4,195.585
884,landing,3098.354813,40.114143,64.663997,90.416253,192.136485,609.556505,22.396441,1.075155,8.68982,6.318596,3257.846638,vibration_bearing_fault,1,3,400,900,0.780959,-0.112102,0.012631,-0.552745,-1.533757,-0.115953,0.849656,0.027053,0.4,195.58
885,landing,3452.01211,41.145054,64.33233,89.744446,194.280727,611.676201,22.240228,1.066132,8.532752,5.637895,3154.880328,vibration_bearing_fault,1,3,400,900,-1.339454,-0.058102,-0.117724,-0.445349,-2.722041,0.003682,0.854231,-0.045201,0.4,195.575
886,landing,3355.334603,41.47173,64.638232,89.677054,193.412988,611.730106,22.064574,1.053894,8.424599,6.685717,3275.854713,vibration_bearing_fault,1,3,400,900,-2.104975,0.606795,-0.153083,0.182237,-0.803567,0.008846,0.837675,-0.095254,0.4,195.57
887,landing,3443.964736,41.218409,64.940842,89.533595,190.727836,606.846337,21.869973,1.059118,8.20376,5.086138,3191.686892,vibration_bearing_fault,1,3,400,900,-2.475644,-0.093223,0.684249,-1.296387,1.434654,0.06746,0.859097,0.155906,0.4,195.565
888,landing,3559.534301,40.881887,65.437783,89.135225,191.871977,614.169566,21.600516,1.055264,8.84465,6.563161,3238.514796,vibration_bearing_fault,1,3,400,900,-1.640269,0.491612,0.332934,-0.193752,-0.980733,0.141763,0.853768,0.121872,0.4,195.56
889,landing,3352.604397,40.440462,64.740871,89.71339,192.465389,612.672945,21.764567,1.041877,8.579011,6.962229,3187.517201,vibration_bearing_fault,1,3,400,900,-3.215416,-0.428881,-0.193335,0.120616,-2.197774,-0.112617,0.856232,-0.042961,0.4,195.555
890,landing,2953.568881,41.774679,64.772075,90.305866,191.615313,615.347569,22.038475,1.054671,8.547451,6.623916,3114.083083,vibration_bearing_fault,1,3,400,900,4.231834,0.037767,0.356604,-0.148541,0.630175,0.014493,0.853625,-0.10146,0.4,195.55
891,landing,3473.688988,40.369503,64.702145,89.4567,192.642992,607.839105,21.802653,0.975187,8.752104,4.923459,3161.589172,vibration_bearing_fault,1,3,400,900,0.349944,0.049966,0.50023,-1.147473,-0.995403,-0.007035,0.856842,-0.012537,0.4,195.545
892,landing,3492.762031,40.714622,64.94445,89.32851,191.154293,612.191228,22.505499,0.981234,8.368939,4.828397,3249.722232,vibration_bearing_fault,1,3,400,900,4.338548,-0.63391,0.0393,0.514324,1.715621,0.002357,0.849472,-0.003406,0.4,195.54
893,landing,3535.290995,39.731952,65.206407,89.607736,191.985014,610.4455,22.063006,0.961431,8.608862,5.151202,3138.29707,vibration_bearing_fault,1,3,400,900,-0.434321,-0.45891,0.026156,1.357587,0.635299,-0.321645,0.8541,-0.015139,0.4,195.535
894,landing,3318.414614,41.375382,64.120933,90.763888,192.390957,608.384439,21.919603,1.027276,8.452531,3.863023,3127.393107,vibration_bearing_fault,1,3,400,900,-1.725349,0.085583,0.262037,-0.368908,0.146301,-0.403298,0.8499,-0.001176,0.4,195.53
895,landing,3393.928344,38.672733,64.964678,90.53038,191.56202,616.206912,22.312779,1.032133,8.408246,4.86327,3020.280779,vibration_bearing_fault,1,3,400,900,1.564584,-0.313263,-0.577444,0.559376,0.503389,-0.282889,0.844734,0.002928,0.4,195.525
896,landing,3458.213937,41.34113,64.832014,90.142218,191.376848,611.114466,21.804981,1.067029,8.626371,5.963385,3250.769451,vibration_bearing_fault,1,3,400,900,1.467364,0.065148,-0.26619,0.344301,-0.132929,0.108122,0.848215,0.075664,0.4,195.52
897,landing,3386.408838,40.990642,65.362942,90.618381,194.16895,615.951802,21.563764,1.002612,8.596933,6.261985,3296.440533,vibration_bearing_fault,1,3,400,900,-0.93083,0.058877,0.622025,-0.302479,0.316963,-0.149531,0.848709,-0.034786,0.4,195.515
898,landing,3439.876915,41.200311,64.576042,89.979585,192.33623,612.250898,22.061428,1.015777,8.505629,3.535589,3130.933832,vibration_bearing_fault,1,3,400,900,0.085621,0.26759,-0.465519,-0.253636,1.547279,0.181709,0.847626,0.145265,0.4,195.51
899,landing,3482.829188,40.976628,63.915575,89.15763,193.05398,609.480801,22.245143,1.030676,8.463928,5.373617,3003.379802,vibration_bearing_fault,1,3,400,900,2.943874,0.063346,-0.301266,0.129195,-2.289653,-0.045273,0.846189,-0.020974,0.4,195.505
